solid OpenSCAD_Model
  facet normal 0.995688 0.092766 0
    outer loop
      vertex 9.4747 1.19693 25
      vertex 9.475 1.19371 7.19996
      vertex 9.4747 1.19693 7.19833
    endloop
  endfacet
  facet normal 0.995561 0.0941161 -2.46373e-07
    outer loop
      vertex 9.4747 1.19693 25
      vertex 9.50282 0.89943 7.3208
      vertex 9.475 1.19371 7.19996
    endloop
  endfacet
  facet normal 0.995563 0.0940973 7.19773e-08
    outer loop
      vertex 9.4747 1.19693 25
      vertex 9.53097 0.601599 7.41567
      vertex 9.50282 0.89943 7.3208
    endloop
  endfacet
  facet normal 0.995563 0.0940923 -0
    outer loop
      vertex 9.53115 0.599649 7.41611
      vertex 9.4747 1.19693 25
      vertex 9.53115 0.599649 25
    endloop
  endfacet
  facet normal 0.995765 0.0919335 7.39782e-05
    outer loop
      vertex 9.4747 1.19693 25
      vertex 9.53115 0.599649 7.41611
      vertex 9.53097 0.601599 7.41567
    endloop
  endfacet
  facet normal -0.995563 -0.0940923 0
    outer loop
      vertex 9.53115 0.599649 30
      vertex 9.4747 1.19693 37.6
      vertex 9.4747 1.19693 30
    endloop
  endfacet
  facet normal -0.995563 -0.0940923 0
    outer loop
      vertex 9.4747 1.19693 37.6
      vertex 9.53115 0.599649 30
      vertex 9.53115 0.599649 37.6
    endloop
  endfacet
  facet normal 0.999506 0.0314341 0
    outer loop
      vertex 9.53115 0.599649 25
      vertex 9.54053 0.301394 7.46536
      vertex 9.53115 0.599649 7.41611
    endloop
  endfacet
  facet normal 0.999506 0.0314195 -0
    outer loop
      vertex 9.55 0 7.48822
      vertex 9.53115 0.599649 25
      vertex 9.55 0 25
    endloop
  endfacet
  facet normal 0.999507 0.0314052 4.91262e-07
    outer loop
      vertex 9.53115 0.599649 25
      vertex 9.55 0 7.48822
      vertex 9.54053 0.301394 7.46536
    endloop
  endfacet
  facet normal -0.999506 -0.0314195 0
    outer loop
      vertex 9.55 0 30
      vertex 9.53115 0.599649 37.6
      vertex 9.53115 0.599649 30
    endloop
  endfacet
  facet normal -0.999506 -0.0314195 0
    outer loop
      vertex 9.53115 0.599649 37.6
      vertex 9.55 0 30
      vertex 9.55 0 37.6
    endloop
  endfacet
  facet normal 0.987634 0.156774 0
    outer loop
      vertex 9.38084 1.78949 25
      vertex 9.38441 1.767 6.84594
      vertex 9.38084 1.78949 6.82861
    endloop
  endfacet
  facet normal 0.987692 0.156412 4.60744e-07
    outer loop
      vertex 9.38084 1.78949 25
      vertex 9.42934 1.48328 7.03533
      vertex 9.38441 1.767 6.84594
    endloop
  endfacet
  facet normal 0.987686 0.156447 -0
    outer loop
      vertex 9.4747 1.19693 7.19833
      vertex 9.38084 1.78949 25
      vertex 9.4747 1.19693 25
    endloop
  endfacet
  facet normal 0.987685 0.156457 -3.2528e-07
    outer loop
      vertex 9.38084 1.78949 25
      vertex 9.4747 1.19693 7.19833
      vertex 9.42934 1.48328 7.03533
    endloop
  endfacet
  facet normal -0.987686 -0.156447 0
    outer loop
      vertex 9.4747 1.19693 30
      vertex 9.38084 1.78949 37.6
      vertex 9.38084 1.78949 30
    endloop
  endfacet
  facet normal -0.987686 -0.156447 0
    outer loop
      vertex 9.38084 1.78949 37.6
      vertex 9.4747 1.19693 30
      vertex 9.4747 1.19693 37.6
    endloop
  endfacet
  facet normal -0.987686 0.156447 0
    outer loop
      vertex 9.38084 -1.78949 30
      vertex 9.4747 -1.19693 37.6
      vertex 9.4747 -1.19693 30
    endloop
  endfacet
  facet normal -0.987686 0.156447 0
    outer loop
      vertex 9.4747 -1.19693 37.6
      vertex 9.38084 -1.78949 30
      vertex 9.38084 -1.78949 37.6
    endloop
  endfacet
  facet normal 0.987686 -0.156447 0
    outer loop
      vertex 9.38084 -1.78949 25
      vertex 9.4747 -1.19693 7.19833
      vertex 9.4747 -1.19693 25
    endloop
  endfacet
  facet normal 0.987685 -0.156457 -3.2528e-07
    outer loop
      vertex 9.4747 -1.19693 7.19833
      vertex 9.38084 -1.78949 25
      vertex 9.42934 -1.48328 7.03533
    endloop
  endfacet
  facet normal 0.987692 -0.156412 4.60744e-07
    outer loop
      vertex 9.42934 -1.48328 7.03533
      vertex 9.38084 -1.78949 25
      vertex 9.38441 -1.767 6.84594
    endloop
  endfacet
  facet normal 0.987634 -0.156774 0
    outer loop
      vertex 9.38441 -1.767 6.84594
      vertex 9.38084 -1.78949 25
      vertex 9.38084 -1.78949 6.82861
    endloop
  endfacet
  facet normal -0.750108 0.661316 0
    outer loop
      vertex 6.96165 -6.53742 30
      vertex 7.3584 -6.0874 37.6
      vertex 7.3584 -6.0874 30
    endloop
  endfacet
  facet normal -0.750108 0.661316 0
    outer loop
      vertex 7.3584 -6.0874 37.6
      vertex 6.96165 -6.53742 30
      vertex 6.96165 -6.53742 37.6
    endloop
  endfacet
  facet normal 0.750108 -0.661316 0
    outer loop
      vertex 6.96165 -6.53742 25
      vertex 7.3584 -6.0874 0
      vertex 7.3584 -6.0874 25
    endloop
  endfacet
  facet normal 0.750108 -0.661316 0
    outer loop
      vertex 7.3584 -6.0874 0
      vertex 6.96165 -6.53742 25
      vertex 6.96165 -6.53742 0
    endloop
  endfacet
  facet normal 0.891005 0.453993 0
    outer loop
      vertex 8.36873 4.60075 25
      vertex 8.38691 4.56507 1.63458
      vertex 8.36873 4.60075 1.44274
    endloop
  endfacet
  facet normal 0.891017 0.45397 4.37588e-08
    outer loop
      vertex 8.36873 4.60075 25
      vertex 8.43895 4.46293 2.08786
      vertex 8.38691 4.56507 1.63458
    endloop
  endfacet
  facet normal 0.891009 0.453986 -7.27715e-08
    outer loop
      vertex 8.36873 4.60075 25
      vertex 8.49997 4.34317 2.54026
      vertex 8.43895 4.46293 2.08786
    endloop
  endfacet
  facet normal 0.891017 0.45397 1.53875e-07
    outer loop
      vertex 8.36873 4.60075 25
      vertex 8.56972 4.20627 2.98998
      vertex 8.49997 4.34317 2.54026
    endloop
  endfacet
  facet normal 0.891008 0.453988 -0
    outer loop
      vertex 8.6411 4.06619 3.39632
      vertex 8.36873 4.60075 25
      vertex 8.6411 4.06619 25
    endloop
  endfacet
  facet normal 0.890993 0.454017 -9.07405e-07
    outer loop
      vertex 8.36873 4.60075 25
      vertex 8.6411 4.06619 3.39632
      vertex 8.56972 4.20627 2.98998
    endloop
  endfacet
  facet normal -0.891008 -0.453988 0
    outer loop
      vertex 8.6411 4.06619 30
      vertex 8.36873 4.60075 37.6
      vertex 8.36873 4.60075 30
    endloop
  endfacet
  facet normal -0.891008 -0.453988 0
    outer loop
      vertex 8.36873 4.60075 37.6
      vertex 8.6411 4.06619 30
      vertex 8.6411 4.06619 37.6
    endloop
  endfacet
  facet normal -0.940878 0.338745 0
    outer loop
      vertex 8.87936 -3.51559 30
      vertex 9.08259 -2.95111 37.6
      vertex 9.08259 -2.95111 30
    endloop
  endfacet
  facet normal -0.940878 0.338745 0
    outer loop
      vertex 9.08259 -2.95111 37.6
      vertex 8.87936 -3.51559 30
      vertex 8.87936 -3.51559 37.6
    endloop
  endfacet
  facet normal 0.940878 -0.338745 0
    outer loop
      vertex 8.87936 -3.51559 25
      vertex 9.08259 -2.95111 5.58205
      vertex 9.08259 -2.95111 25
    endloop
  endfacet
  facet normal 0.94088 -0.338741 1.2251e-07
    outer loop
      vertex 9.08259 -2.95111 5.58205
      vertex 8.87936 -3.51559 25
      vertex 9.04352 -3.05963 5.42394
    endloop
  endfacet
  facet normal 0.940877 -0.338749 -7.99592e-08
    outer loop
      vertex 9.04352 -3.05963 5.42394
      vertex 8.87936 -3.51559 25
      vertex 8.96208 -3.28583 5.06049
    endloop
  endfacet
  facet normal 0.940886 -0.338723 2.56083e-07
    outer loop
      vertex 8.96208 -3.28583 5.06049
      vertex 8.87936 -3.51559 25
      vertex 8.88532 -3.49905 4.68218
    endloop
  endfacet
  facet normal 0.940786 -0.339001 0
    outer loop
      vertex 8.88532 -3.49905 4.68218
      vertex 8.87936 -3.51559 25
      vertex 8.87936 -3.51559 4.64969
    endloop
  endfacet
  facet normal -0.917758 0.39714 0
    outer loop
      vertex -8.87936 3.51559 0
      vertex -8.6411 4.06619 25
      vertex -8.6411 4.06619 0
    endloop
  endfacet
  facet normal -0.917758 0.39714 0
    outer loop
      vertex -8.6411 4.06619 25
      vertex -8.87936 3.51559 0
      vertex -8.87936 3.51559 25
    endloop
  endfacet
  facet normal 0.917758 -0.39714 0
    outer loop
      vertex -8.87936 3.51559 37.6
      vertex -8.6411 4.06619 30
      vertex -8.6411 4.06619 37.6
    endloop
  endfacet
  facet normal 0.917758 -0.39714 0
    outer loop
      vertex -8.6411 4.06619 30
      vertex -8.87936 3.51559 37.6
      vertex -8.87936 3.51559 30
    endloop
  endfacet
  facet normal 0.940786 0.339001 0
    outer loop
      vertex 8.87936 3.51559 25
      vertex 8.88532 3.49905 4.68218
      vertex 8.87936 3.51559 4.64969
    endloop
  endfacet
  facet normal 0.940886 0.338723 2.56083e-07
    outer loop
      vertex 8.87936 3.51559 25
      vertex 8.96208 3.28583 5.06049
      vertex 8.88532 3.49905 4.68218
    endloop
  endfacet
  facet normal 0.940877 0.338749 -7.99592e-08
    outer loop
      vertex 8.87936 3.51559 25
      vertex 9.04352 3.05963 5.42394
      vertex 8.96208 3.28583 5.06049
    endloop
  endfacet
  facet normal 0.940878 0.338745 -0
    outer loop
      vertex 9.08259 2.95111 5.58205
      vertex 8.87936 3.51559 25
      vertex 9.08259 2.95111 25
    endloop
  endfacet
  facet normal 0.94088 0.338741 1.2251e-07
    outer loop
      vertex 8.87936 3.51559 25
      vertex 9.08259 2.95111 5.58205
      vertex 9.04352 3.05963 5.42394
    endloop
  endfacet
  facet normal -0.940878 -0.338745 0
    outer loop
      vertex 9.08259 2.95111 30
      vertex 8.87936 3.51559 37.6
      vertex 8.87936 3.51559 30
    endloop
  endfacet
  facet normal -0.940878 -0.338745 0
    outer loop
      vertex 8.87936 3.51559 37.6
      vertex 9.08259 2.95111 30
      vertex 9.08259 2.95111 37.6
    endloop
  endfacet
  facet normal 0.790156 0.612906 0
    outer loop
      vertex 7.72611 5.61335 25
      vertex 7.3584 6.0874 0
      vertex 7.3584 6.0874 25
    endloop
  endfacet
  facet normal 0.790156 0.612906 0
    outer loop
      vertex 7.3584 6.0874 0
      vertex 7.72611 5.61335 25
      vertex 7.72611 5.61335 0
    endloop
  endfacet
  facet normal -0.790156 -0.612906 0
    outer loop
      vertex 7.72611 5.61335 30
      vertex 7.3584 6.0874 37.6
      vertex 7.3584 6.0874 30
    endloop
  endfacet
  facet normal -0.790156 -0.612906 0
    outer loop
      vertex 7.3584 6.0874 37.6
      vertex 7.72611 5.61335 30
      vertex 7.72611 5.61335 37.6
    endloop
  endfacet
  facet normal 0.0940923 -0.995563 0
    outer loop
      vertex 0.599649 -9.53115 0
      vertex 1.19693 -9.4747 25
      vertex 0.599649 -9.53115 25
    endloop
  endfacet
  facet normal 0.0940923 -0.995563 0
    outer loop
      vertex 1.19693 -9.4747 25
      vertex 0.599649 -9.53115 0
      vertex 1.19693 -9.4747 0
    endloop
  endfacet
  facet normal -0.0940923 0.995563 0
    outer loop
      vertex 1.19693 -9.4747 30
      vertex 0.599649 -9.53115 37.6
      vertex 1.19693 -9.4747 37.6
    endloop
  endfacet
  facet normal -0.0940923 0.995563 0
    outer loop
      vertex 0.599649 -9.53115 37.6
      vertex 1.19693 -9.4747 30
      vertex 0.599649 -9.53115 30
    endloop
  endfacet
  facet normal -0.562087 0.827078 0
    outer loop
      vertex -5.11715 8.06333 0
      vertex -5.61335 7.72611 25
      vertex -5.11715 8.06333 25
    endloop
  endfacet
  facet normal -0.562087 0.827078 0
    outer loop
      vertex -5.61335 7.72611 25
      vertex -5.11715 8.06333 0
      vertex -5.61335 7.72611 0
    endloop
  endfacet
  facet normal 0.562087 -0.827078 0
    outer loop
      vertex -5.61335 7.72611 30
      vertex -5.11715 8.06333 37.6
      vertex -5.61335 7.72611 37.6
    endloop
  endfacet
  facet normal 0.562087 -0.827078 0
    outer loop
      vertex -5.11715 8.06333 37.6
      vertex -5.61335 7.72611 30
      vertex -5.11715 8.06333 30
    endloop
  endfacet
  facet normal 0.562087 0.827078 -0
    outer loop
      vertex -5.11715 -8.06333 30
      vertex -5.61335 -7.72611 37.6
      vertex -5.11715 -8.06333 37.6
    endloop
  endfacet
  facet normal 0.562087 0.827078 0
    outer loop
      vertex -5.61335 -7.72611 37.6
      vertex -5.11715 -8.06333 30
      vertex -5.61335 -7.72611 30
    endloop
  endfacet
  facet normal -0.562087 -0.827078 0
    outer loop
      vertex -5.61335 -7.72611 0
      vertex -5.11715 -8.06333 25
      vertex -5.61335 -7.72611 25
    endloop
  endfacet
  facet normal -0.562087 -0.827078 -0
    outer loop
      vertex -5.11715 -8.06333 25
      vertex -5.61335 -7.72611 0
      vertex -5.11715 -8.06333 0
    endloop
  endfacet
  facet normal 0.453988 -0.891008 0
    outer loop
      vertex 4.06619 -8.6411 0
      vertex 4.60075 -8.36873 25
      vertex 4.06619 -8.6411 25
    endloop
  endfacet
  facet normal 0.453988 -0.891008 0
    outer loop
      vertex 4.60075 -8.36873 25
      vertex 4.06619 -8.6411 0
      vertex 4.60075 -8.36873 0
    endloop
  endfacet
  facet normal -0.453988 0.891008 0
    outer loop
      vertex 4.60075 -8.36873 30
      vertex 4.06619 -8.6411 37.6
      vertex 4.60075 -8.36873 37.6
    endloop
  endfacet
  facet normal -0.453988 0.891008 0
    outer loop
      vertex 4.06619 -8.6411 37.6
      vertex 4.60075 -8.36873 30
      vertex 4.06619 -8.6411 30
    endloop
  endfacet
  facet normal 0.975904 0.218202 0
    outer loop
      vertex 9.24997 2.37499 25
      vertex 9.26396 2.31242 6.36252
      vertex 9.24997 2.37499 6.2962
    endloop
  endfacet
  facet normal 0.975922 0.218119 2.92327e-07
    outer loop
      vertex 9.24997 2.37499 25
      vertex 9.32401 2.04374 6.61618
      vertex 9.26396 2.31242 6.36252
    endloop
  endfacet
  facet normal 0.975918 0.218136 -0
    outer loop
      vertex 9.38084 1.78949 6.82861
      vertex 9.24997 2.37499 25
      vertex 9.38084 1.78949 25
    endloop
  endfacet
  facet normal 0.975918 0.218137 -5.50238e-08
    outer loop
      vertex 9.24997 2.37499 25
      vertex 9.38084 1.78949 6.82861
      vertex 9.32401 2.04374 6.61618
    endloop
  endfacet
  facet normal -0.975918 -0.218136 0
    outer loop
      vertex 9.38084 1.78949 30
      vertex 9.24997 2.37499 37.6
      vertex 9.24997 2.37499 30
    endloop
  endfacet
  facet normal -0.975918 -0.218136 0
    outer loop
      vertex 9.24997 2.37499 37.6
      vertex 9.38084 1.78949 30
      vertex 9.38084 1.78949 37.6
    endloop
  endfacet
  facet normal 0.707107 0.707107 0
    outer loop
      vertex -6.53742 -6.96165 37.6
      vertex -6.96165 -6.53742 30
      vertex -6.96165 -6.53742 37.6
    endloop
  endfacet
  facet normal 0.707107 0.707107 0
    outer loop
      vertex -6.96165 -6.53742 30
      vertex -6.53742 -6.96165 37.6
      vertex -6.53742 -6.96165 30
    endloop
  endfacet
  facet normal -0.707107 -0.707107 0
    outer loop
      vertex -6.53742 -6.96165 0
      vertex -6.96165 -6.53742 25
      vertex -6.96165 -6.53742 0
    endloop
  endfacet
  facet normal -0.707107 -0.707107 0
    outer loop
      vertex -6.96165 -6.53742 25
      vertex -6.53742 -6.96165 0
      vertex -6.53742 -6.96165 25
    endloop
  endfacet
  facet normal -0.790156 -0.612906 0
    outer loop
      vertex -7.3584 -6.0874 0
      vertex -7.72611 -5.61335 25
      vertex -7.72611 -5.61335 0
    endloop
  endfacet
  facet normal -0.790156 -0.612906 0
    outer loop
      vertex -7.72611 -5.61335 25
      vertex -7.3584 -6.0874 0
      vertex -7.3584 -6.0874 25
    endloop
  endfacet
  facet normal 0.790156 0.612906 0
    outer loop
      vertex -7.3584 -6.0874 37.6
      vertex -7.72611 -5.61335 30
      vertex -7.72611 -5.61335 37.6
    endloop
  endfacet
  facet normal 0.790156 0.612906 0
    outer loop
      vertex -7.72611 -5.61335 30
      vertex -7.3584 -6.0874 37.6
      vertex -7.3584 -6.0874 30
    endloop
  endfacet
  facet normal 0.218136 -0.975918 0
    outer loop
      vertex 1.78949 -9.38084 0
      vertex 2.37499 -9.24997 25
      vertex 1.78949 -9.38084 25
    endloop
  endfacet
  facet normal 0.218136 -0.975918 0
    outer loop
      vertex 2.37499 -9.24997 25
      vertex 1.78949 -9.38084 0
      vertex 2.37499 -9.24997 0
    endloop
  endfacet
  facet normal -0.218136 0.975918 0
    outer loop
      vertex 2.37499 -9.24997 30
      vertex 1.78949 -9.38084 37.6
      vertex 2.37499 -9.24997 37.6
    endloop
  endfacet
  facet normal -0.218136 0.975918 0
    outer loop
      vertex 1.78949 -9.38084 37.6
      vertex 2.37499 -9.24997 30
      vertex 1.78949 -9.38084 30
    endloop
  endfacet
  facet normal -0.987686 -0.156447 0
    outer loop
      vertex -9.38084 -1.78949 0
      vertex -9.4747 -1.19693 25
      vertex -9.4747 -1.19693 0
    endloop
  endfacet
  facet normal -0.987686 -0.156447 0
    outer loop
      vertex -9.4747 -1.19693 25
      vertex -9.38084 -1.78949 0
      vertex -9.38084 -1.78949 25
    endloop
  endfacet
  facet normal 0.987686 0.156447 0
    outer loop
      vertex -9.38084 -1.78949 37.6
      vertex -9.4747 -1.19693 30
      vertex -9.4747 -1.19693 37.6
    endloop
  endfacet
  facet normal 0.987686 0.156447 0
    outer loop
      vertex -9.4747 -1.19693 30
      vertex -9.38084 -1.78949 37.6
      vertex -9.38084 -1.78949 30
    endloop
  endfacet
  facet normal -0.891008 0.453988 0
    outer loop
      vertex 8.36873 -4.60075 30
      vertex 8.6411 -4.06619 37.6
      vertex 8.6411 -4.06619 30
    endloop
  endfacet
  facet normal -0.891008 0.453988 0
    outer loop
      vertex 8.6411 -4.06619 37.6
      vertex 8.36873 -4.60075 30
      vertex 8.36873 -4.60075 37.6
    endloop
  endfacet
  facet normal 0.891008 -0.453988 0
    outer loop
      vertex 8.36873 -4.60075 25
      vertex 8.6411 -4.06619 3.39632
      vertex 8.6411 -4.06619 25
    endloop
  endfacet
  facet normal 0.890993 -0.454017 -9.07405e-07
    outer loop
      vertex 8.6411 -4.06619 3.39632
      vertex 8.36873 -4.60075 25
      vertex 8.56972 -4.20627 2.98998
    endloop
  endfacet
  facet normal 0.891017 -0.45397 1.53875e-07
    outer loop
      vertex 8.56972 -4.20627 2.98998
      vertex 8.36873 -4.60075 25
      vertex 8.49997 -4.34317 2.54026
    endloop
  endfacet
  facet normal 0.891009 -0.453986 -7.27715e-08
    outer loop
      vertex 8.49997 -4.34317 2.54026
      vertex 8.36873 -4.60075 25
      vertex 8.43895 -4.46293 2.08786
    endloop
  endfacet
  facet normal 0.891017 -0.45397 4.37588e-08
    outer loop
      vertex 8.43895 -4.46293 2.08786
      vertex 8.36873 -4.60075 25
      vertex 8.38691 -4.56507 1.63458
    endloop
  endfacet
  facet normal 0.891005 -0.453993 0
    outer loop
      vertex 8.38691 -4.56507 1.63458
      vertex 8.36873 -4.60075 25
      vertex 8.36873 -4.60075 1.44274
    endloop
  endfacet
  facet normal -0.661316 0.750108 0
    outer loop
      vertex 6.53742 -6.96165 30
      vertex 6.0874 -7.3584 37.6
      vertex 6.53742 -6.96165 37.6
    endloop
  endfacet
  facet normal -0.661316 0.750108 0
    outer loop
      vertex 6.0874 -7.3584 37.6
      vertex 6.53742 -6.96165 30
      vertex 6.0874 -7.3584 30
    endloop
  endfacet
  facet normal 0.661316 -0.750108 0
    outer loop
      vertex 6.0874 -7.3584 0
      vertex 6.53742 -6.96165 25
      vertex 6.0874 -7.3584 25
    endloop
  endfacet
  facet normal 0.661316 -0.750108 0
    outer loop
      vertex 6.53742 -6.96165 25
      vertex 6.0874 -7.3584 0
      vertex 6.53742 -6.96165 0
    endloop
  endfacet
  facet normal -0.960293 -0.278994 0
    outer loop
      vertex -9.08259 -2.95111 0
      vertex -9.24997 -2.37499 25
      vertex -9.24997 -2.37499 0
    endloop
  endfacet
  facet normal -0.960293 -0.278994 0
    outer loop
      vertex -9.24997 -2.37499 25
      vertex -9.08259 -2.95111 0
      vertex -9.08259 -2.95111 25
    endloop
  endfacet
  facet normal 0.960293 0.278994 0
    outer loop
      vertex -9.08259 -2.95111 37.6
      vertex -9.24997 -2.37499 30
      vertex -9.24997 -2.37499 37.6
    endloop
  endfacet
  facet normal 0.960293 0.278994 0
    outer loop
      vertex -9.24997 -2.37499 30
      vertex -9.08259 -2.95111 37.6
      vertex -9.08259 -2.95111 30
    endloop
  endfacet
  facet normal 0.827078 0.562087 0
    outer loop
      vertex -7.72611 -5.61335 37.6
      vertex -8.06333 -5.11715 30
      vertex -8.06333 -5.11715 37.6
    endloop
  endfacet
  facet normal 0.827078 0.562087 0
    outer loop
      vertex -8.06333 -5.11715 30
      vertex -7.72611 -5.61335 37.6
      vertex -7.72611 -5.61335 30
    endloop
  endfacet
  facet normal -0.827078 -0.562087 0
    outer loop
      vertex -7.72611 -5.61335 0
      vertex -8.06333 -5.11715 25
      vertex -8.06333 -5.11715 0
    endloop
  endfacet
  facet normal -0.827078 -0.562087 0
    outer loop
      vertex -8.06333 -5.11715 25
      vertex -7.72611 -5.61335 0
      vertex -7.72611 -5.61335 25
    endloop
  endfacet
  facet normal -0.995563 -0.0940923 0
    outer loop
      vertex -9.4747 -1.19693 0
      vertex -9.53115 -0.599649 25
      vertex -9.53115 -0.599649 0
    endloop
  endfacet
  facet normal -0.995563 -0.0940923 0
    outer loop
      vertex -9.53115 -0.599649 25
      vertex -9.4747 -1.19693 0
      vertex -9.4747 -1.19693 25
    endloop
  endfacet
  facet normal 0.995563 0.0940923 0
    outer loop
      vertex -9.4747 -1.19693 37.6
      vertex -9.53115 -0.599649 30
      vertex -9.53115 -0.599649 37.6
    endloop
  endfacet
  facet normal 0.995563 0.0940923 0
    outer loop
      vertex -9.53115 -0.599649 30
      vertex -9.4747 -1.19693 37.6
      vertex -9.4747 -1.19693 30
    endloop
  endfacet
  facet normal 0.860741 0.509044 0
    outer loop
      vertex 8.36873 4.60075 1.44274
      vertex 8.06333 5.11715 0
      vertex 8.06333 5.11715 25
    endloop
  endfacet
  facet normal 0.860749 0.50903 -3.10082e-05
    outer loop
      vertex 8.06333 5.11715 0
      vertex 8.27328 4.76215 0.274066
      vertex 8.26285 4.77977 0
    endloop
  endfacet
  facet normal 0.860733 0.509056 1.40507e-05
    outer loop
      vertex 8.06333 5.11715 0
      vertex 8.30117 4.71498 0.72316
      vertex 8.27328 4.76215 0.274066
    endloop
  endfacet
  facet normal 0.860741 0.509043 4.46225e-06
    outer loop
      vertex 8.06333 5.11715 0
      vertex 8.34007 4.6492 1.17824
      vertex 8.30117 4.71498 0.72316
    endloop
  endfacet
  facet normal 0.860741 0.509044 -0
    outer loop
      vertex 8.36873 4.60075 1.44274
      vertex 8.06333 5.11715 25
      vertex 8.36873 4.60075 25
    endloop
  endfacet
  facet normal 0.860794 0.508953 -4.38096e-05
    outer loop
      vertex 8.06333 5.11715 0
      vertex 8.36873 4.60075 1.44274
      vertex 8.34007 4.6492 1.17824
    endloop
  endfacet
  facet normal -0.860741 -0.509044 0
    outer loop
      vertex 8.36873 4.60075 30
      vertex 8.06333 5.11715 37.6
      vertex 8.06333 5.11715 30
    endloop
  endfacet
  facet normal -0.860741 -0.509044 0
    outer loop
      vertex 8.06333 5.11715 37.6
      vertex 8.36873 4.60075 30
      vertex 8.36873 4.60075 37.6
    endloop
  endfacet
  facet normal -0.612906 0.790156 0
    outer loop
      vertex -5.61335 7.72611 0
      vertex -6.0874 7.3584 25
      vertex -5.61335 7.72611 25
    endloop
  endfacet
  facet normal -0.612906 0.790156 0
    outer loop
      vertex -6.0874 7.3584 25
      vertex -5.61335 7.72611 0
      vertex -6.0874 7.3584 0
    endloop
  endfacet
  facet normal 0.612906 -0.790156 0
    outer loop
      vertex -6.0874 7.3584 30
      vertex -5.61335 7.72611 37.6
      vertex -6.0874 7.3584 37.6
    endloop
  endfacet
  facet normal 0.612906 -0.790156 0
    outer loop
      vertex -5.61335 7.72611 37.6
      vertex -6.0874 7.3584 30
      vertex -5.61335 7.72611 30
    endloop
  endfacet
  facet normal -0.661316 -0.750108 0
    outer loop
      vertex -6.53742 -6.96165 0
      vertex -6.0874 -7.3584 25
      vertex -6.53742 -6.96165 25
    endloop
  endfacet
  facet normal -0.661316 -0.750108 -0
    outer loop
      vertex -6.0874 -7.3584 25
      vertex -6.53742 -6.96165 0
      vertex -6.0874 -7.3584 0
    endloop
  endfacet
  facet normal 0.661316 0.750108 -0
    outer loop
      vertex -6.0874 -7.3584 30
      vertex -6.53742 -6.96165 37.6
      vertex -6.0874 -7.3584 37.6
    endloop
  endfacet
  facet normal 0.661316 0.750108 0
    outer loop
      vertex -6.53742 -6.96165 37.6
      vertex -6.0874 -7.3584 30
      vertex -6.53742 -6.96165 30
    endloop
  endfacet
  facet normal 0.562087 0.827078 -0
    outer loop
      vertex 5.61335 7.72611 0
      vertex 5.11715 8.06333 25
      vertex 5.61335 7.72611 25
    endloop
  endfacet
  facet normal 0.562087 0.827078 0
    outer loop
      vertex 5.11715 8.06333 25
      vertex 5.61335 7.72611 0
      vertex 5.11715 8.06333 0
    endloop
  endfacet
  facet normal -0.562087 -0.827078 0
    outer loop
      vertex 5.11715 8.06333 30
      vertex 5.61335 7.72611 37.6
      vertex 5.11715 8.06333 37.6
    endloop
  endfacet
  facet normal -0.562087 -0.827078 -0
    outer loop
      vertex 5.61335 7.72611 37.6
      vertex 5.11715 8.06333 30
      vertex 5.61335 7.72611 30
    endloop
  endfacet
  facet normal -0.960293 0.278994 0
    outer loop
      vertex -9.24997 2.37499 0
      vertex -9.08259 2.95111 25
      vertex -9.08259 2.95111 0
    endloop
  endfacet
  facet normal -0.960293 0.278994 0
    outer loop
      vertex -9.08259 2.95111 25
      vertex -9.24997 2.37499 0
      vertex -9.24997 2.37499 25
    endloop
  endfacet
  facet normal 0.960293 -0.278994 0
    outer loop
      vertex -9.24997 2.37499 37.6
      vertex -9.08259 2.95111 30
      vertex -9.08259 2.95111 37.6
    endloop
  endfacet
  facet normal 0.960293 -0.278994 0
    outer loop
      vertex -9.08259 2.95111 30
      vertex -9.24997 2.37499 37.6
      vertex -9.24997 2.37499 30
    endloop
  endfacet
  facet normal 0.39714 0.917758 -0
    outer loop
      vertex 4.06619 8.6411 0
      vertex 3.51559 8.87936 25
      vertex 4.06619 8.6411 25
    endloop
  endfacet
  facet normal 0.39714 0.917758 0
    outer loop
      vertex 3.51559 8.87936 25
      vertex 4.06619 8.6411 0
      vertex 3.51559 8.87936 0
    endloop
  endfacet
  facet normal -0.39714 -0.917758 0
    outer loop
      vertex 3.51559 8.87936 30
      vertex 4.06619 8.6411 37.6
      vertex 3.51559 8.87936 37.6
    endloop
  endfacet
  facet normal -0.39714 -0.917758 -0
    outer loop
      vertex 4.06619 8.6411 37.6
      vertex 3.51559 8.87936 30
      vertex 4.06619 8.6411 30
    endloop
  endfacet
  facet normal 0.0940923 0.995563 -0
    outer loop
      vertex 1.19693 9.4747 0
      vertex 0.599649 9.53115 25
      vertex 1.19693 9.4747 25
    endloop
  endfacet
  facet normal 0.0940923 0.995563 0
    outer loop
      vertex 0.599649 9.53115 25
      vertex 1.19693 9.4747 0
      vertex 0.599649 9.53115 0
    endloop
  endfacet
  facet normal -0.0940923 -0.995563 0
    outer loop
      vertex 0.599649 9.53115 30
      vertex 1.19693 9.4747 37.6
      vertex 0.599649 9.53115 37.6
    endloop
  endfacet
  facet normal -0.0940923 -0.995563 -0
    outer loop
      vertex 1.19693 9.4747 37.6
      vertex 0.599649 9.53115 30
      vertex 1.19693 9.4747 30
    endloop
  endfacet
  facet normal -0.827078 0.562087 0
    outer loop
      vertex 7.72611 -5.61335 30
      vertex 8.06333 -5.11715 37.6
      vertex 8.06333 -5.11715 30
    endloop
  endfacet
  facet normal -0.827078 0.562087 0
    outer loop
      vertex 8.06333 -5.11715 37.6
      vertex 7.72611 -5.61335 30
      vertex 7.72611 -5.61335 37.6
    endloop
  endfacet
  facet normal 0.827078 -0.562087 0
    outer loop
      vertex 7.72611 -5.61335 25
      vertex 8.06333 -5.11715 0
      vertex 8.06333 -5.11715 25
    endloop
  endfacet
  facet normal 0.827078 -0.562087 0
    outer loop
      vertex 8.06333 -5.11715 0
      vertex 7.72611 -5.61335 25
      vertex 7.72611 -5.61335 0
    endloop
  endfacet
  facet normal 0.860741 0.509044 0
    outer loop
      vertex -8.06333 -5.11715 37.6
      vertex -8.36873 -4.60075 30
      vertex -8.36873 -4.60075 37.6
    endloop
  endfacet
  facet normal 0.860741 0.509044 0
    outer loop
      vertex -8.36873 -4.60075 30
      vertex -8.06333 -5.11715 37.6
      vertex -8.06333 -5.11715 30
    endloop
  endfacet
  facet normal -0.860741 -0.509044 0
    outer loop
      vertex -8.06333 -5.11715 0
      vertex -8.36873 -4.60075 25
      vertex -8.36873 -4.60075 0
    endloop
  endfacet
  facet normal -0.860741 -0.509044 0
    outer loop
      vertex -8.36873 -4.60075 25
      vertex -8.06333 -5.11715 0
      vertex -8.06333 -5.11715 25
    endloop
  endfacet
  facet normal -0.940878 0.338745 0
    outer loop
      vertex -9.08259 2.95111 0
      vertex -8.87936 3.51559 25
      vertex -8.87936 3.51559 0
    endloop
  endfacet
  facet normal -0.940878 0.338745 0
    outer loop
      vertex -8.87936 3.51559 25
      vertex -9.08259 2.95111 0
      vertex -9.08259 2.95111 25
    endloop
  endfacet
  facet normal 0.940878 -0.338745 0
    outer loop
      vertex -9.08259 2.95111 37.6
      vertex -8.87936 3.51559 30
      vertex -8.87936 3.51559 37.6
    endloop
  endfacet
  facet normal 0.940878 -0.338745 0
    outer loop
      vertex -8.87936 3.51559 30
      vertex -9.08259 2.95111 37.6
      vertex -9.08259 2.95111 30
    endloop
  endfacet
  facet normal 0.9603 0.278971 0
    outer loop
      vertex 9.08259 2.95111 25
      vertex 9.12028 2.82137 5.76207
      vertex 9.08259 2.95111 5.58205
    endloop
  endfacet
  facet normal 0.960291 0.279 -2.13238e-07
    outer loop
      vertex 9.08259 2.95111 25
      vertex 9.19274 2.57197 6.07423
      vertex 9.12028 2.82137 5.76207
    endloop
  endfacet
  facet normal 0.960293 0.278994 -0
    outer loop
      vertex 9.24997 2.37499 6.2962
      vertex 9.08259 2.95111 25
      vertex 9.24997 2.37499 25
    endloop
  endfacet
  facet normal 0.960291 0.279 -2.10389e-07
    outer loop
      vertex 9.08259 2.95111 25
      vertex 9.24997 2.37499 6.2962
      vertex 9.19274 2.57197 6.07423
    endloop
  endfacet
  facet normal -0.960293 -0.278994 0
    outer loop
      vertex 9.24997 2.37499 30
      vertex 9.08259 2.95111 37.6
      vertex 9.08259 2.95111 30
    endloop
  endfacet
  facet normal -0.960293 -0.278994 0
    outer loop
      vertex 9.08259 2.95111 37.6
      vertex 9.24997 2.37499 30
      vertex 9.24997 2.37499 37.6
    endloop
  endfacet
  facet normal -0.750108 0.661316 0
    outer loop
      vertex -7.3584 6.0874 0
      vertex -6.96165 6.53742 25
      vertex -6.96165 6.53742 0
    endloop
  endfacet
  facet normal -0.750108 0.661316 0
    outer loop
      vertex -6.96165 6.53742 25
      vertex -7.3584 6.0874 0
      vertex -7.3584 6.0874 25
    endloop
  endfacet
  facet normal 0.750108 -0.661316 0
    outer loop
      vertex -7.3584 6.0874 37.6
      vertex -6.96165 6.53742 30
      vertex -6.96165 6.53742 37.6
    endloop
  endfacet
  facet normal 0.750108 -0.661316 0
    outer loop
      vertex -6.96165 6.53742 30
      vertex -7.3584 6.0874 37.6
      vertex -7.3584 6.0874 30
    endloop
  endfacet
  facet normal 0.156447 -0.987686 0
    outer loop
      vertex 1.19693 -9.4747 0
      vertex 1.78949 -9.38084 25
      vertex 1.19693 -9.4747 25
    endloop
  endfacet
  facet normal 0.156447 -0.987686 0
    outer loop
      vertex 1.78949 -9.38084 25
      vertex 1.19693 -9.4747 0
      vertex 1.78949 -9.38084 0
    endloop
  endfacet
  facet normal -0.156447 0.987686 0
    outer loop
      vertex 1.78949 -9.38084 30
      vertex 1.19693 -9.4747 37.6
      vertex 1.78949 -9.38084 37.6
    endloop
  endfacet
  facet normal -0.156447 0.987686 0
    outer loop
      vertex 1.19693 -9.4747 37.6
      vertex 1.78949 -9.38084 30
      vertex 1.19693 -9.4747 30
    endloop
  endfacet
  facet normal 0.338745 -0.940878 0
    outer loop
      vertex 2.95111 -9.08259 0
      vertex 3.51559 -8.87936 25
      vertex 2.95111 -9.08259 25
    endloop
  endfacet
  facet normal 0.338745 -0.940878 0
    outer loop
      vertex 3.51559 -8.87936 25
      vertex 2.95111 -9.08259 0
      vertex 3.51559 -8.87936 0
    endloop
  endfacet
  facet normal -0.338745 0.940878 0
    outer loop
      vertex 3.51559 -8.87936 30
      vertex 2.95111 -9.08259 37.6
      vertex 3.51559 -8.87936 37.6
    endloop
  endfacet
  facet normal -0.338745 0.940878 0
    outer loop
      vertex 2.95111 -9.08259 37.6
      vertex 3.51559 -8.87936 30
      vertex 2.95111 -9.08259 30
    endloop
  endfacet
  facet normal 0.453988 0.891008 -0
    outer loop
      vertex 4.60075 8.36873 0
      vertex 4.06619 8.6411 25
      vertex 4.60075 8.36873 25
    endloop
  endfacet
  facet normal 0.453988 0.891008 0
    outer loop
      vertex 4.06619 8.6411 25
      vertex 4.60075 8.36873 0
      vertex 4.06619 8.6411 0
    endloop
  endfacet
  facet normal -0.453988 -0.891008 0
    outer loop
      vertex 4.06619 8.6411 30
      vertex 4.60075 8.36873 37.6
      vertex 4.06619 8.6411 37.6
    endloop
  endfacet
  facet normal -0.453988 -0.891008 -0
    outer loop
      vertex 4.60075 8.36873 37.6
      vertex 4.06619 8.6411 30
      vertex 4.60075 8.36873 30
    endloop
  endfacet
  facet normal 0.509044 0.860741 -0
    outer loop
      vertex 5.11715 8.06333 0
      vertex 4.60075 8.36873 25
      vertex 5.11715 8.06333 25
    endloop
  endfacet
  facet normal 0.509044 0.860741 0
    outer loop
      vertex 4.60075 8.36873 25
      vertex 5.11715 8.06333 0
      vertex 4.60075 8.36873 0
    endloop
  endfacet
  facet normal -0.509044 -0.860741 0
    outer loop
      vertex 4.60075 8.36873 30
      vertex 5.11715 8.06333 37.6
      vertex 4.60075 8.36873 37.6
    endloop
  endfacet
  facet normal -0.509044 -0.860741 -0
    outer loop
      vertex 5.11715 8.06333 37.6
      vertex 4.60075 8.36873 30
      vertex 5.11715 8.06333 30
    endloop
  endfacet
  facet normal -0.0314195 -0.999506 0
    outer loop
      vertex -0.599649 -9.53115 0
      vertex 0 -9.55 25
      vertex -0.599649 -9.53115 25
    endloop
  endfacet
  facet normal -0.0314195 -0.999506 -0
    outer loop
      vertex 0 -9.55 25
      vertex -0.599649 -9.53115 0
      vertex 0 -9.55 0
    endloop
  endfacet
  facet normal 0.0314195 0.999506 -0
    outer loop
      vertex 0 -9.55 30
      vertex -0.599649 -9.53115 37.6
      vertex 0 -9.55 37.6
    endloop
  endfacet
  facet normal 0.0314195 0.999506 0
    outer loop
      vertex -0.599649 -9.53115 37.6
      vertex 0 -9.55 30
      vertex -0.599649 -9.53115 30
    endloop
  endfacet
  facet normal -0.39714 0.917758 0
    outer loop
      vertex -3.51559 8.87936 0
      vertex -4.06619 8.6411 25
      vertex -3.51559 8.87936 25
    endloop
  endfacet
  facet normal -0.39714 0.917758 0
    outer loop
      vertex -4.06619 8.6411 25
      vertex -3.51559 8.87936 0
      vertex -4.06619 8.6411 0
    endloop
  endfacet
  facet normal 0.39714 -0.917758 0
    outer loop
      vertex -4.06619 8.6411 30
      vertex -3.51559 8.87936 37.6
      vertex -4.06619 8.6411 37.6
    endloop
  endfacet
  facet normal 0.39714 -0.917758 0
    outer loop
      vertex -3.51559 8.87936 37.6
      vertex -4.06619 8.6411 30
      vertex -3.51559 8.87936 30
    endloop
  endfacet
  facet normal -0.975918 0.218136 0
    outer loop
      vertex -9.38084 1.78949 0
      vertex -9.24997 2.37499 25
      vertex -9.24997 2.37499 0
    endloop
  endfacet
  facet normal -0.975918 0.218136 0
    outer loop
      vertex -9.24997 2.37499 25
      vertex -9.38084 1.78949 0
      vertex -9.38084 1.78949 25
    endloop
  endfacet
  facet normal 0.975918 -0.218136 0
    outer loop
      vertex -9.38084 1.78949 37.6
      vertex -9.24997 2.37499 30
      vertex -9.24997 2.37499 37.6
    endloop
  endfacet
  facet normal 0.975918 -0.218136 0
    outer loop
      vertex -9.24997 2.37499 30
      vertex -9.38084 1.78949 37.6
      vertex -9.38084 1.78949 30
    endloop
  endfacet
  facet normal 0.218136 0.975918 -0
    outer loop
      vertex 2.37499 9.24997 0
      vertex 1.78949 9.38084 25
      vertex 2.37499 9.24997 25
    endloop
  endfacet
  facet normal 0.218136 0.975918 0
    outer loop
      vertex 1.78949 9.38084 25
      vertex 2.37499 9.24997 0
      vertex 1.78949 9.38084 0
    endloop
  endfacet
  facet normal -0.218136 -0.975918 0
    outer loop
      vertex 1.78949 9.38084 30
      vertex 2.37499 9.24997 37.6
      vertex 1.78949 9.38084 37.6
    endloop
  endfacet
  facet normal -0.218136 -0.975918 -0
    outer loop
      vertex 2.37499 9.24997 37.6
      vertex 1.78949 9.38084 30
      vertex 2.37499 9.24997 30
    endloop
  endfacet
  facet normal -0.960293 0.278994 0
    outer loop
      vertex 9.08259 -2.95111 30
      vertex 9.24997 -2.37499 37.6
      vertex 9.24997 -2.37499 30
    endloop
  endfacet
  facet normal -0.960293 0.278994 0
    outer loop
      vertex 9.24997 -2.37499 37.6
      vertex 9.08259 -2.95111 30
      vertex 9.08259 -2.95111 37.6
    endloop
  endfacet
  facet normal 0.960293 -0.278994 0
    outer loop
      vertex 9.08259 -2.95111 25
      vertex 9.24997 -2.37499 6.2962
      vertex 9.24997 -2.37499 25
    endloop
  endfacet
  facet normal 0.960291 -0.279 -2.10389e-07
    outer loop
      vertex 9.24997 -2.37499 6.2962
      vertex 9.08259 -2.95111 25
      vertex 9.19274 -2.57197 6.07423
    endloop
  endfacet
  facet normal 0.960291 -0.279 -2.13238e-07
    outer loop
      vertex 9.19274 -2.57197 6.07423
      vertex 9.08259 -2.95111 25
      vertex 9.12028 -2.82137 5.76207
    endloop
  endfacet
  facet normal 0.9603 -0.278971 0
    outer loop
      vertex 9.12028 -2.82137 5.76207
      vertex 9.08259 -2.95111 25
      vertex 9.08259 -2.95111 5.58205
    endloop
  endfacet
  facet normal -0.790156 0.612906 0
    outer loop
      vertex -7.72611 5.61335 0
      vertex -7.3584 6.0874 25
      vertex -7.3584 6.0874 0
    endloop
  endfacet
  facet normal -0.790156 0.612906 0
    outer loop
      vertex -7.3584 6.0874 25
      vertex -7.72611 5.61335 0
      vertex -7.72611 5.61335 25
    endloop
  endfacet
  facet normal 0.790156 -0.612906 0
    outer loop
      vertex -7.72611 5.61335 37.6
      vertex -7.3584 6.0874 30
      vertex -7.3584 6.0874 37.6
    endloop
  endfacet
  facet normal 0.790156 -0.612906 0
    outer loop
      vertex -7.3584 6.0874 30
      vertex -7.72611 5.61335 37.6
      vertex -7.72611 5.61335 30
    endloop
  endfacet
  facet normal -0.860741 0.509044 0
    outer loop
      vertex 8.06333 -5.11715 30
      vertex 8.36873 -4.60075 37.6
      vertex 8.36873 -4.60075 30
    endloop
  endfacet
  facet normal -0.860741 0.509044 0
    outer loop
      vertex 8.36873 -4.60075 37.6
      vertex 8.06333 -5.11715 30
      vertex 8.06333 -5.11715 37.6
    endloop
  endfacet
  facet normal 0.860741 -0.509044 0
    outer loop
      vertex 8.06333 -5.11715 25
      vertex 8.36873 -4.60075 1.44274
      vertex 8.36873 -4.60075 25
    endloop
  endfacet
  facet normal 0.860741 -0.509044 0
    outer loop
      vertex 8.06333 -5.11715 0
      vertex 8.36873 -4.60075 1.44274
      vertex 8.06333 -5.11715 25
    endloop
  endfacet
  facet normal 0.860794 -0.508953 -4.38096e-05
    outer loop
      vertex 8.36873 -4.60075 1.44274
      vertex 8.06333 -5.11715 0
      vertex 8.34007 -4.6492 1.17824
    endloop
  endfacet
  facet normal 0.860741 -0.509043 4.46225e-06
    outer loop
      vertex 8.34007 -4.6492 1.17824
      vertex 8.06333 -5.11715 0
      vertex 8.30117 -4.71498 0.72316
    endloop
  endfacet
  facet normal 0.860733 -0.509056 1.40507e-05
    outer loop
      vertex 8.30117 -4.71498 0.72316
      vertex 8.06333 -5.11715 0
      vertex 8.27328 -4.76215 0.274066
    endloop
  endfacet
  facet normal 0.860749 -0.50903 -3.10082e-05
    outer loop
      vertex 8.27328 -4.76215 0.274066
      vertex 8.06333 -5.11715 0
      vertex 8.26285 -4.77977 0
    endloop
  endfacet
  facet normal -0.218136 0.975918 0
    outer loop
      vertex -1.78949 9.38084 0
      vertex -2.37499 9.24997 25
      vertex -1.78949 9.38084 25
    endloop
  endfacet
  facet normal -0.218136 0.975918 0
    outer loop
      vertex -2.37499 9.24997 25
      vertex -1.78949 9.38084 0
      vertex -2.37499 9.24997 0
    endloop
  endfacet
  facet normal 0.218136 -0.975918 0
    outer loop
      vertex -2.37499 9.24997 30
      vertex -1.78949 9.38084 37.6
      vertex -2.37499 9.24997 37.6
    endloop
  endfacet
  facet normal 0.218136 -0.975918 0
    outer loop
      vertex -1.78949 9.38084 37.6
      vertex -2.37499 9.24997 30
      vertex -1.78949 9.38084 30
    endloop
  endfacet
  facet normal 0.338745 0.940878 -0
    outer loop
      vertex -2.95111 -9.08259 30
      vertex -3.51559 -8.87936 37.6
      vertex -2.95111 -9.08259 37.6
    endloop
  endfacet
  facet normal 0.338745 0.940878 0
    outer loop
      vertex -3.51559 -8.87936 37.6
      vertex -2.95111 -9.08259 30
      vertex -3.51559 -8.87936 30
    endloop
  endfacet
  facet normal -0.338745 -0.940878 0
    outer loop
      vertex -3.51559 -8.87936 0
      vertex -2.95111 -9.08259 25
      vertex -3.51559 -8.87936 25
    endloop
  endfacet
  facet normal -0.338745 -0.940878 -0
    outer loop
      vertex -2.95111 -9.08259 25
      vertex -3.51559 -8.87936 0
      vertex -2.95111 -9.08259 0
    endloop
  endfacet
  facet normal 0.278994 0.960293 -0
    outer loop
      vertex 2.95111 9.08259 0
      vertex 2.37499 9.24997 25
      vertex 2.95111 9.08259 25
    endloop
  endfacet
  facet normal 0.278994 0.960293 0
    outer loop
      vertex 2.37499 9.24997 25
      vertex 2.95111 9.08259 0
      vertex 2.37499 9.24997 0
    endloop
  endfacet
  facet normal -0.278994 -0.960293 0
    outer loop
      vertex 2.37499 9.24997 30
      vertex 2.95111 9.08259 37.6
      vertex 2.37499 9.24997 37.6
    endloop
  endfacet
  facet normal -0.278994 -0.960293 -0
    outer loop
      vertex 2.95111 9.08259 37.6
      vertex 2.37499 9.24997 30
      vertex 2.95111 9.08259 30
    endloop
  endfacet
  facet normal -0.338745 0.940878 0
    outer loop
      vertex -2.95111 9.08259 0
      vertex -3.51559 8.87936 25
      vertex -2.95111 9.08259 25
    endloop
  endfacet
  facet normal -0.338745 0.940878 0
    outer loop
      vertex -3.51559 8.87936 25
      vertex -2.95111 9.08259 0
      vertex -3.51559 8.87936 0
    endloop
  endfacet
  facet normal 0.338745 -0.940878 0
    outer loop
      vertex -3.51559 8.87936 30
      vertex -2.95111 9.08259 37.6
      vertex -3.51559 8.87936 37.6
    endloop
  endfacet
  facet normal 0.338745 -0.940878 0
    outer loop
      vertex -2.95111 9.08259 37.6
      vertex -3.51559 8.87936 30
      vertex -2.95111 9.08259 30
    endloop
  endfacet
  facet normal -0.995563 0.0940923 0
    outer loop
      vertex 9.4747 -1.19693 30
      vertex 9.53115 -0.599649 37.6
      vertex 9.53115 -0.599649 30
    endloop
  endfacet
  facet normal -0.995563 0.0940923 0
    outer loop
      vertex 9.53115 -0.599649 37.6
      vertex 9.4747 -1.19693 30
      vertex 9.4747 -1.19693 37.6
    endloop
  endfacet
  facet normal 0.995563 -0.0940923 0
    outer loop
      vertex 9.4747 -1.19693 25
      vertex 9.53115 -0.599649 7.41611
      vertex 9.53115 -0.599649 25
    endloop
  endfacet
  facet normal 0.995765 -0.0919335 7.39782e-05
    outer loop
      vertex 9.53115 -0.599649 7.41611
      vertex 9.4747 -1.19693 25
      vertex 9.53097 -0.601599 7.41567
    endloop
  endfacet
  facet normal 0.995563 -0.0940973 7.19773e-08
    outer loop
      vertex 9.53097 -0.601599 7.41567
      vertex 9.4747 -1.19693 25
      vertex 9.50282 -0.89943 7.3208
    endloop
  endfacet
  facet normal 0.995561 -0.0941161 -2.46373e-07
    outer loop
      vertex 9.50282 -0.89943 7.3208
      vertex 9.4747 -1.19693 25
      vertex 9.475 -1.19371 7.19996
    endloop
  endfacet
  facet normal 0.995688 -0.092766 0
    outer loop
      vertex 9.475 -1.19371 7.19996
      vertex 9.4747 -1.19693 25
      vertex 9.4747 -1.19693 7.19833
    endloop
  endfacet
  facet normal -0.453988 0.891008 0
    outer loop
      vertex -4.06619 8.6411 0
      vertex -4.60075 8.36873 25
      vertex -4.06619 8.6411 25
    endloop
  endfacet
  facet normal -0.453988 0.891008 0
    outer loop
      vertex -4.60075 8.36873 25
      vertex -4.06619 8.6411 0
      vertex -4.60075 8.36873 0
    endloop
  endfacet
  facet normal 0.453988 -0.891008 0
    outer loop
      vertex -4.60075 8.36873 30
      vertex -4.06619 8.6411 37.6
      vertex -4.60075 8.36873 37.6
    endloop
  endfacet
  facet normal 0.453988 -0.891008 0
    outer loop
      vertex -4.06619 8.6411 37.6
      vertex -4.60075 8.36873 30
      vertex -4.06619 8.6411 30
    endloop
  endfacet
  facet normal -0.891008 0.453988 0
    outer loop
      vertex -8.6411 4.06619 0
      vertex -8.36873 4.60075 25
      vertex -8.36873 4.60075 0
    endloop
  endfacet
  facet normal -0.891008 0.453988 0
    outer loop
      vertex -8.36873 4.60075 25
      vertex -8.6411 4.06619 0
      vertex -8.6411 4.06619 25
    endloop
  endfacet
  facet normal 0.891008 -0.453988 0
    outer loop
      vertex -8.6411 4.06619 37.6
      vertex -8.36873 4.60075 30
      vertex -8.36873 4.60075 37.6
    endloop
  endfacet
  facet normal 0.891008 -0.453988 0
    outer loop
      vertex -8.36873 4.60075 30
      vertex -8.6411 4.06619 37.6
      vertex -8.6411 4.06619 30
    endloop
  endfacet
  facet normal -0.278994 0.960293 0
    outer loop
      vertex -2.37499 9.24997 0
      vertex -2.95111 9.08259 25
      vertex -2.37499 9.24997 25
    endloop
  endfacet
  facet normal -0.278994 0.960293 0
    outer loop
      vertex -2.95111 9.08259 25
      vertex -2.37499 9.24997 0
      vertex -2.95111 9.08259 0
    endloop
  endfacet
  facet normal 0.278994 -0.960293 0
    outer loop
      vertex -2.95111 9.08259 30
      vertex -2.37499 9.24997 37.6
      vertex -2.95111 9.08259 37.6
    endloop
  endfacet
  facet normal 0.278994 -0.960293 0
    outer loop
      vertex -2.37499 9.24997 37.6
      vertex -2.95111 9.08259 30
      vertex -2.37499 9.24997 30
    endloop
  endfacet
  facet normal -0.661316 0.750108 0
    outer loop
      vertex -6.0874 7.3584 0
      vertex -6.53742 6.96165 25
      vertex -6.0874 7.3584 25
    endloop
  endfacet
  facet normal -0.661316 0.750108 0
    outer loop
      vertex -6.53742 6.96165 25
      vertex -6.0874 7.3584 0
      vertex -6.53742 6.96165 0
    endloop
  endfacet
  facet normal 0.661316 -0.750108 0
    outer loop
      vertex -6.53742 6.96165 30
      vertex -6.0874 7.3584 37.6
      vertex -6.53742 6.96165 37.6
    endloop
  endfacet
  facet normal 0.661316 -0.750108 0
    outer loop
      vertex -6.0874 7.3584 37.6
      vertex -6.53742 6.96165 30
      vertex -6.0874 7.3584 30
    endloop
  endfacet
  facet normal 0.0314195 0.999506 -0
    outer loop
      vertex 0.599649 9.53115 0
      vertex 0 9.55 25
      vertex 0.599649 9.53115 25
    endloop
  endfacet
  facet normal 0.0314195 0.999506 0
    outer loop
      vertex 0 9.55 25
      vertex 0.599649 9.53115 0
      vertex 0 9.55 0
    endloop
  endfacet
  facet normal -0.0314195 -0.999506 0
    outer loop
      vertex 0 9.55 30
      vertex 0.599649 9.53115 37.6
      vertex 0 9.55 37.6
    endloop
  endfacet
  facet normal -0.0314195 -0.999506 -0
    outer loop
      vertex 0.599649 9.53115 37.6
      vertex 0 9.55 30
      vertex 0.599649 9.53115 30
    endloop
  endfacet
  facet normal 0.707107 0.707107 0
    outer loop
      vertex 6.96165 6.53742 25
      vertex 6.53742 6.96165 0
      vertex 6.53742 6.96165 25
    endloop
  endfacet
  facet normal 0.707107 0.707107 0
    outer loop
      vertex 6.53742 6.96165 0
      vertex 6.96165 6.53742 25
      vertex 6.96165 6.53742 0
    endloop
  endfacet
  facet normal -0.707107 -0.707107 0
    outer loop
      vertex 6.96165 6.53742 30
      vertex 6.53742 6.96165 37.6
      vertex 6.53742 6.96165 30
    endloop
  endfacet
  facet normal -0.707107 -0.707107 0
    outer loop
      vertex 6.53742 6.96165 37.6
      vertex 6.96165 6.53742 30
      vertex 6.96165 6.53742 37.6
    endloop
  endfacet
  facet normal 0.0940923 0.995563 -0
    outer loop
      vertex -0.599649 -9.53115 30
      vertex -1.19693 -9.4747 37.6
      vertex -0.599649 -9.53115 37.6
    endloop
  endfacet
  facet normal 0.0940923 0.995563 0
    outer loop
      vertex -1.19693 -9.4747 37.6
      vertex -0.599649 -9.53115 30
      vertex -1.19693 -9.4747 30
    endloop
  endfacet
  facet normal -0.0940923 -0.995563 0
    outer loop
      vertex -1.19693 -9.4747 0
      vertex -0.599649 -9.53115 25
      vertex -1.19693 -9.4747 25
    endloop
  endfacet
  facet normal -0.0940923 -0.995563 -0
    outer loop
      vertex -0.599649 -9.53115 25
      vertex -1.19693 -9.4747 0
      vertex -0.599649 -9.53115 0
    endloop
  endfacet
  facet normal -0.999506 0.0314195 0
    outer loop
      vertex 9.53115 -0.599649 30
      vertex 9.55 0 37.6
      vertex 9.55 0 30
    endloop
  endfacet
  facet normal -0.999506 0.0314195 0
    outer loop
      vertex 9.55 0 37.6
      vertex 9.53115 -0.599649 30
      vertex 9.53115 -0.599649 37.6
    endloop
  endfacet
  facet normal 0.999506 -0.0314195 0
    outer loop
      vertex 9.53115 -0.599649 25
      vertex 9.55 0 7.48822
      vertex 9.55 0 25
    endloop
  endfacet
  facet normal 0.999507 -0.0314052 4.91262e-07
    outer loop
      vertex 9.55 0 7.48822
      vertex 9.53115 -0.599649 25
      vertex 9.54053 -0.301394 7.46536
    endloop
  endfacet
  facet normal 0.999506 -0.0314341 0
    outer loop
      vertex 9.54053 -0.301394 7.46536
      vertex 9.53115 -0.599649 25
      vertex 9.53115 -0.599649 7.41611
    endloop
  endfacet
  facet normal 0.827078 0.562087 0
    outer loop
      vertex 8.06333 5.11715 25
      vertex 7.72611 5.61335 0
      vertex 7.72611 5.61335 25
    endloop
  endfacet
  facet normal 0.827078 0.562087 0
    outer loop
      vertex 7.72611 5.61335 0
      vertex 8.06333 5.11715 25
      vertex 8.06333 5.11715 0
    endloop
  endfacet
  facet normal -0.827078 -0.562087 0
    outer loop
      vertex 8.06333 5.11715 30
      vertex 7.72611 5.61335 37.6
      vertex 7.72611 5.61335 30
    endloop
  endfacet
  facet normal -0.827078 -0.562087 0
    outer loop
      vertex 7.72611 5.61335 37.6
      vertex 8.06333 5.11715 30
      vertex 8.06333 5.11715 37.6
    endloop
  endfacet
  facet normal -0.0940923 0.995563 0
    outer loop
      vertex -0.599649 9.53115 0
      vertex -1.19693 9.4747 25
      vertex -0.599649 9.53115 25
    endloop
  endfacet
  facet normal -0.0940923 0.995563 0
    outer loop
      vertex -1.19693 9.4747 25
      vertex -0.599649 9.53115 0
      vertex -1.19693 9.4747 0
    endloop
  endfacet
  facet normal 0.0940923 -0.995563 0
    outer loop
      vertex -1.19693 9.4747 30
      vertex -0.599649 9.53115 37.6
      vertex -1.19693 9.4747 37.6
    endloop
  endfacet
  facet normal 0.0940923 -0.995563 0
    outer loop
      vertex -0.599649 9.53115 37.6
      vertex -1.19693 9.4747 30
      vertex -0.599649 9.53115 30
    endloop
  endfacet
  facet normal 0.338745 0.940878 -0
    outer loop
      vertex 3.51559 8.87936 0
      vertex 2.95111 9.08259 25
      vertex 3.51559 8.87936 25
    endloop
  endfacet
  facet normal 0.338745 0.940878 0
    outer loop
      vertex 2.95111 9.08259 25
      vertex 3.51559 8.87936 0
      vertex 2.95111 9.08259 0
    endloop
  endfacet
  facet normal -0.338745 -0.940878 0
    outer loop
      vertex 2.95111 9.08259 30
      vertex 3.51559 8.87936 37.6
      vertex 2.95111 9.08259 37.6
    endloop
  endfacet
  facet normal -0.338745 -0.940878 -0
    outer loop
      vertex 3.51559 8.87936 37.6
      vertex 2.95111 9.08259 30
      vertex 3.51559 8.87936 30
    endloop
  endfacet
  facet normal 0.39714 -0.917758 0
    outer loop
      vertex 3.51559 -8.87936 0
      vertex 4.06619 -8.6411 25
      vertex 3.51559 -8.87936 25
    endloop
  endfacet
  facet normal 0.39714 -0.917758 0
    outer loop
      vertex 4.06619 -8.6411 25
      vertex 3.51559 -8.87936 0
      vertex 4.06619 -8.6411 0
    endloop
  endfacet
  facet normal -0.39714 0.917758 0
    outer loop
      vertex 4.06619 -8.6411 30
      vertex 3.51559 -8.87936 37.6
      vertex 4.06619 -8.6411 37.6
    endloop
  endfacet
  facet normal -0.39714 0.917758 0
    outer loop
      vertex 3.51559 -8.87936 37.6
      vertex 4.06619 -8.6411 30
      vertex 3.51559 -8.87936 30
    endloop
  endfacet
  facet normal -0.562087 0.827078 0
    outer loop
      vertex 5.61335 -7.72611 30
      vertex 5.11715 -8.06333 37.6
      vertex 5.61335 -7.72611 37.6
    endloop
  endfacet
  facet normal -0.562087 0.827078 0
    outer loop
      vertex 5.11715 -8.06333 37.6
      vertex 5.61335 -7.72611 30
      vertex 5.11715 -8.06333 30
    endloop
  endfacet
  facet normal 0.562087 -0.827078 0
    outer loop
      vertex 5.11715 -8.06333 0
      vertex 5.61335 -7.72611 25
      vertex 5.11715 -8.06333 25
    endloop
  endfacet
  facet normal 0.562087 -0.827078 0
    outer loop
      vertex 5.61335 -7.72611 25
      vertex 5.11715 -8.06333 0
      vertex 5.61335 -7.72611 0
    endloop
  endfacet
  facet normal 0 0 1
    outer loop
      vertex 8.75 0 30
      vertex 9.55 0 30
      vertex 9.53115 0.599649 30
    endloop
  endfacet
  facet normal 0 0 1
    outer loop
      vertex 8.73273 0.549417 30
      vertex 9.53115 0.599649 30
      vertex 9.4747 1.19693 30
    endloop
  endfacet
  facet normal 0 0 1
    outer loop
      vertex 9.55 0 30
      vertex 8.75 0 30
      vertex 9.53115 -0.599649 30
    endloop
  endfacet
  facet normal 0 0 1
    outer loop
      vertex 8.681 1.09667 30
      vertex 9.4747 1.19693 30
      vertex 9.38084 1.78949 30
    endloop
  endfacet
  facet normal -0 0 1
    outer loop
      vertex 8.73273 -0.549417 30
      vertex 9.53115 -0.599649 30
      vertex 8.75 0 30
    endloop
  endfacet
  facet normal 0 0 1
    outer loop
      vertex 8.59501 1.63959 30
      vertex 9.38084 1.78949 30
      vertex 9.24997 2.37499 30
    endloop
  endfacet
  facet normal 0 0 1
    outer loop
      vertex 9.53115 -0.599649 30
      vertex 8.73273 -0.549417 30
      vertex 9.4747 -1.19693 30
    endloop
  endfacet
  facet normal 0 0 1
    outer loop
      vertex 8.4751 2.17604 30
      vertex 9.24997 2.37499 30
      vertex 9.08259 2.95111 30
    endloop
  endfacet
  facet normal -0 0 1
    outer loop
      vertex 8.681 -1.09667 30
      vertex 9.4747 -1.19693 30
      vertex 8.73273 -0.549417 30
    endloop
  endfacet
  facet normal 0 0 1
    outer loop
      vertex 8.32174 2.7039 30
      vertex 9.08259 2.95111 30
      vertex 8.87936 3.51559 30
    endloop
  endfacet
  facet normal 0 0 1
    outer loop
      vertex 9.4747 -1.19693 30
      vertex 8.681 -1.09667 30
      vertex 9.38084 -1.78949 30
    endloop
  endfacet
  facet normal -0 0 1
    outer loop
      vertex 8.59501 -1.63959 30
      vertex 9.38084 -1.78949 30
      vertex 8.681 -1.09667 30
    endloop
  endfacet
  facet normal 0 0 1
    outer loop
      vertex 9.53115 0.599649 30
      vertex 8.73273 0.549417 30
      vertex 8.75 0 30
    endloop
  endfacet
  facet normal 0 0 1
    outer loop
      vertex 9.4747 1.19693 30
      vertex 8.681 1.09667 30
      vertex 8.73273 0.549417 30
    endloop
  endfacet
  facet normal 0 0 1
    outer loop
      vertex 8.13554 3.22109 30
      vertex 8.87936 3.51559 30
      vertex 8.6411 4.06619 30
    endloop
  endfacet
  facet normal 0 0 1
    outer loop
      vertex 9.38084 1.78949 30
      vertex 8.59501 1.63959 30
      vertex 8.681 1.09667 30
    endloop
  endfacet
  facet normal 0 0 1
    outer loop
      vertex 9.24997 2.37499 30
      vertex 8.4751 2.17604 30
      vertex 8.59501 1.63959 30
    endloop
  endfacet
  facet normal 0 0 1
    outer loop
      vertex 7.91724 3.72557 30
      vertex 8.6411 4.06619 30
      vertex 8.36873 4.60075 30
    endloop
  endfacet
  facet normal 0 0 1
    outer loop
      vertex 9.08259 2.95111 30
      vertex 8.32174 2.7039 30
      vertex 8.4751 2.17604 30
    endloop
  endfacet
  facet normal 0 0 1
    outer loop
      vertex 8.87936 3.51559 30
      vertex 8.13554 3.22109 30
      vertex 8.32174 2.7039 30
    endloop
  endfacet
  facet normal 0 0 1
    outer loop
      vertex 7.66768 4.21534 30
      vertex 8.36873 4.60075 30
      vertex 8.06333 5.11715 30
    endloop
  endfacet
  facet normal 0 0 1
    outer loop
      vertex 8.6411 4.06619 30
      vertex 7.91724 3.72557 30
      vertex 8.13554 3.22109 30
    endloop
  endfacet
  facet normal 0 0 1
    outer loop
      vertex 7.38787 4.68848 30
      vertex 8.06333 5.11715 30
      vertex 7.72611 5.61335 30
    endloop
  endfacet
  facet normal 0 0 1
    outer loop
      vertex 8.36873 4.60075 30
      vertex 7.66768 4.21534 30
      vertex 7.91724 3.72557 30
    endloop
  endfacet
  facet normal 0 0 1
    outer loop
      vertex 8.06333 5.11715 30
      vertex 7.38787 4.68848 30
      vertex 7.66768 4.21534 30
    endloop
  endfacet
  facet normal 0 0 1
    outer loop
      vertex 7.0789 5.14312 30
      vertex 7.72611 5.61335 30
      vertex 7.3584 6.0874 30
    endloop
  endfacet
  facet normal 0 0 1
    outer loop
      vertex 7.72611 5.61335 30
      vertex 7.0789 5.14312 30
      vertex 7.38787 4.68848 30
    endloop
  endfacet
  facet normal 0 0 1
    outer loop
      vertex 6.74199 5.57746 30
      vertex 7.3584 6.0874 30
      vertex 6.96165 6.53742 30
    endloop
  endfacet
  facet normal 0 0 1
    outer loop
      vertex 7.3584 6.0874 30
      vertex 6.74199 5.57746 30
      vertex 7.0789 5.14312 30
    endloop
  endfacet
  facet normal 0 0 1
    outer loop
      vertex 6.37848 5.98979 30
      vertex 6.96165 6.53742 30
      vertex 6.53742 6.96165 30
    endloop
  endfacet
  facet normal 0 0 1
    outer loop
      vertex 6.96165 6.53742 30
      vertex 6.37848 5.98979 30
      vertex 6.74199 5.57746 30
    endloop
  endfacet
  facet normal 0 0 1
    outer loop
      vertex 5.98979 6.37848 30
      vertex 6.53742 6.96165 30
      vertex 6.0874 7.3584 30
    endloop
  endfacet
  facet normal 0 0 1
    outer loop
      vertex 6.53742 6.96165 30
      vertex 5.98979 6.37848 30
      vertex 6.37848 5.98979 30
    endloop
  endfacet
  facet normal 0 0 1
    outer loop
      vertex 5.57746 6.74199 30
      vertex 6.0874 7.3584 30
      vertex 5.61335 7.72611 30
    endloop
  endfacet
  facet normal 0 0 1
    outer loop
      vertex 6.0874 7.3584 30
      vertex 5.57746 6.74199 30
      vertex 5.98979 6.37848 30
    endloop
  endfacet
  facet normal 0 0 1
    outer loop
      vertex 5.61335 7.72611 30
      vertex 5.14312 7.0789 30
      vertex 5.57746 6.74199 30
    endloop
  endfacet
  facet normal 0 0 1
    outer loop
      vertex 5.11715 8.06333 30
      vertex 5.14312 7.0789 30
      vertex 5.61335 7.72611 30
    endloop
  endfacet
  facet normal 0 0 1
    outer loop
      vertex 5.11715 8.06333 30
      vertex 4.68848 7.38787 30
      vertex 5.14312 7.0789 30
    endloop
  endfacet
  facet normal 0 0 1
    outer loop
      vertex 4.60075 8.36873 30
      vertex 4.68848 7.38787 30
      vertex 5.11715 8.06333 30
    endloop
  endfacet
  facet normal 0 0 1
    outer loop
      vertex 4.60075 8.36873 30
      vertex 4.21534 7.66768 30
      vertex 4.68848 7.38787 30
    endloop
  endfacet
  facet normal 0 0 1
    outer loop
      vertex 4.06619 8.6411 30
      vertex 4.21534 7.66768 30
      vertex 4.60075 8.36873 30
    endloop
  endfacet
  facet normal 0 0 1
    outer loop
      vertex 4.06619 8.6411 30
      vertex 3.72557 7.91724 30
      vertex 4.21534 7.66768 30
    endloop
  endfacet
  facet normal 0 0 1
    outer loop
      vertex 3.51559 8.87936 30
      vertex 3.72557 7.91724 30
      vertex 4.06619 8.6411 30
    endloop
  endfacet
  facet normal 0 0 1
    outer loop
      vertex 3.51559 8.87936 30
      vertex 3.22109 8.13554 30
      vertex 3.72557 7.91724 30
    endloop
  endfacet
  facet normal 0 0 1
    outer loop
      vertex 2.95111 9.08259 30
      vertex 3.22109 8.13554 30
      vertex 3.51559 8.87936 30
    endloop
  endfacet
  facet normal 0 0 1
    outer loop
      vertex 2.95111 9.08259 30
      vertex 2.7039 8.32174 30
      vertex 3.22109 8.13554 30
    endloop
  endfacet
  facet normal 0 0 1
    outer loop
      vertex 2.37499 9.24997 30
      vertex 2.7039 8.32174 30
      vertex 2.95111 9.08259 30
    endloop
  endfacet
  facet normal 0 0 1
    outer loop
      vertex 2.37499 9.24997 30
      vertex 2.17604 8.4751 30
      vertex 2.7039 8.32174 30
    endloop
  endfacet
  facet normal 0 0 1
    outer loop
      vertex 1.78949 9.38084 30
      vertex 2.17604 8.4751 30
      vertex 2.37499 9.24997 30
    endloop
  endfacet
  facet normal 0 0 1
    outer loop
      vertex 1.78949 9.38084 30
      vertex 1.63959 8.59501 30
      vertex 2.17604 8.4751 30
    endloop
  endfacet
  facet normal 0 0 1
    outer loop
      vertex 1.19693 9.4747 30
      vertex 1.63959 8.59501 30
      vertex 1.78949 9.38084 30
    endloop
  endfacet
  facet normal 0 0 1
    outer loop
      vertex 1.19693 9.4747 30
      vertex 1.09667 8.681 30
      vertex 1.63959 8.59501 30
    endloop
  endfacet
  facet normal 0 0 1
    outer loop
      vertex 0.599649 9.53115 30
      vertex 1.09667 8.681 30
      vertex 1.19693 9.4747 30
    endloop
  endfacet
  facet normal 0 0 1
    outer loop
      vertex 0.599649 9.53115 30
      vertex 0.549417 8.73273 30
      vertex 1.09667 8.681 30
    endloop
  endfacet
  facet normal 0 0 1
    outer loop
      vertex 0 9.55 30
      vertex 0.549417 8.73273 30
      vertex 0.599649 9.53115 30
    endloop
  endfacet
  facet normal 0 0 1
    outer loop
      vertex 0 9.55 30
      vertex 0 8.75 30
      vertex 0.549417 8.73273 30
    endloop
  endfacet
  facet normal 0 0 1
    outer loop
      vertex 0 9.55 30
      vertex -0.549417 8.73273 30
      vertex 0 8.75 30
    endloop
  endfacet
  facet normal -0 0 1
    outer loop
      vertex -0.599649 9.53115 30
      vertex -0.549417 8.73273 30
      vertex 0 9.55 30
    endloop
  endfacet
  facet normal 0 0 1
    outer loop
      vertex -0.599649 9.53115 30
      vertex -1.09667 8.681 30
      vertex -0.549417 8.73273 30
    endloop
  endfacet
  facet normal -0 0 1
    outer loop
      vertex -1.19693 9.4747 30
      vertex -1.09667 8.681 30
      vertex -0.599649 9.53115 30
    endloop
  endfacet
  facet normal 0 0 1
    outer loop
      vertex -1.19693 9.4747 30
      vertex -1.63959 8.59501 30
      vertex -1.09667 8.681 30
    endloop
  endfacet
  facet normal -0 0 1
    outer loop
      vertex -1.78949 9.38084 30
      vertex -1.63959 8.59501 30
      vertex -1.19693 9.4747 30
    endloop
  endfacet
  facet normal 0 0 1
    outer loop
      vertex -1.78949 9.38084 30
      vertex -2.17604 8.4751 30
      vertex -1.63959 8.59501 30
    endloop
  endfacet
  facet normal -0 0 1
    outer loop
      vertex -2.37499 9.24997 30
      vertex -2.17604 8.4751 30
      vertex -1.78949 9.38084 30
    endloop
  endfacet
  facet normal 0 0 1
    outer loop
      vertex -2.37499 9.24997 30
      vertex -2.7039 8.32174 30
      vertex -2.17604 8.4751 30
    endloop
  endfacet
  facet normal -0 0 1
    outer loop
      vertex -2.95111 9.08259 30
      vertex -2.7039 8.32174 30
      vertex -2.37499 9.24997 30
    endloop
  endfacet
  facet normal 0 0 1
    outer loop
      vertex -2.95111 9.08259 30
      vertex -3.22109 8.13554 30
      vertex -2.7039 8.32174 30
    endloop
  endfacet
  facet normal -0 0 1
    outer loop
      vertex -3.51559 8.87936 30
      vertex -3.22109 8.13554 30
      vertex -2.95111 9.08259 30
    endloop
  endfacet
  facet normal 0 0 1
    outer loop
      vertex -3.51559 8.87936 30
      vertex -3.72557 7.91724 30
      vertex -3.22109 8.13554 30
    endloop
  endfacet
  facet normal -0 0 1
    outer loop
      vertex -4.06619 8.6411 30
      vertex -3.72557 7.91724 30
      vertex -3.51559 8.87936 30
    endloop
  endfacet
  facet normal 0 0 1
    outer loop
      vertex -4.06619 8.6411 30
      vertex -4.21534 7.66768 30
      vertex -3.72557 7.91724 30
    endloop
  endfacet
  facet normal -0 0 1
    outer loop
      vertex -4.60075 8.36873 30
      vertex -4.21534 7.66768 30
      vertex -4.06619 8.6411 30
    endloop
  endfacet
  facet normal 0 0 1
    outer loop
      vertex -4.60075 8.36873 30
      vertex -4.68848 7.38787 30
      vertex -4.21534 7.66768 30
    endloop
  endfacet
  facet normal -0 0 1
    outer loop
      vertex -5.11715 8.06333 30
      vertex -4.68848 7.38787 30
      vertex -4.60075 8.36873 30
    endloop
  endfacet
  facet normal 0 0 1
    outer loop
      vertex -5.11715 8.06333 30
      vertex -5.14312 7.0789 30
      vertex -4.68848 7.38787 30
    endloop
  endfacet
  facet normal -0 0 1
    outer loop
      vertex -5.61335 7.72611 30
      vertex -5.14312 7.0789 30
      vertex -5.11715 8.06333 30
    endloop
  endfacet
  facet normal 0 0 1
    outer loop
      vertex -5.14312 7.0789 30
      vertex -5.61335 7.72611 30
      vertex -5.57746 6.74199 30
    endloop
  endfacet
  facet normal -0 0 1
    outer loop
      vertex -6.0874 7.3584 30
      vertex -5.57746 6.74199 30
      vertex -5.61335 7.72611 30
    endloop
  endfacet
  facet normal 0 0 1
    outer loop
      vertex -5.57746 6.74199 30
      vertex -6.0874 7.3584 30
      vertex -5.98979 6.37848 30
    endloop
  endfacet
  facet normal -0 0 1
    outer loop
      vertex -6.53742 6.96165 30
      vertex -5.98979 6.37848 30
      vertex -6.0874 7.3584 30
    endloop
  endfacet
  facet normal 0 0 1
    outer loop
      vertex -5.98979 6.37848 30
      vertex -6.53742 6.96165 30
      vertex -6.37848 5.98979 30
    endloop
  endfacet
  facet normal -0 0 1
    outer loop
      vertex -6.96165 6.53742 30
      vertex -6.37848 5.98979 30
      vertex -6.53742 6.96165 30
    endloop
  endfacet
  facet normal 0 0 1
    outer loop
      vertex -6.37848 5.98979 30
      vertex -6.96165 6.53742 30
      vertex -6.74199 5.57746 30
    endloop
  endfacet
  facet normal -0 0 1
    outer loop
      vertex -7.3584 6.0874 30
      vertex -6.74199 5.57746 30
      vertex -6.96165 6.53742 30
    endloop
  endfacet
  facet normal 0 0 1
    outer loop
      vertex -6.74199 5.57746 30
      vertex -7.3584 6.0874 30
      vertex -7.0789 5.14312 30
    endloop
  endfacet
  facet normal -0 0 1
    outer loop
      vertex -7.72611 5.61335 30
      vertex -7.0789 5.14312 30
      vertex -7.3584 6.0874 30
    endloop
  endfacet
  facet normal 0 0 1
    outer loop
      vertex -7.0789 5.14312 30
      vertex -7.72611 5.61335 30
      vertex -7.38787 4.68848 30
    endloop
  endfacet
  facet normal -0 0 1
    outer loop
      vertex -8.06333 5.11715 30
      vertex -7.38787 4.68848 30
      vertex -7.72611 5.61335 30
    endloop
  endfacet
  facet normal 0 0 1
    outer loop
      vertex -7.38787 4.68848 30
      vertex -8.06333 5.11715 30
      vertex -7.66768 4.21534 30
    endloop
  endfacet
  facet normal -0 0 1
    outer loop
      vertex -8.36873 4.60075 30
      vertex -7.66768 4.21534 30
      vertex -8.06333 5.11715 30
    endloop
  endfacet
  facet normal 0 0 1
    outer loop
      vertex -7.66768 4.21534 30
      vertex -8.36873 4.60075 30
      vertex -7.91724 3.72557 30
    endloop
  endfacet
  facet normal -0 0 1
    outer loop
      vertex -8.6411 4.06619 30
      vertex -7.91724 3.72557 30
      vertex -8.36873 4.60075 30
    endloop
  endfacet
  facet normal 0 0 1
    outer loop
      vertex -7.91724 3.72557 30
      vertex -8.6411 4.06619 30
      vertex -8.13554 3.22109 30
    endloop
  endfacet
  facet normal -0 0 1
    outer loop
      vertex -8.87936 3.51559 30
      vertex -8.13554 3.22109 30
      vertex -8.6411 4.06619 30
    endloop
  endfacet
  facet normal 0 0 1
    outer loop
      vertex -8.13554 3.22109 30
      vertex -8.87936 3.51559 30
      vertex -8.32174 2.7039 30
    endloop
  endfacet
  facet normal -0 0 1
    outer loop
      vertex -9.08259 2.95111 30
      vertex -8.32174 2.7039 30
      vertex -8.87936 3.51559 30
    endloop
  endfacet
  facet normal 0 0 1
    outer loop
      vertex -8.32174 2.7039 30
      vertex -9.08259 2.95111 30
      vertex -8.4751 2.17604 30
    endloop
  endfacet
  facet normal -0 0 1
    outer loop
      vertex -9.24997 2.37499 30
      vertex -8.4751 2.17604 30
      vertex -9.08259 2.95111 30
    endloop
  endfacet
  facet normal 0 0 1
    outer loop
      vertex -8.4751 2.17604 30
      vertex -9.24997 2.37499 30
      vertex -8.59501 1.63959 30
    endloop
  endfacet
  facet normal -0 0 1
    outer loop
      vertex -9.38084 1.78949 30
      vertex -8.59501 1.63959 30
      vertex -9.24997 2.37499 30
    endloop
  endfacet
  facet normal 0 0 1
    outer loop
      vertex 9.38084 -1.78949 30
      vertex 8.59501 -1.63959 30
      vertex 9.24997 -2.37499 30
    endloop
  endfacet
  facet normal -0 0 1
    outer loop
      vertex 8.4751 -2.17604 30
      vertex 9.24997 -2.37499 30
      vertex 8.59501 -1.63959 30
    endloop
  endfacet
  facet normal 0 0 1
    outer loop
      vertex 9.24997 -2.37499 30
      vertex 8.4751 -2.17604 30
      vertex 9.08259 -2.95111 30
    endloop
  endfacet
  facet normal -0 0 1
    outer loop
      vertex 8.32174 -2.7039 30
      vertex 9.08259 -2.95111 30
      vertex 8.4751 -2.17604 30
    endloop
  endfacet
  facet normal 0 0 1
    outer loop
      vertex 9.08259 -2.95111 30
      vertex 8.32174 -2.7039 30
      vertex 8.87936 -3.51559 30
    endloop
  endfacet
  facet normal -0 0 1
    outer loop
      vertex 8.13554 -3.22109 30
      vertex 8.87936 -3.51559 30
      vertex 8.32174 -2.7039 30
    endloop
  endfacet
  facet normal 0 0 1
    outer loop
      vertex 8.87936 -3.51559 30
      vertex 8.13554 -3.22109 30
      vertex 8.6411 -4.06619 30
    endloop
  endfacet
  facet normal -0 0 1
    outer loop
      vertex 7.91724 -3.72557 30
      vertex 8.6411 -4.06619 30
      vertex 8.13554 -3.22109 30
    endloop
  endfacet
  facet normal 0 0 1
    outer loop
      vertex 8.6411 -4.06619 30
      vertex 7.91724 -3.72557 30
      vertex 8.36873 -4.60075 30
    endloop
  endfacet
  facet normal -0 0 1
    outer loop
      vertex 7.66768 -4.21534 30
      vertex 8.36873 -4.60075 30
      vertex 7.91724 -3.72557 30
    endloop
  endfacet
  facet normal 0 0 1
    outer loop
      vertex 8.36873 -4.60075 30
      vertex 7.66768 -4.21534 30
      vertex 8.06333 -5.11715 30
    endloop
  endfacet
  facet normal -0 0 1
    outer loop
      vertex 7.38787 -4.68848 30
      vertex 8.06333 -5.11715 30
      vertex 7.66768 -4.21534 30
    endloop
  endfacet
  facet normal 0 0 1
    outer loop
      vertex 8.06333 -5.11715 30
      vertex 7.38787 -4.68848 30
      vertex 7.72611 -5.61335 30
    endloop
  endfacet
  facet normal -0 0 1
    outer loop
      vertex 7.0789 -5.14312 30
      vertex 7.72611 -5.61335 30
      vertex 7.38787 -4.68848 30
    endloop
  endfacet
  facet normal 0 0 1
    outer loop
      vertex 7.72611 -5.61335 30
      vertex 7.0789 -5.14312 30
      vertex 7.3584 -6.0874 30
    endloop
  endfacet
  facet normal -0 0 1
    outer loop
      vertex 6.74199 -5.57746 30
      vertex 7.3584 -6.0874 30
      vertex 7.0789 -5.14312 30
    endloop
  endfacet
  facet normal 0 0 1
    outer loop
      vertex 7.3584 -6.0874 30
      vertex 6.74199 -5.57746 30
      vertex 6.96165 -6.53742 30
    endloop
  endfacet
  facet normal -0 0 1
    outer loop
      vertex 6.37848 -5.98979 30
      vertex 6.96165 -6.53742 30
      vertex 6.74199 -5.57746 30
    endloop
  endfacet
  facet normal 0 0 1
    outer loop
      vertex 6.96165 -6.53742 30
      vertex 6.37848 -5.98979 30
      vertex 6.53742 -6.96165 30
    endloop
  endfacet
  facet normal -0 0 1
    outer loop
      vertex 5.98979 -6.37848 30
      vertex 6.53742 -6.96165 30
      vertex 6.37848 -5.98979 30
    endloop
  endfacet
  facet normal 0 0 1
    outer loop
      vertex 6.53742 -6.96165 30
      vertex 5.98979 -6.37848 30
      vertex 6.0874 -7.3584 30
    endloop
  endfacet
  facet normal -0 0 1
    outer loop
      vertex 5.57746 -6.74199 30
      vertex 6.0874 -7.3584 30
      vertex 5.98979 -6.37848 30
    endloop
  endfacet
  facet normal 0 0 1
    outer loop
      vertex 6.0874 -7.3584 30
      vertex 5.57746 -6.74199 30
      vertex 5.61335 -7.72611 30
    endloop
  endfacet
  facet normal -0 0 1
    outer loop
      vertex 5.14312 -7.0789 30
      vertex 5.61335 -7.72611 30
      vertex 5.57746 -6.74199 30
    endloop
  endfacet
  facet normal 0 0 1
    outer loop
      vertex 5.14312 -7.0789 30
      vertex 5.11715 -8.06333 30
      vertex 5.61335 -7.72611 30
    endloop
  endfacet
  facet normal -0 0 1
    outer loop
      vertex 4.68848 -7.38787 30
      vertex 5.11715 -8.06333 30
      vertex 5.14312 -7.0789 30
    endloop
  endfacet
  facet normal 0 0 1
    outer loop
      vertex 4.68848 -7.38787 30
      vertex 4.60075 -8.36873 30
      vertex 5.11715 -8.06333 30
    endloop
  endfacet
  facet normal -0 0 1
    outer loop
      vertex 4.21534 -7.66768 30
      vertex 4.60075 -8.36873 30
      vertex 4.68848 -7.38787 30
    endloop
  endfacet
  facet normal 0 0 1
    outer loop
      vertex 4.21534 -7.66768 30
      vertex 4.06619 -8.6411 30
      vertex 4.60075 -8.36873 30
    endloop
  endfacet
  facet normal -0 0 1
    outer loop
      vertex 3.72557 -7.91724 30
      vertex 4.06619 -8.6411 30
      vertex 4.21534 -7.66768 30
    endloop
  endfacet
  facet normal 0 0 1
    outer loop
      vertex 3.72557 -7.91724 30
      vertex 3.51559 -8.87936 30
      vertex 4.06619 -8.6411 30
    endloop
  endfacet
  facet normal -0 0 1
    outer loop
      vertex 3.22109 -8.13554 30
      vertex 3.51559 -8.87936 30
      vertex 3.72557 -7.91724 30
    endloop
  endfacet
  facet normal 0 0 1
    outer loop
      vertex 3.22109 -8.13554 30
      vertex 2.95111 -9.08259 30
      vertex 3.51559 -8.87936 30
    endloop
  endfacet
  facet normal -0 0 1
    outer loop
      vertex 2.7039 -8.32174 30
      vertex 2.95111 -9.08259 30
      vertex 3.22109 -8.13554 30
    endloop
  endfacet
  facet normal 0 0 1
    outer loop
      vertex 2.7039 -8.32174 30
      vertex 2.37499 -9.24997 30
      vertex 2.95111 -9.08259 30
    endloop
  endfacet
  facet normal -0 0 1
    outer loop
      vertex 2.17604 -8.4751 30
      vertex 2.37499 -9.24997 30
      vertex 2.7039 -8.32174 30
    endloop
  endfacet
  facet normal 0 0 1
    outer loop
      vertex 2.17604 -8.4751 30
      vertex 1.78949 -9.38084 30
      vertex 2.37499 -9.24997 30
    endloop
  endfacet
  facet normal -0 0 1
    outer loop
      vertex 1.63959 -8.59501 30
      vertex 1.78949 -9.38084 30
      vertex 2.17604 -8.4751 30
    endloop
  endfacet
  facet normal 0 0 1
    outer loop
      vertex 1.63959 -8.59501 30
      vertex 1.19693 -9.4747 30
      vertex 1.78949 -9.38084 30
    endloop
  endfacet
  facet normal -0 0 1
    outer loop
      vertex 1.09667 -8.681 30
      vertex 1.19693 -9.4747 30
      vertex 1.63959 -8.59501 30
    endloop
  endfacet
  facet normal 0 0 1
    outer loop
      vertex 1.09667 -8.681 30
      vertex 0.599649 -9.53115 30
      vertex 1.19693 -9.4747 30
    endloop
  endfacet
  facet normal -0 0 1
    outer loop
      vertex 0.549417 -8.73273 30
      vertex 0.599649 -9.53115 30
      vertex 1.09667 -8.681 30
    endloop
  endfacet
  facet normal -0 0 1
    outer loop
      vertex 0 -8.75 30
      vertex 0.599649 -9.53115 30
      vertex 0.549417 -8.73273 30
    endloop
  endfacet
  facet normal 0 0 1
    outer loop
      vertex 0 -8.75 30
      vertex 0 -9.55 30
      vertex 0.599649 -9.53115 30
    endloop
  endfacet
  facet normal 0 0 1
    outer loop
      vertex -0.549417 -8.73273 30
      vertex 0 -9.55 30
      vertex 0 -8.75 30
    endloop
  endfacet
  facet normal 0 0 1
    outer loop
      vertex -0.549417 -8.73273 30
      vertex -0.599649 -9.53115 30
      vertex 0 -9.55 30
    endloop
  endfacet
  facet normal 0 0 1
    outer loop
      vertex -1.09667 -8.681 30
      vertex -0.599649 -9.53115 30
      vertex -0.549417 -8.73273 30
    endloop
  endfacet
  facet normal 0 0 1
    outer loop
      vertex -1.09667 -8.681 30
      vertex -1.19693 -9.4747 30
      vertex -0.599649 -9.53115 30
    endloop
  endfacet
  facet normal 0 0 1
    outer loop
      vertex -1.63959 -8.59501 30
      vertex -1.19693 -9.4747 30
      vertex -1.09667 -8.681 30
    endloop
  endfacet
  facet normal 0 0 1
    outer loop
      vertex -1.63959 -8.59501 30
      vertex -1.78949 -9.38084 30
      vertex -1.19693 -9.4747 30
    endloop
  endfacet
  facet normal 0 0 1
    outer loop
      vertex -2.17604 -8.4751 30
      vertex -1.78949 -9.38084 30
      vertex -1.63959 -8.59501 30
    endloop
  endfacet
  facet normal 0 0 1
    outer loop
      vertex -2.17604 -8.4751 30
      vertex -2.37499 -9.24997 30
      vertex -1.78949 -9.38084 30
    endloop
  endfacet
  facet normal 0 0 1
    outer loop
      vertex -2.7039 -8.32174 30
      vertex -2.37499 -9.24997 30
      vertex -2.17604 -8.4751 30
    endloop
  endfacet
  facet normal 0 0 1
    outer loop
      vertex -2.7039 -8.32174 30
      vertex -2.95111 -9.08259 30
      vertex -2.37499 -9.24997 30
    endloop
  endfacet
  facet normal 0 0 1
    outer loop
      vertex -3.22109 -8.13554 30
      vertex -2.95111 -9.08259 30
      vertex -2.7039 -8.32174 30
    endloop
  endfacet
  facet normal 0 0 1
    outer loop
      vertex -3.22109 -8.13554 30
      vertex -3.51559 -8.87936 30
      vertex -2.95111 -9.08259 30
    endloop
  endfacet
  facet normal 0 0 1
    outer loop
      vertex -3.72557 -7.91724 30
      vertex -3.51559 -8.87936 30
      vertex -3.22109 -8.13554 30
    endloop
  endfacet
  facet normal 0 0 1
    outer loop
      vertex -3.72557 -7.91724 30
      vertex -4.06619 -8.6411 30
      vertex -3.51559 -8.87936 30
    endloop
  endfacet
  facet normal 0 0 1
    outer loop
      vertex -4.21534 -7.66768 30
      vertex -4.06619 -8.6411 30
      vertex -3.72557 -7.91724 30
    endloop
  endfacet
  facet normal 0 0 1
    outer loop
      vertex -4.21534 -7.66768 30
      vertex -4.60075 -8.36873 30
      vertex -4.06619 -8.6411 30
    endloop
  endfacet
  facet normal 0 0 1
    outer loop
      vertex -4.68848 -7.38787 30
      vertex -4.60075 -8.36873 30
      vertex -4.21534 -7.66768 30
    endloop
  endfacet
  facet normal 0 0 1
    outer loop
      vertex -4.68848 -7.38787 30
      vertex -5.11715 -8.06333 30
      vertex -4.60075 -8.36873 30
    endloop
  endfacet
  facet normal 0 0 1
    outer loop
      vertex -5.14312 -7.0789 30
      vertex -5.11715 -8.06333 30
      vertex -4.68848 -7.38787 30
    endloop
  endfacet
  facet normal 0 0 1
    outer loop
      vertex -5.61335 -7.72611 30
      vertex -5.14312 -7.0789 30
      vertex -5.57746 -6.74199 30
    endloop
  endfacet
  facet normal 0 0 1
    outer loop
      vertex -5.14312 -7.0789 30
      vertex -5.61335 -7.72611 30
      vertex -5.11715 -8.06333 30
    endloop
  endfacet
  facet normal 0 0 1
    outer loop
      vertex -6.0874 -7.3584 30
      vertex -5.57746 -6.74199 30
      vertex -5.98979 -6.37848 30
    endloop
  endfacet
  facet normal 0 0 1
    outer loop
      vertex -5.57746 -6.74199 30
      vertex -6.0874 -7.3584 30
      vertex -5.61335 -7.72611 30
    endloop
  endfacet
  facet normal 0 0 1
    outer loop
      vertex -6.53742 -6.96165 30
      vertex -5.98979 -6.37848 30
      vertex -6.37848 -5.98979 30
    endloop
  endfacet
  facet normal 0 0 1
    outer loop
      vertex -5.98979 -6.37848 30
      vertex -6.53742 -6.96165 30
      vertex -6.0874 -7.3584 30
    endloop
  endfacet
  facet normal 0 0 1
    outer loop
      vertex -6.96165 -6.53742 30
      vertex -6.37848 -5.98979 30
      vertex -6.74199 -5.57746 30
    endloop
  endfacet
  facet normal 0 0 1
    outer loop
      vertex -6.37848 -5.98979 30
      vertex -6.96165 -6.53742 30
      vertex -6.53742 -6.96165 30
    endloop
  endfacet
  facet normal 0 0 1
    outer loop
      vertex -7.3584 -6.0874 30
      vertex -6.74199 -5.57746 30
      vertex -7.0789 -5.14312 30
    endloop
  endfacet
  facet normal 0 0 1
    outer loop
      vertex -6.74199 -5.57746 30
      vertex -7.3584 -6.0874 30
      vertex -6.96165 -6.53742 30
    endloop
  endfacet
  facet normal 0 0 1
    outer loop
      vertex -7.72611 -5.61335 30
      vertex -7.0789 -5.14312 30
      vertex -7.38787 -4.68848 30
    endloop
  endfacet
  facet normal 0 0 1
    outer loop
      vertex -8.06333 -5.11715 30
      vertex -7.38787 -4.68848 30
      vertex -7.66768 -4.21534 30
    endloop
  endfacet
  facet normal 0 0 1
    outer loop
      vertex -7.0789 -5.14312 30
      vertex -7.72611 -5.61335 30
      vertex -7.3584 -6.0874 30
    endloop
  endfacet
  facet normal 0 0 1
    outer loop
      vertex -8.36873 -4.60075 30
      vertex -7.66768 -4.21534 30
      vertex -7.91724 -3.72557 30
    endloop
  endfacet
  facet normal 0 0 1
    outer loop
      vertex -7.38787 -4.68848 30
      vertex -8.06333 -5.11715 30
      vertex -7.72611 -5.61335 30
    endloop
  endfacet
  facet normal 0 0 1
    outer loop
      vertex -8.6411 -4.06619 30
      vertex -7.91724 -3.72557 30
      vertex -8.13554 -3.22109 30
    endloop
  endfacet
  facet normal 0 0 1
    outer loop
      vertex -8.87936 -3.51559 30
      vertex -8.13554 -3.22109 30
      vertex -8.32174 -2.7039 30
    endloop
  endfacet
  facet normal 0 0 1
    outer loop
      vertex -7.66768 -4.21534 30
      vertex -8.36873 -4.60075 30
      vertex -8.06333 -5.11715 30
    endloop
  endfacet
  facet normal 0 0 1
    outer loop
      vertex -9.08259 -2.95111 30
      vertex -8.32174 -2.7039 30
      vertex -8.4751 -2.17604 30
    endloop
  endfacet
  facet normal 0 0 1
    outer loop
      vertex -9.24997 -2.37499 30
      vertex -8.4751 -2.17604 30
      vertex -8.59501 -1.63959 30
    endloop
  endfacet
  facet normal 0 0 1
    outer loop
      vertex -7.91724 -3.72557 30
      vertex -8.6411 -4.06619 30
      vertex -8.36873 -4.60075 30
    endloop
  endfacet
  facet normal 0 0 1
    outer loop
      vertex -9.38084 -1.78949 30
      vertex -8.59501 -1.63959 30
      vertex -8.681 -1.09667 30
    endloop
  endfacet
  facet normal 0 0 1
    outer loop
      vertex -9.4747 -1.19693 30
      vertex -8.681 -1.09667 30
      vertex -8.73273 -0.549417 30
    endloop
  endfacet
  facet normal 0 0 1
    outer loop
      vertex -9.53115 -0.599649 30
      vertex -8.73273 -0.549417 30
      vertex -8.75 0 30
    endloop
  endfacet
  facet normal 0 0 1
    outer loop
      vertex -8.59501 1.63959 30
      vertex -9.38084 1.78949 30
      vertex -8.681 1.09667 30
    endloop
  endfacet
  facet normal 0 0 1
    outer loop
      vertex -8.13554 -3.22109 30
      vertex -8.87936 -3.51559 30
      vertex -8.6411 -4.06619 30
    endloop
  endfacet
  facet normal -0 0 1
    outer loop
      vertex -9.4747 1.19693 30
      vertex -8.681 1.09667 30
      vertex -9.38084 1.78949 30
    endloop
  endfacet
  facet normal 0 0 1
    outer loop
      vertex -8.32174 -2.7039 30
      vertex -9.08259 -2.95111 30
      vertex -8.87936 -3.51559 30
    endloop
  endfacet
  facet normal 0 0 1
    outer loop
      vertex -8.681 1.09667 30
      vertex -9.4747 1.19693 30
      vertex -8.73273 0.549417 30
    endloop
  endfacet
  facet normal 0 0 1
    outer loop
      vertex -8.4751 -2.17604 30
      vertex -9.24997 -2.37499 30
      vertex -9.08259 -2.95111 30
    endloop
  endfacet
  facet normal -0 0 1
    outer loop
      vertex -9.53115 0.599649 30
      vertex -8.73273 0.549417 30
      vertex -9.4747 1.19693 30
    endloop
  endfacet
  facet normal 0 0 1
    outer loop
      vertex -8.59501 -1.63959 30
      vertex -9.38084 -1.78949 30
      vertex -9.24997 -2.37499 30
    endloop
  endfacet
  facet normal 0 0 1
    outer loop
      vertex -8.73273 0.549417 30
      vertex -9.53115 0.599649 30
      vertex -8.75 0 30
    endloop
  endfacet
  facet normal 0 0 1
    outer loop
      vertex -8.681 -1.09667 30
      vertex -9.4747 -1.19693 30
      vertex -9.38084 -1.78949 30
    endloop
  endfacet
  facet normal 0 0 1
    outer loop
      vertex -9.55 0 30
      vertex -8.75 0 30
      vertex -9.53115 0.599649 30
    endloop
  endfacet
  facet normal 0 0 1
    outer loop
      vertex -8.73273 -0.549417 30
      vertex -9.53115 -0.599649 30
      vertex -9.4747 -1.19693 30
    endloop
  endfacet
  facet normal 0 0 1
    outer loop
      vertex -8.75 0 30
      vertex -9.55 0 30
      vertex -9.53115 -0.599649 30
    endloop
  endfacet
  facet normal 0.661316 0.750108 -0
    outer loop
      vertex 6.53742 6.96165 0
      vertex 6.0874 7.3584 25
      vertex 6.53742 6.96165 25
    endloop
  endfacet
  facet normal 0.661316 0.750108 0
    outer loop
      vertex 6.0874 7.3584 25
      vertex 6.53742 6.96165 0
      vertex 6.0874 7.3584 0
    endloop
  endfacet
  facet normal -0.661316 -0.750108 0
    outer loop
      vertex 6.0874 7.3584 30
      vertex 6.53742 6.96165 37.6
      vertex 6.0874 7.3584 37.6
    endloop
  endfacet
  facet normal -0.661316 -0.750108 -0
    outer loop
      vertex 6.53742 6.96165 37.6
      vertex 6.0874 7.3584 30
      vertex 6.53742 6.96165 30
    endloop
  endfacet
  facet normal 0.0314195 -0.999506 0
    outer loop
      vertex 0 -9.55 0
      vertex 0.599649 -9.53115 25
      vertex 0 -9.55 25
    endloop
  endfacet
  facet normal 0.0314195 -0.999506 0
    outer loop
      vertex 0.599649 -9.53115 25
      vertex 0 -9.55 0
      vertex 0.599649 -9.53115 0
    endloop
  endfacet
  facet normal -0.0314195 0.999506 0
    outer loop
      vertex 0.599649 -9.53115 30
      vertex 0 -9.55 37.6
      vertex 0.599649 -9.53115 37.6
    endloop
  endfacet
  facet normal -0.0314195 0.999506 0
    outer loop
      vertex 0 -9.55 37.6
      vertex 0.599649 -9.53115 30
      vertex 0 -9.55 30
    endloop
  endfacet
  facet normal 0.39714 0.917758 -0
    outer loop
      vertex -3.51559 -8.87936 30
      vertex -4.06619 -8.6411 37.6
      vertex -3.51559 -8.87936 37.6
    endloop
  endfacet
  facet normal 0.39714 0.917758 0
    outer loop
      vertex -4.06619 -8.6411 37.6
      vertex -3.51559 -8.87936 30
      vertex -4.06619 -8.6411 30
    endloop
  endfacet
  facet normal -0.39714 -0.917758 0
    outer loop
      vertex -4.06619 -8.6411 0
      vertex -3.51559 -8.87936 25
      vertex -4.06619 -8.6411 25
    endloop
  endfacet
  facet normal -0.39714 -0.917758 -0
    outer loop
      vertex -3.51559 -8.87936 25
      vertex -4.06619 -8.6411 0
      vertex -3.51559 -8.87936 0
    endloop
  endfacet
  facet normal 0.917938 0.396724 0
    outer loop
      vertex 8.6411 4.06619 25
      vertex 8.6469 4.05277 3.43422
      vertex 8.6411 4.06619 3.39632
    endloop
  endfacet
  facet normal 0.917745 0.397171 -3.29655e-07
    outer loop
      vertex 8.6411 4.06619 25
      vertex 8.72025 3.88328 3.86027
      vertex 8.6469 4.05277 3.43422
    endloop
  endfacet
  facet normal 0.917752 0.397153 -1.47179e-07
    outer loop
      vertex 8.6411 4.06619 25
      vertex 8.80023 3.69846 4.27721
      vertex 8.72025 3.88328 3.86027
    endloop
  endfacet
  facet normal 0.917758 0.39714 -0
    outer loop
      vertex 8.87936 3.51559 4.64969
      vertex 8.6411 4.06619 25
      vertex 8.87936 3.51559 25
    endloop
  endfacet
  facet normal 0.917763 0.397128 3.80564e-07
    outer loop
      vertex 8.6411 4.06619 25
      vertex 8.87936 3.51559 4.64969
      vertex 8.80023 3.69846 4.27721
    endloop
  endfacet
  facet normal -0.917758 -0.39714 0
    outer loop
      vertex 8.87936 3.51559 30
      vertex 8.6411 4.06619 37.6
      vertex 8.6411 4.06619 30
    endloop
  endfacet
  facet normal -0.917758 -0.39714 0
    outer loop
      vertex 8.6411 4.06619 37.6
      vertex 8.87936 3.51559 30
      vertex 8.87936 3.51559 37.6
    endloop
  endfacet
  facet normal -0.975918 -0.218136 0
    outer loop
      vertex -9.24997 -2.37499 0
      vertex -9.38084 -1.78949 25
      vertex -9.38084 -1.78949 0
    endloop
  endfacet
  facet normal -0.975918 -0.218136 0
    outer loop
      vertex -9.38084 -1.78949 25
      vertex -9.24997 -2.37499 0
      vertex -9.24997 -2.37499 25
    endloop
  endfacet
  facet normal 0.975918 0.218136 0
    outer loop
      vertex -9.24997 -2.37499 37.6
      vertex -9.38084 -1.78949 30
      vertex -9.38084 -1.78949 37.6
    endloop
  endfacet
  facet normal 0.975918 0.218136 0
    outer loop
      vertex -9.38084 -1.78949 30
      vertex -9.24997 -2.37499 37.6
      vertex -9.24997 -2.37499 30
    endloop
  endfacet
  facet normal 0.156447 0.987686 -0
    outer loop
      vertex 1.78949 9.38084 0
      vertex 1.19693 9.4747 25
      vertex 1.78949 9.38084 25
    endloop
  endfacet
  facet normal 0.156447 0.987686 0
    outer loop
      vertex 1.19693 9.4747 25
      vertex 1.78949 9.38084 0
      vertex 1.19693 9.4747 0
    endloop
  endfacet
  facet normal -0.156447 -0.987686 0
    outer loop
      vertex 1.19693 9.4747 30
      vertex 1.78949 9.38084 37.6
      vertex 1.19693 9.4747 37.6
    endloop
  endfacet
  facet normal -0.156447 -0.987686 -0
    outer loop
      vertex 1.78949 9.38084 37.6
      vertex 1.19693 9.4747 30
      vertex 1.78949 9.38084 30
    endloop
  endfacet
  facet normal 0.612906 0.790156 -0
    outer loop
      vertex 6.0874 7.3584 0
      vertex 5.61335 7.72611 25
      vertex 6.0874 7.3584 25
    endloop
  endfacet
  facet normal 0.612906 0.790156 0
    outer loop
      vertex 5.61335 7.72611 25
      vertex 6.0874 7.3584 0
      vertex 5.61335 7.72611 0
    endloop
  endfacet
  facet normal -0.612906 -0.790156 0
    outer loop
      vertex 5.61335 7.72611 30
      vertex 6.0874 7.3584 37.6
      vertex 5.61335 7.72611 37.6
    endloop
  endfacet
  facet normal -0.612906 -0.790156 -0
    outer loop
      vertex 6.0874 7.3584 37.6
      vertex 5.61335 7.72611 30
      vertex 6.0874 7.3584 30
    endloop
  endfacet
  facet normal -0.999506 0.0314195 0
    outer loop
      vertex -9.55 0 0
      vertex -9.53115 0.599649 25
      vertex -9.53115 0.599649 0
    endloop
  endfacet
  facet normal -0.999506 0.0314195 0
    outer loop
      vertex -9.53115 0.599649 25
      vertex -9.55 0 0
      vertex -9.55 0 25
    endloop
  endfacet
  facet normal 0.999506 -0.0314195 0
    outer loop
      vertex -9.55 0 37.6
      vertex -9.53115 0.599649 30
      vertex -9.53115 0.599649 37.6
    endloop
  endfacet
  facet normal 0.999506 -0.0314195 0
    outer loop
      vertex -9.53115 0.599649 30
      vertex -9.55 0 37.6
      vertex -9.55 0 30
    endloop
  endfacet
  facet normal 0.750108 0.661316 0
    outer loop
      vertex 7.3584 6.0874 25
      vertex 6.96165 6.53742 0
      vertex 6.96165 6.53742 25
    endloop
  endfacet
  facet normal 0.750108 0.661316 0
    outer loop
      vertex 6.96165 6.53742 0
      vertex 7.3584 6.0874 25
      vertex 7.3584 6.0874 0
    endloop
  endfacet
  facet normal -0.750108 -0.661316 0
    outer loop
      vertex 7.3584 6.0874 30
      vertex 6.96165 6.53742 37.6
      vertex 6.96165 6.53742 30
    endloop
  endfacet
  facet normal -0.750108 -0.661316 0
    outer loop
      vertex 6.96165 6.53742 37.6
      vertex 7.3584 6.0874 30
      vertex 7.3584 6.0874 37.6
    endloop
  endfacet
  facet normal -0.156447 0.987686 0
    outer loop
      vertex -1.19693 9.4747 0
      vertex -1.78949 9.38084 25
      vertex -1.19693 9.4747 25
    endloop
  endfacet
  facet normal -0.156447 0.987686 0
    outer loop
      vertex -1.78949 9.38084 25
      vertex -1.19693 9.4747 0
      vertex -1.78949 9.38084 0
    endloop
  endfacet
  facet normal 0.156447 -0.987686 0
    outer loop
      vertex -1.78949 9.38084 30
      vertex -1.19693 9.4747 37.6
      vertex -1.78949 9.38084 37.6
    endloop
  endfacet
  facet normal 0.156447 -0.987686 0
    outer loop
      vertex -1.19693 9.4747 37.6
      vertex -1.78949 9.38084 30
      vertex -1.19693 9.4747 30
    endloop
  endfacet
  facet normal -0.860741 0.509044 0
    outer loop
      vertex -8.36873 4.60075 0
      vertex -8.06333 5.11715 25
      vertex -8.06333 5.11715 0
    endloop
  endfacet
  facet normal -0.860741 0.509044 0
    outer loop
      vertex -8.06333 5.11715 25
      vertex -8.36873 4.60075 0
      vertex -8.36873 4.60075 25
    endloop
  endfacet
  facet normal 0.860741 -0.509044 0
    outer loop
      vertex -8.36873 4.60075 37.6
      vertex -8.06333 5.11715 30
      vertex -8.06333 5.11715 37.6
    endloop
  endfacet
  facet normal 0.860741 -0.509044 0
    outer loop
      vertex -8.06333 5.11715 30
      vertex -8.36873 4.60075 37.6
      vertex -8.36873 4.60075 30
    endloop
  endfacet
  facet normal -0.0314195 0.999506 0
    outer loop
      vertex 0 9.55 0
      vertex -0.599649 9.53115 25
      vertex 0 9.55 25
    endloop
  endfacet
  facet normal -0.0314195 0.999506 0
    outer loop
      vertex -0.599649 9.53115 25
      vertex 0 9.55 0
      vertex -0.599649 9.53115 0
    endloop
  endfacet
  facet normal 0.0314195 -0.999506 0
    outer loop
      vertex -0.599649 9.53115 30
      vertex 0 9.55 37.6
      vertex -0.599649 9.53115 37.6
    endloop
  endfacet
  facet normal 0.0314195 -0.999506 0
    outer loop
      vertex 0 9.55 37.6
      vertex -0.599649 9.53115 30
      vertex 0 9.55 30
    endloop
  endfacet
  facet normal -0.790156 0.612906 0
    outer loop
      vertex 7.3584 -6.0874 30
      vertex 7.72611 -5.61335 37.6
      vertex 7.72611 -5.61335 30
    endloop
  endfacet
  facet normal -0.790156 0.612906 0
    outer loop
      vertex 7.72611 -5.61335 37.6
      vertex 7.3584 -6.0874 30
      vertex 7.3584 -6.0874 37.6
    endloop
  endfacet
  facet normal 0.790156 -0.612906 0
    outer loop
      vertex 7.3584 -6.0874 25
      vertex 7.72611 -5.61335 0
      vertex 7.72611 -5.61335 25
    endloop
  endfacet
  facet normal 0.790156 -0.612906 0
    outer loop
      vertex 7.72611 -5.61335 0
      vertex 7.3584 -6.0874 25
      vertex 7.3584 -6.0874 0
    endloop
  endfacet
  facet normal -0.612906 0.790156 0
    outer loop
      vertex 6.0874 -7.3584 30
      vertex 5.61335 -7.72611 37.6
      vertex 6.0874 -7.3584 37.6
    endloop
  endfacet
  facet normal -0.612906 0.790156 0
    outer loop
      vertex 5.61335 -7.72611 37.6
      vertex 6.0874 -7.3584 30
      vertex 5.61335 -7.72611 30
    endloop
  endfacet
  facet normal 0.612906 -0.790156 0
    outer loop
      vertex 5.61335 -7.72611 0
      vertex 6.0874 -7.3584 25
      vertex 5.61335 -7.72611 25
    endloop
  endfacet
  facet normal 0.612906 -0.790156 0
    outer loop
      vertex 6.0874 -7.3584 25
      vertex 5.61335 -7.72611 0
      vertex 6.0874 -7.3584 0
    endloop
  endfacet
  facet normal 0.278994 -0.960293 0
    outer loop
      vertex 2.37499 -9.24997 0
      vertex 2.95111 -9.08259 25
      vertex 2.37499 -9.24997 25
    endloop
  endfacet
  facet normal 0.278994 -0.960293 0
    outer loop
      vertex 2.95111 -9.08259 25
      vertex 2.37499 -9.24997 0
      vertex 2.95111 -9.08259 0
    endloop
  endfacet
  facet normal -0.278994 0.960293 0
    outer loop
      vertex 2.95111 -9.08259 30
      vertex 2.37499 -9.24997 37.6
      vertex 2.95111 -9.08259 37.6
    endloop
  endfacet
  facet normal -0.278994 0.960293 0
    outer loop
      vertex 2.37499 -9.24997 37.6
      vertex 2.95111 -9.08259 30
      vertex 2.37499 -9.24997 30
    endloop
  endfacet
  facet normal -0.995563 0.0940923 0
    outer loop
      vertex -9.53115 0.599649 0
      vertex -9.4747 1.19693 25
      vertex -9.4747 1.19693 0
    endloop
  endfacet
  facet normal -0.995563 0.0940923 0
    outer loop
      vertex -9.4747 1.19693 25
      vertex -9.53115 0.599649 0
      vertex -9.53115 0.599649 25
    endloop
  endfacet
  facet normal 0.995563 -0.0940923 0
    outer loop
      vertex -9.53115 0.599649 37.6
      vertex -9.4747 1.19693 30
      vertex -9.4747 1.19693 37.6
    endloop
  endfacet
  facet normal 0.995563 -0.0940923 0
    outer loop
      vertex -9.4747 1.19693 30
      vertex -9.53115 0.599649 37.6
      vertex -9.53115 0.599649 30
    endloop
  endfacet
  facet normal -0.707107 0.707107 0
    outer loop
      vertex -6.96165 6.53742 0
      vertex -6.53742 6.96165 25
      vertex -6.53742 6.96165 0
    endloop
  endfacet
  facet normal -0.707107 0.707107 0
    outer loop
      vertex -6.53742 6.96165 25
      vertex -6.96165 6.53742 0
      vertex -6.96165 6.53742 25
    endloop
  endfacet
  facet normal 0.707107 -0.707107 0
    outer loop
      vertex -6.96165 6.53742 37.6
      vertex -6.53742 6.96165 30
      vertex -6.53742 6.96165 37.6
    endloop
  endfacet
  facet normal 0.707107 -0.707107 0
    outer loop
      vertex -6.53742 6.96165 30
      vertex -6.96165 6.53742 37.6
      vertex -6.96165 6.53742 30
    endloop
  endfacet
  facet normal -0.987686 0.156447 0
    outer loop
      vertex -9.4747 1.19693 0
      vertex -9.38084 1.78949 25
      vertex -9.38084 1.78949 0
    endloop
  endfacet
  facet normal -0.987686 0.156447 0
    outer loop
      vertex -9.38084 1.78949 25
      vertex -9.4747 1.19693 0
      vertex -9.4747 1.19693 25
    endloop
  endfacet
  facet normal 0.987686 -0.156447 0
    outer loop
      vertex -9.4747 1.19693 37.6
      vertex -9.38084 1.78949 30
      vertex -9.38084 1.78949 37.6
    endloop
  endfacet
  facet normal 0.987686 -0.156447 0
    outer loop
      vertex -9.38084 1.78949 30
      vertex -9.4747 1.19693 37.6
      vertex -9.4747 1.19693 30
    endloop
  endfacet
  facet normal -0.917758 0.39714 0
    outer loop
      vertex 8.6411 -4.06619 30
      vertex 8.87936 -3.51559 37.6
      vertex 8.87936 -3.51559 30
    endloop
  endfacet
  facet normal -0.917758 0.39714 0
    outer loop
      vertex 8.87936 -3.51559 37.6
      vertex 8.6411 -4.06619 30
      vertex 8.6411 -4.06619 37.6
    endloop
  endfacet
  facet normal 0.917758 -0.39714 0
    outer loop
      vertex 8.6411 -4.06619 25
      vertex 8.87936 -3.51559 4.64969
      vertex 8.87936 -3.51559 25
    endloop
  endfacet
  facet normal 0.917763 -0.397128 3.80564e-07
    outer loop
      vertex 8.87936 -3.51559 4.64969
      vertex 8.6411 -4.06619 25
      vertex 8.80023 -3.69846 4.27721
    endloop
  endfacet
  facet normal 0.917752 -0.397153 -1.47179e-07
    outer loop
      vertex 8.80023 -3.69846 4.27721
      vertex 8.6411 -4.06619 25
      vertex 8.72025 -3.88328 3.86027
    endloop
  endfacet
  facet normal 0.917745 -0.397171 -3.29655e-07
    outer loop
      vertex 8.72025 -3.88328 3.86027
      vertex 8.6411 -4.06619 25
      vertex 8.6469 -4.05277 3.43422
    endloop
  endfacet
  facet normal 0.917938 -0.396724 0
    outer loop
      vertex 8.6469 -4.05277 3.43422
      vertex 8.6411 -4.06619 25
      vertex 8.6411 -4.06619 3.39632
    endloop
  endfacet
  facet normal -0.707107 0.707107 0
    outer loop
      vertex 6.53742 -6.96165 30
      vertex 6.96165 -6.53742 37.6
      vertex 6.96165 -6.53742 30
    endloop
  endfacet
  facet normal -0.707107 0.707107 0
    outer loop
      vertex 6.96165 -6.53742 37.6
      vertex 6.53742 -6.96165 30
      vertex 6.53742 -6.96165 37.6
    endloop
  endfacet
  facet normal 0.707107 -0.707107 0
    outer loop
      vertex 6.53742 -6.96165 25
      vertex 6.96165 -6.53742 0
      vertex 6.96165 -6.53742 25
    endloop
  endfacet
  facet normal 0.707107 -0.707107 0
    outer loop
      vertex 6.96165 -6.53742 0
      vertex 6.53742 -6.96165 25
      vertex 6.53742 -6.96165 0
    endloop
  endfacet
  facet normal 0.999506 0.0314195 0
    outer loop
      vertex -9.53115 -0.599649 37.6
      vertex -9.55 0 30
      vertex -9.55 0 37.6
    endloop
  endfacet
  facet normal 0.999506 0.0314195 0
    outer loop
      vertex -9.55 0 30
      vertex -9.53115 -0.599649 37.6
      vertex -9.53115 -0.599649 30
    endloop
  endfacet
  facet normal -0.999506 -0.0314195 0
    outer loop
      vertex -9.53115 -0.599649 0
      vertex -9.55 0 25
      vertex -9.55 0 0
    endloop
  endfacet
  facet normal -0.999506 -0.0314195 0
    outer loop
      vertex -9.55 0 25
      vertex -9.53115 -0.599649 0
      vertex -9.53115 -0.599649 25
    endloop
  endfacet
  facet normal 0.156447 0.987686 -0
    outer loop
      vertex -1.19693 -9.4747 30
      vertex -1.78949 -9.38084 37.6
      vertex -1.19693 -9.4747 37.6
    endloop
  endfacet
  facet normal 0.156447 0.987686 0
    outer loop
      vertex -1.78949 -9.38084 37.6
      vertex -1.19693 -9.4747 30
      vertex -1.78949 -9.38084 30
    endloop
  endfacet
  facet normal -0.156447 -0.987686 0
    outer loop
      vertex -1.78949 -9.38084 0
      vertex -1.19693 -9.4747 25
      vertex -1.78949 -9.38084 25
    endloop
  endfacet
  facet normal -0.156447 -0.987686 -0
    outer loop
      vertex -1.19693 -9.4747 25
      vertex -1.78949 -9.38084 0
      vertex -1.19693 -9.4747 0
    endloop
  endfacet
  facet normal 0.278994 0.960293 -0
    outer loop
      vertex -2.37499 -9.24997 30
      vertex -2.95111 -9.08259 37.6
      vertex -2.37499 -9.24997 37.6
    endloop
  endfacet
  facet normal 0.278994 0.960293 0
    outer loop
      vertex -2.95111 -9.08259 37.6
      vertex -2.37499 -9.24997 30
      vertex -2.95111 -9.08259 30
    endloop
  endfacet
  facet normal -0.278994 -0.960293 0
    outer loop
      vertex -2.95111 -9.08259 0
      vertex -2.37499 -9.24997 25
      vertex -2.95111 -9.08259 25
    endloop
  endfacet
  facet normal -0.278994 -0.960293 -0
    outer loop
      vertex -2.37499 -9.24997 25
      vertex -2.95111 -9.08259 0
      vertex -2.37499 -9.24997 0
    endloop
  endfacet
  facet normal -0.975918 0.218136 0
    outer loop
      vertex 9.24997 -2.37499 30
      vertex 9.38084 -1.78949 37.6
      vertex 9.38084 -1.78949 30
    endloop
  endfacet
  facet normal -0.975918 0.218136 0
    outer loop
      vertex 9.38084 -1.78949 37.6
      vertex 9.24997 -2.37499 30
      vertex 9.24997 -2.37499 37.6
    endloop
  endfacet
  facet normal 0.975918 -0.218136 0
    outer loop
      vertex 9.24997 -2.37499 25
      vertex 9.38084 -1.78949 6.82861
      vertex 9.38084 -1.78949 25
    endloop
  endfacet
  facet normal 0.975918 -0.218137 -5.50238e-08
    outer loop
      vertex 9.38084 -1.78949 6.82861
      vertex 9.24997 -2.37499 25
      vertex 9.32401 -2.04374 6.61618
    endloop
  endfacet
  facet normal 0.975922 -0.218119 2.92327e-07
    outer loop
      vertex 9.32401 -2.04374 6.61618
      vertex 9.24997 -2.37499 25
      vertex 9.26396 -2.31242 6.36252
    endloop
  endfacet
  facet normal 0.975904 -0.218202 0
    outer loop
      vertex 9.26396 -2.31242 6.36252
      vertex 9.24997 -2.37499 25
      vertex 9.24997 -2.37499 6.2962
    endloop
  endfacet
  facet normal 0.750108 0.661316 0
    outer loop
      vertex -6.96165 -6.53742 37.6
      vertex -7.3584 -6.0874 30
      vertex -7.3584 -6.0874 37.6
    endloop
  endfacet
  facet normal 0.750108 0.661316 0
    outer loop
      vertex -7.3584 -6.0874 30
      vertex -6.96165 -6.53742 37.6
      vertex -6.96165 -6.53742 30
    endloop
  endfacet
  facet normal -0.750108 -0.661316 0
    outer loop
      vertex -6.96165 -6.53742 0
      vertex -7.3584 -6.0874 25
      vertex -7.3584 -6.0874 0
    endloop
  endfacet
  facet normal -0.750108 -0.661316 0
    outer loop
      vertex -7.3584 -6.0874 25
      vertex -6.96165 -6.53742 0
      vertex -6.96165 -6.53742 25
    endloop
  endfacet
  facet normal -0.940878 -0.338745 0
    outer loop
      vertex -8.87936 -3.51559 0
      vertex -9.08259 -2.95111 25
      vertex -9.08259 -2.95111 0
    endloop
  endfacet
  facet normal -0.940878 -0.338745 0
    outer loop
      vertex -9.08259 -2.95111 25
      vertex -8.87936 -3.51559 0
      vertex -8.87936 -3.51559 25
    endloop
  endfacet
  facet normal 0.940878 0.338745 0
    outer loop
      vertex -8.87936 -3.51559 37.6
      vertex -9.08259 -2.95111 30
      vertex -9.08259 -2.95111 37.6
    endloop
  endfacet
  facet normal 0.940878 0.338745 0
    outer loop
      vertex -9.08259 -2.95111 30
      vertex -8.87936 -3.51559 37.6
      vertex -8.87936 -3.51559 30
    endloop
  endfacet
  facet normal -0.917758 -0.39714 0
    outer loop
      vertex -8.6411 -4.06619 0
      vertex -8.87936 -3.51559 25
      vertex -8.87936 -3.51559 0
    endloop
  endfacet
  facet normal -0.917758 -0.39714 0
    outer loop
      vertex -8.87936 -3.51559 25
      vertex -8.6411 -4.06619 0
      vertex -8.6411 -4.06619 25
    endloop
  endfacet
  facet normal 0.917758 0.39714 0
    outer loop
      vertex -8.6411 -4.06619 37.6
      vertex -8.87936 -3.51559 30
      vertex -8.87936 -3.51559 37.6
    endloop
  endfacet
  facet normal 0.917758 0.39714 0
    outer loop
      vertex -8.87936 -3.51559 30
      vertex -8.6411 -4.06619 37.6
      vertex -8.6411 -4.06619 30
    endloop
  endfacet
  facet normal -0.509044 -0.860741 0
    outer loop
      vertex -5.11715 -8.06333 0
      vertex -4.60075 -8.36873 25
      vertex -5.11715 -8.06333 25
    endloop
  endfacet
  facet normal -0.509044 -0.860741 -0
    outer loop
      vertex -4.60075 -8.36873 25
      vertex -5.11715 -8.06333 0
      vertex -4.60075 -8.36873 0
    endloop
  endfacet
  facet normal 0.509044 0.860741 -0
    outer loop
      vertex -4.60075 -8.36873 30
      vertex -5.11715 -8.06333 37.6
      vertex -4.60075 -8.36873 37.6
    endloop
  endfacet
  facet normal 0.509044 0.860741 0
    outer loop
      vertex -5.11715 -8.06333 37.6
      vertex -4.60075 -8.36873 30
      vertex -5.11715 -8.06333 30
    endloop
  endfacet
  facet normal -0.453988 -0.891008 0
    outer loop
      vertex -4.60075 -8.36873 0
      vertex -4.06619 -8.6411 25
      vertex -4.60075 -8.36873 25
    endloop
  endfacet
  facet normal -0.453988 -0.891008 -0
    outer loop
      vertex -4.06619 -8.6411 25
      vertex -4.60075 -8.36873 0
      vertex -4.06619 -8.6411 0
    endloop
  endfacet
  facet normal 0.453988 0.891008 -0
    outer loop
      vertex -4.06619 -8.6411 30
      vertex -4.60075 -8.36873 37.6
      vertex -4.06619 -8.6411 37.6
    endloop
  endfacet
  facet normal 0.453988 0.891008 0
    outer loop
      vertex -4.60075 -8.36873 37.6
      vertex -4.06619 -8.6411 30
      vertex -4.60075 -8.36873 30
    endloop
  endfacet
  facet normal 0.509044 -0.860741 0
    outer loop
      vertex 4.60075 -8.36873 0
      vertex 5.11715 -8.06333 25
      vertex 4.60075 -8.36873 25
    endloop
  endfacet
  facet normal 0.509044 -0.860741 0
    outer loop
      vertex 5.11715 -8.06333 25
      vertex 4.60075 -8.36873 0
      vertex 5.11715 -8.06333 0
    endloop
  endfacet
  facet normal -0.509044 0.860741 0
    outer loop
      vertex 5.11715 -8.06333 30
      vertex 4.60075 -8.36873 37.6
      vertex 5.11715 -8.06333 37.6
    endloop
  endfacet
  facet normal -0.509044 0.860741 0
    outer loop
      vertex 4.60075 -8.36873 37.6
      vertex 5.11715 -8.06333 30
      vertex 4.60075 -8.36873 30
    endloop
  endfacet
  facet normal 0 0 -1
    outer loop
      vertex 8.06333 -5.11715 0
      vertex 7.99921 -4.76215 0
      vertex 8.26285 -4.77977 0
    endloop
  endfacet
  facet normal 0 0 -1
    outer loop
      vertex 7.57801 -4.71498 0
      vertex 8.06333 -5.11715 0
      vertex 7.72611 -5.61335 0
    endloop
  endfacet
  facet normal 0 0 -1
    outer loop
      vertex 8.06333 -5.11715 0
      vertex 7.57801 -4.71498 0
      vertex 7.99921 -4.76215 0
    endloop
  endfacet
  facet normal 0 0 -1
    outer loop
      vertex 7.0789 -5.14312 0
      vertex 7.57801 -4.71498 0
      vertex 7.72611 -5.61335 0
    endloop
  endfacet
  facet normal 0 0 -1
    outer loop
      vertex 7.57801 -4.71498 0
      vertex 7.38787 -4.68848 0
      vertex 7.38979 -4.68523 0
    endloop
  endfacet
  facet normal 0 0 -1
    outer loop
      vertex 7.0789 -5.14312 0
      vertex 7.72611 -5.61335 0
      vertex 7.3584 -6.0874 0
    endloop
  endfacet
  facet normal -0 0 -1
    outer loop
      vertex 7.57801 -4.71498 0
      vertex 7.0789 -5.14312 0
      vertex 7.38787 -4.68848 0
    endloop
  endfacet
  facet normal 0 0 -1
    outer loop
      vertex 6.74199 -5.57746 0
      vertex 7.3584 -6.0874 0
      vertex 6.96165 -6.53742 0
    endloop
  endfacet
  facet normal 0 0 -1
    outer loop
      vertex 7.3584 -6.0874 0
      vertex 6.74199 -5.57746 0
      vertex 7.0789 -5.14312 0
    endloop
  endfacet
  facet normal 0 0 -1
    outer loop
      vertex 6.37848 -5.98979 0
      vertex 6.96165 -6.53742 0
      vertex 6.53742 -6.96165 0
    endloop
  endfacet
  facet normal 0 0 -1
    outer loop
      vertex 6.96165 -6.53742 0
      vertex 6.37848 -5.98979 0
      vertex 6.74199 -5.57746 0
    endloop
  endfacet
  facet normal 0 0 -1
    outer loop
      vertex 5.98979 -6.37848 0
      vertex 6.53742 -6.96165 0
      vertex 6.0874 -7.3584 0
    endloop
  endfacet
  facet normal 0 0 -1
    outer loop
      vertex 6.53742 -6.96165 0
      vertex 5.98979 -6.37848 0
      vertex 6.37848 -5.98979 0
    endloop
  endfacet
  facet normal 0 0 -1
    outer loop
      vertex 5.57746 -6.74199 0
      vertex 6.0874 -7.3584 0
      vertex 5.61335 -7.72611 0
    endloop
  endfacet
  facet normal 0 0 -1
    outer loop
      vertex 6.0874 -7.3584 0
      vertex 5.57746 -6.74199 0
      vertex 5.98979 -6.37848 0
    endloop
  endfacet
  facet normal 0 0 -1
    outer loop
      vertex 5.61335 -7.72611 0
      vertex 5.14312 -7.0789 0
      vertex 5.57746 -6.74199 0
    endloop
  endfacet
  facet normal 0 0 -1
    outer loop
      vertex 5.11715 -8.06333 0
      vertex 5.14312 -7.0789 0
      vertex 5.61335 -7.72611 0
    endloop
  endfacet
  facet normal 0 0 -1
    outer loop
      vertex 5.11715 -8.06333 0
      vertex 4.68848 -7.38787 0
      vertex 5.14312 -7.0789 0
    endloop
  endfacet
  facet normal 0 0 -1
    outer loop
      vertex 4.60075 -8.36873 0
      vertex 4.68848 -7.38787 0
      vertex 5.11715 -8.06333 0
    endloop
  endfacet
  facet normal 0 0 -1
    outer loop
      vertex 4.60075 -8.36873 0
      vertex 4.21534 -7.66768 0
      vertex 4.68848 -7.38787 0
    endloop
  endfacet
  facet normal 0 0 -1
    outer loop
      vertex 4.06619 -8.6411 0
      vertex 4.21534 -7.66768 0
      vertex 4.60075 -8.36873 0
    endloop
  endfacet
  facet normal 0 0 -1
    outer loop
      vertex 4.06619 -8.6411 0
      vertex 3.72557 -7.91724 0
      vertex 4.21534 -7.66768 0
    endloop
  endfacet
  facet normal 0 0 -1
    outer loop
      vertex 3.51559 -8.87936 0
      vertex 3.72557 -7.91724 0
      vertex 4.06619 -8.6411 0
    endloop
  endfacet
  facet normal 0 0 -1
    outer loop
      vertex 3.51559 -8.87936 0
      vertex 3.22109 -8.13554 0
      vertex 3.72557 -7.91724 0
    endloop
  endfacet
  facet normal 0 0 -1
    outer loop
      vertex 2.95111 -9.08259 0
      vertex 3.22109 -8.13554 0
      vertex 3.51559 -8.87936 0
    endloop
  endfacet
  facet normal 0 0 -1
    outer loop
      vertex 2.95111 -9.08259 0
      vertex 2.7039 -8.32174 0
      vertex 3.22109 -8.13554 0
    endloop
  endfacet
  facet normal 0 0 -1
    outer loop
      vertex 2.37499 -9.24997 0
      vertex 2.7039 -8.32174 0
      vertex 2.95111 -9.08259 0
    endloop
  endfacet
  facet normal 0 0 -1
    outer loop
      vertex 2.37499 -9.24997 0
      vertex 2.17604 -8.4751 0
      vertex 2.7039 -8.32174 0
    endloop
  endfacet
  facet normal 0 0 -1
    outer loop
      vertex 1.78949 -9.38084 0
      vertex 2.17604 -8.4751 0
      vertex 2.37499 -9.24997 0
    endloop
  endfacet
  facet normal 0 0 -1
    outer loop
      vertex 1.78949 -9.38084 0
      vertex 1.63959 -8.59501 0
      vertex 2.17604 -8.4751 0
    endloop
  endfacet
  facet normal 0 0 -1
    outer loop
      vertex 1.19693 -9.4747 0
      vertex 1.63959 -8.59501 0
      vertex 1.78949 -9.38084 0
    endloop
  endfacet
  facet normal 0 0 -1
    outer loop
      vertex 1.19693 -9.4747 0
      vertex 1.09667 -8.681 0
      vertex 1.63959 -8.59501 0
    endloop
  endfacet
  facet normal 0 0 -1
    outer loop
      vertex 0.599649 -9.53115 0
      vertex 1.09667 -8.681 0
      vertex 1.19693 -9.4747 0
    endloop
  endfacet
  facet normal 0 0 -1
    outer loop
      vertex 0.599649 -9.53115 0
      vertex 0.549417 -8.73273 0
      vertex 1.09667 -8.681 0
    endloop
  endfacet
  facet normal 0 0 -1
    outer loop
      vertex 0 -9.55 0
      vertex 0.549417 -8.73273 0
      vertex 0.599649 -9.53115 0
    endloop
  endfacet
  facet normal 0 0 -1
    outer loop
      vertex 0 -9.55 0
      vertex 0 -8.75 0
      vertex 0.549417 -8.73273 0
    endloop
  endfacet
  facet normal 0 0 -1
    outer loop
      vertex 0 -9.55 0
      vertex -0.549417 -8.73273 0
      vertex 0 -8.75 0
    endloop
  endfacet
  facet normal 0 0 -1
    outer loop
      vertex -0.599649 -9.53115 0
      vertex -0.549417 -8.73273 0
      vertex 0 -9.55 0
    endloop
  endfacet
  facet normal 0 0 -1
    outer loop
      vertex -0.599649 -9.53115 0
      vertex -1.09667 -8.681 0
      vertex -0.549417 -8.73273 0
    endloop
  endfacet
  facet normal 0 0 -1
    outer loop
      vertex -1.19693 -9.4747 0
      vertex -1.09667 -8.681 0
      vertex -0.599649 -9.53115 0
    endloop
  endfacet
  facet normal 0 0 -1
    outer loop
      vertex -1.19693 -9.4747 0
      vertex -1.63959 -8.59501 0
      vertex -1.09667 -8.681 0
    endloop
  endfacet
  facet normal 0 0 -1
    outer loop
      vertex -1.78949 -9.38084 0
      vertex -1.63959 -8.59501 0
      vertex -1.19693 -9.4747 0
    endloop
  endfacet
  facet normal 0 0 -1
    outer loop
      vertex -1.78949 -9.38084 0
      vertex -2.17604 -8.4751 0
      vertex -1.63959 -8.59501 0
    endloop
  endfacet
  facet normal 0 0 -1
    outer loop
      vertex -2.37499 -9.24997 0
      vertex -2.17604 -8.4751 0
      vertex -1.78949 -9.38084 0
    endloop
  endfacet
  facet normal 0 0 -1
    outer loop
      vertex -2.37499 -9.24997 0
      vertex -2.7039 -8.32174 0
      vertex -2.17604 -8.4751 0
    endloop
  endfacet
  facet normal 0 0 -1
    outer loop
      vertex -2.95111 -9.08259 0
      vertex -2.7039 -8.32174 0
      vertex -2.37499 -9.24997 0
    endloop
  endfacet
  facet normal 0 0 -1
    outer loop
      vertex -2.95111 -9.08259 0
      vertex -3.22109 -8.13554 0
      vertex -2.7039 -8.32174 0
    endloop
  endfacet
  facet normal 0 0 -1
    outer loop
      vertex -3.51559 -8.87936 0
      vertex -3.22109 -8.13554 0
      vertex -2.95111 -9.08259 0
    endloop
  endfacet
  facet normal 0 0 -1
    outer loop
      vertex -3.51559 -8.87936 0
      vertex -3.72557 -7.91724 0
      vertex -3.22109 -8.13554 0
    endloop
  endfacet
  facet normal 0 0 -1
    outer loop
      vertex -4.06619 -8.6411 0
      vertex -3.72557 -7.91724 0
      vertex -3.51559 -8.87936 0
    endloop
  endfacet
  facet normal 0 0 -1
    outer loop
      vertex -4.06619 -8.6411 0
      vertex -4.21534 -7.66768 0
      vertex -3.72557 -7.91724 0
    endloop
  endfacet
  facet normal 0 0 -1
    outer loop
      vertex -4.60075 -8.36873 0
      vertex -4.21534 -7.66768 0
      vertex -4.06619 -8.6411 0
    endloop
  endfacet
  facet normal 0 0 -1
    outer loop
      vertex -4.60075 -8.36873 0
      vertex -4.68848 -7.38787 0
      vertex -4.21534 -7.66768 0
    endloop
  endfacet
  facet normal 0 0 -1
    outer loop
      vertex -5.11715 -8.06333 0
      vertex -4.68848 -7.38787 0
      vertex -4.60075 -8.36873 0
    endloop
  endfacet
  facet normal 0 0 -1
    outer loop
      vertex -5.11715 -8.06333 0
      vertex -5.14312 -7.0789 0
      vertex -4.68848 -7.38787 0
    endloop
  endfacet
  facet normal 0 0 -1
    outer loop
      vertex -5.61335 -7.72611 0
      vertex -5.14312 -7.0789 0
      vertex -5.11715 -8.06333 0
    endloop
  endfacet
  facet normal -0 0 -1
    outer loop
      vertex -5.14312 -7.0789 0
      vertex -5.61335 -7.72611 0
      vertex -5.57746 -6.74199 0
    endloop
  endfacet
  facet normal 0 0 -1
    outer loop
      vertex -6.0874 -7.3584 0
      vertex -5.57746 -6.74199 0
      vertex -5.61335 -7.72611 0
    endloop
  endfacet
  facet normal -0 0 -1
    outer loop
      vertex -5.57746 -6.74199 0
      vertex -6.0874 -7.3584 0
      vertex -5.98979 -6.37848 0
    endloop
  endfacet
  facet normal 0 0 -1
    outer loop
      vertex -6.53742 -6.96165 0
      vertex -5.98979 -6.37848 0
      vertex -6.0874 -7.3584 0
    endloop
  endfacet
  facet normal -0 0 -1
    outer loop
      vertex -5.98979 -6.37848 0
      vertex -6.53742 -6.96165 0
      vertex -6.37848 -5.98979 0
    endloop
  endfacet
  facet normal 0 0 -1
    outer loop
      vertex -6.96165 -6.53742 0
      vertex -6.37848 -5.98979 0
      vertex -6.53742 -6.96165 0
    endloop
  endfacet
  facet normal -0 0 -1
    outer loop
      vertex -6.37848 -5.98979 0
      vertex -6.96165 -6.53742 0
      vertex -6.74199 -5.57746 0
    endloop
  endfacet
  facet normal 0 0 -1
    outer loop
      vertex -7.3584 -6.0874 0
      vertex -6.74199 -5.57746 0
      vertex -6.96165 -6.53742 0
    endloop
  endfacet
  facet normal -0 0 -1
    outer loop
      vertex -6.74199 -5.57746 0
      vertex -7.3584 -6.0874 0
      vertex -7.0789 -5.14312 0
    endloop
  endfacet
  facet normal 0 0 -1
    outer loop
      vertex -7.72611 -5.61335 0
      vertex -7.0789 -5.14312 0
      vertex -7.3584 -6.0874 0
    endloop
  endfacet
  facet normal -0 0 -1
    outer loop
      vertex -7.0789 -5.14312 0
      vertex -7.72611 -5.61335 0
      vertex -7.38787 -4.68848 0
    endloop
  endfacet
  facet normal 0 0 -1
    outer loop
      vertex -8.06333 -5.11715 0
      vertex -7.38787 -4.68848 0
      vertex -7.72611 -5.61335 0
    endloop
  endfacet
  facet normal -0 0 -1
    outer loop
      vertex -7.38787 -4.68848 0
      vertex -8.06333 -5.11715 0
      vertex -7.66768 -4.21534 0
    endloop
  endfacet
  facet normal 0 0 -1
    outer loop
      vertex -8.36873 -4.60075 0
      vertex -7.66768 -4.21534 0
      vertex -8.06333 -5.11715 0
    endloop
  endfacet
  facet normal -0 0 -1
    outer loop
      vertex -7.66768 -4.21534 0
      vertex -8.36873 -4.60075 0
      vertex -7.91724 -3.72557 0
    endloop
  endfacet
  facet normal 0 0 -1
    outer loop
      vertex -8.6411 -4.06619 0
      vertex -7.91724 -3.72557 0
      vertex -8.36873 -4.60075 0
    endloop
  endfacet
  facet normal -0 0 -1
    outer loop
      vertex -7.91724 -3.72557 0
      vertex -8.6411 -4.06619 0
      vertex -8.13554 -3.22109 0
    endloop
  endfacet
  facet normal 0 0 -1
    outer loop
      vertex -8.87936 -3.51559 0
      vertex -8.13554 -3.22109 0
      vertex -8.6411 -4.06619 0
    endloop
  endfacet
  facet normal -0 0 -1
    outer loop
      vertex -8.13554 -3.22109 0
      vertex -8.87936 -3.51559 0
      vertex -8.32174 -2.7039 0
    endloop
  endfacet
  facet normal 0 0 -1
    outer loop
      vertex -9.08259 -2.95111 0
      vertex -8.32174 -2.7039 0
      vertex -8.87936 -3.51559 0
    endloop
  endfacet
  facet normal -0 0 -1
    outer loop
      vertex -8.32174 -2.7039 0
      vertex -9.08259 -2.95111 0
      vertex -8.4751 -2.17604 0
    endloop
  endfacet
  facet normal 0 0 -1
    outer loop
      vertex -9.24997 -2.37499 0
      vertex -8.4751 -2.17604 0
      vertex -9.08259 -2.95111 0
    endloop
  endfacet
  facet normal -0 0 -1
    outer loop
      vertex -8.4751 -2.17604 0
      vertex -9.24997 -2.37499 0
      vertex -8.59501 -1.63959 0
    endloop
  endfacet
  facet normal 0 0 -1
    outer loop
      vertex -9.38084 -1.78949 0
      vertex -8.59501 -1.63959 0
      vertex -9.24997 -2.37499 0
    endloop
  endfacet
  facet normal 0 0 -1
    outer loop
      vertex 7.99921 4.76215 0
      vertex 8.06333 5.11715 0
      vertex 8.26285 4.77977 0
    endloop
  endfacet
  facet normal 0 0 -1
    outer loop
      vertex 7.57801 4.71498 0
      vertex 8.06333 5.11715 0
      vertex 7.99921 4.76215 0
    endloop
  endfacet
  facet normal -0 0 -1
    outer loop
      vertex 8.06333 5.11715 0
      vertex 7.57801 4.71498 0
      vertex 7.72611 5.61335 0
    endloop
  endfacet
  facet normal 0 0 -1
    outer loop
      vertex 7.38787 4.68848 0
      vertex 7.57801 4.71498 0
      vertex 7.38979 4.68523 0
    endloop
  endfacet
  facet normal 0 0 -1
    outer loop
      vertex 7.0789 5.14312 0
      vertex 7.57801 4.71498 0
      vertex 7.38787 4.68848 0
    endloop
  endfacet
  facet normal 0 0 -1
    outer loop
      vertex 7.57801 4.71498 0
      vertex 7.0789 5.14312 0
      vertex 7.72611 5.61335 0
    endloop
  endfacet
  facet normal -0 0 -1
    outer loop
      vertex 7.72611 5.61335 0
      vertex 7.0789 5.14312 0
      vertex 7.3584 6.0874 0
    endloop
  endfacet
  facet normal 0 0 -1
    outer loop
      vertex 6.74199 5.57746 0
      vertex 7.3584 6.0874 0
      vertex 7.0789 5.14312 0
    endloop
  endfacet
  facet normal -0 0 -1
    outer loop
      vertex 7.3584 6.0874 0
      vertex 6.74199 5.57746 0
      vertex 6.96165 6.53742 0
    endloop
  endfacet
  facet normal 0 0 -1
    outer loop
      vertex 6.37848 5.98979 0
      vertex 6.96165 6.53742 0
      vertex 6.74199 5.57746 0
    endloop
  endfacet
  facet normal -0 0 -1
    outer loop
      vertex 6.96165 6.53742 0
      vertex 6.37848 5.98979 0
      vertex 6.53742 6.96165 0
    endloop
  endfacet
  facet normal 0 0 -1
    outer loop
      vertex 5.98979 6.37848 0
      vertex 6.53742 6.96165 0
      vertex 6.37848 5.98979 0
    endloop
  endfacet
  facet normal -0 0 -1
    outer loop
      vertex 6.53742 6.96165 0
      vertex 5.98979 6.37848 0
      vertex 6.0874 7.3584 0
    endloop
  endfacet
  facet normal 0 0 -1
    outer loop
      vertex 5.57746 6.74199 0
      vertex 6.0874 7.3584 0
      vertex 5.98979 6.37848 0
    endloop
  endfacet
  facet normal -0 0 -1
    outer loop
      vertex 6.0874 7.3584 0
      vertex 5.57746 6.74199 0
      vertex 5.61335 7.72611 0
    endloop
  endfacet
  facet normal 0 0 -1
    outer loop
      vertex 5.14312 7.0789 0
      vertex 5.61335 7.72611 0
      vertex 5.57746 6.74199 0
    endloop
  endfacet
  facet normal 0 0 -1
    outer loop
      vertex 5.14312 7.0789 0
      vertex 5.11715 8.06333 0
      vertex 5.61335 7.72611 0
    endloop
  endfacet
  facet normal 0 0 -1
    outer loop
      vertex 4.68848 7.38787 0
      vertex 5.11715 8.06333 0
      vertex 5.14312 7.0789 0
    endloop
  endfacet
  facet normal 0 0 -1
    outer loop
      vertex 4.68848 7.38787 0
      vertex 4.60075 8.36873 0
      vertex 5.11715 8.06333 0
    endloop
  endfacet
  facet normal 0 0 -1
    outer loop
      vertex 4.21534 7.66768 0
      vertex 4.60075 8.36873 0
      vertex 4.68848 7.38787 0
    endloop
  endfacet
  facet normal 0 0 -1
    outer loop
      vertex 4.21534 7.66768 0
      vertex 4.06619 8.6411 0
      vertex 4.60075 8.36873 0
    endloop
  endfacet
  facet normal 0 0 -1
    outer loop
      vertex 3.72557 7.91724 0
      vertex 4.06619 8.6411 0
      vertex 4.21534 7.66768 0
    endloop
  endfacet
  facet normal 0 0 -1
    outer loop
      vertex 3.72557 7.91724 0
      vertex 3.51559 8.87936 0
      vertex 4.06619 8.6411 0
    endloop
  endfacet
  facet normal 0 0 -1
    outer loop
      vertex 3.22109 8.13554 0
      vertex 3.51559 8.87936 0
      vertex 3.72557 7.91724 0
    endloop
  endfacet
  facet normal 0 0 -1
    outer loop
      vertex 3.22109 8.13554 0
      vertex 2.95111 9.08259 0
      vertex 3.51559 8.87936 0
    endloop
  endfacet
  facet normal 0 0 -1
    outer loop
      vertex 2.7039 8.32174 0
      vertex 2.95111 9.08259 0
      vertex 3.22109 8.13554 0
    endloop
  endfacet
  facet normal 0 0 -1
    outer loop
      vertex 2.7039 8.32174 0
      vertex 2.37499 9.24997 0
      vertex 2.95111 9.08259 0
    endloop
  endfacet
  facet normal 0 0 -1
    outer loop
      vertex 2.17604 8.4751 0
      vertex 2.37499 9.24997 0
      vertex 2.7039 8.32174 0
    endloop
  endfacet
  facet normal 0 0 -1
    outer loop
      vertex 2.17604 8.4751 0
      vertex 1.78949 9.38084 0
      vertex 2.37499 9.24997 0
    endloop
  endfacet
  facet normal 0 0 -1
    outer loop
      vertex 1.63959 8.59501 0
      vertex 1.78949 9.38084 0
      vertex 2.17604 8.4751 0
    endloop
  endfacet
  facet normal 0 0 -1
    outer loop
      vertex 1.63959 8.59501 0
      vertex 1.19693 9.4747 0
      vertex 1.78949 9.38084 0
    endloop
  endfacet
  facet normal 0 0 -1
    outer loop
      vertex 1.09667 8.681 0
      vertex 1.19693 9.4747 0
      vertex 1.63959 8.59501 0
    endloop
  endfacet
  facet normal 0 0 -1
    outer loop
      vertex 1.09667 8.681 0
      vertex 0.599649 9.53115 0
      vertex 1.19693 9.4747 0
    endloop
  endfacet
  facet normal 0 0 -1
    outer loop
      vertex 0.549417 8.73273 0
      vertex 0.599649 9.53115 0
      vertex 1.09667 8.681 0
    endloop
  endfacet
  facet normal 0 0 -1
    outer loop
      vertex 0 8.75 0
      vertex 0.599649 9.53115 0
      vertex 0.549417 8.73273 0
    endloop
  endfacet
  facet normal 0 0 -1
    outer loop
      vertex 0 8.75 0
      vertex 0 9.55 0
      vertex 0.599649 9.53115 0
    endloop
  endfacet
  facet normal 0 0 -1
    outer loop
      vertex -0.549417 8.73273 0
      vertex 0 9.55 0
      vertex 0 8.75 0
    endloop
  endfacet
  facet normal 0 0 -1
    outer loop
      vertex -0.549417 8.73273 0
      vertex -0.599649 9.53115 0
      vertex 0 9.55 0
    endloop
  endfacet
  facet normal 0 0 -1
    outer loop
      vertex -1.09667 8.681 0
      vertex -0.599649 9.53115 0
      vertex -0.549417 8.73273 0
    endloop
  endfacet
  facet normal 0 0 -1
    outer loop
      vertex -1.09667 8.681 0
      vertex -1.19693 9.4747 0
      vertex -0.599649 9.53115 0
    endloop
  endfacet
  facet normal 0 0 -1
    outer loop
      vertex -1.63959 8.59501 0
      vertex -1.19693 9.4747 0
      vertex -1.09667 8.681 0
    endloop
  endfacet
  facet normal 0 0 -1
    outer loop
      vertex -1.63959 8.59501 0
      vertex -1.78949 9.38084 0
      vertex -1.19693 9.4747 0
    endloop
  endfacet
  facet normal 0 0 -1
    outer loop
      vertex -2.17604 8.4751 0
      vertex -1.78949 9.38084 0
      vertex -1.63959 8.59501 0
    endloop
  endfacet
  facet normal 0 0 -1
    outer loop
      vertex -2.17604 8.4751 0
      vertex -2.37499 9.24997 0
      vertex -1.78949 9.38084 0
    endloop
  endfacet
  facet normal 0 0 -1
    outer loop
      vertex -2.7039 8.32174 0
      vertex -2.37499 9.24997 0
      vertex -2.17604 8.4751 0
    endloop
  endfacet
  facet normal 0 0 -1
    outer loop
      vertex -2.7039 8.32174 0
      vertex -2.95111 9.08259 0
      vertex -2.37499 9.24997 0
    endloop
  endfacet
  facet normal 0 0 -1
    outer loop
      vertex -3.22109 8.13554 0
      vertex -2.95111 9.08259 0
      vertex -2.7039 8.32174 0
    endloop
  endfacet
  facet normal 0 0 -1
    outer loop
      vertex -3.22109 8.13554 0
      vertex -3.51559 8.87936 0
      vertex -2.95111 9.08259 0
    endloop
  endfacet
  facet normal 0 0 -1
    outer loop
      vertex -3.72557 7.91724 0
      vertex -3.51559 8.87936 0
      vertex -3.22109 8.13554 0
    endloop
  endfacet
  facet normal 0 0 -1
    outer loop
      vertex -3.72557 7.91724 0
      vertex -4.06619 8.6411 0
      vertex -3.51559 8.87936 0
    endloop
  endfacet
  facet normal 0 0 -1
    outer loop
      vertex -4.21534 7.66768 0
      vertex -4.06619 8.6411 0
      vertex -3.72557 7.91724 0
    endloop
  endfacet
  facet normal 0 0 -1
    outer loop
      vertex -4.21534 7.66768 0
      vertex -4.60075 8.36873 0
      vertex -4.06619 8.6411 0
    endloop
  endfacet
  facet normal 0 0 -1
    outer loop
      vertex -4.68848 7.38787 0
      vertex -4.60075 8.36873 0
      vertex -4.21534 7.66768 0
    endloop
  endfacet
  facet normal 0 0 -1
    outer loop
      vertex -4.68848 7.38787 0
      vertex -5.11715 8.06333 0
      vertex -4.60075 8.36873 0
    endloop
  endfacet
  facet normal 0 0 -1
    outer loop
      vertex -5.14312 7.0789 0
      vertex -5.11715 8.06333 0
      vertex -4.68848 7.38787 0
    endloop
  endfacet
  facet normal 0 0 -1
    outer loop
      vertex -5.61335 7.72611 0
      vertex -5.14312 7.0789 0
      vertex -5.57746 6.74199 0
    endloop
  endfacet
  facet normal 0 0 -1
    outer loop
      vertex -5.14312 7.0789 0
      vertex -5.61335 7.72611 0
      vertex -5.11715 8.06333 0
    endloop
  endfacet
  facet normal 0 0 -1
    outer loop
      vertex -6.0874 7.3584 0
      vertex -5.57746 6.74199 0
      vertex -5.98979 6.37848 0
    endloop
  endfacet
  facet normal 0 0 -1
    outer loop
      vertex -5.57746 6.74199 0
      vertex -6.0874 7.3584 0
      vertex -5.61335 7.72611 0
    endloop
  endfacet
  facet normal 0 0 -1
    outer loop
      vertex -6.53742 6.96165 0
      vertex -5.98979 6.37848 0
      vertex -6.37848 5.98979 0
    endloop
  endfacet
  facet normal 0 0 -1
    outer loop
      vertex -5.98979 6.37848 0
      vertex -6.53742 6.96165 0
      vertex -6.0874 7.3584 0
    endloop
  endfacet
  facet normal 0 0 -1
    outer loop
      vertex -6.96165 6.53742 0
      vertex -6.37848 5.98979 0
      vertex -6.74199 5.57746 0
    endloop
  endfacet
  facet normal 0 0 -1
    outer loop
      vertex -6.37848 5.98979 0
      vertex -6.96165 6.53742 0
      vertex -6.53742 6.96165 0
    endloop
  endfacet
  facet normal 0 0 -1
    outer loop
      vertex -7.3584 6.0874 0
      vertex -6.74199 5.57746 0
      vertex -7.0789 5.14312 0
    endloop
  endfacet
  facet normal 0 0 -1
    outer loop
      vertex -6.74199 5.57746 0
      vertex -7.3584 6.0874 0
      vertex -6.96165 6.53742 0
    endloop
  endfacet
  facet normal 0 0 -1
    outer loop
      vertex -7.72611 5.61335 0
      vertex -7.0789 5.14312 0
      vertex -7.38787 4.68848 0
    endloop
  endfacet
  facet normal 0 0 -1
    outer loop
      vertex -8.06333 5.11715 0
      vertex -7.38787 4.68848 0
      vertex -7.66768 4.21534 0
    endloop
  endfacet
  facet normal 0 0 -1
    outer loop
      vertex -7.0789 5.14312 0
      vertex -7.72611 5.61335 0
      vertex -7.3584 6.0874 0
    endloop
  endfacet
  facet normal 0 0 -1
    outer loop
      vertex -8.36873 4.60075 0
      vertex -7.66768 4.21534 0
      vertex -7.91724 3.72557 0
    endloop
  endfacet
  facet normal 0 0 -1
    outer loop
      vertex -7.38787 4.68848 0
      vertex -8.06333 5.11715 0
      vertex -7.72611 5.61335 0
    endloop
  endfacet
  facet normal 0 0 -1
    outer loop
      vertex -8.6411 4.06619 0
      vertex -7.91724 3.72557 0
      vertex -8.13554 3.22109 0
    endloop
  endfacet
  facet normal 0 0 -1
    outer loop
      vertex -8.87936 3.51559 0
      vertex -8.13554 3.22109 0
      vertex -8.32174 2.7039 0
    endloop
  endfacet
  facet normal 0 0 -1
    outer loop
      vertex -7.66768 4.21534 0
      vertex -8.36873 4.60075 0
      vertex -8.06333 5.11715 0
    endloop
  endfacet
  facet normal 0 0 -1
    outer loop
      vertex -9.08259 2.95111 0
      vertex -8.32174 2.7039 0
      vertex -8.4751 2.17604 0
    endloop
  endfacet
  facet normal 0 0 -1
    outer loop
      vertex -9.24997 2.37499 0
      vertex -8.4751 2.17604 0
      vertex -8.59501 1.63959 0
    endloop
  endfacet
  facet normal 0 0 -1
    outer loop
      vertex -7.91724 3.72557 0
      vertex -8.6411 4.06619 0
      vertex -8.36873 4.60075 0
    endloop
  endfacet
  facet normal 0 0 -1
    outer loop
      vertex -9.38084 1.78949 0
      vertex -8.59501 1.63959 0
      vertex -8.681 1.09667 0
    endloop
  endfacet
  facet normal 0 0 -1
    outer loop
      vertex -9.4747 1.19693 0
      vertex -8.681 1.09667 0
      vertex -8.73273 0.549417 0
    endloop
  endfacet
  facet normal 0 0 -1
    outer loop
      vertex -9.53115 0.599649 0
      vertex -8.73273 0.549417 0
      vertex -8.75 0 0
    endloop
  endfacet
  facet normal -0 0 -1
    outer loop
      vertex -8.59501 -1.63959 0
      vertex -9.38084 -1.78949 0
      vertex -8.681 -1.09667 0
    endloop
  endfacet
  facet normal 0 0 -1
    outer loop
      vertex -8.13554 3.22109 0
      vertex -8.87936 3.51559 0
      vertex -8.6411 4.06619 0
    endloop
  endfacet
  facet normal 0 0 -1
    outer loop
      vertex -9.4747 -1.19693 0
      vertex -8.681 -1.09667 0
      vertex -9.38084 -1.78949 0
    endloop
  endfacet
  facet normal 0 0 -1
    outer loop
      vertex -8.32174 2.7039 0
      vertex -9.08259 2.95111 0
      vertex -8.87936 3.51559 0
    endloop
  endfacet
  facet normal -0 0 -1
    outer loop
      vertex -8.681 -1.09667 0
      vertex -9.4747 -1.19693 0
      vertex -8.73273 -0.549417 0
    endloop
  endfacet
  facet normal 0 0 -1
    outer loop
      vertex -8.4751 2.17604 0
      vertex -9.24997 2.37499 0
      vertex -9.08259 2.95111 0
    endloop
  endfacet
  facet normal 0 0 -1
    outer loop
      vertex -9.53115 -0.599649 0
      vertex -8.73273 -0.549417 0
      vertex -9.4747 -1.19693 0
    endloop
  endfacet
  facet normal 0 0 -1
    outer loop
      vertex -8.59501 1.63959 0
      vertex -9.38084 1.78949 0
      vertex -9.24997 2.37499 0
    endloop
  endfacet
  facet normal -0 0 -1
    outer loop
      vertex -8.73273 -0.549417 0
      vertex -9.53115 -0.599649 0
      vertex -8.75 0 0
    endloop
  endfacet
  facet normal 0 0 -1
    outer loop
      vertex -8.681 1.09667 0
      vertex -9.4747 1.19693 0
      vertex -9.38084 1.78949 0
    endloop
  endfacet
  facet normal 0 0 -1
    outer loop
      vertex -9.55 0 0
      vertex -8.75 0 0
      vertex -9.53115 -0.599649 0
    endloop
  endfacet
  facet normal 0 0 -1
    outer loop
      vertex -8.73273 0.549417 0
      vertex -9.53115 0.599649 0
      vertex -9.4747 1.19693 0
    endloop
  endfacet
  facet normal 0 0 -1
    outer loop
      vertex -8.75 0 0
      vertex -9.55 0 0
      vertex -9.53115 0.599649 0
    endloop
  endfacet
  facet normal -0.827078 0.562087 0
    outer loop
      vertex -8.06333 5.11715 0
      vertex -7.72611 5.61335 25
      vertex -7.72611 5.61335 0
    endloop
  endfacet
  facet normal -0.827078 0.562087 0
    outer loop
      vertex -7.72611 5.61335 25
      vertex -8.06333 5.11715 0
      vertex -8.06333 5.11715 25
    endloop
  endfacet
  facet normal 0.827078 -0.562087 0
    outer loop
      vertex -8.06333 5.11715 37.6
      vertex -7.72611 5.61335 30
      vertex -7.72611 5.61335 37.6
    endloop
  endfacet
  facet normal 0.827078 -0.562087 0
    outer loop
      vertex -7.72611 5.61335 30
      vertex -8.06333 5.11715 37.6
      vertex -8.06333 5.11715 30
    endloop
  endfacet
  facet normal 0.218136 0.975918 -0
    outer loop
      vertex -1.78949 -9.38084 30
      vertex -2.37499 -9.24997 37.6
      vertex -1.78949 -9.38084 37.6
    endloop
  endfacet
  facet normal 0.218136 0.975918 0
    outer loop
      vertex -2.37499 -9.24997 37.6
      vertex -1.78949 -9.38084 30
      vertex -2.37499 -9.24997 30
    endloop
  endfacet
  facet normal -0.218136 -0.975918 0
    outer loop
      vertex -2.37499 -9.24997 0
      vertex -1.78949 -9.38084 25
      vertex -2.37499 -9.24997 25
    endloop
  endfacet
  facet normal -0.218136 -0.975918 -0
    outer loop
      vertex -1.78949 -9.38084 25
      vertex -2.37499 -9.24997 0
      vertex -1.78949 -9.38084 0
    endloop
  endfacet
  facet normal 0.891008 0.453988 0
    outer loop
      vertex -8.36873 -4.60075 37.6
      vertex -8.6411 -4.06619 30
      vertex -8.6411 -4.06619 37.6
    endloop
  endfacet
  facet normal 0.891008 0.453988 0
    outer loop
      vertex -8.6411 -4.06619 30
      vertex -8.36873 -4.60075 37.6
      vertex -8.36873 -4.60075 30
    endloop
  endfacet
  facet normal -0.891008 -0.453988 0
    outer loop
      vertex -8.36873 -4.60075 0
      vertex -8.6411 -4.06619 25
      vertex -8.6411 -4.06619 0
    endloop
  endfacet
  facet normal -0.891008 -0.453988 0
    outer loop
      vertex -8.6411 -4.06619 25
      vertex -8.36873 -4.60075 0
      vertex -8.36873 -4.60075 25
    endloop
  endfacet
  facet normal -0.509044 0.860741 0
    outer loop
      vertex -4.60075 8.36873 0
      vertex -5.11715 8.06333 25
      vertex -4.60075 8.36873 25
    endloop
  endfacet
  facet normal -0.509044 0.860741 0
    outer loop
      vertex -5.11715 8.06333 25
      vertex -4.60075 8.36873 0
      vertex -5.11715 8.06333 0
    endloop
  endfacet
  facet normal 0.509044 -0.860741 0
    outer loop
      vertex -5.11715 8.06333 30
      vertex -4.60075 8.36873 37.6
      vertex -5.11715 8.06333 37.6
    endloop
  endfacet
  facet normal 0.509044 -0.860741 0
    outer loop
      vertex -4.60075 8.36873 37.6
      vertex -5.11715 8.06333 30
      vertex -4.60075 8.36873 30
    endloop
  endfacet
  facet normal 0.612906 0.790156 -0
    outer loop
      vertex -5.61335 -7.72611 30
      vertex -6.0874 -7.3584 37.6
      vertex -5.61335 -7.72611 37.6
    endloop
  endfacet
  facet normal 0.612906 0.790156 0
    outer loop
      vertex -6.0874 -7.3584 37.6
      vertex -5.61335 -7.72611 30
      vertex -6.0874 -7.3584 30
    endloop
  endfacet
  facet normal -0.612906 -0.790156 0
    outer loop
      vertex -6.0874 -7.3584 0
      vertex -5.61335 -7.72611 25
      vertex -6.0874 -7.3584 25
    endloop
  endfacet
  facet normal -0.612906 -0.790156 -0
    outer loop
      vertex -5.61335 -7.72611 25
      vertex -6.0874 -7.3584 0
      vertex -5.61335 -7.72611 0
    endloop
  endfacet
  facet normal 0.790154 0.612909 0
    outer loop
      vertex -6.74199 -5.57746 28
      vertex -7.0789 -5.14312 28
      vertex -7.0789 -5.14312 30
    endloop
  endfacet
  facet normal 0.790154 0.612909 -0
    outer loop
      vertex -6.74199 -5.57746 28
      vertex -7.0789 -5.14312 30
      vertex -6.74199 -5.57746 30
    endloop
  endfacet
  facet normal 0.790154 0.612909 0
    outer loop
      vertex -7.0789 -5.14312 28
      vertex -6.74199 -5.57746 28
      vertex -7.0789 -5.14312 0
    endloop
  endfacet
  facet normal 0.790154 0.612909 0
    outer loop
      vertex -7.0789 -5.14312 0
      vertex -6.74199 -5.57746 28
      vertex -6.74199 -5.57746 0
    endloop
  endfacet
  facet normal -0.987685 -0.156453 0
    outer loop
      vertex 8.61977 1.48328 6.22576
      vertex 8.59501 1.63959 28
      vertex 8.59501 1.63959 6.12142
    endloop
  endfacet
  facet normal -0.98769 -0.156423 -2.14764e-07
    outer loop
      vertex 8.66563 1.19371 6.39059
      vertex 8.59501 1.63959 28
      vertex 8.61977 1.48328 6.22576
    endloop
  endfacet
  facet normal -0.987688 -0.156438 9.83252e-08
    outer loop
      vertex 8.681 1.09667 6.43664
      vertex 8.59501 1.63959 28
      vertex 8.66563 1.19371 6.39059
    endloop
  endfacet
  facet normal -0.987688 -0.156434 0
    outer loop
      vertex 8.59501 1.63959 28
      vertex 8.681 1.09667 6.43664
      vertex 8.681 1.09667 28
    endloop
  endfacet
  facet normal -0.987688 -0.156434 0
    outer loop
      vertex 8.59501 1.63959 28
      vertex 8.681 1.09667 28
      vertex 8.59501 1.63959 30
    endloop
  endfacet
  facet normal -0.987688 -0.156434 0
    outer loop
      vertex 8.59501 1.63959 30
      vertex 8.681 1.09667 28
      vertex 8.681 1.09667 30
    endloop
  endfacet
  facet normal -0.995559 -0.094135 0
    outer loop
      vertex 8.69965 0.89943 6.51764
      vertex 8.681 1.09667 28
      vertex 8.681 1.09667 6.43664
    endloop
  endfacet
  facet normal -0.995563 -0.0940974 -3.47867e-07
    outer loop
      vertex 8.7278 0.601599 6.6125
      vertex 8.681 1.09667 28
      vertex 8.69965 0.89943 6.51764
    endloop
  endfacet
  facet normal -0.995567 -0.0940585 -1.2579e-06
    outer loop
      vertex 8.73273 0.549417 6.62441
      vertex 8.681 1.09667 28
      vertex 8.7278 0.601599 6.6125
    endloop
  endfacet
  facet normal -0.995562 -0.0941072 0
    outer loop
      vertex 8.681 1.09667 28
      vertex 8.73273 0.549417 6.62441
      vertex 8.73273 0.549417 28
    endloop
  endfacet
  facet normal -0.995562 -0.0941072 0
    outer loop
      vertex 8.681 1.09667 28
      vertex 8.73273 0.549417 28
      vertex 8.681 1.09667 30
    endloop
  endfacet
  facet normal -0.995562 -0.0941072 0
    outer loop
      vertex 8.681 1.09667 30
      vertex 8.73273 0.549417 28
      vertex 8.73273 0.549417 30
    endloop
  endfacet
  facet normal -0.999506 -0.0314332 0
    outer loop
      vertex 8.74053 0.301394 6.66536
      vertex 8.73273 0.549417 28
      vertex 8.73273 0.549417 6.62441
    endloop
  endfacet
  facet normal -0.999507 -0.0314052 -3.25423e-07
    outer loop
      vertex 8.75 0 6.68822
      vertex 8.73273 0.549417 28
      vertex 8.74053 0.301394 6.66536
    endloop
  endfacet
  facet normal -0.999506 -0.0314178 0
    outer loop
      vertex 8.73273 0.549417 28
      vertex 8.75 0 6.68822
      vertex 8.75 0 28
    endloop
  endfacet
  facet normal -0.999506 -0.0314178 0
    outer loop
      vertex 8.73273 0.549417 28
      vertex 8.75 0 28
      vertex 8.73273 0.549417 30
    endloop
  endfacet
  facet normal -0.999506 -0.0314178 0
    outer loop
      vertex 8.73273 0.549417 30
      vertex 8.75 0 28
      vertex 8.75 0 30
    endloop
  endfacet
  facet normal 0.509036 -0.860745 0
    outer loop
      vertex -4.68848 7.38787 28
      vertex -4.21534 7.66768 30
      vertex -4.68848 7.38787 30
    endloop
  endfacet
  facet normal 0.509036 -0.860745 0
    outer loop
      vertex -4.68848 7.38787 28
      vertex -4.21534 7.66768 28
      vertex -4.21534 7.66768 30
    endloop
  endfacet
  facet normal 0.509036 -0.860745 0
    outer loop
      vertex -4.68848 7.38787 0
      vertex -4.21534 7.66768 28
      vertex -4.68848 7.38787 28
    endloop
  endfacet
  facet normal 0.509036 -0.860745 0
    outer loop
      vertex -4.21534 7.66768 28
      vertex -4.68848 7.38787 0
      vertex -4.21534 7.66768 0
    endloop
  endfacet
  facet normal 0.338738 -0.940881 0
    outer loop
      vertex -3.22109 8.13554 28
      vertex -2.7039 8.32174 30
      vertex -3.22109 8.13554 30
    endloop
  endfacet
  facet normal 0.338738 -0.940881 0
    outer loop
      vertex -3.22109 8.13554 28
      vertex -2.7039 8.32174 28
      vertex -2.7039 8.32174 30
    endloop
  endfacet
  facet normal 0.338738 -0.940881 0
    outer loop
      vertex -3.22109 8.13554 0
      vertex -2.7039 8.32174 28
      vertex -3.22109 8.13554 28
    endloop
  endfacet
  facet normal 0.338738 -0.940881 0
    outer loop
      vertex -2.7039 8.32174 28
      vertex -3.22109 8.13554 0
      vertex -2.7039 8.32174 0
    endloop
  endfacet
  facet normal 0.278995 -0.960292 0
    outer loop
      vertex -2.7039 8.32174 28
      vertex -2.17604 8.4751 30
      vertex -2.7039 8.32174 30
    endloop
  endfacet
  facet normal 0.278995 -0.960292 0
    outer loop
      vertex -2.7039 8.32174 28
      vertex -2.17604 8.4751 28
      vertex -2.17604 8.4751 30
    endloop
  endfacet
  facet normal 0.278995 -0.960292 0
    outer loop
      vertex -2.7039 8.32174 0
      vertex -2.17604 8.4751 28
      vertex -2.7039 8.32174 28
    endloop
  endfacet
  facet normal 0.278995 -0.960292 0
    outer loop
      vertex -2.17604 8.4751 28
      vertex -2.7039 8.32174 0
      vertex -2.17604 8.4751 0
    endloop
  endfacet
  facet normal -0.975917 0.218142 0
    outer loop
      vertex 8.4751 -2.17604 28
      vertex 8.59501 -1.63959 28
      vertex 8.59501 -1.63959 6.12142
    endloop
  endfacet
  facet normal -0.975916 0.218147 1.24808e-07
    outer loop
      vertex 8.4751 -2.17604 28
      vertex 8.59501 -1.63959 6.12142
      vertex 8.56653 -1.767 6.02807
    endloop
  endfacet
  facet normal -0.975916 0.218147 1.38475e-07
    outer loop
      vertex 8.4751 -2.17604 28
      vertex 8.56653 -1.767 6.02807
      vertex 8.50467 -2.04374 5.79684
    endloop
  endfacet
  facet normal -0.975921 0.218125 0
    outer loop
      vertex 8.4751 -2.17604 28
      vertex 8.50467 -2.04374 5.79684
      vertex 8.4751 -2.17604 5.67194
    endloop
  endfacet
  facet normal -0.975917 0.218142 0
    outer loop
      vertex 8.59501 -1.63959 28
      vertex 8.4751 -2.17604 28
      vertex 8.59501 -1.63959 30
    endloop
  endfacet
  facet normal -0.975917 0.218142 0
    outer loop
      vertex 8.59501 -1.63959 30
      vertex 8.4751 -2.17604 28
      vertex 8.4751 -2.17604 30
    endloop
  endfacet
  facet normal -0.397136 -0.91776 0
    outer loop
      vertex 3.22109 8.13554 28
      vertex 3.72557 7.91724 30
      vertex 3.22109 8.13554 30
    endloop
  endfacet
  facet normal -0.397136 -0.91776 0
    outer loop
      vertex 3.22109 8.13554 28
      vertex 3.72557 7.91724 28
      vertex 3.72557 7.91724 30
    endloop
  endfacet
  facet normal -0.397136 -0.91776 0
    outer loop
      vertex 3.22109 8.13554 0
      vertex 3.72557 7.91724 28
      vertex 3.22109 8.13554 28
    endloop
  endfacet
  facet normal -0.397136 -0.91776 -0
    outer loop
      vertex 3.72557 7.91724 28
      vertex 3.22109 8.13554 0
      vertex 3.72557 7.91724 0
    endloop
  endfacet
  facet normal 0.940881 -0.338738 0
    outer loop
      vertex -8.32174 2.7039 28
      vertex -8.13554 3.22109 28
      vertex -8.13554 3.22109 30
    endloop
  endfacet
  facet normal 0.940881 -0.338738 0
    outer loop
      vertex -8.32174 2.7039 28
      vertex -8.13554 3.22109 30
      vertex -8.32174 2.7039 30
    endloop
  endfacet
  facet normal 0.940881 -0.338738 0
    outer loop
      vertex -8.13554 3.22109 28
      vertex -8.32174 2.7039 28
      vertex -8.13554 3.22109 0
    endloop
  endfacet
  facet normal 0.940881 -0.338738 0
    outer loop
      vertex -8.13554 3.22109 0
      vertex -8.32174 2.7039 28
      vertex -8.32174 2.7039 0
    endloop
  endfacet
  facet normal 0.995562 -0.0941072 0
    outer loop
      vertex -8.73273 0.549417 28
      vertex -8.681 1.09667 28
      vertex -8.681 1.09667 30
    endloop
  endfacet
  facet normal 0.995562 -0.0941072 0
    outer loop
      vertex -8.73273 0.549417 28
      vertex -8.681 1.09667 30
      vertex -8.73273 0.549417 30
    endloop
  endfacet
  facet normal 0.995562 -0.0941072 0
    outer loop
      vertex -8.681 1.09667 28
      vertex -8.73273 0.549417 28
      vertex -8.681 1.09667 0
    endloop
  endfacet
  facet normal 0.995562 -0.0941072 0
    outer loop
      vertex -8.681 1.09667 0
      vertex -8.73273 0.549417 28
      vertex -8.73273 0.549417 0
    endloop
  endfacet
  facet normal -0.940881 0.338738 0
    outer loop
      vertex 8.13554 -3.22109 28
      vertex 8.32174 -2.7039 28
      vertex 8.32174 -2.7039 5.07643
    endloop
  endfacet
  facet normal -0.940885 0.338726 -3.21953e-07
    outer loop
      vertex 8.13554 -3.22109 28
      vertex 8.32174 -2.7039 5.07643
      vertex 8.27945 -2.82137 4.92124
    endloop
  endfacet
  facet normal -0.940879 0.338742 -2.50344e-09
    outer loop
      vertex 8.13554 -3.22109 28
      vertex 8.27945 -2.82137 4.92124
      vertex 8.19367 -3.05963 4.57409
    endloop
  endfacet
  facet normal -0.940879 0.338742 0
    outer loop
      vertex 8.13554 -3.22109 28
      vertex 8.19367 -3.05963 4.57409
      vertex 8.13554 -3.22109 4.31466
    endloop
  endfacet
  facet normal -0.940881 0.338738 0
    outer loop
      vertex 8.32174 -2.7039 28
      vertex 8.13554 -3.22109 28
      vertex 8.32174 -2.7039 30
    endloop
  endfacet
  facet normal -0.940881 0.338738 0
    outer loop
      vertex 8.32174 -2.7039 30
      vertex 8.13554 -3.22109 28
      vertex 8.13554 -3.22109 30
    endloop
  endfacet
  facet normal 0.0941072 0.995562 -0
    outer loop
      vertex -0.549417 -8.73273 28
      vertex -1.09667 -8.681 30
      vertex -0.549417 -8.73273 30
    endloop
  endfacet
  facet normal 0.0941072 0.995562 0
    outer loop
      vertex -0.549417 -8.73273 28
      vertex -1.09667 -8.681 28
      vertex -1.09667 -8.681 30
    endloop
  endfacet
  facet normal 0.0941072 0.995562 -0
    outer loop
      vertex -0.549417 -8.73273 0
      vertex -1.09667 -8.681 28
      vertex -0.549417 -8.73273 28
    endloop
  endfacet
  facet normal 0.0941072 0.995562 0
    outer loop
      vertex -1.09667 -8.681 28
      vertex -0.549417 -8.73273 0
      vertex -1.09667 -8.681 0
    endloop
  endfacet
  facet normal -0.56208 -0.827083 0
    outer loop
      vertex 4.68848 7.38787 28
      vertex 5.14312 7.0789 30
      vertex 4.68848 7.38787 30
    endloop
  endfacet
  facet normal -0.56208 -0.827083 0
    outer loop
      vertex 4.68848 7.38787 28
      vertex 5.14312 7.0789 28
      vertex 5.14312 7.0789 30
    endloop
  endfacet
  facet normal -0.56208 -0.827083 0
    outer loop
      vertex 4.68848 7.38787 0
      vertex 5.14312 7.0789 28
      vertex 4.68848 7.38787 28
    endloop
  endfacet
  facet normal -0.56208 -0.827083 -0
    outer loop
      vertex 5.14312 7.0789 28
      vertex 4.68848 7.38787 0
      vertex 5.14312 7.0789 0
    endloop
  endfacet
  facet normal -0.509036 0.860745 0
    outer loop
      vertex 4.68848 -7.38787 28
      vertex 4.21534 -7.66768 30
      vertex 4.68848 -7.38787 30
    endloop
  endfacet
  facet normal -0.509036 0.860745 0
    outer loop
      vertex 4.68848 -7.38787 28
      vertex 4.21534 -7.66768 28
      vertex 4.21534 -7.66768 30
    endloop
  endfacet
  facet normal -0.509036 0.860745 0
    outer loop
      vertex 4.68848 -7.38787 0
      vertex 4.21534 -7.66768 28
      vertex 4.68848 -7.38787 28
    endloop
  endfacet
  facet normal -0.509036 0.860745 0
    outer loop
      vertex 4.21534 -7.66768 28
      vertex 4.68848 -7.38787 0
      vertex 4.21534 -7.66768 0
    endloop
  endfacet
  facet normal 0.940881 0.338738 0
    outer loop
      vertex -8.13554 -3.22109 28
      vertex -8.32174 -2.7039 28
      vertex -8.32174 -2.7039 30
    endloop
  endfacet
  facet normal 0.940881 0.338738 -0
    outer loop
      vertex -8.13554 -3.22109 28
      vertex -8.32174 -2.7039 30
      vertex -8.13554 -3.22109 30
    endloop
  endfacet
  facet normal 0.940881 0.338738 0
    outer loop
      vertex -8.32174 -2.7039 28
      vertex -8.13554 -3.22109 28
      vertex -8.32174 -2.7039 0
    endloop
  endfacet
  facet normal 0.940881 0.338738 0
    outer loop
      vertex -8.32174 -2.7039 0
      vertex -8.13554 -3.22109 28
      vertex -8.13554 -3.22109 0
    endloop
  endfacet
  facet normal 0.218142 -0.975917 0
    outer loop
      vertex -2.17604 8.4751 28
      vertex -1.63959 8.59501 30
      vertex -2.17604 8.4751 30
    endloop
  endfacet
  facet normal 0.218142 -0.975917 0
    outer loop
      vertex -2.17604 8.4751 28
      vertex -1.63959 8.59501 28
      vertex -1.63959 8.59501 30
    endloop
  endfacet
  facet normal 0.218142 -0.975917 0
    outer loop
      vertex -2.17604 8.4751 0
      vertex -1.63959 8.59501 28
      vertex -2.17604 8.4751 28
    endloop
  endfacet
  facet normal 0.218142 -0.975917 0
    outer loop
      vertex -1.63959 8.59501 28
      vertex -2.17604 8.4751 0
      vertex -1.63959 8.59501 0
    endloop
  endfacet
  facet normal 0.454005 -0.890999 0
    outer loop
      vertex -4.21534 7.66768 28
      vertex -3.72557 7.91724 30
      vertex -4.21534 7.66768 30
    endloop
  endfacet
  facet normal 0.454005 -0.890999 0
    outer loop
      vertex -4.21534 7.66768 28
      vertex -3.72557 7.91724 28
      vertex -3.72557 7.91724 30
    endloop
  endfacet
  facet normal 0.454005 -0.890999 0
    outer loop
      vertex -4.21534 7.66768 0
      vertex -3.72557 7.91724 28
      vertex -4.21534 7.66768 28
    endloop
  endfacet
  facet normal 0.454005 -0.890999 0
    outer loop
      vertex -3.72557 7.91724 28
      vertex -4.21534 7.66768 0
      vertex -3.72557 7.91724 0
    endloop
  endfacet
  facet normal 0.56208 -0.827083 0
    outer loop
      vertex -5.14312 7.0789 28
      vertex -4.68848 7.38787 30
      vertex -5.14312 7.0789 30
    endloop
  endfacet
  facet normal 0.56208 -0.827083 0
    outer loop
      vertex -5.14312 7.0789 28
      vertex -4.68848 7.38787 28
      vertex -4.68848 7.38787 30
    endloop
  endfacet
  facet normal 0.56208 -0.827083 0
    outer loop
      vertex -5.14312 7.0789 0
      vertex -4.68848 7.38787 28
      vertex -5.14312 7.0789 28
    endloop
  endfacet
  facet normal 0.56208 -0.827083 0
    outer loop
      vertex -4.68848 7.38787 28
      vertex -5.14312 7.0789 0
      vertex -4.68848 7.38787 0
    endloop
  endfacet
  facet normal -0.890999 0.454005 0
    outer loop
      vertex 7.66768 -4.21534 28
      vertex 7.91724 -3.72557 28
      vertex 7.91724 -3.72557 3.3448
    endloop
  endfacet
  facet normal -0.891 0.454003 -4.16969e-08
    outer loop
      vertex 7.66768 -4.21534 28
      vertex 7.91724 -3.72557 3.3448
      vertex 7.83688 -3.88328 2.9769
    endloop
  endfacet
  facet normal -0.891005 0.453993 -2.04403e-07
    outer loop
      vertex 7.66768 -4.21534 28
      vertex 7.83688 -3.88328 2.9769
      vertex 7.75052 -4.05277 2.53783
    endloop
  endfacet
  facet normal -0.891011 0.453981 -2.99993e-07
    outer loop
      vertex 7.66768 -4.21534 28
      vertex 7.75052 -4.05277 2.53783
      vertex 7.67231 -4.20627 2.09256
    endloop
  endfacet
  facet normal -0.890664 0.454661 0
    outer loop
      vertex 7.66768 -4.21534 28
      vertex 7.67231 -4.20627 2.09256
      vertex 7.66768 -4.21534 2.06275
    endloop
  endfacet
  facet normal -0.890999 0.454005 0
    outer loop
      vertex 7.91724 -3.72557 28
      vertex 7.66768 -4.21534 28
      vertex 7.91724 -3.72557 30
    endloop
  endfacet
  facet normal -0.890999 0.454005 0
    outer loop
      vertex 7.91724 -3.72557 30
      vertex 7.66768 -4.21534 28
      vertex 7.66768 -4.21534 30
    endloop
  endfacet
  facet normal -0.987688 0.156434 0
    outer loop
      vertex 8.59501 -1.63959 28
      vertex 8.681 -1.09667 28
      vertex 8.681 -1.09667 6.43664
    endloop
  endfacet
  facet normal -0.987688 0.156438 9.83252e-08
    outer loop
      vertex 8.59501 -1.63959 28
      vertex 8.681 -1.09667 6.43664
      vertex 8.66563 -1.19371 6.39059
    endloop
  endfacet
  facet normal -0.98769 0.156423 -2.14764e-07
    outer loop
      vertex 8.59501 -1.63959 28
      vertex 8.66563 -1.19371 6.39059
      vertex 8.61977 -1.48328 6.22576
    endloop
  endfacet
  facet normal -0.987685 0.156453 0
    outer loop
      vertex 8.59501 -1.63959 28
      vertex 8.61977 -1.48328 6.22576
      vertex 8.59501 -1.63959 6.12142
    endloop
  endfacet
  facet normal -0.987688 0.156434 0
    outer loop
      vertex 8.681 -1.09667 28
      vertex 8.59501 -1.63959 28
      vertex 8.681 -1.09667 30
    endloop
  endfacet
  facet normal -0.987688 0.156434 0
    outer loop
      vertex 8.681 -1.09667 30
      vertex 8.59501 -1.63959 28
      vertex 8.59501 -1.63959 30
    endloop
  endfacet
  facet normal 0.975917 0.218142 0
    outer loop
      vertex -8.4751 -2.17604 28
      vertex -8.59501 -1.63959 28
      vertex -8.59501 -1.63959 30
    endloop
  endfacet
  facet normal 0.975917 0.218142 -0
    outer loop
      vertex -8.4751 -2.17604 28
      vertex -8.59501 -1.63959 30
      vertex -8.4751 -2.17604 30
    endloop
  endfacet
  facet normal 0.975917 0.218142 0
    outer loop
      vertex -8.59501 -1.63959 28
      vertex -8.4751 -2.17604 28
      vertex -8.59501 -1.63959 0
    endloop
  endfacet
  facet normal 0.975917 0.218142 0
    outer loop
      vertex -8.59501 -1.63959 0
      vertex -8.4751 -2.17604 28
      vertex -8.4751 -2.17604 0
    endloop
  endfacet
  facet normal -0.860745 0.509036 0
    outer loop
      vertex 7.38787 -4.68848 28
      vertex 7.66768 -4.21534 28
      vertex 7.66768 -4.21534 2.06275
    endloop
  endfacet
  facet normal -0.860766 0.509001 -8.46215e-07
    outer loop
      vertex 7.38787 -4.68848 28
      vertex 7.66768 -4.21534 2.06275
      vertex 7.59209 -4.34317 1.63237
    endloop
  endfacet
  facet normal -0.860729 0.509063 2.38729e-07
    outer loop
      vertex 7.38787 -4.68848 28
      vertex 7.59209 -4.34317 1.63237
      vertex 7.52126 -4.46293 1.17018
    endloop
  endfacet
  facet normal -0.860761 0.509009 -3.73594e-07
    outer loop
      vertex 7.38787 -4.68848 28
      vertex 7.52126 -4.46293 1.17018
      vertex 7.46086 -4.56507 0.708532
    endloop
  endfacet
  facet normal -0.860717 0.509084 8.52043e-08
    outer loop
      vertex 7.38787 -4.68848 28
      vertex 7.46086 -4.56507 0.708532
      vertex 7.4111 -4.6492 0.249266
    endloop
  endfacet
  facet normal -0.860979 0.50864 8.49167e-05
    outer loop
      vertex 7.38787 -4.68848 0
      vertex 7.4111 -4.6492 0.249266
      vertex 7.38979 -4.68523 0
    endloop
  endfacet
  facet normal -0.860743 0.509039 0
    outer loop
      vertex 7.4111 -4.6492 0.249266
      vertex 7.38787 -4.68848 0
      vertex 7.38787 -4.68848 28
    endloop
  endfacet
  facet normal -0.860745 0.509036 0
    outer loop
      vertex 7.66768 -4.21534 28
      vertex 7.38787 -4.68848 28
      vertex 7.66768 -4.21534 30
    endloop
  endfacet
  facet normal -0.860745 0.509036 0
    outer loop
      vertex 7.66768 -4.21534 30
      vertex 7.38787 -4.68848 28
      vertex 7.38787 -4.68848 30
    endloop
  endfacet
  facet normal -0.156434 0.987688 0
    outer loop
      vertex 1.63959 -8.59501 28
      vertex 1.09667 -8.681 30
      vertex 1.63959 -8.59501 30
    endloop
  endfacet
  facet normal -0.156434 0.987688 0
    outer loop
      vertex 1.63959 -8.59501 28
      vertex 1.09667 -8.681 28
      vertex 1.09667 -8.681 30
    endloop
  endfacet
  facet normal -0.156434 0.987688 0
    outer loop
      vertex 1.63959 -8.59501 0
      vertex 1.09667 -8.681 28
      vertex 1.63959 -8.59501 28
    endloop
  endfacet
  facet normal -0.156434 0.987688 0
    outer loop
      vertex 1.09667 -8.681 28
      vertex 1.63959 -8.59501 0
      vertex 1.09667 -8.681 0
    endloop
  endfacet
  facet normal -0.750118 0.661304 0
    outer loop
      vertex 6.37848 -5.98979 28
      vertex 6.74199 -5.57746 28
      vertex 6.74199 -5.57746 0
    endloop
  endfacet
  facet normal -0.750118 0.661304 0
    outer loop
      vertex 6.37848 -5.98979 28
      vertex 6.74199 -5.57746 0
      vertex 6.37848 -5.98979 0
    endloop
  endfacet
  facet normal -0.750118 0.661304 0
    outer loop
      vertex 6.74199 -5.57746 28
      vertex 6.37848 -5.98979 28
      vertex 6.74199 -5.57746 30
    endloop
  endfacet
  facet normal -0.750118 0.661304 0
    outer loop
      vertex 6.74199 -5.57746 30
      vertex 6.37848 -5.98979 28
      vertex 6.37848 -5.98979 30
    endloop
  endfacet
  facet normal 0.278995 0.960292 -0
    outer loop
      vertex -2.17604 -8.4751 28
      vertex -2.7039 -8.32174 30
      vertex -2.17604 -8.4751 30
    endloop
  endfacet
  facet normal 0.278995 0.960292 0
    outer loop
      vertex -2.17604 -8.4751 28
      vertex -2.7039 -8.32174 28
      vertex -2.7039 -8.32174 30
    endloop
  endfacet
  facet normal 0.278995 0.960292 -0
    outer loop
      vertex -2.17604 -8.4751 0
      vertex -2.7039 -8.32174 28
      vertex -2.17604 -8.4751 28
    endloop
  endfacet
  facet normal 0.278995 0.960292 0
    outer loop
      vertex -2.7039 -8.32174 28
      vertex -2.17604 -8.4751 0
      vertex -2.7039 -8.32174 0
    endloop
  endfacet
  facet normal 0.156434 -0.987688 0
    outer loop
      vertex -1.63959 8.59501 28
      vertex -1.09667 8.681 30
      vertex -1.63959 8.59501 30
    endloop
  endfacet
  facet normal 0.156434 -0.987688 0
    outer loop
      vertex -1.63959 8.59501 28
      vertex -1.09667 8.681 28
      vertex -1.09667 8.681 30
    endloop
  endfacet
  facet normal 0.156434 -0.987688 0
    outer loop
      vertex -1.63959 8.59501 0
      vertex -1.09667 8.681 28
      vertex -1.63959 8.59501 28
    endloop
  endfacet
  facet normal 0.156434 -0.987688 0
    outer loop
      vertex -1.09667 8.681 28
      vertex -1.63959 8.59501 0
      vertex -1.09667 8.681 0
    endloop
  endfacet
  facet normal 0.999506 -0.0314178 0
    outer loop
      vertex -8.75 0 28
      vertex -8.73273 0.549417 28
      vertex -8.73273 0.549417 30
    endloop
  endfacet
  facet normal 0.999506 -0.0314178 0
    outer loop
      vertex -8.75 0 28
      vertex -8.73273 0.549417 30
      vertex -8.75 0 30
    endloop
  endfacet
  facet normal 0.999506 -0.0314178 0
    outer loop
      vertex -8.73273 0.549417 28
      vertex -8.75 0 28
      vertex -8.73273 0.549417 0
    endloop
  endfacet
  facet normal 0.999506 -0.0314178 0
    outer loop
      vertex -8.73273 0.549417 0
      vertex -8.75 0 28
      vertex -8.75 0 0
    endloop
  endfacet
  facet normal -0.661304 -0.750118 0
    outer loop
      vertex 5.57746 6.74199 28
      vertex 5.98979 6.37848 30
      vertex 5.57746 6.74199 30
    endloop
  endfacet
  facet normal -0.661304 -0.750118 0
    outer loop
      vertex 5.57746 6.74199 28
      vertex 5.98979 6.37848 28
      vertex 5.98979 6.37848 30
    endloop
  endfacet
  facet normal -0.661304 -0.750118 0
    outer loop
      vertex 5.57746 6.74199 0
      vertex 5.98979 6.37848 28
      vertex 5.57746 6.74199 28
    endloop
  endfacet
  facet normal -0.661304 -0.750118 -0
    outer loop
      vertex 5.98979 6.37848 28
      vertex 5.57746 6.74199 0
      vertex 5.98979 6.37848 0
    endloop
  endfacet
  facet normal -0.890664 -0.454661 0
    outer loop
      vertex 7.67231 4.20627 2.09256
      vertex 7.66768 4.21534 28
      vertex 7.66768 4.21534 2.06275
    endloop
  endfacet
  facet normal -0.891011 -0.453981 -2.99993e-07
    outer loop
      vertex 7.75052 4.05277 2.53783
      vertex 7.66768 4.21534 28
      vertex 7.67231 4.20627 2.09256
    endloop
  endfacet
  facet normal -0.891005 -0.453993 -2.04403e-07
    outer loop
      vertex 7.83688 3.88328 2.9769
      vertex 7.66768 4.21534 28
      vertex 7.75052 4.05277 2.53783
    endloop
  endfacet
  facet normal -0.891 -0.454003 -4.16969e-08
    outer loop
      vertex 7.91724 3.72557 3.3448
      vertex 7.66768 4.21534 28
      vertex 7.83688 3.88328 2.9769
    endloop
  endfacet
  facet normal -0.890999 -0.454005 0
    outer loop
      vertex 7.66768 4.21534 28
      vertex 7.91724 3.72557 3.3448
      vertex 7.91724 3.72557 28
    endloop
  endfacet
  facet normal -0.890999 -0.454005 0
    outer loop
      vertex 7.66768 4.21534 28
      vertex 7.91724 3.72557 28
      vertex 7.66768 4.21534 30
    endloop
  endfacet
  facet normal -0.890999 -0.454005 0
    outer loop
      vertex 7.66768 4.21534 30
      vertex 7.91724 3.72557 28
      vertex 7.91724 3.72557 30
    endloop
  endfacet
  facet normal -0.0314178 0.999506 0
    outer loop
      vertex 0.549417 -8.73273 28
      vertex 0 -8.75 30
      vertex 0.549417 -8.73273 30
    endloop
  endfacet
  facet normal -0.0314178 0.999506 0
    outer loop
      vertex 0.549417 -8.73273 28
      vertex 0 -8.75 28
      vertex 0 -8.75 30
    endloop
  endfacet
  facet normal -0.0314178 0.999506 0
    outer loop
      vertex 0.549417 -8.73273 0
      vertex 0 -8.75 28
      vertex 0.549417 -8.73273 28
    endloop
  endfacet
  facet normal -0.0314178 0.999506 0
    outer loop
      vertex 0 -8.75 28
      vertex 0.549417 -8.73273 0
      vertex 0 -8.75 0
    endloop
  endfacet
  facet normal -0.91776 0.397136 0
    outer loop
      vertex 7.91724 -3.72557 28
      vertex 8.13554 -3.22109 28
      vertex 8.13554 -3.22109 4.31466
    endloop
  endfacet
  facet normal -0.917782 0.397084 -1.30435e-06
    outer loop
      vertex 7.91724 -3.72557 28
      vertex 8.13554 -3.22109 4.31466
      vertex 8.10753 -3.28583 4.20593
    endloop
  endfacet
  facet normal -0.917752 0.397153 2.05712e-07
    outer loop
      vertex 7.91724 -3.72557 28
      vertex 8.10753 -3.28583 4.20593
      vertex 8.01526 -3.49905 3.81212
    endloop
  endfacet
  facet normal -0.917759 0.397138 4.52969e-08
    outer loop
      vertex 7.91724 -3.72557 28
      vertex 8.01526 -3.49905 3.81212
      vertex 7.92897 -3.69846 3.40594
    endloop
  endfacet
  facet normal -0.917774 0.397104 0
    outer loop
      vertex 7.91724 -3.72557 28
      vertex 7.92897 -3.69846 3.40594
      vertex 7.91724 -3.72557 3.3448
    endloop
  endfacet
  facet normal -0.91776 0.397136 0
    outer loop
      vertex 8.13554 -3.22109 28
      vertex 7.91724 -3.72557 28
      vertex 8.13554 -3.22109 30
    endloop
  endfacet
  facet normal -0.91776 0.397136 0
    outer loop
      vertex 8.13554 -3.22109 30
      vertex 7.91724 -3.72557 28
      vertex 7.91724 -3.72557 30
    endloop
  endfacet
  facet normal -0.960292 -0.278996 0
    outer loop
      vertex 8.36007 2.57197 5.24156
      vertex 8.32174 2.7039 28
      vertex 8.32174 2.7039 5.07643
    endloop
  endfacet
  facet normal -0.96029 -0.279004 4.68068e-08
    outer loop
      vertex 8.43548 2.31242 5.53405
      vertex 8.32174 2.7039 28
      vertex 8.36007 2.57197 5.24156
    endloop
  endfacet
  facet normal -0.960297 -0.278978 -4.38463e-07
    outer loop
      vertex 8.4751 2.17604 5.67194
      vertex 8.32174 2.7039 28
      vertex 8.43548 2.31242 5.53405
    endloop
  endfacet
  facet normal -0.960292 -0.278995 0
    outer loop
      vertex 8.32174 2.7039 28
      vertex 8.4751 2.17604 5.67194
      vertex 8.4751 2.17604 28
    endloop
  endfacet
  facet normal -0.960292 -0.278995 0
    outer loop
      vertex 8.32174 2.7039 28
      vertex 8.4751 2.17604 28
      vertex 8.32174 2.7039 30
    endloop
  endfacet
  facet normal -0.960292 -0.278995 0
    outer loop
      vertex 8.32174 2.7039 30
      vertex 8.4751 2.17604 28
      vertex 8.4751 2.17604 30
    endloop
  endfacet
  facet normal 0.91776 -0.397136 0
    outer loop
      vertex -8.13554 3.22109 28
      vertex -7.91724 3.72557 28
      vertex -7.91724 3.72557 30
    endloop
  endfacet
  facet normal 0.91776 -0.397136 0
    outer loop
      vertex -8.13554 3.22109 28
      vertex -7.91724 3.72557 30
      vertex -8.13554 3.22109 30
    endloop
  endfacet
  facet normal 0.91776 -0.397136 0
    outer loop
      vertex -7.91724 3.72557 28
      vertex -8.13554 3.22109 28
      vertex -7.91724 3.72557 0
    endloop
  endfacet
  facet normal 0.91776 -0.397136 0
    outer loop
      vertex -7.91724 3.72557 0
      vertex -8.13554 3.22109 28
      vertex -8.13554 3.22109 0
    endloop
  endfacet
  facet normal -0.827083 -0.56208 0
    outer loop
      vertex 7.38787 4.68848 28
      vertex 7.0789 5.14312 28
      vertex 7.0789 5.14312 0
    endloop
  endfacet
  facet normal -0.827083 -0.56208 -0
    outer loop
      vertex 7.38787 4.68848 28
      vertex 7.0789 5.14312 0
      vertex 7.38787 4.68848 0
    endloop
  endfacet
  facet normal -0.827083 -0.56208 0
    outer loop
      vertex 7.0789 5.14312 28
      vertex 7.38787 4.68848 28
      vertex 7.0789 5.14312 30
    endloop
  endfacet
  facet normal -0.827083 -0.56208 0
    outer loop
      vertex 7.0789 5.14312 30
      vertex 7.38787 4.68848 28
      vertex 7.38787 4.68848 30
    endloop
  endfacet
  facet normal -0.56208 0.827083 0
    outer loop
      vertex 5.14312 -7.0789 28
      vertex 4.68848 -7.38787 30
      vertex 5.14312 -7.0789 30
    endloop
  endfacet
  facet normal -0.56208 0.827083 0
    outer loop
      vertex 5.14312 -7.0789 28
      vertex 4.68848 -7.38787 28
      vertex 4.68848 -7.38787 30
    endloop
  endfacet
  facet normal -0.56208 0.827083 0
    outer loop
      vertex 5.14312 -7.0789 0
      vertex 4.68848 -7.38787 28
      vertex 5.14312 -7.0789 28
    endloop
  endfacet
  facet normal -0.56208 0.827083 0
    outer loop
      vertex 4.68848 -7.38787 28
      vertex 5.14312 -7.0789 0
      vertex 4.68848 -7.38787 0
    endloop
  endfacet
  facet normal 0.995562 0.0941072 0
    outer loop
      vertex -8.681 -1.09667 28
      vertex -8.73273 -0.549417 28
      vertex -8.73273 -0.549417 30
    endloop
  endfacet
  facet normal 0.995562 0.0941072 -0
    outer loop
      vertex -8.681 -1.09667 28
      vertex -8.73273 -0.549417 30
      vertex -8.681 -1.09667 30
    endloop
  endfacet
  facet normal 0.995562 0.0941072 0
    outer loop
      vertex -8.73273 -0.549417 28
      vertex -8.681 -1.09667 28
      vertex -8.73273 -0.549417 0
    endloop
  endfacet
  facet normal 0.995562 0.0941072 0
    outer loop
      vertex -8.73273 -0.549417 0
      vertex -8.681 -1.09667 28
      vertex -8.681 -1.09667 0
    endloop
  endfacet
  facet normal 0.827083 0.56208 0
    outer loop
      vertex -7.0789 -5.14312 28
      vertex -7.38787 -4.68848 28
      vertex -7.38787 -4.68848 30
    endloop
  endfacet
  facet normal 0.827083 0.56208 -0
    outer loop
      vertex -7.0789 -5.14312 28
      vertex -7.38787 -4.68848 30
      vertex -7.0789 -5.14312 30
    endloop
  endfacet
  facet normal 0.827083 0.56208 0
    outer loop
      vertex -7.38787 -4.68848 28
      vertex -7.0789 -5.14312 28
      vertex -7.38787 -4.68848 0
    endloop
  endfacet
  facet normal 0.827083 0.56208 0
    outer loop
      vertex -7.38787 -4.68848 0
      vertex -7.0789 -5.14312 28
      vertex -7.0789 -5.14312 0
    endloop
  endfacet
  facet normal -0.975921 -0.218125 0
    outer loop
      vertex 8.50467 2.04374 5.79684
      vertex 8.4751 2.17604 28
      vertex 8.4751 2.17604 5.67194
    endloop
  endfacet
  facet normal -0.975916 -0.218147 1.38475e-07
    outer loop
      vertex 8.56653 1.767 6.02807
      vertex 8.4751 2.17604 28
      vertex 8.50467 2.04374 5.79684
    endloop
  endfacet
  facet normal -0.975916 -0.218147 1.24808e-07
    outer loop
      vertex 8.59501 1.63959 6.12142
      vertex 8.4751 2.17604 28
      vertex 8.56653 1.767 6.02807
    endloop
  endfacet
  facet normal -0.975917 -0.218142 0
    outer loop
      vertex 8.4751 2.17604 28
      vertex 8.59501 1.63959 6.12142
      vertex 8.59501 1.63959 28
    endloop
  endfacet
  facet normal -0.975917 -0.218142 0
    outer loop
      vertex 8.4751 2.17604 28
      vertex 8.59501 1.63959 28
      vertex 8.4751 2.17604 30
    endloop
  endfacet
  facet normal -0.975917 -0.218142 0
    outer loop
      vertex 8.4751 2.17604 30
      vertex 8.59501 1.63959 28
      vertex 8.59501 1.63959 30
    endloop
  endfacet
  facet normal -0.397136 0.91776 0
    outer loop
      vertex 3.72557 -7.91724 28
      vertex 3.22109 -8.13554 30
      vertex 3.72557 -7.91724 30
    endloop
  endfacet
  facet normal -0.397136 0.91776 0
    outer loop
      vertex 3.72557 -7.91724 28
      vertex 3.22109 -8.13554 28
      vertex 3.22109 -8.13554 30
    endloop
  endfacet
  facet normal -0.397136 0.91776 0
    outer loop
      vertex 3.72557 -7.91724 0
      vertex 3.22109 -8.13554 28
      vertex 3.72557 -7.91724 28
    endloop
  endfacet
  facet normal -0.397136 0.91776 0
    outer loop
      vertex 3.22109 -8.13554 28
      vertex 3.72557 -7.91724 0
      vertex 3.22109 -8.13554 0
    endloop
  endfacet
  facet normal 0.890999 -0.454005 0
    outer loop
      vertex -7.91724 3.72557 28
      vertex -7.66768 4.21534 28
      vertex -7.66768 4.21534 30
    endloop
  endfacet
  facet normal 0.890999 -0.454005 0
    outer loop
      vertex -7.91724 3.72557 28
      vertex -7.66768 4.21534 30
      vertex -7.91724 3.72557 30
    endloop
  endfacet
  facet normal 0.890999 -0.454005 0
    outer loop
      vertex -7.66768 4.21534 28
      vertex -7.91724 3.72557 28
      vertex -7.66768 4.21534 0
    endloop
  endfacet
  facet normal 0.890999 -0.454005 0
    outer loop
      vertex -7.66768 4.21534 0
      vertex -7.91724 3.72557 28
      vertex -7.91724 3.72557 0
    endloop
  endfacet
  facet normal 0.890999 0.454005 0
    outer loop
      vertex -7.66768 -4.21534 28
      vertex -7.91724 -3.72557 28
      vertex -7.91724 -3.72557 30
    endloop
  endfacet
  facet normal 0.890999 0.454005 -0
    outer loop
      vertex -7.66768 -4.21534 28
      vertex -7.91724 -3.72557 30
      vertex -7.66768 -4.21534 30
    endloop
  endfacet
  facet normal 0.890999 0.454005 0
    outer loop
      vertex -7.91724 -3.72557 28
      vertex -7.66768 -4.21534 28
      vertex -7.91724 -3.72557 0
    endloop
  endfacet
  facet normal 0.890999 0.454005 0
    outer loop
      vertex -7.91724 -3.72557 0
      vertex -7.66768 -4.21534 28
      vertex -7.66768 -4.21534 0
    endloop
  endfacet
  facet normal -0.960292 0.278995 0
    outer loop
      vertex 8.32174 -2.7039 28
      vertex 8.4751 -2.17604 28
      vertex 8.4751 -2.17604 5.67194
    endloop
  endfacet
  facet normal -0.960297 0.278978 -4.38463e-07
    outer loop
      vertex 8.32174 -2.7039 28
      vertex 8.4751 -2.17604 5.67194
      vertex 8.43548 -2.31242 5.53405
    endloop
  endfacet
  facet normal -0.96029 0.279004 4.68068e-08
    outer loop
      vertex 8.32174 -2.7039 28
      vertex 8.43548 -2.31242 5.53405
      vertex 8.36007 -2.57197 5.24156
    endloop
  endfacet
  facet normal -0.960292 0.278996 0
    outer loop
      vertex 8.32174 -2.7039 28
      vertex 8.36007 -2.57197 5.24156
      vertex 8.32174 -2.7039 5.07643
    endloop
  endfacet
  facet normal -0.960292 0.278995 0
    outer loop
      vertex 8.4751 -2.17604 28
      vertex 8.32174 -2.7039 28
      vertex 8.4751 -2.17604 30
    endloop
  endfacet
  facet normal -0.960292 0.278995 0
    outer loop
      vertex 8.4751 -2.17604 30
      vertex 8.32174 -2.7039 28
      vertex 8.32174 -2.7039 30
    endloop
  endfacet
  facet normal 0.0314178 -0.999506 0
    outer loop
      vertex -0.549417 8.73273 28
      vertex 0 8.75 30
      vertex -0.549417 8.73273 30
    endloop
  endfacet
  facet normal 0.0314178 -0.999506 0
    outer loop
      vertex -0.549417 8.73273 28
      vertex 0 8.75 28
      vertex 0 8.75 30
    endloop
  endfacet
  facet normal 0.0314178 -0.999506 0
    outer loop
      vertex -0.549417 8.73273 0
      vertex 0 8.75 28
      vertex -0.549417 8.73273 28
    endloop
  endfacet
  facet normal 0.0314178 -0.999506 0
    outer loop
      vertex 0 8.75 28
      vertex -0.549417 8.73273 0
      vertex 0 8.75 0
    endloop
  endfacet
  facet normal -0.338738 -0.940881 0
    outer loop
      vertex 2.7039 8.32174 28
      vertex 3.22109 8.13554 30
      vertex 2.7039 8.32174 30
    endloop
  endfacet
  facet normal -0.338738 -0.940881 0
    outer loop
      vertex 2.7039 8.32174 28
      vertex 3.22109 8.13554 28
      vertex 3.22109 8.13554 30
    endloop
  endfacet
  facet normal -0.338738 -0.940881 0
    outer loop
      vertex 2.7039 8.32174 0
      vertex 3.22109 8.13554 28
      vertex 2.7039 8.32174 28
    endloop
  endfacet
  facet normal -0.338738 -0.940881 -0
    outer loop
      vertex 3.22109 8.13554 28
      vertex 2.7039 8.32174 0
      vertex 3.22109 8.13554 0
    endloop
  endfacet
  facet normal -0.218142 0.975917 0
    outer loop
      vertex 2.17604 -8.4751 28
      vertex 1.63959 -8.59501 30
      vertex 2.17604 -8.4751 30
    endloop
  endfacet
  facet normal -0.218142 0.975917 0
    outer loop
      vertex 2.17604 -8.4751 28
      vertex 1.63959 -8.59501 28
      vertex 1.63959 -8.59501 30
    endloop
  endfacet
  facet normal -0.218142 0.975917 0
    outer loop
      vertex 2.17604 -8.4751 0
      vertex 1.63959 -8.59501 28
      vertex 2.17604 -8.4751 28
    endloop
  endfacet
  facet normal -0.218142 0.975917 0
    outer loop
      vertex 1.63959 -8.59501 28
      vertex 2.17604 -8.4751 0
      vertex 1.63959 -8.59501 0
    endloop
  endfacet
  facet normal -0.827083 0.56208 0
    outer loop
      vertex 7.0789 -5.14312 28
      vertex 7.38787 -4.68848 28
      vertex 7.38787 -4.68848 0
    endloop
  endfacet
  facet normal -0.827083 0.56208 0
    outer loop
      vertex 7.0789 -5.14312 28
      vertex 7.38787 -4.68848 0
      vertex 7.0789 -5.14312 0
    endloop
  endfacet
  facet normal -0.827083 0.56208 0
    outer loop
      vertex 7.38787 -4.68848 28
      vertex 7.0789 -5.14312 28
      vertex 7.38787 -4.68848 30
    endloop
  endfacet
  facet normal -0.827083 0.56208 0
    outer loop
      vertex 7.38787 -4.68848 30
      vertex 7.0789 -5.14312 28
      vertex 7.0789 -5.14312 30
    endloop
  endfacet
  facet normal -0.707107 0.707107 0
    outer loop
      vertex 5.98979 -6.37848 28
      vertex 6.37848 -5.98979 28
      vertex 6.37848 -5.98979 0
    endloop
  endfacet
  facet normal -0.707107 0.707107 0
    outer loop
      vertex 5.98979 -6.37848 28
      vertex 6.37848 -5.98979 0
      vertex 5.98979 -6.37848 0
    endloop
  endfacet
  facet normal -0.707107 0.707107 0
    outer loop
      vertex 6.37848 -5.98979 28
      vertex 5.98979 -6.37848 28
      vertex 6.37848 -5.98979 30
    endloop
  endfacet
  facet normal -0.707107 0.707107 0
    outer loop
      vertex 6.37848 -5.98979 30
      vertex 5.98979 -6.37848 28
      vertex 5.98979 -6.37848 30
    endloop
  endfacet
  facet normal -0.0941072 -0.995562 0
    outer loop
      vertex 0.549417 8.73273 28
      vertex 1.09667 8.681 30
      vertex 0.549417 8.73273 30
    endloop
  endfacet
  facet normal -0.0941072 -0.995562 0
    outer loop
      vertex 0.549417 8.73273 28
      vertex 1.09667 8.681 28
      vertex 1.09667 8.681 30
    endloop
  endfacet
  facet normal -0.0941072 -0.995562 0
    outer loop
      vertex 0.549417 8.73273 0
      vertex 1.09667 8.681 28
      vertex 0.549417 8.73273 28
    endloop
  endfacet
  facet normal -0.0941072 -0.995562 -0
    outer loop
      vertex 1.09667 8.681 28
      vertex 0.549417 8.73273 0
      vertex 1.09667 8.681 0
    endloop
  endfacet
  facet normal -0.278995 0.960292 0
    outer loop
      vertex 2.7039 -8.32174 28
      vertex 2.17604 -8.4751 30
      vertex 2.7039 -8.32174 30
    endloop
  endfacet
  facet normal -0.278995 0.960292 0
    outer loop
      vertex 2.7039 -8.32174 28
      vertex 2.17604 -8.4751 28
      vertex 2.17604 -8.4751 30
    endloop
  endfacet
  facet normal -0.278995 0.960292 0
    outer loop
      vertex 2.7039 -8.32174 0
      vertex 2.17604 -8.4751 28
      vertex 2.7039 -8.32174 28
    endloop
  endfacet
  facet normal -0.278995 0.960292 0
    outer loop
      vertex 2.17604 -8.4751 28
      vertex 2.7039 -8.32174 0
      vertex 2.17604 -8.4751 0
    endloop
  endfacet
  facet normal -0.218142 -0.975917 0
    outer loop
      vertex 1.63959 8.59501 28
      vertex 2.17604 8.4751 30
      vertex 1.63959 8.59501 30
    endloop
  endfacet
  facet normal -0.218142 -0.975917 0
    outer loop
      vertex 1.63959 8.59501 28
      vertex 2.17604 8.4751 28
      vertex 2.17604 8.4751 30
    endloop
  endfacet
  facet normal -0.218142 -0.975917 0
    outer loop
      vertex 1.63959 8.59501 0
      vertex 2.17604 8.4751 28
      vertex 1.63959 8.59501 28
    endloop
  endfacet
  facet normal -0.218142 -0.975917 -0
    outer loop
      vertex 2.17604 8.4751 28
      vertex 1.63959 8.59501 0
      vertex 2.17604 8.4751 0
    endloop
  endfacet
  facet normal -0.917774 -0.397104 0
    outer loop
      vertex 7.92897 3.69846 3.40594
      vertex 7.91724 3.72557 28
      vertex 7.91724 3.72557 3.3448
    endloop
  endfacet
  facet normal -0.917759 -0.397138 4.52969e-08
    outer loop
      vertex 8.01526 3.49905 3.81212
      vertex 7.91724 3.72557 28
      vertex 7.92897 3.69846 3.40594
    endloop
  endfacet
  facet normal -0.917752 -0.397153 2.05712e-07
    outer loop
      vertex 8.10753 3.28583 4.20593
      vertex 7.91724 3.72557 28
      vertex 8.01526 3.49905 3.81212
    endloop
  endfacet
  facet normal -0.917782 -0.397084 -1.30435e-06
    outer loop
      vertex 8.13554 3.22109 4.31466
      vertex 7.91724 3.72557 28
      vertex 8.10753 3.28583 4.20593
    endloop
  endfacet
  facet normal -0.91776 -0.397136 0
    outer loop
      vertex 7.91724 3.72557 28
      vertex 8.13554 3.22109 4.31466
      vertex 8.13554 3.22109 28
    endloop
  endfacet
  facet normal -0.91776 -0.397136 0
    outer loop
      vertex 7.91724 3.72557 28
      vertex 8.13554 3.22109 28
      vertex 7.91724 3.72557 30
    endloop
  endfacet
  facet normal -0.91776 -0.397136 0
    outer loop
      vertex 7.91724 3.72557 30
      vertex 8.13554 3.22109 28
      vertex 8.13554 3.22109 30
    endloop
  endfacet
  facet normal -0.790154 0.612909 0
    outer loop
      vertex 6.74199 -5.57746 28
      vertex 7.0789 -5.14312 28
      vertex 7.0789 -5.14312 0
    endloop
  endfacet
  facet normal -0.790154 0.612909 0
    outer loop
      vertex 6.74199 -5.57746 28
      vertex 7.0789 -5.14312 0
      vertex 6.74199 -5.57746 0
    endloop
  endfacet
  facet normal -0.790154 0.612909 0
    outer loop
      vertex 7.0789 -5.14312 28
      vertex 6.74199 -5.57746 28
      vertex 7.0789 -5.14312 30
    endloop
  endfacet
  facet normal -0.790154 0.612909 0
    outer loop
      vertex 7.0789 -5.14312 30
      vertex 6.74199 -5.57746 28
      vertex 6.74199 -5.57746 30
    endloop
  endfacet
  facet normal -0.750118 -0.661304 0
    outer loop
      vertex 6.74199 5.57746 28
      vertex 6.37848 5.98979 28
      vertex 6.37848 5.98979 0
    endloop
  endfacet
  facet normal -0.750118 -0.661304 -0
    outer loop
      vertex 6.74199 5.57746 28
      vertex 6.37848 5.98979 0
      vertex 6.74199 5.57746 0
    endloop
  endfacet
  facet normal -0.750118 -0.661304 0
    outer loop
      vertex 6.37848 5.98979 28
      vertex 6.74199 5.57746 28
      vertex 6.37848 5.98979 30
    endloop
  endfacet
  facet normal -0.750118 -0.661304 0
    outer loop
      vertex 6.37848 5.98979 30
      vertex 6.74199 5.57746 28
      vertex 6.74199 5.57746 30
    endloop
  endfacet
  facet normal -0.661304 0.750118 0
    outer loop
      vertex 5.98979 -6.37848 28
      vertex 5.57746 -6.74199 30
      vertex 5.98979 -6.37848 30
    endloop
  endfacet
  facet normal -0.661304 0.750118 0
    outer loop
      vertex 5.98979 -6.37848 28
      vertex 5.57746 -6.74199 28
      vertex 5.57746 -6.74199 30
    endloop
  endfacet
  facet normal -0.661304 0.750118 0
    outer loop
      vertex 5.98979 -6.37848 0
      vertex 5.57746 -6.74199 28
      vertex 5.98979 -6.37848 28
    endloop
  endfacet
  facet normal -0.661304 0.750118 0
    outer loop
      vertex 5.57746 -6.74199 28
      vertex 5.98979 -6.37848 0
      vertex 5.57746 -6.74199 0
    endloop
  endfacet
  facet normal 0.960292 0.278995 0
    outer loop
      vertex -8.32174 -2.7039 28
      vertex -8.4751 -2.17604 28
      vertex -8.4751 -2.17604 30
    endloop
  endfacet
  facet normal 0.960292 0.278995 -0
    outer loop
      vertex -8.32174 -2.7039 28
      vertex -8.4751 -2.17604 30
      vertex -8.32174 -2.7039 30
    endloop
  endfacet
  facet normal 0.960292 0.278995 0
    outer loop
      vertex -8.4751 -2.17604 28
      vertex -8.32174 -2.7039 28
      vertex -8.4751 -2.17604 0
    endloop
  endfacet
  facet normal 0.960292 0.278995 0
    outer loop
      vertex -8.4751 -2.17604 0
      vertex -8.32174 -2.7039 28
      vertex -8.32174 -2.7039 0
    endloop
  endfacet
  facet normal 0.661304 -0.750118 0
    outer loop
      vertex -5.98979 6.37848 28
      vertex -5.57746 6.74199 30
      vertex -5.98979 6.37848 30
    endloop
  endfacet
  facet normal 0.661304 -0.750118 0
    outer loop
      vertex -5.98979 6.37848 28
      vertex -5.57746 6.74199 28
      vertex -5.57746 6.74199 30
    endloop
  endfacet
  facet normal 0.661304 -0.750118 0
    outer loop
      vertex -5.98979 6.37848 0
      vertex -5.57746 6.74199 28
      vertex -5.98979 6.37848 28
    endloop
  endfacet
  facet normal 0.661304 -0.750118 0
    outer loop
      vertex -5.57746 6.74199 28
      vertex -5.98979 6.37848 0
      vertex -5.57746 6.74199 0
    endloop
  endfacet
  facet normal 0.91776 0.397136 0
    outer loop
      vertex -7.91724 -3.72557 28
      vertex -8.13554 -3.22109 28
      vertex -8.13554 -3.22109 30
    endloop
  endfacet
  facet normal 0.91776 0.397136 -0
    outer loop
      vertex -7.91724 -3.72557 28
      vertex -8.13554 -3.22109 30
      vertex -7.91724 -3.72557 30
    endloop
  endfacet
  facet normal 0.91776 0.397136 0
    outer loop
      vertex -8.13554 -3.22109 28
      vertex -7.91724 -3.72557 28
      vertex -8.13554 -3.22109 0
    endloop
  endfacet
  facet normal 0.91776 0.397136 0
    outer loop
      vertex -8.13554 -3.22109 0
      vertex -7.91724 -3.72557 28
      vertex -7.91724 -3.72557 0
    endloop
  endfacet
  facet normal -0.860743 -0.509039 0
    outer loop
      vertex 7.4111 4.6492 0.249266
      vertex 7.38787 4.68848 28
      vertex 7.38787 4.68848 0
    endloop
  endfacet
  facet normal -0.860979 -0.50864 8.49167e-05
    outer loop
      vertex 7.4111 4.6492 0.249266
      vertex 7.38787 4.68848 0
      vertex 7.38979 4.68523 0
    endloop
  endfacet
  facet normal -0.860717 -0.509084 8.52043e-08
    outer loop
      vertex 7.46086 4.56507 0.708532
      vertex 7.38787 4.68848 28
      vertex 7.4111 4.6492 0.249266
    endloop
  endfacet
  facet normal -0.860761 -0.509009 -3.73594e-07
    outer loop
      vertex 7.52126 4.46293 1.17018
      vertex 7.38787 4.68848 28
      vertex 7.46086 4.56507 0.708532
    endloop
  endfacet
  facet normal -0.860729 -0.509063 2.38729e-07
    outer loop
      vertex 7.59209 4.34317 1.63237
      vertex 7.38787 4.68848 28
      vertex 7.52126 4.46293 1.17018
    endloop
  endfacet
  facet normal -0.860766 -0.509001 -8.46215e-07
    outer loop
      vertex 7.66768 4.21534 2.06275
      vertex 7.38787 4.68848 28
      vertex 7.59209 4.34317 1.63237
    endloop
  endfacet
  facet normal -0.860745 -0.509036 0
    outer loop
      vertex 7.38787 4.68848 28
      vertex 7.66768 4.21534 2.06275
      vertex 7.66768 4.21534 28
    endloop
  endfacet
  facet normal -0.860745 -0.509036 0
    outer loop
      vertex 7.38787 4.68848 28
      vertex 7.66768 4.21534 28
      vertex 7.38787 4.68848 30
    endloop
  endfacet
  facet normal -0.860745 -0.509036 0
    outer loop
      vertex 7.38787 4.68848 30
      vertex 7.66768 4.21534 28
      vertex 7.66768 4.21534 30
    endloop
  endfacet
  facet normal 0.397136 0.91776 -0
    outer loop
      vertex -3.22109 -8.13554 28
      vertex -3.72557 -7.91724 30
      vertex -3.22109 -8.13554 30
    endloop
  endfacet
  facet normal 0.397136 0.91776 0
    outer loop
      vertex -3.22109 -8.13554 28
      vertex -3.72557 -7.91724 28
      vertex -3.72557 -7.91724 30
    endloop
  endfacet
  facet normal 0.397136 0.91776 -0
    outer loop
      vertex -3.22109 -8.13554 0
      vertex -3.72557 -7.91724 28
      vertex -3.22109 -8.13554 28
    endloop
  endfacet
  facet normal 0.397136 0.91776 0
    outer loop
      vertex -3.72557 -7.91724 28
      vertex -3.22109 -8.13554 0
      vertex -3.72557 -7.91724 0
    endloop
  endfacet
  facet normal -0.338738 0.940881 0
    outer loop
      vertex 3.22109 -8.13554 28
      vertex 2.7039 -8.32174 30
      vertex 3.22109 -8.13554 30
    endloop
  endfacet
  facet normal -0.338738 0.940881 0
    outer loop
      vertex 3.22109 -8.13554 28
      vertex 2.7039 -8.32174 28
      vertex 2.7039 -8.32174 30
    endloop
  endfacet
  facet normal -0.338738 0.940881 0
    outer loop
      vertex 3.22109 -8.13554 0
      vertex 2.7039 -8.32174 28
      vertex 3.22109 -8.13554 28
    endloop
  endfacet
  facet normal -0.338738 0.940881 0
    outer loop
      vertex 2.7039 -8.32174 28
      vertex 3.22109 -8.13554 0
      vertex 2.7039 -8.32174 0
    endloop
  endfacet
  facet normal -0.707107 -0.707107 0
    outer loop
      vertex 6.37848 5.98979 28
      vertex 5.98979 6.37848 28
      vertex 5.98979 6.37848 0
    endloop
  endfacet
  facet normal -0.707107 -0.707107 -0
    outer loop
      vertex 6.37848 5.98979 28
      vertex 5.98979 6.37848 0
      vertex 6.37848 5.98979 0
    endloop
  endfacet
  facet normal -0.707107 -0.707107 0
    outer loop
      vertex 5.98979 6.37848 28
      vertex 6.37848 5.98979 28
      vertex 5.98979 6.37848 30
    endloop
  endfacet
  facet normal -0.707107 -0.707107 0
    outer loop
      vertex 5.98979 6.37848 30
      vertex 6.37848 5.98979 28
      vertex 6.37848 5.98979 30
    endloop
  endfacet
  facet normal 0.860745 -0.509036 0
    outer loop
      vertex -7.66768 4.21534 28
      vertex -7.38787 4.68848 28
      vertex -7.38787 4.68848 30
    endloop
  endfacet
  facet normal 0.860745 -0.509036 0
    outer loop
      vertex -7.66768 4.21534 28
      vertex -7.38787 4.68848 30
      vertex -7.66768 4.21534 30
    endloop
  endfacet
  facet normal 0.860745 -0.509036 0
    outer loop
      vertex -7.38787 4.68848 28
      vertex -7.66768 4.21534 28
      vertex -7.38787 4.68848 0
    endloop
  endfacet
  facet normal 0.860745 -0.509036 0
    outer loop
      vertex -7.38787 4.68848 0
      vertex -7.66768 4.21534 28
      vertex -7.66768 4.21534 0
    endloop
  endfacet
  facet normal 0.0941072 -0.995562 0
    outer loop
      vertex -1.09667 8.681 28
      vertex -0.549417 8.73273 30
      vertex -1.09667 8.681 30
    endloop
  endfacet
  facet normal 0.0941072 -0.995562 0
    outer loop
      vertex -1.09667 8.681 28
      vertex -0.549417 8.73273 28
      vertex -0.549417 8.73273 30
    endloop
  endfacet
  facet normal 0.0941072 -0.995562 0
    outer loop
      vertex -1.09667 8.681 0
      vertex -0.549417 8.73273 28
      vertex -1.09667 8.681 28
    endloop
  endfacet
  facet normal 0.0941072 -0.995562 0
    outer loop
      vertex -0.549417 8.73273 28
      vertex -1.09667 8.681 0
      vertex -0.549417 8.73273 0
    endloop
  endfacet
  facet normal 0.987688 0.156434 0
    outer loop
      vertex -8.59501 -1.63959 28
      vertex -8.681 -1.09667 28
      vertex -8.681 -1.09667 30
    endloop
  endfacet
  facet normal 0.987688 0.156434 -0
    outer loop
      vertex -8.59501 -1.63959 28
      vertex -8.681 -1.09667 30
      vertex -8.59501 -1.63959 30
    endloop
  endfacet
  facet normal 0.987688 0.156434 0
    outer loop
      vertex -8.681 -1.09667 28
      vertex -8.59501 -1.63959 28
      vertex -8.681 -1.09667 0
    endloop
  endfacet
  facet normal 0.987688 0.156434 0
    outer loop
      vertex -8.681 -1.09667 0
      vertex -8.59501 -1.63959 28
      vertex -8.59501 -1.63959 0
    endloop
  endfacet
  facet normal 0.707107 0.707107 0
    outer loop
      vertex -5.98979 -6.37848 28
      vertex -6.37848 -5.98979 28
      vertex -6.37848 -5.98979 30
    endloop
  endfacet
  facet normal 0.707107 0.707107 -0
    outer loop
      vertex -5.98979 -6.37848 28
      vertex -6.37848 -5.98979 30
      vertex -5.98979 -6.37848 30
    endloop
  endfacet
  facet normal 0.707107 0.707107 0
    outer loop
      vertex -6.37848 -5.98979 28
      vertex -5.98979 -6.37848 28
      vertex -6.37848 -5.98979 0
    endloop
  endfacet
  facet normal 0.707107 0.707107 0
    outer loop
      vertex -6.37848 -5.98979 0
      vertex -5.98979 -6.37848 28
      vertex -5.98979 -6.37848 0
    endloop
  endfacet
  facet normal -0.156434 -0.987688 0
    outer loop
      vertex 1.09667 8.681 28
      vertex 1.63959 8.59501 30
      vertex 1.09667 8.681 30
    endloop
  endfacet
  facet normal -0.156434 -0.987688 0
    outer loop
      vertex 1.09667 8.681 28
      vertex 1.63959 8.59501 28
      vertex 1.63959 8.59501 30
    endloop
  endfacet
  facet normal -0.156434 -0.987688 0
    outer loop
      vertex 1.09667 8.681 0
      vertex 1.63959 8.59501 28
      vertex 1.09667 8.681 28
    endloop
  endfacet
  facet normal -0.156434 -0.987688 -0
    outer loop
      vertex 1.63959 8.59501 28
      vertex 1.09667 8.681 0
      vertex 1.63959 8.59501 0
    endloop
  endfacet
  facet normal -0.940879 -0.338742 0
    outer loop
      vertex 8.19367 3.05963 4.57409
      vertex 8.13554 3.22109 28
      vertex 8.13554 3.22109 4.31466
    endloop
  endfacet
  facet normal -0.940879 -0.338742 -2.50344e-09
    outer loop
      vertex 8.27945 2.82137 4.92124
      vertex 8.13554 3.22109 28
      vertex 8.19367 3.05963 4.57409
    endloop
  endfacet
  facet normal -0.940885 -0.338726 -3.21953e-07
    outer loop
      vertex 8.32174 2.7039 5.07643
      vertex 8.13554 3.22109 28
      vertex 8.27945 2.82137 4.92124
    endloop
  endfacet
  facet normal -0.940881 -0.338738 0
    outer loop
      vertex 8.13554 3.22109 28
      vertex 8.32174 2.7039 5.07643
      vertex 8.32174 2.7039 28
    endloop
  endfacet
  facet normal -0.940881 -0.338738 0
    outer loop
      vertex 8.13554 3.22109 28
      vertex 8.32174 2.7039 28
      vertex 8.13554 3.22109 30
    endloop
  endfacet
  facet normal -0.940881 -0.338738 0
    outer loop
      vertex 8.13554 3.22109 30
      vertex 8.32174 2.7039 28
      vertex 8.32174 2.7039 30
    endloop
  endfacet
  facet normal -0.454005 0.890999 0
    outer loop
      vertex 4.21534 -7.66768 28
      vertex 3.72557 -7.91724 30
      vertex 4.21534 -7.66768 30
    endloop
  endfacet
  facet normal -0.454005 0.890999 0
    outer loop
      vertex 4.21534 -7.66768 28
      vertex 3.72557 -7.91724 28
      vertex 3.72557 -7.91724 30
    endloop
  endfacet
  facet normal -0.454005 0.890999 0
    outer loop
      vertex 4.21534 -7.66768 0
      vertex 3.72557 -7.91724 28
      vertex 4.21534 -7.66768 28
    endloop
  endfacet
  facet normal -0.454005 0.890999 0
    outer loop
      vertex 3.72557 -7.91724 28
      vertex 4.21534 -7.66768 0
      vertex 3.72557 -7.91724 0
    endloop
  endfacet
  facet normal -0.0941072 0.995562 0
    outer loop
      vertex 1.09667 -8.681 28
      vertex 0.549417 -8.73273 30
      vertex 1.09667 -8.681 30
    endloop
  endfacet
  facet normal -0.0941072 0.995562 0
    outer loop
      vertex 1.09667 -8.681 28
      vertex 0.549417 -8.73273 28
      vertex 0.549417 -8.73273 30
    endloop
  endfacet
  facet normal -0.0941072 0.995562 0
    outer loop
      vertex 1.09667 -8.681 0
      vertex 0.549417 -8.73273 28
      vertex 1.09667 -8.681 28
    endloop
  endfacet
  facet normal -0.0941072 0.995562 0
    outer loop
      vertex 0.549417 -8.73273 28
      vertex 1.09667 -8.681 0
      vertex 0.549417 -8.73273 0
    endloop
  endfacet
  facet normal -0.999506 0.0314178 0
    outer loop
      vertex 8.73273 -0.549417 28
      vertex 8.75 0 28
      vertex 8.75 0 6.68822
    endloop
  endfacet
  facet normal -0.999507 0.0314052 -3.25423e-07
    outer loop
      vertex 8.73273 -0.549417 28
      vertex 8.75 0 6.68822
      vertex 8.74053 -0.301394 6.66536
    endloop
  endfacet
  facet normal -0.999506 0.0314332 0
    outer loop
      vertex 8.73273 -0.549417 28
      vertex 8.74053 -0.301394 6.66536
      vertex 8.73273 -0.549417 6.62441
    endloop
  endfacet
  facet normal -0.999506 0.0314178 0
    outer loop
      vertex 8.75 0 28
      vertex 8.73273 -0.549417 28
      vertex 8.75 0 30
    endloop
  endfacet
  facet normal -0.999506 0.0314178 0
    outer loop
      vertex 8.75 0 30
      vertex 8.73273 -0.549417 28
      vertex 8.73273 -0.549417 30
    endloop
  endfacet
  facet normal -0.995562 0.0941072 0
    outer loop
      vertex 8.681 -1.09667 28
      vertex 8.73273 -0.549417 28
      vertex 8.73273 -0.549417 6.62441
    endloop
  endfacet
  facet normal -0.995567 0.0940585 -1.2579e-06
    outer loop
      vertex 8.681 -1.09667 28
      vertex 8.73273 -0.549417 6.62441
      vertex 8.7278 -0.601599 6.6125
    endloop
  endfacet
  facet normal -0.995563 0.0940974 -3.47867e-07
    outer loop
      vertex 8.681 -1.09667 28
      vertex 8.7278 -0.601599 6.6125
      vertex 8.69965 -0.89943 6.51764
    endloop
  endfacet
  facet normal -0.995559 0.094135 0
    outer loop
      vertex 8.681 -1.09667 28
      vertex 8.69965 -0.89943 6.51764
      vertex 8.681 -1.09667 6.43664
    endloop
  endfacet
  facet normal -0.995562 0.0941072 0
    outer loop
      vertex 8.73273 -0.549417 28
      vertex 8.681 -1.09667 28
      vertex 8.73273 -0.549417 30
    endloop
  endfacet
  facet normal -0.995562 0.0941072 0
    outer loop
      vertex 8.73273 -0.549417 30
      vertex 8.681 -1.09667 28
      vertex 8.681 -1.09667 30
    endloop
  endfacet
  facet normal 0.0314178 0.999506 -0
    outer loop
      vertex 0 -8.75 28
      vertex -0.549417 -8.73273 30
      vertex 0 -8.75 30
    endloop
  endfacet
  facet normal 0.0314178 0.999506 0
    outer loop
      vertex 0 -8.75 28
      vertex -0.549417 -8.73273 28
      vertex -0.549417 -8.73273 30
    endloop
  endfacet
  facet normal 0.0314178 0.999506 -0
    outer loop
      vertex 0 -8.75 0
      vertex -0.549417 -8.73273 28
      vertex 0 -8.75 28
    endloop
  endfacet
  facet normal 0.0314178 0.999506 0
    outer loop
      vertex -0.549417 -8.73273 28
      vertex 0 -8.75 0
      vertex -0.549417 -8.73273 0
    endloop
  endfacet
  facet normal 0.397136 -0.91776 0
    outer loop
      vertex -3.72557 7.91724 28
      vertex -3.22109 8.13554 30
      vertex -3.72557 7.91724 30
    endloop
  endfacet
  facet normal 0.397136 -0.91776 0
    outer loop
      vertex -3.72557 7.91724 28
      vertex -3.22109 8.13554 28
      vertex -3.22109 8.13554 30
    endloop
  endfacet
  facet normal 0.397136 -0.91776 0
    outer loop
      vertex -3.72557 7.91724 0
      vertex -3.22109 8.13554 28
      vertex -3.72557 7.91724 28
    endloop
  endfacet
  facet normal 0.397136 -0.91776 0
    outer loop
      vertex -3.22109 8.13554 28
      vertex -3.72557 7.91724 0
      vertex -3.22109 8.13554 0
    endloop
  endfacet
  facet normal 0.790154 -0.612909 0
    outer loop
      vertex -7.0789 5.14312 28
      vertex -6.74199 5.57746 28
      vertex -6.74199 5.57746 30
    endloop
  endfacet
  facet normal 0.790154 -0.612909 0
    outer loop
      vertex -7.0789 5.14312 28
      vertex -6.74199 5.57746 30
      vertex -7.0789 5.14312 30
    endloop
  endfacet
  facet normal 0.790154 -0.612909 0
    outer loop
      vertex -6.74199 5.57746 28
      vertex -7.0789 5.14312 28
      vertex -6.74199 5.57746 0
    endloop
  endfacet
  facet normal 0.790154 -0.612909 0
    outer loop
      vertex -6.74199 5.57746 0
      vertex -7.0789 5.14312 28
      vertex -7.0789 5.14312 0
    endloop
  endfacet
  facet normal 0.707107 -0.707107 0
    outer loop
      vertex -6.37848 5.98979 28
      vertex -5.98979 6.37848 28
      vertex -5.98979 6.37848 30
    endloop
  endfacet
  facet normal 0.707107 -0.707107 0
    outer loop
      vertex -6.37848 5.98979 28
      vertex -5.98979 6.37848 30
      vertex -6.37848 5.98979 30
    endloop
  endfacet
  facet normal 0.707107 -0.707107 0
    outer loop
      vertex -5.98979 6.37848 28
      vertex -6.37848 5.98979 28
      vertex -5.98979 6.37848 0
    endloop
  endfacet
  facet normal 0.707107 -0.707107 0
    outer loop
      vertex -5.98979 6.37848 0
      vertex -6.37848 5.98979 28
      vertex -6.37848 5.98979 0
    endloop
  endfacet
  facet normal -0.278995 -0.960292 0
    outer loop
      vertex 2.17604 8.4751 28
      vertex 2.7039 8.32174 30
      vertex 2.17604 8.4751 30
    endloop
  endfacet
  facet normal -0.278995 -0.960292 0
    outer loop
      vertex 2.17604 8.4751 28
      vertex 2.7039 8.32174 28
      vertex 2.7039 8.32174 30
    endloop
  endfacet
  facet normal -0.278995 -0.960292 0
    outer loop
      vertex 2.17604 8.4751 0
      vertex 2.7039 8.32174 28
      vertex 2.17604 8.4751 28
    endloop
  endfacet
  facet normal -0.278995 -0.960292 -0
    outer loop
      vertex 2.7039 8.32174 28
      vertex 2.17604 8.4751 0
      vertex 2.7039 8.32174 0
    endloop
  endfacet
  facet normal 0.509036 0.860745 -0
    outer loop
      vertex -4.21534 -7.66768 28
      vertex -4.68848 -7.38787 30
      vertex -4.21534 -7.66768 30
    endloop
  endfacet
  facet normal 0.509036 0.860745 0
    outer loop
      vertex -4.21534 -7.66768 28
      vertex -4.68848 -7.38787 28
      vertex -4.68848 -7.38787 30
    endloop
  endfacet
  facet normal 0.509036 0.860745 -0
    outer loop
      vertex -4.21534 -7.66768 0
      vertex -4.68848 -7.38787 28
      vertex -4.21534 -7.66768 28
    endloop
  endfacet
  facet normal 0.509036 0.860745 0
    outer loop
      vertex -4.68848 -7.38787 28
      vertex -4.21534 -7.66768 0
      vertex -4.68848 -7.38787 0
    endloop
  endfacet
  facet normal 0.612909 0.790154 -0
    outer loop
      vertex -5.14312 -7.0789 28
      vertex -5.57746 -6.74199 30
      vertex -5.14312 -7.0789 30
    endloop
  endfacet
  facet normal 0.612909 0.790154 0
    outer loop
      vertex -5.14312 -7.0789 28
      vertex -5.57746 -6.74199 28
      vertex -5.57746 -6.74199 30
    endloop
  endfacet
  facet normal 0.612909 0.790154 -0
    outer loop
      vertex -5.14312 -7.0789 0
      vertex -5.57746 -6.74199 28
      vertex -5.14312 -7.0789 28
    endloop
  endfacet
  facet normal 0.612909 0.790154 0
    outer loop
      vertex -5.57746 -6.74199 28
      vertex -5.14312 -7.0789 0
      vertex -5.57746 -6.74199 0
    endloop
  endfacet
  facet normal -0.509036 -0.860745 0
    outer loop
      vertex 4.21534 7.66768 28
      vertex 4.68848 7.38787 30
      vertex 4.21534 7.66768 30
    endloop
  endfacet
  facet normal -0.509036 -0.860745 0
    outer loop
      vertex 4.21534 7.66768 28
      vertex 4.68848 7.38787 28
      vertex 4.68848 7.38787 30
    endloop
  endfacet
  facet normal -0.509036 -0.860745 0
    outer loop
      vertex 4.21534 7.66768 0
      vertex 4.68848 7.38787 28
      vertex 4.21534 7.66768 28
    endloop
  endfacet
  facet normal -0.509036 -0.860745 -0
    outer loop
      vertex 4.68848 7.38787 28
      vertex 4.21534 7.66768 0
      vertex 4.68848 7.38787 0
    endloop
  endfacet
  facet normal -0.790154 -0.612909 0
    outer loop
      vertex 7.0789 5.14312 28
      vertex 6.74199 5.57746 28
      vertex 6.74199 5.57746 0
    endloop
  endfacet
  facet normal -0.790154 -0.612909 -0
    outer loop
      vertex 7.0789 5.14312 28
      vertex 6.74199 5.57746 0
      vertex 7.0789 5.14312 0
    endloop
  endfacet
  facet normal -0.790154 -0.612909 0
    outer loop
      vertex 6.74199 5.57746 28
      vertex 7.0789 5.14312 28
      vertex 6.74199 5.57746 30
    endloop
  endfacet
  facet normal -0.790154 -0.612909 0
    outer loop
      vertex 6.74199 5.57746 30
      vertex 7.0789 5.14312 28
      vertex 7.0789 5.14312 30
    endloop
  endfacet
  facet normal 0.612909 -0.790154 0
    outer loop
      vertex -5.57746 6.74199 28
      vertex -5.14312 7.0789 30
      vertex -5.57746 6.74199 30
    endloop
  endfacet
  facet normal 0.612909 -0.790154 0
    outer loop
      vertex -5.57746 6.74199 28
      vertex -5.14312 7.0789 28
      vertex -5.14312 7.0789 30
    endloop
  endfacet
  facet normal 0.612909 -0.790154 0
    outer loop
      vertex -5.57746 6.74199 0
      vertex -5.14312 7.0789 28
      vertex -5.57746 6.74199 28
    endloop
  endfacet
  facet normal 0.612909 -0.790154 0
    outer loop
      vertex -5.14312 7.0789 28
      vertex -5.57746 6.74199 0
      vertex -5.14312 7.0789 0
    endloop
  endfacet
  facet normal -0.454005 -0.890999 0
    outer loop
      vertex 3.72557 7.91724 28
      vertex 4.21534 7.66768 30
      vertex 3.72557 7.91724 30
    endloop
  endfacet
  facet normal -0.454005 -0.890999 0
    outer loop
      vertex 3.72557 7.91724 28
      vertex 4.21534 7.66768 28
      vertex 4.21534 7.66768 30
    endloop
  endfacet
  facet normal -0.454005 -0.890999 0
    outer loop
      vertex 3.72557 7.91724 0
      vertex 4.21534 7.66768 28
      vertex 3.72557 7.91724 28
    endloop
  endfacet
  facet normal -0.454005 -0.890999 -0
    outer loop
      vertex 4.21534 7.66768 28
      vertex 3.72557 7.91724 0
      vertex 4.21534 7.66768 0
    endloop
  endfacet
  facet normal -0.612909 -0.790154 0
    outer loop
      vertex 5.14312 7.0789 28
      vertex 5.57746 6.74199 30
      vertex 5.14312 7.0789 30
    endloop
  endfacet
  facet normal -0.612909 -0.790154 0
    outer loop
      vertex 5.14312 7.0789 28
      vertex 5.57746 6.74199 28
      vertex 5.57746 6.74199 30
    endloop
  endfacet
  facet normal -0.612909 -0.790154 0
    outer loop
      vertex 5.14312 7.0789 0
      vertex 5.57746 6.74199 28
      vertex 5.14312 7.0789 28
    endloop
  endfacet
  facet normal -0.612909 -0.790154 -0
    outer loop
      vertex 5.57746 6.74199 28
      vertex 5.14312 7.0789 0
      vertex 5.57746 6.74199 0
    endloop
  endfacet
  facet normal 0.218142 0.975917 -0
    outer loop
      vertex -1.63959 -8.59501 28
      vertex -2.17604 -8.4751 30
      vertex -1.63959 -8.59501 30
    endloop
  endfacet
  facet normal 0.218142 0.975917 0
    outer loop
      vertex -1.63959 -8.59501 28
      vertex -2.17604 -8.4751 28
      vertex -2.17604 -8.4751 30
    endloop
  endfacet
  facet normal 0.218142 0.975917 -0
    outer loop
      vertex -1.63959 -8.59501 0
      vertex -2.17604 -8.4751 28
      vertex -1.63959 -8.59501 28
    endloop
  endfacet
  facet normal 0.218142 0.975917 0
    outer loop
      vertex -2.17604 -8.4751 28
      vertex -1.63959 -8.59501 0
      vertex -2.17604 -8.4751 0
    endloop
  endfacet
  facet normal 0.999506 0.0314178 0
    outer loop
      vertex -8.73273 -0.549417 28
      vertex -8.75 0 28
      vertex -8.75 0 30
    endloop
  endfacet
  facet normal 0.999506 0.0314178 -0
    outer loop
      vertex -8.73273 -0.549417 28
      vertex -8.75 0 30
      vertex -8.73273 -0.549417 30
    endloop
  endfacet
  facet normal 0.999506 0.0314178 0
    outer loop
      vertex -8.75 0 28
      vertex -8.73273 -0.549417 28
      vertex -8.75 0 0
    endloop
  endfacet
  facet normal 0.999506 0.0314178 0
    outer loop
      vertex -8.75 0 0
      vertex -8.73273 -0.549417 28
      vertex -8.73273 -0.549417 0
    endloop
  endfacet
  facet normal 0.750118 0.661304 0
    outer loop
      vertex -6.37848 -5.98979 28
      vertex -6.74199 -5.57746 28
      vertex -6.74199 -5.57746 30
    endloop
  endfacet
  facet normal 0.750118 0.661304 -0
    outer loop
      vertex -6.37848 -5.98979 28
      vertex -6.74199 -5.57746 30
      vertex -6.37848 -5.98979 30
    endloop
  endfacet
  facet normal 0.750118 0.661304 0
    outer loop
      vertex -6.74199 -5.57746 28
      vertex -6.37848 -5.98979 28
      vertex -6.74199 -5.57746 0
    endloop
  endfacet
  facet normal 0.750118 0.661304 0
    outer loop
      vertex -6.74199 -5.57746 0
      vertex -6.37848 -5.98979 28
      vertex -6.37848 -5.98979 0
    endloop
  endfacet
  facet normal 0.661304 0.750118 -0
    outer loop
      vertex -5.57746 -6.74199 28
      vertex -5.98979 -6.37848 30
      vertex -5.57746 -6.74199 30
    endloop
  endfacet
  facet normal 0.661304 0.750118 0
    outer loop
      vertex -5.57746 -6.74199 28
      vertex -5.98979 -6.37848 28
      vertex -5.98979 -6.37848 30
    endloop
  endfacet
  facet normal 0.661304 0.750118 -0
    outer loop
      vertex -5.57746 -6.74199 0
      vertex -5.98979 -6.37848 28
      vertex -5.57746 -6.74199 28
    endloop
  endfacet
  facet normal 0.661304 0.750118 0
    outer loop
      vertex -5.98979 -6.37848 28
      vertex -5.57746 -6.74199 0
      vertex -5.98979 -6.37848 0
    endloop
  endfacet
  facet normal 0.156434 0.987688 -0
    outer loop
      vertex -1.09667 -8.681 28
      vertex -1.63959 -8.59501 30
      vertex -1.09667 -8.681 30
    endloop
  endfacet
  facet normal 0.156434 0.987688 0
    outer loop
      vertex -1.09667 -8.681 28
      vertex -1.63959 -8.59501 28
      vertex -1.63959 -8.59501 30
    endloop
  endfacet
  facet normal 0.156434 0.987688 -0
    outer loop
      vertex -1.09667 -8.681 0
      vertex -1.63959 -8.59501 28
      vertex -1.09667 -8.681 28
    endloop
  endfacet
  facet normal 0.156434 0.987688 0
    outer loop
      vertex -1.63959 -8.59501 28
      vertex -1.09667 -8.681 0
      vertex -1.63959 -8.59501 0
    endloop
  endfacet
  facet normal 0.56208 0.827083 -0
    outer loop
      vertex -4.68848 -7.38787 28
      vertex -5.14312 -7.0789 30
      vertex -4.68848 -7.38787 30
    endloop
  endfacet
  facet normal 0.56208 0.827083 0
    outer loop
      vertex -4.68848 -7.38787 28
      vertex -5.14312 -7.0789 28
      vertex -5.14312 -7.0789 30
    endloop
  endfacet
  facet normal 0.56208 0.827083 -0
    outer loop
      vertex -4.68848 -7.38787 0
      vertex -5.14312 -7.0789 28
      vertex -4.68848 -7.38787 28
    endloop
  endfacet
  facet normal 0.56208 0.827083 0
    outer loop
      vertex -5.14312 -7.0789 28
      vertex -4.68848 -7.38787 0
      vertex -5.14312 -7.0789 0
    endloop
  endfacet
  facet normal 0.750118 -0.661304 0
    outer loop
      vertex -6.74199 5.57746 28
      vertex -6.37848 5.98979 28
      vertex -6.37848 5.98979 30
    endloop
  endfacet
  facet normal 0.750118 -0.661304 0
    outer loop
      vertex -6.74199 5.57746 28
      vertex -6.37848 5.98979 30
      vertex -6.74199 5.57746 30
    endloop
  endfacet
  facet normal 0.750118 -0.661304 0
    outer loop
      vertex -6.37848 5.98979 28
      vertex -6.74199 5.57746 28
      vertex -6.37848 5.98979 0
    endloop
  endfacet
  facet normal 0.750118 -0.661304 0
    outer loop
      vertex -6.37848 5.98979 0
      vertex -6.74199 5.57746 28
      vertex -6.74199 5.57746 0
    endloop
  endfacet
  facet normal 0.338738 0.940881 -0
    outer loop
      vertex -2.7039 -8.32174 28
      vertex -3.22109 -8.13554 30
      vertex -2.7039 -8.32174 30
    endloop
  endfacet
  facet normal 0.338738 0.940881 0
    outer loop
      vertex -2.7039 -8.32174 28
      vertex -3.22109 -8.13554 28
      vertex -3.22109 -8.13554 30
    endloop
  endfacet
  facet normal 0.338738 0.940881 -0
    outer loop
      vertex -2.7039 -8.32174 0
      vertex -3.22109 -8.13554 28
      vertex -2.7039 -8.32174 28
    endloop
  endfacet
  facet normal 0.338738 0.940881 0
    outer loop
      vertex -3.22109 -8.13554 28
      vertex -2.7039 -8.32174 0
      vertex -3.22109 -8.13554 0
    endloop
  endfacet
  facet normal -0.0314178 -0.999506 0
    outer loop
      vertex 0 8.75 28
      vertex 0.549417 8.73273 30
      vertex 0 8.75 30
    endloop
  endfacet
  facet normal -0.0314178 -0.999506 0
    outer loop
      vertex 0 8.75 28
      vertex 0.549417 8.73273 28
      vertex 0.549417 8.73273 30
    endloop
  endfacet
  facet normal -0.0314178 -0.999506 0
    outer loop
      vertex 0 8.75 0
      vertex 0.549417 8.73273 28
      vertex 0 8.75 28
    endloop
  endfacet
  facet normal -0.0314178 -0.999506 -0
    outer loop
      vertex 0.549417 8.73273 28
      vertex 0 8.75 0
      vertex 0.549417 8.73273 0
    endloop
  endfacet
  facet normal 0.975917 -0.218142 0
    outer loop
      vertex -8.59501 1.63959 28
      vertex -8.4751 2.17604 28
      vertex -8.4751 2.17604 30
    endloop
  endfacet
  facet normal 0.975917 -0.218142 0
    outer loop
      vertex -8.59501 1.63959 28
      vertex -8.4751 2.17604 30
      vertex -8.59501 1.63959 30
    endloop
  endfacet
  facet normal 0.975917 -0.218142 0
    outer loop
      vertex -8.4751 2.17604 28
      vertex -8.59501 1.63959 28
      vertex -8.4751 2.17604 0
    endloop
  endfacet
  facet normal 0.975917 -0.218142 0
    outer loop
      vertex -8.4751 2.17604 0
      vertex -8.59501 1.63959 28
      vertex -8.59501 1.63959 0
    endloop
  endfacet
  facet normal 0.987688 -0.156434 0
    outer loop
      vertex -8.681 1.09667 28
      vertex -8.59501 1.63959 28
      vertex -8.59501 1.63959 30
    endloop
  endfacet
  facet normal 0.987688 -0.156434 0
    outer loop
      vertex -8.681 1.09667 28
      vertex -8.59501 1.63959 30
      vertex -8.681 1.09667 30
    endloop
  endfacet
  facet normal 0.987688 -0.156434 0
    outer loop
      vertex -8.59501 1.63959 28
      vertex -8.681 1.09667 28
      vertex -8.59501 1.63959 0
    endloop
  endfacet
  facet normal 0.987688 -0.156434 0
    outer loop
      vertex -8.59501 1.63959 0
      vertex -8.681 1.09667 28
      vertex -8.681 1.09667 0
    endloop
  endfacet
  facet normal 0.960292 -0.278995 0
    outer loop
      vertex -8.4751 2.17604 28
      vertex -8.32174 2.7039 28
      vertex -8.32174 2.7039 30
    endloop
  endfacet
  facet normal 0.960292 -0.278995 0
    outer loop
      vertex -8.4751 2.17604 28
      vertex -8.32174 2.7039 30
      vertex -8.4751 2.17604 30
    endloop
  endfacet
  facet normal 0.960292 -0.278995 0
    outer loop
      vertex -8.32174 2.7039 28
      vertex -8.4751 2.17604 28
      vertex -8.32174 2.7039 0
    endloop
  endfacet
  facet normal 0.960292 -0.278995 0
    outer loop
      vertex -8.32174 2.7039 0
      vertex -8.4751 2.17604 28
      vertex -8.4751 2.17604 0
    endloop
  endfacet
  facet normal 0.827083 -0.56208 0
    outer loop
      vertex -7.38787 4.68848 28
      vertex -7.0789 5.14312 28
      vertex -7.0789 5.14312 30
    endloop
  endfacet
  facet normal 0.827083 -0.56208 0
    outer loop
      vertex -7.38787 4.68848 28
      vertex -7.0789 5.14312 30
      vertex -7.38787 4.68848 30
    endloop
  endfacet
  facet normal 0.827083 -0.56208 0
    outer loop
      vertex -7.0789 5.14312 28
      vertex -7.38787 4.68848 28
      vertex -7.0789 5.14312 0
    endloop
  endfacet
  facet normal 0.827083 -0.56208 0
    outer loop
      vertex -7.0789 5.14312 0
      vertex -7.38787 4.68848 28
      vertex -7.38787 4.68848 0
    endloop
  endfacet
  facet normal 0.860745 0.509036 0
    outer loop
      vertex -7.38787 -4.68848 28
      vertex -7.66768 -4.21534 28
      vertex -7.66768 -4.21534 30
    endloop
  endfacet
  facet normal 0.860745 0.509036 -0
    outer loop
      vertex -7.38787 -4.68848 28
      vertex -7.66768 -4.21534 30
      vertex -7.38787 -4.68848 30
    endloop
  endfacet
  facet normal 0.860745 0.509036 0
    outer loop
      vertex -7.66768 -4.21534 28
      vertex -7.38787 -4.68848 28
      vertex -7.66768 -4.21534 0
    endloop
  endfacet
  facet normal 0.860745 0.509036 0
    outer loop
      vertex -7.66768 -4.21534 0
      vertex -7.38787 -4.68848 28
      vertex -7.38787 -4.68848 0
    endloop
  endfacet
  facet normal 0.454005 0.890999 -0
    outer loop
      vertex -3.72557 -7.91724 28
      vertex -4.21534 -7.66768 30
      vertex -3.72557 -7.91724 30
    endloop
  endfacet
  facet normal 0.454005 0.890999 0
    outer loop
      vertex -3.72557 -7.91724 28
      vertex -4.21534 -7.66768 28
      vertex -4.21534 -7.66768 30
    endloop
  endfacet
  facet normal 0.454005 0.890999 -0
    outer loop
      vertex -3.72557 -7.91724 0
      vertex -4.21534 -7.66768 28
      vertex -3.72557 -7.91724 28
    endloop
  endfacet
  facet normal 0.454005 0.890999 0
    outer loop
      vertex -4.21534 -7.66768 28
      vertex -3.72557 -7.91724 0
      vertex -4.21534 -7.66768 0
    endloop
  endfacet
  facet normal -0.612909 0.790154 0
    outer loop
      vertex 5.57746 -6.74199 28
      vertex 5.14312 -7.0789 30
      vertex 5.57746 -6.74199 30
    endloop
  endfacet
  facet normal -0.612909 0.790154 0
    outer loop
      vertex 5.57746 -6.74199 28
      vertex 5.14312 -7.0789 28
      vertex 5.14312 -7.0789 30
    endloop
  endfacet
  facet normal -0.612909 0.790154 0
    outer loop
      vertex 5.57746 -6.74199 0
      vertex 5.14312 -7.0789 28
      vertex 5.57746 -6.74199 28
    endloop
  endfacet
  facet normal -0.612909 0.790154 0
    outer loop
      vertex 5.14312 -7.0789 28
      vertex 5.57746 -6.74199 0
      vertex 5.14312 -7.0789 0
    endloop
  endfacet
  facet normal 0.706758 -0.0313991 -0.706758
    outer loop
      vertex 8.75 0 6.68822
      vertex 9.54053 0.301394 7.46536
      vertex 9.55 0 7.48822
    endloop
  endfacet
  facet normal 0.706758 -0.0313991 -0.706758
    outer loop
      vertex 9.54053 0.301394 7.46536
      vertex 8.75 0 6.68822
      vertex 8.74053 0.301394 6.66536
    endloop
  endfacet
  facet normal 0.499996 -0.707117 -0.49999
    outer loop
      vertex 8.10753 3.28583 4.20593
      vertex 8.88532 3.49905 4.68218
      vertex 8.96208 3.28583 5.06049
    endloop
  endfacet
  facet normal 0.499999 -0.707108 -0.499999
    outer loop
      vertex 8.88532 3.49905 4.68218
      vertex 8.10753 3.28583 4.20593
      vertex 8.01526 3.49905 3.81212
    endloop
  endfacet
  facet normal 0.698399 -0.156455 -0.698399
    outer loop
      vertex 8.7278 0.601599 6.6125
      vertex 9.50282 0.89943 7.3208
      vertex 9.53097 0.601599 7.41567
    endloop
  endfacet
  facet normal 0.698397 -0.156434 -0.698406
    outer loop
      vertex 9.50282 0.89943 7.3208
      vertex 8.7278 0.601599 6.6125
      vertex 8.69965 0.89943 6.51764
    endloop
  endfacet
  facet normal 0.23951 0.940887 -0.239513
    outer loop
      vertex 8.38691 -4.56507 1.63458
      vertex 7.52126 -4.46293 1.17018
      vertex 8.43895 -4.46293 2.08786
    endloop
  endfacet
  facet normal 0.239508 0.940889 -0.239509
    outer loop
      vertex 7.52126 -4.46293 1.17018
      vertex 8.38691 -4.56507 1.63458
      vertex 7.46086 -4.56507 0.708532
    endloop
  endfacet
  facet normal 0.608635 0.509036 -0.608643
    outer loop
      vertex 9.24997 -2.37499 6.2962
      vertex 8.43548 -2.31242 5.53405
      vertex 9.26396 -2.31242 6.36252
    endloop
  endfacet
  facet normal 0.608637 0.50903 -0.608645
    outer loop
      vertex 9.19274 -2.57197 6.07423
      vertex 8.43548 -2.31242 5.53405
      vertex 9.24997 -2.37499 6.2962
    endloop
  endfacet
  facet normal 0.608635 0.509045 -0.608635
    outer loop
      vertex 8.43548 -2.31242 5.53405
      vertex 9.19274 -2.57197 6.07423
      vertex 8.36007 -2.57197 5.24156
    endloop
  endfacet
  facet normal 0.11061 -0.98769 -0.11061
    outer loop
      vertex 7.57801 4.71498 0
      vertex 8.27328 4.76215 0.274066
      vertex 8.30117 4.71498 0.72316
    endloop
  endfacet
  facet normal 0.110611 -0.987689 -0.110612
    outer loop
      vertex 8.27328 4.76215 0.274066
      vertex 7.57801 4.71498 0
      vertex 7.99921 4.76215 0
    endloop
  endfacet
  facet normal 0.690075 0.218132 -0.690083
    outer loop
      vertex 9.475 -1.19371 7.19996
      vertex 8.69965 -0.89943 6.51764
      vertex 9.50282 -0.89943 7.3208
    endloop
  endfacet
  facet normal 0.690075 0.218143 -0.690079
    outer loop
      vertex 8.69965 -0.89943 6.51764
      vertex 9.475 -1.19371 7.19996
      vertex 8.681 -1.09667 6.43664
    endloop
  endfacet
  facet normal 0.690073 0.218172 -0.690073
    outer loop
      vertex 8.681 -1.09667 6.43664
      vertex 9.475 -1.19371 7.19996
      vertex 8.66563 -1.19371 6.39059
    endloop
  endfacet
  facet normal 0.359958 0.860733 -0.359958
    outer loop
      vertex 7.75052 -4.05277 2.53783
      vertex 8.6411 -4.06619 3.39632
      vertex 8.56972 -4.20627 2.98998
    endloop
  endfacet
  facet normal 0.359878 0.860801 -0.359874
    outer loop
      vertex 8.6411 -4.06619 3.39632
      vertex 7.75052 -4.05277 2.53783
      vertex 8.6469 -4.05277 3.43422
    endloop
  endfacet
  facet normal 0.359955 0.860737 -0.359951
    outer loop
      vertex 7.75052 -4.05277 2.53783
      vertex 8.56972 -4.20627 2.98998
      vertex 7.67231 -4.20627 2.09256
    endloop
  endfacet
  facet normal 0.558712 -0.612929 -0.558712
    outer loop
      vertex 8.27945 2.82137 4.92124
      vertex 9.08259 2.95111 5.58205
      vertex 9.12028 2.82137 5.76207
    endloop
  endfacet
  facet normal 0.558724 -0.612899 -0.558732
    outer loop
      vertex 9.08259 2.95111 5.58205
      vertex 8.27945 2.82137 4.92124
      vertex 9.04352 3.05963 5.42394
    endloop
  endfacet
  facet normal 0.55872 -0.612913 -0.55872
    outer loop
      vertex 9.04352 3.05963 5.42394
      vertex 8.27945 2.82137 4.92124
      vertex 8.19367 3.05963 4.57409
    endloop
  endfacet
  facet normal 0.197299 -0.960285 -0.197299
    outer loop
      vertex 7.46086 4.56507 0.708532
      vertex 8.36873 4.60075 1.44274
      vertex 8.38691 4.56507 1.63458
    endloop
  endfacet
  facet normal 0.197283 -0.960292 -0.197279
    outer loop
      vertex 8.36873 4.60075 1.44274
      vertex 7.46086 4.56507 0.708532
      vertex 8.34007 4.6492 1.17824
    endloop
  endfacet
  facet normal 0.197286 -0.96029 -0.197285
    outer loop
      vertex 8.34007 4.6492 1.17824
      vertex 7.46086 4.56507 0.708532
      vertex 7.4111 4.6492 0.249266
    endloop
  endfacet
  facet normal 0.433398 -0.79015 -0.433393
    outer loop
      vertex 7.92897 3.69846 3.40594
      vertex 8.72025 3.88328 3.86027
      vertex 8.80023 3.69846 4.27721
    endloop
  endfacet
  facet normal 0.433434 -0.79008 -0.433485
    outer loop
      vertex 7.91724 3.72557 3.3448
      vertex 8.72025 3.88328 3.86027
      vertex 7.92897 3.69846 3.40594
    endloop
  endfacet
  facet normal 0.433387 -0.790159 -0.433387
    outer loop
      vertex 8.72025 3.88328 3.86027
      vertex 7.91724 3.72557 3.3448
      vertex 7.83688 3.88328 2.9769
    endloop
  endfacet
  facet normal 0.23951 -0.940887 -0.239513
    outer loop
      vertex 7.52126 4.46293 1.17018
      vertex 8.38691 4.56507 1.63458
      vertex 8.43895 4.46293 2.08786
    endloop
  endfacet
  facet normal 0.239508 -0.940889 -0.239509
    outer loop
      vertex 8.38691 4.56507 1.63458
      vertex 7.52126 4.46293 1.17018
      vertex 7.46086 4.56507 0.708532
    endloop
  endfacet
  facet normal 0.280831 -0.917753 -0.280827
    outer loop
      vertex 7.59209 4.34317 1.63237
      vertex 8.43895 4.46293 2.08786
      vertex 8.49997 4.34317 2.54026
    endloop
  endfacet
  facet normal 0.280836 -0.917747 -0.280839
    outer loop
      vertex 8.43895 4.46293 2.08786
      vertex 7.59209 4.34317 1.63237
      vertex 7.52126 4.46293 1.17018
    endloop
  endfacet
  facet normal 0.665301 0.338747 -0.665301
    outer loop
      vertex 9.38441 -1.767 6.84594
      vertex 8.61977 -1.48328 6.22576
      vertex 9.42934 -1.48328 7.03533
    endloop
  endfacet
  facet normal 0.665301 0.338723 -0.665312
    outer loop
      vertex 8.61977 -1.48328 6.22576
      vertex 9.38441 -1.767 6.84594
      vertex 8.59501 -1.63959 6.12142
    endloop
  endfacet
  facet normal 0.665299 0.338739 -0.665307
    outer loop
      vertex 8.59501 -1.63959 6.12142
      vertex 9.38441 -1.767 6.84594
      vertex 8.56653 -1.767 6.02807
    endloop
  endfacet
  facet normal 0.397453 -0.82708 -0.397453
    outer loop
      vertex 7.83688 3.88328 2.9769
      vertex 8.6469 4.05277 3.43422
      vertex 8.72025 3.88328 3.86027
    endloop
  endfacet
  facet normal 0.39745 -0.827085 -0.397446
    outer loop
      vertex 8.6469 4.05277 3.43422
      vertex 7.83688 3.88328 2.9769
      vertex 7.75052 4.05277 2.53783
    endloop
  endfacet
  facet normal 0.703969 0.0941048 -0.703969
    outer loop
      vertex 9.53115 -0.599649 7.41611
      vertex 8.74053 -0.301394 6.66536
      vertex 9.54053 -0.301394 7.46536
    endloop
  endfacet
  facet normal 0.703967 0.094091 -0.703972
    outer loop
      vertex 8.74053 -0.301394 6.66536
      vertex 9.53115 -0.599649 7.41611
      vertex 8.73273 -0.549417 6.62441
    endloop
  endfacet
  facet normal 0.703975 0.0938677 -0.703994
    outer loop
      vertex 9.53097 -0.601599 7.41567
      vertex 8.73273 -0.549417 6.62441
      vertex 9.53115 -0.599649 7.41611
    endloop
  endfacet
  facet normal 0.703965 0.0941642 -0.703965
    outer loop
      vertex 8.73273 -0.549417 6.62441
      vertex 9.53097 -0.601599 7.41567
      vertex 8.7278 -0.601599 6.6125
    endloop
  endfacet
  facet normal 0.110611 0.987689 -0.110612
    outer loop
      vertex 7.57801 -4.71498 0
      vertex 8.27328 -4.76215 0.274066
      vertex 7.99921 -4.76215 0
    endloop
  endfacet
  facet normal 0.11061 0.98769 -0.11061
    outer loop
      vertex 8.27328 -4.76215 0.274066
      vertex 7.57801 -4.71498 0
      vertex 8.30117 -4.71498 0.72316
    endloop
  endfacet
  facet normal 0.359878 -0.860801 -0.359874
    outer loop
      vertex 7.75052 4.05277 2.53783
      vertex 8.6411 4.06619 3.39632
      vertex 8.6469 4.05277 3.43422
    endloop
  endfacet
  facet normal 0.359958 -0.860733 -0.359958
    outer loop
      vertex 8.6411 4.06619 3.39632
      vertex 7.75052 4.05277 2.53783
      vertex 8.56972 4.20627 2.98998
    endloop
  endfacet
  facet normal 0.359955 -0.860737 -0.359951
    outer loop
      vertex 8.56972 4.20627 2.98998
      vertex 7.75052 4.05277 2.53783
      vertex 7.67231 4.20627 2.09256
    endloop
  endfacet
  facet normal 0.433398 0.79015 -0.433393
    outer loop
      vertex 8.72025 -3.88328 3.86027
      vertex 7.92897 -3.69846 3.40594
      vertex 8.80023 -3.69846 4.27721
    endloop
  endfacet
  facet normal 0.433434 0.79008 -0.433485
    outer loop
      vertex 8.72025 -3.88328 3.86027
      vertex 7.91724 -3.72557 3.3448
      vertex 7.92897 -3.69846 3.40594
    endloop
  endfacet
  facet normal 0.433387 0.790159 -0.433387
    outer loop
      vertex 7.91724 -3.72557 3.3448
      vertex 8.72025 -3.88328 3.86027
      vertex 7.83688 -3.88328 2.9769
    endloop
  endfacet
  facet normal 0.608637 -0.50903 -0.608645
    outer loop
      vertex 8.43548 2.31242 5.53405
      vertex 9.19274 2.57197 6.07423
      vertex 9.24997 2.37499 6.2962
    endloop
  endfacet
  facet normal 0.608635 -0.509036 -0.608643
    outer loop
      vertex 8.43548 2.31242 5.53405
      vertex 9.24997 2.37499 6.2962
      vertex 9.26396 2.31242 6.36252
    endloop
  endfacet
  facet normal 0.608635 -0.509045 -0.608635
    outer loop
      vertex 9.19274 2.57197 6.07423
      vertex 8.43548 2.31242 5.53405
      vertex 8.36007 2.57197 5.24156
    endloop
  endfacet
  facet normal 0.698399 0.156455 -0.698399
    outer loop
      vertex 9.50282 -0.89943 7.3208
      vertex 8.7278 -0.601599 6.6125
      vertex 9.53097 -0.601599 7.41567
    endloop
  endfacet
  facet normal 0.698397 0.156434 -0.698406
    outer loop
      vertex 8.7278 -0.601599 6.6125
      vertex 9.50282 -0.89943 7.3208
      vertex 8.69965 -0.89943 6.51764
    endloop
  endfacet
  facet normal 0.154251 0.975917 -0.15425
    outer loop
      vertex 8.30117 -4.71498 0.72316
      vertex 7.4111 -4.6492 0.249266
      vertex 8.34007 -4.6492 1.17824
    endloop
  endfacet
  facet normal 0.154252 0.975916 -0.154252
    outer loop
      vertex 7.57801 -4.71498 0
      vertex 7.4111 -4.6492 0.249266
      vertex 8.30117 -4.71498 0.72316
    endloop
  endfacet
  facet normal 0.154253 0.975916 -0.15425
    outer loop
      vertex 7.4111 -4.6492 0.249266
      vertex 7.57801 -4.71498 0
      vertex 7.38979 -4.68523 0
    endloop
  endfacet
  facet normal 0.154251 -0.975917 -0.15425
    outer loop
      vertex 7.4111 4.6492 0.249266
      vertex 8.30117 4.71498 0.72316
      vertex 8.34007 4.6492 1.17824
    endloop
  endfacet
  facet normal 0.154253 -0.975916 -0.15425
    outer loop
      vertex 7.57801 4.71498 0
      vertex 7.4111 4.6492 0.249266
      vertex 7.38979 4.68523 0
    endloop
  endfacet
  facet normal 0.154252 -0.975916 -0.154252
    outer loop
      vertex 7.4111 4.6492 0.249266
      vertex 7.57801 4.71498 0
      vertex 8.30117 4.71498 0.72316
    endloop
  endfacet
  facet normal 0.066537 0.995563 -0.066538
    outer loop
      vertex 8.27328 -4.76215 0.274066
      vertex 8.26285 -4.77977 0
      vertex 7.99921 -4.76215 0
    endloop
  endfacet
  facet normal 0.584833 0.562087 -0.584833
    outer loop
      vertex 9.12028 -2.82137 5.76207
      vertex 8.36007 -2.57197 5.24156
      vertex 9.19274 -2.57197 6.07423
    endloop
  endfacet
  facet normal 0.584832 0.562089 -0.584831
    outer loop
      vertex 8.36007 -2.57197 5.24156
      vertex 9.12028 -2.82137 5.76207
      vertex 8.32174 -2.7039 5.07643
    endloop
  endfacet
  facet normal 0.584835 0.562083 -0.584835
    outer loop
      vertex 8.32174 -2.7039 5.07643
      vertex 9.12028 -2.82137 5.76207
      vertex 8.27945 -2.82137 4.92124
    endloop
  endfacet
  facet normal 0.321025 -0.891004 -0.321022
    outer loop
      vertex 7.67231 4.20627 2.09256
      vertex 8.49997 4.34317 2.54026
      vertex 8.56972 4.20627 2.98998
    endloop
  endfacet
  facet normal 0.320999 -0.891035 -0.320963
    outer loop
      vertex 7.66768 4.21534 2.06275
      vertex 8.49997 4.34317 2.54026
      vertex 7.67231 4.20627 2.09256
    endloop
  endfacet
  facet normal 0.32103 -0.891001 -0.321026
    outer loop
      vertex 8.49997 4.34317 2.54026
      vertex 7.66768 4.21534 2.06275
      vertex 7.59209 4.34317 1.63237
    endloop
  endfacet
  facet normal 0.066537 -0.995563 -0.066538
    outer loop
      vertex 8.26285 4.77977 0
      vertex 8.27328 4.76215 0.274066
      vertex 7.99921 4.76215 0
    endloop
  endfacet
  facet normal 0.67875 -0.280353 -0.67875
    outer loop
      vertex 8.66563 1.19371 6.39059
      vertex 9.4747 1.19693 7.19833
      vertex 9.475 1.19371 7.19996
    endloop
  endfacet
  facet normal 0.679032 -0.278967 -0.679038
    outer loop
      vertex 9.4747 1.19693 7.19833
      vertex 8.66563 1.19371 6.39059
      vertex 9.42934 1.48328 7.03533
    endloop
  endfacet
  facet normal 0.679032 -0.278981 -0.679032
    outer loop
      vertex 9.42934 1.48328 7.03533
      vertex 8.66563 1.19371 6.39059
      vertex 8.61977 1.48328 6.22576
    endloop
  endfacet
  facet normal 0.630035 -0.453986 -0.630042
    outer loop
      vertex 9.26396 2.31242 6.36252
      vertex 8.4751 2.17604 5.67194
      vertex 8.43548 2.31242 5.53405
    endloop
  endfacet
  facet normal 0.630033 -0.454 -0.630033
    outer loop
      vertex 8.50467 2.04374 5.79684
      vertex 9.26396 2.31242 6.36252
      vertex 9.32401 2.04374 6.61618
    endloop
  endfacet
  facet normal 0.630035 -0.453985 -0.630043
    outer loop
      vertex 9.26396 2.31242 6.36252
      vertex 8.50467 2.04374 5.79684
      vertex 8.4751 2.17604 5.67194
    endloop
  endfacet
  facet normal 0.630033 0.454 -0.630033
    outer loop
      vertex 9.26396 -2.31242 6.36252
      vertex 8.50467 -2.04374 5.79684
      vertex 9.32401 -2.04374 6.61618
    endloop
  endfacet
  facet normal 0.630035 0.453985 -0.630043
    outer loop
      vertex 8.50467 -2.04374 5.79684
      vertex 9.26396 -2.31242 6.36252
      vertex 8.4751 -2.17604 5.67194
    endloop
  endfacet
  facet normal 0.630035 0.453986 -0.630042
    outer loop
      vertex 8.4751 -2.17604 5.67194
      vertex 9.26396 -2.31242 6.36252
      vertex 8.43548 -2.31242 5.53405
    endloop
  endfacet
  facet normal 0.558724 0.612899 -0.558732
    outer loop
      vertex 8.27945 -2.82137 4.92124
      vertex 9.08259 -2.95111 5.58205
      vertex 9.04352 -3.05963 5.42394
    endloop
  endfacet
  facet normal 0.558712 0.612929 -0.558712
    outer loop
      vertex 9.08259 -2.95111 5.58205
      vertex 8.27945 -2.82137 4.92124
      vertex 9.12028 -2.82137 5.76207
    endloop
  endfacet
  facet normal 0.55872 0.612913 -0.55872
    outer loop
      vertex 8.27945 -2.82137 4.92124
      vertex 9.04352 -3.05963 5.42394
      vertex 8.19367 -3.05963 4.57409
    endloop
  endfacet
  facet normal 0.648972 0.397065 -0.64898
    outer loop
      vertex 9.38084 -1.78949 6.82861
      vertex 8.56653 -1.767 6.02807
      vertex 9.38441 -1.767 6.84594
    endloop
  endfacet
  facet normal 0.648946 0.397156 -0.64895
    outer loop
      vertex 9.32401 -2.04374 6.61618
      vertex 8.56653 -1.767 6.02807
      vertex 9.38084 -1.78949 6.82861
    endloop
  endfacet
  facet normal 0.648945 0.397166 -0.648945
    outer loop
      vertex 8.56653 -1.767 6.02807
      vertex 9.32401 -2.04374 6.61618
      vertex 8.50467 -2.04374 5.79684
    endloop
  endfacet
  facet normal 0.648946 -0.397156 -0.64895
    outer loop
      vertex 8.56653 1.767 6.02807
      vertex 9.32401 2.04374 6.61618
      vertex 9.38084 1.78949 6.82861
    endloop
  endfacet
  facet normal 0.648972 -0.397065 -0.64898
    outer loop
      vertex 8.56653 1.767 6.02807
      vertex 9.38084 1.78949 6.82861
      vertex 9.38441 1.767 6.84594
    endloop
  endfacet
  facet normal 0.648945 -0.397166 -0.648945
    outer loop
      vertex 9.32401 2.04374 6.61618
      vertex 8.56653 1.767 6.02807
      vertex 8.50467 2.04374 5.79684
    endloop
  endfacet
  facet normal 0.703975 -0.0938677 -0.703994
    outer loop
      vertex 8.73273 0.549417 6.62441
      vertex 9.53097 0.601599 7.41567
      vertex 9.53115 0.599649 7.41611
    endloop
  endfacet
  facet normal 0.703965 -0.0941642 -0.703965
    outer loop
      vertex 9.53097 0.601599 7.41567
      vertex 8.73273 0.549417 6.62441
      vertex 8.7278 0.601599 6.6125
    endloop
  endfacet
  facet normal 0.703969 -0.0941048 -0.703969
    outer loop
      vertex 8.74053 0.301394 6.66536
      vertex 9.53115 0.599649 7.41611
      vertex 9.54053 0.301394 7.46536
    endloop
  endfacet
  facet normal 0.703967 -0.094091 -0.703972
    outer loop
      vertex 9.53115 0.599649 7.41611
      vertex 8.74053 0.301394 6.66536
      vertex 8.73273 0.549417 6.62441
    endloop
  endfacet
  facet normal 0.397453 0.82708 -0.397453
    outer loop
      vertex 8.6469 -4.05277 3.43422
      vertex 7.83688 -3.88328 2.9769
      vertex 8.72025 -3.88328 3.86027
    endloop
  endfacet
  facet normal 0.39745 0.827085 -0.397446
    outer loop
      vertex 7.83688 -3.88328 2.9769
      vertex 8.6469 -4.05277 3.43422
      vertex 7.75052 -4.05277 2.53783
    endloop
  endfacet
  facet normal 0.280831 0.917753 -0.280827
    outer loop
      vertex 8.43895 -4.46293 2.08786
      vertex 7.59209 -4.34317 1.63237
      vertex 8.49997 -4.34317 2.54026
    endloop
  endfacet
  facet normal 0.280836 0.917747 -0.280839
    outer loop
      vertex 7.59209 -4.34317 1.63237
      vertex 8.43895 -4.46293 2.08786
      vertex 7.52126 -4.46293 1.17018
    endloop
  endfacet
  facet normal 0.467638 -0.750087 -0.467638
    outer loop
      vertex 8.01526 3.49905 3.81212
      vertex 8.87936 3.51559 4.64969
      vertex 8.88532 3.49905 4.68218
    endloop
  endfacet
  facet normal 0.467614 -0.750117 -0.467612
    outer loop
      vertex 8.87936 3.51559 4.64969
      vertex 8.01526 3.49905 3.81212
      vertex 8.80023 3.69846 4.27721
    endloop
  endfacet
  facet normal 0.467611 -0.750123 -0.467606
    outer loop
      vertex 8.80023 3.69846 4.27721
      vertex 8.01526 3.49905 3.81212
      vertex 7.92897 3.69846 3.40594
    endloop
  endfacet
  facet normal 0.665299 -0.338739 -0.665307
    outer loop
      vertex 9.38441 1.767 6.84594
      vertex 8.59501 1.63959 6.12142
      vertex 8.56653 1.767 6.02807
    endloop
  endfacet
  facet normal 0.665301 -0.338747 -0.665301
    outer loop
      vertex 8.61977 1.48328 6.22576
      vertex 9.38441 1.767 6.84594
      vertex 9.42934 1.48328 7.03533
    endloop
  endfacet
  facet normal 0.665301 -0.338723 -0.665312
    outer loop
      vertex 9.38441 1.767 6.84594
      vertex 8.61977 1.48328 6.22576
      vertex 8.59501 1.63959 6.12142
    endloop
  endfacet
  facet normal 0.706758 0.0313991 -0.706758
    outer loop
      vertex 9.54053 -0.301394 7.46536
      vertex 8.75 0 6.68822
      vertex 9.55 0 7.48822
    endloop
  endfacet
  facet normal 0.706758 0.0313991 -0.706758
    outer loop
      vertex 8.75 0 6.68822
      vertex 9.54053 -0.301394 7.46536
      vertex 8.74053 -0.301394 6.66536
    endloop
  endfacet
  facet normal 0.530421 0.661291 -0.530421
    outer loop
      vertex 8.96208 -3.28583 5.06049
      vertex 8.19367 -3.05963 4.57409
      vertex 9.04352 -3.05963 5.42394
    endloop
  endfacet
  facet normal 0.53042 0.661296 -0.530417
    outer loop
      vertex 8.96208 -3.28583 5.06049
      vertex 8.13554 -3.22109 4.31466
      vertex 8.19367 -3.05963 4.57409
    endloop
  endfacet
  facet normal 0.530407 0.661319 -0.530401
    outer loop
      vertex 8.13554 -3.22109 4.31466
      vertex 8.96208 -3.28583 5.06049
      vertex 8.10753 -3.28583 4.20593
    endloop
  endfacet
  facet normal 0.499996 0.707117 -0.49999
    outer loop
      vertex 8.88532 -3.49905 4.68218
      vertex 8.10753 -3.28583 4.20593
      vertex 8.96208 -3.28583 5.06049
    endloop
  endfacet
  facet normal 0.499999 0.707108 -0.499999
    outer loop
      vertex 8.10753 -3.28583 4.20593
      vertex 8.88532 -3.49905 4.68218
      vertex 8.01526 -3.49905 3.81212
    endloop
  endfacet
  facet normal 0.197283 0.960292 -0.197279
    outer loop
      vertex 7.46086 -4.56507 0.708532
      vertex 8.36873 -4.60075 1.44274
      vertex 8.34007 -4.6492 1.17824
    endloop
  endfacet
  facet normal 0.197299 0.960285 -0.197299
    outer loop
      vertex 8.36873 -4.60075 1.44274
      vertex 7.46086 -4.56507 0.708532
      vertex 8.38691 -4.56507 1.63458
    endloop
  endfacet
  facet normal 0.197286 0.96029 -0.197285
    outer loop
      vertex 7.46086 -4.56507 0.708532
      vertex 8.34007 -4.6492 1.17824
      vertex 7.4111 -4.6492 0.249266
    endloop
  endfacet
  facet normal 0.321025 0.891004 -0.321022
    outer loop
      vertex 8.49997 -4.34317 2.54026
      vertex 7.67231 -4.20627 2.09256
      vertex 8.56972 -4.20627 2.98998
    endloop
  endfacet
  facet normal 0.320999 0.891035 -0.320963
    outer loop
      vertex 8.49997 -4.34317 2.54026
      vertex 7.66768 -4.21534 2.06275
      vertex 7.67231 -4.20627 2.09256
    endloop
  endfacet
  facet normal 0.32103 0.891001 -0.321026
    outer loop
      vertex 7.66768 -4.21534 2.06275
      vertex 8.49997 -4.34317 2.54026
      vertex 7.59209 -4.34317 1.63237
    endloop
  endfacet
  facet normal 0.467614 0.750117 -0.467612
    outer loop
      vertex 8.01526 -3.49905 3.81212
      vertex 8.87936 -3.51559 4.64969
      vertex 8.80023 -3.69846 4.27721
    endloop
  endfacet
  facet normal 0.467638 0.750087 -0.467638
    outer loop
      vertex 8.87936 -3.51559 4.64969
      vertex 8.01526 -3.49905 3.81212
      vertex 8.88532 -3.49905 4.68218
    endloop
  endfacet
  facet normal 0.467611 0.750123 -0.467606
    outer loop
      vertex 8.01526 -3.49905 3.81212
      vertex 8.80023 -3.69846 4.27721
      vertex 7.92897 -3.69846 3.40594
    endloop
  endfacet
  facet normal 0.679032 0.278967 -0.679038
    outer loop
      vertex 8.66563 -1.19371 6.39059
      vertex 9.4747 -1.19693 7.19833
      vertex 9.42934 -1.48328 7.03533
    endloop
  endfacet
  facet normal 0.67875 0.280353 -0.67875
    outer loop
      vertex 9.4747 -1.19693 7.19833
      vertex 8.66563 -1.19371 6.39059
      vertex 9.475 -1.19371 7.19996
    endloop
  endfacet
  facet normal 0.679032 0.278981 -0.679032
    outer loop
      vertex 8.66563 -1.19371 6.39059
      vertex 9.42934 -1.48328 7.03533
      vertex 8.61977 -1.48328 6.22576
    endloop
  endfacet
  facet normal 0.530421 -0.661291 -0.530421
    outer loop
      vertex 8.19367 3.05963 4.57409
      vertex 8.96208 3.28583 5.06049
      vertex 9.04352 3.05963 5.42394
    endloop
  endfacet
  facet normal 0.53042 -0.661296 -0.530417
    outer loop
      vertex 8.13554 3.22109 4.31466
      vertex 8.96208 3.28583 5.06049
      vertex 8.19367 3.05963 4.57409
    endloop
  endfacet
  facet normal 0.530407 -0.661319 -0.530401
    outer loop
      vertex 8.96208 3.28583 5.06049
      vertex 8.13554 3.22109 4.31466
      vertex 8.10753 3.28583 4.20593
    endloop
  endfacet
  facet normal 0.690073 -0.218172 -0.690073
    outer loop
      vertex 9.475 1.19371 7.19996
      vertex 8.681 1.09667 6.43664
      vertex 8.66563 1.19371 6.39059
    endloop
  endfacet
  facet normal 0.690075 -0.218132 -0.690083
    outer loop
      vertex 8.69965 0.89943 6.51764
      vertex 9.475 1.19371 7.19996
      vertex 9.50282 0.89943 7.3208
    endloop
  endfacet
  facet normal 0.690075 -0.218143 -0.690079
    outer loop
      vertex 9.475 1.19371 7.19996
      vertex 8.69965 0.89943 6.51764
      vertex 8.681 1.09667 6.43664
    endloop
  endfacet
  facet normal 0.584835 -0.562083 -0.584835
    outer loop
      vertex 9.12028 2.82137 5.76207
      vertex 8.32174 2.7039 5.07643
      vertex 8.27945 2.82137 4.92124
    endloop
  endfacet
  facet normal 0.584833 -0.562087 -0.584833
    outer loop
      vertex 8.36007 2.57197 5.24156
      vertex 9.12028 2.82137 5.76207
      vertex 9.19274 2.57197 6.07423
    endloop
  endfacet
  facet normal 0.584832 -0.562089 -0.584831
    outer loop
      vertex 9.12028 2.82137 5.76207
      vertex 8.36007 2.57197 5.24156
      vertex 8.32174 2.7039 5.07643
    endloop
  endfacet
  facet normal -0.39715 -0.917754 0
    outer loop
      vertex -4.40682 -9.36496 28
      vertex -3.81009 -9.62319 34.6
      vertex -4.40682 -9.36496 34.6
    endloop
  endfacet
  facet normal -0.39715 -0.917754 -0
    outer loop
      vertex -3.81009 -9.62319 34.6
      vertex -4.40682 -9.36496 28
      vertex -3.81009 -9.62319 28
    endloop
  endfacet
  facet normal -0.860743 -0.509039 0
    outer loop
      vertex -8.73879 -5.54581 28
      vertex -9.06977 -4.98615 34.6
      vertex -9.06977 -4.98615 28
    endloop
  endfacet
  facet normal -0.860743 -0.509039 0
    outer loop
      vertex -9.06977 -4.98615 34.6
      vertex -8.73879 -5.54581 28
      vertex -8.73879 -5.54581 34.6
    endloop
  endfacet
  facet normal -0.707107 -0.707107 0
    outer loop
      vertex -7.08506 -7.54482 28
      vertex -7.54482 -7.08506 34.6
      vertex -7.54482 -7.08506 28
    endloop
  endfacet
  facet normal -0.707107 -0.707107 0
    outer loop
      vertex -7.54482 -7.08506 34.6
      vertex -7.08506 -7.54482 28
      vertex -7.08506 -7.54482 34.6
    endloop
  endfacet
  facet normal 0.612914 -0.79015 0
    outer loop
      vertex 6.08358 -8.37333 28
      vertex 6.59734 -7.97481 34.6
      vertex 6.08358 -8.37333 34.6
    endloop
  endfacet
  facet normal 0.612914 -0.79015 0
    outer loop
      vertex 6.59734 -7.97481 34.6
      vertex 6.08358 -8.37333 28
      vertex 6.59734 -7.97481 28
    endloop
  endfacet
  facet normal -0.917754 -0.39715 0
    outer loop
      vertex -9.36496 -4.40682 28
      vertex -9.62319 -3.81009 34.6
      vertex -9.62319 -3.81009 28
    endloop
  endfacet
  facet normal -0.917754 -0.39715 0
    outer loop
      vertex -9.62319 -3.81009 34.6
      vertex -9.36496 -4.40682 28
      vertex -9.36496 -4.40682 34.6
    endloop
  endfacet
  facet normal -0.975896 0.218236 0
    outer loop
      vertex -10.1667 1.9394 28
      vertex -10.0248 2.57394 34.6
      vertex -10.0248 2.57394 28
    endloop
  endfacet
  facet normal -0.975896 0.218236 0
    outer loop
      vertex -10.0248 2.57394 34.6
      vertex -10.1667 1.9394 28
      vertex -10.1667 1.9394 34.6
    endloop
  endfacet
  facet normal 0.156413 -0.987692 0
    outer loop
      vertex 1.2972 -10.2684 28
      vertex 1.9394 -10.1667 34.6
      vertex 1.2972 -10.2684 34.6
    endloop
  endfacet
  facet normal 0.156413 -0.987692 0
    outer loop
      vertex 1.9394 -10.1667 34.6
      vertex 1.2972 -10.2684 28
      vertex 1.9394 -10.1667 28
    endloop
  endfacet
  facet normal 0.999508 0.0313749 0
    outer loop
      vertex 10.35 0 34.6
      vertex 10.3296 0.649881 28
      vertex 10.3296 0.649881 34.6
    endloop
  endfacet
  facet normal 0.999508 0.0313749 0
    outer loop
      vertex 10.3296 0.649881 28
      vertex 10.35 0 34.6
      vertex 10.35 0 28
    endloop
  endfacet
  facet normal 0.975896 0.218236 0
    outer loop
      vertex 10.1667 1.9394 34.6
      vertex 10.0248 2.57394 28
      vertex 10.0248 2.57394 34.6
    endloop
  endfacet
  facet normal 0.975896 0.218236 0
    outer loop
      vertex 10.0248 2.57394 28
      vertex 10.1667 1.9394 34.6
      vertex 10.1667 1.9394 28
    endloop
  endfacet
  facet normal -0.975896 -0.218236 0
    outer loop
      vertex -10.0248 -2.57394 28
      vertex -10.1667 -1.9394 34.6
      vertex -10.1667 -1.9394 28
    endloop
  endfacet
  facet normal -0.975896 -0.218236 0
    outer loop
      vertex -10.1667 -1.9394 34.6
      vertex -10.0248 -2.57394 28
      vertex -10.0248 -2.57394 34.6
    endloop
  endfacet
  facet normal 0.960307 0.278946 0
    outer loop
      vertex 10.0248 2.57394 34.6
      vertex 9.84343 3.19833 28
      vertex 9.84343 3.19833 34.6
    endloop
  endfacet
  facet normal 0.960307 0.278946 0
    outer loop
      vertex 9.84343 3.19833 28
      vertex 10.0248 2.57394 34.6
      vertex 10.0248 2.57394 28
    endloop
  endfacet
  facet normal 0.612914 0.79015 -0
    outer loop
      vertex 6.59734 7.97481 28
      vertex 6.08358 8.37333 34.6
      vertex 6.59734 7.97481 34.6
    endloop
  endfacet
  facet normal 0.612914 0.79015 0
    outer loop
      vertex 6.08358 8.37333 34.6
      vertex 6.59734 7.97481 28
      vertex 6.08358 8.37333 28
    endloop
  endfacet
  facet normal 0.999508 -0.0313749 0
    outer loop
      vertex 10.3296 -0.649881 34.6
      vertex 10.35 0 28
      vertex 10.35 0 34.6
    endloop
  endfacet
  facet normal 0.999508 -0.0313749 0
    outer loop
      vertex 10.35 0 28
      vertex 10.3296 -0.649881 34.6
      vertex 10.3296 -0.649881 28
    endloop
  endfacet
  facet normal -0.0941241 0.99556 0
    outer loop
      vertex -0.649881 10.3296 28
      vertex -1.2972 10.2684 34.6
      vertex -0.649881 10.3296 34.6
    endloop
  endfacet
  facet normal -0.0941241 0.99556 0
    outer loop
      vertex -1.2972 10.2684 34.6
      vertex -0.649881 10.3296 28
      vertex -1.2972 10.2684 28
    endloop
  endfacet
  facet normal 0.99556 0.0941241 0
    outer loop
      vertex 10.3296 0.649881 34.6
      vertex 10.2684 1.2972 28
      vertex 10.2684 1.2972 34.6
    endloop
  endfacet
  facet normal 0.99556 0.0941241 0
    outer loop
      vertex 10.2684 1.2972 28
      vertex 10.3296 0.649881 34.6
      vertex 10.3296 0.649881 28
    endloop
  endfacet
  facet normal -0.940884 0.338728 0
    outer loop
      vertex -9.84343 3.19833 28
      vertex -9.62319 3.81009 34.6
      vertex -9.62319 3.81009 28
    endloop
  endfacet
  facet normal -0.940884 0.338728 0
    outer loop
      vertex -9.62319 3.81009 34.6
      vertex -9.84343 3.19833 28
      vertex -9.84343 3.19833 34.6
    endloop
  endfacet
  facet normal 0.661318 0.750106 -0
    outer loop
      vertex 7.08506 7.54482 28
      vertex 6.59734 7.97481 34.6
      vertex 7.08506 7.54482 34.6
    endloop
  endfacet
  facet normal 0.661318 0.750106 0
    outer loop
      vertex 6.59734 7.97481 34.6
      vertex 7.08506 7.54482 28
      vertex 6.59734 7.97481 28
    endloop
  endfacet
  facet normal 0.39715 -0.917754 0
    outer loop
      vertex 3.81009 -9.62319 28
      vertex 4.40682 -9.36496 34.6
      vertex 3.81009 -9.62319 34.6
    endloop
  endfacet
  facet normal 0.39715 -0.917754 0
    outer loop
      vertex 4.40682 -9.36496 34.6
      vertex 3.81009 -9.62319 28
      vertex 4.40682 -9.36496 28
    endloop
  endfacet
  facet normal 0.0313749 -0.999508 0
    outer loop
      vertex 0 -10.35 28
      vertex 0.649881 -10.3296 34.6
      vertex 0 -10.35 34.6
    endloop
  endfacet
  facet normal 0.0313749 -0.999508 0
    outer loop
      vertex 0.649881 -10.3296 34.6
      vertex 0 -10.35 28
      vertex 0.649881 -10.3296 28
    endloop
  endfacet
  facet normal -0.156413 -0.987692 0
    outer loop
      vertex -1.9394 -10.1667 28
      vertex -1.2972 -10.2684 34.6
      vertex -1.9394 -10.1667 34.6
    endloop
  endfacet
  facet normal -0.156413 -0.987692 -0
    outer loop
      vertex -1.2972 -10.2684 34.6
      vertex -1.9394 -10.1667 28
      vertex -1.2972 -10.2684 28
    endloop
  endfacet
  facet normal 0.509039 -0.860743 0
    outer loop
      vertex 4.98615 -9.06977 28
      vertex 5.54581 -8.73879 34.6
      vertex 4.98615 -9.06977 34.6
    endloop
  endfacet
  facet normal 0.509039 -0.860743 0
    outer loop
      vertex 5.54581 -8.73879 34.6
      vertex 4.98615 -9.06977 28
      vertex 5.54581 -8.73879 28
    endloop
  endfacet
  facet normal 0.960307 -0.278946 0
    outer loop
      vertex 9.84343 -3.19833 34.6
      vertex 10.0248 -2.57394 28
      vertex 10.0248 -2.57394 34.6
    endloop
  endfacet
  facet normal 0.960307 -0.278946 0
    outer loop
      vertex 10.0248 -2.57394 28
      vertex 9.84343 -3.19833 34.6
      vertex 9.84343 -3.19833 28
    endloop
  endfacet
  facet normal 0.917754 0.39715 0
    outer loop
      vertex 9.62319 3.81009 34.6
      vertex 9.36496 4.40682 28
      vertex 9.36496 4.40682 34.6
    endloop
  endfacet
  facet normal 0.917754 0.39715 0
    outer loop
      vertex 9.36496 4.40682 28
      vertex 9.62319 3.81009 34.6
      vertex 9.62319 3.81009 28
    endloop
  endfacet
  facet normal 0.891002 0.453999 0
    outer loop
      vertex 9.36496 4.40682 34.6
      vertex 9.06977 4.98615 28
      vertex 9.06977 4.98615 34.6
    endloop
  endfacet
  facet normal 0.891002 0.453999 0
    outer loop
      vertex 9.06977 4.98615 28
      vertex 9.36496 4.40682 34.6
      vertex 9.36496 4.40682 28
    endloop
  endfacet
  facet normal -0.509039 0.860743 0
    outer loop
      vertex -4.98615 9.06977 28
      vertex -5.54581 8.73879 34.6
      vertex -4.98615 9.06977 34.6
    endloop
  endfacet
  facet normal -0.509039 0.860743 0
    outer loop
      vertex -5.54581 8.73879 34.6
      vertex -4.98615 9.06977 28
      vertex -5.54581 8.73879 28
    endloop
  endfacet
  facet normal -0.612914 0.79015 0
    outer loop
      vertex -6.08358 8.37333 28
      vertex -6.59734 7.97481 34.6
      vertex -6.08358 8.37333 34.6
    endloop
  endfacet
  facet normal -0.612914 0.79015 0
    outer loop
      vertex -6.59734 7.97481 34.6
      vertex -6.08358 8.37333 28
      vertex -6.59734 7.97481 28
    endloop
  endfacet
  facet normal 0.79015 -0.612914 0
    outer loop
      vertex 7.97481 -6.59734 34.6
      vertex 8.37333 -6.08358 28
      vertex 8.37333 -6.08358 34.6
    endloop
  endfacet
  facet normal 0.79015 -0.612914 0
    outer loop
      vertex 8.37333 -6.08358 28
      vertex 7.97481 -6.59734 34.6
      vertex 7.97481 -6.59734 28
    endloop
  endfacet
  facet normal 0.218236 -0.975896 0
    outer loop
      vertex 1.9394 -10.1667 28
      vertex 2.57394 -10.0248 34.6
      vertex 1.9394 -10.1667 34.6
    endloop
  endfacet
  facet normal 0.218236 -0.975896 0
    outer loop
      vertex 2.57394 -10.0248 34.6
      vertex 1.9394 -10.1667 28
      vertex 2.57394 -10.0248 28
    endloop
  endfacet
  facet normal 0.987692 0.156413 0
    outer loop
      vertex 10.2684 1.2972 34.6
      vertex 10.1667 1.9394 28
      vertex 10.1667 1.9394 34.6
    endloop
  endfacet
  facet normal 0.987692 0.156413 0
    outer loop
      vertex 10.1667 1.9394 28
      vertex 10.2684 1.2972 34.6
      vertex 10.2684 1.2972 28
    endloop
  endfacet
  facet normal -0.661318 -0.750106 0
    outer loop
      vertex -7.08506 -7.54482 28
      vertex -6.59734 -7.97481 34.6
      vertex -7.08506 -7.54482 34.6
    endloop
  endfacet
  facet normal -0.661318 -0.750106 -0
    outer loop
      vertex -6.59734 -7.97481 34.6
      vertex -7.08506 -7.54482 28
      vertex -6.59734 -7.97481 28
    endloop
  endfacet
  facet normal -0.661318 0.750106 0
    outer loop
      vertex -6.59734 7.97481 28
      vertex -7.08506 7.54482 34.6
      vertex -6.59734 7.97481 34.6
    endloop
  endfacet
  facet normal -0.661318 0.750106 0
    outer loop
      vertex -7.08506 7.54482 34.6
      vertex -6.59734 7.97481 28
      vertex -7.08506 7.54482 28
    endloop
  endfacet
  facet normal -0.278946 0.960307 0
    outer loop
      vertex -2.57394 10.0248 28
      vertex -3.19833 9.84343 34.6
      vertex -2.57394 10.0248 34.6
    endloop
  endfacet
  facet normal -0.278946 0.960307 0
    outer loop
      vertex -3.19833 9.84343 34.6
      vertex -2.57394 10.0248 28
      vertex -3.19833 9.84343 28
    endloop
  endfacet
  facet normal 0.891002 -0.453999 0
    outer loop
      vertex 9.06977 -4.98615 34.6
      vertex 9.36496 -4.40682 28
      vertex 9.36496 -4.40682 34.6
    endloop
  endfacet
  facet normal 0.891002 -0.453999 0
    outer loop
      vertex 9.36496 -4.40682 28
      vertex 9.06977 -4.98615 34.6
      vertex 9.06977 -4.98615 28
    endloop
  endfacet
  facet normal 0.99556 -0.0941241 0
    outer loop
      vertex 10.2684 -1.2972 34.6
      vertex 10.3296 -0.649881 28
      vertex 10.3296 -0.649881 34.6
    endloop
  endfacet
  facet normal 0.99556 -0.0941241 0
    outer loop
      vertex 10.3296 -0.649881 28
      vertex 10.2684 -1.2972 34.6
      vertex 10.2684 -1.2972 28
    endloop
  endfacet
  facet normal 0.0941241 -0.99556 0
    outer loop
      vertex 0.649881 -10.3296 28
      vertex 1.2972 -10.2684 34.6
      vertex 0.649881 -10.3296 34.6
    endloop
  endfacet
  facet normal 0.0941241 -0.99556 0
    outer loop
      vertex 1.2972 -10.2684 34.6
      vertex 0.649881 -10.3296 28
      vertex 1.2972 -10.2684 28
    endloop
  endfacet
  facet normal -0.987692 0.156413 0
    outer loop
      vertex -10.2684 1.2972 28
      vertex -10.1667 1.9394 34.6
      vertex -10.1667 1.9394 28
    endloop
  endfacet
  facet normal -0.987692 0.156413 0
    outer loop
      vertex -10.1667 1.9394 34.6
      vertex -10.2684 1.2972 28
      vertex -10.2684 1.2972 34.6
    endloop
  endfacet
  facet normal 0.453999 0.891002 -0
    outer loop
      vertex 4.98615 9.06977 28
      vertex 4.40682 9.36496 34.6
      vertex 4.98615 9.06977 34.6
    endloop
  endfacet
  facet normal 0.453999 0.891002 0
    outer loop
      vertex 4.40682 9.36496 34.6
      vertex 4.98615 9.06977 28
      vertex 4.40682 9.36496 28
    endloop
  endfacet
  facet normal -0.218236 -0.975896 0
    outer loop
      vertex -2.57394 -10.0248 28
      vertex -1.9394 -10.1667 34.6
      vertex -2.57394 -10.0248 34.6
    endloop
  endfacet
  facet normal -0.218236 -0.975896 -0
    outer loop
      vertex -1.9394 -10.1667 34.6
      vertex -2.57394 -10.0248 28
      vertex -1.9394 -10.1667 28
    endloop
  endfacet
  facet normal 0.827086 -0.562075 0
    outer loop
      vertex 8.37333 -6.08358 34.6
      vertex 8.73879 -5.54581 28
      vertex 8.73879 -5.54581 34.6
    endloop
  endfacet
  facet normal 0.827086 -0.562075 0
    outer loop
      vertex 8.73879 -5.54581 28
      vertex 8.37333 -6.08358 34.6
      vertex 8.37333 -6.08358 28
    endloop
  endfacet
  facet normal -0.827086 -0.562075 0
    outer loop
      vertex -8.37333 -6.08358 28
      vertex -8.73879 -5.54581 34.6
      vertex -8.73879 -5.54581 28
    endloop
  endfacet
  facet normal -0.827086 -0.562075 0
    outer loop
      vertex -8.73879 -5.54581 34.6
      vertex -8.37333 -6.08358 28
      vertex -8.37333 -6.08358 34.6
    endloop
  endfacet
  facet normal 0.827086 0.562075 0
    outer loop
      vertex 8.73879 5.54581 34.6
      vertex 8.37333 6.08358 28
      vertex 8.37333 6.08358 34.6
    endloop
  endfacet
  facet normal 0.827086 0.562075 0
    outer loop
      vertex 8.37333 6.08358 28
      vertex 8.73879 5.54581 34.6
      vertex 8.73879 5.54581 28
    endloop
  endfacet
  facet normal -0.960307 0.278946 0
    outer loop
      vertex -10.0248 2.57394 28
      vertex -9.84343 3.19833 34.6
      vertex -9.84343 3.19833 28
    endloop
  endfacet
  facet normal -0.960307 0.278946 0
    outer loop
      vertex -9.84343 3.19833 34.6
      vertex -10.0248 2.57394 28
      vertex -10.0248 2.57394 34.6
    endloop
  endfacet
  facet normal -0.960307 -0.278946 0
    outer loop
      vertex -9.84343 -3.19833 28
      vertex -10.0248 -2.57394 34.6
      vertex -10.0248 -2.57394 28
    endloop
  endfacet
  facet normal -0.960307 -0.278946 0
    outer loop
      vertex -10.0248 -2.57394 34.6
      vertex -9.84343 -3.19833 28
      vertex -9.84343 -3.19833 34.6
    endloop
  endfacet
  facet normal -0.453999 0.891002 0
    outer loop
      vertex -4.40682 9.36496 28
      vertex -4.98615 9.06977 34.6
      vertex -4.40682 9.36496 34.6
    endloop
  endfacet
  facet normal -0.453999 0.891002 0
    outer loop
      vertex -4.98615 9.06977 34.6
      vertex -4.40682 9.36496 28
      vertex -4.98615 9.06977 28
    endloop
  endfacet
  facet normal 0.860743 0.509039 0
    outer loop
      vertex 9.06977 4.98615 34.6
      vertex 8.73879 5.54581 28
      vertex 8.73879 5.54581 34.6
    endloop
  endfacet
  facet normal 0.860743 0.509039 0
    outer loop
      vertex 8.73879 5.54581 28
      vertex 9.06977 4.98615 34.6
      vertex 9.06977 4.98615 28
    endloop
  endfacet
  facet normal -0.0941241 -0.99556 0
    outer loop
      vertex -1.2972 -10.2684 28
      vertex -0.649881 -10.3296 34.6
      vertex -1.2972 -10.2684 34.6
    endloop
  endfacet
  facet normal -0.0941241 -0.99556 -0
    outer loop
      vertex -0.649881 -10.3296 34.6
      vertex -1.2972 -10.2684 28
      vertex -0.649881 -10.3296 28
    endloop
  endfacet
  facet normal 0.940884 0.338728 0
    outer loop
      vertex 9.84343 3.19833 34.6
      vertex 9.62319 3.81009 28
      vertex 9.62319 3.81009 34.6
    endloop
  endfacet
  facet normal 0.940884 0.338728 0
    outer loop
      vertex 9.62319 3.81009 28
      vertex 9.84343 3.19833 34.6
      vertex 9.84343 3.19833 28
    endloop
  endfacet
  facet normal -0.39715 0.917754 0
    outer loop
      vertex -3.81009 9.62319 28
      vertex -4.40682 9.36496 34.6
      vertex -3.81009 9.62319 34.6
    endloop
  endfacet
  facet normal -0.39715 0.917754 0
    outer loop
      vertex -4.40682 9.36496 34.6
      vertex -3.81009 9.62319 28
      vertex -4.40682 9.36496 28
    endloop
  endfacet
  facet normal -0.79015 -0.612914 0
    outer loop
      vertex -7.97481 -6.59734 28
      vertex -8.37333 -6.08358 34.6
      vertex -8.37333 -6.08358 28
    endloop
  endfacet
  facet normal -0.79015 -0.612914 0
    outer loop
      vertex -8.37333 -6.08358 34.6
      vertex -7.97481 -6.59734 28
      vertex -7.97481 -6.59734 34.6
    endloop
  endfacet
  facet normal 0.338728 -0.940884 0
    outer loop
      vertex 3.19833 -9.84343 28
      vertex 3.81009 -9.62319 34.6
      vertex 3.19833 -9.84343 34.6
    endloop
  endfacet
  facet normal 0.338728 -0.940884 0
    outer loop
      vertex 3.81009 -9.62319 34.6
      vertex 3.19833 -9.84343 28
      vertex 3.81009 -9.62319 28
    endloop
  endfacet
  facet normal 0.39715 0.917754 -0
    outer loop
      vertex 4.40682 9.36496 28
      vertex 3.81009 9.62319 34.6
      vertex 4.40682 9.36496 34.6
    endloop
  endfacet
  facet normal 0.39715 0.917754 0
    outer loop
      vertex 3.81009 9.62319 34.6
      vertex 4.40682 9.36496 28
      vertex 3.81009 9.62319 28
    endloop
  endfacet
  facet normal -0.999508 -0.0313749 0
    outer loop
      vertex -10.3296 -0.649881 28
      vertex -10.35 0 34.6
      vertex -10.35 0 28
    endloop
  endfacet
  facet normal -0.999508 -0.0313749 0
    outer loop
      vertex -10.35 0 34.6
      vertex -10.3296 -0.649881 28
      vertex -10.3296 -0.649881 34.6
    endloop
  endfacet
  facet normal -0.562075 -0.827086 0
    outer loop
      vertex -6.08358 -8.37333 28
      vertex -5.54581 -8.73879 34.6
      vertex -6.08358 -8.37333 34.6
    endloop
  endfacet
  facet normal -0.562075 -0.827086 -0
    outer loop
      vertex -5.54581 -8.73879 34.6
      vertex -6.08358 -8.37333 28
      vertex -5.54581 -8.73879 28
    endloop
  endfacet
  facet normal -0.999508 0.0313749 0
    outer loop
      vertex -10.35 0 28
      vertex -10.3296 0.649881 34.6
      vertex -10.3296 0.649881 28
    endloop
  endfacet
  facet normal -0.999508 0.0313749 0
    outer loop
      vertex -10.3296 0.649881 34.6
      vertex -10.35 0 28
      vertex -10.35 0 34.6
    endloop
  endfacet
  facet normal -0.860743 0.509039 0
    outer loop
      vertex -9.06977 4.98615 28
      vertex -8.73879 5.54581 34.6
      vertex -8.73879 5.54581 28
    endloop
  endfacet
  facet normal -0.860743 0.509039 0
    outer loop
      vertex -8.73879 5.54581 34.6
      vertex -9.06977 4.98615 28
      vertex -9.06977 4.98615 34.6
    endloop
  endfacet
  facet normal -0.99556 0.0941241 0
    outer loop
      vertex -10.3296 0.649881 28
      vertex -10.2684 1.2972 34.6
      vertex -10.2684 1.2972 28
    endloop
  endfacet
  facet normal -0.99556 0.0941241 0
    outer loop
      vertex -10.2684 1.2972 34.6
      vertex -10.3296 0.649881 28
      vertex -10.3296 0.649881 34.6
    endloop
  endfacet
  facet normal 0.917754 -0.39715 0
    outer loop
      vertex 9.36496 -4.40682 34.6
      vertex 9.62319 -3.81009 28
      vertex 9.62319 -3.81009 34.6
    endloop
  endfacet
  facet normal 0.917754 -0.39715 0
    outer loop
      vertex 9.62319 -3.81009 28
      vertex 9.36496 -4.40682 34.6
      vertex 9.36496 -4.40682 28
    endloop
  endfacet
  facet normal 0.940884 -0.338728 0
    outer loop
      vertex 9.62319 -3.81009 34.6
      vertex 9.84343 -3.19833 28
      vertex 9.84343 -3.19833 34.6
    endloop
  endfacet
  facet normal 0.940884 -0.338728 0
    outer loop
      vertex 9.84343 -3.19833 28
      vertex 9.62319 -3.81009 34.6
      vertex 9.62319 -3.81009 28
    endloop
  endfacet
  facet normal 0.750106 -0.661318 0
    outer loop
      vertex 7.54482 -7.08506 34.6
      vertex 7.97481 -6.59734 28
      vertex 7.97481 -6.59734 34.6
    endloop
  endfacet
  facet normal 0.750106 -0.661318 0
    outer loop
      vertex 7.97481 -6.59734 28
      vertex 7.54482 -7.08506 34.6
      vertex 7.54482 -7.08506 28
    endloop
  endfacet
  facet normal 0.509039 0.860743 -0
    outer loop
      vertex 5.54581 8.73879 28
      vertex 4.98615 9.06977 34.6
      vertex 5.54581 8.73879 34.6
    endloop
  endfacet
  facet normal 0.509039 0.860743 0
    outer loop
      vertex 4.98615 9.06977 34.6
      vertex 5.54581 8.73879 28
      vertex 4.98615 9.06977 28
    endloop
  endfacet
  facet normal -0.891002 -0.453999 0
    outer loop
      vertex -9.06977 -4.98615 28
      vertex -9.36496 -4.40682 34.6
      vertex -9.36496 -4.40682 28
    endloop
  endfacet
  facet normal -0.891002 -0.453999 0
    outer loop
      vertex -9.36496 -4.40682 34.6
      vertex -9.06977 -4.98615 28
      vertex -9.06977 -4.98615 34.6
    endloop
  endfacet
  facet normal -0.707107 0.707107 0
    outer loop
      vertex -7.54482 7.08506 28
      vertex -7.08506 7.54482 34.6
      vertex -7.08506 7.54482 28
    endloop
  endfacet
  facet normal -0.707107 0.707107 0
    outer loop
      vertex -7.08506 7.54482 34.6
      vertex -7.54482 7.08506 28
      vertex -7.54482 7.08506 34.6
    endloop
  endfacet
  facet normal 0.453999 -0.891002 0
    outer loop
      vertex 4.40682 -9.36496 28
      vertex 4.98615 -9.06977 34.6
      vertex 4.40682 -9.36496 34.6
    endloop
  endfacet
  facet normal 0.453999 -0.891002 0
    outer loop
      vertex 4.98615 -9.06977 34.6
      vertex 4.40682 -9.36496 28
      vertex 4.98615 -9.06977 28
    endloop
  endfacet
  facet normal -0.99556 -0.0941241 0
    outer loop
      vertex -10.2684 -1.2972 28
      vertex -10.3296 -0.649881 34.6
      vertex -10.3296 -0.649881 28
    endloop
  endfacet
  facet normal -0.99556 -0.0941241 0
    outer loop
      vertex -10.3296 -0.649881 34.6
      vertex -10.2684 -1.2972 28
      vertex -10.2684 -1.2972 34.6
    endloop
  endfacet
  facet normal 0.562075 0.827086 -0
    outer loop
      vertex 6.08358 8.37333 28
      vertex 5.54581 8.73879 34.6
      vertex 6.08358 8.37333 34.6
    endloop
  endfacet
  facet normal 0.562075 0.827086 0
    outer loop
      vertex 5.54581 8.73879 34.6
      vertex 6.08358 8.37333 28
      vertex 5.54581 8.73879 28
    endloop
  endfacet
  facet normal 0.0941241 0.99556 -0
    outer loop
      vertex 1.2972 10.2684 28
      vertex 0.649881 10.3296 34.6
      vertex 1.2972 10.2684 34.6
    endloop
  endfacet
  facet normal 0.0941241 0.99556 0
    outer loop
      vertex 0.649881 10.3296 34.6
      vertex 1.2972 10.2684 28
      vertex 0.649881 10.3296 28
    endloop
  endfacet
  facet normal 0.860743 -0.509039 0
    outer loop
      vertex 8.73879 -5.54581 34.6
      vertex 9.06977 -4.98615 28
      vertex 9.06977 -4.98615 34.6
    endloop
  endfacet
  facet normal 0.860743 -0.509039 0
    outer loop
      vertex 9.06977 -4.98615 28
      vertex 8.73879 -5.54581 34.6
      vertex 8.73879 -5.54581 28
    endloop
  endfacet
  facet normal 0.338728 0.940884 -0
    outer loop
      vertex 3.81009 9.62319 28
      vertex 3.19833 9.84343 34.6
      vertex 3.81009 9.62319 34.6
    endloop
  endfacet
  facet normal 0.338728 0.940884 0
    outer loop
      vertex 3.19833 9.84343 34.6
      vertex 3.81009 9.62319 28
      vertex 3.19833 9.84343 28
    endloop
  endfacet
  facet normal 0.562075 -0.827086 0
    outer loop
      vertex 5.54581 -8.73879 28
      vertex 6.08358 -8.37333 34.6
      vertex 5.54581 -8.73879 34.6
    endloop
  endfacet
  facet normal 0.562075 -0.827086 0
    outer loop
      vertex 6.08358 -8.37333 34.6
      vertex 5.54581 -8.73879 28
      vertex 6.08358 -8.37333 28
    endloop
  endfacet
  facet normal -0.218236 0.975896 0
    outer loop
      vertex -1.9394 10.1667 28
      vertex -2.57394 10.0248 34.6
      vertex -1.9394 10.1667 34.6
    endloop
  endfacet
  facet normal -0.218236 0.975896 0
    outer loop
      vertex -2.57394 10.0248 34.6
      vertex -1.9394 10.1667 28
      vertex -2.57394 10.0248 28
    endloop
  endfacet
  facet normal -0.338728 0.940884 0
    outer loop
      vertex -3.19833 9.84343 28
      vertex -3.81009 9.62319 34.6
      vertex -3.19833 9.84343 34.6
    endloop
  endfacet
  facet normal -0.338728 0.940884 0
    outer loop
      vertex -3.81009 9.62319 34.6
      vertex -3.19833 9.84343 28
      vertex -3.81009 9.62319 28
    endloop
  endfacet
  facet normal -0.156413 0.987692 0
    outer loop
      vertex -1.2972 10.2684 28
      vertex -1.9394 10.1667 34.6
      vertex -1.2972 10.2684 34.6
    endloop
  endfacet
  facet normal -0.156413 0.987692 0
    outer loop
      vertex -1.9394 10.1667 34.6
      vertex -1.2972 10.2684 28
      vertex -1.9394 10.1667 28
    endloop
  endfacet
  facet normal 0.750106 0.661318 0
    outer loop
      vertex 7.97481 6.59734 34.6
      vertex 7.54482 7.08506 28
      vertex 7.54482 7.08506 34.6
    endloop
  endfacet
  facet normal 0.750106 0.661318 0
    outer loop
      vertex 7.54482 7.08506 28
      vertex 7.97481 6.59734 34.6
      vertex 7.97481 6.59734 28
    endloop
  endfacet
  facet normal -0.79015 0.612914 0
    outer loop
      vertex -8.37333 6.08358 28
      vertex -7.97481 6.59734 34.6
      vertex -7.97481 6.59734 28
    endloop
  endfacet
  facet normal -0.79015 0.612914 0
    outer loop
      vertex -7.97481 6.59734 34.6
      vertex -8.37333 6.08358 28
      vertex -8.37333 6.08358 34.6
    endloop
  endfacet
  facet normal -0.562075 0.827086 0
    outer loop
      vertex -5.54581 8.73879 28
      vertex -6.08358 8.37333 34.6
      vertex -5.54581 8.73879 34.6
    endloop
  endfacet
  facet normal -0.562075 0.827086 0
    outer loop
      vertex -6.08358 8.37333 34.6
      vertex -5.54581 8.73879 28
      vertex -6.08358 8.37333 28
    endloop
  endfacet
  facet normal -0.0313749 0.999508 0
    outer loop
      vertex 0 10.35 28
      vertex -0.649881 10.3296 34.6
      vertex 0 10.35 34.6
    endloop
  endfacet
  facet normal -0.0313749 0.999508 0
    outer loop
      vertex -0.649881 10.3296 34.6
      vertex 0 10.35 28
      vertex -0.649881 10.3296 28
    endloop
  endfacet
  facet normal -0.987692 -0.156413 0
    outer loop
      vertex -10.1667 -1.9394 28
      vertex -10.2684 -1.2972 34.6
      vertex -10.2684 -1.2972 28
    endloop
  endfacet
  facet normal -0.987692 -0.156413 0
    outer loop
      vertex -10.2684 -1.2972 34.6
      vertex -10.1667 -1.9394 28
      vertex -10.1667 -1.9394 34.6
    endloop
  endfacet
  facet normal 0.987692 -0.156413 0
    outer loop
      vertex 10.1667 -1.9394 34.6
      vertex 10.2684 -1.2972 28
      vertex 10.2684 -1.2972 34.6
    endloop
  endfacet
  facet normal 0.987692 -0.156413 0
    outer loop
      vertex 10.2684 -1.2972 28
      vertex 10.1667 -1.9394 34.6
      vertex 10.1667 -1.9394 28
    endloop
  endfacet
  facet normal 0.278946 0.960307 -0
    outer loop
      vertex 3.19833 9.84343 28
      vertex 2.57394 10.0248 34.6
      vertex 3.19833 9.84343 34.6
    endloop
  endfacet
  facet normal 0.278946 0.960307 0
    outer loop
      vertex 2.57394 10.0248 34.6
      vertex 3.19833 9.84343 28
      vertex 2.57394 10.0248 28
    endloop
  endfacet
  facet normal -0.612914 -0.79015 0
    outer loop
      vertex -6.59734 -7.97481 28
      vertex -6.08358 -8.37333 34.6
      vertex -6.59734 -7.97481 34.6
    endloop
  endfacet
  facet normal -0.612914 -0.79015 -0
    outer loop
      vertex -6.08358 -8.37333 34.6
      vertex -6.59734 -7.97481 28
      vertex -6.08358 -8.37333 28
    endloop
  endfacet
  facet normal -0.0313749 -0.999508 0
    outer loop
      vertex -0.649881 -10.3296 28
      vertex 0 -10.35 34.6
      vertex -0.649881 -10.3296 34.6
    endloop
  endfacet
  facet normal -0.0313749 -0.999508 -0
    outer loop
      vertex 0 -10.35 34.6
      vertex -0.649881 -10.3296 28
      vertex 0 -10.35 28
    endloop
  endfacet
  facet normal 0.79015 0.612914 0
    outer loop
      vertex 8.37333 6.08358 34.6
      vertex 7.97481 6.59734 28
      vertex 7.97481 6.59734 34.6
    endloop
  endfacet
  facet normal 0.79015 0.612914 0
    outer loop
      vertex 7.97481 6.59734 28
      vertex 8.37333 6.08358 34.6
      vertex 8.37333 6.08358 28
    endloop
  endfacet
  facet normal 0.0313749 0.999508 -0
    outer loop
      vertex 0.649881 10.3296 28
      vertex 0 10.35 34.6
      vertex 0.649881 10.3296 34.6
    endloop
  endfacet
  facet normal 0.0313749 0.999508 0
    outer loop
      vertex 0 10.35 34.6
      vertex 0.649881 10.3296 28
      vertex 0 10.35 28
    endloop
  endfacet
  facet normal -0.750106 -0.661318 0
    outer loop
      vertex -7.54482 -7.08506 28
      vertex -7.97481 -6.59734 34.6
      vertex -7.97481 -6.59734 28
    endloop
  endfacet
  facet normal -0.750106 -0.661318 0
    outer loop
      vertex -7.97481 -6.59734 34.6
      vertex -7.54482 -7.08506 28
      vertex -7.54482 -7.08506 34.6
    endloop
  endfacet
  facet normal 0.707107 0.707107 0
    outer loop
      vertex 7.54482 7.08506 34.6
      vertex 7.08506 7.54482 28
      vertex 7.08506 7.54482 34.6
    endloop
  endfacet
  facet normal 0.707107 0.707107 0
    outer loop
      vertex 7.08506 7.54482 28
      vertex 7.54482 7.08506 34.6
      vertex 7.54482 7.08506 28
    endloop
  endfacet
  facet normal -0.509039 -0.860743 0
    outer loop
      vertex -5.54581 -8.73879 28
      vertex -4.98615 -9.06977 34.6
      vertex -5.54581 -8.73879 34.6
    endloop
  endfacet
  facet normal -0.509039 -0.860743 -0
    outer loop
      vertex -4.98615 -9.06977 34.6
      vertex -5.54581 -8.73879 28
      vertex -4.98615 -9.06977 28
    endloop
  endfacet
  facet normal -0.827086 0.562075 0
    outer loop
      vertex -8.73879 5.54581 28
      vertex -8.37333 6.08358 34.6
      vertex -8.37333 6.08358 28
    endloop
  endfacet
  facet normal -0.827086 0.562075 0
    outer loop
      vertex -8.37333 6.08358 34.6
      vertex -8.73879 5.54581 28
      vertex -8.73879 5.54581 34.6
    endloop
  endfacet
  facet normal 0.278946 -0.960307 0
    outer loop
      vertex 2.57394 -10.0248 28
      vertex 3.19833 -9.84343 34.6
      vertex 2.57394 -10.0248 34.6
    endloop
  endfacet
  facet normal 0.278946 -0.960307 0
    outer loop
      vertex 3.19833 -9.84343 34.6
      vertex 2.57394 -10.0248 28
      vertex 3.19833 -9.84343 28
    endloop
  endfacet
  facet normal 0.707107 -0.707107 0
    outer loop
      vertex 7.08506 -7.54482 34.6
      vertex 7.54482 -7.08506 28
      vertex 7.54482 -7.08506 34.6
    endloop
  endfacet
  facet normal 0.707107 -0.707107 0
    outer loop
      vertex 7.54482 -7.08506 28
      vertex 7.08506 -7.54482 34.6
      vertex 7.08506 -7.54482 28
    endloop
  endfacet
  facet normal -0.917754 0.39715 0
    outer loop
      vertex -9.62319 3.81009 28
      vertex -9.36496 4.40682 34.6
      vertex -9.36496 4.40682 28
    endloop
  endfacet
  facet normal -0.917754 0.39715 0
    outer loop
      vertex -9.36496 4.40682 34.6
      vertex -9.62319 3.81009 28
      vertex -9.62319 3.81009 34.6
    endloop
  endfacet
  facet normal 0.975896 -0.218236 0
    outer loop
      vertex 10.0248 -2.57394 34.6
      vertex 10.1667 -1.9394 28
      vertex 10.1667 -1.9394 34.6
    endloop
  endfacet
  facet normal 0.975896 -0.218236 0
    outer loop
      vertex 10.1667 -1.9394 28
      vertex 10.0248 -2.57394 34.6
      vertex 10.0248 -2.57394 28
    endloop
  endfacet
  facet normal 0.661318 -0.750106 0
    outer loop
      vertex 6.59734 -7.97481 28
      vertex 7.08506 -7.54482 34.6
      vertex 6.59734 -7.97481 34.6
    endloop
  endfacet
  facet normal 0.661318 -0.750106 0
    outer loop
      vertex 7.08506 -7.54482 34.6
      vertex 6.59734 -7.97481 28
      vertex 7.08506 -7.54482 28
    endloop
  endfacet
  facet normal -0.750106 0.661318 0
    outer loop
      vertex -7.97481 6.59734 28
      vertex -7.54482 7.08506 34.6
      vertex -7.54482 7.08506 28
    endloop
  endfacet
  facet normal -0.750106 0.661318 0
    outer loop
      vertex -7.54482 7.08506 34.6
      vertex -7.97481 6.59734 28
      vertex -7.97481 6.59734 34.6
    endloop
  endfacet
  facet normal -0.940884 -0.338728 0
    outer loop
      vertex -9.62319 -3.81009 28
      vertex -9.84343 -3.19833 34.6
      vertex -9.84343 -3.19833 28
    endloop
  endfacet
  facet normal -0.940884 -0.338728 0
    outer loop
      vertex -9.84343 -3.19833 34.6
      vertex -9.62319 -3.81009 28
      vertex -9.62319 -3.81009 34.6
    endloop
  endfacet
  facet normal -0.453999 -0.891002 0
    outer loop
      vertex -4.98615 -9.06977 28
      vertex -4.40682 -9.36496 34.6
      vertex -4.98615 -9.06977 34.6
    endloop
  endfacet
  facet normal -0.453999 -0.891002 -0
    outer loop
      vertex -4.40682 -9.36496 34.6
      vertex -4.98615 -9.06977 28
      vertex -4.40682 -9.36496 28
    endloop
  endfacet
  facet normal -0.891002 0.453999 0
    outer loop
      vertex -9.36496 4.40682 28
      vertex -9.06977 4.98615 34.6
      vertex -9.06977 4.98615 28
    endloop
  endfacet
  facet normal -0.891002 0.453999 0
    outer loop
      vertex -9.06977 4.98615 34.6
      vertex -9.36496 4.40682 28
      vertex -9.36496 4.40682 34.6
    endloop
  endfacet
  facet normal 0.218236 0.975896 -0
    outer loop
      vertex 2.57394 10.0248 28
      vertex 1.9394 10.1667 34.6
      vertex 2.57394 10.0248 34.6
    endloop
  endfacet
  facet normal 0.218236 0.975896 0
    outer loop
      vertex 1.9394 10.1667 34.6
      vertex 2.57394 10.0248 28
      vertex 1.9394 10.1667 28
    endloop
  endfacet
  facet normal 0.156413 0.987692 -0
    outer loop
      vertex 1.9394 10.1667 28
      vertex 1.2972 10.2684 34.6
      vertex 1.9394 10.1667 34.6
    endloop
  endfacet
  facet normal 0.156413 0.987692 0
    outer loop
      vertex 1.2972 10.2684 34.6
      vertex 1.9394 10.1667 28
      vertex 1.2972 10.2684 28
    endloop
  endfacet
  facet normal -0.278946 -0.960307 0
    outer loop
      vertex -3.19833 -9.84343 28
      vertex -2.57394 -10.0248 34.6
      vertex -3.19833 -9.84343 34.6
    endloop
  endfacet
  facet normal -0.278946 -0.960307 -0
    outer loop
      vertex -2.57394 -10.0248 34.6
      vertex -3.19833 -9.84343 28
      vertex -2.57394 -10.0248 28
    endloop
  endfacet
  facet normal -0.338728 -0.940884 0
    outer loop
      vertex -3.81009 -9.62319 28
      vertex -3.19833 -9.84343 34.6
      vertex -3.81009 -9.62319 34.6
    endloop
  endfacet
  facet normal -0.338728 -0.940884 -0
    outer loop
      vertex -3.19833 -9.84343 34.6
      vertex -3.81009 -9.62319 28
      vertex -3.19833 -9.84343 28
    endloop
  endfacet
  facet normal -0.59223 0.763501 -0.257546
    outer loop
      vertex -5.61335 7.72611 25
      vertex -6.0874 7.3584 25
      vertex -6.08358 8.37333 28
    endloop
  endfacet
  facet normal -0.269536 -0.927913 -0.257543
    outer loop
      vertex -2.57394 -10.0248 28
      vertex -3.19833 -9.84343 28
      vertex -2.95111 -9.08259 25
    endloop
  endfacet
  facet normal 0.942973 -0.210874 -0.257552
    outer loop
      vertex 10.0248 -2.57394 28
      vertex 9.38084 -1.78949 25
      vertex 10.1667 -1.9394 28
    endloop
  endfacet
  facet normal 0.965791 0.0303165 -0.257544
    outer loop
      vertex 10.35 0 28
      vertex 9.55 0 25
      vertex 10.3296 0.649881 28
    endloop
  endfacet
  facet normal 0.965787 0.0303596 -0.257553
    outer loop
      vertex 9.55 0 25
      vertex 9.53115 0.599649 25
      vertex 10.3296 0.649881 28
    endloop
  endfacet
  facet normal -0.59223 -0.763501 -0.257546
    outer loop
      vertex -6.08358 -8.37333 28
      vertex -6.0874 -7.3584 25
      vertex -5.61335 -7.72611 25
    endloop
  endfacet
  facet normal 0.799178 0.543125 -0.257546
    outer loop
      vertex 8.06333 5.11715 25
      vertex 7.72611 5.61335 25
      vertex 8.37333 6.08358 28
    endloop
  endfacet
  facet normal -0.491868 -0.831708 -0.257543
    outer loop
      vertex -4.98615 -9.06977 28
      vertex -5.54581 -8.73879 28
      vertex -5.11715 -8.06333 25
    endloop
  endfacet
  facet normal -0.724804 0.639007 -0.257543
    outer loop
      vertex -7.3584 6.0874 25
      vertex -7.54482 7.08506 28
      vertex -6.96165 6.53742 25
    endloop
  endfacet
  facet normal 0.954368 0.151169 -0.257546
    outer loop
      vertex 9.4747 1.19693 25
      vertex 9.38084 1.78949 25
      vertex 10.2684 1.2972 28
    endloop
  endfacet
  facet normal -0.799178 0.543125 -0.257546
    outer loop
      vertex -8.06333 5.11715 25
      vertex -8.37333 6.08358 28
      vertex -7.72611 5.61335 25
    endloop
  endfacet
  facet normal 0.639007 -0.724804 -0.257543
    outer loop
      vertex 7.08506 -7.54482 28
      vertex 6.0874 -7.3584 25
      vertex 6.53742 -6.96165 25
    endloop
  endfacet
  facet normal 0.799186 -0.543114 -0.257543
    outer loop
      vertex 8.37333 -6.08358 28
      vertex 8.06333 -5.11715 25
      vertex 8.73879 -5.54581 28
    endloop
  endfacet
  facet normal -0.860951 -0.438673 -0.257544
    outer loop
      vertex -8.36873 -4.60075 25
      vertex -9.36496 -4.40682 28
      vertex -8.6411 -4.06619 25
    endloop
  endfacet
  facet normal 0.909145 -0.327302 -0.257543
    outer loop
      vertex 9.62319 -3.81009 28
      vertex 9.08259 -2.95111 25
      vertex 9.84343 -3.19833 28
    endloop
  endfacet
  facet normal 0.639009 -0.724802 -0.257544
    outer loop
      vertex 6.59734 -7.97481 28
      vertex 6.0874 -7.3584 25
      vertex 7.08506 -7.54482 28
    endloop
  endfacet
  facet normal -0.954368 -0.151169 -0.257546
    outer loop
      vertex -9.38084 -1.78949 25
      vertex -10.2684 -1.2972 28
      vertex -9.4747 -1.19693 25
    endloop
  endfacet
  facet normal 0.592238 0.763495 -0.257544
    outer loop
      vertex 6.0874 7.3584 25
      vertex 6.08358 8.37333 28
      vertex 6.59734 7.97481 28
    endloop
  endfacet
  facet normal -0.831708 -0.491868 -0.257543
    outer loop
      vertex -8.73879 -5.54581 28
      vertex -9.06977 -4.98615 28
      vertex -8.06333 -5.11715 25
    endloop
  endfacet
  facet normal 0.683254 -0.683254 -0.257543
    outer loop
      vertex 7.54482 -7.08506 28
      vertex 6.53742 -6.96165 25
      vertex 6.96165 -6.53742 25
    endloop
  endfacet
  facet normal 0.683254 -0.683254 -0.257543
    outer loop
      vertex 6.53742 -6.96165 25
      vertex 7.54482 -7.08506 28
      vertex 7.08506 -7.54482 28
    endloop
  endfacet
  facet normal -0.943 -0.210778 -0.257533
    outer loop
      vertex -9.24997 -2.37499 25
      vertex -10.0248 -2.57394 28
      vertex -9.38084 -1.78949 25
    endloop
  endfacet
  facet normal 0.954371 -0.151136 -0.257553
    outer loop
      vertex 10.1667 -1.9394 28
      vertex 9.38084 -1.78949 25
      vertex 10.2684 -1.2972 28
    endloop
  endfacet
  facet normal -0.909139 -0.327318 -0.257547
    outer loop
      vertex -8.87936 -3.51559 25
      vertex -9.62319 -3.81009 28
      vertex -9.08259 -2.95111 25
    endloop
  endfacet
  facet normal 0.860951 0.438673 -0.257544
    outer loop
      vertex 8.6411 4.06619 25
      vertex 8.36873 4.60075 25
      vertex 9.36496 4.40682 28
    endloop
  endfacet
  facet normal 0.327318 -0.909139 -0.257547
    outer loop
      vertex 3.81009 -9.62319 28
      vertex 2.95111 -9.08259 25
      vertex 3.51559 -8.87936 25
    endloop
  endfacet
  facet normal -0.151169 0.954368 -0.257546
    outer loop
      vertex -1.19693 9.4747 25
      vertex -1.78949 9.38084 25
      vertex -1.2972 10.2684 28
    endloop
  endfacet
  facet normal 0.831705 0.491872 -0.257542
    outer loop
      vertex 8.36873 4.60075 25
      vertex 8.06333 5.11715 25
      vertex 9.06977 4.98615 28
    endloop
  endfacet
  facet normal 0.943 0.210778 -0.257533
    outer loop
      vertex 9.38084 1.78949 25
      vertex 9.24997 2.37499 25
      vertex 10.0248 2.57394 28
    endloop
  endfacet
  facet normal 0.909139 -0.327318 -0.257547
    outer loop
      vertex 9.62319 -3.81009 28
      vertex 8.87936 -3.51559 25
      vertex 9.08259 -2.95111 25
    endloop
  endfacet
  facet normal 0.763495 -0.592238 -0.257544
    outer loop
      vertex 7.97481 -6.59734 28
      vertex 7.3584 -6.0874 25
      vertex 8.37333 -6.08358 28
    endloop
  endfacet
  facet normal 0.886795 -0.383753 -0.257544
    outer loop
      vertex 9.36496 -4.40682 28
      vertex 8.6411 -4.06619 25
      vertex 9.62319 -3.81009 28
    endloop
  endfacet
  facet normal 0.965791 -0.0303165 -0.257544
    outer loop
      vertex 10.3296 -0.649881 28
      vertex 9.55 0 25
      vertex 10.35 0 28
    endloop
  endfacet
  facet normal -0.0303165 -0.965791 -0.257544
    outer loop
      vertex 0 -10.35 28
      vertex -0.649881 -10.3296 28
      vertex 0 -9.55 25
    endloop
  endfacet
  facet normal 0.491872 -0.831705 -0.257542
    outer loop
      vertex 4.98615 -9.06977 28
      vertex 4.60075 -8.36873 25
      vertex 5.11715 -8.06333 25
    endloop
  endfacet
  facet normal -0.151136 -0.954371 -0.257553
    outer loop
      vertex -1.2972 -10.2684 28
      vertex -1.9394 -10.1667 28
      vertex -1.78949 -9.38084 25
    endloop
  endfacet
  facet normal 0.269536 -0.927913 -0.257543
    outer loop
      vertex 3.19833 -9.84343 28
      vertex 2.57394 -10.0248 28
      vertex 2.95111 -9.08259 25
    endloop
  endfacet
  facet normal -0.592238 0.763495 -0.257544
    outer loop
      vertex -6.0874 7.3584 25
      vertex -6.59734 7.97481 28
      vertex -6.08358 8.37333 28
    endloop
  endfacet
  facet normal -0.724804 -0.639007 -0.257543
    outer loop
      vertex -6.96165 -6.53742 25
      vertex -7.54482 -7.08506 28
      vertex -7.3584 -6.0874 25
    endloop
  endfacet
  facet normal -0.491872 0.831705 -0.257542
    outer loop
      vertex -4.60075 8.36873 25
      vertex -5.11715 8.06333 25
      vertex -4.98615 9.06977 28
    endloop
  endfacet
  facet normal -0.438684 -0.860946 -0.257542
    outer loop
      vertex -4.40682 -9.36496 28
      vertex -4.98615 -9.06977 28
      vertex -4.60075 -8.36873 25
    endloop
  endfacet
  facet normal -0.943 0.210778 -0.257533
    outer loop
      vertex -9.38084 1.78949 25
      vertex -10.0248 2.57394 28
      vertex -9.24997 2.37499 25
    endloop
  endfacet
  facet normal 0.927902 -0.269583 -0.257533
    outer loop
      vertex 10.0248 -2.57394 28
      vertex 9.08259 -2.95111 25
      vertex 9.24997 -2.37499 25
    endloop
  endfacet
  facet normal -0.151169 -0.954368 -0.257546
    outer loop
      vertex -1.2972 -10.2684 28
      vertex -1.78949 -9.38084 25
      vertex -1.19693 -9.4747 25
    endloop
  endfacet
  facet normal -0.383742 -0.886798 -0.257546
    outer loop
      vertex -3.81009 -9.62319 28
      vertex -4.06619 -8.6411 25
      vertex -3.51559 -8.87936 25
    endloop
  endfacet
  facet normal 0.438673 -0.860951 -0.257544
    outer loop
      vertex 4.40682 -9.36496 28
      vertex 4.06619 -8.6411 25
      vertex 4.60075 -8.36873 25
    endloop
  endfacet
  facet normal 0.763495 0.592238 -0.257544
    outer loop
      vertex 8.37333 6.08358 28
      vertex 7.3584 6.0874 25
      vertex 7.97481 6.59734 28
    endloop
  endfacet
  facet normal 0.0303596 -0.965787 -0.257553
    outer loop
      vertex 0.649881 -10.3296 28
      vertex 0 -9.55 25
      vertex 0.599649 -9.53115 25
    endloop
  endfacet
  facet normal 0.383753 -0.886795 -0.257544
    outer loop
      vertex 4.40682 -9.36496 28
      vertex 3.81009 -9.62319 28
      vertex 4.06619 -8.6411 25
    endloop
  endfacet
  facet normal 0.961976 -0.0909489 -0.257547
    outer loop
      vertex 10.2684 -1.2972 28
      vertex 9.4747 -1.19693 25
      vertex 10.3296 -0.649881 28
    endloop
  endfacet
  facet normal 0.831708 0.491868 -0.257543
    outer loop
      vertex 9.06977 4.98615 28
      vertex 8.06333 5.11715 25
      vertex 8.73879 5.54581 28
    endloop
  endfacet
  facet normal 0.383742 -0.886798 -0.257546
    outer loop
      vertex 3.81009 -9.62319 28
      vertex 3.51559 -8.87936 25
      vertex 4.06619 -8.6411 25
    endloop
  endfacet
  facet normal 0.0909181 -0.961977 -0.257553
    outer loop
      vertex 0.649881 -10.3296 28
      vertex 0.599649 -9.53115 25
      vertex 1.19693 -9.4747 25
    endloop
  endfacet
  facet normal -0.927902 0.269583 -0.257533
    outer loop
      vertex -9.24997 2.37499 25
      vertex -10.0248 2.57394 28
      vertex -9.08259 2.95111 25
    endloop
  endfacet
  facet normal -0.961976 -0.0909489 -0.257547
    outer loop
      vertex -10.2684 -1.2972 28
      vertex -10.3296 -0.649881 28
      vertex -9.4747 -1.19693 25
    endloop
  endfacet
  facet normal 0.799178 -0.543125 -0.257546
    outer loop
      vertex 8.37333 -6.08358 28
      vertex 7.72611 -5.61335 25
      vertex 8.06333 -5.11715 25
    endloop
  endfacet
  facet normal -0.383753 0.886795 -0.257544
    outer loop
      vertex -4.06619 8.6411 25
      vertex -4.40682 9.36496 28
      vertex -3.81009 9.62319 28
    endloop
  endfacet
  facet normal -0.965791 -0.0303165 -0.257544
    outer loop
      vertex -10.3296 -0.649881 28
      vertex -10.35 0 28
      vertex -9.55 0 25
    endloop
  endfacet
  facet normal 0.327302 0.909145 -0.257543
    outer loop
      vertex 3.81009 9.62319 28
      vertex 2.95111 9.08259 25
      vertex 3.19833 9.84343 28
    endloop
  endfacet
  facet normal 0.886795 0.383753 -0.257544
    outer loop
      vertex 9.62319 3.81009 28
      vertex 8.6411 4.06619 25
      vertex 9.36496 4.40682 28
    endloop
  endfacet
  facet normal -0.639007 -0.724804 -0.257543
    outer loop
      vertex -6.0874 -7.3584 25
      vertex -7.08506 -7.54482 28
      vertex -6.53742 -6.96165 25
    endloop
  endfacet
  facet normal 0.860951 -0.438673 -0.257544
    outer loop
      vertex 9.36496 -4.40682 28
      vertex 8.36873 -4.60075 25
      vertex 8.6411 -4.06619 25
    endloop
  endfacet
  facet normal -0.942973 -0.210874 -0.257552
    outer loop
      vertex -10.0248 -2.57394 28
      vertex -10.1667 -1.9394 28
      vertex -9.38084 -1.78949 25
    endloop
  endfacet
  facet normal 0.724804 -0.639007 -0.257543
    outer loop
      vertex 7.54482 -7.08506 28
      vertex 6.96165 -6.53742 25
      vertex 7.3584 -6.0874 25
    endloop
  endfacet
  facet normal 0.543114 0.799186 -0.257543
    outer loop
      vertex 6.08358 8.37333 28
      vertex 5.11715 8.06333 25
      vertex 5.54581 8.73879 28
    endloop
  endfacet
  facet normal -0.0909181 -0.961977 -0.257553
    outer loop
      vertex -0.649881 -10.3296 28
      vertex -1.19693 -9.4747 25
      vertex -0.599649 -9.53115 25
    endloop
  endfacet
  facet normal 0.210778 0.943 -0.257533
    outer loop
      vertex 2.37499 9.24997 25
      vertex 1.78949 9.38084 25
      vertex 2.57394 10.0248 28
    endloop
  endfacet
  facet normal -0.927913 0.269536 -0.257543
    outer loop
      vertex -9.08259 2.95111 25
      vertex -10.0248 2.57394 28
      vertex -9.84343 3.19833 28
    endloop
  endfacet
  facet normal 0.927913 -0.269536 -0.257543
    outer loop
      vertex 9.84343 -3.19833 28
      vertex 9.08259 -2.95111 25
      vertex 10.0248 -2.57394 28
    endloop
  endfacet
  facet normal 0.763501 -0.59223 -0.257546
    outer loop
      vertex 8.37333 -6.08358 28
      vertex 7.3584 -6.0874 25
      vertex 7.72611 -5.61335 25
    endloop
  endfacet
  facet normal -0.831705 -0.491872 -0.257542
    outer loop
      vertex -8.06333 -5.11715 25
      vertex -9.06977 -4.98615 28
      vertex -8.36873 -4.60075 25
    endloop
  endfacet
  facet normal 0.954368 -0.151169 -0.257546
    outer loop
      vertex 10.2684 -1.2972 28
      vertex 9.38084 -1.78949 25
      vertex 9.4747 -1.19693 25
    endloop
  endfacet
  facet normal 0.151136 0.954371 -0.257553
    outer loop
      vertex 1.78949 9.38084 25
      vertex 1.2972 10.2684 28
      vertex 1.9394 10.1667 28
    endloop
  endfacet
  facet normal -0.543125 0.799178 -0.257546
    outer loop
      vertex -5.61335 7.72611 25
      vertex -6.08358 8.37333 28
      vertex -5.11715 8.06333 25
    endloop
  endfacet
  facet normal -0.210874 -0.942973 -0.257552
    outer loop
      vertex -1.9394 -10.1667 28
      vertex -2.57394 -10.0248 28
      vertex -1.78949 -9.38084 25
    endloop
  endfacet
  facet normal -0.860946 -0.438684 -0.257542
    outer loop
      vertex -9.06977 -4.98615 28
      vertex -9.36496 -4.40682 28
      vertex -8.36873 -4.60075 25
    endloop
  endfacet
  facet normal 0.954371 0.151136 -0.257553
    outer loop
      vertex 10.2684 1.2972 28
      vertex 9.38084 1.78949 25
      vertex 10.1667 1.9394 28
    endloop
  endfacet
  facet normal 0.965787 -0.0303596 -0.257553
    outer loop
      vertex 10.3296 -0.649881 28
      vertex 9.53115 -0.599649 25
      vertex 9.55 0 25
    endloop
  endfacet
  facet normal 0.961977 -0.0909181 -0.257553
    outer loop
      vertex 10.3296 -0.649881 28
      vertex 9.4747 -1.19693 25
      vertex 9.53115 -0.599649 25
    endloop
  endfacet
  facet normal -0.909145 -0.327302 -0.257543
    outer loop
      vertex -9.62319 -3.81009 28
      vertex -9.84343 -3.19833 28
      vertex -9.08259 -2.95111 25
    endloop
  endfacet
  facet normal 0.543114 -0.799186 -0.257543
    outer loop
      vertex 5.54581 -8.73879 28
      vertex 5.11715 -8.06333 25
      vertex 6.08358 -8.37333 28
    endloop
  endfacet
  facet normal 0.860946 0.438684 -0.257542
    outer loop
      vertex 9.36496 4.40682 28
      vertex 8.36873 4.60075 25
      vertex 9.06977 4.98615 28
    endloop
  endfacet
  facet normal -0.269583 -0.927902 -0.257533
    outer loop
      vertex -2.57394 -10.0248 28
      vertex -2.95111 -9.08259 25
      vertex -2.37499 -9.24997 25
    endloop
  endfacet
  facet normal -0.0909489 0.961976 -0.257547
    outer loop
      vertex -1.19693 9.4747 25
      vertex -1.2972 10.2684 28
      vertex -0.649881 10.3296 28
    endloop
  endfacet
  facet normal -0.0909181 0.961977 -0.257553
    outer loop
      vertex -0.599649 9.53115 25
      vertex -1.19693 9.4747 25
      vertex -0.649881 10.3296 28
    endloop
  endfacet
  facet normal -0.592238 -0.763495 -0.257544
    outer loop
      vertex -6.08358 -8.37333 28
      vertex -6.59734 -7.97481 28
      vertex -6.0874 -7.3584 25
    endloop
  endfacet
  facet normal 0.0303165 -0.965791 -0.257544
    outer loop
      vertex 0.649881 -10.3296 28
      vertex 0 -10.35 28
      vertex 0 -9.55 25
    endloop
  endfacet
  facet normal -0.860951 0.438673 -0.257544
    outer loop
      vertex -8.6411 4.06619 25
      vertex -9.36496 4.40682 28
      vertex -8.36873 4.60075 25
    endloop
  endfacet
  facet normal 0.909139 0.327318 -0.257547
    outer loop
      vertex 9.08259 2.95111 25
      vertex 8.87936 3.51559 25
      vertex 9.62319 3.81009 28
    endloop
  endfacet
  facet normal 0.860946 -0.438684 -0.257542
    outer loop
      vertex 9.06977 -4.98615 28
      vertex 8.36873 -4.60075 25
      vertex 9.36496 -4.40682 28
    endloop
  endfacet
  facet normal -0.0909489 -0.961976 -0.257547
    outer loop
      vertex -0.649881 -10.3296 28
      vertex -1.2972 -10.2684 28
      vertex -1.19693 -9.4747 25
    endloop
  endfacet
  facet normal -0.886798 -0.383742 -0.257546
    outer loop
      vertex -8.6411 -4.06619 25
      vertex -9.62319 -3.81009 28
      vertex -8.87936 -3.51559 25
    endloop
  endfacet
  facet normal 0.151169 -0.954368 -0.257546
    outer loop
      vertex 1.2972 -10.2684 28
      vertex 1.19693 -9.4747 25
      vertex 1.78949 -9.38084 25
    endloop
  endfacet
  facet normal -0.763501 0.59223 -0.257546
    outer loop
      vertex -7.72611 5.61335 25
      vertex -8.37333 6.08358 28
      vertex -7.3584 6.0874 25
    endloop
  endfacet
  facet normal -0.763495 0.592238 -0.257544
    outer loop
      vertex -7.3584 6.0874 25
      vertex -8.37333 6.08358 28
      vertex -7.97481 6.59734 28
    endloop
  endfacet
  facet normal -0.210778 -0.943 -0.257533
    outer loop
      vertex -1.78949 -9.38084 25
      vertex -2.57394 -10.0248 28
      vertex -2.37499 -9.24997 25
    endloop
  endfacet
  facet normal 0.943 -0.210778 -0.257533
    outer loop
      vertex 10.0248 -2.57394 28
      vertex 9.24997 -2.37499 25
      vertex 9.38084 -1.78949 25
    endloop
  endfacet
  facet normal -0.0303596 -0.965787 -0.257553
    outer loop
      vertex 0 -9.55 25
      vertex -0.649881 -10.3296 28
      vertex -0.599649 -9.53115 25
    endloop
  endfacet
  facet normal 0.799186 0.543114 -0.257543
    outer loop
      vertex 8.73879 5.54581 28
      vertex 8.06333 5.11715 25
      vertex 8.37333 6.08358 28
    endloop
  endfacet
  facet normal -0.961977 -0.0909181 -0.257553
    outer loop
      vertex -9.4747 -1.19693 25
      vertex -10.3296 -0.649881 28
      vertex -9.53115 -0.599649 25
    endloop
  endfacet
  facet normal -0.965787 -0.0303596 -0.257553
    outer loop
      vertex -9.53115 -0.599649 25
      vertex -10.3296 -0.649881 28
      vertex -9.55 0 25
    endloop
  endfacet
  facet normal 0.961976 0.0909489 -0.257547
    outer loop
      vertex 10.3296 0.649881 28
      vertex 9.4747 1.19693 25
      vertex 10.2684 1.2972 28
    endloop
  endfacet
  facet normal -0.724802 0.639009 -0.257544
    outer loop
      vertex -7.3584 6.0874 25
      vertex -7.97481 6.59734 28
      vertex -7.54482 7.08506 28
    endloop
  endfacet
  facet normal -0.438673 -0.860951 -0.257544
    outer loop
      vertex -4.40682 -9.36496 28
      vertex -4.60075 -8.36873 25
      vertex -4.06619 -8.6411 25
    endloop
  endfacet
  facet normal 0.927913 0.269536 -0.257543
    outer loop
      vertex 10.0248 2.57394 28
      vertex 9.08259 2.95111 25
      vertex 9.84343 3.19833 28
    endloop
  endfacet
  facet normal -0.383742 0.886798 -0.257546
    outer loop
      vertex -3.51559 8.87936 25
      vertex -4.06619 8.6411 25
      vertex -3.81009 9.62319 28
    endloop
  endfacet
  facet normal -0.543114 0.799186 -0.257543
    outer loop
      vertex -5.11715 8.06333 25
      vertex -6.08358 8.37333 28
      vertex -5.54581 8.73879 28
    endloop
  endfacet
  facet normal 0.438673 0.860951 -0.257544
    outer loop
      vertex 4.60075 8.36873 25
      vertex 4.06619 8.6411 25
      vertex 4.40682 9.36496 28
    endloop
  endfacet
  facet normal -0.909145 0.327302 -0.257543
    outer loop
      vertex -9.08259 2.95111 25
      vertex -9.84343 3.19833 28
      vertex -9.62319 3.81009 28
    endloop
  endfacet
  facet normal 0.491868 0.831708 -0.257543
    outer loop
      vertex 5.11715 8.06333 25
      vertex 4.98615 9.06977 28
      vertex 5.54581 8.73879 28
    endloop
  endfacet
  facet normal 0.210778 -0.943 -0.257533
    outer loop
      vertex 2.57394 -10.0248 28
      vertex 1.78949 -9.38084 25
      vertex 2.37499 -9.24997 25
    endloop
  endfacet
  facet normal -0.961976 0.0909489 -0.257547
    outer loop
      vertex -9.4747 1.19693 25
      vertex -10.3296 0.649881 28
      vertex -10.2684 1.2972 28
    endloop
  endfacet
  facet normal -0.886795 -0.383753 -0.257544
    outer loop
      vertex -9.36496 -4.40682 28
      vertex -9.62319 -3.81009 28
      vertex -8.6411 -4.06619 25
    endloop
  endfacet
  facet normal 0.886798 -0.383742 -0.257546
    outer loop
      vertex 9.62319 -3.81009 28
      vertex 8.6411 -4.06619 25
      vertex 8.87936 -3.51559 25
    endloop
  endfacet
  facet normal 0.543125 -0.799178 -0.257546
    outer loop
      vertex 6.08358 -8.37333 28
      vertex 5.11715 -8.06333 25
      vertex 5.61335 -7.72611 25
    endloop
  endfacet
  facet normal 0.491868 -0.831708 -0.257543
    outer loop
      vertex 5.54581 -8.73879 28
      vertex 4.98615 -9.06977 28
      vertex 5.11715 -8.06333 25
    endloop
  endfacet
  facet normal -0.269536 0.927913 -0.257543
    outer loop
      vertex -2.95111 9.08259 25
      vertex -3.19833 9.84343 28
      vertex -2.57394 10.0248 28
    endloop
  endfacet
  facet normal -0.210874 0.942973 -0.257552
    outer loop
      vertex -1.78949 9.38084 25
      vertex -2.57394 10.0248 28
      vertex -1.9394 10.1667 28
    endloop
  endfacet
  facet normal -0.954371 -0.151136 -0.257553
    outer loop
      vertex -10.1667 -1.9394 28
      vertex -10.2684 -1.2972 28
      vertex -9.38084 -1.78949 25
    endloop
  endfacet
  facet normal 0.724802 -0.639009 -0.257544
    outer loop
      vertex 7.54482 -7.08506 28
      vertex 7.3584 -6.0874 25
      vertex 7.97481 -6.59734 28
    endloop
  endfacet
  facet normal 0.831708 -0.491868 -0.257543
    outer loop
      vertex 8.73879 -5.54581 28
      vertex 8.06333 -5.11715 25
      vertex 9.06977 -4.98615 28
    endloop
  endfacet
  facet normal -0.763495 -0.592238 -0.257544
    outer loop
      vertex -7.97481 -6.59734 28
      vertex -8.37333 -6.08358 28
      vertex -7.3584 -6.0874 25
    endloop
  endfacet
  facet normal -0.965787 0.0303596 -0.257553
    outer loop
      vertex -9.55 0 25
      vertex -10.3296 0.649881 28
      vertex -9.53115 0.599649 25
    endloop
  endfacet
  facet normal -0.151136 0.954371 -0.257553
    outer loop
      vertex -1.78949 9.38084 25
      vertex -1.9394 10.1667 28
      vertex -1.2972 10.2684 28
    endloop
  endfacet
  facet normal -0.327302 -0.909145 -0.257543
    outer loop
      vertex -3.19833 -9.84343 28
      vertex -3.81009 -9.62319 28
      vertex -2.95111 -9.08259 25
    endloop
  endfacet
  facet normal 0.592238 -0.763495 -0.257544
    outer loop
      vertex 6.59734 -7.97481 28
      vertex 6.08358 -8.37333 28
      vertex 6.0874 -7.3584 25
    endloop
  endfacet
  facet normal 0.59223 -0.763501 -0.257546
    outer loop
      vertex 6.08358 -8.37333 28
      vertex 5.61335 -7.72611 25
      vertex 6.0874 -7.3584 25
    endloop
  endfacet
  facet normal 0.210874 0.942973 -0.257552
    outer loop
      vertex 2.57394 10.0248 28
      vertex 1.78949 9.38084 25
      vertex 1.9394 10.1667 28
    endloop
  endfacet
  facet normal 0.438684 -0.860946 -0.257542
    outer loop
      vertex 4.98615 -9.06977 28
      vertex 4.40682 -9.36496 28
      vertex 4.60075 -8.36873 25
    endloop
  endfacet
  facet normal -0.927913 -0.269536 -0.257543
    outer loop
      vertex -9.84343 -3.19833 28
      vertex -10.0248 -2.57394 28
      vertex -9.08259 -2.95111 25
    endloop
  endfacet
  facet normal -0.438684 0.860946 -0.257542
    outer loop
      vertex -4.60075 8.36873 25
      vertex -4.98615 9.06977 28
      vertex -4.40682 9.36496 28
    endloop
  endfacet
  facet normal 0.59223 0.763501 -0.257546
    outer loop
      vertex 6.0874 7.3584 25
      vertex 5.61335 7.72611 25
      vertex 6.08358 8.37333 28
    endloop
  endfacet
  facet normal -0.860946 0.438684 -0.257542
    outer loop
      vertex -8.36873 4.60075 25
      vertex -9.36496 4.40682 28
      vertex -9.06977 4.98615 28
    endloop
  endfacet
  facet normal -0.543125 -0.799178 -0.257546
    outer loop
      vertex -5.11715 -8.06333 25
      vertex -6.08358 -8.37333 28
      vertex -5.61335 -7.72611 25
    endloop
  endfacet
  facet normal -0.639009 0.724802 -0.257544
    outer loop
      vertex -6.0874 7.3584 25
      vertex -7.08506 7.54482 28
      vertex -6.59734 7.97481 28
    endloop
  endfacet
  facet normal -0.491872 -0.831705 -0.257542
    outer loop
      vertex -4.98615 -9.06977 28
      vertex -5.11715 -8.06333 25
      vertex -4.60075 -8.36873 25
    endloop
  endfacet
  facet normal -0.831705 0.491872 -0.257542
    outer loop
      vertex -8.36873 4.60075 25
      vertex -9.06977 4.98615 28
      vertex -8.06333 5.11715 25
    endloop
  endfacet
  facet normal -0.927902 -0.269583 -0.257533
    outer loop
      vertex -9.08259 -2.95111 25
      vertex -10.0248 -2.57394 28
      vertex -9.24997 -2.37499 25
    endloop
  endfacet
  facet normal -0.543114 -0.799186 -0.257543
    outer loop
      vertex -5.54581 -8.73879 28
      vertex -6.08358 -8.37333 28
      vertex -5.11715 -8.06333 25
    endloop
  endfacet
  facet normal -0.639007 0.724804 -0.257543
    outer loop
      vertex -6.53742 6.96165 25
      vertex -7.08506 7.54482 28
      vertex -6.0874 7.3584 25
    endloop
  endfacet
  facet normal 0.269583 -0.927902 -0.257533
    outer loop
      vertex 2.57394 -10.0248 28
      vertex 2.37499 -9.24997 25
      vertex 2.95111 -9.08259 25
    endloop
  endfacet
  facet normal 0.210874 -0.942973 -0.257552
    outer loop
      vertex 1.9394 -10.1667 28
      vertex 1.78949 -9.38084 25
      vertex 2.57394 -10.0248 28
    endloop
  endfacet
  facet normal 0.151136 -0.954371 -0.257553
    outer loop
      vertex 1.9394 -10.1667 28
      vertex 1.2972 -10.2684 28
      vertex 1.78949 -9.38084 25
    endloop
  endfacet
  facet normal -0.965791 0.0303165 -0.257544
    outer loop
      vertex -9.55 0 25
      vertex -10.35 0 28
      vertex -10.3296 0.649881 28
    endloop
  endfacet
  facet normal 0.0909489 -0.961976 -0.257547
    outer loop
      vertex 1.2972 -10.2684 28
      vertex 0.649881 -10.3296 28
      vertex 1.19693 -9.4747 25
    endloop
  endfacet
  facet normal -0.961977 0.0909181 -0.257553
    outer loop
      vertex -9.53115 0.599649 25
      vertex -10.3296 0.649881 28
      vertex -9.4747 1.19693 25
    endloop
  endfacet
  facet normal 0.909145 0.327302 -0.257543
    outer loop
      vertex 9.84343 3.19833 28
      vertex 9.08259 2.95111 25
      vertex 9.62319 3.81009 28
    endloop
  endfacet
  facet normal 0.269536 0.927913 -0.257543
    outer loop
      vertex 2.95111 9.08259 25
      vertex 2.57394 10.0248 28
      vertex 3.19833 9.84343 28
    endloop
  endfacet
  facet normal -0.683254 0.683254 -0.257543
    outer loop
      vertex -6.53742 6.96165 25
      vertex -7.54482 7.08506 28
      vertex -7.08506 7.54482 28
    endloop
  endfacet
  facet normal -0.683254 0.683254 -0.257543
    outer loop
      vertex -7.54482 7.08506 28
      vertex -6.53742 6.96165 25
      vertex -6.96165 6.53742 25
    endloop
  endfacet
  facet normal -0.954368 0.151169 -0.257546
    outer loop
      vertex -9.4747 1.19693 25
      vertex -10.2684 1.2972 28
      vertex -9.38084 1.78949 25
    endloop
  endfacet
  facet normal -0.886795 0.383753 -0.257544
    outer loop
      vertex -8.6411 4.06619 25
      vertex -9.62319 3.81009 28
      vertex -9.36496 4.40682 28
    endloop
  endfacet
  facet normal 0.886798 0.383742 -0.257546
    outer loop
      vertex 8.87936 3.51559 25
      vertex 8.6411 4.06619 25
      vertex 9.62319 3.81009 28
    endloop
  endfacet
  facet normal 0.961977 0.0909181 -0.257553
    outer loop
      vertex 9.53115 0.599649 25
      vertex 9.4747 1.19693 25
      vertex 10.3296 0.649881 28
    endloop
  endfacet
  facet normal -0.724802 -0.639009 -0.257544
    outer loop
      vertex -7.54482 -7.08506 28
      vertex -7.97481 -6.59734 28
      vertex -7.3584 -6.0874 25
    endloop
  endfacet
  facet normal -0.639009 -0.724802 -0.257544
    outer loop
      vertex -6.59734 -7.97481 28
      vertex -7.08506 -7.54482 28
      vertex -6.0874 -7.3584 25
    endloop
  endfacet
  facet normal -0.383753 -0.886795 -0.257544
    outer loop
      vertex -3.81009 -9.62319 28
      vertex -4.40682 -9.36496 28
      vertex -4.06619 -8.6411 25
    endloop
  endfacet
  facet normal -0.799186 0.543114 -0.257543
    outer loop
      vertex -8.06333 5.11715 25
      vertex -8.73879 5.54581 28
      vertex -8.37333 6.08358 28
    endloop
  endfacet
  facet normal 0.831705 -0.491872 -0.257542
    outer loop
      vertex 9.06977 -4.98615 28
      vertex 8.06333 -5.11715 25
      vertex 8.36873 -4.60075 25
    endloop
  endfacet
  facet normal -0.831708 0.491868 -0.257543
    outer loop
      vertex -8.06333 5.11715 25
      vertex -9.06977 4.98615 28
      vertex -8.73879 5.54581 28
    endloop
  endfacet
  facet normal -0.799178 -0.543125 -0.257546
    outer loop
      vertex -7.72611 -5.61335 25
      vertex -8.37333 -6.08358 28
      vertex -8.06333 -5.11715 25
    endloop
  endfacet
  facet normal 0.724802 0.639009 -0.257544
    outer loop
      vertex 7.97481 6.59734 28
      vertex 7.3584 6.0874 25
      vertex 7.54482 7.08506 28
    endloop
  endfacet
  facet normal 0.639007 0.724804 -0.257543
    outer loop
      vertex 6.53742 6.96165 25
      vertex 6.0874 7.3584 25
      vertex 7.08506 7.54482 28
    endloop
  endfacet
  facet normal -0.438673 0.860951 -0.257544
    outer loop
      vertex -4.06619 8.6411 25
      vertex -4.60075 8.36873 25
      vertex -4.40682 9.36496 28
    endloop
  endfacet
  facet normal -0.683254 -0.683254 -0.257543
    outer loop
      vertex -6.53742 -6.96165 25
      vertex -7.54482 -7.08506 28
      vertex -6.96165 -6.53742 25
    endloop
  endfacet
  facet normal -0.683254 -0.683254 -0.257543
    outer loop
      vertex -7.54482 -7.08506 28
      vertex -6.53742 -6.96165 25
      vertex -7.08506 -7.54482 28
    endloop
  endfacet
  facet normal -0.763501 -0.59223 -0.257546
    outer loop
      vertex -7.3584 -6.0874 25
      vertex -8.37333 -6.08358 28
      vertex -7.72611 -5.61335 25
    endloop
  endfacet
  facet normal -0.327302 0.909145 -0.257543
    outer loop
      vertex -2.95111 9.08259 25
      vertex -3.81009 9.62319 28
      vertex -3.19833 9.84343 28
    endloop
  endfacet
  facet normal 0.491872 0.831705 -0.257542
    outer loop
      vertex 5.11715 8.06333 25
      vertex 4.60075 8.36873 25
      vertex 4.98615 9.06977 28
    endloop
  endfacet
  facet normal 0.327302 -0.909145 -0.257543
    outer loop
      vertex 3.19833 -9.84343 28
      vertex 2.95111 -9.08259 25
      vertex 3.81009 -9.62319 28
    endloop
  endfacet
  facet normal 0.639009 0.724802 -0.257544
    outer loop
      vertex 7.08506 7.54482 28
      vertex 6.0874 7.3584 25
      vertex 6.59734 7.97481 28
    endloop
  endfacet
  facet normal 0.0909181 0.961977 -0.257553
    outer loop
      vertex 1.19693 9.4747 25
      vertex 0.599649 9.53115 25
      vertex 0.649881 10.3296 28
    endloop
  endfacet
  facet normal -0.327318 -0.909139 -0.257547
    outer loop
      vertex -2.95111 -9.08259 25
      vertex -3.81009 -9.62319 28
      vertex -3.51559 -8.87936 25
    endloop
  endfacet
  facet normal 0.942973 0.210874 -0.257552
    outer loop
      vertex 10.1667 1.9394 28
      vertex 9.38084 1.78949 25
      vertex 10.0248 2.57394 28
    endloop
  endfacet
  facet normal 0.269583 0.927902 -0.257533
    outer loop
      vertex 2.95111 9.08259 25
      vertex 2.37499 9.24997 25
      vertex 2.57394 10.0248 28
    endloop
  endfacet
  facet normal -0.799186 -0.543114 -0.257543
    outer loop
      vertex -8.37333 -6.08358 28
      vertex -8.73879 -5.54581 28
      vertex -8.06333 -5.11715 25
    endloop
  endfacet
  facet normal -0.327318 0.909139 -0.257547
    outer loop
      vertex -3.51559 8.87936 25
      vertex -3.81009 9.62319 28
      vertex -2.95111 9.08259 25
    endloop
  endfacet
  facet normal 0.383753 0.886795 -0.257544
    outer loop
      vertex 4.06619 8.6411 25
      vertex 3.81009 9.62319 28
      vertex 4.40682 9.36496 28
    endloop
  endfacet
  facet normal -0.269583 0.927902 -0.257533
    outer loop
      vertex -2.37499 9.24997 25
      vertex -2.95111 9.08259 25
      vertex -2.57394 10.0248 28
    endloop
  endfacet
  facet normal 0.724804 0.639007 -0.257543
    outer loop
      vertex 7.3584 6.0874 25
      vertex 6.96165 6.53742 25
      vertex 7.54482 7.08506 28
    endloop
  endfacet
  facet normal 0.763501 0.59223 -0.257546
    outer loop
      vertex 7.72611 5.61335 25
      vertex 7.3584 6.0874 25
      vertex 8.37333 6.08358 28
    endloop
  endfacet
  facet normal -0.954371 0.151136 -0.257553
    outer loop
      vertex -9.38084 1.78949 25
      vertex -10.2684 1.2972 28
      vertex -10.1667 1.9394 28
    endloop
  endfacet
  facet normal -0.942973 0.210874 -0.257552
    outer loop
      vertex -9.38084 1.78949 25
      vertex -10.1667 1.9394 28
      vertex -10.0248 2.57394 28
    endloop
  endfacet
  facet normal -0.210778 0.943 -0.257533
    outer loop
      vertex -2.37499 9.24997 25
      vertex -2.57394 10.0248 28
      vertex -1.78949 9.38084 25
    endloop
  endfacet
  facet normal -0.491868 0.831708 -0.257543
    outer loop
      vertex -5.11715 8.06333 25
      vertex -5.54581 8.73879 28
      vertex -4.98615 9.06977 28
    endloop
  endfacet
  facet normal 0.151169 0.954368 -0.257546
    outer loop
      vertex 1.78949 9.38084 25
      vertex 1.19693 9.4747 25
      vertex 1.2972 10.2684 28
    endloop
  endfacet
  facet normal 0.683254 0.683254 -0.257543
    outer loop
      vertex 7.54482 7.08506 28
      vertex 6.53742 6.96165 25
      vertex 7.08506 7.54482 28
    endloop
  endfacet
  facet normal 0.683254 0.683254 -0.257543
    outer loop
      vertex 6.53742 6.96165 25
      vertex 7.54482 7.08506 28
      vertex 6.96165 6.53742 25
    endloop
  endfacet
  facet normal -0.909139 0.327318 -0.257547
    outer loop
      vertex -9.08259 2.95111 25
      vertex -9.62319 3.81009 28
      vertex -8.87936 3.51559 25
    endloop
  endfacet
  facet normal 0.327318 0.909139 -0.257547
    outer loop
      vertex 3.51559 8.87936 25
      vertex 2.95111 9.08259 25
      vertex 3.81009 9.62319 28
    endloop
  endfacet
  facet normal 0.383742 0.886798 -0.257546
    outer loop
      vertex 4.06619 8.6411 25
      vertex 3.51559 8.87936 25
      vertex 3.81009 9.62319 28
    endloop
  endfacet
  facet normal 0.543125 0.799178 -0.257546
    outer loop
      vertex 5.61335 7.72611 25
      vertex 5.11715 8.06333 25
      vertex 6.08358 8.37333 28
    endloop
  endfacet
  facet normal 0.0303596 0.965787 -0.257553
    outer loop
      vertex 0.599649 9.53115 25
      vertex 0 9.55 25
      vertex 0.649881 10.3296 28
    endloop
  endfacet
  facet normal 0.0909489 0.961976 -0.257547
    outer loop
      vertex 1.19693 9.4747 25
      vertex 0.649881 10.3296 28
      vertex 1.2972 10.2684 28
    endloop
  endfacet
  facet normal -0.886798 0.383742 -0.257546
    outer loop
      vertex -8.87936 3.51559 25
      vertex -9.62319 3.81009 28
      vertex -8.6411 4.06619 25
    endloop
  endfacet
  facet normal 0.0303165 0.965791 -0.257544
    outer loop
      vertex 0.649881 10.3296 28
      vertex 0 9.55 25
      vertex 0 10.35 28
    endloop
  endfacet
  facet normal -0.0303165 0.965791 -0.257544
    outer loop
      vertex 0 9.55 25
      vertex -0.649881 10.3296 28
      vertex 0 10.35 28
    endloop
  endfacet
  facet normal 0.438684 0.860946 -0.257542
    outer loop
      vertex 4.60075 8.36873 25
      vertex 4.40682 9.36496 28
      vertex 4.98615 9.06977 28
    endloop
  endfacet
  facet normal -0.0303596 0.965787 -0.257553
    outer loop
      vertex -0.599649 9.53115 25
      vertex -0.649881 10.3296 28
      vertex 0 9.55 25
    endloop
  endfacet
  facet normal 0.927902 0.269583 -0.257533
    outer loop
      vertex 9.24997 2.37499 25
      vertex 9.08259 2.95111 25
      vertex 10.0248 2.57394 28
    endloop
  endfacet
  facet normal 0.965791 0.0303165 0.257544
    outer loop
      vertex 10.3296 0.649881 34.6
      vertex 9.55 0 37.6
      vertex 10.35 0 34.6
    endloop
  endfacet
  facet normal -0.438673 -0.860951 0.257544
    outer loop
      vertex -4.06619 -8.6411 37.6
      vertex -4.60075 -8.36873 37.6
      vertex -4.40682 -9.36496 34.6
    endloop
  endfacet
  facet normal 0.543114 -0.799186 0.257543
    outer loop
      vertex 6.08358 -8.37333 34.6
      vertex 5.11715 -8.06333 37.6
      vertex 5.54581 -8.73879 34.6
    endloop
  endfacet
  facet normal -0.927913 -0.269536 0.257543
    outer loop
      vertex -9.08259 -2.95111 37.6
      vertex -10.0248 -2.57394 34.6
      vertex -9.84343 -3.19833 34.6
    endloop
  endfacet
  facet normal -0.210874 0.942973 0.257552
    outer loop
      vertex -1.9394 10.1667 34.6
      vertex -2.57394 10.0248 34.6
      vertex -1.78949 9.38084 37.6
    endloop
  endfacet
  facet normal -0.543114 0.799186 0.257543
    outer loop
      vertex -5.54581 8.73879 34.6
      vertex -6.08358 8.37333 34.6
      vertex -5.11715 8.06333 37.6
    endloop
  endfacet
  facet normal 0.886795 -0.383753 0.257544
    outer loop
      vertex 9.62319 -3.81009 34.6
      vertex 8.6411 -4.06619 37.6
      vertex 9.36496 -4.40682 34.6
    endloop
  endfacet
  facet normal 0.327318 -0.909139 0.257547
    outer loop
      vertex 3.51559 -8.87936 37.6
      vertex 2.95111 -9.08259 37.6
      vertex 3.81009 -9.62319 34.6
    endloop
  endfacet
  facet normal 0.639007 -0.724804 0.257543
    outer loop
      vertex 6.53742 -6.96165 37.6
      vertex 6.0874 -7.3584 37.6
      vertex 7.08506 -7.54482 34.6
    endloop
  endfacet
  facet normal -0.383742 0.886798 0.257546
    outer loop
      vertex -3.81009 9.62319 34.6
      vertex -4.06619 8.6411 37.6
      vertex -3.51559 8.87936 37.6
    endloop
  endfacet
  facet normal 0.942973 -0.210874 0.257552
    outer loop
      vertex 10.1667 -1.9394 34.6
      vertex 9.38084 -1.78949 37.6
      vertex 10.0248 -2.57394 34.6
    endloop
  endfacet
  facet normal -0.954368 0.151169 0.257546
    outer loop
      vertex -9.38084 1.78949 37.6
      vertex -10.2684 1.2972 34.6
      vertex -9.4747 1.19693 37.6
    endloop
  endfacet
  facet normal 0.0909181 0.961977 0.257553
    outer loop
      vertex 0.649881 10.3296 34.6
      vertex 0.599649 9.53115 37.6
      vertex 1.19693 9.4747 37.6
    endloop
  endfacet
  facet normal -0.327302 0.909145 0.257543
    outer loop
      vertex -3.19833 9.84343 34.6
      vertex -3.81009 9.62319 34.6
      vertex -2.95111 9.08259 37.6
    endloop
  endfacet
  facet normal 0.961976 0.0909489 0.257547
    outer loop
      vertex 10.2684 1.2972 34.6
      vertex 9.4747 1.19693 37.6
      vertex 10.3296 0.649881 34.6
    endloop
  endfacet
  facet normal -0.0909489 0.961976 0.257547
    outer loop
      vertex -0.649881 10.3296 34.6
      vertex -1.2972 10.2684 34.6
      vertex -1.19693 9.4747 37.6
    endloop
  endfacet
  facet normal 0.438684 0.860946 0.257542
    outer loop
      vertex 4.98615 9.06977 34.6
      vertex 4.40682 9.36496 34.6
      vertex 4.60075 8.36873 37.6
    endloop
  endfacet
  facet normal -0.210874 -0.942973 0.257552
    outer loop
      vertex -1.78949 -9.38084 37.6
      vertex -2.57394 -10.0248 34.6
      vertex -1.9394 -10.1667 34.6
    endloop
  endfacet
  facet normal -0.269536 0.927913 0.257543
    outer loop
      vertex -2.57394 10.0248 34.6
      vertex -3.19833 9.84343 34.6
      vertex -2.95111 9.08259 37.6
    endloop
  endfacet
  facet normal -0.799178 -0.543125 0.257546
    outer loop
      vertex -8.06333 -5.11715 37.6
      vertex -8.37333 -6.08358 34.6
      vertex -7.72611 -5.61335 37.6
    endloop
  endfacet
  facet normal -0.831705 -0.491872 0.257542
    outer loop
      vertex -8.36873 -4.60075 37.6
      vertex -9.06977 -4.98615 34.6
      vertex -8.06333 -5.11715 37.6
    endloop
  endfacet
  facet normal -0.491872 -0.831705 0.257542
    outer loop
      vertex -4.60075 -8.36873 37.6
      vertex -5.11715 -8.06333 37.6
      vertex -4.98615 -9.06977 34.6
    endloop
  endfacet
  facet normal 0.942973 0.210874 0.257552
    outer loop
      vertex 10.0248 2.57394 34.6
      vertex 9.38084 1.78949 37.6
      vertex 10.1667 1.9394 34.6
    endloop
  endfacet
  facet normal 0.269536 0.927913 0.257543
    outer loop
      vertex 3.19833 9.84343 34.6
      vertex 2.57394 10.0248 34.6
      vertex 2.95111 9.08259 37.6
    endloop
  endfacet
  facet normal 0.0303596 -0.965787 0.257553
    outer loop
      vertex 0.599649 -9.53115 37.6
      vertex 0 -9.55 37.6
      vertex 0.649881 -10.3296 34.6
    endloop
  endfacet
  facet normal -0.543114 -0.799186 0.257543
    outer loop
      vertex -5.11715 -8.06333 37.6
      vertex -6.08358 -8.37333 34.6
      vertex -5.54581 -8.73879 34.6
    endloop
  endfacet
  facet normal 0.724804 -0.639007 0.257543
    outer loop
      vertex 7.3584 -6.0874 37.6
      vertex 6.96165 -6.53742 37.6
      vertex 7.54482 -7.08506 34.6
    endloop
  endfacet
  facet normal -0.151169 0.954368 0.257546
    outer loop
      vertex -1.2972 10.2684 34.6
      vertex -1.78949 9.38084 37.6
      vertex -1.19693 9.4747 37.6
    endloop
  endfacet
  facet normal 0.927913 0.269536 0.257543
    outer loop
      vertex 9.84343 3.19833 34.6
      vertex 9.08259 2.95111 37.6
      vertex 10.0248 2.57394 34.6
    endloop
  endfacet
  facet normal 0.763501 -0.59223 0.257546
    outer loop
      vertex 7.72611 -5.61335 37.6
      vertex 7.3584 -6.0874 37.6
      vertex 8.37333 -6.08358 34.6
    endloop
  endfacet
  facet normal -0.965791 0.0303165 0.257544
    outer loop
      vertex -10.3296 0.649881 34.6
      vertex -10.35 0 34.6
      vertex -9.55 0 37.6
    endloop
  endfacet
  facet normal 0.927902 0.269583 0.257533
    outer loop
      vertex 10.0248 2.57394 34.6
      vertex 9.08259 2.95111 37.6
      vertex 9.24997 2.37499 37.6
    endloop
  endfacet
  facet normal 0.831708 -0.491868 0.257543
    outer loop
      vertex 9.06977 -4.98615 34.6
      vertex 8.06333 -5.11715 37.6
      vertex 8.73879 -5.54581 34.6
    endloop
  endfacet
  facet normal -0.639009 0.724802 0.257544
    outer loop
      vertex -6.59734 7.97481 34.6
      vertex -7.08506 7.54482 34.6
      vertex -6.0874 7.3584 37.6
    endloop
  endfacet
  facet normal -0.763495 0.592238 0.257544
    outer loop
      vertex -7.97481 6.59734 34.6
      vertex -8.37333 6.08358 34.6
      vertex -7.3584 6.0874 37.6
    endloop
  endfacet
  facet normal -0.151169 -0.954368 0.257546
    outer loop
      vertex -1.19693 -9.4747 37.6
      vertex -1.78949 -9.38084 37.6
      vertex -1.2972 -10.2684 34.6
    endloop
  endfacet
  facet normal -0.0303596 -0.965787 0.257553
    outer loop
      vertex -0.599649 -9.53115 37.6
      vertex -0.649881 -10.3296 34.6
      vertex 0 -9.55 37.6
    endloop
  endfacet
  facet normal 0.909139 -0.327318 0.257547
    outer loop
      vertex 9.08259 -2.95111 37.6
      vertex 8.87936 -3.51559 37.6
      vertex 9.62319 -3.81009 34.6
    endloop
  endfacet
  facet normal 0.799178 -0.543125 0.257546
    outer loop
      vertex 8.06333 -5.11715 37.6
      vertex 7.72611 -5.61335 37.6
      vertex 8.37333 -6.08358 34.6
    endloop
  endfacet
  facet normal 0.0303596 0.965787 0.257553
    outer loop
      vertex 0.649881 10.3296 34.6
      vertex 0 9.55 37.6
      vertex 0.599649 9.53115 37.6
    endloop
  endfacet
  facet normal -0.799186 0.543114 0.257543
    outer loop
      vertex -8.37333 6.08358 34.6
      vertex -8.73879 5.54581 34.6
      vertex -8.06333 5.11715 37.6
    endloop
  endfacet
  facet normal 0.724802 -0.639009 0.257544
    outer loop
      vertex 7.97481 -6.59734 34.6
      vertex 7.3584 -6.0874 37.6
      vertex 7.54482 -7.08506 34.6
    endloop
  endfacet
  facet normal -0.909139 -0.327318 0.257547
    outer loop
      vertex -9.08259 -2.95111 37.6
      vertex -9.62319 -3.81009 34.6
      vertex -8.87936 -3.51559 37.6
    endloop
  endfacet
  facet normal 0.927902 -0.269583 0.257533
    outer loop
      vertex 9.24997 -2.37499 37.6
      vertex 9.08259 -2.95111 37.6
      vertex 10.0248 -2.57394 34.6
    endloop
  endfacet
  facet normal 0.927913 -0.269536 0.257543
    outer loop
      vertex 10.0248 -2.57394 34.6
      vertex 9.08259 -2.95111 37.6
      vertex 9.84343 -3.19833 34.6
    endloop
  endfacet
  facet normal -0.724802 0.639009 0.257544
    outer loop
      vertex -7.54482 7.08506 34.6
      vertex -7.97481 6.59734 34.6
      vertex -7.3584 6.0874 37.6
    endloop
  endfacet
  facet normal 0.269583 -0.927902 0.257533
    outer loop
      vertex 2.95111 -9.08259 37.6
      vertex 2.37499 -9.24997 37.6
      vertex 2.57394 -10.0248 34.6
    endloop
  endfacet
  facet normal 0.327302 0.909145 0.257543
    outer loop
      vertex 3.19833 9.84343 34.6
      vertex 2.95111 9.08259 37.6
      vertex 3.81009 9.62319 34.6
    endloop
  endfacet
  facet normal -0.592238 0.763495 0.257544
    outer loop
      vertex -6.08358 8.37333 34.6
      vertex -6.59734 7.97481 34.6
      vertex -6.0874 7.3584 37.6
    endloop
  endfacet
  facet normal -0.799186 -0.543114 0.257543
    outer loop
      vertex -8.06333 -5.11715 37.6
      vertex -8.73879 -5.54581 34.6
      vertex -8.37333 -6.08358 34.6
    endloop
  endfacet
  facet normal 0.151136 0.954371 0.257553
    outer loop
      vertex 1.9394 10.1667 34.6
      vertex 1.2972 10.2684 34.6
      vertex 1.78949 9.38084 37.6
    endloop
  endfacet
  facet normal 0.860951 0.438673 0.257544
    outer loop
      vertex 9.36496 4.40682 34.6
      vertex 8.36873 4.60075 37.6
      vertex 8.6411 4.06619 37.6
    endloop
  endfacet
  facet normal -0.799178 0.543125 0.257546
    outer loop
      vertex -7.72611 5.61335 37.6
      vertex -8.37333 6.08358 34.6
      vertex -8.06333 5.11715 37.6
    endloop
  endfacet
  facet normal -0.961977 -0.0909181 0.257553
    outer loop
      vertex -9.53115 -0.599649 37.6
      vertex -10.3296 -0.649881 34.6
      vertex -9.4747 -1.19693 37.6
    endloop
  endfacet
  facet normal 0.763495 0.592238 0.257544
    outer loop
      vertex 7.97481 6.59734 34.6
      vertex 7.3584 6.0874 37.6
      vertex 8.37333 6.08358 34.6
    endloop
  endfacet
  facet normal 0.210778 -0.943 0.257533
    outer loop
      vertex 2.37499 -9.24997 37.6
      vertex 1.78949 -9.38084 37.6
      vertex 2.57394 -10.0248 34.6
    endloop
  endfacet
  facet normal -0.927902 -0.269583 0.257533
    outer loop
      vertex -9.24997 -2.37499 37.6
      vertex -10.0248 -2.57394 34.6
      vertex -9.08259 -2.95111 37.6
    endloop
  endfacet
  facet normal 0.943 0.210778 0.257533
    outer loop
      vertex 10.0248 2.57394 34.6
      vertex 9.24997 2.37499 37.6
      vertex 9.38084 1.78949 37.6
    endloop
  endfacet
  facet normal 0.0303165 0.965791 0.257544
    outer loop
      vertex 0 10.35 34.6
      vertex 0 9.55 37.6
      vertex 0.649881 10.3296 34.6
    endloop
  endfacet
  facet normal 0.0909181 -0.961977 0.257553
    outer loop
      vertex 1.19693 -9.4747 37.6
      vertex 0.599649 -9.53115 37.6
      vertex 0.649881 -10.3296 34.6
    endloop
  endfacet
  facet normal -0.0909181 0.961977 0.257553
    outer loop
      vertex -0.649881 10.3296 34.6
      vertex -1.19693 9.4747 37.6
      vertex -0.599649 9.53115 37.6
    endloop
  endfacet
  facet normal 0.592238 -0.763495 0.257544
    outer loop
      vertex 6.0874 -7.3584 37.6
      vertex 6.08358 -8.37333 34.6
      vertex 6.59734 -7.97481 34.6
    endloop
  endfacet
  facet normal 0.965791 -0.0303165 0.257544
    outer loop
      vertex 10.35 0 34.6
      vertex 9.55 0 37.6
      vertex 10.3296 -0.649881 34.6
    endloop
  endfacet
  facet normal 0.491868 0.831708 0.257543
    outer loop
      vertex 5.54581 8.73879 34.6
      vertex 4.98615 9.06977 34.6
      vertex 5.11715 8.06333 37.6
    endloop
  endfacet
  facet normal -0.909139 0.327318 0.257547
    outer loop
      vertex -8.87936 3.51559 37.6
      vertex -9.62319 3.81009 34.6
      vertex -9.08259 2.95111 37.6
    endloop
  endfacet
  facet normal 0.151169 -0.954368 0.257546
    outer loop
      vertex 1.78949 -9.38084 37.6
      vertex 1.19693 -9.4747 37.6
      vertex 1.2972 -10.2684 34.6
    endloop
  endfacet
  facet normal 0.59223 0.763501 0.257546
    outer loop
      vertex 6.08358 8.37333 34.6
      vertex 5.61335 7.72611 37.6
      vertex 6.0874 7.3584 37.6
    endloop
  endfacet
  facet normal 0.543125 0.799178 0.257546
    outer loop
      vertex 6.08358 8.37333 34.6
      vertex 5.11715 8.06333 37.6
      vertex 5.61335 7.72611 37.6
    endloop
  endfacet
  facet normal -0.543125 0.799178 0.257546
    outer loop
      vertex -5.11715 8.06333 37.6
      vertex -6.08358 8.37333 34.6
      vertex -5.61335 7.72611 37.6
    endloop
  endfacet
  facet normal 0.954368 0.151169 0.257546
    outer loop
      vertex 10.2684 1.2972 34.6
      vertex 9.38084 1.78949 37.6
      vertex 9.4747 1.19693 37.6
    endloop
  endfacet
  facet normal -0.965787 -0.0303596 0.257553
    outer loop
      vertex -9.55 0 37.6
      vertex -10.3296 -0.649881 34.6
      vertex -9.53115 -0.599649 37.6
    endloop
  endfacet
  facet normal -0.831705 0.491872 0.257542
    outer loop
      vertex -8.06333 5.11715 37.6
      vertex -9.06977 4.98615 34.6
      vertex -8.36873 4.60075 37.6
    endloop
  endfacet
  facet normal -0.763501 0.59223 0.257546
    outer loop
      vertex -7.3584 6.0874 37.6
      vertex -8.37333 6.08358 34.6
      vertex -7.72611 5.61335 37.6
    endloop
  endfacet
  facet normal -0.592238 -0.763495 0.257544
    outer loop
      vertex -6.0874 -7.3584 37.6
      vertex -6.59734 -7.97481 34.6
      vertex -6.08358 -8.37333 34.6
    endloop
  endfacet
  facet normal -0.724804 0.639007 0.257543
    outer loop
      vertex -6.96165 6.53742 37.6
      vertex -7.54482 7.08506 34.6
      vertex -7.3584 6.0874 37.6
    endloop
  endfacet
  facet normal 0.954368 -0.151169 0.257546
    outer loop
      vertex 9.4747 -1.19693 37.6
      vertex 9.38084 -1.78949 37.6
      vertex 10.2684 -1.2972 34.6
    endloop
  endfacet
  facet normal 0.210874 0.942973 0.257552
    outer loop
      vertex 1.9394 10.1667 34.6
      vertex 1.78949 9.38084 37.6
      vertex 2.57394 10.0248 34.6
    endloop
  endfacet
  facet normal -0.269583 -0.927902 0.257533
    outer loop
      vertex -2.37499 -9.24997 37.6
      vertex -2.95111 -9.08259 37.6
      vertex -2.57394 -10.0248 34.6
    endloop
  endfacet
  facet normal 0.724802 0.639009 0.257544
    outer loop
      vertex 7.54482 7.08506 34.6
      vertex 7.3584 6.0874 37.6
      vertex 7.97481 6.59734 34.6
    endloop
  endfacet
  facet normal -0.886798 -0.383742 0.257546
    outer loop
      vertex -8.87936 -3.51559 37.6
      vertex -9.62319 -3.81009 34.6
      vertex -8.6411 -4.06619 37.6
    endloop
  endfacet
  facet normal 0.383742 0.886798 0.257546
    outer loop
      vertex 3.81009 9.62319 34.6
      vertex 3.51559 8.87936 37.6
      vertex 4.06619 8.6411 37.6
    endloop
  endfacet
  facet normal -0.886795 -0.383753 0.257544
    outer loop
      vertex -8.6411 -4.06619 37.6
      vertex -9.62319 -3.81009 34.6
      vertex -9.36496 -4.40682 34.6
    endloop
  endfacet
  facet normal -0.438684 -0.860946 0.257542
    outer loop
      vertex -4.60075 -8.36873 37.6
      vertex -4.98615 -9.06977 34.6
      vertex -4.40682 -9.36496 34.6
    endloop
  endfacet
  facet normal -0.438673 0.860951 0.257544
    outer loop
      vertex -4.40682 9.36496 34.6
      vertex -4.60075 8.36873 37.6
      vertex -4.06619 8.6411 37.6
    endloop
  endfacet
  facet normal 0.0303165 -0.965791 0.257544
    outer loop
      vertex 0 -9.55 37.6
      vertex 0 -10.35 34.6
      vertex 0.649881 -10.3296 34.6
    endloop
  endfacet
  facet normal 0.909145 -0.327302 0.257543
    outer loop
      vertex 9.84343 -3.19833 34.6
      vertex 9.08259 -2.95111 37.6
      vertex 9.62319 -3.81009 34.6
    endloop
  endfacet
  facet normal 0.592238 0.763495 0.257544
    outer loop
      vertex 6.59734 7.97481 34.6
      vertex 6.08358 8.37333 34.6
      vertex 6.0874 7.3584 37.6
    endloop
  endfacet
  facet normal 0.327318 0.909139 0.257547
    outer loop
      vertex 3.81009 9.62319 34.6
      vertex 2.95111 9.08259 37.6
      vertex 3.51559 8.87936 37.6
    endloop
  endfacet
  facet normal 0.831705 0.491872 0.257542
    outer loop
      vertex 9.06977 4.98615 34.6
      vertex 8.06333 5.11715 37.6
      vertex 8.36873 4.60075 37.6
    endloop
  endfacet
  facet normal 0.763495 -0.592238 0.257544
    outer loop
      vertex 8.37333 -6.08358 34.6
      vertex 7.3584 -6.0874 37.6
      vertex 7.97481 -6.59734 34.6
    endloop
  endfacet
  facet normal -0.942973 -0.210874 0.257552
    outer loop
      vertex -9.38084 -1.78949 37.6
      vertex -10.1667 -1.9394 34.6
      vertex -10.0248 -2.57394 34.6
    endloop
  endfacet
  facet normal -0.831708 0.491868 0.257543
    outer loop
      vertex -8.73879 5.54581 34.6
      vertex -9.06977 4.98615 34.6
      vertex -8.06333 5.11715 37.6
    endloop
  endfacet
  facet normal -0.724802 -0.639009 0.257544
    outer loop
      vertex -7.3584 -6.0874 37.6
      vertex -7.97481 -6.59734 34.6
      vertex -7.54482 -7.08506 34.6
    endloop
  endfacet
  facet normal 0.383742 -0.886798 0.257546
    outer loop
      vertex 4.06619 -8.6411 37.6
      vertex 3.51559 -8.87936 37.6
      vertex 3.81009 -9.62319 34.6
    endloop
  endfacet
  facet normal 0.831705 -0.491872 0.257542
    outer loop
      vertex 8.36873 -4.60075 37.6
      vertex 8.06333 -5.11715 37.6
      vertex 9.06977 -4.98615 34.6
    endloop
  endfacet
  facet normal -0.724804 -0.639007 0.257543
    outer loop
      vertex -7.3584 -6.0874 37.6
      vertex -7.54482 -7.08506 34.6
      vertex -6.96165 -6.53742 37.6
    endloop
  endfacet
  facet normal 0.491872 0.831705 0.257542
    outer loop
      vertex 4.98615 9.06977 34.6
      vertex 4.60075 8.36873 37.6
      vertex 5.11715 8.06333 37.6
    endloop
  endfacet
  facet normal 0.860946 -0.438684 0.257542
    outer loop
      vertex 9.36496 -4.40682 34.6
      vertex 8.36873 -4.60075 37.6
      vertex 9.06977 -4.98615 34.6
    endloop
  endfacet
  facet normal 0.909145 0.327302 0.257543
    outer loop
      vertex 9.62319 3.81009 34.6
      vertex 9.08259 2.95111 37.6
      vertex 9.84343 3.19833 34.6
    endloop
  endfacet
  facet normal -0.151136 -0.954371 0.257553
    outer loop
      vertex -1.78949 -9.38084 37.6
      vertex -1.9394 -10.1667 34.6
      vertex -1.2972 -10.2684 34.6
    endloop
  endfacet
  facet normal 0.860951 -0.438673 0.257544
    outer loop
      vertex 8.6411 -4.06619 37.6
      vertex 8.36873 -4.60075 37.6
      vertex 9.36496 -4.40682 34.6
    endloop
  endfacet
  facet normal 0.799186 -0.543114 0.257543
    outer loop
      vertex 8.73879 -5.54581 34.6
      vertex 8.06333 -5.11715 37.6
      vertex 8.37333 -6.08358 34.6
    endloop
  endfacet
  facet normal 0.886798 -0.383742 0.257546
    outer loop
      vertex 8.87936 -3.51559 37.6
      vertex 8.6411 -4.06619 37.6
      vertex 9.62319 -3.81009 34.6
    endloop
  endfacet
  facet normal -0.954371 0.151136 0.257553
    outer loop
      vertex -10.1667 1.9394 34.6
      vertex -10.2684 1.2972 34.6
      vertex -9.38084 1.78949 37.6
    endloop
  endfacet
  facet normal -0.0909489 -0.961976 0.257547
    outer loop
      vertex -1.19693 -9.4747 37.6
      vertex -1.2972 -10.2684 34.6
      vertex -0.649881 -10.3296 34.6
    endloop
  endfacet
  facet normal 0.799186 0.543114 0.257543
    outer loop
      vertex 8.37333 6.08358 34.6
      vertex 8.06333 5.11715 37.6
      vertex 8.73879 5.54581 34.6
    endloop
  endfacet
  facet normal 0.639007 0.724804 0.257543
    outer loop
      vertex 7.08506 7.54482 34.6
      vertex 6.0874 7.3584 37.6
      vertex 6.53742 6.96165 37.6
    endloop
  endfacet
  facet normal -0.383753 0.886795 0.257544
    outer loop
      vertex -3.81009 9.62319 34.6
      vertex -4.40682 9.36496 34.6
      vertex -4.06619 8.6411 37.6
    endloop
  endfacet
  facet normal -0.0303165 -0.965791 0.257544
    outer loop
      vertex 0 -9.55 37.6
      vertex -0.649881 -10.3296 34.6
      vertex 0 -10.35 34.6
    endloop
  endfacet
  facet normal -0.59223 0.763501 0.257546
    outer loop
      vertex -6.08358 8.37333 34.6
      vertex -6.0874 7.3584 37.6
      vertex -5.61335 7.72611 37.6
    endloop
  endfacet
  facet normal -0.0303165 0.965791 0.257544
    outer loop
      vertex 0 10.35 34.6
      vertex -0.649881 10.3296 34.6
      vertex 0 9.55 37.6
    endloop
  endfacet
  facet normal 0.954371 -0.151136 0.257553
    outer loop
      vertex 10.2684 -1.2972 34.6
      vertex 9.38084 -1.78949 37.6
      vertex 10.1667 -1.9394 34.6
    endloop
  endfacet
  facet normal 0.909139 0.327318 0.257547
    outer loop
      vertex 9.62319 3.81009 34.6
      vertex 8.87936 3.51559 37.6
      vertex 9.08259 2.95111 37.6
    endloop
  endfacet
  facet normal 0.961977 0.0909181 0.257553
    outer loop
      vertex 10.3296 0.649881 34.6
      vertex 9.4747 1.19693 37.6
      vertex 9.53115 0.599649 37.6
    endloop
  endfacet
  facet normal 0.954371 0.151136 0.257553
    outer loop
      vertex 10.1667 1.9394 34.6
      vertex 9.38084 1.78949 37.6
      vertex 10.2684 1.2972 34.6
    endloop
  endfacet
  facet normal 0.543114 0.799186 0.257543
    outer loop
      vertex 5.54581 8.73879 34.6
      vertex 5.11715 8.06333 37.6
      vertex 6.08358 8.37333 34.6
    endloop
  endfacet
  facet normal -0.763495 -0.592238 0.257544
    outer loop
      vertex -7.3584 -6.0874 37.6
      vertex -8.37333 -6.08358 34.6
      vertex -7.97481 -6.59734 34.6
    endloop
  endfacet
  facet normal -0.886798 0.383742 0.257546
    outer loop
      vertex -8.6411 4.06619 37.6
      vertex -9.62319 3.81009 34.6
      vertex -8.87936 3.51559 37.6
    endloop
  endfacet
  facet normal -0.860946 -0.438684 0.257542
    outer loop
      vertex -8.36873 -4.60075 37.6
      vertex -9.36496 -4.40682 34.6
      vertex -9.06977 -4.98615 34.6
    endloop
  endfacet
  facet normal 0.961976 -0.0909489 0.257547
    outer loop
      vertex 10.3296 -0.649881 34.6
      vertex 9.4747 -1.19693 37.6
      vertex 10.2684 -1.2972 34.6
    endloop
  endfacet
  facet normal 0.543125 -0.799178 0.257546
    outer loop
      vertex 5.61335 -7.72611 37.6
      vertex 5.11715 -8.06333 37.6
      vertex 6.08358 -8.37333 34.6
    endloop
  endfacet
  facet normal -0.927902 0.269583 0.257533
    outer loop
      vertex -9.08259 2.95111 37.6
      vertex -10.0248 2.57394 34.6
      vertex -9.24997 2.37499 37.6
    endloop
  endfacet
  facet normal -0.965791 -0.0303165 0.257544
    outer loop
      vertex -9.55 0 37.6
      vertex -10.35 0 34.6
      vertex -10.3296 -0.649881 34.6
    endloop
  endfacet
  facet normal -0.683254 0.683254 0.257543
    outer loop
      vertex -7.54482 7.08506 34.6
      vertex -6.53742 6.96165 37.6
      vertex -7.08506 7.54482 34.6
    endloop
  endfacet
  facet normal -0.683254 0.683254 0.257543
    outer loop
      vertex -6.53742 6.96165 37.6
      vertex -7.54482 7.08506 34.6
      vertex -6.96165 6.53742 37.6
    endloop
  endfacet
  facet normal -0.59223 -0.763501 0.257546
    outer loop
      vertex -5.61335 -7.72611 37.6
      vertex -6.0874 -7.3584 37.6
      vertex -6.08358 -8.37333 34.6
    endloop
  endfacet
  facet normal 0.210874 -0.942973 0.257552
    outer loop
      vertex 2.57394 -10.0248 34.6
      vertex 1.78949 -9.38084 37.6
      vertex 1.9394 -10.1667 34.6
    endloop
  endfacet
  facet normal 0.269583 0.927902 0.257533
    outer loop
      vertex 2.57394 10.0248 34.6
      vertex 2.37499 9.24997 37.6
      vertex 2.95111 9.08259 37.6
    endloop
  endfacet
  facet normal -0.886795 0.383753 0.257544
    outer loop
      vertex -9.36496 4.40682 34.6
      vertex -9.62319 3.81009 34.6
      vertex -8.6411 4.06619 37.6
    endloop
  endfacet
  facet normal 0.0909489 -0.961976 0.257547
    outer loop
      vertex 1.19693 -9.4747 37.6
      vertex 0.649881 -10.3296 34.6
      vertex 1.2972 -10.2684 34.6
    endloop
  endfacet
  facet normal -0.0303596 0.965787 0.257553
    outer loop
      vertex 0 9.55 37.6
      vertex -0.649881 10.3296 34.6
      vertex -0.599649 9.53115 37.6
    endloop
  endfacet
  facet normal 0.763501 0.59223 0.257546
    outer loop
      vertex 8.37333 6.08358 34.6
      vertex 7.3584 6.0874 37.6
      vertex 7.72611 5.61335 37.6
    endloop
  endfacet
  facet normal 0.831708 0.491868 0.257543
    outer loop
      vertex 8.73879 5.54581 34.6
      vertex 8.06333 5.11715 37.6
      vertex 9.06977 4.98615 34.6
    endloop
  endfacet
  facet normal 0.438673 0.860951 0.257544
    outer loop
      vertex 4.40682 9.36496 34.6
      vertex 4.06619 8.6411 37.6
      vertex 4.60075 8.36873 37.6
    endloop
  endfacet
  facet normal 0.210778 0.943 0.257533
    outer loop
      vertex 2.57394 10.0248 34.6
      vertex 1.78949 9.38084 37.6
      vertex 2.37499 9.24997 37.6
    endloop
  endfacet
  facet normal -0.269536 -0.927913 0.257543
    outer loop
      vertex -2.95111 -9.08259 37.6
      vertex -3.19833 -9.84343 34.6
      vertex -2.57394 -10.0248 34.6
    endloop
  endfacet
  facet normal 0.799178 0.543125 0.257546
    outer loop
      vertex 8.37333 6.08358 34.6
      vertex 7.72611 5.61335 37.6
      vertex 8.06333 5.11715 37.6
    endloop
  endfacet
  facet normal 0.639009 0.724802 0.257544
    outer loop
      vertex 6.59734 7.97481 34.6
      vertex 6.0874 7.3584 37.6
      vertex 7.08506 7.54482 34.6
    endloop
  endfacet
  facet normal 0.860946 0.438684 0.257542
    outer loop
      vertex 9.06977 4.98615 34.6
      vertex 8.36873 4.60075 37.6
      vertex 9.36496 4.40682 34.6
    endloop
  endfacet
  facet normal 0.724804 0.639007 0.257543
    outer loop
      vertex 7.54482 7.08506 34.6
      vertex 6.96165 6.53742 37.6
      vertex 7.3584 6.0874 37.6
    endloop
  endfacet
  facet normal 0.151169 0.954368 0.257546
    outer loop
      vertex 1.2972 10.2684 34.6
      vertex 1.19693 9.4747 37.6
      vertex 1.78949 9.38084 37.6
    endloop
  endfacet
  facet normal 0.0909489 0.961976 0.257547
    outer loop
      vertex 1.2972 10.2684 34.6
      vertex 0.649881 10.3296 34.6
      vertex 1.19693 9.4747 37.6
    endloop
  endfacet
  facet normal -0.961976 0.0909489 0.257547
    outer loop
      vertex -10.2684 1.2972 34.6
      vertex -10.3296 0.649881 34.6
      vertex -9.4747 1.19693 37.6
    endloop
  endfacet
  facet normal -0.860951 0.438673 0.257544
    outer loop
      vertex -8.36873 4.60075 37.6
      vertex -9.36496 4.40682 34.6
      vertex -8.6411 4.06619 37.6
    endloop
  endfacet
  facet normal -0.942973 0.210874 0.257552
    outer loop
      vertex -10.0248 2.57394 34.6
      vertex -10.1667 1.9394 34.6
      vertex -9.38084 1.78949 37.6
    endloop
  endfacet
  facet normal -0.151136 0.954371 0.257553
    outer loop
      vertex -1.2972 10.2684 34.6
      vertex -1.9394 10.1667 34.6
      vertex -1.78949 9.38084 37.6
    endloop
  endfacet
  facet normal -0.0909181 -0.961977 0.257553
    outer loop
      vertex -0.599649 -9.53115 37.6
      vertex -1.19693 -9.4747 37.6
      vertex -0.649881 -10.3296 34.6
    endloop
  endfacet
  facet normal 0.683254 -0.683254 0.257543
    outer loop
      vertex 6.53742 -6.96165 37.6
      vertex 7.54482 -7.08506 34.6
      vertex 6.96165 -6.53742 37.6
    endloop
  endfacet
  facet normal 0.683254 -0.683254 0.257543
    outer loop
      vertex 7.54482 -7.08506 34.6
      vertex 6.53742 -6.96165 37.6
      vertex 7.08506 -7.54482 34.6
    endloop
  endfacet
  facet normal 0.639009 -0.724802 0.257544
    outer loop
      vertex 7.08506 -7.54482 34.6
      vertex 6.0874 -7.3584 37.6
      vertex 6.59734 -7.97481 34.6
    endloop
  endfacet
  facet normal -0.639007 0.724804 0.257543
    outer loop
      vertex -6.0874 7.3584 37.6
      vertex -7.08506 7.54482 34.6
      vertex -6.53742 6.96165 37.6
    endloop
  endfacet
  facet normal 0.943 -0.210778 0.257533
    outer loop
      vertex 9.38084 -1.78949 37.6
      vertex 9.24997 -2.37499 37.6
      vertex 10.0248 -2.57394 34.6
    endloop
  endfacet
  facet normal -0.954368 -0.151169 0.257546
    outer loop
      vertex -9.4747 -1.19693 37.6
      vertex -10.2684 -1.2972 34.6
      vertex -9.38084 -1.78949 37.6
    endloop
  endfacet
  facet normal 0.965787 0.0303596 0.257553
    outer loop
      vertex 10.3296 0.649881 34.6
      vertex 9.53115 0.599649 37.6
      vertex 9.55 0 37.6
    endloop
  endfacet
  facet normal -0.965787 0.0303596 0.257553
    outer loop
      vertex -9.53115 0.599649 37.6
      vertex -10.3296 0.649881 34.6
      vertex -9.55 0 37.6
    endloop
  endfacet
  facet normal 0.886798 0.383742 0.257546
    outer loop
      vertex 9.62319 3.81009 34.6
      vertex 8.6411 4.06619 37.6
      vertex 8.87936 3.51559 37.6
    endloop
  endfacet
  facet normal -0.943 0.210778 0.257533
    outer loop
      vertex -9.24997 2.37499 37.6
      vertex -10.0248 2.57394 34.6
      vertex -9.38084 1.78949 37.6
    endloop
  endfacet
  facet normal -0.639009 -0.724802 0.257544
    outer loop
      vertex -6.0874 -7.3584 37.6
      vertex -7.08506 -7.54482 34.6
      vertex -6.59734 -7.97481 34.6
    endloop
  endfacet
  facet normal -0.383753 -0.886795 0.257544
    outer loop
      vertex -4.06619 -8.6411 37.6
      vertex -4.40682 -9.36496 34.6
      vertex -3.81009 -9.62319 34.6
    endloop
  endfacet
  facet normal -0.961977 0.0909181 0.257553
    outer loop
      vertex -9.4747 1.19693 37.6
      vertex -10.3296 0.649881 34.6
      vertex -9.53115 0.599649 37.6
    endloop
  endfacet
  facet normal 0.961977 -0.0909181 0.257553
    outer loop
      vertex 9.53115 -0.599649 37.6
      vertex 9.4747 -1.19693 37.6
      vertex 10.3296 -0.649881 34.6
    endloop
  endfacet
  facet normal 0.965787 -0.0303596 0.257553
    outer loop
      vertex 9.55 0 37.6
      vertex 9.53115 -0.599649 37.6
      vertex 10.3296 -0.649881 34.6
    endloop
  endfacet
  facet normal 0.59223 -0.763501 0.257546
    outer loop
      vertex 6.0874 -7.3584 37.6
      vertex 5.61335 -7.72611 37.6
      vertex 6.08358 -8.37333 34.6
    endloop
  endfacet
  facet normal 0.383753 0.886795 0.257544
    outer loop
      vertex 4.40682 9.36496 34.6
      vertex 3.81009 9.62319 34.6
      vertex 4.06619 8.6411 37.6
    endloop
  endfacet
  facet normal -0.438684 0.860946 0.257542
    outer loop
      vertex -4.40682 9.36496 34.6
      vertex -4.98615 9.06977 34.6
      vertex -4.60075 8.36873 37.6
    endloop
  endfacet
  facet normal -0.491868 0.831708 0.257543
    outer loop
      vertex -4.98615 9.06977 34.6
      vertex -5.54581 8.73879 34.6
      vertex -5.11715 8.06333 37.6
    endloop
  endfacet
  facet normal 0.491872 -0.831705 0.257542
    outer loop
      vertex 5.11715 -8.06333 37.6
      vertex 4.60075 -8.36873 37.6
      vertex 4.98615 -9.06977 34.6
    endloop
  endfacet
  facet normal 0.491868 -0.831708 0.257543
    outer loop
      vertex 5.11715 -8.06333 37.6
      vertex 4.98615 -9.06977 34.6
      vertex 5.54581 -8.73879 34.6
    endloop
  endfacet
  facet normal -0.954371 -0.151136 0.257553
    outer loop
      vertex -9.38084 -1.78949 37.6
      vertex -10.2684 -1.2972 34.6
      vertex -10.1667 -1.9394 34.6
    endloop
  endfacet
  facet normal -0.327302 -0.909145 0.257543
    outer loop
      vertex -2.95111 -9.08259 37.6
      vertex -3.81009 -9.62319 34.6
      vertex -3.19833 -9.84343 34.6
    endloop
  endfacet
  facet normal -0.639007 -0.724804 0.257543
    outer loop
      vertex -6.53742 -6.96165 37.6
      vertex -7.08506 -7.54482 34.6
      vertex -6.0874 -7.3584 37.6
    endloop
  endfacet
  facet normal -0.860951 -0.438673 0.257544
    outer loop
      vertex -8.6411 -4.06619 37.6
      vertex -9.36496 -4.40682 34.6
      vertex -8.36873 -4.60075 37.6
    endloop
  endfacet
  facet normal -0.269583 0.927902 0.257533
    outer loop
      vertex -2.57394 10.0248 34.6
      vertex -2.95111 9.08259 37.6
      vertex -2.37499 9.24997 37.6
    endloop
  endfacet
  facet normal -0.327318 0.909139 0.257547
    outer loop
      vertex -2.95111 9.08259 37.6
      vertex -3.81009 9.62319 34.6
      vertex -3.51559 8.87936 37.6
    endloop
  endfacet
  facet normal -0.860946 0.438684 0.257542
    outer loop
      vertex -9.06977 4.98615 34.6
      vertex -9.36496 4.40682 34.6
      vertex -8.36873 4.60075 37.6
    endloop
  endfacet
  facet normal 0.683254 0.683254 0.257543
    outer loop
      vertex 6.53742 6.96165 37.6
      vertex 7.54482 7.08506 34.6
      vertex 7.08506 7.54482 34.6
    endloop
  endfacet
  facet normal 0.683254 0.683254 0.257543
    outer loop
      vertex 7.54482 7.08506 34.6
      vertex 6.53742 6.96165 37.6
      vertex 6.96165 6.53742 37.6
    endloop
  endfacet
  facet normal -0.491872 0.831705 0.257542
    outer loop
      vertex -4.98615 9.06977 34.6
      vertex -5.11715 8.06333 37.6
      vertex -4.60075 8.36873 37.6
    endloop
  endfacet
  facet normal -0.210778 0.943 0.257533
    outer loop
      vertex -1.78949 9.38084 37.6
      vertex -2.57394 10.0248 34.6
      vertex -2.37499 9.24997 37.6
    endloop
  endfacet
  facet normal -0.763501 -0.59223 0.257546
    outer loop
      vertex -7.72611 -5.61335 37.6
      vertex -8.37333 -6.08358 34.6
      vertex -7.3584 -6.0874 37.6
    endloop
  endfacet
  facet normal -0.909145 0.327302 0.257543
    outer loop
      vertex -9.62319 3.81009 34.6
      vertex -9.84343 3.19833 34.6
      vertex -9.08259 2.95111 37.6
    endloop
  endfacet
  facet normal -0.927913 0.269536 0.257543
    outer loop
      vertex -9.84343 3.19833 34.6
      vertex -10.0248 2.57394 34.6
      vertex -9.08259 2.95111 37.6
    endloop
  endfacet
  facet normal -0.961976 -0.0909489 0.257547
    outer loop
      vertex -9.4747 -1.19693 37.6
      vertex -10.3296 -0.649881 34.6
      vertex -10.2684 -1.2972 34.6
    endloop
  endfacet
  facet normal -0.327318 -0.909139 0.257547
    outer loop
      vertex -3.51559 -8.87936 37.6
      vertex -3.81009 -9.62319 34.6
      vertex -2.95111 -9.08259 37.6
    endloop
  endfacet
  facet normal 0.438684 -0.860946 0.257542
    outer loop
      vertex 4.60075 -8.36873 37.6
      vertex 4.40682 -9.36496 34.6
      vertex 4.98615 -9.06977 34.6
    endloop
  endfacet
  facet normal -0.909145 -0.327302 0.257543
    outer loop
      vertex -9.08259 -2.95111 37.6
      vertex -9.84343 -3.19833 34.6
      vertex -9.62319 -3.81009 34.6
    endloop
  endfacet
  facet normal -0.943 -0.210778 0.257533
    outer loop
      vertex -9.38084 -1.78949 37.6
      vertex -10.0248 -2.57394 34.6
      vertex -9.24997 -2.37499 37.6
    endloop
  endfacet
  facet normal 0.886795 0.383753 0.257544
    outer loop
      vertex 9.36496 4.40682 34.6
      vertex 8.6411 4.06619 37.6
      vertex 9.62319 3.81009 34.6
    endloop
  endfacet
  facet normal -0.210778 -0.943 0.257533
    outer loop
      vertex -2.37499 -9.24997 37.6
      vertex -2.57394 -10.0248 34.6
      vertex -1.78949 -9.38084 37.6
    endloop
  endfacet
  facet normal -0.491868 -0.831708 0.257543
    outer loop
      vertex -5.11715 -8.06333 37.6
      vertex -5.54581 -8.73879 34.6
      vertex -4.98615 -9.06977 34.6
    endloop
  endfacet
  facet normal 0.438673 -0.860951 0.257544
    outer loop
      vertex 4.60075 -8.36873 37.6
      vertex 4.06619 -8.6411 37.6
      vertex 4.40682 -9.36496 34.6
    endloop
  endfacet
  facet normal 0.327302 -0.909145 0.257543
    outer loop
      vertex 3.81009 -9.62319 34.6
      vertex 2.95111 -9.08259 37.6
      vertex 3.19833 -9.84343 34.6
    endloop
  endfacet
  facet normal 0.269536 -0.927913 0.257543
    outer loop
      vertex 2.95111 -9.08259 37.6
      vertex 2.57394 -10.0248 34.6
      vertex 3.19833 -9.84343 34.6
    endloop
  endfacet
  facet normal 0.151136 -0.954371 0.257553
    outer loop
      vertex 1.78949 -9.38084 37.6
      vertex 1.2972 -10.2684 34.6
      vertex 1.9394 -10.1667 34.6
    endloop
  endfacet
  facet normal -0.831708 -0.491868 0.257543
    outer loop
      vertex -8.06333 -5.11715 37.6
      vertex -9.06977 -4.98615 34.6
      vertex -8.73879 -5.54581 34.6
    endloop
  endfacet
  facet normal 0.383753 -0.886795 0.257544
    outer loop
      vertex 4.06619 -8.6411 37.6
      vertex 3.81009 -9.62319 34.6
      vertex 4.40682 -9.36496 34.6
    endloop
  endfacet
  facet normal -0.543125 -0.799178 0.257546
    outer loop
      vertex -5.61335 -7.72611 37.6
      vertex -6.08358 -8.37333 34.6
      vertex -5.11715 -8.06333 37.6
    endloop
  endfacet
  facet normal -0.683254 -0.683254 0.257543
    outer loop
      vertex -7.54482 -7.08506 34.6
      vertex -6.53742 -6.96165 37.6
      vertex -6.96165 -6.53742 37.6
    endloop
  endfacet
  facet normal -0.683254 -0.683254 0.257543
    outer loop
      vertex -6.53742 -6.96165 37.6
      vertex -7.54482 -7.08506 34.6
      vertex -7.08506 -7.54482 34.6
    endloop
  endfacet
  facet normal -0.383742 -0.886798 0.257546
    outer loop
      vertex -3.51559 -8.87936 37.6
      vertex -4.06619 -8.6411 37.6
      vertex -3.81009 -9.62319 34.6
    endloop
  endfacet
endsolid OpenSCAD_Model
