solid OpenSCAD_Model
  facet normal 0 0 1
    outer loop
      vertex 44.5918 -69.8336 0.6
      vertex 43.9175 -69.2671 0.6
      vertex 44.5918 -70.1168 0.6
    endloop
  endfacet
  facet normal 0 0 1
    outer loop
      vertex 3.45607 -70.8248 0.6
      vertex 3.28748 -71.3913 0.6
      vertex 4.63618 -71.3913 0.6
    endloop
  endfacet
  facet normal 0 0 1
    outer loop
      vertex -0.0842896 -77.1975 0.6
      vertex 2.27594 -74.9317 0.6
      vertex 1.2644 -74.6485 0.6
    endloop
  endfacet
  facet normal 0 0 1
    outer loop
      vertex -5.64774 -66.0099 0.6
      vertex -5.98491 -65.4435 0.6
      vertex -5.64774 -66.1516 0.6
    endloop
  endfacet
  facet normal 0 0 1
    outer loop
      vertex 30.2414 -36.3498 0.6
      vertex 29.1852 -35.581 0.6
      vertex 26.2984 -35.3444 0.6
    endloop
  endfacet
  facet normal 0 0 1
    outer loop
      vertex 45.2662 -71.9578 0.6
      vertex 44.929 -71.1081 0.6
      vertex 42.4002 -70.8248 0.6
    endloop
  endfacet
  facet normal 0 0 1
    outer loop
      vertex -1.26442 -69.2671 0.6
      vertex -0.758652 -70.4 0.6
      vertex -0.590057 -69.4087 0.6
    endloop
  endfacet
  facet normal 0 0 1
    outer loop
      vertex -1.93877 -79.8882 0.6
      vertex -2.44453 -80.8795 0.6
      vertex -0.252884 -81.1627 0.6
    endloop
  endfacet
  facet normal 0 0 1
    outer loop
      vertex -0.0842896 -80.1714 0.6
      vertex -1.93877 -79.8882 0.6
      vertex -0.252884 -81.1627 0.6
    endloop
  endfacet
  facet normal 0 0 1
    outer loop
      vertex -2.78172 -81.1627 0.6
      vertex -3.1189 -82.154 0.6
      vertex -2.27596 -81.7292 0.6
    endloop
  endfacet
  facet normal 0 0 1
    outer loop
      vertex 42.4002 -70.8248 0.6
      vertex 44.5918 -70.1168 0.6
      vertex 43.9175 -69.2671 0.6
    endloop
  endfacet
  facet normal -0 0 1
    outer loop
      vertex -2.78172 -81.1627 0.6
      vertex -2.27596 -81.7292 0.6
      vertex -2.44453 -80.8795 0.6
    endloop
  endfacet
  facet normal 0 0 1
    outer loop
      vertex 44.7604 -69.6919 0.6
      vertex 44.5918 -69.2671 0.6
      vertex 44.5918 -69.8336 0.6
    endloop
  endfacet
  facet normal 0 0 1
    outer loop
      vertex 0.590057 -80.7379 0.6
      vertex -0.0842896 -80.1714 0.6
      vertex -0.252884 -81.1627 0.6
    endloop
  endfacet
  facet normal 0 0 1
    outer loop
      vertex 42.2316 -81.8708 0.6
      vertex 45.2662 -79.1801 0.6
      vertex 44.7604 -77.9056 0.6
    endloop
  endfacet
  facet normal 0 0 1
    outer loop
      vertex -2.44453 -80.8795 0.6
      vertex -2.27596 -81.7292 0.6
      vertex -0.252884 -81.1627 0.6
    endloop
  endfacet
  facet normal 0 -0 1
    outer loop
      vertex -0.0842896 -80.1714 0.6
      vertex -0.0842896 -79.0385 0.6
      vertex -0.927231 -78.6137 0.6
    endloop
  endfacet
  facet normal 0 -0 1
    outer loop
      vertex 44.929 -71.1081 0.6
      vertex 44.929 -70.6832 0.6
      vertex 44.5918 -70.1168 0.6
    endloop
  endfacet
  facet normal -0 0 1
    outer loop
      vertex -0.927231 -78.6137 0.6
      vertex -0.0842896 -79.0385 0.6
      vertex 0.252884 -78.1888 0.6
    endloop
  endfacet
  facet normal 0 0 1
    outer loop
      vertex 2.27594 -74.9317 0.6
      vertex -0.0842896 -77.1975 0.6
      vertex 0.252884 -78.1888 0.6
    endloop
  endfacet
  facet normal 0 0 1
    outer loop
      vertex -0.0842896 -80.1714 0.6
      vertex -0.927231 -78.6137 0.6
      vertex -1.93877 -79.8882 0.6
    endloop
  endfacet
  facet normal -0 0 1
    outer loop
      vertex 1.2644 -74.6485 0.6
      vertex 2.27594 -74.9317 0.6
      vertex 1.77017 -74.3652 0.6
    endloop
  endfacet
  facet normal 0 0 1
    outer loop
      vertex -0.0842896 -77.1975 0.6
      vertex -0.927231 -78.6137 0.6
      vertex 0.252884 -78.1888 0.6
    endloop
  endfacet
  facet normal 0 0 1
    outer loop
      vertex -0.758652 -70.4 0.6
      vertex -3.28749 -70.5416 0.6
      vertex -0.590057 -70.9665 0.6
    endloop
  endfacet
  facet normal 0 0 1
    outer loop
      vertex -5.47914 -74.9317 0.6
      vertex -7.16504 -74.3652 0.6
      vertex -5.81633 -75.3565 0.6
    endloop
  endfacet
  facet normal 0 0 1
    outer loop
      vertex -6.3221 -66.8596 0.6
      vertex -7.67081 -67.1429 0.6
      vertex -6.99644 -67.4261 0.6
    endloop
  endfacet
  facet normal 0 -0 1
    outer loop
      vertex -3.28749 -70.5416 0.6
      vertex -1.26442 -69.2671 0.6
      vertex -3.62466 -69.9752 0.6
    endloop
  endfacet
  facet normal 0 -0 1
    outer loop
      vertex -3.62466 -69.9752 0.6
      vertex -1.26442 -69.2671 0.6
      vertex -4.13043 -69.5503 0.6
    endloop
  endfacet
  facet normal 0 0 1
    outer loop
      vertex -5.98491 -65.4435 0.6
      vertex -8.51375 -65.0186 0.6
      vertex -8.00798 -66.8596 0.6
    endloop
  endfacet
  facet normal -0 0 1
    outer loop
      vertex 3.28748 -70.9665 0.6
      vertex 3.28748 -71.3913 0.6
      vertex 3.45607 -70.8248 0.6
    endloop
  endfacet
  facet normal 0 0 1
    outer loop
      vertex -10.1996 -77.3391 0.6
      vertex -11.2112 -75.7814 0.6
      vertex -11.2112 -77.3391 0.6
    endloop
  endfacet
  facet normal -0 0 1
    outer loop
      vertex 3.28748 -71.3913 0.6
      vertex 2.9503 -72.241 0.6
      vertex 4.63618 -71.3913 0.6
    endloop
  endfacet
  facet normal 0 0 1
    outer loop
      vertex 1.77017 -74.3652 0.6
      vertex 3.28748 -73.6572 0.6
      vertex 2.9503 -72.241 0.6
    endloop
  endfacet
  facet normal 0 0 1
    outer loop
      vertex -3.28749 -70.5416 0.6
      vertex -0.758652 -70.4 0.6
      vertex -1.26442 -69.2671 0.6
    endloop
  endfacet
  facet normal -0 0 1
    outer loop
      vertex 3.45607 -70.8248 0.6
      vertex 4.63618 -71.3913 0.6
      vertex 3.45607 -70.5416 0.6
    endloop
  endfacet
  facet normal 0 0 1
    outer loop
      vertex 0.927231 -74.3652 0.6
      vertex -0.590057 -70.9665 0.6
      vertex -3.28749 -70.5416 0.6
    endloop
  endfacet
  facet normal 0 -0 1
    outer loop
      vertex -0.0842896 -77.1975 0.6
      vertex 0.927231 -74.3652 0.6
      vertex -3.28749 -70.5416 0.6
    endloop
  endfacet
  facet normal 0 0 1
    outer loop
      vertex -0.0842896 -77.1975 0.6
      vertex 1.2644 -74.6485 0.6
      vertex 0.927231 -74.3652 0.6
    endloop
  endfacet
  facet normal 0 -0 1
    outer loop
      vertex 2.27594 -74.9317 0.6
      vertex 3.28748 -73.6572 0.6
      vertex 1.77017 -74.3652 0.6
    endloop
  endfacet
  facet normal -0 0 1
    outer loop
      vertex 2.9503 -72.241 0.6
      vertex 3.28748 -73.6572 0.6
      vertex 4.63618 -71.3913 0.6
    endloop
  endfacet
  facet normal 0 0 1
    outer loop
      vertex 3.28748 -70.1168 0.6
      vertex 3.45607 -70.5416 0.6
      vertex 5.14195 -70.4 0.6
    endloop
  endfacet
  facet normal 0 0 1
    outer loop
      vertex 3.45607 -69.2671 0.6
      vertex 3.28748 -70.1168 0.6
      vertex 5.14195 -70.4 0.6
    endloop
  endfacet
  facet normal -0 0 1
    outer loop
      vertex 3.45607 -70.5416 0.6
      vertex 4.63618 -71.3913 0.6
      vertex 5.14195 -70.4 0.6
    endloop
  endfacet
  facet normal 0 0 1
    outer loop
      vertex 5.31055 -69.6919 0.6
      vertex 3.45607 -69.2671 0.6
      vertex 5.14195 -70.4 0.6
    endloop
  endfacet
  facet normal 0 -0 1
    outer loop
      vertex 3.28748 -70.1168 0.6
      vertex 3.45607 -69.2671 0.6
      vertex 2.78171 -69.5503 0.6
    endloop
  endfacet
  facet normal 0 0 1
    outer loop
      vertex 5.31055 -69.2671 0.6
      vertex 3.45607 -69.2671 0.6
      vertex 5.31055 -69.6919 0.6
    endloop
  endfacet
  facet normal 0 0 1
    outer loop
      vertex 58.9219 -65.1603 0.6
      vertex 56.2245 -65.7267 0.6
      vertex 56.3931 -66.5764 0.6
    endloop
  endfacet
  facet normal 0 0 1
    outer loop
      vertex 28.0587 -51.9641 0.6
      vertex 27.5658 -50.8995 0.6
      vertex 26.6505 -52.2599 0.6
    endloop
  endfacet
  facet normal 0 0 1
    outer loop
      vertex 42.2316 -81.8708 0.6
      vertex 45.2662 -80.1714 0.6
      vertex 45.2662 -79.1801 0.6
    endloop
  endfacet
  facet normal 0 0 1
    outer loop
      vertex 46.7835 -74.6485 0.6
      vertex 44.929 -76.3478 0.6
      vertex 45.0976 -77.0559 0.6
    endloop
  endfacet
  facet normal 0 0 1
    outer loop
      vertex 40.2085 -79.4634 0.6
      vertex 39.0284 -79.3217 0.6
      vertex 38.8598 -79.7466 0.6
    endloop
  endfacet
  facet normal 0 0 1
    outer loop
      vertex 45.9405 -73.0907 0.6
      vertex 45.2662 -71.9578 0.6
      vertex 45.9405 -73.5155 0.6
    endloop
  endfacet
  facet normal 0 0 1
    outer loop
      vertex 45.2662 -80.1714 0.6
      vertex 42.2316 -81.8708 0.6
      vertex 42.7374 -82.0124 0.6
    endloop
  endfacet
  facet normal 0 -0 1
    outer loop
      vertex 45.2662 -77.3391 0.6
      vertex 46.7835 -74.6485 0.6
      vertex 45.0976 -77.0559 0.6
    endloop
  endfacet
  facet normal 0 -0 1
    outer loop
      vertex 44.7604 -81.3044 0.6
      vertex 45.2662 -80.1714 0.6
      vertex 42.7374 -82.0124 0.6
    endloop
  endfacet
  facet normal 0 0 1
    outer loop
      vertex 42.4002 -70.8248 0.6
      vertex 44.929 -76.3478 0.6
      vertex 45.9405 -73.5155 0.6
    endloop
  endfacet
  facet normal 0 -0 1
    outer loop
      vertex 45.6034 -78.3304 0.6
      vertex 46.7835 -74.6485 0.6
      vertex 45.2662 -77.3391 0.6
    endloop
  endfacet
  facet normal 0 0 1
    outer loop
      vertex 44.929 -71.1081 0.6
      vertex 44.5918 -70.1168 0.6
      vertex 42.4002 -70.8248 0.6
    endloop
  endfacet
  facet normal -0 0 1
    outer loop
      vertex 36.8367 -73.7988 0.6
      vertex 37.3425 -74.3652 0.6
      vertex 37.1739 -73.5155 0.6
    endloop
  endfacet
  facet normal 0 0 1
    outer loop
      vertex 45.6034 -78.3304 0.6
      vertex 47.1207 -74.3652 0.6
      vertex 46.7835 -74.6485 0.6
    endloop
  endfacet
  facet normal -0 0 1
    outer loop
      vertex 48.4694 -70.1168 0.6
      vertex 49.8181 -71.5329 0.6
      vertex 50.4924 -69.9752 0.6
    endloop
  endfacet
  facet normal -0 0 1
    outer loop
      vertex 48.8065 -69.2671 0.6
      vertex 50.4924 -69.9752 0.6
      vertex 50.661 -69.2671 0.6
    endloop
  endfacet
  facet normal 0 0 1
    outer loop
      vertex 48.8065 -69.2671 0.6
      vertex 47.9636 -69.5503 0.6
      vertex 48.4694 -70.1168 0.6
    endloop
  endfacet
  facet normal -0 -0 1
    outer loop
      vertex 59.2591 -66.4348 0.6
      vertex 61.9565 -66.5764 0.6
      vertex 58.9219 -65.1603 0.6
    endloop
  endfacet
  facet normal 0 0 1
    outer loop
      vertex 48.8065 -69.2671 0.6
      vertex 48.4694 -70.1168 0.6
      vertex 50.4924 -69.9752 0.6
    endloop
  endfacet
  facet normal 0 0 1
    outer loop
      vertex 63.9796 -66.1516 0.6
      vertex 62.968 -65.1603 0.6
      vertex 63.6424 -66.5764 0.6
    endloop
  endfacet
  facet normal 0 0 1
    outer loop
      vertex 48.4694 -70.1168 0.6
      vertex 48.4694 -71.5329 0.6
      vertex 49.8181 -71.5329 0.6
    endloop
  endfacet
  facet normal 0 0 1
    outer loop
      vertex 64.4854 -65.7267 0.6
      vertex 62.968 -65.1603 0.6
      vertex 63.9796 -66.1516 0.6
    endloop
  endfacet
  facet normal 0 0 1
    outer loop
      vertex 49.8181 -71.5329 0.6
      vertex 48.4694 -71.5329 0.6
      vertex 47.1207 -74.3652 0.6
    endloop
  endfacet
  facet normal 0 0 1
    outer loop
      vertex 44.7604 -81.3044 0.6
      vertex 45.9405 -80.7379 0.6
      vertex 45.2662 -80.1714 0.6
    endloop
  endfacet
  facet normal 0 0 1
    outer loop
      vertex 45.6034 -78.3304 0.6
      vertex 49.8181 -71.5329 0.6
      vertex 47.1207 -74.3652 0.6
    endloop
  endfacet
  facet normal 0 0 1
    outer loop
      vertex 33.6335 -69.8336 0.6
      vertex 32.9592 -70.4 0.6
      vertex 34.1393 -70.6832 0.6
    endloop
  endfacet
  facet normal -0 0 1
    outer loop
      vertex 56.5617 -76.2062 0.6
      vertex 59.2591 -76.6311 0.6
      vertex 59.0905 -75.6398 0.6
    endloop
  endfacet
  facet normal 0 0 1
    outer loop
      vertex 32.7906 -75.6398 0.6
      vertex 34.4765 -75.6398 0.6
      vertex 33.8021 -74.9317 0.6
    endloop
  endfacet
  facet normal 0 -0 1
    outer loop
      vertex 59.2591 -76.6311 0.6
      vertex 59.2591 -76.0646 0.6
      vertex 59.0905 -75.6398 0.6
    endloop
  endfacet
  facet normal 0 -0 1
    outer loop
      vertex 34.1393 -78.0472 0.6
      vertex 34.8137 -77.6224 0.6
      vertex 33.8021 -77.6224 0.6
    endloop
  endfacet
  facet normal 0 0 1
    outer loop
      vertex 33.9707 -79.3217 0.6
      vertex 32.622 -78.4721 0.6
      vertex 32.1162 -79.1801 0.6
    endloop
  endfacet
  facet normal -0 0 1
    outer loop
      vertex 36.331 -70.2584 0.6
      vertex 39.0284 -70.4 0.6
      vertex 39.3656 -70.1168 0.6
    endloop
  endfacet
  facet normal 0 0 1
    outer loop
      vertex 44.929 -76.3478 0.6
      vertex 46.2777 -74.2236 0.6
      vertex 45.9405 -73.5155 0.6
    endloop
  endfacet
  facet normal 0 0 1
    outer loop
      vertex 44.7604 -77.9056 0.6
      vertex 45.2662 -79.1801 0.6
      vertex 45.6034 -78.3304 0.6
    endloop
  endfacet
  facet normal 0 0 1
    outer loop
      vertex 45.6034 -78.3304 0.6
      vertex 45.0976 -77.6224 0.6
      vertex 44.7604 -77.9056 0.6
    endloop
  endfacet
  facet normal 0 0 1
    outer loop
      vertex 46.2777 -74.2236 0.6
      vertex 44.929 -76.3478 0.6
      vertex 46.7835 -74.6485 0.6
    endloop
  endfacet
  facet normal 0 0 1
    outer loop
      vertex 45.6034 -78.3304 0.6
      vertex 45.2662 -77.3391 0.6
      vertex 45.0976 -77.6224 0.6
    endloop
  endfacet
  facet normal 0 0 1
    outer loop
      vertex 45.2662 -71.9578 0.6
      vertex 42.4002 -70.8248 0.6
      vertex 45.9405 -73.5155 0.6
    endloop
  endfacet
  facet normal 0 0 1
    outer loop
      vertex 39.5341 -71.9578 0.6
      vertex 37.5111 -71.8162 0.6
      vertex 39.3656 -72.5242 0.6
    endloop
  endfacet
  facet normal 0 0 1
    outer loop
      vertex 40.3771 -69.5503 0.6
      vertex 40.0399 -68.9839 0.6
      vertex 39.7027 -70.1168 0.6
    endloop
  endfacet
  facet normal 0 0 1
    outer loop
      vertex 40.0399 -68.9839 0.6
      vertex 39.3656 -70.1168 0.6
      vertex 39.7027 -70.1168 0.6
    endloop
  endfacet
  facet normal 0 0 1
    outer loop
      vertex 43.9175 -69.2671 0.6
      vertex 41.5572 -69.5503 0.6
      vertex 42.4002 -70.8248 0.6
    endloop
  endfacet
  facet normal 0 0 1
    outer loop
      vertex 44.5918 -69.2671 0.6
      vertex 43.9175 -69.2671 0.6
      vertex 44.5918 -69.8336 0.6
    endloop
  endfacet
  facet normal 0 0 1
    outer loop
      vertex 14.9623 -34.3981 0.6
      vertex 13.9765 -34.3981 0.6
      vertex 18.342 -35.4627 0.6
    endloop
  endfacet
  facet normal 0 0 1
    outer loop
      vertex 40.0399 -68.9839 0.6
      vertex 40.3771 -69.4087 0.6
      vertex 40.7143 -69.1255 0.6
    endloop
  endfacet
  facet normal 0 0 1
    outer loop
      vertex 40.0399 -68.9839 0.6
      vertex 40.3771 -69.5503 0.6
      vertex 40.3771 -69.4087 0.6
    endloop
  endfacet
  facet normal 0 0 1
    outer loop
      vertex 32.1162 -73.2323 0.6
      vertex 33.9707 -71.9578 0.6
      vertex 32.1162 -71.6745 0.6
    endloop
  endfacet
  facet normal 0 -0 1
    outer loop
      vertex 34.8137 -74.9317 0.6
      vertex 35.1508 -73.6572 0.6
      vertex 34.6451 -73.2323 0.6
    endloop
  endfacet
  facet normal -0 0 1
    outer loop
      vertex 37.5111 -71.8162 0.6
      vertex 39.5341 -71.9578 0.6
      vertex 39.5341 -71.2497 0.6
    endloop
  endfacet
  facet normal 0 -0 1
    outer loop
      vertex 39.0284 -73.0907 0.6
      vertex 39.3656 -72.5242 0.6
      vertex 37.5111 -72.8074 0.6
    endloop
  endfacet
  facet normal 0 -0 1
    outer loop
      vertex 37.8483 -74.082 0.6
      vertex 39.0284 -73.0907 0.6
      vertex 37.5111 -72.8074 0.6
    endloop
  endfacet
  facet normal 0 0 1
    outer loop
      vertex 35.3194 -69.1255 0.6
      vertex 35.9938 -70.1168 0.6
      vertex 36.331 -70.2584 0.6
    endloop
  endfacet
  facet normal 0 -0 1
    outer loop
      vertex 33.8021 -74.9317 0.6
      vertex 34.6451 -73.2323 0.6
      vertex 33.2964 -74.5068 0.6
    endloop
  endfacet
  facet normal 0 -0 1
    outer loop
      vertex 34.4765 -75.6398 0.6
      vertex 34.4765 -75.2149 0.6
      vertex 33.8021 -74.9317 0.6
    endloop
  endfacet
  facet normal 0 0 1
    outer loop
      vertex 18.4605 -72.3826 0.6
      vertex 16.606 -72.3826 0.6
      vertex 18.6291 -72.9491 0.6
    endloop
  endfacet
  facet normal 0 0 1
    outer loop
      vertex 33.8021 -77.6224 0.6
      vertex 32.622 -78.4721 0.6
      vertex 33.9707 -78.3304 0.6
    endloop
  endfacet
  facet normal 0 0 1
    outer loop
      vertex 32.1162 -80.4547 0.6
      vertex 33.9707 -79.3217 0.6
      vertex 32.1162 -79.1801 0.6
    endloop
  endfacet
  facet normal 0 -0 1
    outer loop
      vertex 33.9707 -79.3217 0.6
      vertex 33.9707 -78.3304 0.6
      vertex 32.622 -78.4721 0.6
    endloop
  endfacet
  facet normal 0 0 1
    outer loop
      vertex 38.1854 -76.3478 0.6
      vertex 38.1854 -78.1888 0.6
      vertex 39.3656 -76.6311 0.6
    endloop
  endfacet
  facet normal 0 -0 1
    outer loop
      vertex 36.4995 -81.7292 0.6
      vertex 37.0053 -81.5876 0.6
      vertex 35.9938 -80.5963 0.6
    endloop
  endfacet
  facet normal -0 0 1
    outer loop
      vertex 37.5111 -80.5963 0.6
      vertex 38.6912 -80.7379 0.6
      vertex 38.1854 -80.313 0.6
    endloop
  endfacet
  facet normal 0 0 1
    outer loop
      vertex 40.7143 -78.6137 0.6
      vertex 39.0284 -79.0385 0.6
      vertex 40.5457 -79.0385 0.6
    endloop
  endfacet
  facet normal 0 0 1
    outer loop
      vertex 40.7143 -78.6137 0.6
      vertex 38.8598 -78.7553 0.6
      vertex 39.0284 -79.0385 0.6
    endloop
  endfacet
  facet normal 0 0 1
    outer loop
      vertex 39.0284 -79.0385 0.6
      vertex 39.0284 -79.3217 0.6
      vertex 40.2085 -79.4634 0.6
    endloop
  endfacet
  facet normal -0 0 1
    outer loop
      vertex 39.0284 -79.0385 0.6
      vertex 40.2085 -79.4634 0.6
      vertex 40.5457 -79.0385 0.6
    endloop
  endfacet
  facet normal 0 0 1
    outer loop
      vertex 38.6912 -80.7379 0.6
      vertex 40.2085 -79.4634 0.6
      vertex 38.8598 -79.7466 0.6
    endloop
  endfacet
  facet normal 0 0 1
    outer loop
      vertex 37.0053 -81.5876 0.6
      vertex 38.6912 -80.7379 0.6
      vertex 37.5111 -80.5963 0.6
    endloop
  endfacet
  facet normal 0 0 1
    outer loop
      vertex 34.1393 -79.605 0.6
      vertex 32.9592 -81.3044 0.6
      vertex 34.8137 -80.1714 0.6
    endloop
  endfacet
  facet normal 0 0 1
    outer loop
      vertex 23.5182 -70.8248 0.6
      vertex 21.1579 -70.9665 0.6
      vertex 21.3265 -71.3913 0.6
    endloop
  endfacet
  facet normal 0 -0 1
    outer loop
      vertex 17.1118 -75.6398 0.6
      vertex 19.1349 -74.082 0.6
      vertex 16.606 -74.5068 0.6
    endloop
  endfacet
  facet normal 0 0 1
    outer loop
      vertex 36.6681 -76.3478 0.6
      vertex 35.488 -76.2062 0.6
      vertex 36.1624 -77.9056 0.6
    endloop
  endfacet
  facet normal 0 0 1
    outer loop
      vertex 21.1579 -75.7814 0.6
      vertex 20.9893 -77.1975 0.6
      vertex 22.0009 -76.7727 0.6
    endloop
  endfacet
  facet normal 0 0 1
    outer loop
      vertex 18.7977 -70.5416 0.6
      vertex 18.6291 -69.6919 0.6
      vertex 17.6176 -70.5416 0.6
    endloop
  endfacet
  facet normal 0 0 1
    outer loop
      vertex 35.488 -76.2062 0.6
      vertex 34.9822 -76.0646 0.6
      vertex 34.8137 -77.6224 0.6
    endloop
  endfacet
  facet normal 0 0 1
    outer loop
      vertex 19.6406 -74.7901 0.6
      vertex 17.449 -76.0646 0.6
      vertex 18.4605 -76.9143 0.6
    endloop
  endfacet
  facet normal 0 0 1
    outer loop
      vertex 32.9592 -77.1975 0.6
      vertex 32.7906 -75.6398 0.6
      vertex 32.4534 -76.2062 0.6
    endloop
  endfacet
  facet normal -0 0 1
    outer loop
      vertex 21.3265 -71.3913 0.6
      vertex 21.3265 -71.6745 0.6
      vertex 23.5182 -70.8248 0.6
    endloop
  endfacet
  facet normal 0 0 1
    outer loop
      vertex 23.5182 -70.4 0.6
      vertex 23.181 -69.8336 0.6
      vertex 23.5182 -70.8248 0.6
    endloop
  endfacet
  facet normal 0 -0 1
    outer loop
      vertex 33.8021 -77.6224 0.6
      vertex 34.9822 -76.0646 0.6
      vertex 33.465 -77.3391 0.6
    endloop
  endfacet
  facet normal 0 0 1
    outer loop
      vertex 33.8021 -77.6224 0.6
      vertex 33.9707 -78.3304 0.6
      vertex 34.1393 -78.0472 0.6
    endloop
  endfacet
  facet normal 0 0 1
    outer loop
      vertex 34.9822 -76.0646 0.6
      vertex 34.4765 -75.6398 0.6
      vertex 33.465 -77.3391 0.6
    endloop
  endfacet
  facet normal 0 0 1
    outer loop
      vertex 32.9592 -77.1975 0.6
      vertex 32.4534 -76.2062 0.6
      vertex 32.4534 -76.7727 0.6
    endloop
  endfacet
  facet normal 0 0 1
    outer loop
      vertex 23.5182 -70.8248 0.6
      vertex 21.3265 -71.6745 0.6
      vertex 21.3265 -72.5242 0.6
    endloop
  endfacet
  facet normal 0 0 1
    outer loop
      vertex 33.465 -77.3391 0.6
      vertex 32.7906 -75.6398 0.6
      vertex 32.9592 -77.1975 0.6
    endloop
  endfacet
  facet normal 0 0 1
    outer loop
      vertex 20.4836 -77.1975 0.6
      vertex 20.9893 -77.1975 0.6
      vertex 21.1579 -75.7814 0.6
    endloop
  endfacet
  facet normal 0 -0 1
    outer loop
      vertex 33.465 -77.3391 0.6
      vertex 34.4765 -75.6398 0.6
      vertex 32.7906 -75.6398 0.6
    endloop
  endfacet
  facet normal 0 -0 1
    outer loop
      vertex 34.4765 -75.2149 0.6
      vertex 34.8137 -74.9317 0.6
      vertex 33.8021 -74.9317 0.6
    endloop
  endfacet
  facet normal 0 0 1
    outer loop
      vertex 34.6451 -73.2323 0.6
      vertex 34.1393 -72.5242 0.6
      vertex 33.2964 -74.5068 0.6
    endloop
  endfacet
  facet normal 0 -0 1
    outer loop
      vertex 33.9707 -71.9578 0.6
      vertex 33.9707 -71.2497 0.6
      vertex 32.2848 -71.2497 0.6
    endloop
  endfacet
  facet normal 0 0 1
    outer loop
      vertex 33.2964 -74.5068 0.6
      vertex 32.4534 -73.9404 0.6
      vertex 33.1278 -74.5068 0.6
    endloop
  endfacet
  facet normal 0 -0 1
    outer loop
      vertex 33.9707 -71.2497 0.6
      vertex 34.1393 -70.6832 0.6
      vertex 32.9592 -70.4 0.6
    endloop
  endfacet
  facet normal 0 0 1
    outer loop
      vertex 34.1393 -72.5242 0.6
      vertex 33.9707 -71.9578 0.6
      vertex 32.1162 -73.2323 0.6
    endloop
  endfacet
  facet normal 0 0 1
    outer loop
      vertex 34.8137 -70.1168 0.6
      vertex 35.3194 -69.1255 0.6
      vertex 34.8137 -69.2671 0.6
    endloop
  endfacet
  facet normal 0 0 1
    outer loop
      vertex 34.8137 -74.9317 0.6
      vertex 34.6451 -73.2323 0.6
      vertex 33.8021 -74.9317 0.6
    endloop
  endfacet
  facet normal 0 -0 1
    outer loop
      vertex 31.7791 -70.2584 0.6
      vertex 31.7791 -69.8336 0.6
      vertex 31.6105 -69.5503 0.6
    endloop
  endfacet
  facet normal 0 0 1
    outer loop
      vertex 35.3194 -69.1255 0.6
      vertex 34.8137 -70.1168 0.6
      vertex 35.9938 -70.1168 0.6
    endloop
  endfacet
  facet normal 0 0 1
    outer loop
      vertex 31.7791 -70.2584 0.6
      vertex 31.6105 -69.5503 0.6
      vertex 31.4419 -70.6832 0.6
    endloop
  endfacet
  facet normal 0 0 1
    outer loop
      vertex 35.1508 -74.7901 0.6
      vertex 35.8252 -73.9404 0.6
      vertex 35.1508 -73.6572 0.6
    endloop
  endfacet
  facet normal 0 0 1
    outer loop
      vertex 37.5111 -71.8162 0.6
      vertex 37.5111 -72.8074 0.6
      vertex 39.3656 -72.5242 0.6
    endloop
  endfacet
  facet normal 0 0 1
    outer loop
      vertex 36.331 -70.2584 0.6
      vertex 39.3656 -70.1168 0.6
      vertex 40.0399 -68.9839 0.6
    endloop
  endfacet
  facet normal 0 -0 1
    outer loop
      vertex 34.8137 -77.6224 0.6
      vertex 34.9822 -76.0646 0.6
      vertex 33.8021 -77.6224 0.6
    endloop
  endfacet
  facet normal 0 -0 1
    outer loop
      vertex 32.2848 -80.7379 0.6
      vertex 34.1393 -79.605 0.6
      vertex 32.1162 -80.4547 0.6
    endloop
  endfacet
  facet normal 0 0 1
    outer loop
      vertex 32.1162 -80.4547 0.6
      vertex 34.1393 -79.605 0.6
      vertex 33.9707 -79.3217 0.6
    endloop
  endfacet
  facet normal -0 0 1
    outer loop
      vertex 32.2848 -80.7379 0.6
      vertex 32.9592 -81.3044 0.6
      vertex 34.1393 -79.605 0.6
    endloop
  endfacet
  facet normal 0 0 1
    outer loop
      vertex 34.8137 -80.1714 0.6
      vertex 34.1393 -81.7292 0.6
      vertex 35.1508 -81.8708 0.6
    endloop
  endfacet
  facet normal -0 0 1
    outer loop
      vertex 32.9592 -81.3044 0.6
      vertex 34.1393 -81.7292 0.6
      vertex 34.8137 -80.1714 0.6
    endloop
  endfacet
  facet normal 0 0 1
    outer loop
      vertex 35.9938 -80.5963 0.6
      vertex 35.1508 -81.8708 0.6
      vertex 36.4995 -81.7292 0.6
    endloop
  endfacet
  facet normal 0 0 1
    outer loop
      vertex 34.8137 -80.1714 0.6
      vertex 35.1508 -81.8708 0.6
      vertex 35.9938 -80.5963 0.6
    endloop
  endfacet
  facet normal -0 0 1
    outer loop
      vertex 35.9938 -80.5963 0.6
      vertex 37.0053 -81.5876 0.6
      vertex 37.5111 -80.5963 0.6
    endloop
  endfacet
  facet normal 0 -0 1
    outer loop
      vertex 38.6912 -80.7379 0.6
      vertex 38.8598 -79.7466 0.6
      vertex 38.1854 -80.313 0.6
    endloop
  endfacet
  facet normal 0 0 1
    outer loop
      vertex 40.0399 -76.9143 0.6
      vertex 38.8598 -78.7553 0.6
      vertex 40.5457 -77.3391 0.6
    endloop
  endfacet
  facet normal 0 0 1
    outer loop
      vertex 38.8598 -78.7553 0.6
      vertex 40.7143 -78.6137 0.6
      vertex 40.7143 -77.6224 0.6
    endloop
  endfacet
  facet normal 0 0 1
    outer loop
      vertex 40.5457 -77.3391 0.6
      vertex 38.8598 -78.7553 0.6
      vertex 40.7143 -77.6224 0.6
    endloop
  endfacet
  facet normal 0 0 1
    outer loop
      vertex 40.0399 -76.9143 0.6
      vertex 39.3656 -76.6311 0.6
      vertex 38.8598 -78.7553 0.6
    endloop
  endfacet
  facet normal -0 0 1
    outer loop
      vertex 38.1854 -78.1888 0.6
      vertex 38.8598 -78.7553 0.6
      vertex 39.3656 -76.6311 0.6
    endloop
  endfacet
  facet normal 0 -0 1
    outer loop
      vertex 38.1854 -78.1888 0.6
      vertex 38.1854 -76.3478 0.6
      vertex 37.1739 -77.9056 0.6
    endloop
  endfacet
  facet normal 0 0 1
    outer loop
      vertex 36.1624 -77.9056 0.6
      vertex 37.1739 -77.9056 0.6
      vertex 36.6681 -76.3478 0.6
    endloop
  endfacet
  facet normal 0 -0 1
    outer loop
      vertex 37.1739 -77.9056 0.6
      vertex 38.1854 -76.3478 0.6
      vertex 36.6681 -76.3478 0.6
    endloop
  endfacet
  facet normal 0 0 1
    outer loop
      vertex 36.1624 -77.9056 0.6
      vertex 35.488 -76.2062 0.6
      vertex 34.8137 -77.6224 0.6
    endloop
  endfacet
  facet normal 0 0 1
    outer loop
      vertex 36.4995 -73.9404 0.6
      vertex 36.1624 -74.7901 0.6
      vertex 37.3425 -74.3652 0.6
    endloop
  endfacet
  facet normal 0 -0 1
    outer loop
      vertex 36.331 -70.2584 0.6
      vertex 40.0399 -68.9839 0.6
      vertex 35.3194 -69.1255 0.6
    endloop
  endfacet
  facet normal 0 -0 1
    outer loop
      vertex 34.1393 -70.6832 0.6
      vertex 34.8137 -70.1168 0.6
      vertex 33.6335 -69.8336 0.6
    endloop
  endfacet
  facet normal 0 -0 1
    outer loop
      vertex 34.8137 -70.1168 0.6
      vertex 34.8137 -69.2671 0.6
      vertex 33.6335 -69.8336 0.6
    endloop
  endfacet
  facet normal 0 0 1
    outer loop
      vertex 33.9707 -71.2497 0.6
      vertex 32.9592 -70.4 0.6
      vertex 32.2848 -71.2497 0.6
    endloop
  endfacet
  facet normal 0 0 1
    outer loop
      vertex 33.9707 -71.9578 0.6
      vertex 32.2848 -71.2497 0.6
      vertex 32.1162 -71.6745 0.6
    endloop
  endfacet
  facet normal 0 0 1
    outer loop
      vertex 34.1393 -72.5242 0.6
      vertex 32.1162 -73.2323 0.6
      vertex 32.4534 -73.9404 0.6
    endloop
  endfacet
  facet normal 0 -0 1
    outer loop
      vertex 33.2964 -74.5068 0.6
      vertex 34.1393 -72.5242 0.6
      vertex 32.4534 -73.9404 0.6
    endloop
  endfacet
  facet normal 0 0 1
    outer loop
      vertex 34.8137 -74.9317 0.6
      vertex 35.1508 -74.7901 0.6
      vertex 35.1508 -73.6572 0.6
    endloop
  endfacet
  facet normal 0 0 1
    outer loop
      vertex 35.1508 -74.7901 0.6
      vertex 36.1624 -74.7901 0.6
      vertex 35.8252 -73.9404 0.6
    endloop
  endfacet
  facet normal -0 0 1
    outer loop
      vertex 35.8252 -73.9404 0.6
      vertex 36.1624 -74.7901 0.6
      vertex 36.4995 -73.9404 0.6
    endloop
  endfacet
  facet normal 0 0 1
    outer loop
      vertex 36.8367 -73.7988 0.6
      vertex 36.4995 -73.9404 0.6
      vertex 37.3425 -74.3652 0.6
    endloop
  endfacet
  facet normal 0 0 1
    outer loop
      vertex 37.1739 -73.5155 0.6
      vertex 37.3425 -74.3652 0.6
      vertex 37.8483 -74.082 0.6
    endloop
  endfacet
  facet normal 0 0 1
    outer loop
      vertex 37.5111 -72.8074 0.6
      vertex 37.1739 -73.5155 0.6
      vertex 37.8483 -74.082 0.6
    endloop
  endfacet
  facet normal 0 0 1
    outer loop
      vertex 37.5111 -71.8162 0.6
      vertex 39.5341 -71.2497 0.6
      vertex 39.3656 -70.8248 0.6
    endloop
  endfacet
  facet normal 0 0 1
    outer loop
      vertex 39.0284 -70.4 0.6
      vertex 37.5111 -71.8162 0.6
      vertex 39.3656 -70.8248 0.6
    endloop
  endfacet
  facet normal 0 0 1
    outer loop
      vertex 39.0284 -70.4 0.6
      vertex 37.3425 -71.2497 0.6
      vertex 37.5111 -71.8162 0.6
    endloop
  endfacet
  facet normal 0 0 1
    outer loop
      vertex 39.0284 -70.4 0.6
      vertex 37.1739 -70.9665 0.6
      vertex 37.3425 -71.2497 0.6
    endloop
  endfacet
  facet normal 0 0 1
    outer loop
      vertex 39.0284 -70.4 0.6
      vertex 36.331 -70.2584 0.6
      vertex 37.1739 -70.9665 0.6
    endloop
  endfacet
  facet normal 0 -0 1
    outer loop
      vertex 13.6245 -63.0242 0.6
      vertex 13.9765 -62.8468 0.6
      vertex 12.7795 -62.9059 0.6
    endloop
  endfacet
  facet normal 0 0 1
    outer loop
      vertex 59.2591 -66.4348 0.6
      vertex 58.9219 -65.1603 0.6
      vertex 58.9219 -66.718 0.6
    endloop
  endfacet
  facet normal 0 -0 1
    outer loop
      vertex 2.7108 -63.9114 0.6
      vertex 2.99245 -61.6047 0.6
      vertex -0.246429 -62.7285 0.6
    endloop
  endfacet
  facet normal 0 -0 1
    outer loop
      vertex 1.58423 -64.9169 0.6
      vertex 2.7108 -63.9114 0.6
      vertex 0.950531 -64.7986 0.6
    endloop
  endfacet
  facet normal 0 0 1
    outer loop
      vertex -5.98491 -65.4435 0.6
      vertex -5.64774 -66.0099 0.6
      vertex -5.31056 -65.7267 0.6
    endloop
  endfacet
  facet normal 0 0 1
    outer loop
      vertex -6.3221 -66.8596 0.6
      vertex -5.64774 -66.1516 0.6
      vertex -5.98491 -65.4435 0.6
    endloop
  endfacet
  facet normal 0 -0 1
    outer loop
      vertex -7.67081 -67.1429 0.6
      vertex -6.3221 -66.8596 0.6
      vertex -8.00798 -66.8596 0.6
    endloop
  endfacet
  facet normal 0 0 1
    outer loop
      vertex -5.98491 -65.4435 0.6
      vertex -8.00798 -66.8596 0.6
      vertex -6.3221 -66.8596 0.6
    endloop
  endfacet
  facet normal 0 0 1
    outer loop
      vertex -8.00798 -66.8596 0.6
      vertex -8.51375 -65.0186 0.6
      vertex -8.85092 -66.5764 0.6
    endloop
  endfacet
  facet normal 0 -0 1
    outer loop
      vertex -8.85092 -66.5764 0.6
      vertex -8.51375 -65.0186 0.6
      vertex -9.52528 -66.4348 0.6
    endloop
  endfacet
  facet normal 0 0 1
    outer loop
      vertex -9.52528 -66.4348 0.6
      vertex -10.874 -65.3019 0.6
      vertex -11.2112 -66.4348 0.6
    endloop
  endfacet
  facet normal 0 0 1
    outer loop
      vertex -12.3913 -66.1516 0.6
      vertex -13.4028 -67.0012 0.6
      vertex -11.8855 -67.0012 0.6
    endloop
  endfacet
  facet normal 0 0 1
    outer loop
      vertex -13.4028 -67.0012 0.6
      vertex -13.74 -67.4261 0.6
      vertex -11.8855 -67.9926 0.6
    endloop
  endfacet
  facet normal 0 0 1
    outer loop
      vertex -12.0541 -77.3391 0.6
      vertex -11.2112 -77.3391 0.6
      vertex -11.2112 -75.7814 0.6
    endloop
  endfacet
  facet normal 0 0 1
    outer loop
      vertex -8.34515 -70.5416 0.6
      vertex -10.1996 -72.241 0.6
      vertex -8.51375 -72.9491 0.6
    endloop
  endfacet
  facet normal 0 0 1
    outer loop
      vertex -6.1535 -71.5329 0.6
      vertex -7.33362 -73.9404 0.6
      vertex -5.31056 -72.241 0.6
    endloop
  endfacet
  facet normal 0 0 1
    outer loop
      vertex -5.81633 -75.3565 0.6
      vertex -7.16504 -74.3652 0.6
      vertex -7.16504 -75.0733 0.6
    endloop
  endfacet
  facet normal 0 -0 1
    outer loop
      vertex -5.47914 -74.9317 0.6
      vertex -4.97337 -74.082 0.6
      vertex -7.16504 -74.3652 0.6
    endloop
  endfacet
  facet normal 0 0 1
    outer loop
      vertex -7.16504 -75.0733 0.6
      vertex -6.65927 -76.0646 0.6
      vertex -5.81633 -75.3565 0.6
    endloop
  endfacet
  facet normal 0 0 1
    outer loop
      vertex -10.3682 -77.4807 0.6
      vertex -11.2112 -77.3391 0.6
      vertex -11.0426 -77.4807 0.6
    endloop
  endfacet
  facet normal 0 -0 1
    outer loop
      vertex -10.3682 -77.4807 0.6
      vertex -10.1996 -77.3391 0.6
      vertex -11.2112 -77.3391 0.6
    endloop
  endfacet
  facet normal -0 0 1
    outer loop
      vertex -8.51375 -72.9491 0.6
      vertex -7.33362 -73.9404 0.6
      vertex -6.1535 -71.5329 0.6
    endloop
  endfacet
  facet normal 0 0 1
    outer loop
      vertex -12.3913 -75.2149 0.6
      vertex -14.2458 -76.6311 0.6
      vertex -13.74 -76.9143 0.6
    endloop
  endfacet
  facet normal 0 0 1
    outer loop
      vertex -12.3913 -75.2149 0.6
      vertex -13.0657 -74.5068 0.6
      vertex -14.583 -76.0646 0.6
    endloop
  endfacet
  facet normal 0 -0 1
    outer loop
      vertex -14.2458 -76.6311 0.6
      vertex -12.3913 -75.2149 0.6
      vertex -14.583 -76.0646 0.6
    endloop
  endfacet
  facet normal 0 0 1
    outer loop
      vertex -14.583 -76.6311 0.6
      vertex -14.2458 -76.6311 0.6
      vertex -14.583 -76.0646 0.6
    endloop
  endfacet
  facet normal -0 0 1
    outer loop
      vertex -22.9891 -52.733 0.6
      vertex -21.6513 -52.8513 0.6
      vertex -20.5951 -52.5556 0.6
    endloop
  endfacet
  facet normal 0 -0 1
    outer loop
      vertex -10.1996 -72.241 0.6
      vertex -10.1996 -69.5503 0.6
      vertex -12.5599 -70.9665 0.6
    endloop
  endfacet
  facet normal 0 0 1
    outer loop
      vertex -12.5599 -70.9665 0.6
      vertex -10.1996 -69.5503 0.6
      vertex -11.3798 -68.7006 0.6
    endloop
  endfacet
  facet normal 0 0 1
    outer loop
      vertex -11.8855 -67.9926 0.6
      vertex -13.74 -69.9752 0.6
      vertex -11.3798 -68.7006 0.6
    endloop
  endfacet
  facet normal 0 0 1
    outer loop
      vertex -85.7276 -69.9752 0.6
      vertex -84.5475 -70.4 0.6
      vertex -84.2103 -70.1168 0.6
    endloop
  endfacet
  facet normal 0 0 1
    outer loop
      vertex -11.8855 -67.9926 0.6
      vertex -14.0772 -69.2671 0.6
      vertex -13.74 -69.9752 0.6
    endloop
  endfacet
  facet normal 0 0 1
    outer loop
      vertex -12.3913 -75.2149 0.6
      vertex -13.74 -76.9143 0.6
      vertex -12.0541 -77.3391 0.6
    endloop
  endfacet
  facet normal 0 0 1
    outer loop
      vertex -11.3798 -68.7006 0.6
      vertex -13.74 -69.9752 0.6
      vertex -12.5599 -70.9665 0.6
    endloop
  endfacet
  facet normal 0 0 1
    outer loop
      vertex -11.8855 -75.4981 0.6
      vertex -12.0541 -77.3391 0.6
      vertex -11.2112 -75.7814 0.6
    endloop
  endfacet
  facet normal 0 0 1
    outer loop
      vertex -12.3913 -75.2149 0.6
      vertex -12.0541 -77.3391 0.6
      vertex -11.8855 -75.4981 0.6
    endloop
  endfacet
  facet normal 0 -0 1
    outer loop
      vertex -10.1996 -77.3391 0.6
      vertex -9.52528 -76.2062 0.6
      vertex -11.2112 -75.7814 0.6
    endloop
  endfacet
  facet normal 0 0 1
    outer loop
      vertex -10.1996 -77.3391 0.6
      vertex -9.35669 -77.3391 0.6
      vertex -9.52528 -76.2062 0.6
    endloop
  endfacet
  facet normal 0 0 1
    outer loop
      vertex -8.68234 -76.2062 0.6
      vertex -9.52528 -76.2062 0.6
      vertex -8.68234 -77.1975 0.6
    endloop
  endfacet
  facet normal 0 0 1
    outer loop
      vertex -9.52528 -76.2062 0.6
      vertex -9.35669 -77.3391 0.6
      vertex -8.68234 -77.1975 0.6
    endloop
  endfacet
  facet normal 0 0 1
    outer loop
      vertex -8.17657 -76.0646 0.6
      vertex -8.68234 -77.1975 0.6
      vertex -7.50221 -76.6311 0.6
    endloop
  endfacet
  facet normal -0 0 1
    outer loop
      vertex -8.68234 -76.2062 0.6
      vertex -8.68234 -77.1975 0.6
      vertex -8.17657 -76.0646 0.6
    endloop
  endfacet
  facet normal 0 0 1
    outer loop
      vertex -7.33362 -75.3565 0.6
      vertex -7.50221 -76.6311 0.6
      vertex -6.65927 -76.0646 0.6
    endloop
  endfacet
  facet normal -0 0 1
    outer loop
      vertex -8.17657 -76.0646 0.6
      vertex -7.50221 -76.6311 0.6
      vertex -7.33362 -75.3565 0.6
    endloop
  endfacet
  facet normal -0 0 1
    outer loop
      vertex -7.33362 -75.3565 0.6
      vertex -6.65927 -76.0646 0.6
      vertex -7.16504 -75.0733 0.6
    endloop
  endfacet
  facet normal 0 -0 1
    outer loop
      vertex -4.97337 -74.082 0.6
      vertex -4.97337 -72.9491 0.6
      vertex -7.33362 -73.9404 0.6
    endloop
  endfacet
  facet normal 0 0 1
    outer loop
      vertex -4.97337 -74.082 0.6
      vertex -7.33362 -73.9404 0.6
      vertex -7.16504 -74.3652 0.6
    endloop
  endfacet
  facet normal 0 0 1
    outer loop
      vertex -7.33362 -73.9404 0.6
      vertex -4.97337 -72.9491 0.6
      vertex -5.31056 -72.241 0.6
    endloop
  endfacet
  facet normal 0 0 1
    outer loop
      vertex -8.51375 -72.9491 0.6
      vertex -6.1535 -71.5329 0.6
      vertex -7.50221 -70.8248 0.6
    endloop
  endfacet
  facet normal 0 0 1
    outer loop
      vertex -8.34515 -70.5416 0.6
      vertex -8.51375 -72.9491 0.6
      vertex -7.50221 -70.8248 0.6
    endloop
  endfacet
  facet normal 0 0 1
    outer loop
      vertex -10.1996 -69.5503 0.6
      vertex -10.1996 -72.241 0.6
      vertex -8.34515 -70.5416 0.6
    endloop
  endfacet
  facet normal 0 -0 1
    outer loop
      vertex -24.024 -71.8162 0.6
      vertex -21.8323 -70.6832 0.6
      vertex -24.1926 -71.1081 0.6
    endloop
  endfacet
  facet normal 0 0 1
    outer loop
      vertex -11.8855 -67.9926 0.6
      vertex -14.0772 -68.1342 0.6
      vertex -14.0772 -69.2671 0.6
    endloop
  endfacet
  facet normal 0 0 1
    outer loop
      vertex -82.3558 -75.2149 0.6
      vertex -83.0302 -75.4981 0.6
      vertex -82.0186 -75.3565 0.6
    endloop
  endfacet
  facet normal 0 0 1
    outer loop
      vertex -11.8855 -67.9926 0.6
      vertex -13.74 -67.4261 0.6
      vertex -14.0772 -68.1342 0.6
    endloop
  endfacet
  facet normal 0 0 1
    outer loop
      vertex -46.4463 -69.5503 0.6
      vertex -46.7835 -69.2671 0.6
      vertex -46.9521 -69.9752 0.6
    endloop
  endfacet
  facet normal 0 0 1
    outer loop
      vertex -11.8855 -67.0012 0.6
      vertex -13.4028 -67.0012 0.6
      vertex -11.8855 -67.9926 0.6
    endloop
  endfacet
  facet normal 0 0 1
    outer loop
      vertex -11.2112 -66.4348 0.6
      vertex -12.3913 -66.1516 0.6
      vertex -11.8855 -67.0012 0.6
    endloop
  endfacet
  facet normal 0 -0 1
    outer loop
      vertex -11.2112 -66.4348 0.6
      vertex -10.874 -65.3019 0.6
      vertex -12.3913 -66.1516 0.6
    endloop
  endfacet
  facet normal 0 0 1
    outer loop
      vertex -9.52528 -66.4348 0.6
      vertex -9.86246 -65.0186 0.6
      vertex -10.874 -65.3019 0.6
    endloop
  endfacet
  facet normal 0 -0 1
    outer loop
      vertex -9.52528 -66.4348 0.6
      vertex -8.51375 -65.0186 0.6
      vertex -9.86246 -65.0186 0.6
    endloop
  endfacet
  facet normal 0 -0 1
    outer loop
      vertex -1.79547 -58.8249 0.6
      vertex 6.37216 -58.7066 0.6
      vertex -4.75272 -57.1689 0.6
    endloop
  endfacet
  facet normal 0 0 1
    outer loop
      vertex -33.6211 -43.9796 0.6
      vertex -32.8466 -43.0332 0.6
      vertex -33.5507 -43.0332 0.6
    endloop
  endfacet
  facet normal 0 -0 1
    outer loop
      vertex -83.1987 -65.4435 0.6
      vertex -83.0302 -64.7354 0.6
      vertex -84.0417 -66.2932 0.6
    endloop
  endfacet
  facet normal 0 -0 1
    outer loop
      vertex -84.0417 -66.2932 0.6
      vertex -83.0302 -64.7354 0.6
      vertex -85.8962 -66.4348 0.6
    endloop
  endfacet
  facet normal 0 0 1
    outer loop
      vertex -85.8962 -66.4348 0.6
      vertex -90.1109 -64.877 0.6
      vertex -89.268 -66.2932 0.6
    endloop
  endfacet
  facet normal -0 0 1
    outer loop
      vertex -92.8083 -66.2932 0.6
      vertex -92.4712 -66.5764 0.6
      vertex -92.6397 -65.1603 0.6
    endloop
  endfacet
  facet normal 0 0 1
    outer loop
      vertex -90.1109 -64.877 0.6
      vertex -92.4712 -66.5764 0.6
      vertex -92.3026 -66.8596 0.6
    endloop
  endfacet
  facet normal 0 0 1
    outer loop
      vertex -93.4827 -77.4807 0.6
      vertex -92.6397 -77.1975 0.6
      vertex -92.6397 -76.4895 0.6
    endloop
  endfacet
  facet normal 0 0 1
    outer loop
      vertex -85.3904 -71.3913 0.6
      vertex -85.0532 -71.1081 0.6
      vertex -85.0532 -70.9665 0.6
    endloop
  endfacet
  facet normal 0 0 1
    outer loop
      vertex -89.268 -70.1168 0.6
      vertex -89.6051 -69.8336 0.6
      vertex -89.268 -71.3913 0.6
    endloop
  endfacet
  facet normal 0 0 1
    outer loop
      vertex -85.0532 -70.9665 0.6
      vertex -84.5475 -70.5416 0.6
      vertex -84.5475 -70.4 0.6
    endloop
  endfacet
  facet normal -0 0 1
    outer loop
      vertex -84.8846 -75.7814 0.6
      vertex -83.0302 -76.4895 0.6
      vertex -83.0302 -75.4981 0.6
    endloop
  endfacet
  facet normal 0 0 1
    outer loop
      vertex -85.7276 -69.9752 0.6
      vertex -85.0532 -70.9665 0.6
      vertex -84.5475 -70.4 0.6
    endloop
  endfacet
  facet normal 0 0 1
    outer loop
      vertex -85.7276 -69.9752 0.6
      vertex -85.3904 -71.3913 0.6
      vertex -85.0532 -70.9665 0.6
    endloop
  endfacet
  facet normal 0 0 1
    outer loop
      vertex -85.7276 -69.9752 0.6
      vertex -89.268 -71.3913 0.6
      vertex -85.3904 -71.3913 0.6
    endloop
  endfacet
  facet normal 0 0 1
    outer loop
      vertex -85.7276 -69.9752 0.6
      vertex -89.268 -70.1168 0.6
      vertex -89.268 -71.3913 0.6
    endloop
  endfacet
  facet normal 0 0 1
    outer loop
      vertex -89.268 -71.3913 0.6
      vertex -89.6051 -69.8336 0.6
      vertex -89.6051 -71.6745 0.6
    endloop
  endfacet
  facet normal -0 0 1
    outer loop
      vertex -92.6397 -76.4895 0.6
      vertex -92.6397 -77.1975 0.6
      vertex -92.3026 -75.923 0.6
    endloop
  endfacet
  facet normal 0 0 1
    outer loop
      vertex -84.8846 -75.7814 0.6
      vertex -83.8731 -77.1975 0.6
      vertex -83.0302 -76.4895 0.6
    endloop
  endfacet
  facet normal 0 0 1
    outer loop
      vertex -89.4366 -75.7814 0.6
      vertex -89.7737 -75.4981 0.6
      vertex -92.6397 -77.1975 0.6
    endloop
  endfacet
  facet normal -0 0 1
    outer loop
      vertex -83.0302 -75.4981 0.6
      vertex -83.0302 -76.4895 0.6
      vertex -82.0186 -75.3565 0.6
    endloop
  endfacet
  facet normal 0 0 1
    outer loop
      vertex -77.9725 -68.9839 0.6
      vertex -80.8385 -69.9752 0.6
      vertex -80.1642 -70.5416 0.6
    endloop
  endfacet
  facet normal 0 0 1
    outer loop
      vertex -46.9521 -69.9752 0.6
      vertex -48.1322 -70.4 0.6
      vertex -47.6264 -70.8248 0.6
    endloop
  endfacet
  facet normal 0 0 1
    outer loop
      vertex -34.3079 -76.9143 0.6
      vertex -33.9707 -77.1975 0.6
      vertex -33.2964 -77.1975 0.6
    endloop
  endfacet
  facet normal -0 0 1
    outer loop
      vertex -82.3558 -75.2149 0.6
      vertex -82.0186 -75.3565 0.6
      vertex -82.0186 -74.9317 0.6
    endloop
  endfacet
  facet normal 0 0 1
    outer loop
      vertex -48.1322 -70.4 0.6
      vertex -46.9521 -69.9752 0.6
      vertex -46.7835 -69.2671 0.6
    endloop
  endfacet
  facet normal 0 0 1
    outer loop
      vertex -84.8846 -75.7814 0.6
      vertex -84.2103 -77.3391 0.6
      vertex -83.8731 -77.1975 0.6
    endloop
  endfacet
  facet normal 0 -0 1
    outer loop
      vertex -48.638 -77.0559 0.6
      vertex -48.638 -76.2062 0.6
      vertex -49.6495 -76.2062 0.6
    endloop
  endfacet
  facet normal 0 0 1
    outer loop
      vertex -84.8846 -75.7814 0.6
      vertex -89.4366 -75.7814 0.6
      vertex -84.2103 -77.3391 0.6
    endloop
  endfacet
  facet normal 0 0 1
    outer loop
      vertex -84.2103 -77.3391 0.6
      vertex -89.4366 -75.7814 0.6
      vertex -92.6397 -77.1975 0.6
    endloop
  endfacet
  facet normal 0 0 1
    outer loop
      vertex -89.6051 -69.8336 0.6
      vertex -92.3026 -66.8596 0.6
      vertex -89.6051 -71.6745 0.6
    endloop
  endfacet
  facet normal 0 -0 1
    outer loop
      vertex -89.6051 -69.8336 0.6
      vertex -89.6051 -66.5764 0.6
      vertex -92.3026 -66.8596 0.6
    endloop
  endfacet
  facet normal 0 0 1
    outer loop
      vertex -92.6397 -77.1975 0.6
      vertex -89.7737 -75.4981 0.6
      vertex -92.3026 -75.923 0.6
    endloop
  endfacet
  facet normal 0 0 1
    outer loop
      vertex -92.3026 -66.8596 0.6
      vertex -92.3026 -75.923 0.6
      vertex -89.6051 -71.6745 0.6
    endloop
  endfacet
  facet normal 0 0 1
    outer loop
      vertex -92.3026 -75.923 0.6
      vertex -89.7737 -75.4981 0.6
      vertex -89.6051 -71.6745 0.6
    endloop
  endfacet
  facet normal -0 0 1
    outer loop
      vertex -92.6397 -65.1603 0.6
      vertex -92.4712 -66.5764 0.6
      vertex -90.1109 -64.877 0.6
    endloop
  endfacet
  facet normal -0 0 1
    outer loop
      vertex -93.6513 -65.4435 0.6
      vertex -93.1455 -66.1516 0.6
      vertex -92.6397 -65.1603 0.6
    endloop
  endfacet
  facet normal 0 0 1
    outer loop
      vertex -93.6513 -65.4435 0.6
      vertex -93.6513 -66.1516 0.6
      vertex -93.1455 -66.1516 0.6
    endloop
  endfacet
  facet normal 0 0 1
    outer loop
      vertex -93.6513 -65.4435 0.6
      vertex -94.3256 -65.7267 0.6
      vertex -93.6513 -66.1516 0.6
    endloop
  endfacet
  facet normal 0 0 1
    outer loop
      vertex -93.6513 -66.1516 0.6
      vertex -94.3256 -65.7267 0.6
      vertex -93.8199 -66.2932 0.6
    endloop
  endfacet
  facet normal 0 0 1
    outer loop
      vertex -93.8199 -66.2932 0.6
      vertex -94.3256 -65.7267 0.6
      vertex -94.6628 -66.4348 0.6
    endloop
  endfacet
  facet normal 0 -0 1
    outer loop
      vertex -94.6628 -66.4348 0.6
      vertex -94.3256 -65.7267 0.6
      vertex -95 -66.2932 0.6
    endloop
  endfacet
  facet normal 0 0 1
    outer loop
      vertex -92.6397 -65.1603 0.6
      vertex -93.1455 -66.1516 0.6
      vertex -92.8083 -66.2932 0.6
    endloop
  endfacet
  facet normal 0 0 1
    outer loop
      vertex -90.1109 -64.877 0.6
      vertex -92.3026 -66.8596 0.6
      vertex -89.6051 -66.5764 0.6
    endloop
  endfacet
  facet normal 0 0 1
    outer loop
      vertex -89.268 -66.2932 0.6
      vertex -90.1109 -64.877 0.6
      vertex -89.6051 -66.5764 0.6
    endloop
  endfacet
  facet normal 0 -0 1
    outer loop
      vertex -35.7334 -49.5983 0.6
      vertex -35.5926 -45.5765 0.6
      vertex -36.5784 -45.9905 0.6
    endloop
  endfacet
  facet normal 0 -0 1
    outer loop
      vertex -85.8962 -66.4348 0.6
      vertex -83.0302 -64.7354 0.6
      vertex -90.1109 -64.877 0.6
    endloop
  endfacet
  facet normal -0 0 1
    outer loop
      vertex -38.409 -46.5819 0.6
      vertex -37.8458 -48.0606 0.6
      vertex -37.1416 -46.5228 0.6
    endloop
  endfacet
  facet normal 0 0 1
    outer loop
      vertex -36.0151 -49.8941 0.6
      vertex -38.1978 -49.3026 0.6
      vertex -36.0855 -50.3081 0.6
    endloop
  endfacet
  facet normal 0 0 1
    outer loop
      vertex 17.7787 -34.2798 0.6
      vertex 17.0042 -33.9249 0.6
      vertex 17.7083 -34.9895 0.6
    endloop
  endfacet
  facet normal 0 -0 1
    outer loop
      vertex 63.9796 -66.2932 0.6
      vertex 63.9796 -66.1516 0.6
      vertex 63.6424 -66.5764 0.6
    endloop
  endfacet
  facet normal 0 0 1
    outer loop
      vertex -2.85162 -35.2261 0.6
      vertex -7.28751 -36.5864 0.6
      vertex -4.75272 -57.1689 0.6
    endloop
  endfacet
  facet normal 0 0 1
    outer loop
      vertex 58.9219 -66.718 0.6
      vertex 56.5617 -67.0012 0.6
      vertex 58.9219 -69.9752 0.6
    endloop
  endfacet
  facet normal 0 -0 1
    outer loop
      vertex 59.0905 -71.8162 0.6
      vertex 59.2591 -70.2584 0.6
      vertex 58.9219 -69.9752 0.6
    endloop
  endfacet
  facet normal 0 0 1
    outer loop
      vertex 62.968 -65.1603 0.6
      vertex 61.9565 -66.5764 0.6
      vertex 63.6424 -66.5764 0.6
    endloop
  endfacet
  facet normal 0 -0 1
    outer loop
      vertex 61.9565 -66.5764 0.6
      vertex 62.968 -65.1603 0.6
      vertex 58.9219 -65.1603 0.6
    endloop
  endfacet
  facet normal 0 0 1
    outer loop
      vertex 59.0905 -71.8162 0.6
      vertex 59.4277 -71.5329 0.6
      vertex 59.2591 -70.2584 0.6
    endloop
  endfacet
  facet normal 0 0 1
    outer loop
      vertex 62.6309 -70.1168 0.6
      vertex 63.4738 -70.5416 0.6
      vertex 63.811 -70.2584 0.6
    endloop
  endfacet
  facet normal 0 0 1
    outer loop
      vertex 56.3931 -66.5764 0.6
      vertex 56.2245 -65.7267 0.6
      vertex 55.7187 -66.0099 0.6
    endloop
  endfacet
  facet normal 0 0 1
    outer loop
      vertex 62.6309 -70.1168 0.6
      vertex 63.1366 -71.1081 0.6
      vertex 63.4738 -70.5416 0.6
    endloop
  endfacet
  facet normal 0 0 1
    outer loop
      vertex 82.0186 -70.5416 0.6
      vertex 81.85 -69.1255 0.6
      vertex 81.6814 -70.2584 0.6
    endloop
  endfacet
  facet normal 0 0 1
    outer loop
      vertex 62.6309 -70.1168 0.6
      vertex 59.4277 -71.5329 0.6
      vertex 62.6309 -71.5329 0.6
    endloop
  endfacet
  facet normal 0 0 1
    outer loop
      vertex 62.6309 -70.1168 0.6
      vertex 62.6309 -71.5329 0.6
      vertex 63.1366 -71.1081 0.6
    endloop
  endfacet
  facet normal 0 0 1
    outer loop
      vertex 84.2103 -70.5416 0.6
      vertex 82.0186 -70.5416 0.6
      vertex 84.2103 -74.5068 0.6
    endloop
  endfacet
  facet normal 0 0 1
    outer loop
      vertex 56.2245 -77.4807 0.6
      vertex 59.2591 -76.6311 0.6
      vertex 56.5617 -76.2062 0.6
    endloop
  endfacet
  facet normal 0 0 1
    outer loop
      vertex 62.6309 -70.1168 0.6
      vertex 59.2591 -70.2584 0.6
      vertex 59.4277 -71.5329 0.6
    endloop
  endfacet
  facet normal 0 0 1
    outer loop
      vertex 12.4275 -33.9841 0.6
      vertex 10.5264 -34.1023 0.6
      vertex 13.9765 -34.3981 0.6
    endloop
  endfacet
  facet normal 0 0 1
    outer loop
      vertex 59.0905 -71.8162 0.6
      vertex 56.5617 -76.2062 0.6
      vertex 58.9219 -74.6485 0.6
    endloop
  endfacet
  facet normal 0 0 1
    outer loop
      vertex 59.0905 -75.6398 0.6
      vertex 58.9219 -74.6485 0.6
      vertex 56.5617 -76.2062 0.6
    endloop
  endfacet
  facet normal 0 0 1
    outer loop
      vertex 76.961 -76.7727 0.6
      vertex 79.1526 -75.6398 0.6
      vertex 78.984 -75.3565 0.6
    endloop
  endfacet
  facet normal 0 0 1
    outer loop
      vertex 59.2591 -76.0646 0.6
      vertex 59.2591 -76.6311 0.6
      vertex 59.5963 -76.3478 0.6
    endloop
  endfacet
  facet normal 0 0 1
    outer loop
      vertex 84.5475 -69.1255 0.6
      vertex 84.2103 -68.8422 0.6
      vertex 84.2103 -70.5416 0.6
    endloop
  endfacet
  facet normal 0 0 1
    outer loop
      vertex 84.3789 -75.0733 0.6
      vertex 84.3789 -77.3391 0.6
      vertex 85.2218 -75.7814 0.6
    endloop
  endfacet
  facet normal 0 0 1
    outer loop
      vertex 85.0532 -77.1975 0.6
      vertex 85.559 -75.923 0.6
      vertex 85.2218 -75.7814 0.6
    endloop
  endfacet
  facet normal 0 -0 1
    outer loop
      vertex 37.2825 -40.7266 0.6
      vertex 37.7753 -39.662 0.6
      vertex 36.7896 -40.8449 0.6
    endloop
  endfacet
  facet normal 0 -0 1
    outer loop
      vertex 56.5617 -67.0012 0.6
      vertex 58.9219 -66.718 0.6
      vertex 56.3931 -66.5764 0.6
    endloop
  endfacet
  facet normal 0 0 1
    outer loop
      vertex 59.0905 -71.8162 0.6
      vertex 56.5617 -67.0012 0.6
      vertex 56.5617 -76.2062 0.6
    endloop
  endfacet
  facet normal 0 0 1
    outer loop
      vertex 58.9219 -69.9752 0.6
      vertex 56.5617 -67.0012 0.6
      vertex 59.0905 -71.8162 0.6
    endloop
  endfacet
  facet normal 0 -0 1
    outer loop
      vertex 58.9219 -66.718 0.6
      vertex 58.9219 -65.1603 0.6
      vertex 56.3931 -66.5764 0.6
    endloop
  endfacet
  facet normal 0 0 1
    outer loop
      vertex 24.6085 -34.5164 0.6
      vertex 21.7921 -34.9895 0.6
      vertex 25.8055 -35.167 0.6
    endloop
  endfacet
  facet normal 0 -0 1
    outer loop
      vertex 64.6539 -65.3019 0.6
      vertex 64.9911 -65.0186 0.6
      vertex 62.968 -65.1603 0.6
    endloop
  endfacet
  facet normal 0 0 1
    outer loop
      vertex 25.3127 -51.1361 0.6
      vertex 24.5381 -50.8404 0.6
      vertex 24.679 -51.4318 0.6
    endloop
  endfacet
  facet normal 0 0 1
    outer loop
      vertex 16.0184 -33.8658 0.6
      vertex 14.9623 -34.3981 0.6
      vertex 17.7083 -34.9895 0.6
    endloop
  endfacet
  facet normal 0 0 1
    outer loop
      vertex 64.6539 -65.3019 0.6
      vertex 62.968 -65.1603 0.6
      vertex 64.4854 -65.7267 0.6
    endloop
  endfacet
  facet normal 0 0 1
    outer loop
      vertex -29.4188 -69.5503 0.6
      vertex -30.2617 -69.9752 0.6
      vertex -29.5874 -70.5416 0.6
    endloop
  endfacet
  facet normal 0 0 1
    outer loop
      vertex -49.8181 -68.9839 0.6
      vertex -50.1553 -69.9752 0.6
      vertex -49.3123 -69.9752 0.6
    endloop
  endfacet
  facet normal 0 -0 1
    outer loop
      vertex -26.047 -70.4 0.6
      vertex -25.5413 -69.2671 0.6
      vertex -26.89 -70.1168 0.6
    endloop
  endfacet
  facet normal 0 0 1
    outer loop
      vertex -22.6752 -69.2671 0.6
      vertex -23.181 -68.9839 0.6
      vertex -23.6868 -68.9839 0.6
    endloop
  endfacet
  facet normal 0 0 1
    outer loop
      vertex -25.5413 -69.2671 0.6
      vertex -26.047 -70.4 0.6
      vertex -25.0355 -70.4 0.6
    endloop
  endfacet
  facet normal 0 0 1
    outer loop
      vertex -49.8181 -71.8162 0.6
      vertex -50.3239 -71.5329 0.6
      vertex -51.1668 -73.3739 0.6
    endloop
  endfacet
  facet normal 0 -0 1
    outer loop
      vertex -48.1322 -70.4 0.6
      vertex -46.7835 -69.2671 0.6
      vertex -48.8066 -68.8422 0.6
    endloop
  endfacet
  facet normal 0 0 1
    outer loop
      vertex -51.8412 -70.1168 0.6
      vertex -50.8296 -70.9665 0.6
      vertex -50.8296 -70.4 0.6
    endloop
  endfacet
  facet normal -0 0 1
    outer loop
      vertex -48.8066 -70.1168 0.6
      vertex -48.1322 -70.4 0.6
      vertex -48.8066 -68.8422 0.6
    endloop
  endfacet
  facet normal -0 0 1
    outer loop
      vertex -49.3123 -69.9752 0.6
      vertex -48.8066 -70.1168 0.6
      vertex -48.8066 -68.8422 0.6
    endloop
  endfacet
  facet normal 0 0 1
    outer loop
      vertex -51.3354 -69.6919 0.6
      vertex -51.8412 -70.1168 0.6
      vertex -50.8296 -70.4 0.6
    endloop
  endfacet
  facet normal 0 0 1
    outer loop
      vertex -51.3354 -69.6919 0.6
      vertex -50.8296 -70.4 0.6
      vertex -50.4924 -70.1168 0.6
    endloop
  endfacet
  facet normal -0 0 1
    outer loop
      vertex -52.6841 -75.923 0.6
      vertex -51.504 -77.1975 0.6
      vertex -52.1783 -75.4981 0.6
    endloop
  endfacet
  facet normal 0 0 1
    outer loop
      vertex -52.1783 -75.4981 0.6
      vertex -51.8412 -75.0733 0.6
      vertex -52.1783 -75.3565 0.6
    endloop
  endfacet
  facet normal 0 0 1
    outer loop
      vertex -48.638 -77.0559 0.6
      vertex -48.3008 -76.0646 0.6
      vertex -48.638 -76.2062 0.6
    endloop
  endfacet
  facet normal 0 0 1
    outer loop
      vertex -46.6149 -73.2323 0.6
      vertex -48.1322 -74.6485 0.6
      vertex -46.1091 -73.9404 0.6
    endloop
  endfacet
  facet normal -0 0 1
    outer loop
      vertex -47.795 -75.2149 0.6
      vertex -46.4463 -75.3565 0.6
      vertex -46.1091 -74.6485 0.6
    endloop
  endfacet
  facet normal -0 0 1
    outer loop
      vertex -47.795 -75.4981 0.6
      vertex -46.7835 -75.7814 0.6
      vertex -47.795 -75.2149 0.6
    endloop
  endfacet
  facet normal 0 0 1
    outer loop
      vertex -46.7835 -72.9491 0.6
      vertex -46.9521 -72.9491 0.6
      vertex -46.6149 -73.2323 0.6
    endloop
  endfacet
  facet normal 0 0 1
    outer loop
      vertex -21.8323 -75.3565 0.6
      vertex -24.024 -76.4895 0.6
      vertex -23.8554 -76.7727 0.6
    endloop
  endfacet
  facet normal 0 0 1
    outer loop
      vertex -46.6149 -73.2323 0.6
      vertex -46.1091 -73.9404 0.6
      vertex -46.2777 -73.5155 0.6
    endloop
  endfacet
  facet normal 0 0 1
    outer loop
      vertex -46.6149 -73.0907 0.6
      vertex -46.7835 -72.9491 0.6
      vertex -46.6149 -73.2323 0.6
    endloop
  endfacet
  facet normal -0 0 1
    outer loop
      vertex -47.9636 -75.7814 0.6
      vertex -47.4579 -76.3478 0.6
      vertex -47.795 -75.4981 0.6
    endloop
  endfacet
  facet normal 0 0 1
    outer loop
      vertex -51.8412 -75.0733 0.6
      vertex -52.1783 -75.4981 0.6
      vertex -50.4924 -75.923 0.6
    endloop
  endfacet
  facet normal 0 -0 1
    outer loop
      vertex -37.8483 -75.2149 0.6
      vertex -37.8483 -73.9404 0.6
      vertex -39.0284 -73.5155 0.6
    endloop
  endfacet
  facet normal 0 0 1
    outer loop
      vertex -50.4924 -75.923 0.6
      vertex -52.1783 -75.4981 0.6
      vertex -51.504 -77.1975 0.6
    endloop
  endfacet
  facet normal -0 0 1
    outer loop
      vertex -24.024 -71.8162 0.6
      vertex -21.8323 -75.3565 0.6
      vertex -21.8323 -70.6832 0.6
    endloop
  endfacet
  facet normal -0 0 1
    outer loop
      vertex -52.8527 -76.6311 0.6
      vertex -51.504 -77.1975 0.6
      vertex -52.6841 -75.923 0.6
    endloop
  endfacet
  facet normal 0 0 1
    outer loop
      vertex -23.8554 -76.7727 0.6
      vertex -21.8323 -76.7727 0.6
      vertex -21.8323 -75.3565 0.6
    endloop
  endfacet
  facet normal 0 0 1
    outer loop
      vertex -48.4694 -74.3652 0.6
      vertex -46.9521 -72.9491 0.6
      vertex -47.2893 -72.6658 0.6
    endloop
  endfacet
  facet normal -0 0 1
    outer loop
      vertex -23.8554 -76.7727 0.6
      vertex -23.0124 -77.3391 0.6
      vertex -21.8323 -76.7727 0.6
    endloop
  endfacet
  facet normal 0 0 1
    outer loop
      vertex -56.8988 -76.2062 0.6
      vertex -54.7072 -75.6398 0.6
      vertex -54.8758 -75.3565 0.6
    endloop
  endfacet
  facet normal 0 0 1
    outer loop
      vertex -28.2387 -76.9143 0.6
      vertex -29.756 -76.7727 0.6
      vertex -29.5874 -77.1975 0.6
    endloop
  endfacet
  facet normal 0 0 1
    outer loop
      vertex -54.7072 -75.6398 0.6
      vertex -56.8988 -76.2062 0.6
      vertex -56.7303 -76.7727 0.6
    endloop
  endfacet
  facet normal 0 0 1
    outer loop
      vertex -20.8208 -76.0646 0.6
      vertex -21.8323 -75.3565 0.6
      vertex -21.8323 -76.7727 0.6
    endloop
  endfacet
  facet normal 0 0 1
    outer loop
      vertex -61.2822 -70.9665 0.6
      vertex -60.945 -70.8248 0.6
      vertex -61.2822 -70.5416 0.6
    endloop
  endfacet
  facet normal 0 -0 1
    outer loop
      vertex -56.0559 -77.3391 0.6
      vertex -54.7072 -75.6398 0.6
      vertex -56.7303 -76.7727 0.6
    endloop
  endfacet
  facet normal 0 0 1
    outer loop
      vertex -47.9636 -72.3826 0.6
      vertex -49.1437 -72.0994 0.6
      vertex -49.3123 -73.9404 0.6
    endloop
  endfacet
  facet normal -0 0 1
    outer loop
      vertex -51.1668 -73.3739 0.6
      vertex -49.3123 -73.9404 0.6
      vertex -49.8181 -71.8162 0.6
    endloop
  endfacet
  facet normal -0 0 1
    outer loop
      vertex -62.1251 -74.082 0.6
      vertex -60.2706 -75.2149 0.6
      vertex -60.2706 -74.082 0.6
    endloop
  endfacet
  facet normal 0 0 1
    outer loop
      vertex -50.661 -71.2497 0.6
      vertex -52.3469 -72.5242 0.6
      vertex -51.6726 -73.0907 0.6
    endloop
  endfacet
  facet normal 0 0 1
    outer loop
      vertex -50.4924 -75.923 0.6
      vertex -51.504 -77.1975 0.6
      vertex -50.8296 -77.3391 0.6
    endloop
  endfacet
  facet normal 0 0 1
    outer loop
      vertex -50.3239 -71.5329 0.6
      vertex -50.661 -71.2497 0.6
      vertex -51.6726 -73.0907 0.6
    endloop
  endfacet
  facet normal 0 0 1
    outer loop
      vertex -49.6495 -76.2062 0.6
      vertex -50.4924 -75.923 0.6
      vertex -49.8181 -77.3391 0.6
    endloop
  endfacet
  facet normal 0 0 1
    outer loop
      vertex -50.4924 -75.923 0.6
      vertex -50.8296 -77.3391 0.6
      vertex -49.8181 -77.3391 0.6
    endloop
  endfacet
  facet normal 0 0 1
    outer loop
      vertex -48.638 -77.0559 0.6
      vertex -49.6495 -76.2062 0.6
      vertex -49.8181 -77.3391 0.6
    endloop
  endfacet
  facet normal 0 0 1
    outer loop
      vertex -47.9636 -72.3826 0.6
      vertex -48.4694 -74.3652 0.6
      vertex -47.2893 -72.6658 0.6
    endloop
  endfacet
  facet normal 0 0 1
    outer loop
      vertex -48.638 -77.0559 0.6
      vertex -47.4579 -76.3478 0.6
      vertex -48.3008 -76.0646 0.6
    endloop
  endfacet
  facet normal 0 -0 1
    outer loop
      vertex -46.1091 -74.6485 0.6
      vertex -46.1091 -73.9404 0.6
      vertex -48.1322 -74.6485 0.6
    endloop
  endfacet
  facet normal -0 0 1
    outer loop
      vertex -48.3008 -76.0646 0.6
      vertex -47.4579 -76.3478 0.6
      vertex -47.9636 -75.7814 0.6
    endloop
  endfacet
  facet normal 0 -0 1
    outer loop
      vertex -47.4579 -76.3478 0.6
      vertex -46.7835 -75.7814 0.6
      vertex -47.795 -75.4981 0.6
    endloop
  endfacet
  facet normal 0 -0 1
    outer loop
      vertex -47.795 -75.2149 0.6
      vertex -46.1091 -74.6485 0.6
      vertex -48.1322 -74.6485 0.6
    endloop
  endfacet
  facet normal 0 -0 1
    outer loop
      vertex -46.7835 -75.7814 0.6
      vertex -46.4463 -75.3565 0.6
      vertex -47.795 -75.2149 0.6
    endloop
  endfacet
  facet normal 0 -0 1
    outer loop
      vertex -48.1322 -74.6485 0.6
      vertex -46.9521 -72.9491 0.6
      vertex -48.4694 -74.3652 0.6
    endloop
  endfacet
  facet normal 0 0 1
    outer loop
      vertex -46.6149 -73.2323 0.6
      vertex -46.9521 -72.9491 0.6
      vertex -48.1322 -74.6485 0.6
    endloop
  endfacet
  facet normal 0 0 1
    outer loop
      vertex -47.9636 -72.3826 0.6
      vertex -49.3123 -73.9404 0.6
      vertex -48.4694 -74.3652 0.6
    endloop
  endfacet
  facet normal 0 0 1
    outer loop
      vertex -49.8181 -71.8162 0.6
      vertex -49.3123 -73.9404 0.6
      vertex -49.1437 -72.0994 0.6
    endloop
  endfacet
  facet normal 0 -0 1
    outer loop
      vertex -51.1668 -73.3739 0.6
      vertex -50.3239 -71.5329 0.6
      vertex -51.6726 -73.0907 0.6
    endloop
  endfacet
  facet normal 0 0 1
    outer loop
      vertex -57.236 -70.9665 0.6
      vertex -55.0444 -70.1168 0.6
      vertex -55.213 -69.8336 0.6
    endloop
  endfacet
  facet normal 0 0 1
    outer loop
      vertex -50.661 -71.2497 0.6
      vertex -52.5155 -72.241 0.6
      vertex -52.3469 -72.5242 0.6
    endloop
  endfacet
  facet normal 0 0 1
    outer loop
      vertex -52.5155 -72.241 0.6
      vertex -50.661 -71.2497 0.6
      vertex -52.5155 -71.1081 0.6
    endloop
  endfacet
  facet normal -0 0 1
    outer loop
      vertex -52.5155 -71.1081 0.6
      vertex -50.661 -71.2497 0.6
      vertex -50.8296 -70.9665 0.6
    endloop
  endfacet
  facet normal 0 0 1
    outer loop
      vertex -51.8412 -70.1168 0.6
      vertex -52.5155 -71.1081 0.6
      vertex -50.8296 -70.9665 0.6
    endloop
  endfacet
  facet normal 0 0 1
    outer loop
      vertex -55.0444 -70.1168 0.6
      vertex -57.236 -70.9665 0.6
      vertex -57.236 -71.6745 0.6
    endloop
  endfacet
  facet normal -0 0 1
    outer loop
      vertex -51.3354 -69.6919 0.6
      vertex -50.4924 -70.1168 0.6
      vertex -50.8296 -69.4087 0.6
    endloop
  endfacet
  facet normal 0 0 1
    outer loop
      vertex -50.8296 -69.4087 0.6
      vertex -50.4924 -70.1168 0.6
      vertex -50.1553 -69.9752 0.6
    endloop
  endfacet
  facet normal -0 0 1
    outer loop
      vertex -42 -52.2007 0.6
      vertex -41.0847 -52.4964 0.6
      vertex -42 -51.3135 0.6
    endloop
  endfacet
  facet normal 0 0 1
    outer loop
      vertex -49.8181 -68.9839 0.6
      vertex -50.8296 -69.4087 0.6
      vertex -50.1553 -69.9752 0.6
    endloop
  endfacet
  facet normal 0 0 1
    outer loop
      vertex -48.8066 -68.8422 0.6
      vertex -49.8181 -68.9839 0.6
      vertex -49.3123 -69.9752 0.6
    endloop
  endfacet
  facet normal 0 0 1
    outer loop
      vertex 26.2984 -35.3444 0.6
      vertex 25.8055 -35.167 0.6
      vertex 21.3696 -35.2853 0.6
    endloop
  endfacet
  facet normal 0 -0 1
    outer loop
      vertex 84.5475 -70.2584 0.6
      vertex 84.5475 -69.1255 0.6
      vertex 84.2103 -70.5416 0.6
    endloop
  endfacet
  facet normal 0 0 1
    outer loop
      vertex 84.5475 -69.1255 0.6
      vertex 86.4019 -70.2584 0.6
      vertex 87.4135 -69.2671 0.6
    endloop
  endfacet
  facet normal -0 0 1
    outer loop
      vertex 83.0302 -77.0559 0.6
      vertex 83.8731 -77.3391 0.6
      vertex 84.3789 -75.0733 0.6
    endloop
  endfacet
  facet normal 0 0 1
    outer loop
      vertex 85.559 -75.923 0.6
      vertex 85.0532 -77.1975 0.6
      vertex 85.7276 -76.9143 0.6
    endloop
  endfacet
  facet normal 0 0 1
    outer loop
      vertex 84.3789 -77.3391 0.6
      vertex 85.0532 -77.1975 0.6
      vertex 85.2218 -75.7814 0.6
    endloop
  endfacet
  facet normal 0 -0 1
    outer loop
      vertex 82.5244 -76.6311 0.6
      vertex 84.3789 -75.0733 0.6
      vertex 82.1872 -76.0646 0.6
    endloop
  endfacet
  facet normal 0 0 1
    outer loop
      vertex 84.5475 -70.2584 0.6
      vertex 86.4019 -70.2584 0.6
      vertex 84.5475 -69.1255 0.6
    endloop
  endfacet
  facet normal 0 0 1
    outer loop
      vertex 83.8731 -77.3391 0.6
      vertex 84.3789 -77.3391 0.6
      vertex 84.3789 -75.0733 0.6
    endloop
  endfacet
  facet normal 0 0 1
    outer loop
      vertex 84.3789 -75.0733 0.6
      vertex 82.5244 -76.6311 0.6
      vertex 83.0302 -77.0559 0.6
    endloop
  endfacet
  facet normal 0 0 1
    outer loop
      vertex 88.0878 -75.0733 0.6
      vertex 90.4481 -74.082 0.6
      vertex 89.9423 -73.2323 0.6
    endloop
  endfacet
  facet normal 0 0 1
    outer loop
      vertex 79.1526 -75.6398 0.6
      vertex 76.961 -76.7727 0.6
      vertex 77.6353 -77.3391 0.6
    endloop
  endfacet
  facet normal 0 0 1
    outer loop
      vertex 85.8962 -75.923 0.6
      vertex 85.559 -75.923 0.6
      vertex 85.7276 -76.9143 0.6
    endloop
  endfacet
  facet normal 0 0 1
    outer loop
      vertex 86.4019 -75.7814 0.6
      vertex 85.8962 -75.923 0.6
      vertex 85.7276 -76.9143 0.6
    endloop
  endfacet
  facet normal 0 0 1
    outer loop
      vertex 87.0763 -75.3565 0.6
      vertex 86.4019 -75.7814 0.6
      vertex 85.7276 -76.9143 0.6
    endloop
  endfacet
  facet normal 0 0 1
    outer loop
      vertex 94.6628 -70.1168 0.6
      vertex 94.6628 -70.8248 0.6
      vertex 94.8314 -70.5416 0.6
    endloop
  endfacet
  facet normal 0 -0 1
    outer loop
      vertex 92.6397 -77.0559 0.6
      vertex 93.4827 -76.6311 0.6
      vertex 92.4711 -75.7814 0.6
    endloop
  endfacet
  facet normal -0 0 1
    outer loop
      vertex 92.4711 -75.7814 0.6
      vertex 93.4827 -76.6311 0.6
      vertex 93.6513 -75.7814 0.6
    endloop
  endfacet
  facet normal -0 0 1
    outer loop
      vertex 71.7347 -76.4895 0.6
      vertex 72.409 -77.0559 0.6
      vertex 73.9263 -75.3565 0.6
    endloop
  endfacet
  facet normal -0 0 1
    outer loop
      vertex 76.7924 -75.923 0.6
      vertex 76.961 -76.7727 0.6
      vertex 78.984 -75.3565 0.6
    endloop
  endfacet
  facet normal -0 0 1
    outer loop
      vertex 82.0186 -75.2149 0.6
      vertex 82.1872 -76.0646 0.6
      vertex 84.3789 -75.0733 0.6
    endloop
  endfacet
  facet normal 0 0 1
    outer loop
      vertex 84.2103 -74.5068 0.6
      vertex 82.0186 -75.2149 0.6
      vertex 84.3789 -75.0733 0.6
    endloop
  endfacet
  facet normal 0 0 1
    outer loop
      vertex 84.2103 -74.5068 0.6
      vertex 82.0186 -70.5416 0.6
      vertex 82.0186 -75.2149 0.6
    endloop
  endfacet
  facet normal 0 0 1
    outer loop
      vertex 81.85 -69.1255 0.6
      vertex 82.0186 -70.5416 0.6
      vertex 84.2103 -70.5416 0.6
    endloop
  endfacet
  facet normal -0 0 1
    outer loop
      vertex 81.85 -69.1255 0.6
      vertex 84.2103 -70.5416 0.6
      vertex 84.2103 -68.8422 0.6
    endloop
  endfacet
  facet normal 0 0 1
    outer loop
      vertex 73.4206 -68.9839 0.6
      vertex 70.5546 -69.9752 0.6
      vertex 71.2289 -70.5416 0.6
    endloop
  endfacet
  facet normal 0 0 1
    outer loop
      vertex 81.85 -69.1255 0.6
      vertex 80.6699 -70.1168 0.6
      vertex 81.6814 -70.2584 0.6
    endloop
  endfacet
  facet normal 0 0 1
    outer loop
      vertex 84.0417 -66.718 0.6
      vertex 83.3673 -67.5677 0.6
      vertex 84.2103 -68.8422 0.6
    endloop
  endfacet
  facet normal 0 0 1
    outer loop
      vertex 83.3673 -67.5677 0.6
      vertex 81.85 -69.1255 0.6
      vertex 84.2103 -68.8422 0.6
    endloop
  endfacet
  facet normal 0 -0 1
    outer loop
      vertex 71.7347 -76.4895 0.6
      vertex 73.9263 -75.3565 0.6
      vertex 71.3975 -75.7814 0.6
    endloop
  endfacet
  facet normal 0 0 1
    outer loop
      vertex 77.6353 -77.3391 0.6
      vertex 79.3212 -76.4895 0.6
      vertex 79.1526 -75.6398 0.6
    endloop
  endfacet
  facet normal 0 0 1
    outer loop
      vertex 79.1526 -75.6398 0.6
      vertex 79.3212 -76.4895 0.6
      vertex 79.4898 -75.923 0.6
    endloop
  endfacet
  facet normal 0 0 1
    outer loop
      vertex 79.9955 -75.7814 0.6
      vertex 79.4898 -75.923 0.6
      vertex 79.3212 -76.4895 0.6
    endloop
  endfacet
  facet normal 0 0 1
    outer loop
      vertex 71.3975 -75.7814 0.6
      vertex 73.9263 -75.3565 0.6
      vertex 73.5892 -74.6485 0.6
    endloop
  endfacet
  facet normal -0 0 1
    outer loop
      vertex 72.409 -77.0559 0.6
      vertex 72.7462 -77.1975 0.6
      vertex 73.9263 -75.3565 0.6
    endloop
  endfacet
  facet normal 0 -0 1
    outer loop
      vertex 67.0142 -77.3391 0.6
      vertex 68.3629 -76.7727 0.6
      vertex 66.5084 -76.9143 0.6
    endloop
  endfacet
  facet normal -0 0 1
    outer loop
      vertex 76.7924 -76.3478 0.6
      vertex 76.961 -76.7727 0.6
      vertex 76.7924 -75.923 0.6
    endloop
  endfacet
  facet normal 0 0 1
    outer loop
      vertex 68.3629 -76.7727 0.6
      vertex 66.3398 -76.4895 0.6
      vertex 66.5084 -76.9143 0.6
    endloop
  endfacet
  facet normal 0 0 1
    outer loop
      vertex 76.7924 -75.923 0.6
      vertex 78.984 -75.3565 0.6
      vertex 78.8154 -74.6485 0.6
    endloop
  endfacet
  facet normal -0 0 1
    outer loop
      vertex 76.4552 -75.6398 0.6
      vertex 76.7924 -75.923 0.6
      vertex 76.6238 -74.7901 0.6
    endloop
  endfacet
  facet normal -0 0 1
    outer loop
      vertex 76.6238 -74.7901 0.6
      vertex 76.7924 -75.923 0.6
      vertex 78.8154 -74.6485 0.6
    endloop
  endfacet
  facet normal 0 0 1
    outer loop
      vertex 68.7001 -75.6398 0.6
      vertex 68.5315 -75.3565 0.6
      vertex 68.3629 -76.7727 0.6
    endloop
  endfacet
  facet normal -0 0 1
    outer loop
      vertex 66.1712 -66.5764 0.6
      vertex 66.3398 -67.0012 0.6
      vertex 66.5084 -65.7267 0.6
    endloop
  endfacet
  facet normal 0 0 1
    outer loop
      vertex 74.9379 -76.7727 0.6
      vertex 74.6007 -75.7814 0.6
      vertex 73.9263 -77.1975 0.6
    endloop
  endfacet
  facet normal 0 0 1
    outer loop
      vertex 68.3629 -76.7727 0.6
      vertex 69.0373 -75.923 0.6
      vertex 68.7001 -75.6398 0.6
    endloop
  endfacet
  facet normal 0 0 1
    outer loop
      vertex 71.3975 -70.9665 0.6
      vertex 71.3975 -75.7814 0.6
      vertex 73.5892 -74.6485 0.6
    endloop
  endfacet
  facet normal 0 0 1
    outer loop
      vertex 73.4206 -68.9839 0.6
      vertex 71.2289 -70.5416 0.6
      vertex 71.3975 -70.9665 0.6
    endloop
  endfacet
  facet normal 0 0 1
    outer loop
      vertex 75.6122 -75.6398 0.6
      vertex 76.4552 -75.6398 0.6
      vertex 76.6238 -74.7901 0.6
    endloop
  endfacet
  facet normal -0 0 1
    outer loop
      vertex 71.3975 -70.9665 0.6
      vertex 73.5892 -74.6485 0.6
      vertex 73.4206 -68.9839 0.6
    endloop
  endfacet
  facet normal 0 -0 1
    outer loop
      vertex 74.9379 -76.7727 0.6
      vertex 75.2751 -75.7814 0.6
      vertex 74.6007 -75.7814 0.6
    endloop
  endfacet
  facet normal 0 0 1
    outer loop
      vertex 74.2635 -75.6398 0.6
      vertex 73.9263 -75.3565 0.6
      vertex 73.9263 -77.1975 0.6
    endloop
  endfacet
  facet normal 0 0 1
    outer loop
      vertex 73.9263 -75.3565 0.6
      vertex 72.7462 -77.1975 0.6
      vertex 73.9263 -77.1975 0.6
    endloop
  endfacet
  facet normal 0 0 1
    outer loop
      vertex 74.6007 -75.7814 0.6
      vertex 74.2635 -75.6398 0.6
      vertex 73.9263 -77.1975 0.6
    endloop
  endfacet
  facet normal 0 0 1
    outer loop
      vertex 74.9379 -76.7727 0.6
      vertex 75.6122 -76.3478 0.6
      vertex 75.2751 -75.7814 0.6
    endloop
  endfacet
  facet normal -0 0 1
    outer loop
      vertex 75.2751 -75.7814 0.6
      vertex 75.6122 -76.3478 0.6
      vertex 75.6122 -75.6398 0.6
    endloop
  endfacet
  facet normal 0 0 1
    outer loop
      vertex 76.4552 -75.6398 0.6
      vertex 75.6122 -75.6398 0.6
      vertex 75.6122 -76.3478 0.6
    endloop
  endfacet
  facet normal 0 0 1
    outer loop
      vertex 76.6238 -74.7901 0.6
      vertex 78.8154 -74.6485 0.6
      vertex 76.6238 -70.4 0.6
    endloop
  endfacet
  facet normal -0 0 1
    outer loop
      vertex 76.6238 -70.4 0.6
      vertex 78.8154 -74.6485 0.6
      vertex 78.6468 -68.9839 0.6
    endloop
  endfacet
  facet normal -0 0 1
    outer loop
      vertex 76.118 -69.9752 0.6
      vertex 76.6238 -70.4 0.6
      vertex 77.6353 -69.2671 0.6
    endloop
  endfacet
  facet normal -0 0 1
    outer loop
      vertex 77.6353 -69.2671 0.6
      vertex 76.6238 -70.4 0.6
      vertex 78.6468 -68.9839 0.6
    endloop
  endfacet
  facet normal 0 0 1
    outer loop
      vertex 11.5826 -32.6829 0.6
      vertex 10.8784 -32.3871 0.6
      vertex 11.3009 -33.3335 0.6
    endloop
  endfacet
  facet normal 0 0 1
    outer loop
      vertex 32.3537 -41.6729 0.6
      vertex 30.2414 -36.3498 0.6
      vertex 31.0863 -42.5009 0.6
    endloop
  endfacet
  facet normal 0 0 1
    outer loop
      vertex 26.3842 -77.0559 0.6
      vertex 27.9015 -76.3478 0.6
      vertex 27.7329 -75.6398 0.6
    endloop
  endfacet
  facet normal 0 0 1
    outer loop
      vertex 23.6868 -75.3565 0.6
      vertex 23.3496 -75.2149 0.6
      vertex 22.6752 -76.3478 0.6
    endloop
  endfacet
  facet normal 0 0 1
    outer loop
      vertex 20.1464 -68.9839 0.6
      vertex 19.8092 -70.1168 0.6
      vertex 20.315 -70.2584 0.6
    endloop
  endfacet
  facet normal 0 0 1
    outer loop
      vertex 25.7098 -69.5503 0.6
      vertex 25.5412 -70.8248 0.6
      vertex 27.7329 -69.9752 0.6
    endloop
  endfacet
  facet normal 0 -0 1
    outer loop
      vertex 17.449 -76.0646 0.6
      vertex 19.1349 -74.082 0.6
      vertex 17.1118 -75.6398 0.6
    endloop
  endfacet
  facet normal 0 0 1
    outer loop
      vertex 31.1047 -69.1255 0.6
      vertex 29.4188 -70.5416 0.6
      vertex 30.0932 -71.1081 0.6
    endloop
  endfacet
  facet normal 0 0 1
    outer loop
      vertex 23.8554 -74.7901 0.6
      vertex 23.3496 -75.2149 0.6
      vertex 23.6868 -75.3565 0.6
    endloop
  endfacet
  facet normal -0 0 1
    outer loop
      vertex 19.8092 -77.1975 0.6
      vertex 20.315 -77.3391 0.6
      vertex 20.4836 -77.1975 0.6
    endloop
  endfacet
  facet normal 0 0 1
    outer loop
      vertex 20.4836 -75.4981 0.6
      vertex 19.8092 -77.1975 0.6
      vertex 20.4836 -77.1975 0.6
    endloop
  endfacet
  facet normal 0 0 1
    outer loop
      vertex 20.4836 -77.1975 0.6
      vertex 21.1579 -75.7814 0.6
      vertex 20.4836 -75.4981 0.6
    endloop
  endfacet
  facet normal 0 0 1
    outer loop
      vertex 27.9015 -76.3478 0.6
      vertex 26.3842 -77.0559 0.6
      vertex 28.2387 -76.7727 0.6
    endloop
  endfacet
  facet normal 0 0 1
    outer loop
      vertex 22.1695 -75.7814 0.6
      vertex 22.5067 -76.3478 0.6
      vertex 22.6752 -76.3478 0.6
    endloop
  endfacet
  facet normal 0 0 1
    outer loop
      vertex 31.4419 -70.6832 0.6
      vertex 30.0932 -71.1081 0.6
      vertex 30.2617 -71.6745 0.6
    endloop
  endfacet
  facet normal 0 0 1
    outer loop
      vertex 25.5412 -77.0559 0.6
      vertex 26.3842 -77.0559 0.6
      vertex 27.7329 -75.6398 0.6
    endloop
  endfacet
  facet normal -0 0 1
    outer loop
      vertex 22.1695 -75.7814 0.6
      vertex 22.6752 -76.3478 0.6
      vertex 23.3496 -75.2149 0.6
    endloop
  endfacet
  facet normal 0 -0 1
    outer loop
      vertex 22.0009 -76.7727 0.6
      vertex 22.1695 -75.7814 0.6
      vertex 21.1579 -75.7814 0.6
    endloop
  endfacet
  facet normal 0 0 1
    outer loop
      vertex 22.5067 -76.3478 0.6
      vertex 22.1695 -75.7814 0.6
      vertex 22.0009 -76.7727 0.6
    endloop
  endfacet
  facet normal 0 0 1
    outer loop
      vertex 20.4836 -75.4981 0.6
      vertex 19.3035 -77.1975 0.6
      vertex 19.8092 -77.1975 0.6
    endloop
  endfacet
  facet normal 0 0 1
    outer loop
      vertex 20.315 -77.3391 0.6
      vertex 19.8092 -77.1975 0.6
      vertex 19.9778 -77.3391 0.6
    endloop
  endfacet
  facet normal 0 -0 1
    outer loop
      vertex 19.3035 -77.1975 0.6
      vertex 19.6406 -74.7901 0.6
      vertex 18.4605 -76.9143 0.6
    endloop
  endfacet
  facet normal 0 0 1
    outer loop
      vertex 20.4836 -75.4981 0.6
      vertex 19.6406 -74.7901 0.6
      vertex 19.3035 -77.1975 0.6
    endloop
  endfacet
  facet normal -0 0 1
    outer loop
      vertex 12.5599 -76.7727 0.6
      vertex 13.74 -77.1975 0.6
      vertex 14.5829 -75.3565 0.6
    endloop
  endfacet
  facet normal 0 0 1
    outer loop
      vertex 13.2342 -68.9839 0.6
      vertex 12.3913 -68.8422 0.6
      vertex 12.0541 -70.9665 0.6
    endloop
  endfacet
  facet normal 0 0 1
    outer loop
      vertex 17.449 -76.0646 0.6
      vertex 19.6406 -74.7901 0.6
      vertex 19.1349 -74.082 0.6
    endloop
  endfacet
  facet normal 0 0 1
    outer loop
      vertex 10.3682 -69.5503 0.6
      vertex 10.7054 -70.2584 0.6
      vertex 11.0426 -70.2584 0.6
    endloop
  endfacet
  facet normal 0 -0 1
    outer loop
      vertex 18.4605 -72.3826 0.6
      vertex 18.4605 -71.2497 0.6
      vertex 16.7746 -71.8162 0.6
    endloop
  endfacet
  facet normal 0 0 1
    outer loop
      vertex 16.606 -74.5068 0.6
      vertex 19.1349 -74.082 0.6
      vertex 18.6291 -72.9491 0.6
    endloop
  endfacet
  facet normal 0 -0 1
    outer loop
      vertex 12.5599 -76.7727 0.6
      vertex 14.5829 -75.3565 0.6
      vertex 12.2227 -75.4981 0.6
    endloop
  endfacet
  facet normal -0 0 1
    outer loop
      vertex 17.2804 -70.9665 0.6
      vertex 18.4605 -71.2497 0.6
      vertex 17.6176 -70.5416 0.6
    endloop
  endfacet
  facet normal 0 0 1
    outer loop
      vertex 14.2458 -69.6919 0.6
      vertex 12.2227 -71.2497 0.6
      vertex 14.5829 -70.6832 0.6
    endloop
  endfacet
  facet normal -0 0 1
    outer loop
      vertex 12.0541 -70.9665 0.6
      vertex 12.2227 -71.2497 0.6
      vertex 14.2458 -69.6919 0.6
    endloop
  endfacet
  facet normal 0 0 1
    outer loop
      vertex 19.1349 -74.082 0.6
      vertex 19.9778 -73.3739 0.6
      vertex 19.1349 -73.3739 0.6
    endloop
  endfacet
  facet normal 0 0 1
    outer loop
      vertex 12.0541 -70.9665 0.6
      vertex 14.2458 -69.6919 0.6
      vertex 13.5714 -69.1255 0.6
    endloop
  endfacet
  facet normal 0 0 1
    outer loop
      vertex 20.1464 -68.9839 0.6
      vertex 19.472 -70.1168 0.6
      vertex 19.8092 -70.1168 0.6
    endloop
  endfacet
  facet normal 0 0 1
    outer loop
      vertex 21.1579 -70.9665 0.6
      vertex 22.5067 -69.2671 0.6
      vertex 21.8323 -68.9839 0.6
    endloop
  endfacet
  facet normal -0 0 1
    outer loop
      vertex 20.1464 -68.9839 0.6
      vertex 20.315 -70.2584 0.6
      vertex 20.9893 -68.8422 0.6
    endloop
  endfacet
  facet normal 0 0 1
    outer loop
      vertex 19.1349 -73.3739 0.6
      vertex 19.9778 -73.3739 0.6
      vertex 19.8092 -72.8074 0.6
    endloop
  endfacet
  facet normal 0 -0 1
    outer loop
      vertex 19.1349 -70.2584 0.6
      vertex 19.472 -70.1168 0.6
      vertex 18.6291 -69.6919 0.6
    endloop
  endfacet
  facet normal 0 -0 1
    outer loop
      vertex 19.472 -70.1168 0.6
      vertex 20.1464 -68.9839 0.6
      vertex 18.6291 -69.6919 0.6
    endloop
  endfacet
  facet normal 0 -0 1
    outer loop
      vertex 18.7977 -70.5416 0.6
      vertex 19.1349 -70.2584 0.6
      vertex 18.6291 -69.6919 0.6
    endloop
  endfacet
  facet normal 0 -0 1
    outer loop
      vertex 18.4605 -71.2497 0.6
      vertex 18.7977 -70.5416 0.6
      vertex 17.6176 -70.5416 0.6
    endloop
  endfacet
  facet normal 0 0 1
    outer loop
      vertex 16.7746 -71.8162 0.6
      vertex 18.4605 -71.2497 0.6
      vertex 17.2804 -70.9665 0.6
    endloop
  endfacet
  facet normal 0 0 1
    outer loop
      vertex 16.606 -72.3826 0.6
      vertex 18.4605 -72.3826 0.6
      vertex 16.7746 -71.8162 0.6
    endloop
  endfacet
  facet normal 0 0 1
    outer loop
      vertex 16.606 -74.5068 0.6
      vertex 18.6291 -72.9491 0.6
      vertex 16.606 -72.3826 0.6
    endloop
  endfacet
  facet normal 0 -0 1
    outer loop
      vertex 19.1349 -74.082 0.6
      vertex 19.1349 -73.3739 0.6
      vertex 18.6291 -72.9491 0.6
    endloop
  endfacet
  facet normal -0 0 1
    outer loop
      vertex 19.8092 -72.8074 0.6
      vertex 19.9778 -73.3739 0.6
      vertex 19.9778 -72.8074 0.6
    endloop
  endfacet
  facet normal -0 0 1
    outer loop
      vertex 19.9778 -72.8074 0.6
      vertex 19.9778 -73.3739 0.6
      vertex 21.3265 -72.5242 0.6
    endloop
  endfacet
  facet normal 0 0 1
    outer loop
      vertex 23.5182 -70.8248 0.6
      vertex 23.181 -69.8336 0.6
      vertex 21.1579 -70.9665 0.6
    endloop
  endfacet
  facet normal 0 0 1
    outer loop
      vertex 21.3265 -71.6745 0.6
      vertex 19.9778 -72.8074 0.6
      vertex 21.3265 -72.5242 0.6
    endloop
  endfacet
  facet normal 0 0 1
    outer loop
      vertex 21.1579 -70.9665 0.6
      vertex 23.181 -69.8336 0.6
      vertex 22.5067 -69.2671 0.6
    endloop
  endfacet
  facet normal -0 0 1
    outer loop
      vertex 20.315 -70.2584 0.6
      vertex 21.1579 -70.9665 0.6
      vertex 21.8323 -68.9839 0.6
    endloop
  endfacet
  facet normal 0 0 1
    outer loop
      vertex 20.9893 -68.8422 0.6
      vertex 20.315 -70.2584 0.6
      vertex 21.8323 -68.9839 0.6
    endloop
  endfacet
  facet normal 0 0 1
    outer loop
      vertex -56.8988 -76.2062 0.6
      vertex -56.8988 -76.4895 0.6
      vertex -56.7303 -76.7727 0.6
    endloop
  endfacet
  facet normal 0 -0 1
    outer loop
      vertex -59.2591 -77.0559 0.6
      vertex -59.2591 -75.923 0.6
      vertex -59.5963 -75.7814 0.6
    endloop
  endfacet
  facet normal 0 0 1
    outer loop
      vertex -54.7072 -75.6398 0.6
      vertex -56.0559 -77.3391 0.6
      vertex -54.5386 -76.6311 0.6
    endloop
  endfacet
  facet normal 0 0 1
    outer loop
      vertex -54.37 -75.923 0.6
      vertex -54.7072 -75.6398 0.6
      vertex -54.5386 -76.6311 0.6
    endloop
  endfacet
  facet normal 0 0 1
    outer loop
      vertex -60.2706 -75.2149 0.6
      vertex -62.4623 -76.0646 0.6
      vertex -62.2937 -76.4895 0.6
    endloop
  endfacet
  facet normal 0 0 1
    outer loop
      vertex -61.1136 -73.2323 0.6
      vertex -62.1251 -74.082 0.6
      vertex -60.2706 -74.082 0.6
    endloop
  endfacet
  facet normal 0 0 1
    outer loop
      vertex -54.5386 -76.6311 0.6
      vertex -53.8642 -76.0646 0.6
      vertex -54.37 -75.923 0.6
    endloop
  endfacet
  facet normal 0 0 1
    outer loop
      vertex -74.6007 -74.6485 0.6
      vertex -74.9379 -75.7814 0.6
      vertex -74.4321 -76.2062 0.6
    endloop
  endfacet
  facet normal 0 0 1
    outer loop
      vertex -57.236 -75.0733 0.6
      vertex -57.4046 -75.7814 0.6
      vertex -56.8988 -76.2062 0.6
    endloop
  endfacet
  facet normal -0 0 1
    outer loop
      vertex -60.6078 -72.9491 0.6
      vertex -59.2591 -73.0907 0.6
      vertex -59.5963 -72.5242 0.6
    endloop
  endfacet
  facet normal 0 0 1
    outer loop
      vertex -55.0444 -74.7901 0.6
      vertex -56.8988 -76.2062 0.6
      vertex -54.8758 -75.3565 0.6
    endloop
  endfacet
  facet normal 0 0 1
    outer loop
      vertex -62.4623 -76.0646 0.6
      vertex -60.2706 -75.2149 0.6
      vertex -62.4623 -74.6485 0.6
    endloop
  endfacet
  facet normal 0 -0 1
    outer loop
      vertex -61.4507 -77.1975 0.6
      vertex -60.2706 -75.2149 0.6
      vertex -62.2937 -76.4895 0.6
    endloop
  endfacet
  facet normal 0 0 1
    outer loop
      vertex -72.2405 -75.3565 0.6
      vertex -73.0834 -77.0559 0.6
      vertex -72.5776 -76.9143 0.6
    endloop
  endfacet
  facet normal 0 0 1
    outer loop
      vertex -72.0719 -75.6398 0.6
      vertex -72.2405 -75.3565 0.6
      vertex -72.5776 -76.9143 0.6
    endloop
  endfacet
  facet normal 0 0 1
    outer loop
      vertex -72.5776 -76.9143 0.6
      vertex -71.7347 -75.923 0.6
      vertex -72.0719 -75.6398 0.6
    endloop
  endfacet
  facet normal 0 0 1
    outer loop
      vertex -71.2289 -75.7814 0.6
      vertex -71.7347 -75.923 0.6
      vertex -71.3975 -76.2062 0.6
    endloop
  endfacet
  facet normal -0 0 1
    outer loop
      vertex -80.1642 -70.5416 0.6
      vertex -79.9956 -70.8248 0.6
      vertex -77.9725 -68.9839 0.6
    endloop
  endfacet
  facet normal 0 -0 1
    outer loop
      vertex -60.945 -77.3391 0.6
      vertex -60.2706 -75.2149 0.6
      vertex -61.4507 -77.1975 0.6
    endloop
  endfacet
  facet normal 0 0 1
    outer loop
      vertex -61.1136 -73.2323 0.6
      vertex -60.2706 -74.082 0.6
      vertex -60.102 -73.7988 0.6
    endloop
  endfacet
  facet normal 0 -0 1
    outer loop
      vertex -69.3745 -70.4 0.6
      vertex -69.0373 -69.6919 0.6
      vertex -69.7116 -70.1168 0.6
    endloop
  endfacet
  facet normal 0 0 1
    outer loop
      vertex -60.6078 -72.9491 0.6
      vertex -60.102 -73.7988 0.6
      vertex -59.2591 -73.0907 0.6
    endloop
  endfacet
  facet normal 0 0 1
    outer loop
      vertex -60.6078 -72.9491 0.6
      vertex -61.1136 -73.2323 0.6
      vertex -60.102 -73.7988 0.6
    endloop
  endfacet
  facet normal 0 0 1
    outer loop
      vertex -55.0444 -70.1168 0.6
      vertex -57.236 -71.6745 0.6
      vertex -57.236 -72.8074 0.6
    endloop
  endfacet
  facet normal 0 0 1
    outer loop
      vertex -55.213 -69.8336 0.6
      vertex -56.0559 -69.1255 0.6
      vertex -57.236 -70.9665 0.6
    endloop
  endfacet
  facet normal 0 0 1
    outer loop
      vertex -57.9104 -72.0994 0.6
      vertex -57.9104 -72.6658 0.6
      vertex -57.5732 -72.5242 0.6
    endloop
  endfacet
  facet normal 0 0 1
    outer loop
      vertex -57.7418 -70.4 0.6
      vertex -57.9104 -68.8422 0.6
      vertex -58.079 -70.2584 0.6
    endloop
  endfacet
  facet normal 0 0 1
    outer loop
      vertex -57.5732 -71.9578 0.6
      vertex -57.9104 -72.0994 0.6
      vertex -57.5732 -72.5242 0.6
    endloop
  endfacet
  facet normal 0 0 1
    outer loop
      vertex -56.0559 -69.1255 0.6
      vertex -57.236 -68.8422 0.6
      vertex -57.4046 -70.6832 0.6
    endloop
  endfacet
  facet normal 0 0 1
    outer loop
      vertex -57.236 -75.0733 0.6
      vertex -57.7418 -75.4981 0.6
      vertex -57.4046 -75.7814 0.6
    endloop
  endfacet
  facet normal 0 0 1
    outer loop
      vertex -55.0444 -70.1168 0.6
      vertex -57.236 -72.8074 0.6
      vertex -55.0444 -74.7901 0.6
    endloop
  endfacet
  facet normal 0 -0 1
    outer loop
      vertex -57.236 -70.9665 0.6
      vertex -56.0559 -69.1255 0.6
      vertex -57.4046 -70.6832 0.6
    endloop
  endfacet
  facet normal 0 -0 1
    outer loop
      vertex -57.4046 -70.6832 0.6
      vertex -57.236 -68.8422 0.6
      vertex -57.7418 -70.4 0.6
    endloop
  endfacet
  facet normal 0 0 1
    outer loop
      vertex -59.2591 -70.1168 0.6
      vertex -58.7533 -70.1168 0.6
      vertex -59.2591 -69.1255 0.6
    endloop
  endfacet
  facet normal -0 0 1
    outer loop
      vertex -58.7533 -70.1168 0.6
      vertex -58.079 -70.2584 0.6
      vertex -57.9104 -68.8422 0.6
    endloop
  endfacet
  facet normal 0 0 1
    outer loop
      vertex -60.4392 -69.6919 0.6
      vertex -60.6078 -70.5416 0.6
      vertex -59.9334 -70.2584 0.6
    endloop
  endfacet
  facet normal 0 0 1
    outer loop
      vertex -60.4392 -69.6919 0.6
      vertex -60.945 -70.1168 0.6
      vertex -60.6078 -70.5416 0.6
    endloop
  endfacet
  facet normal 0 0 1
    outer loop
      vertex -60.6078 -70.5416 0.6
      vertex -60.945 -70.1168 0.6
      vertex -61.2822 -70.5416 0.6
    endloop
  endfacet
  facet normal 0 0 1
    outer loop
      vertex -63.6424 -71.2497 0.6
      vertex -62.968 -70.8248 0.6
      vertex -63.3052 -69.1255 0.6
    endloop
  endfacet
  facet normal 0 0 1
    outer loop
      vertex -60.6078 -70.5416 0.6
      vertex -61.2822 -70.5416 0.6
      vertex -60.945 -70.8248 0.6
    endloop
  endfacet
  facet normal -0 0 1
    outer loop
      vertex -60.4392 -69.6919 0.6
      vertex -59.9334 -70.2584 0.6
      vertex -59.2591 -69.1255 0.6
    endloop
  endfacet
  facet normal 0 0 1
    outer loop
      vertex -62.7995 -69.5503 0.6
      vertex -62.968 -70.8248 0.6
      vertex -62.6309 -69.8336 0.6
    endloop
  endfacet
  facet normal 0 0 1
    outer loop
      vertex -59.2591 -69.1255 0.6
      vertex -59.9334 -70.2584 0.6
      vertex -59.2591 -70.1168 0.6
    endloop
  endfacet
  facet normal 0 0 1
    outer loop
      vertex -57.9104 -68.8422 0.6
      vertex -59.2591 -69.1255 0.6
      vertex -58.7533 -70.1168 0.6
    endloop
  endfacet
  facet normal 0 0 1
    outer loop
      vertex -57.236 -68.8422 0.6
      vertex -57.9104 -68.8422 0.6
      vertex -57.7418 -70.4 0.6
    endloop
  endfacet
  facet normal -0 0 1
    outer loop
      vertex -57.5732 -71.9578 0.6
      vertex -57.5732 -72.5242 0.6
      vertex -57.236 -71.6745 0.6
    endloop
  endfacet
  facet normal 0 0 1
    outer loop
      vertex -57.9104 -72.0994 0.6
      vertex -58.2476 -72.6658 0.6
      vertex -57.9104 -72.6658 0.6
    endloop
  endfacet
  facet normal 0 0 1
    outer loop
      vertex -57.9104 -72.0994 0.6
      vertex -59.5963 -72.5242 0.6
      vertex -58.2476 -72.6658 0.6
    endloop
  endfacet
  facet normal 0 0 1
    outer loop
      vertex -59.5963 -72.5242 0.6
      vertex -59.2591 -73.0907 0.6
      vertex -58.2476 -72.6658 0.6
    endloop
  endfacet
  facet normal 0 0 1
    outer loop
      vertex -59.2591 -77.0559 0.6
      vertex -58.4162 -76.6311 0.6
      vertex -59.2591 -75.923 0.6
    endloop
  endfacet
  facet normal 0 0 1
    outer loop
      vertex -60.945 -77.3391 0.6
      vertex -60.2706 -77.3391 0.6
      vertex -60.2706 -75.2149 0.6
    endloop
  endfacet
  facet normal 0 0 1
    outer loop
      vertex -60.2706 -75.2149 0.6
      vertex -62.1251 -74.082 0.6
      vertex -62.4623 -74.6485 0.6
    endloop
  endfacet
  facet normal 0 0 1
    outer loop
      vertex -60.2706 -75.2149 0.6
      vertex -60.2706 -77.3391 0.6
      vertex -59.5963 -75.7814 0.6
    endloop
  endfacet
  facet normal 0 0 1
    outer loop
      vertex -59.2591 -77.0559 0.6
      vertex -59.5963 -75.7814 0.6
      vertex -60.2706 -77.3391 0.6
    endloop
  endfacet
  facet normal -0 0 1
    outer loop
      vertex -59.2591 -75.923 0.6
      vertex -58.4162 -76.6311 0.6
      vertex -58.7533 -75.923 0.6
    endloop
  endfacet
  facet normal -0 0 1
    outer loop
      vertex -58.7533 -75.923 0.6
      vertex -58.4162 -76.6311 0.6
      vertex -57.7418 -75.4981 0.6
    endloop
  endfacet
  facet normal 0 0 1
    outer loop
      vertex -57.7418 -75.4981 0.6
      vertex -58.4162 -76.6311 0.6
      vertex -57.4046 -75.7814 0.6
    endloop
  endfacet
  facet normal -0 0 1
    outer loop
      vertex -57.236 -75.0733 0.6
      vertex -56.8988 -76.2062 0.6
      vertex -55.0444 -74.7901 0.6
    endloop
  endfacet
  facet normal 0 0 1
    outer loop
      vertex -55.0444 -74.7901 0.6
      vertex -57.236 -72.8074 0.6
      vertex -57.236 -75.0733 0.6
    endloop
  endfacet
  facet normal 0 -0 1
    outer loop
      vertex -57.236 -72.8074 0.6
      vertex -57.236 -71.6745 0.6
      vertex -57.5732 -72.5242 0.6
    endloop
  endfacet
  facet normal 0 0 1
    outer loop
      vertex -24.1926 -71.1081 0.6
      vertex -21.8323 -70.6832 0.6
      vertex -22.1695 -69.6919 0.6
    endloop
  endfacet
  facet normal 0 0 1
    outer loop
      vertex -24.024 -71.8162 0.6
      vertex -24.024 -76.4895 0.6
      vertex -21.8323 -75.3565 0.6
    endloop
  endfacet
  facet normal 0 0 1
    outer loop
      vertex -29.756 -76.7727 0.6
      vertex -27.2271 -71.2497 0.6
      vertex -29.5874 -70.5416 0.6
    endloop
  endfacet
  facet normal 0 0 1
    outer loop
      vertex -26.89 -76.7727 0.6
      vertex -27.2271 -76.3478 0.6
      vertex -28.2387 -76.9143 0.6
    endloop
  endfacet
  facet normal 0 0 1
    outer loop
      vertex -33.2964 -77.1975 0.6
      vertex -31.7791 -76.3478 0.6
      vertex -31.9476 -75.923 0.6
    endloop
  endfacet
  facet normal 0 -0 1
    outer loop
      vertex -43.4117 -77.0559 0.6
      vertex -41.8944 -75.923 0.6
      vertex -44.2547 -76.4895 0.6
    endloop
  endfacet
  facet normal 0 0 1
    outer loop
      vertex -24.1926 -71.1081 0.6
      vertex -22.1695 -69.6919 0.6
      vertex -22.6752 -69.2671 0.6
    endloop
  endfacet
  facet normal -0 0 1
    outer loop
      vertex -24.3611 -70.8248 0.6
      vertex -24.1926 -71.1081 0.6
      vertex -22.6752 -69.2671 0.6
    endloop
  endfacet
  facet normal 0 0 1
    outer loop
      vertex -28.2387 -69.1255 0.6
      vertex -29.5874 -70.5416 0.6
      vertex -27.2271 -71.2497 0.6
    endloop
  endfacet
  facet normal 0 0 1
    outer loop
      vertex -24.3611 -70.8248 0.6
      vertex -22.6752 -69.2671 0.6
      vertex -23.6868 -68.9839 0.6
    endloop
  endfacet
  facet normal -0 0 1
    outer loop
      vertex -24.6983 -70.5416 0.6
      vertex -24.3611 -70.8248 0.6
      vertex -23.6868 -68.9839 0.6
    endloop
  endfacet
  facet normal -0 0 1
    outer loop
      vertex -25.0355 -70.4 0.6
      vertex -24.6983 -70.5416 0.6
      vertex -24.3611 -68.9839 0.6
    endloop
  endfacet
  facet normal -0 0 1
    outer loop
      vertex -24.8669 -68.9839 0.6
      vertex -25.0355 -70.4 0.6
      vertex -24.3611 -68.9839 0.6
    endloop
  endfacet
  facet normal -0 0 1
    outer loop
      vertex -29.756 -76.7727 0.6
      vertex -28.2387 -76.9143 0.6
      vertex -27.2271 -76.3478 0.6
    endloop
  endfacet
  facet normal -0 0 1
    outer loop
      vertex -37.8483 -69.5503 0.6
      vertex -37.5111 -70.2584 0.6
      vertex -36.331 -68.9839 0.6
    endloop
  endfacet
  facet normal 0 0 1
    outer loop
      vertex -40.0399 -74.5068 0.6
      vertex -40.2085 -75.4981 0.6
      vertex -37.8483 -75.2149 0.6
    endloop
  endfacet
  facet normal 0 0 1
    outer loop
      vertex -37.8483 -75.2149 0.6
      vertex -40.0399 -76.2062 0.6
      vertex -39.8713 -76.4895 0.6
    endloop
  endfacet
  facet normal 0 0 1
    outer loop
      vertex -34.9823 -75.0733 0.6
      vertex -34.9823 -75.7814 0.6
      vertex -34.6451 -76.0646 0.6
    endloop
  endfacet
  facet normal 0 0 1
    outer loop
      vertex -29.756 -76.7727 0.6
      vertex -27.2271 -76.3478 0.6
      vertex -27.2271 -71.2497 0.6
    endloop
  endfacet
  facet normal 0 0 1
    outer loop
      vertex -37.8483 -69.5503 0.6
      vertex -38.6912 -70.2584 0.6
      vertex -38.0169 -70.4 0.6
    endloop
  endfacet
  facet normal 0 0 1
    outer loop
      vertex -29.5874 -70.5416 0.6
      vertex -28.2387 -69.1255 0.6
      vertex -29.4188 -69.5503 0.6
    endloop
  endfacet
  facet normal 0 0 1
    outer loop
      vertex -34.9823 -71.6745 0.6
      vertex -32.622 -70.4 0.6
      vertex -34.9823 -70.8248 0.6
    endloop
  endfacet
  facet normal 0 0 1
    outer loop
      vertex -27.9015 -69.1255 0.6
      vertex -28.2387 -69.1255 0.6
      vertex -26.89 -70.1168 0.6
    endloop
  endfacet
  facet normal 0 0 1
    outer loop
      vertex -24.3611 -68.9839 0.6
      vertex -23.8554 -68.8422 0.6
      vertex -24.1926 -68.8422 0.6
    endloop
  endfacet
  facet normal 0 0 1
    outer loop
      vertex -26.047 -70.4 0.6
      vertex -26.89 -70.1168 0.6
      vertex -26.3842 -70.5416 0.6
    endloop
  endfacet
  facet normal -0 -0 1
    outer loop
      vertex -16.5113 -62.7285 0.6
      vertex -16.1593 -62.9059 0.6
      vertex -16.7225 -62.3736 0.6
    endloop
  endfacet
  facet normal 0 0 1
    outer loop
      vertex -26.3842 -70.5416 0.6
      vertex -26.89 -70.1168 0.6
      vertex -27.2271 -71.2497 0.6
    endloop
  endfacet
  facet normal 0 0 1
    outer loop
      vertex -26.89 -70.1168 0.6
      vertex -28.2387 -69.1255 0.6
      vertex -27.2271 -71.2497 0.6
    endloop
  endfacet
  facet normal 0 0 1
    outer loop
      vertex -24.8669 -68.9839 0.6
      vertex -25.5413 -69.2671 0.6
      vertex -25.0355 -70.4 0.6
    endloop
  endfacet
  facet normal 0 0 1
    outer loop
      vertex -23.8554 -68.8422 0.6
      vertex -24.3611 -68.9839 0.6
      vertex -23.6868 -68.9839 0.6
    endloop
  endfacet
  facet normal -0 0 1
    outer loop
      vertex -24.3611 -68.9839 0.6
      vertex -24.6983 -70.5416 0.6
      vertex -23.6868 -68.9839 0.6
    endloop
  endfacet
  facet normal -0 -0 1
    outer loop
      vertex -16.7225 -62.3736 0.6
      vertex -16.1593 -62.9059 0.6
      vertex -17.0042 -61.0724 0.6
    endloop
  endfacet
  facet normal 0 -0 1
    outer loop
      vertex -11.0897 -61.1316 0.6
      vertex -9.04778 -57.642 0.6
      vertex -11.8642 -61.309 0.6
    endloop
  endfacet
  facet normal 0 -0 1
    outer loop
      vertex -35.488 -70.4 0.6
      vertex -34.8137 -68.8422 0.6
      vertex -35.6566 -68.8422 0.6
    endloop
  endfacet
  facet normal 0 -0 1
    outer loop
      vertex -30.0302 -52.0233 0.6
      vertex -29.6781 -51.7276 0.6
      vertex -30.3822 -51.2544 0.6
    endloop
  endfacet
  facet normal 0 -0 1
    outer loop
      vertex -32.622 -75.3565 0.6
      vertex -32.622 -70.4 0.6
      vertex -34.8137 -72.8074 0.6
    endloop
  endfacet
  facet normal 0 0 1
    outer loop
      vertex -34.9823 -70.8248 0.6
      vertex -32.9592 -69.6919 0.6
      vertex -33.465 -69.2671 0.6
    endloop
  endfacet
  facet normal -0 -0 1
    outer loop
      vertex -34.3079 -76.9143 0.6
      vertex -33.2964 -77.1975 0.6
      vertex -34.6451 -76.0646 0.6
    endloop
  endfacet
  facet normal 0 0 1
    outer loop
      vertex -31.9476 -75.923 0.6
      vertex -32.622 -75.3565 0.6
      vertex -33.2964 -77.1975 0.6
    endloop
  endfacet
  facet normal 0 0 1
    outer loop
      vertex -37.8483 -75.2149 0.6
      vertex -39.0284 -73.5155 0.6
      vertex -39.8713 -74.2236 0.6
    endloop
  endfacet
  facet normal 0 -0 1
    outer loop
      vertex -31.7791 -76.3478 0.6
      vertex -31.4419 -75.7814 0.6
      vertex -31.9476 -75.923 0.6
    endloop
  endfacet
  facet normal -0 0 1
    outer loop
      vertex -44.0861 -69.5503 0.6
      vertex -44.2547 -70.5416 0.6
      vertex -43.2431 -69.4087 0.6
    endloop
  endfacet
  facet normal 0 -0 1
    outer loop
      vertex -33.2964 -77.1975 0.6
      vertex -32.622 -75.3565 0.6
      vertex -34.6451 -76.0646 0.6
    endloop
  endfacet
  facet normal 0 0 1
    outer loop
      vertex -35.488 -72.0994 0.6
      vertex -35.488 -72.5242 0.6
      vertex -35.1508 -72.5242 0.6
    endloop
  endfacet
  facet normal 0 0 1
    outer loop
      vertex -38.1854 -77.3391 0.6
      vertex -37.1739 -75.7814 0.6
      vertex -37.8483 -75.2149 0.6
    endloop
  endfacet
  facet normal 0 0 1
    outer loop
      vertex -32.622 -70.4 0.6
      vertex -34.9823 -71.6745 0.6
      vertex -34.8137 -72.8074 0.6
    endloop
  endfacet
  facet normal 0 -0 1
    outer loop
      vertex -40.0399 -76.2062 0.6
      vertex -37.8483 -75.2149 0.6
      vertex -40.2085 -75.4981 0.6
    endloop
  endfacet
  facet normal 0 0 1
    outer loop
      vertex -41.8944 -75.923 0.6
      vertex -43.4117 -77.0559 0.6
      vertex -41.3886 -76.7727 0.6
    endloop
  endfacet
  facet normal -0 0 1
    outer loop
      vertex -39.0284 -73.5155 0.6
      vertex -37.8483 -73.9404 0.6
      vertex -38.5226 -73.0907 0.6
    endloop
  endfacet
  facet normal 0 0 1
    outer loop
      vertex -39.0284 -73.5155 0.6
      vertex -39.197 -73.5155 0.6
      vertex -39.8713 -74.2236 0.6
    endloop
  endfacet
  facet normal 0 -0 1
    outer loop
      vertex -44.0861 -77.0559 0.6
      vertex -43.4117 -77.0559 0.6
      vertex -44.2547 -76.4895 0.6
    endloop
  endfacet
  facet normal -0 0 1
    outer loop
      vertex -40.0399 -74.5068 0.6
      vertex -37.8483 -75.2149 0.6
      vertex -39.8713 -74.2236 0.6
    endloop
  endfacet
  facet normal 0 0 1
    outer loop
      vertex -36.8367 -72.3826 0.6
      vertex -38.5226 -73.0907 0.6
      vertex -37.5111 -73.5155 0.6
    endloop
  endfacet
  facet normal 0 0 1
    outer loop
      vertex -34.9823 -70.8248 0.6
      vertex -33.465 -69.2671 0.6
      vertex -34.1393 -68.9839 0.6
    endloop
  endfacet
  facet normal 0 -0 1
    outer loop
      vertex -36.331 -76.7727 0.6
      vertex -36.331 -75.923 0.6
      vertex -36.8367 -75.923 0.6
    endloop
  endfacet
  facet normal 0 0 1
    outer loop
      vertex -35.488 -72.0994 0.6
      vertex -36.8367 -72.3826 0.6
      vertex -35.488 -72.5242 0.6
    endloop
  endfacet
  facet normal 0 -0 1
    outer loop
      vertex -38.5226 -70.6832 0.6
      vertex -38.0169 -70.4 0.6
      vertex -38.6912 -70.2584 0.6
    endloop
  endfacet
  facet normal 0 0 1
    outer loop
      vertex -34.9823 -71.6745 0.6
      vertex -35.488 -72.0994 0.6
      vertex -35.1508 -72.5242 0.6
    endloop
  endfacet
  facet normal 0 0 1
    outer loop
      vertex -34.1393 -68.9839 0.6
      vertex -35.488 -70.4 0.6
      vertex -34.9823 -70.8248 0.6
    endloop
  endfacet
  facet normal 0 0 1
    outer loop
      vertex -32.622 -70.4 0.6
      vertex -32.9592 -69.6919 0.6
      vertex -34.9823 -70.8248 0.6
    endloop
  endfacet
  facet normal 0 0 1
    outer loop
      vertex -34.1393 -68.9839 0.6
      vertex -34.8137 -68.8422 0.6
      vertex -35.488 -70.4 0.6
    endloop
  endfacet
  facet normal 0 0 1
    outer loop
      vertex -35.6566 -68.8422 0.6
      vertex -35.8252 -70.2584 0.6
      vertex -35.488 -70.4 0.6
    endloop
  endfacet
  facet normal 0 0 1
    outer loop
      vertex -39.0284 -70.6832 0.6
      vertex -38.5226 -70.6832 0.6
      vertex -38.6912 -70.2584 0.6
    endloop
  endfacet
  facet normal 0 0 1
    outer loop
      vertex -44.0861 -70.9665 0.6
      vertex -42.063 -68.9839 0.6
      vertex -43.2431 -69.4087 0.6
    endloop
  endfacet
  facet normal -0 0 1
    outer loop
      vertex -39.0284 -70.6832 0.6
      vertex -39.0284 -71.1081 0.6
      vertex -38.5226 -70.6832 0.6
    endloop
  endfacet
  facet normal 0 0 1
    outer loop
      vertex -38.0169 -70.4 0.6
      vertex -37.5111 -70.2584 0.6
      vertex -37.8483 -69.5503 0.6
    endloop
  endfacet
  facet normal 0 0 1
    outer loop
      vertex -37.5111 -70.2584 0.6
      vertex -35.8252 -70.2584 0.6
      vertex -36.331 -68.9839 0.6
    endloop
  endfacet
  facet normal -0 0 1
    outer loop
      vertex -36.331 -68.9839 0.6
      vertex -35.8252 -70.2584 0.6
      vertex -35.6566 -68.8422 0.6
    endloop
  endfacet
  facet normal 0 0 1
    outer loop
      vertex -7.28751 -36.5864 0.6
      vertex -7.78038 -36.7639 0.6
      vertex -5.17519 -57.0506 0.6
    endloop
  endfacet
  facet normal 0 0 1
    outer loop
      vertex -35.6566 -75.6398 0.6
      vertex -35.3194 -75.923 0.6
      vertex -34.9823 -75.7814 0.6
    endloop
  endfacet
  facet normal 0 0 1
    outer loop
      vertex -37.5111 -73.5155 0.6
      vertex -36.6682 -72.9491 0.6
      vertex -36.8367 -72.3826 0.6
    endloop
  endfacet
  facet normal 0 -0 1
    outer loop
      vertex -36.6682 -72.9491 0.6
      vertex -35.488 -72.5242 0.6
      vertex -36.8367 -72.3826 0.6
    endloop
  endfacet
  facet normal 0 0 1
    outer loop
      vertex -37.1739 -75.7814 0.6
      vertex -38.1854 -77.3391 0.6
      vertex -37.3425 -77.1975 0.6
    endloop
  endfacet
  facet normal 0 0 1
    outer loop
      vertex -37.5111 -73.5155 0.6
      vertex -38.5226 -73.0907 0.6
      vertex -37.8483 -73.9404 0.6
    endloop
  endfacet
  facet normal -0 0 1
    outer loop
      vertex -39.8713 -76.4895 0.6
      vertex -39.0284 -77.1975 0.6
      vertex -37.8483 -75.2149 0.6
    endloop
  endfacet
  facet normal 0 -0 1
    outer loop
      vertex -38.1854 -77.3391 0.6
      vertex -37.8483 -75.2149 0.6
      vertex -39.0284 -77.1975 0.6
    endloop
  endfacet
  facet normal 0 0 1
    outer loop
      vertex -36.8367 -75.923 0.6
      vertex -37.1739 -75.7814 0.6
      vertex -37.3425 -77.1975 0.6
    endloop
  endfacet
  facet normal 0 0 1
    outer loop
      vertex -36.331 -76.7727 0.6
      vertex -36.8367 -75.923 0.6
      vertex -37.3425 -77.1975 0.6
    endloop
  endfacet
  facet normal 0 0 1
    outer loop
      vertex -35.3194 -75.923 0.6
      vertex -36.331 -75.923 0.6
      vertex -36.331 -76.7727 0.6
    endloop
  endfacet
  facet normal 0 0 1
    outer loop
      vertex -35.3194 -75.923 0.6
      vertex -35.6566 -75.6398 0.6
      vertex -36.331 -75.923 0.6
    endloop
  endfacet
  facet normal 0 0 1
    outer loop
      vertex -34.8137 -74.7901 0.6
      vertex -34.9823 -75.0733 0.6
      vertex -34.6451 -76.0646 0.6
    endloop
  endfacet
  facet normal 0 0 1
    outer loop
      vertex -34.9823 -75.0733 0.6
      vertex -35.6566 -75.6398 0.6
      vertex -34.9823 -75.7814 0.6
    endloop
  endfacet
  facet normal 0 0 1
    outer loop
      vertex -32.622 -75.3565 0.6
      vertex -34.8137 -74.7901 0.6
      vertex -34.6451 -76.0646 0.6
    endloop
  endfacet
  facet normal 0 0 1
    outer loop
      vertex -32.622 -75.3565 0.6
      vertex -34.8137 -72.8074 0.6
      vertex -34.8137 -74.7901 0.6
    endloop
  endfacet
  facet normal 0 0 1
    outer loop
      vertex -34.8137 -72.8074 0.6
      vertex -34.9823 -71.6745 0.6
      vertex -35.1508 -72.5242 0.6
    endloop
  endfacet
  facet normal 0 0 1
    outer loop
      vertex -62.6309 -69.8336 0.6
      vertex -62.968 -70.8248 0.6
      vertex -62.6309 -70.4 0.6
    endloop
  endfacet
  facet normal 0 0 1
    outer loop
      vertex -73.0834 -77.0559 0.6
      vertex -74.0949 -77.0559 0.6
      vertex -73.5892 -77.3391 0.6
    endloop
  endfacet
  facet normal 0 0 1
    outer loop
      vertex -64.4854 -71.1081 0.6
      vertex -64.1482 -71.6745 0.6
      vertex -63.6424 -71.2497 0.6
    endloop
  endfacet
  facet normal 0 -0 1
    outer loop
      vertex -74.0949 -77.0559 0.6
      vertex -73.0834 -77.0559 0.6
      vertex -74.4321 -76.2062 0.6
    endloop
  endfacet
  facet normal 0 0 1
    outer loop
      vertex -71.7347 -75.923 0.6
      vertex -72.5776 -76.9143 0.6
      vertex -71.3975 -76.2062 0.6
    endloop
  endfacet
  facet normal 0 0 1
    outer loop
      vertex -72.2405 -75.3565 0.6
      vertex -74.4321 -76.2062 0.6
      vertex -73.0834 -77.0559 0.6
    endloop
  endfacet
  facet normal -0 0 1
    outer loop
      vertex -64.4854 -71.1081 0.6
      vertex -63.6424 -71.2497 0.6
      vertex -63.3052 -69.1255 0.6
    endloop
  endfacet
  facet normal 0 0 1
    outer loop
      vertex -66.8456 -76.2062 0.6
      vertex -68.0257 -76.9143 0.6
      vertex -66.5084 -76.7727 0.6
    endloop
  endfacet
  facet normal 0 0 1
    outer loop
      vertex -79.9956 -70.8248 0.6
      vertex -79.9956 -75.7814 0.6
      vertex -77.8039 -74.6485 0.6
    endloop
  endfacet
  facet normal 0 -0 1
    outer loop
      vertex -78.984 -77.0559 0.6
      vertex -77.6353 -75.0733 0.6
      vertex -79.6584 -76.4895 0.6
    endloop
  endfacet
  facet normal 0 0 1
    outer loop
      vertex -72.2405 -75.3565 0.6
      vertex -74.6007 -74.6485 0.6
      vertex -74.4321 -76.2062 0.6
    endloop
  endfacet
  facet normal 0 0 1
    outer loop
      vertex -77.6353 -75.0733 0.6
      vertex -79.9956 -75.7814 0.6
      vertex -79.6584 -76.4895 0.6
    endloop
  endfacet
  facet normal 0 0 1
    outer loop
      vertex -77.8039 -74.6485 0.6
      vertex -79.9956 -75.7814 0.6
      vertex -77.6353 -75.0733 0.6
    endloop
  endfacet
  facet normal 0 -0 1
    outer loop
      vertex -78.6469 -77.1975 0.6
      vertex -77.6353 -75.0733 0.6
      vertex -78.984 -77.0559 0.6
    endloop
  endfacet
  facet normal 0 0 1
    outer loop
      vertex -78.6469 -77.1975 0.6
      vertex -77.4667 -77.1975 0.6
      vertex -77.6353 -75.0733 0.6
    endloop
  endfacet
  facet normal 0 0 1
    outer loop
      vertex -76.4552 -76.7727 0.6
      vertex -75.2751 -75.923 0.6
      vertex -76.118 -75.7814 0.6
    endloop
  endfacet
  facet normal 0 0 1
    outer loop
      vertex -72.409 -74.6485 0.6
      vertex -74.6007 -70.6832 0.6
      vertex -74.6007 -74.6485 0.6
    endloop
  endfacet
  facet normal -0 0 1
    outer loop
      vertex -79.9956 -70.8248 0.6
      vertex -77.8039 -74.6485 0.6
      vertex -77.9725 -68.9839 0.6
    endloop
  endfacet
  facet normal 0 0 1
    outer loop
      vertex -77.4667 -77.1975 0.6
      vertex -76.4552 -76.7727 0.6
      vertex -76.7924 -75.7814 0.6
    endloop
  endfacet
  facet normal 0 0 1
    outer loop
      vertex -77.6353 -75.0733 0.6
      vertex -77.4667 -77.1975 0.6
      vertex -76.7924 -75.7814 0.6
    endloop
  endfacet
  facet normal -0 0 1
    outer loop
      vertex -76.7924 -75.7814 0.6
      vertex -76.4552 -76.7727 0.6
      vertex -76.118 -75.7814 0.6
    endloop
  endfacet
  facet normal -0 0 1
    outer loop
      vertex -76.118 -75.7814 0.6
      vertex -75.2751 -75.923 0.6
      vertex -75.2751 -75.3565 0.6
    endloop
  endfacet
  facet normal 0 0 1
    outer loop
      vertex -74.6007 -74.6485 0.6
      vertex -75.2751 -75.3565 0.6
      vertex -74.9379 -75.7814 0.6
    endloop
  endfacet
  facet normal 0 0 1
    outer loop
      vertex -75.2751 -75.3565 0.6
      vertex -75.2751 -75.923 0.6
      vertex -74.9379 -75.7814 0.6
    endloop
  endfacet
  facet normal 0 0 1
    outer loop
      vertex -72.409 -74.6485 0.6
      vertex -74.6007 -74.6485 0.6
      vertex -72.2405 -75.3565 0.6
    endloop
  endfacet
  facet normal -0 0 1
    outer loop
      vertex -74.6007 -70.6832 0.6
      vertex -72.409 -74.6485 0.6
      vertex -72.7462 -68.9839 0.6
    endloop
  endfacet
  facet normal -0 0 1
    outer loop
      vertex -74.7693 -70.4 0.6
      vertex -74.6007 -70.6832 0.6
      vertex -72.7462 -68.9839 0.6
    endloop
  endfacet
  facet normal -0 0 1
    outer loop
      vertex -75.2751 -69.9752 0.6
      vertex -74.7693 -70.4 0.6
      vertex -74.9379 -69.6919 0.6
    endloop
  endfacet
  facet normal -0 0 1
    outer loop
      vertex -74.9379 -69.6919 0.6
      vertex -74.7693 -70.4 0.6
      vertex -72.7462 -68.9839 0.6
    endloop
  endfacet
  facet normal 0 0 1
    outer loop
      vertex 30.3822 -43.6247 0.6
      vertex 28.7628 -49.0069 0.6
      vertex 31.2976 -47.5874 0.6
    endloop
  endfacet
  facet normal 0 -0 1
    outer loop
      vertex 68.3629 -76.7727 0.6
      vertex 68.5315 -75.3565 0.6
      vertex 66.3398 -76.4895 0.6
    endloop
  endfacet
  facet normal 0 0 1
    outer loop
      vertex 69.0373 -75.923 0.6
      vertex 68.3629 -76.7727 0.6
      vertex 69.543 -76.0646 0.6
    endloop
  endfacet
  facet normal -0 0 1
    outer loop
      vertex 65.6655 -66.1516 0.6
      vertex 66.1712 -66.5764 0.6
      vertex 65.8341 -65.8683 0.6
    endloop
  endfacet
  facet normal -0 0 1
    outer loop
      vertex 66.3398 -67.0012 0.6
      vertex 68.5315 -75.3565 0.6
      vertex 68.3629 -65.0186 0.6
    endloop
  endfacet
  facet normal 0 0 1
    outer loop
      vertex 68.5315 -75.3565 0.6
      vertex 66.3398 -67.0012 0.6
      vertex 66.3398 -76.4895 0.6
    endloop
  endfacet
  facet normal 0 -0 1
    outer loop
      vertex 66.1712 -66.5764 0.6
      vertex 66.1712 -65.7267 0.6
      vertex 65.8341 -65.8683 0.6
    endloop
  endfacet
  facet normal 0 0 1
    outer loop
      vertex 66.3398 -67.0012 0.6
      vertex 67.6885 -65.1603 0.6
      vertex 66.5084 -65.7267 0.6
    endloop
  endfacet
  facet normal 0 0 1
    outer loop
      vertex 66.3398 -67.0012 0.6
      vertex 68.3629 -65.0186 0.6
      vertex 68.0257 -65.1603 0.6
    endloop
  endfacet
  facet normal 0 0 1
    outer loop
      vertex 66.1712 -66.5764 0.6
      vertex 66.5084 -65.7267 0.6
      vertex 66.1712 -65.7267 0.6
    endloop
  endfacet
  facet normal 0 0 1
    outer loop
      vertex 66.3398 -67.0012 0.6
      vertex 68.0257 -65.1603 0.6
      vertex 67.6885 -65.1603 0.6
    endloop
  endfacet
  facet normal 0 -0 1
    outer loop
      vertex 8.20284 -58.2335 0.6
      vertex 10.5264 -34.1023 0.6
      vertex 7.78038 -58.2926 0.6
    endloop
  endfacet
  facet normal 0 0 1
    outer loop
      vertex 17.3562 -64.0297 0.6
      vertex 18.4124 -63.4383 0.6
      vertex 18.6236 -62.9651 0.6
    endloop
  endfacet
  facet normal 0 0 1
    outer loop
      vertex 11.3009 -33.3335 0.6
      vertex 11.653 -32.9786 0.6
      vertex 11.5826 -32.6829 0.6
    endloop
  endfacet
  facet normal 0 -0 1
    outer loop
      vertex 14.5829 -76.7727 0.6
      vertex 14.5829 -75.3565 0.6
      vertex 13.74 -77.1975 0.6
    endloop
  endfacet
  facet normal 0 0 1
    outer loop
      vertex 12.5599 -76.7727 0.6
      vertex 13.0657 -77.1975 0.6
      vertex 13.74 -77.1975 0.6
    endloop
  endfacet
  facet normal 0 0 1
    outer loop
      vertex 14.5829 -76.7727 0.6
      vertex 15.5945 -76.0646 0.6
      vertex 14.5829 -75.3565 0.6
    endloop
  endfacet
  facet normal 0 0 1
    outer loop
      vertex 9.35669 -76.4895 0.6
      vertex 9.1881 -75.923 0.6
      vertex 7.67079 -77.0559 0.6
    endloop
  endfacet
  facet normal 0 0 1
    outer loop
      vertex 6.99644 -77.0559 0.6
      vertex 7.67079 -77.0559 0.6
      vertex 9.1881 -75.923 0.6
    endloop
  endfacet
  facet normal 0 0 1
    outer loop
      vertex 12.2227 -75.4981 0.6
      vertex 14.5829 -75.3565 0.6
      vertex 12.2227 -71.2497 0.6
    endloop
  endfacet
  facet normal 0 -0 1
    outer loop
      vertex 14.5829 -75.3565 0.6
      vertex 14.5829 -70.6832 0.6
      vertex 12.2227 -71.2497 0.6
    endloop
  endfacet
  facet normal 0 0 1
    outer loop
      vertex 13.5714 -69.1255 0.6
      vertex 13.2342 -68.9839 0.6
      vertex 12.0541 -70.9665 0.6
    endloop
  endfacet
  facet normal 0 0 1
    outer loop
      vertex 9.35669 -71.1081 0.6
      vertex 10.1996 -70.4 0.6
      vertex 9.52528 -70.2584 0.6
    endloop
  endfacet
  facet normal 0 0 1
    outer loop
      vertex 12.3913 -68.8422 0.6
      vertex 11.3798 -70.4 0.6
      vertex 12.0541 -70.9665 0.6
    endloop
  endfacet
  facet normal 0 0 1
    outer loop
      vertex 11.5484 -68.9839 0.6
      vertex 11.0426 -70.2584 0.6
      vertex 11.3798 -70.4 0.6
    endloop
  endfacet
  facet normal 0 0 1
    outer loop
      vertex 6.82785 -70.5416 0.6
      vertex 7.50221 -69.5503 0.6
      vertex 7.16502 -69.5503 0.6
    endloop
  endfacet
  facet normal 0 0 1
    outer loop
      vertex 6.99644 -70.8248 0.6
      vertex 9.1881 -69.9752 0.6
      vertex 7.50221 -69.5503 0.6
    endloop
  endfacet
  facet normal 0 0 1
    outer loop
      vertex 9.1881 -69.9752 0.6
      vertex 6.99644 -70.8248 0.6
      vertex 9.1881 -71.3913 0.6
    endloop
  endfacet
  facet normal 0 0 1
    outer loop
      vertex 9.1881 -75.923 0.6
      vertex 6.99644 -70.8248 0.6
      vertex 6.99644 -77.0559 0.6
    endloop
  endfacet
  facet normal 0 0 1
    outer loop
      vertex 7.67079 -77.0559 0.6
      vertex 9.69386 -76.7727 0.6
      vertex 9.35669 -76.4895 0.6
    endloop
  endfacet
  facet normal 0 0 1
    outer loop
      vertex 9.1881 -71.3913 0.6
      vertex 6.99644 -70.8248 0.6
      vertex 9.1881 -75.923 0.6
    endloop
  endfacet
  facet normal -0 0 1
    outer loop
      vertex 6.49068 -69.8336 0.6
      vertex 6.82785 -70.5416 0.6
      vertex 7.16502 -69.5503 0.6
    endloop
  endfacet
  facet normal 0 0 1
    outer loop
      vertex 6.49068 -69.8336 0.6
      vertex 6.32208 -70.1168 0.6
      vertex 6.82785 -70.5416 0.6
    endloop
  endfacet
  facet normal -0 0 1
    outer loop
      vertex 6.82785 -70.5416 0.6
      vertex 6.99644 -70.8248 0.6
      vertex 7.50221 -69.5503 0.6
    endloop
  endfacet
  facet normal -0 0 1
    outer loop
      vertex 9.52528 -70.2584 0.6
      vertex 10.1996 -70.4 0.6
      vertex 10.3682 -69.5503 0.6
    endloop
  endfacet
  facet normal 0 0 1
    outer loop
      vertex 9.1881 -71.3913 0.6
      vertex 9.35669 -71.1081 0.6
      vertex 9.1881 -69.9752 0.6
    endloop
  endfacet
  facet normal 0 0 1
    outer loop
      vertex 8.97736 -32.2097 0.6
      vertex 4.82312 -32.6829 0.6
      vertex 10.2448 -33.8066 0.6
    endloop
  endfacet
  facet normal 0 0 1
    outer loop
      vertex 10.1996 -70.4 0.6
      vertex 10.7054 -70.2584 0.6
      vertex 10.3682 -69.5503 0.6
    endloop
  endfacet
  facet normal -0 0 1
    outer loop
      vertex 7.50221 -69.5503 0.6
      vertex 9.1881 -69.9752 0.6
      vertex 9.01952 -68.8422 0.6
    endloop
  endfacet
  facet normal 0 -0 1
    outer loop
      vertex 9.35669 -71.1081 0.6
      vertex 9.52528 -70.2584 0.6
      vertex 9.1881 -69.9752 0.6
    endloop
  endfacet
  facet normal -0 0 1
    outer loop
      vertex 10.3682 -69.5503 0.6
      vertex 11.0426 -70.2584 0.6
      vertex 11.5484 -68.9839 0.6
    endloop
  endfacet
  facet normal -0 0 1
    outer loop
      vertex 11.5484 -68.9839 0.6
      vertex 11.3798 -70.4 0.6
      vertex 12.3913 -68.8422 0.6
    endloop
  endfacet
  facet normal 0 0 1
    outer loop
      vertex 32.3537 -41.6729 0.6
      vertex 32.1425 -36.3498 0.6
      vertex 30.2414 -36.3498 0.6
    endloop
  endfacet
  facet normal 0 0 1
    outer loop
      vertex 92.4711 -71.1081 0.6
      vertex 92.4711 -71.8162 0.6
      vertex 92.9769 -72.241 0.6
    endloop
  endfacet
  facet normal 0 0 1
    outer loop
      vertex 94.6628 -70.1168 0.6
      vertex 94.3256 -69.6919 0.6
      vertex 94.6628 -70.8248 0.6
    endloop
  endfacet
  facet normal -0 0 1
    outer loop
      vertex 92.4711 -71.1081 0.6
      vertex 92.9769 -72.241 0.6
      vertex 94.6628 -70.8248 0.6
    endloop
  endfacet
  facet normal 0 0 1
    outer loop
      vertex 94.3256 -69.6919 0.6
      vertex 92.4711 -71.1081 0.6
      vertex 94.6628 -70.8248 0.6
    endloop
  endfacet
  facet normal 0 0 1
    outer loop
      vertex 94.3256 -69.6919 0.6
      vertex 92.3026 -70.8248 0.6
      vertex 92.4711 -71.1081 0.6
    endloop
  endfacet
  facet normal 0 0 1
    outer loop
      vertex 89.7737 -72.6658 0.6
      vertex 87.7507 -72.9491 0.6
      vertex 89.9423 -73.2323 0.6
    endloop
  endfacet
  facet normal 0 0 1
    outer loop
      vertex 89.7737 -72.6658 0.6
      vertex 87.9193 -72.241 0.6
      vertex 87.7507 -72.9491 0.6
    endloop
  endfacet
  facet normal 0 0 1
    outer loop
      vertex 90.4481 -77.1975 0.6
      vertex 92.134 -77.1975 0.6
      vertex 91.9654 -75.6398 0.6
    endloop
  endfacet
  facet normal -0 0 1
    outer loop
      vertex 88.7622 -76.0646 0.6
      vertex 89.7737 -76.9143 0.6
      vertex 90.7853 -74.6485 0.6
    endloop
  endfacet
  facet normal 0 0 1
    outer loop
      vertex 91.9654 -75.6398 0.6
      vertex 92.134 -77.1975 0.6
      vertex 92.4711 -75.7814 0.6
    endloop
  endfacet
  facet normal 0 0 1
    outer loop
      vertex 92.134 -77.1975 0.6
      vertex 92.6397 -77.0559 0.6
      vertex 92.4711 -75.7814 0.6
    endloop
  endfacet
  facet normal 0 0 1
    outer loop
      vertex 91.9654 -75.6398 0.6
      vertex 90.7853 -74.6485 0.6
      vertex 90.4481 -77.1975 0.6
    endloop
  endfacet
  facet normal 0 -0 1
    outer loop
      vertex 90.4481 -77.1975 0.6
      vertex 90.7853 -74.6485 0.6
      vertex 89.7737 -76.9143 0.6
    endloop
  endfacet
  facet normal 0 0 1
    outer loop
      vertex 94.8314 -75.4981 0.6
      vertex 93.9884 -75.6398 0.6
      vertex 93.4827 -76.6311 0.6
    endloop
  endfacet
  facet normal 0 0 1
    outer loop
      vertex 94.6628 -75.2149 0.6
      vertex 94.4942 -75.2149 0.6
      vertex 94.8314 -75.4981 0.6
    endloop
  endfacet
  facet normal 0 0 1
    outer loop
      vertex 95 -74.9317 0.6
      vertex 94.6628 -75.2149 0.6
      vertex 94.8314 -75.4981 0.6
    endloop
  endfacet
  facet normal 0 0 1
    outer loop
      vertex 94.8314 -75.4981 0.6
      vertex 94.4942 -75.2149 0.6
      vertex 93.9884 -75.6398 0.6
    endloop
  endfacet
  facet normal 0 0 1
    outer loop
      vertex 93.4827 -76.6311 0.6
      vertex 93.9884 -75.6398 0.6
      vertex 93.6513 -75.7814 0.6
    endloop
  endfacet
  facet normal 0 0 1
    outer loop
      vertex 90.4481 -74.082 0.6
      vertex 88.7622 -76.0646 0.6
      vertex 90.7853 -74.6485 0.6
    endloop
  endfacet
  facet normal 0 0 1
    outer loop
      vertex 90.4481 -74.082 0.6
      vertex 88.0878 -75.0733 0.6
      vertex 88.7622 -76.0646 0.6
    endloop
  endfacet
  facet normal -0 0 1
    outer loop
      vertex 87.7507 -73.7988 0.6
      vertex 88.0878 -75.0733 0.6
      vertex 89.9423 -73.2323 0.6
    endloop
  endfacet
  facet normal 0 0 1
    outer loop
      vertex 89.7737 -71.3913 0.6
      vertex 88.5936 -70.9665 0.6
      vertex 87.9193 -72.241 0.6
    endloop
  endfacet
  facet normal 0 0 1
    outer loop
      vertex 89.9423 -69.6919 0.6
      vertex 88.9308 -70.5416 0.6
      vertex 90.1109 -70.5416 0.6
    endloop
  endfacet
  facet normal 0 0 1
    outer loop
      vertex 89.9423 -69.6919 0.6
      vertex 90.1109 -70.5416 0.6
      vertex 90.4481 -70.2584 0.6
    endloop
  endfacet
  facet normal 0 0 1
    outer loop
      vertex 92.3026 -68.8422 0.6
      vertex 90.9538 -69.1255 0.6
      vertex 91.291 -70.1168 0.6
    endloop
  endfacet
  facet normal 0 0 1
    outer loop
      vertex 93.1455 -68.9839 0.6
      vertex 92.3026 -70.8248 0.6
      vertex 93.8199 -69.2671 0.6
    endloop
  endfacet
  facet normal 0 0 1
    outer loop
      vertex 92.3026 -68.8422 0.6
      vertex 91.291 -70.1168 0.6
      vertex 91.6282 -70.2584 0.6
    endloop
  endfacet
  facet normal 0 0 1
    outer loop
      vertex 91.291 -70.1168 0.6
      vertex 90.9538 -69.1255 0.6
      vertex 90.7853 -70.1168 0.6
    endloop
  endfacet
  facet normal 0 -0 1
    outer loop
      vertex 90.4481 -70.2584 0.6
      vertex 90.7853 -70.1168 0.6
      vertex 89.9423 -69.6919 0.6
    endloop
  endfacet
  facet normal 0 -0 1
    outer loop
      vertex 90.7853 -70.1168 0.6
      vertex 90.9538 -69.1255 0.6
      vertex 89.9423 -69.6919 0.6
    endloop
  endfacet
  facet normal -0 0 1
    outer loop
      vertex 88.9308 -70.5416 0.6
      vertex 89.7737 -71.3913 0.6
      vertex 90.1109 -70.5416 0.6
    endloop
  endfacet
  facet normal 0 0 1
    outer loop
      vertex 89.9423 -73.2323 0.6
      vertex 90.4481 -74.082 0.6
      vertex 90.2795 -73.5155 0.6
    endloop
  endfacet
  facet normal -0 0 1
    outer loop
      vertex 88.5936 -70.9665 0.6
      vertex 89.7737 -71.3913 0.6
      vertex 88.9308 -70.5416 0.6
    endloop
  endfacet
  facet normal -0 0 1
    outer loop
      vertex 87.9193 -72.241 0.6
      vertex 89.7737 -72.6658 0.6
      vertex 89.7737 -71.3913 0.6
    endloop
  endfacet
  facet normal 0 0 1
    outer loop
      vertex 87.7507 -73.7988 0.6
      vertex 89.9423 -73.2323 0.6
      vertex 87.7507 -72.9491 0.6
    endloop
  endfacet
  facet normal 0 0 1
    outer loop
      vertex 92.3026 -70.8248 0.6
      vertex 94.3256 -69.6919 0.6
      vertex 93.8199 -69.2671 0.6
    endloop
  endfacet
  facet normal -0 0 1
    outer loop
      vertex 90.2795 -73.5155 0.6
      vertex 90.4481 -74.082 0.6
      vertex 91.6282 -73.0907 0.6
    endloop
  endfacet
  facet normal 0 0 1
    outer loop
      vertex 92.9769 -72.241 0.6
      vertex 92.4711 -71.8162 0.6
      vertex 91.6282 -73.0907 0.6
    endloop
  endfacet
  facet normal 0 0 1
    outer loop
      vertex 92.3026 -68.8422 0.6
      vertex 92.3026 -70.8248 0.6
      vertex 93.1455 -68.9839 0.6
    endloop
  endfacet
  facet normal 0 -0 1
    outer loop
      vertex 91.6282 -73.0907 0.6
      vertex 92.4711 -71.8162 0.6
      vertex 90.2795 -73.5155 0.6
    endloop
  endfacet
  facet normal 0 0 1
    outer loop
      vertex 92.3026 -68.8422 0.6
      vertex 91.6282 -70.2584 0.6
      vertex 92.3026 -70.8248 0.6
    endloop
  endfacet
  facet normal 0 0 1
    outer loop
      vertex -26.6505 -51.1361 0.6
      vertex -28.2699 -51.2544 0.6
      vertex -27.8474 -51.6684 0.6
    endloop
  endfacet
  facet normal 0 0 1
    outer loop
      vertex -63.3052 -69.1255 0.6
      vertex -62.968 -70.8248 0.6
      vertex -62.7995 -69.5503 0.6
    endloop
  endfacet
  facet normal 0 0 1
    outer loop
      vertex -62.968 -70.8248 0.6
      vertex -63.6424 -71.2497 0.6
      vertex -63.4738 -71.2497 0.6
    endloop
  endfacet
  facet normal 0 -0 1
    outer loop
      vertex -69.2059 -70.6832 0.6
      vertex -69.0373 -69.6919 0.6
      vertex -69.3745 -70.4 0.6
    endloop
  endfacet
  facet normal 0 0 1
    outer loop
      vertex -65.6655 -69.4087 0.6
      vertex -66.0027 -70.5416 0.6
      vertex -65.1597 -70.5416 0.6
    endloop
  endfacet
  facet normal -0 0 1
    outer loop
      vertex -69.2059 -70.6832 0.6
      vertex -66.8456 -71.3913 0.6
      vertex -67.0142 -69.9752 0.6
    endloop
  endfacet
  facet normal 0 0 1
    outer loop
      vertex -64.1482 -68.8422 0.6
      vertex -64.4854 -71.1081 0.6
      vertex -63.3052 -69.1255 0.6
    endloop
  endfacet
  facet normal 0 0 1
    outer loop
      vertex -64.1482 -68.8422 0.6
      vertex -65.1597 -70.5416 0.6
      vertex -64.4854 -71.1081 0.6
    endloop
  endfacet
  facet normal 0 0 1
    outer loop
      vertex -67.0142 -69.9752 0.6
      vertex -69.0373 -69.6919 0.6
      vertex -69.2059 -70.6832 0.6
    endloop
  endfacet
  facet normal 0 0 1
    outer loop
      vertex -67.0142 -69.9752 0.6
      vertex -67.52 -68.9839 0.6
      vertex -69.0373 -69.6919 0.6
    endloop
  endfacet
  facet normal 0 0 1
    outer loop
      vertex -68.0257 -76.9143 0.6
      vertex -69.2059 -70.6832 0.6
      vertex -69.2059 -77.1975 0.6
    endloop
  endfacet
  facet normal 0 0 1
    outer loop
      vertex -66.8456 -76.2062 0.6
      vertex -69.2059 -70.6832 0.6
      vertex -68.0257 -76.9143 0.6
    endloop
  endfacet
  facet normal 0 0 1
    outer loop
      vertex -66.8456 -71.3913 0.6
      vertex -69.2059 -70.6832 0.6
      vertex -66.8456 -76.2062 0.6
    endloop
  endfacet
  facet normal -0 0 1
    outer loop
      vertex -70.0488 -69.9752 0.6
      vertex -69.7116 -70.1168 0.6
      vertex -69.0373 -69.6919 0.6
    endloop
  endfacet
  facet normal 0 0 1
    outer loop
      vertex -66.677 -71.1081 0.6
      vertex -66.0027 -70.5416 0.6
      vertex -66.677 -70.2584 0.6
    endloop
  endfacet
  facet normal -0 0 1
    outer loop
      vertex -66.677 -70.2584 0.6
      vertex -66.0027 -70.5416 0.6
      vertex -65.6655 -69.4087 0.6
    endloop
  endfacet
  facet normal 0 0 1
    outer loop
      vertex -66.677 -71.1081 0.6
      vertex -67.0142 -69.9752 0.6
      vertex -66.8456 -71.3913 0.6
    endloop
  endfacet
  facet normal 0 0 1
    outer loop
      vertex -67.0142 -69.9752 0.6
      vertex -67.1828 -68.9839 0.6
      vertex -67.52 -68.9839 0.6
    endloop
  endfacet
  facet normal 0 -0 1
    outer loop
      vertex -66.677 -71.1081 0.6
      vertex -66.677 -70.2584 0.6
      vertex -67.0142 -69.9752 0.6
    endloop
  endfacet
  facet normal -0 0 1
    outer loop
      vertex -65.6655 -69.4087 0.6
      vertex -65.1597 -70.5416 0.6
      vertex -64.8225 -68.9839 0.6
    endloop
  endfacet
  facet normal -0 0 1
    outer loop
      vertex -64.8225 -68.9839 0.6
      vertex -65.1597 -70.5416 0.6
      vertex -64.1482 -68.8422 0.6
    endloop
  endfacet
  facet normal 0 -0 1
    outer loop
      vertex 18.6236 -59.2981 0.6
      vertex 19.6094 -59.1207 0.6
      vertex 18.2716 -59.0615 0.6
    endloop
  endfacet
  facet normal 0 0 1
    outer loop
      vertex 31.6105 -69.5503 0.6
      vertex 31.1047 -69.1255 0.6
      vertex 31.4419 -70.6832 0.6
    endloop
  endfacet
  facet normal 0 0 1
    outer loop
      vertex 31.4419 -70.6832 0.6
      vertex 31.1047 -69.1255 0.6
      vertex 30.0932 -71.1081 0.6
    endloop
  endfacet
  facet normal 0 0 1
    outer loop
      vertex 31.1047 -69.1255 0.6
      vertex 30.0932 -68.8422 0.6
      vertex 29.4188 -70.5416 0.6
    endloop
  endfacet
  facet normal 0 0 1
    outer loop
      vertex 29.4188 -70.5416 0.6
      vertex 28.5759 -69.8336 0.6
      vertex 28.7444 -70.5416 0.6
    endloop
  endfacet
  facet normal -0 0 1
    outer loop
      vertex 25.3727 -70.4 0.6
      vertex 25.5412 -70.8248 0.6
      vertex 25.7098 -69.5503 0.6
    endloop
  endfacet
  facet normal -0 0 1
    outer loop
      vertex 25.7098 -69.5503 0.6
      vertex 27.7329 -69.9752 0.6
      vertex 27.5643 -68.8422 0.6
    endloop
  endfacet
  facet normal 0 0 1
    outer loop
      vertex 27.9015 -71.2497 0.6
      vertex 25.5412 -70.8248 0.6
      vertex 27.7329 -71.5329 0.6
    endloop
  endfacet
  facet normal 0 0 1
    outer loop
      vertex 27.7329 -75.6398 0.6
      vertex 25.5412 -70.8248 0.6
      vertex 25.5412 -77.0559 0.6
    endloop
  endfacet
  facet normal 0 0 1
    outer loop
      vertex 27.7329 -71.5329 0.6
      vertex 25.5412 -70.8248 0.6
      vertex 27.7329 -75.6398 0.6
    endloop
  endfacet
  facet normal -0 0 1
    outer loop
      vertex 24.8669 -69.9752 0.6
      vertex 25.3727 -70.4 0.6
      vertex 25.7098 -69.5503 0.6
    endloop
  endfacet
  facet normal 0 0 1
    outer loop
      vertex 27.9015 -71.2497 0.6
      vertex 28.7444 -70.5416 0.6
      vertex 28.0701 -70.2584 0.6
    endloop
  endfacet
  facet normal 0 0 1
    outer loop
      vertex 28.5759 -69.8336 0.6
      vertex 28.0701 -70.2584 0.6
      vertex 28.7444 -70.5416 0.6
    endloop
  endfacet
  facet normal 0 0 1
    outer loop
      vertex 8.20284 -58.2335 0.6
      vertex 16.9338 -59.653 0.6
      vertex 17.5675 -59.1798 0.6
    endloop
  endfacet
  facet normal 0 0 1
    outer loop
      vertex 27.9015 -71.2497 0.6
      vertex 27.7329 -69.9752 0.6
      vertex 25.5412 -70.8248 0.6
    endloop
  endfacet
  facet normal 0 0 1
    outer loop
      vertex 28.913 -69.4087 0.6
      vertex 28.5759 -69.6919 0.6
      vertex 28.5759 -69.8336 0.6
    endloop
  endfacet
  facet normal 0 -0 1
    outer loop
      vertex 27.9015 -71.2497 0.6
      vertex 28.0701 -70.2584 0.6
      vertex 27.7329 -69.9752 0.6
    endloop
  endfacet
  facet normal 0 0 1
    outer loop
      vertex 29.4188 -70.5416 0.6
      vertex 28.913 -69.4087 0.6
      vertex 28.5759 -69.8336 0.6
    endloop
  endfacet
  facet normal 0 -0 1
    outer loop
      vertex 29.4188 -70.5416 0.6
      vertex 30.0932 -68.8422 0.6
      vertex 28.913 -69.4087 0.6
    endloop
  endfacet
  facet normal 0 0 1
    outer loop
      vertex -43.2431 -69.4087 0.6
      vertex -42.063 -68.9839 0.6
      vertex -42.4002 -68.9839 0.6
    endloop
  endfacet
  facet normal 0 0 1
    outer loop
      vertex -42.063 -68.9839 0.6
      vertex -44.0861 -70.9665 0.6
      vertex -41.8944 -75.923 0.6
    endloop
  endfacet
  facet normal 0 0 1
    outer loop
      vertex -41.8944 -75.923 0.6
      vertex -44.0861 -70.9665 0.6
      vertex -44.2547 -76.4895 0.6
    endloop
  endfacet
  facet normal 0 0 1
    outer loop
      vertex -44.0861 -69.5503 0.6
      vertex -44.929 -69.9752 0.6
      vertex -44.2547 -70.5416 0.6
    endloop
  endfacet
  facet normal 0 0 1
    outer loop
      vertex -41.8944 -66.1516 0.6
      vertex -44.2547 -66.1516 0.6
      vertex -43.7489 -67.5677 0.6
    endloop
  endfacet
  facet normal 0 -0 1
    outer loop
      vertex -44.0861 -70.9665 0.6
      vertex -43.2431 -69.4087 0.6
      vertex -44.2547 -70.5416 0.6
    endloop
  endfacet
  facet normal 0 0 1
    outer loop
      vertex -41.8944 -66.1516 0.6
      vertex -43.7489 -67.5677 0.6
      vertex -43.0745 -67.9926 0.6
    endloop
  endfacet
  facet normal 0 0 1
    outer loop
      vertex -43.7489 -67.5677 0.6
      vertex -44.2547 -66.1516 0.6
      vertex -44.7604 -66.5764 0.6
    endloop
  endfacet
  facet normal 0 0 1
    outer loop
      vertex -41.8944 -66.0099 0.6
      vertex -42.9059 -65.0186 0.6
      vertex -41.8944 -66.1516 0.6
    endloop
  endfacet
  facet normal 0 0 1
    outer loop
      vertex -43.0745 -67.9926 0.6
      vertex -41.3886 -66.5764 0.6
      vertex -41.8944 -66.1516 0.6
    endloop
  endfacet
  facet normal 0 0 1
    outer loop
      vertex -44.2547 -66.1516 0.6
      vertex -41.8944 -66.1516 0.6
      vertex -42.9059 -65.0186 0.6
    endloop
  endfacet
  facet normal -0 0 1
    outer loop
      vertex -44.2547 -66.0099 0.6
      vertex -44.2547 -66.1516 0.6
      vertex -42.9059 -65.0186 0.6
    endloop
  endfacet
  facet normal 0 0 1
    outer loop
      vertex 31.2976 -47.5874 0.6
      vertex 28.7628 -49.0069 0.6
      vertex 29.9598 -48.7703 0.6
    endloop
  endfacet
  facet normal 0 -0 1
    outer loop
      vertex 30.3822 -43.6247 0.6
      vertex 30.4526 -43.2698 0.6
      vertex 21.3696 -35.2853 0.6
    endloop
  endfacet
  facet normal 0 0 1
    outer loop
      vertex 25.8055 -35.167 0.6
      vertex 21.7921 -34.9895 0.6
      vertex 21.3696 -35.2853 0.6
    endloop
  endfacet
  facet normal 0 0 1
    outer loop
      vertex 26.6505 -52.2599 0.6
      vertex 26.58 -52.9696 0.6
      vertex 27.1433 -53.147 0.6
    endloop
  endfacet
  facet normal 0 0 1
    outer loop
      vertex 21.7921 -34.9895 0.6
      vertex 22.5666 -34.4572 0.6
      vertex 21.9329 -34.6346 0.6
    endloop
  endfacet
  facet normal 0 0 1
    outer loop
      vertex 28.0587 -51.9641 0.6
      vertex 26.6505 -52.2599 0.6
      vertex 27.9883 -52.733 0.6
    endloop
  endfacet
  facet normal 0 0 1
    outer loop
      vertex 11.3009 -33.3335 0.6
      vertex 10.8784 -32.3871 0.6
      vertex 10.2448 -33.8066 0.6
    endloop
  endfacet
  facet normal 0 0 1
    outer loop
      vertex 10.5264 -34.1023 0.6
      vertex 8.20284 -58.2335 0.6
      vertex 13.9765 -34.3981 0.6
    endloop
  endfacet
  facet normal 0 -0 1
    outer loop
      vertex 10.2448 -33.8066 0.6
      vertex 10.8784 -32.3871 0.6
      vertex 8.97736 -32.2097 0.6
    endloop
  endfacet
  facet normal 0 0 1
    outer loop
      vertex 17.7083 -34.9895 0.6
      vertex 14.9623 -34.3981 0.6
      vertex 18.342 -35.4627 0.6
    endloop
  endfacet
  facet normal 0 0 1
    outer loop
      vertex 17.0042 -33.9249 0.6
      vertex 16.0184 -33.8658 0.6
      vertex 17.7083 -34.9895 0.6
    endloop
  endfacet
  facet normal 0 0 1
    outer loop
      vertex 18.7645 -35.4627 0.6
      vertex 21.3696 -35.2853 0.6
      vertex 19.6798 -35.1078 0.6
    endloop
  endfacet
  facet normal 0 0 1
    outer loop
      vertex 24.6085 -34.5164 0.6
      vertex 22.5666 -34.4572 0.6
      vertex 21.7921 -34.9895 0.6
    endloop
  endfacet
  facet normal 0 -0 1
    outer loop
      vertex 38.3386 -40.7857 0.6
      vertex 38.409 -40.4309 0.6
      vertex 37.2825 -40.7266 0.6
    endloop
  endfacet
  facet normal 0 -0 1
    outer loop
      vertex 40.9438 -39.7211 0.6
      vertex 41.3663 -38.3608 0.6
      vertex 40.0989 -38.0059 0.6
    endloop
  endfacet
  facet normal 0 0 1
    outer loop
      vertex 37.7753 -39.662 0.6
      vertex 34.7477 -36.1724 0.6
      vertex 36.7896 -40.8449 0.6
    endloop
  endfacet
  facet normal 0 0 1
    outer loop
      vertex 25.8055 -35.167 0.6
      vertex 25.3831 -34.7529 0.6
      vertex 24.6085 -34.5164 0.6
    endloop
  endfacet
  facet normal 0 -0 1
    outer loop
      vertex 33.5507 -41.2589 0.6
      vertex 33.8324 -36.5864 0.6
      vertex 32.1425 -36.3498 0.6
    endloop
  endfacet
  facet normal 0 0 1
    outer loop
      vertex 37.5641 -36.7047 0.6
      vertex 37.7753 -39.662 0.6
      vertex 38.8315 -38.9522 0.6
    endloop
  endfacet
  facet normal 0 0 1
    outer loop
      vertex 38.8315 -38.9522 0.6
      vertex 40.0989 -38.0059 0.6
      vertex 39.1132 -37.237 0.6
    endloop
  endfacet
  facet normal -0 0 1
    outer loop
      vertex 33.8324 -36.5864 0.6
      vertex 36.7896 -40.8449 0.6
      vertex 34.7477 -36.1724 0.6
    endloop
  endfacet
  facet normal 0 0 1
    outer loop
      vertex 34.7477 -36.1724 0.6
      vertex 34.2548 -36.2316 0.6
      vertex 33.8324 -36.5864 0.6
    endloop
  endfacet
  facet normal 0 0 1
    outer loop
      vertex 22.7779 -51.491 0.6
      vertex 23.7636 -53.147 0.6
      vertex 23.3412 -51.9641 0.6
    endloop
  endfacet
  facet normal 0 0 1
    outer loop
      vertex 40.9438 -39.7211 0.6
      vertex 40.0989 -38.0059 0.6
      vertex 38.8315 -38.9522 0.6
    endloop
  endfacet
  facet normal 0 0 1
    outer loop
      vertex 42 -38.8931 0.6
      vertex 41.9296 -38.6565 0.6
      vertex 41.5071 -39.1297 0.6
    endloop
  endfacet
  facet normal 0 0 1
    outer loop
      vertex 41.3663 -38.3608 0.6
      vertex 40.9438 -39.7211 0.6
      vertex 41.5071 -39.1297 0.6
    endloop
  endfacet
  facet normal 0 0 1
    outer loop
      vertex 41.3663 -38.3608 0.6
      vertex 41.5071 -39.1297 0.6
      vertex 41.9296 -38.6565 0.6
    endloop
  endfacet
  facet normal 0 -0 1
    outer loop
      vertex 38.8315 -38.9522 0.6
      vertex 39.1132 -37.237 0.6
      vertex 37.5641 -36.7047 0.6
    endloop
  endfacet
  facet normal 0 0 1
    outer loop
      vertex 37.7753 -39.662 0.6
      vertex 37.5641 -36.7047 0.6
      vertex 34.7477 -36.1724 0.6
    endloop
  endfacet
  facet normal 0 0 1
    outer loop
      vertex 31.72 -43.743 0.6
      vertex 30.7343 -43.8613 0.6
      vertex 32.3537 -44.6302 0.6
    endloop
  endfacet
  facet normal 0 0 1
    outer loop
      vertex 38.409 -40.4309 0.6
      vertex 37.7753 -39.662 0.6
      vertex 37.2825 -40.7266 0.6
    endloop
  endfacet
  facet normal 0 -0 1
    outer loop
      vertex 32.2833 -45.6948 0.6
      vertex 32.3537 -44.6302 0.6
      vertex 30.7343 -43.8613 0.6
    endloop
  endfacet
  facet normal -0 0 1
    outer loop
      vertex 33.8324 -41.4363 0.6
      vertex 34.3956 -42.0869 0.6
      vertex 36.7896 -40.8449 0.6
    endloop
  endfacet
  facet normal 0 0 1
    outer loop
      vertex 33.8324 -36.5864 0.6
      vertex 33.5507 -41.2589 0.6
      vertex 36.7896 -40.8449 0.6
    endloop
  endfacet
  facet normal 0 0 1
    outer loop
      vertex 26.2984 -35.3444 0.6
      vertex 31.0863 -42.5009 0.6
      vertex 30.2414 -36.3498 0.6
    endloop
  endfacet
  facet normal -0 0 1
    outer loop
      vertex 33.5507 -41.2589 0.6
      vertex 33.8324 -41.4363 0.6
      vertex 36.7896 -40.8449 0.6
    endloop
  endfacet
  facet normal 0 0 1
    outer loop
      vertex 33.8324 -41.4363 0.6
      vertex 33.8324 -42.0278 0.6
      vertex 34.3956 -42.0869 0.6
    endloop
  endfacet
  facet normal 0 -0 1
    outer loop
      vertex 32.3537 -41.6729 0.6
      vertex 33.5507 -41.2589 0.6
      vertex 32.1425 -36.3498 0.6
    endloop
  endfacet
  facet normal 0 0 1
    outer loop
      vertex 26.2984 -35.3444 0.6
      vertex 30.4526 -43.2698 0.6
      vertex 31.0863 -42.5009 0.6
    endloop
  endfacet
  facet normal -0 0 1
    outer loop
      vertex 24.4677 -51.1953 0.6
      vertex 24.679 -51.4318 0.6
      vertex 24.5381 -50.8404 0.6
    endloop
  endfacet
  facet normal 0 0 1
    outer loop
      vertex 26.2984 -35.3444 0.6
      vertex 21.3696 -35.2853 0.6
      vertex 30.4526 -43.2698 0.6
    endloop
  endfacet
  facet normal 0 0 1
    outer loop
      vertex 25.6647 -51.1361 0.6
      vertex 24.5381 -50.8404 0.6
      vertex 25.3127 -51.1361 0.6
    endloop
  endfacet
  facet normal 0 0 1
    outer loop
      vertex 26.6505 -52.2599 0.6
      vertex 27.1433 -53.147 0.6
      vertex 27.9883 -52.733 0.6
    endloop
  endfacet
  facet normal 0 -0 1
    outer loop
      vertex 31.2976 -47.5874 0.6
      vertex 32.2833 -45.6948 0.6
      vertex 30.7343 -43.8613 0.6
    endloop
  endfacet
  facet normal 0 0 1
    outer loop
      vertex 31.72 -43.743 0.6
      vertex 32.3537 -44.6302 0.6
      vertex 32.1425 -43.9796 0.6
    endloop
  endfacet
  facet normal 0 -0 1
    outer loop
      vertex 24.1157 -56.6957 0.6
      vertex 24.5381 -56.0451 0.6
      vertex 23.7636 -53.147 0.6
    endloop
  endfacet
  facet normal 0 0 1
    outer loop
      vertex 30.3822 -43.6247 0.6
      vertex 31.2976 -47.5874 0.6
      vertex 30.7343 -43.8613 0.6
    endloop
  endfacet
  facet normal 0 0 1
    outer loop
      vertex 24.2565 -50.6629 0.6
      vertex 24.5381 -50.8404 0.6
      vertex 25.6647 -51.1361 0.6
    endloop
  endfacet
  facet normal 0 0 1
    outer loop
      vertex 25.6647 -51.1361 0.6
      vertex 27.5658 -50.8995 0.6
      vertex 27.8474 -50.0715 0.6
    endloop
  endfacet
  facet normal 0 0 1
    outer loop
      vertex 27.8474 -50.0715 0.6
      vertex 24.2565 -50.6629 0.6
      vertex 25.6647 -51.1361 0.6
    endloop
  endfacet
  facet normal -0 0 1
    outer loop
      vertex 26.228 -51.7867 0.6
      vertex 26.6505 -52.2599 0.6
      vertex 27.5658 -50.8995 0.6
    endloop
  endfacet
  facet normal 0 0 1
    outer loop
      vertex 23.3412 -51.9641 0.6
      vertex 23.7636 -53.147 0.6
      vertex 23.7636 -52.9105 0.6
    endloop
  endfacet
  facet normal 0 0 1
    outer loop
      vertex 21.3696 -35.2853 0.6
      vertex 24.2565 -50.6629 0.6
      vertex 30.3822 -43.6247 0.6
    endloop
  endfacet
  facet normal 0 0 1
    outer loop
      vertex 27.5658 -50.8995 0.6
      vertex 26.1576 -51.4318 0.6
      vertex 26.228 -51.7867 0.6
    endloop
  endfacet
  facet normal 0 0 1
    outer loop
      vertex 30.3822 -43.6247 0.6
      vertex 24.2565 -50.6629 0.6
      vertex 28.7628 -49.0069 0.6
    endloop
  endfacet
  facet normal -0 0 1
    outer loop
      vertex 25.6647 -51.1361 0.6
      vertex 26.1576 -51.4318 0.6
      vertex 27.5658 -50.8995 0.6
    endloop
  endfacet
  facet normal 0 0 1
    outer loop
      vertex 21.3696 -35.2853 0.6
      vertex 18.7645 -35.4627 0.6
      vertex 24.2565 -50.6629 0.6
    endloop
  endfacet
  facet normal 0 0 1
    outer loop
      vertex 24.2565 -50.6629 0.6
      vertex 18.7645 -35.4627 0.6
      vertex 22.7779 -51.491 0.6
    endloop
  endfacet
  facet normal 0 0 1
    outer loop
      vertex 22.7779 -51.491 0.6
      vertex 18.7645 -35.4627 0.6
      vertex 18.342 -35.4627 0.6
    endloop
  endfacet
  facet normal 0 0 1
    outer loop
      vertex 13.9765 -34.3981 0.6
      vertex 8.20284 -58.2335 0.6
      vertex 22.7779 -51.491 0.6
    endloop
  endfacet
  facet normal 0 0 1
    outer loop
      vertex 24.2565 -50.6629 0.6
      vertex 27.8474 -50.0715 0.6
      vertex 28.7628 -49.0069 0.6
    endloop
  endfacet
  facet normal 0 0 1
    outer loop
      vertex 13.9765 -34.3981 0.6
      vertex 22.7779 -51.491 0.6
      vertex 18.342 -35.4627 0.6
    endloop
  endfacet
  facet normal 0 -0 1
    outer loop
      vertex 19.2573 -59.7121 0.6
      vertex 19.6094 -59.1207 0.6
      vertex 18.6236 -59.2981 0.6
    endloop
  endfacet
  facet normal 0 0 1
    outer loop
      vertex 24.1861 -51.905 0.6
      vertex 23.3412 -51.9641 0.6
      vertex 23.7636 -52.9105 0.6
    endloop
  endfacet
  facet normal 0 0 1
    outer loop
      vertex 23.7636 -53.147 0.6
      vertex 22.8483 -57.9377 0.6
      vertex 24.1157 -56.6957 0.6
    endloop
  endfacet
  facet normal 0 0 1
    outer loop
      vertex 24.1861 -51.905 0.6
      vertex 24.679 -52.319 0.6
      vertex 24.679 -52.0824 0.6
    endloop
  endfacet
  facet normal 0 0 1
    outer loop
      vertex 23.7636 -52.9105 0.6
      vertex 24.679 -52.319 0.6
      vertex 24.1861 -51.905 0.6
    endloop
  endfacet
  facet normal 0 -0 1
    outer loop
      vertex 24.5381 -56.0451 0.6
      vertex 24.8198 -54.6848 0.6
      vertex 23.7636 -53.147 0.6
    endloop
  endfacet
  facet normal 0 0 1
    outer loop
      vertex 18.6236 -62.1962 0.6
      vertex 18.4124 -61.723 0.6
      vertex 17.3562 -64.0297 0.6
    endloop
  endfacet
  facet normal 0 0 1
    outer loop
      vertex 17.3562 -64.0297 0.6
      vertex 16.0184 -64.2071 0.6
      vertex 16.6521 -64.6803 0.6
    endloop
  endfacet
  facet normal 0 0 1
    outer loop
      vertex 21.8625 -58.4109 0.6
      vertex 22.8483 -57.9377 0.6
      vertex 23.7636 -53.147 0.6
    endloop
  endfacet
  facet normal 0 0 1
    outer loop
      vertex 20.8064 -58.5884 0.6
      vertex 21.8625 -58.4109 0.6
      vertex 23.7636 -53.147 0.6
    endloop
  endfacet
  facet normal 0 0 1
    outer loop
      vertex 22.7779 -51.491 0.6
      vertex 20.8064 -58.5884 0.6
      vertex 23.7636 -53.147 0.6
    endloop
  endfacet
  facet normal 0 0 1
    outer loop
      vertex 19.2573 -59.7121 0.6
      vertex 18.6236 -59.2981 0.6
      vertex 18.8349 -59.7121 0.6
    endloop
  endfacet
  facet normal 0 0 1
    outer loop
      vertex 20.8064 -58.5884 0.6
      vertex 18.2716 -59.0615 0.6
      vertex 19.6094 -59.1207 0.6
    endloop
  endfacet
  facet normal 0 -0 1
    outer loop
      vertex 20.8064 -58.5884 0.6
      vertex 22.7779 -51.491 0.6
      vertex 18.2716 -59.0615 0.6
    endloop
  endfacet
  facet normal 0 -0 1
    outer loop
      vertex 18.2716 -59.0615 0.6
      vertex 22.7779 -51.491 0.6
      vertex 17.5675 -59.1798 0.6
    endloop
  endfacet
  facet normal 0 0 1
    outer loop
      vertex 16.9338 -59.653 0.6
      vertex 11.653 -60.9542 0.6
      vertex 12.1458 -61.1907 0.6
    endloop
  endfacet
  facet normal -0 0 1
    outer loop
      vertex 9.9631 -59.8895 0.6
      vertex 11.653 -60.9542 0.6
      vertex 16.9338 -59.653 0.6
    endloop
  endfacet
  facet normal 0 0 1
    outer loop
      vertex 16.793 -60.1261 0.6
      vertex 13.9765 -62.8468 0.6
      vertex 14.8215 -63.2608 0.6
    endloop
  endfacet
  facet normal 0 -0 1
    outer loop
      vertex 13.9765 -62.8468 0.6
      vertex 16.793 -60.1261 0.6
      vertex 12.1458 -61.1907 0.6
    endloop
  endfacet
  facet normal 0 0 1
    outer loop
      vertex 17.3562 -64.0297 0.6
      vertex 18.6236 -62.9651 0.6
      vertex 18.6236 -62.1962 0.6
    endloop
  endfacet
  facet normal 0 0 1
    outer loop
      vertex 15.0327 -66.0998 0.6
      vertex 14.8919 -66.6912 0.6
      vertex 15.0327 -66.6321 0.6
    endloop
  endfacet
  facet normal 0 -0 1
    outer loop
      vertex 16.0184 -64.2071 0.6
      vertex 17.3562 -64.0297 0.6
      vertex 15.4551 -63.9114 0.6
    endloop
  endfacet
  facet normal 0 -0 1
    outer loop
      vertex 16.0888 -64.6803 0.6
      vertex 16.6521 -64.6803 0.6
      vertex 16.0184 -64.2071 0.6
    endloop
  endfacet
  facet normal 0 0 1
    outer loop
      vertex 18.4124 -61.723 0.6
      vertex 15.4551 -63.9114 0.6
      vertex 17.3562 -64.0297 0.6
    endloop
  endfacet
  facet normal 0 0 1
    outer loop
      vertex 18.4124 -61.723 0.6
      vertex 14.8215 -63.2608 0.6
      vertex 15.4551 -63.9114 0.6
    endloop
  endfacet
  facet normal 0 0 1
    outer loop
      vertex 18.4124 -61.723 0.6
      vertex 16.793 -60.1261 0.6
      vertex 14.8215 -63.2608 0.6
    endloop
  endfacet
  facet normal 0 0 1
    outer loop
      vertex 12.7795 -62.9059 0.6
      vertex 12.7091 -64.6211 0.6
      vertex 13.3428 -64.0297 0.6
    endloop
  endfacet
  facet normal 0 -0 1
    outer loop
      vertex 12.7795 -62.9059 0.6
      vertex 13.9765 -62.8468 0.6
      vertex 12.1458 -61.1907 0.6
    endloop
  endfacet
  facet normal 0 -0 1
    outer loop
      vertex 13.3428 -64.0297 0.6
      vertex 13.6245 -63.0242 0.6
      vertex 12.7795 -62.9059 0.6
    endloop
  endfacet
  facet normal -0 0 1
    outer loop
      vertex 13.9765 -66.218 0.6
      vertex 14.8919 -66.6912 0.6
      vertex 15.0327 -66.0998 0.6
    endloop
  endfacet
  facet normal 0 0 1
    outer loop
      vertex 13.6949 -65.5675 0.6
      vertex 13.9765 -66.218 0.6
      vertex 15.0327 -66.0998 0.6
    endloop
  endfacet
  facet normal -0 -0 1
    outer loop
      vertex 13.6949 -65.5675 0.6
      vertex 15.0327 -66.0998 0.6
      vertex 13.3428 -64.0297 0.6
    endloop
  endfacet
  facet normal 0 0 1
    outer loop
      vertex 13.3428 -64.0297 0.6
      vertex 12.7091 -64.6211 0.6
      vertex 13.6949 -65.5675 0.6
    endloop
  endfacet
  facet normal 0 -0 1
    outer loop
      vertex 16.793 -60.1261 0.6
      vertex 16.9338 -59.653 0.6
      vertex 12.1458 -61.1907 0.6
    endloop
  endfacet
  facet normal 0 0 1
    outer loop
      vertex 11.653 -60.9542 0.6
      vertex 9.9631 -59.8895 0.6
      vertex 10.5264 -61.2499 0.6
    endloop
  endfacet
  facet normal 0 0 1
    outer loop
      vertex 8.20284 -58.2335 0.6
      vertex 9.9631 -59.8895 0.6
      vertex 16.9338 -59.653 0.6
    endloop
  endfacet
  facet normal 0 0 1
    outer loop
      vertex 11.653 -60.9542 0.6
      vertex 10.5264 -61.2499 0.6
      vertex 11.0193 -61.309 0.6
    endloop
  endfacet
  facet normal 0 0 1
    outer loop
      vertex -1.373 -60.1853 0.6
      vertex -0.246429 -62.7285 0.6
      vertex 2.99245 -61.6047 0.6
    endloop
  endfacet
  facet normal 0 0 1
    outer loop
      vertex 22.7779 -51.491 0.6
      vertex 8.20284 -58.2335 0.6
      vertex 17.5675 -59.1798 0.6
    endloop
  endfacet
  facet normal 0 -0 1
    outer loop
      vertex 7.21709 -58.6475 0.6
      vertex 7.78038 -58.2926 0.6
      vertex 6.37216 -58.7066 0.6
    endloop
  endfacet
  facet normal 0 -0 1
    outer loop
      vertex 2.99245 -61.6047 0.6
      vertex 6.02011 -59.4164 0.6
      vertex -1.51382 -59.0024 0.6
    endloop
  endfacet
  facet normal 0 -0 1
    outer loop
      vertex 6.02011 -59.4164 0.6
      vertex 6.37216 -58.7066 0.6
      vertex -1.51382 -59.0024 0.6
    endloop
  endfacet
  facet normal 0 0 1
    outer loop
      vertex -1.51382 -59.0024 0.6
      vertex -1.373 -60.1853 0.6
      vertex 2.99245 -61.6047 0.6
    endloop
  endfacet
  facet normal 0 0 1
    outer loop
      vertex 6.37216 -58.7066 0.6
      vertex -1.79547 -58.8249 0.6
      vertex -1.51382 -59.0024 0.6
    endloop
  endfacet
  facet normal 0 0 1
    outer loop
      vertex -0.246429 -62.7285 0.6
      vertex 0.950531 -64.7986 0.6
      vertex 2.7108 -63.9114 0.6
    endloop
  endfacet
  facet normal 0 0 1
    outer loop
      vertex -8.34366 -58.3518 0.6
      vertex -9.04778 -57.642 0.6
      vertex -8.27325 -58.7658 0.6
    endloop
  endfacet
  facet normal -0 -0 1
    outer loop
      vertex -3.55574 -58.1152 0.6
      vertex -1.79547 -58.8249 0.6
      vertex -4.75272 -57.1689 0.6
    endloop
  endfacet
  facet normal 0 0 1
    outer loop
      vertex -3.55574 -58.1152 0.6
      vertex -2.21793 -59.0024 0.6
      vertex -1.79547 -58.8249 0.6
    endloop
  endfacet
  facet normal -0 -0 1
    outer loop
      vertex -3.41492 -58.5884 0.6
      vertex -2.99245 -58.9432 0.6
      vertex -3.55574 -58.1152 0.6
    endloop
  endfacet
  facet normal -0 -0 1
    outer loop
      vertex -2.99245 -58.9432 0.6
      vertex -2.21793 -59.0024 0.6
      vertex -3.55574 -58.1152 0.6
    endloop
  endfacet
  facet normal -0 0 1
    outer loop
      vertex -8.20284 -36.7639 0.6
      vertex -8.90695 -57.1689 0.6
      vertex -7.78038 -36.7639 0.6
    endloop
  endfacet
  facet normal 0 0 1
    outer loop
      vertex -12.3571 -36.7639 0.6
      vertex -10.2448 -36.1133 0.6
      vertex -11.5121 -36.1133 0.6
    endloop
  endfacet
  facet normal -0 0 1
    outer loop
      vertex -11.8642 -36.2316 0.6
      vertex -12.3571 -36.7639 0.6
      vertex -11.5121 -36.1133 0.6
    endloop
  endfacet
  facet normal 0 0 1
    outer loop
      vertex -17.5675 -37.9468 0.6
      vertex -17.9899 -37.7693 0.6
      vertex -19.0461 -38.1834 0.6
    endloop
  endfacet
  facet normal -0 0 1
    outer loop
      vertex -18.9053 -58.4109 0.6
      vertex -17.6379 -60.2444 0.6
      vertex -9.04778 -57.642 0.6
    endloop
  endfacet
  facet normal 0 0 1
    outer loop
      vertex -9.04778 -57.642 0.6
      vertex -9.75188 -60.4218 0.6
      vertex -8.27325 -58.7658 0.6
    endloop
  endfacet
  facet normal 0 0 1
    outer loop
      vertex -11.0897 -61.1316 0.6
      vertex -9.75188 -60.4218 0.6
      vertex -9.04778 -57.642 0.6
    endloop
  endfacet
  facet normal 0 -0 1
    outer loop
      vertex -12.4979 -61.8413 0.6
      vertex -11.8642 -61.309 0.6
      vertex -17.0042 -61.0724 0.6
    endloop
  endfacet
  facet normal 0 -0 1
    outer loop
      vertex -16.1593 -62.9059 0.6
      vertex -12.4979 -61.8413 0.6
      vertex -17.0042 -61.0724 0.6
    endloop
  endfacet
  facet normal -0 -0 1
    outer loop
      vertex -17.0042 -61.0724 0.6
      vertex -11.8642 -61.309 0.6
      vertex -17.6379 -60.2444 0.6
    endloop
  endfacet
  facet normal -0 0 1
    outer loop
      vertex -17.6379 -60.2444 0.6
      vertex -11.8642 -61.309 0.6
      vertex -9.04778 -57.642 0.6
    endloop
  endfacet
  facet normal -0 -0 1
    outer loop
      vertex -18.5532 -59.5347 0.6
      vertex -17.6379 -60.2444 0.6
      vertex -18.9053 -58.4109 0.6
    endloop
  endfacet
  facet normal 0 0 1
    outer loop
      vertex -18.9053 -58.4109 0.6
      vertex -9.04778 -57.642 0.6
      vertex -8.90695 -57.1689 0.6
    endloop
  endfacet
  facet normal -0 -0 1
    outer loop
      vertex -19.7502 -57.7012 0.6
      vertex -18.9053 -58.4109 0.6
      vertex -20.1727 -56.814 0.6
    endloop
  endfacet
  facet normal 0 0 1
    outer loop
      vertex -20.1727 -56.814 0.6
      vertex -20.3839 -53.4428 0.6
      vertex -20.8064 -54.4482 0.6
    endloop
  endfacet
  facet normal 0 -0 1
    outer loop
      vertex -21.1584 -55.986 0.6
      vertex -20.8064 -54.4482 0.6
      vertex -21.3696 -54.9805 0.6
    endloop
  endfacet
  facet normal -0 0 1
    outer loop
      vertex -21.1584 -55.986 0.6
      vertex -20.1727 -56.814 0.6
      vertex -20.8064 -54.4482 0.6
    endloop
  endfacet
  facet normal -0 -0 1
    outer loop
      vertex -20.1727 -56.814 0.6
      vertex -18.9053 -58.4109 0.6
      vertex -20.3839 -53.4428 0.6
    endloop
  endfacet
  facet normal 0 0 1
    outer loop
      vertex -20.3839 -53.4428 0.6
      vertex -18.9053 -58.4109 0.6
      vertex -8.90695 -57.1689 0.6
    endloop
  endfacet
  facet normal 0 0 1
    outer loop
      vertex -20.3135 -52.733 0.6
      vertex -20.3839 -53.4428 0.6
      vertex -8.90695 -57.1689 0.6
    endloop
  endfacet
  facet normal 0 0 1
    outer loop
      vertex -23.9749 -35.4035 0.6
      vertex -24.3973 -35.2261 0.6
      vertex -23.2707 -36.1133 0.6
    endloop
  endfacet
  facet normal 0 0 1
    outer loop
      vertex -27.0025 -42.7375 0.6
      vertex -27.2841 -42.915 0.6
      vertex -25.7351 -50.7812 0.6
    endloop
  endfacet
  facet normal 0 -0 1
    outer loop
      vertex -23.6228 -52.9105 0.6
      vertex -22.9891 -52.733 0.6
      vertex -24.1861 -52.7922 0.6
    endloop
  endfacet
  facet normal 0 0 1
    outer loop
      vertex -22.9891 -52.733 0.6
      vertex -25.031 -52.0233 0.6
      vertex -24.1861 -52.7922 0.6
    endloop
  endfacet
  facet normal 0 0 1
    outer loop
      vertex -24.1861 -52.7922 0.6
      vertex -25.031 -52.0233 0.6
      vertex -24.679 -52.4964 0.6
    endloop
  endfacet
  facet normal 0 0 1
    outer loop
      vertex -22.9891 -52.733 0.6
      vertex -25.1718 -51.1361 0.6
      vertex -25.031 -52.0233 0.6
    endloop
  endfacet
  facet normal 0 -0 1
    outer loop
      vertex -22.9891 -52.733 0.6
      vertex -20.5951 -52.5556 0.6
      vertex -25.1718 -51.1361 0.6
    endloop
  endfacet
  facet normal -0 -0 1
    outer loop
      vertex -28.5515 -50.2489 0.6
      vertex -26.0872 -50.7812 0.6
      vertex -28.974 -44.157 0.6
    endloop
  endfacet
  facet normal 0 -0 1
    outer loop
      vertex -31.1567 -48.5337 0.6
      vertex -30.8047 -44.5119 0.6
      vertex -32.1425 -44.4527 0.6
    endloop
  endfacet
  facet normal 0 0 1
    outer loop
      vertex -26.0872 -50.7812 0.6
      vertex -28.5515 -50.2489 0.6
      vertex -26.6505 -51.1361 0.6
    endloop
  endfacet
  facet normal -0 0 1
    outer loop
      vertex -33.5507 -49.1843 0.6
      vertex -32.7058 -49.3026 0.6
      vertex -31.4384 -48.7112 0.6
    endloop
  endfacet
  facet normal 0 0 1
    outer loop
      vertex -26.6505 -51.1361 0.6
      vertex -27.1433 -52.5556 0.6
      vertex -26.2984 -52.1416 0.6
    endloop
  endfacet
  facet normal 0 0 1
    outer loop
      vertex -26.6505 -51.1361 0.6
      vertex -27.7066 -52.1416 0.6
      vertex -27.1433 -52.5556 0.6
    endloop
  endfacet
  facet normal -0 0 1
    outer loop
      vertex -27.8474 -51.6684 0.6
      vertex -27.7066 -52.1416 0.6
      vertex -26.6505 -51.1361 0.6
    endloop
  endfacet
  facet normal 0 0 1
    outer loop
      vertex -28.5515 -50.2489 0.6
      vertex -28.2699 -51.2544 0.6
      vertex -26.6505 -51.1361 0.6
    endloop
  endfacet
  facet normal 0 0 1
    outer loop
      vertex -31.4384 -48.7112 0.6
      vertex -32.1425 -44.4527 0.6
      vertex -33.8324 -44.6302 0.6
    endloop
  endfacet
  facet normal 0 0 1
    outer loop
      vertex -33.8324 -44.6302 0.6
      vertex -32.1425 -44.4527 0.6
      vertex -32.7058 -44.2753 0.6
    endloop
  endfacet
  facet normal 0 0 1
    outer loop
      vertex -38.9723 -49.3618 0.6
      vertex -41.2255 -49.1252 0.6
      vertex -41.5775 -50.4264 0.6
    endloop
  endfacet
  facet normal 0 0 1
    outer loop
      vertex -30.5935 -50.0715 0.6
      vertex -31.368 -49.2435 0.6
      vertex -32.2129 -50.0715 0.6
    endloop
  endfacet
  facet normal 0 0 1
    outer loop
      vertex -29.6077 -51.2544 0.6
      vertex -30.3822 -51.2544 0.6
      vertex -29.6781 -51.7276 0.6
    endloop
  endfacet
  facet normal 0 -0 1
    outer loop
      vertex -29.2556 -51.077 0.6
      vertex -29.1852 -50.8404 0.6
      vertex -29.6077 -51.2544 0.6
    endloop
  endfacet
  facet normal 0 0 1
    outer loop
      vertex -30.5935 -50.0715 0.6
      vertex -29.6077 -51.2544 0.6
      vertex -29.1852 -50.8404 0.6
    endloop
  endfacet
  facet normal 0 0 1
    outer loop
      vertex -29.6077 -51.2544 0.6
      vertex -30.5935 -50.0715 0.6
      vertex -30.3822 -51.2544 0.6
    endloop
  endfacet
  facet normal 0 0 1
    outer loop
      vertex -30.3822 -51.2544 0.6
      vertex -30.5935 -50.0715 0.6
      vertex -32.2129 -50.0715 0.6
    endloop
  endfacet
  facet normal 0 -0 1
    outer loop
      vertex -32.2129 -50.0715 0.6
      vertex -31.368 -49.2435 0.6
      vertex -32.7058 -49.3026 0.6
    endloop
  endfacet
  facet normal 0 0 1
    outer loop
      vertex -31.4384 -48.7112 0.6
      vertex -32.7058 -49.3026 0.6
      vertex -31.368 -49.2435 0.6
    endloop
  endfacet
  facet normal 0 -0 1
    outer loop
      vertex -34.5365 -49.6575 0.6
      vertex -33.5507 -49.1843 0.6
      vertex -35.5926 -45.5765 0.6
    endloop
  endfacet
  facet normal 0 0 1
    outer loop
      vertex -41.5775 -50.4264 0.6
      vertex -42 -51.3135 0.6
      vertex -41.0847 -52.4964 0.6
    endloop
  endfacet
  facet normal 0 0 1
    outer loop
      vertex -38.9723 -49.3618 0.6
      vertex -38.5499 -52.6147 0.6
      vertex -37.3529 -51.1361 0.6
    endloop
  endfacet
  facet normal 0 0 1
    outer loop
      vertex -35.7334 -49.5983 0.6
      vertex -36.5784 -45.9905 0.6
      vertex -37.1416 -46.5228 0.6
    endloop
  endfacet
  facet normal 0 0 1
    outer loop
      vertex -38.1978 -49.3026 0.6
      vertex -37.3529 -51.1361 0.6
      vertex -36.0855 -50.3081 0.6
    endloop
  endfacet
  facet normal 0 0 1
    outer loop
      vertex -38.5499 -52.6147 0.6
      vertex -37.7753 -52.1416 0.6
      vertex -37.3529 -51.1361 0.6
    endloop
  endfacet
  facet normal 0 -0 1
    outer loop
      vertex -40.451 -53.0288 0.6
      vertex -38.5499 -52.6147 0.6
      vertex -41.0847 -52.4964 0.6
    endloop
  endfacet
  facet normal -0 0 1
    outer loop
      vertex -41.5775 -50.4264 0.6
      vertex -41.0847 -52.4964 0.6
      vertex -38.9723 -49.3618 0.6
    endloop
  endfacet
  facet normal 0 0 1
    outer loop
      vertex -34.8885 -41.2589 0.6
      vertex -34.0436 -42.3235 0.6
      vertex -32.565 -41.9095 0.6
    endloop
  endfacet
  facet normal 0 0 1
    outer loop
      vertex -38.9723 -49.3618 0.6
      vertex -41.0847 -52.4964 0.6
      vertex -38.5499 -52.6147 0.6
    endloop
  endfacet
  facet normal 0 -0 1
    outer loop
      vertex -41.5775 -50.4264 0.6
      vertex -41.2255 -49.1252 0.6
      vertex -41.6479 -49.3618 0.6
    endloop
  endfacet
  facet normal 0 0 1
    outer loop
      vertex -37.8458 -48.8295 0.6
      vertex -38.1978 -49.3026 0.6
      vertex -36.0151 -49.8941 0.6
    endloop
  endfacet
  facet normal 0 0 1
    outer loop
      vertex -35.7334 -49.5983 0.6
      vertex -37.8458 -48.8295 0.6
      vertex -36.0151 -49.8941 0.6
    endloop
  endfacet
  facet normal 0 0 1
    outer loop
      vertex -38.1978 -49.3026 0.6
      vertex -38.9723 -49.3618 0.6
      vertex -37.3529 -51.1361 0.6
    endloop
  endfacet
  facet normal 0 0 1
    outer loop
      vertex -35.7334 -49.5983 0.6
      vertex -37.8458 -48.0606 0.6
      vertex -37.8458 -48.8295 0.6
    endloop
  endfacet
  facet normal -0 0 1
    outer loop
      vertex -37.8458 -48.0606 0.6
      vertex -35.7334 -49.5983 0.6
      vertex -37.1416 -46.5228 0.6
    endloop
  endfacet
  facet normal 0 0 1
    outer loop
      vertex -38.409 -46.5819 0.6
      vertex -39.1132 -46.996 0.6
      vertex -37.8458 -48.0606 0.6
    endloop
  endfacet
  facet normal 0 0 1
    outer loop
      vertex -35.5926 -45.5765 0.6
      vertex -33.8324 -44.6302 0.6
      vertex -35.0997 -44.985 0.6
    endloop
  endfacet
  facet normal 0 0 1
    outer loop
      vertex -33.8324 -44.6302 0.6
      vertex -33.5507 -49.1843 0.6
      vertex -31.4384 -48.7112 0.6
    endloop
  endfacet
  facet normal -0 0 1
    outer loop
      vertex -35.7334 -49.5983 0.6
      vertex -34.5365 -49.6575 0.6
      vertex -35.5926 -45.5765 0.6
    endloop
  endfacet
  facet normal -0 0 1
    outer loop
      vertex -35.5926 -45.5765 0.6
      vertex -33.5507 -49.1843 0.6
      vertex -33.8324 -44.6302 0.6
    endloop
  endfacet
  facet normal 0 0 1
    outer loop
      vertex -33.6211 -43.9796 0.6
      vertex -32.565 -43.5064 0.6
      vertex -32.8466 -43.0332 0.6
    endloop
  endfacet
  facet normal -0 0 1
    outer loop
      vertex -33.8324 -43.329 0.6
      vertex -33.6211 -43.9796 0.6
      vertex -33.5507 -43.0332 0.6
    endloop
  endfacet
  facet normal -0 0 1
    outer loop
      vertex -33.6211 -44.3936 0.6
      vertex -33.8324 -44.6302 0.6
      vertex -32.7058 -44.2753 0.6
    endloop
  endfacet
  facet normal 0 -0 1
    outer loop
      vertex -32.7058 -44.2753 0.6
      vertex -32.565 -43.5064 0.6
      vertex -33.6211 -43.9796 0.6
    endloop
  endfacet
  facet normal 0 0 1
    outer loop
      vertex -33.6211 -43.9796 0.6
      vertex -33.8324 -43.329 0.6
      vertex -33.8324 -43.743 0.6
    endloop
  endfacet
  facet normal 0 0 1
    outer loop
      vertex -30.8047 -44.5119 0.6
      vertex -31.5088 -44.2753 0.6
      vertex -32.1425 -44.4527 0.6
    endloop
  endfacet
  facet normal 0 0 1
    outer loop
      vertex -28.974 -44.157 0.6
      vertex -27.2841 -42.915 0.6
      vertex -27.9883 -42.8558 0.6
    endloop
  endfacet
  facet normal 0 0 1
    outer loop
      vertex -26.8617 -41.732 0.6
      vertex -27.9178 -40.49 0.6
      vertex -27.8474 -41.0815 0.6
    endloop
  endfacet
  facet normal 0 0 1
    outer loop
      vertex -29.2556 -44.2753 0.6
      vertex -30.8047 -44.5119 0.6
      vertex -31.1567 -48.5337 0.6
    endloop
  endfacet
  facet normal 0 0 1
    outer loop
      vertex -21.5809 -36.5864 0.6
      vertex -23.2707 -36.1133 0.6
      vertex -22.0033 -38.0651 0.6
    endloop
  endfacet
  facet normal 0 -0 1
    outer loop
      vertex -31.72 -43.5656 0.6
      vertex -29.9598 -42.3235 0.6
      vertex -32.565 -41.9095 0.6
    endloop
  endfacet
  facet normal 0 0 1
    outer loop
      vertex -29.8893 -44.2161 0.6
      vertex -30.8047 -44.5119 0.6
      vertex -29.2556 -44.2753 0.6
    endloop
  endfacet
  facet normal 0 0 1
    outer loop
      vertex -33.6211 -44.3936 0.6
      vertex -32.7058 -44.2753 0.6
      vertex -33.6211 -43.9796 0.6
    endloop
  endfacet
  facet normal 0 0 1
    outer loop
      vertex -31.1567 -48.5337 0.6
      vertex -32.1425 -44.4527 0.6
      vertex -31.4384 -48.7112 0.6
    endloop
  endfacet
  facet normal 0 0 1
    outer loop
      vertex -29.2556 -44.2753 0.6
      vertex -31.1567 -48.5337 0.6
      vertex -28.5515 -50.2489 0.6
    endloop
  endfacet
  facet normal 0 0 1
    outer loop
      vertex -28.5515 -50.2489 0.6
      vertex -28.974 -44.157 0.6
      vertex -29.2556 -44.2753 0.6
    endloop
  endfacet
  facet normal 0 0 1
    outer loop
      vertex -29.6781 -40.8449 0.6
      vertex -29.9598 -42.3235 0.6
      vertex -29.1148 -41.6729 0.6
    endloop
  endfacet
  facet normal 0 -0 1
    outer loop
      vertex -26.0872 -50.7812 0.6
      vertex -25.7351 -50.7812 0.6
      vertex -28.974 -44.157 0.6
    endloop
  endfacet
  facet normal 0 0 1
    outer loop
      vertex -27.2841 -42.915 0.6
      vertex -27.4954 -42.7967 0.6
      vertex -27.9883 -42.8558 0.6
    endloop
  endfacet
  facet normal -0 0 1
    outer loop
      vertex -32.565 -41.9095 0.6
      vertex -29.9598 -42.3235 0.6
      vertex -29.6781 -40.8449 0.6
    endloop
  endfacet
  facet normal 0 0 1
    outer loop
      vertex -27.2841 -42.915 0.6
      vertex -28.974 -44.157 0.6
      vertex -25.7351 -50.7812 0.6
    endloop
  endfacet
  facet normal 0 0 1
    outer loop
      vertex -30.9455 -37.4145 0.6
      vertex -33.0578 -39.4254 0.6
      vertex -29.4669 -40.1351 0.6
    endloop
  endfacet
  facet normal 0 0 1
    outer loop
      vertex -27.0025 -42.7375 0.6
      vertex -25.7351 -50.7812 0.6
      vertex -25.1718 -51.1361 0.6
    endloop
  endfacet
  facet normal 0 0 1
    outer loop
      vertex -21.2992 -39.1888 0.6
      vertex -27.0025 -42.7375 0.6
      vertex -25.1718 -51.1361 0.6
    endloop
  endfacet
  facet normal 0 0 1
    outer loop
      vertex -19.891 -37.4145 0.6
      vertex -20.1727 -37.1779 0.6
      vertex -19.891 -37.8285 0.6
    endloop
  endfacet
  facet normal 0 -0 1
    outer loop
      vertex -27.0025 -42.7375 0.6
      vertex -26.8617 -41.732 0.6
      vertex -27.1433 -42.1461 0.6
    endloop
  endfacet
  facet normal 0 0 1
    outer loop
      vertex -26.2984 -38.4791 0.6
      vertex -23.2707 -36.1133 0.6
      vertex -24.3973 -35.2261 0.6
    endloop
  endfacet
  facet normal 0 0 1
    outer loop
      vertex -26.8617 -41.732 0.6
      vertex -27.6362 -39.8986 0.6
      vertex -27.9178 -40.49 0.6
    endloop
  endfacet
  facet normal -0 -0 1
    outer loop
      vertex -34.8181 -41.9095 0.6
      vertex -34.0436 -42.3235 0.6
      vertex -34.8885 -41.2589 0.6
    endloop
  endfacet
  facet normal 0 -0 1
    outer loop
      vertex -26.8617 -41.732 0.6
      vertex -26.2984 -38.8931 0.6
      vertex -27.6362 -39.8986 0.6
    endloop
  endfacet
  facet normal 0 0 1
    outer loop
      vertex -21.5809 -36.5864 0.6
      vertex -22.0033 -38.0651 0.6
      vertex -21.2288 -38.1834 0.6
    endloop
  endfacet
  facet normal 0 0 1
    outer loop
      vertex -24.3973 -35.2261 0.6
      vertex -25.1718 -35.1078 0.6
      vertex -26.2984 -38.4791 0.6
    endloop
  endfacet
  facet normal 0 0 1
    outer loop
      vertex -26.9321 -35.2261 0.6
      vertex -27.4954 -38.3608 0.6
      vertex -26.6505 -38.2425 0.6
    endloop
  endfacet
  facet normal -0 0 1
    outer loop
      vertex -31.0159 -36.823 0.6
      vertex -30.9455 -37.4145 0.6
      vertex -28.7628 -35.7584 0.6
    endloop
  endfacet
  facet normal 0 0 1
    outer loop
      vertex -33.0578 -39.4254 0.6
      vertex -34.6069 -40.1943 0.6
      vertex -32.565 -41.9095 0.6
    endloop
  endfacet
  facet normal 0 0 1
    outer loop
      vertex -27.4954 -38.3608 0.6
      vertex -30.9455 -37.4145 0.6
      vertex -27.9883 -39.0705 0.6
    endloop
  endfacet
  facet normal 0 0 1
    outer loop
      vertex -33.0578 -39.4254 0.6
      vertex -32.565 -41.9095 0.6
      vertex -29.6781 -40.8449 0.6
    endloop
  endfacet
  facet normal 0 -0 1
    outer loop
      vertex -30.2414 -43.2107 0.6
      vertex -29.9598 -42.3235 0.6
      vertex -31.72 -43.5656 0.6
    endloop
  endfacet
  facet normal 0 0 1
    outer loop
      vertex -30.2414 -43.2107 0.6
      vertex -31.72 -43.5656 0.6
      vertex -31.368 -43.8021 0.6
    endloop
  endfacet
  facet normal 0 0 1
    outer loop
      vertex -34.6069 -40.1943 0.6
      vertex -34.8885 -41.2589 0.6
      vertex -32.565 -41.9095 0.6
    endloop
  endfacet
  facet normal 0 0 1
    outer loop
      vertex -29.4669 -40.1351 0.6
      vertex -33.0578 -39.4254 0.6
      vertex -29.6781 -40.8449 0.6
    endloop
  endfacet
  facet normal 0 0 1
    outer loop
      vertex -27.9883 -39.0705 0.6
      vertex -30.9455 -37.4145 0.6
      vertex -29.4669 -40.1351 0.6
    endloop
  endfacet
  facet normal 0 0 1
    outer loop
      vertex -28.7628 -35.7584 0.6
      vertex -30.9455 -37.4145 0.6
      vertex -27.4954 -38.3608 0.6
    endloop
  endfacet
  facet normal 0 0 1
    outer loop
      vertex -26.9321 -35.2261 0.6
      vertex -28.7628 -35.7584 0.6
      vertex -27.4954 -38.3608 0.6
    endloop
  endfacet
  facet normal 0 0 1
    outer loop
      vertex -25.1718 -35.1078 0.6
      vertex -26.9321 -35.2261 0.6
      vertex -26.6505 -38.2425 0.6
    endloop
  endfacet
  facet normal 0 -0 1
    outer loop
      vertex -20.3135 -52.733 0.6
      vertex -17.5675 -37.9468 0.6
      vertex -20.5951 -52.5556 0.6
    endloop
  endfacet
  facet normal 0 0 1
    outer loop
      vertex 8.97736 -32.2097 0.6
      vertex 7.63956 -31.5591 0.6
      vertex 6.79463 -31.6182 0.6
    endloop
  endfacet
  facet normal 0 -0 1
    outer loop
      vertex -26.2984 -38.4791 0.6
      vertex -25.1718 -35.1078 0.6
      vertex -26.6505 -38.2425 0.6
    endloop
  endfacet
  facet normal 0 -0 1
    outer loop
      vertex -20.1022 -38.0651 0.6
      vertex -19.891 -37.8285 0.6
      vertex -20.1727 -37.1779 0.6
    endloop
  endfacet
  facet normal 0 0 1
    outer loop
      vertex 0.739304 -33.9841 0.6
      vertex 7.78038 -58.2926 0.6
      vertex 10.5264 -34.1023 0.6
    endloop
  endfacet
  facet normal 0 0 1
    outer loop
      vertex -21.2288 -38.1834 0.6
      vertex -20.1022 -38.0651 0.6
      vertex -20.1727 -37.1779 0.6
    endloop
  endfacet
  facet normal 0 0 1
    outer loop
      vertex -4.33025 -35.4035 0.6
      vertex -5.87929 -35.0487 0.6
      vertex -6.51299 -35.581 0.6
    endloop
  endfacet
  facet normal 0 0 1
    outer loop
      vertex -26.2984 -38.8931 0.6
      vertex -22.1442 -38.1834 0.6
      vertex -26.2984 -38.4791 0.6
    endloop
  endfacet
  facet normal 0 0 1
    outer loop
      vertex -12.3571 -36.7639 0.6
      vertex -8.20284 -36.7639 0.6
      vertex -10.2448 -36.1133 0.6
    endloop
  endfacet
  facet normal 0 0 1
    outer loop
      vertex -19.0461 -38.1834 0.6
      vertex -20.0318 -38.4791 0.6
      vertex -21.2992 -39.1888 0.6
    endloop
  endfacet
  facet normal 0 0 1
    outer loop
      vertex -17.9899 -37.7693 0.6
      vertex -18.9053 -37.237 0.6
      vertex -18.8349 -37.8876 0.6
    endloop
  endfacet
  facet normal 0 0 1
    outer loop
      vertex -17.9899 -37.7693 0.6
      vertex -18.6236 -37.0004 0.6
      vertex -18.9053 -37.237 0.6
    endloop
  endfacet
  facet normal 0 -0 1
    outer loop
      vertex -20.5951 -52.5556 0.6
      vertex -17.5675 -37.9468 0.6
      vertex -21.2992 -39.1888 0.6
    endloop
  endfacet
  facet normal -0 0 1
    outer loop
      vertex -26.2984 -38.8931 0.6
      vertex -26.8617 -41.732 0.6
      vertex -21.9329 -38.8931 0.6
    endloop
  endfacet
  facet normal 0 0 1
    outer loop
      vertex -22.1442 -38.1834 0.6
      vertex -23.2707 -36.1133 0.6
      vertex -26.2984 -38.4791 0.6
    endloop
  endfacet
  facet normal 0 -0 1
    outer loop
      vertex -21.2288 -38.1834 0.6
      vertex -20.1727 -37.1779 0.6
      vertex -21.5809 -36.5864 0.6
    endloop
  endfacet
  facet normal 0 0 1
    outer loop
      vertex -22.0033 -38.0651 0.6
      vertex -23.2707 -36.1133 0.6
      vertex -22.1442 -38.1834 0.6
    endloop
  endfacet
  facet normal 0 0 1
    outer loop
      vertex -22.1442 -38.1834 0.6
      vertex -26.2984 -38.8931 0.6
      vertex -21.9329 -38.8931 0.6
    endloop
  endfacet
  facet normal 0 0 1
    outer loop
      vertex -21.2992 -39.1888 0.6
      vertex -26.8617 -41.732 0.6
      vertex -27.0025 -42.7375 0.6
    endloop
  endfacet
  facet normal 0 0 1
    outer loop
      vertex -21.9329 -38.8931 0.6
      vertex -26.8617 -41.732 0.6
      vertex -21.2992 -39.1888 0.6
    endloop
  endfacet
  facet normal 0 0 1
    outer loop
      vertex -20.5951 -52.5556 0.6
      vertex -21.2992 -39.1888 0.6
      vertex -25.1718 -51.1361 0.6
    endloop
  endfacet
  facet normal -0 0 1
    outer loop
      vertex -19.0461 -38.1834 0.6
      vertex -21.2992 -39.1888 0.6
      vertex -17.5675 -37.9468 0.6
    endloop
  endfacet
  facet normal 0 -0 1
    outer loop
      vertex -17.9899 -37.7693 0.6
      vertex -17.9195 -37.1779 0.6
      vertex -18.2012 -37.0004 0.6
    endloop
  endfacet
  facet normal -0 0 1
    outer loop
      vertex -17.5675 -37.9468 0.6
      vertex -20.3135 -52.733 0.6
      vertex -15.6664 -37.1779 0.6
    endloop
  endfacet
  facet normal 0 0 1
    outer loop
      vertex -17.9899 -37.7693 0.6
      vertex -18.2012 -37.0004 0.6
      vertex -18.6236 -37.0004 0.6
    endloop
  endfacet
  facet normal 0 0 1
    outer loop
      vertex -20.3135 -52.733 0.6
      vertex -12.3571 -36.7639 0.6
      vertex -15.6664 -37.1779 0.6
    endloop
  endfacet
  facet normal 0 0 1
    outer loop
      vertex -19.0461 -38.1834 0.6
      vertex -17.9899 -37.7693 0.6
      vertex -18.8349 -37.8876 0.6
    endloop
  endfacet
  facet normal 0 0 1
    outer loop
      vertex -7.78038 -36.7639 0.6
      vertex -8.90695 -57.1689 0.6
      vertex -6.86504 -57.228 0.6
    endloop
  endfacet
  facet normal -0 0 1
    outer loop
      vertex -20.3135 -52.733 0.6
      vertex -8.90695 -57.1689 0.6
      vertex -12.3571 -36.7639 0.6
    endloop
  endfacet
  facet normal -0 0 1
    outer loop
      vertex -12.3571 -36.7639 0.6
      vertex -8.90695 -57.1689 0.6
      vertex -8.20284 -36.7639 0.6
    endloop
  endfacet
  facet normal 0 0 1
    outer loop
      vertex -4.82312 -34.8712 0.6
      vertex -5.31601 -34.8121 0.6
      vertex -4.33025 -35.4035 0.6
    endloop
  endfacet
  facet normal 0 0 1
    outer loop
      vertex -2.85162 -35.2261 0.6
      vertex 0.739304 -33.9841 0.6
      vertex -0.880127 -34.1615 0.6
    endloop
  endfacet
  facet normal 0 0 1
    outer loop
      vertex -5.17519 -57.0506 0.6
      vertex -7.78038 -36.7639 0.6
      vertex -6.86504 -57.228 0.6
    endloop
  endfacet
  facet normal 0 0 1
    outer loop
      vertex -4.75272 -57.1689 0.6
      vertex -7.28751 -36.5864 0.6
      vertex -5.17519 -57.0506 0.6
    endloop
  endfacet
  facet normal 0 0 1
    outer loop
      vertex -4.33025 -35.4035 0.6
      vertex -6.51299 -35.581 0.6
      vertex -7.28751 -36.5864 0.6
    endloop
  endfacet
  facet normal -0 0 1
    outer loop
      vertex -5.87929 -35.0487 0.6
      vertex -4.33025 -35.4035 0.6
      vertex -5.31601 -34.8121 0.6
    endloop
  endfacet
  facet normal 0 0 1
    outer loop
      vertex -7.28751 -36.5864 0.6
      vertex -2.85162 -35.2261 0.6
      vertex -4.33025 -35.4035 0.6
    endloop
  endfacet
  facet normal -0 0 1
    outer loop
      vertex -2.85162 -35.2261 0.6
      vertex 6.37216 -58.7066 0.6
      vertex 0.739304 -33.9841 0.6
    endloop
  endfacet
  facet normal -0 0 1
    outer loop
      vertex -4.75272 -57.1689 0.6
      vertex 6.37216 -58.7066 0.6
      vertex -2.85162 -35.2261 0.6
    endloop
  endfacet
  facet normal 0 -0 1
    outer loop
      vertex 6.37216 -58.7066 0.6
      vertex 7.78038 -58.2926 0.6
      vertex 0.739304 -33.9841 0.6
    endloop
  endfacet
  facet normal -0 0 1
    outer loop
      vertex 0.739304 -33.9841 0.6
      vertex 10.5264 -34.1023 0.6
      vertex 4.82312 -32.6829 0.6
    endloop
  endfacet
  facet normal 0 0 1
    outer loop
      vertex 0.739304 -33.9841 0.6
      vertex 4.82312 -32.6829 0.6
      vertex 2.14752 -33.0969 0.6
    endloop
  endfacet
  facet normal 0 0 1
    outer loop
      vertex 6.79463 -31.6182 0.6
      vertex 4.82312 -32.6829 0.6
      vertex 8.97736 -32.2097 0.6
    endloop
  endfacet
  facet normal 0 0 1
    outer loop
      vertex 4.82312 -32.6829 0.6
      vertex 10.5264 -34.1023 0.6
      vertex 10.2448 -33.8066 0.6
    endloop
  endfacet
  facet normal 0 0 -1
    outer loop
      vertex 44.5918 -70.1168 0
      vertex 43.9175 -69.2671 0
      vertex 44.5918 -69.8336 0
    endloop
  endfacet
  facet normal 0 0 -1
    outer loop
      vertex 4.63618 -71.3913 0
      vertex 3.28748 -71.3913 0
      vertex 3.45607 -70.8248 0
    endloop
  endfacet
  facet normal 0 -0 -1
    outer loop
      vertex 1.2644 -74.6485 0
      vertex 2.27594 -74.9317 0
      vertex -0.0842896 -77.1975 0
    endloop
  endfacet
  facet normal 0 0 -1
    outer loop
      vertex -5.64774 -66.1516 0
      vertex -5.98491 -65.4435 0
      vertex -5.64774 -66.0099 0
    endloop
  endfacet
  facet normal 0 0 -1
    outer loop
      vertex 26.2984 -35.3444 0
      vertex 29.1852 -35.581 0
      vertex 30.2414 -36.3498 0
    endloop
  endfacet
  facet normal 0 0 -1
    outer loop
      vertex 42.4002 -70.8248 0
      vertex 44.929 -71.1081 0
      vertex 45.2662 -71.9578 0
    endloop
  endfacet
  facet normal -0 0 -1
    outer loop
      vertex -0.590057 -69.4087 0
      vertex -0.758652 -70.4 0
      vertex -1.26442 -69.2671 0
    endloop
  endfacet
  facet normal 0 0 -1
    outer loop
      vertex -0.252884 -81.1627 0
      vertex -2.44453 -80.8795 0
      vertex -1.93877 -79.8882 0
    endloop
  endfacet
  facet normal 0 0 -1
    outer loop
      vertex -0.252884 -81.1627 0
      vertex -1.93877 -79.8882 0
      vertex -0.0842896 -80.1714 0
    endloop
  endfacet
  facet normal -0 0 -1
    outer loop
      vertex -2.27596 -81.7292 0
      vertex -3.1189 -82.154 0
      vertex -2.78172 -81.1627 0
    endloop
  endfacet
  facet normal 0 -0 -1
    outer loop
      vertex 43.9175 -69.2671 0
      vertex 44.5918 -70.1168 0
      vertex 42.4002 -70.8248 0
    endloop
  endfacet
  facet normal 0 -0 -1
    outer loop
      vertex -2.44453 -80.8795 0
      vertex -2.27596 -81.7292 0
      vertex -2.78172 -81.1627 0
    endloop
  endfacet
  facet normal 0 0 -1
    outer loop
      vertex 44.5918 -69.8336 0
      vertex 44.5918 -69.2671 0
      vertex 44.7604 -69.6919 0
    endloop
  endfacet
  facet normal 0 0 -1
    outer loop
      vertex -0.252884 -81.1627 0
      vertex -0.0842896 -80.1714 0
      vertex 0.590057 -80.7379 0
    endloop
  endfacet
  facet normal 0 -0 -1
    outer loop
      vertex 44.7604 -77.9056 0
      vertex 45.2662 -79.1801 0
      vertex 42.2316 -81.8708 0
    endloop
  endfacet
  facet normal -0 0 -1
    outer loop
      vertex -0.252884 -81.1627 0
      vertex -2.27596 -81.7292 0
      vertex -2.44453 -80.8795 0
    endloop
  endfacet
  facet normal 0 0 -1
    outer loop
      vertex -0.927231 -78.6137 0
      vertex -0.0842896 -79.0385 0
      vertex -0.0842896 -80.1714 0
    endloop
  endfacet
  facet normal 0 0 -1
    outer loop
      vertex 44.5918 -70.1168 0
      vertex 44.929 -70.6832 0
      vertex 44.929 -71.1081 0
    endloop
  endfacet
  facet normal 0 0 -1
    outer loop
      vertex 0.252884 -78.1888 0
      vertex -0.0842896 -79.0385 0
      vertex -0.927231 -78.6137 0
    endloop
  endfacet
  facet normal 0 0 -1
    outer loop
      vertex 0.252884 -78.1888 0
      vertex -0.0842896 -77.1975 0
      vertex 2.27594 -74.9317 0
    endloop
  endfacet
  facet normal 0 0 -1
    outer loop
      vertex -1.93877 -79.8882 0
      vertex -0.927231 -78.6137 0
      vertex -0.0842896 -80.1714 0
    endloop
  endfacet
  facet normal 0 -0 -1
    outer loop
      vertex 1.77017 -74.3652 0
      vertex 2.27594 -74.9317 0
      vertex 1.2644 -74.6485 0
    endloop
  endfacet
  facet normal -0 0 -1
    outer loop
      vertex 0.252884 -78.1888 0
      vertex -0.927231 -78.6137 0
      vertex -0.0842896 -77.1975 0
    endloop
  endfacet
  facet normal 0 0 -1
    outer loop
      vertex -0.590057 -70.9665 0
      vertex -3.28749 -70.5416 0
      vertex -0.758652 -70.4 0
    endloop
  endfacet
  facet normal 0 0 -1
    outer loop
      vertex -5.81633 -75.3565 0
      vertex -7.16504 -74.3652 0
      vertex -5.47914 -74.9317 0
    endloop
  endfacet
  facet normal 0 0 -1
    outer loop
      vertex -6.99644 -67.4261 0
      vertex -7.67081 -67.1429 0
      vertex -6.3221 -66.8596 0
    endloop
  endfacet
  facet normal 0 0 -1
    outer loop
      vertex -3.62466 -69.9752 0
      vertex -1.26442 -69.2671 0
      vertex -3.28749 -70.5416 0
    endloop
  endfacet
  facet normal 0 0 -1
    outer loop
      vertex -4.13043 -69.5503 0
      vertex -1.26442 -69.2671 0
      vertex -3.62466 -69.9752 0
    endloop
  endfacet
  facet normal 0 0 -1
    outer loop
      vertex -8.00798 -66.8596 0
      vertex -8.51375 -65.0186 0
      vertex -5.98491 -65.4435 0
    endloop
  endfacet
  facet normal 0 0 -1
    outer loop
      vertex 3.45607 -70.8248 0
      vertex 3.28748 -71.3913 0
      vertex 3.28748 -70.9665 0
    endloop
  endfacet
  facet normal 0 0 -1
    outer loop
      vertex -11.2112 -77.3391 0
      vertex -11.2112 -75.7814 0
      vertex -10.1996 -77.3391 0
    endloop
  endfacet
  facet normal -0 0 -1
    outer loop
      vertex 4.63618 -71.3913 0
      vertex 2.9503 -72.241 0
      vertex 3.28748 -71.3913 0
    endloop
  endfacet
  facet normal 0 -0 -1
    outer loop
      vertex 2.9503 -72.241 0
      vertex 3.28748 -73.6572 0
      vertex 1.77017 -74.3652 0
    endloop
  endfacet
  facet normal 0 -0 -1
    outer loop
      vertex -1.26442 -69.2671 0
      vertex -0.758652 -70.4 0
      vertex -3.28749 -70.5416 0
    endloop
  endfacet
  facet normal 0 0 -1
    outer loop
      vertex 3.45607 -70.5416 0
      vertex 4.63618 -71.3913 0
      vertex 3.45607 -70.8248 0
    endloop
  endfacet
  facet normal 0 0 -1
    outer loop
      vertex -3.28749 -70.5416 0
      vertex -0.590057 -70.9665 0
      vertex 0.927231 -74.3652 0
    endloop
  endfacet
  facet normal 0 0 -1
    outer loop
      vertex -3.28749 -70.5416 0
      vertex 0.927231 -74.3652 0
      vertex -0.0842896 -77.1975 0
    endloop
  endfacet
  facet normal 0 -0 -1
    outer loop
      vertex 0.927231 -74.3652 0
      vertex 1.2644 -74.6485 0
      vertex -0.0842896 -77.1975 0
    endloop
  endfacet
  facet normal 0 0 -1
    outer loop
      vertex 1.77017 -74.3652 0
      vertex 3.28748 -73.6572 0
      vertex 2.27594 -74.9317 0
    endloop
  endfacet
  facet normal 0 0 -1
    outer loop
      vertex 4.63618 -71.3913 0
      vertex 3.28748 -73.6572 0
      vertex 2.9503 -72.241 0
    endloop
  endfacet
  facet normal -0 0 -1
    outer loop
      vertex 5.14195 -70.4 0
      vertex 3.45607 -70.5416 0
      vertex 3.28748 -70.1168 0
    endloop
  endfacet
  facet normal 0 0 -1
    outer loop
      vertex 5.14195 -70.4 0
      vertex 3.28748 -70.1168 0
      vertex 3.45607 -69.2671 0
    endloop
  endfacet
  facet normal 0 0 -1
    outer loop
      vertex 5.14195 -70.4 0
      vertex 4.63618 -71.3913 0
      vertex 3.45607 -70.5416 0
    endloop
  endfacet
  facet normal 0 0 -1
    outer loop
      vertex 5.14195 -70.4 0
      vertex 3.45607 -69.2671 0
      vertex 5.31055 -69.6919 0
    endloop
  endfacet
  facet normal 0 0 -1
    outer loop
      vertex 2.78171 -69.5503 0
      vertex 3.45607 -69.2671 0
      vertex 3.28748 -70.1168 0
    endloop
  endfacet
  facet normal 0 0 -1
    outer loop
      vertex 5.31055 -69.6919 0
      vertex 3.45607 -69.2671 0
      vertex 5.31055 -69.2671 0
    endloop
  endfacet
  facet normal 0 0 -1
    outer loop
      vertex 56.3931 -66.5764 0
      vertex 56.2245 -65.7267 0
      vertex 58.9219 -65.1603 0
    endloop
  endfacet
  facet normal 0 0 -1
    outer loop
      vertex 26.6505 -52.2599 0
      vertex 27.5658 -50.8995 0
      vertex 28.0587 -51.9641 0
    endloop
  endfacet
  facet normal 0 -0 -1
    outer loop
      vertex 45.2662 -79.1801 0
      vertex 45.2662 -80.1714 0
      vertex 42.2316 -81.8708 0
    endloop
  endfacet
  facet normal 0 0 -1
    outer loop
      vertex 45.0976 -77.0559 0
      vertex 44.929 -76.3478 0
      vertex 46.7835 -74.6485 0
    endloop
  endfacet
  facet normal 0 0 -1
    outer loop
      vertex 38.8598 -79.7466 0
      vertex 39.0284 -79.3217 0
      vertex 40.2085 -79.4634 0
    endloop
  endfacet
  facet normal 0 0 -1
    outer loop
      vertex 45.9405 -73.5155 0
      vertex 45.2662 -71.9578 0
      vertex 45.9405 -73.0907 0
    endloop
  endfacet
  facet normal 0 0 -1
    outer loop
      vertex 42.7374 -82.0124 0
      vertex 42.2316 -81.8708 0
      vertex 45.2662 -80.1714 0
    endloop
  endfacet
  facet normal 0 0 -1
    outer loop
      vertex 45.0976 -77.0559 0
      vertex 46.7835 -74.6485 0
      vertex 45.2662 -77.3391 0
    endloop
  endfacet
  facet normal 0 0 -1
    outer loop
      vertex 42.7374 -82.0124 0
      vertex 45.2662 -80.1714 0
      vertex 44.7604 -81.3044 0
    endloop
  endfacet
  facet normal -0 0 -1
    outer loop
      vertex 45.9405 -73.5155 0
      vertex 44.929 -76.3478 0
      vertex 42.4002 -70.8248 0
    endloop
  endfacet
  facet normal 0 0 -1
    outer loop
      vertex 45.2662 -77.3391 0
      vertex 46.7835 -74.6485 0
      vertex 45.6034 -78.3304 0
    endloop
  endfacet
  facet normal 0 0 -1
    outer loop
      vertex 42.4002 -70.8248 0
      vertex 44.5918 -70.1168 0
      vertex 44.929 -71.1081 0
    endloop
  endfacet
  facet normal 0 -0 -1
    outer loop
      vertex 37.1739 -73.5155 0
      vertex 37.3425 -74.3652 0
      vertex 36.8367 -73.7988 0
    endloop
  endfacet
  facet normal 0 -0 -1
    outer loop
      vertex 46.7835 -74.6485 0
      vertex 47.1207 -74.3652 0
      vertex 45.6034 -78.3304 0
    endloop
  endfacet
  facet normal 0 0 -1
    outer loop
      vertex 50.4924 -69.9752 0
      vertex 49.8181 -71.5329 0
      vertex 48.4694 -70.1168 0
    endloop
  endfacet
  facet normal -0 0 -1
    outer loop
      vertex 50.661 -69.2671 0
      vertex 50.4924 -69.9752 0
      vertex 48.8065 -69.2671 0
    endloop
  endfacet
  facet normal 0 0 -1
    outer loop
      vertex 48.4694 -70.1168 0
      vertex 47.9636 -69.5503 0
      vertex 48.8065 -69.2671 0
    endloop
  endfacet
  facet normal 0 0 -1
    outer loop
      vertex 58.9219 -65.1603 0
      vertex 61.9565 -66.5764 0
      vertex 59.2591 -66.4348 0
    endloop
  endfacet
  facet normal -0 0 -1
    outer loop
      vertex 50.4924 -69.9752 0
      vertex 48.4694 -70.1168 0
      vertex 48.8065 -69.2671 0
    endloop
  endfacet
  facet normal 0 0 -1
    outer loop
      vertex 63.6424 -66.5764 0
      vertex 62.968 -65.1603 0
      vertex 63.9796 -66.1516 0
    endloop
  endfacet
  facet normal 0 0 -1
    outer loop
      vertex 49.8181 -71.5329 0
      vertex 48.4694 -71.5329 0
      vertex 48.4694 -70.1168 0
    endloop
  endfacet
  facet normal 0 0 -1
    outer loop
      vertex 63.9796 -66.1516 0
      vertex 62.968 -65.1603 0
      vertex 64.4854 -65.7267 0
    endloop
  endfacet
  facet normal 0 0 -1
    outer loop
      vertex 47.1207 -74.3652 0
      vertex 48.4694 -71.5329 0
      vertex 49.8181 -71.5329 0
    endloop
  endfacet
  facet normal 0 -0 -1
    outer loop
      vertex 45.2662 -80.1714 0
      vertex 45.9405 -80.7379 0
      vertex 44.7604 -81.3044 0
    endloop
  endfacet
  facet normal 0 -0 -1
    outer loop
      vertex 47.1207 -74.3652 0
      vertex 49.8181 -71.5329 0
      vertex 45.6034 -78.3304 0
    endloop
  endfacet
  facet normal 0 0 -1
    outer loop
      vertex 34.1393 -70.6832 0
      vertex 32.9592 -70.4 0
      vertex 33.6335 -69.8336 0
    endloop
  endfacet
  facet normal 0 -0 -1
    outer loop
      vertex 59.0905 -75.6398 0
      vertex 59.2591 -76.6311 0
      vertex 56.5617 -76.2062 0
    endloop
  endfacet
  facet normal 0 -0 -1
    outer loop
      vertex 33.8021 -74.9317 0
      vertex 34.4765 -75.6398 0
      vertex 32.7906 -75.6398 0
    endloop
  endfacet
  facet normal 0 0 -1
    outer loop
      vertex 59.0905 -75.6398 0
      vertex 59.2591 -76.0646 0
      vertex 59.2591 -76.6311 0
    endloop
  endfacet
  facet normal 0 0 -1
    outer loop
      vertex 33.8021 -77.6224 0
      vertex 34.8137 -77.6224 0
      vertex 34.1393 -78.0472 0
    endloop
  endfacet
  facet normal 0 0 -1
    outer loop
      vertex 32.1162 -79.1801 0
      vertex 32.622 -78.4721 0
      vertex 33.9707 -79.3217 0
    endloop
  endfacet
  facet normal 0 0 -1
    outer loop
      vertex 39.3656 -70.1168 0
      vertex 39.0284 -70.4 0
      vertex 36.331 -70.2584 0
    endloop
  endfacet
  facet normal 0 -0 -1
    outer loop
      vertex 45.9405 -73.5155 0
      vertex 46.2777 -74.2236 0
      vertex 44.929 -76.3478 0
    endloop
  endfacet
  facet normal -0 0 -1
    outer loop
      vertex 45.6034 -78.3304 0
      vertex 45.2662 -79.1801 0
      vertex 44.7604 -77.9056 0
    endloop
  endfacet
  facet normal 0 0 -1
    outer loop
      vertex 44.7604 -77.9056 0
      vertex 45.0976 -77.6224 0
      vertex 45.6034 -78.3304 0
    endloop
  endfacet
  facet normal -0 0 -1
    outer loop
      vertex 46.7835 -74.6485 0
      vertex 44.929 -76.3478 0
      vertex 46.2777 -74.2236 0
    endloop
  endfacet
  facet normal 0 0 -1
    outer loop
      vertex 45.0976 -77.6224 0
      vertex 45.2662 -77.3391 0
      vertex 45.6034 -78.3304 0
    endloop
  endfacet
  facet normal 0 0 -1
    outer loop
      vertex 45.9405 -73.5155 0
      vertex 42.4002 -70.8248 0
      vertex 45.2662 -71.9578 0
    endloop
  endfacet
  facet normal 0 0 -1
    outer loop
      vertex 39.3656 -72.5242 0
      vertex 37.5111 -71.8162 0
      vertex 39.5341 -71.9578 0
    endloop
  endfacet
  facet normal 0 0 -1
    outer loop
      vertex 39.7027 -70.1168 0
      vertex 40.0399 -68.9839 0
      vertex 40.3771 -69.5503 0
    endloop
  endfacet
  facet normal 0 0 -1
    outer loop
      vertex 39.7027 -70.1168 0
      vertex 39.3656 -70.1168 0
      vertex 40.0399 -68.9839 0
    endloop
  endfacet
  facet normal 0 0 -1
    outer loop
      vertex 42.4002 -70.8248 0
      vertex 41.5572 -69.5503 0
      vertex 43.9175 -69.2671 0
    endloop
  endfacet
  facet normal 0 0 -1
    outer loop
      vertex 44.5918 -69.8336 0
      vertex 43.9175 -69.2671 0
      vertex 44.5918 -69.2671 0
    endloop
  endfacet
  facet normal 0 0 -1
    outer loop
      vertex 18.342 -35.4627 0
      vertex 13.9765 -34.3981 0
      vertex 14.9623 -34.3981 0
    endloop
  endfacet
  facet normal -0 0 -1
    outer loop
      vertex 40.7143 -69.1255 0
      vertex 40.3771 -69.4087 0
      vertex 40.0399 -68.9839 0
    endloop
  endfacet
  facet normal -0 -0 -1
    outer loop
      vertex 40.3771 -69.4087 0
      vertex 40.3771 -69.5503 0
      vertex 40.0399 -68.9839 0
    endloop
  endfacet
  facet normal 0 0 -1
    outer loop
      vertex 32.1162 -71.6745 0
      vertex 33.9707 -71.9578 0
      vertex 32.1162 -73.2323 0
    endloop
  endfacet
  facet normal 0 0 -1
    outer loop
      vertex 34.6451 -73.2323 0
      vertex 35.1508 -73.6572 0
      vertex 34.8137 -74.9317 0
    endloop
  endfacet
  facet normal 0 -0 -1
    outer loop
      vertex 39.5341 -71.2497 0
      vertex 39.5341 -71.9578 0
      vertex 37.5111 -71.8162 0
    endloop
  endfacet
  facet normal 0 0 -1
    outer loop
      vertex 37.5111 -72.8074 0
      vertex 39.3656 -72.5242 0
      vertex 39.0284 -73.0907 0
    endloop
  endfacet
  facet normal 0 0 -1
    outer loop
      vertex 37.5111 -72.8074 0
      vertex 39.0284 -73.0907 0
      vertex 37.8483 -74.082 0
    endloop
  endfacet
  facet normal 0 0 -1
    outer loop
      vertex 36.331 -70.2584 0
      vertex 35.9938 -70.1168 0
      vertex 35.3194 -69.1255 0
    endloop
  endfacet
  facet normal 0 0 -1
    outer loop
      vertex 33.2964 -74.5068 0
      vertex 34.6451 -73.2323 0
      vertex 33.8021 -74.9317 0
    endloop
  endfacet
  facet normal 0 0 -1
    outer loop
      vertex 33.8021 -74.9317 0
      vertex 34.4765 -75.2149 0
      vertex 34.4765 -75.6398 0
    endloop
  endfacet
  facet normal 0 0 -1
    outer loop
      vertex 18.6291 -72.9491 0
      vertex 16.606 -72.3826 0
      vertex 18.4605 -72.3826 0
    endloop
  endfacet
  facet normal -0 0 -1
    outer loop
      vertex 33.9707 -78.3304 0
      vertex 32.622 -78.4721 0
      vertex 33.8021 -77.6224 0
    endloop
  endfacet
  facet normal 0 0 -1
    outer loop
      vertex 32.1162 -79.1801 0
      vertex 33.9707 -79.3217 0
      vertex 32.1162 -80.4547 0
    endloop
  endfacet
  facet normal 0 0 -1
    outer loop
      vertex 32.622 -78.4721 0
      vertex 33.9707 -78.3304 0
      vertex 33.9707 -79.3217 0
    endloop
  endfacet
  facet normal -0 0 -1
    outer loop
      vertex 39.3656 -76.6311 0
      vertex 38.1854 -78.1888 0
      vertex 38.1854 -76.3478 0
    endloop
  endfacet
  facet normal 0 0 -1
    outer loop
      vertex 35.9938 -80.5963 0
      vertex 37.0053 -81.5876 0
      vertex 36.4995 -81.7292 0
    endloop
  endfacet
  facet normal 0 -0 -1
    outer loop
      vertex 38.1854 -80.313 0
      vertex 38.6912 -80.7379 0
      vertex 37.5111 -80.5963 0
    endloop
  endfacet
  facet normal 0 0 -1
    outer loop
      vertex 40.5457 -79.0385 0
      vertex 39.0284 -79.0385 0
      vertex 40.7143 -78.6137 0
    endloop
  endfacet
  facet normal 0 0 -1
    outer loop
      vertex 39.0284 -79.0385 0
      vertex 38.8598 -78.7553 0
      vertex 40.7143 -78.6137 0
    endloop
  endfacet
  facet normal 0 0 -1
    outer loop
      vertex 40.2085 -79.4634 0
      vertex 39.0284 -79.3217 0
      vertex 39.0284 -79.0385 0
    endloop
  endfacet
  facet normal -0 0 -1
    outer loop
      vertex 40.5457 -79.0385 0
      vertex 40.2085 -79.4634 0
      vertex 39.0284 -79.0385 0
    endloop
  endfacet
  facet normal 0 -0 -1
    outer loop
      vertex 38.8598 -79.7466 0
      vertex 40.2085 -79.4634 0
      vertex 38.6912 -80.7379 0
    endloop
  endfacet
  facet normal 0 -0 -1
    outer loop
      vertex 37.5111 -80.5963 0
      vertex 38.6912 -80.7379 0
      vertex 37.0053 -81.5876 0
    endloop
  endfacet
  facet normal -0 0 -1
    outer loop
      vertex 34.8137 -80.1714 0
      vertex 32.9592 -81.3044 0
      vertex 34.1393 -79.605 0
    endloop
  endfacet
  facet normal 0 0 -1
    outer loop
      vertex 21.3265 -71.3913 0
      vertex 21.1579 -70.9665 0
      vertex 23.5182 -70.8248 0
    endloop
  endfacet
  facet normal 0 0 -1
    outer loop
      vertex 16.606 -74.5068 0
      vertex 19.1349 -74.082 0
      vertex 17.1118 -75.6398 0
    endloop
  endfacet
  facet normal 0 0 -1
    outer loop
      vertex 36.1624 -77.9056 0
      vertex 35.488 -76.2062 0
      vertex 36.6681 -76.3478 0
    endloop
  endfacet
  facet normal -0 0 -1
    outer loop
      vertex 22.0009 -76.7727 0
      vertex 20.9893 -77.1975 0
      vertex 21.1579 -75.7814 0
    endloop
  endfacet
  facet normal 0 0 -1
    outer loop
      vertex 17.6176 -70.5416 0
      vertex 18.6291 -69.6919 0
      vertex 18.7977 -70.5416 0
    endloop
  endfacet
  facet normal 0 0 -1
    outer loop
      vertex 34.8137 -77.6224 0
      vertex 34.9822 -76.0646 0
      vertex 35.488 -76.2062 0
    endloop
  endfacet
  facet normal 0 0 -1
    outer loop
      vertex 18.4605 -76.9143 0
      vertex 17.449 -76.0646 0
      vertex 19.6406 -74.7901 0
    endloop
  endfacet
  facet normal 0 0 -1
    outer loop
      vertex 32.4534 -76.2062 0
      vertex 32.7906 -75.6398 0
      vertex 32.9592 -77.1975 0
    endloop
  endfacet
  facet normal 0 0 -1
    outer loop
      vertex 23.5182 -70.8248 0
      vertex 21.3265 -71.6745 0
      vertex 21.3265 -71.3913 0
    endloop
  endfacet
  facet normal 0 0 -1
    outer loop
      vertex 23.5182 -70.8248 0
      vertex 23.181 -69.8336 0
      vertex 23.5182 -70.4 0
    endloop
  endfacet
  facet normal 0 0 -1
    outer loop
      vertex 33.465 -77.3391 0
      vertex 34.9822 -76.0646 0
      vertex 33.8021 -77.6224 0
    endloop
  endfacet
  facet normal -0 0 -1
    outer loop
      vertex 34.1393 -78.0472 0
      vertex 33.9707 -78.3304 0
      vertex 33.8021 -77.6224 0
    endloop
  endfacet
  facet normal 0 0 -1
    outer loop
      vertex 33.465 -77.3391 0
      vertex 34.4765 -75.6398 0
      vertex 34.9822 -76.0646 0
    endloop
  endfacet
  facet normal 0 0 -1
    outer loop
      vertex 32.4534 -76.7727 0
      vertex 32.4534 -76.2062 0
      vertex 32.9592 -77.1975 0
    endloop
  endfacet
  facet normal 0 0 -1
    outer loop
      vertex 21.3265 -72.5242 0
      vertex 21.3265 -71.6745 0
      vertex 23.5182 -70.8248 0
    endloop
  endfacet
  facet normal 0 0 -1
    outer loop
      vertex 32.9592 -77.1975 0
      vertex 32.7906 -75.6398 0
      vertex 33.465 -77.3391 0
    endloop
  endfacet
  facet normal 0 0 -1
    outer loop
      vertex 21.1579 -75.7814 0
      vertex 20.9893 -77.1975 0
      vertex 20.4836 -77.1975 0
    endloop
  endfacet
  facet normal 0 0 -1
    outer loop
      vertex 32.7906 -75.6398 0
      vertex 34.4765 -75.6398 0
      vertex 33.465 -77.3391 0
    endloop
  endfacet
  facet normal 0 0 -1
    outer loop
      vertex 33.8021 -74.9317 0
      vertex 34.8137 -74.9317 0
      vertex 34.4765 -75.2149 0
    endloop
  endfacet
  facet normal 0 0 -1
    outer loop
      vertex 33.2964 -74.5068 0
      vertex 34.1393 -72.5242 0
      vertex 34.6451 -73.2323 0
    endloop
  endfacet
  facet normal 0 0 -1
    outer loop
      vertex 32.2848 -71.2497 0
      vertex 33.9707 -71.2497 0
      vertex 33.9707 -71.9578 0
    endloop
  endfacet
  facet normal 0 0 -1
    outer loop
      vertex 33.1278 -74.5068 0
      vertex 32.4534 -73.9404 0
      vertex 33.2964 -74.5068 0
    endloop
  endfacet
  facet normal 0 0 -1
    outer loop
      vertex 32.9592 -70.4 0
      vertex 34.1393 -70.6832 0
      vertex 33.9707 -71.2497 0
    endloop
  endfacet
  facet normal 0 0 -1
    outer loop
      vertex 32.1162 -73.2323 0
      vertex 33.9707 -71.9578 0
      vertex 34.1393 -72.5242 0
    endloop
  endfacet
  facet normal 0 0 -1
    outer loop
      vertex 34.8137 -69.2671 0
      vertex 35.3194 -69.1255 0
      vertex 34.8137 -70.1168 0
    endloop
  endfacet
  facet normal 0 0 -1
    outer loop
      vertex 33.8021 -74.9317 0
      vertex 34.6451 -73.2323 0
      vertex 34.8137 -74.9317 0
    endloop
  endfacet
  facet normal 0 0 -1
    outer loop
      vertex 31.6105 -69.5503 0
      vertex 31.7791 -69.8336 0
      vertex 31.7791 -70.2584 0
    endloop
  endfacet
  facet normal 0 0 -1
    outer loop
      vertex 35.9938 -70.1168 0
      vertex 34.8137 -70.1168 0
      vertex 35.3194 -69.1255 0
    endloop
  endfacet
  facet normal 0 0 -1
    outer loop
      vertex 31.4419 -70.6832 0
      vertex 31.6105 -69.5503 0
      vertex 31.7791 -70.2584 0
    endloop
  endfacet
  facet normal 0 0 -1
    outer loop
      vertex 35.1508 -73.6572 0
      vertex 35.8252 -73.9404 0
      vertex 35.1508 -74.7901 0
    endloop
  endfacet
  facet normal -0 0 -1
    outer loop
      vertex 39.3656 -72.5242 0
      vertex 37.5111 -72.8074 0
      vertex 37.5111 -71.8162 0
    endloop
  endfacet
  facet normal 0 0 -1
    outer loop
      vertex 40.0399 -68.9839 0
      vertex 39.3656 -70.1168 0
      vertex 36.331 -70.2584 0
    endloop
  endfacet
  facet normal 0 0 -1
    outer loop
      vertex 33.8021 -77.6224 0
      vertex 34.9822 -76.0646 0
      vertex 34.8137 -77.6224 0
    endloop
  endfacet
  facet normal 0 0 -1
    outer loop
      vertex 32.1162 -80.4547 0
      vertex 34.1393 -79.605 0
      vertex 32.2848 -80.7379 0
    endloop
  endfacet
  facet normal 0 -0 -1
    outer loop
      vertex 33.9707 -79.3217 0
      vertex 34.1393 -79.605 0
      vertex 32.1162 -80.4547 0
    endloop
  endfacet
  facet normal 0 0 -1
    outer loop
      vertex 34.1393 -79.605 0
      vertex 32.9592 -81.3044 0
      vertex 32.2848 -80.7379 0
    endloop
  endfacet
  facet normal 0 0 -1
    outer loop
      vertex 35.1508 -81.8708 0
      vertex 34.1393 -81.7292 0
      vertex 34.8137 -80.1714 0
    endloop
  endfacet
  facet normal 0 0 -1
    outer loop
      vertex 34.8137 -80.1714 0
      vertex 34.1393 -81.7292 0
      vertex 32.9592 -81.3044 0
    endloop
  endfacet
  facet normal -0 0 -1
    outer loop
      vertex 36.4995 -81.7292 0
      vertex 35.1508 -81.8708 0
      vertex 35.9938 -80.5963 0
    endloop
  endfacet
  facet normal -0 0 -1
    outer loop
      vertex 35.9938 -80.5963 0
      vertex 35.1508 -81.8708 0
      vertex 34.8137 -80.1714 0
    endloop
  endfacet
  facet normal -0 0 -1
    outer loop
      vertex 37.5111 -80.5963 0
      vertex 37.0053 -81.5876 0
      vertex 35.9938 -80.5963 0
    endloop
  endfacet
  facet normal 0 0 -1
    outer loop
      vertex 38.1854 -80.313 0
      vertex 38.8598 -79.7466 0
      vertex 38.6912 -80.7379 0
    endloop
  endfacet
  facet normal -0 0 -1
    outer loop
      vertex 40.5457 -77.3391 0
      vertex 38.8598 -78.7553 0
      vertex 40.0399 -76.9143 0
    endloop
  endfacet
  facet normal 0 -0 -1
    outer loop
      vertex 40.7143 -77.6224 0
      vertex 40.7143 -78.6137 0
      vertex 38.8598 -78.7553 0
    endloop
  endfacet
  facet normal -0 0 -1
    outer loop
      vertex 40.7143 -77.6224 0
      vertex 38.8598 -78.7553 0
      vertex 40.5457 -77.3391 0
    endloop
  endfacet
  facet normal 0 0 -1
    outer loop
      vertex 38.8598 -78.7553 0
      vertex 39.3656 -76.6311 0
      vertex 40.0399 -76.9143 0
    endloop
  endfacet
  facet normal 0 0 -1
    outer loop
      vertex 39.3656 -76.6311 0
      vertex 38.8598 -78.7553 0
      vertex 38.1854 -78.1888 0
    endloop
  endfacet
  facet normal 0 0 -1
    outer loop
      vertex 37.1739 -77.9056 0
      vertex 38.1854 -76.3478 0
      vertex 38.1854 -78.1888 0
    endloop
  endfacet
  facet normal 0 -0 -1
    outer loop
      vertex 36.6681 -76.3478 0
      vertex 37.1739 -77.9056 0
      vertex 36.1624 -77.9056 0
    endloop
  endfacet
  facet normal 0 0 -1
    outer loop
      vertex 36.6681 -76.3478 0
      vertex 38.1854 -76.3478 0
      vertex 37.1739 -77.9056 0
    endloop
  endfacet
  facet normal 0 0 -1
    outer loop
      vertex 34.8137 -77.6224 0
      vertex 35.488 -76.2062 0
      vertex 36.1624 -77.9056 0
    endloop
  endfacet
  facet normal -0 0 -1
    outer loop
      vertex 37.3425 -74.3652 0
      vertex 36.1624 -74.7901 0
      vertex 36.4995 -73.9404 0
    endloop
  endfacet
  facet normal 0 0 -1
    outer loop
      vertex 35.3194 -69.1255 0
      vertex 40.0399 -68.9839 0
      vertex 36.331 -70.2584 0
    endloop
  endfacet
  facet normal 0 0 -1
    outer loop
      vertex 33.6335 -69.8336 0
      vertex 34.8137 -70.1168 0
      vertex 34.1393 -70.6832 0
    endloop
  endfacet
  facet normal 0 0 -1
    outer loop
      vertex 33.6335 -69.8336 0
      vertex 34.8137 -69.2671 0
      vertex 34.8137 -70.1168 0
    endloop
  endfacet
  facet normal 0 0 -1
    outer loop
      vertex 32.2848 -71.2497 0
      vertex 32.9592 -70.4 0
      vertex 33.9707 -71.2497 0
    endloop
  endfacet
  facet normal 0 0 -1
    outer loop
      vertex 32.1162 -71.6745 0
      vertex 32.2848 -71.2497 0
      vertex 33.9707 -71.9578 0
    endloop
  endfacet
  facet normal 0 0 -1
    outer loop
      vertex 32.4534 -73.9404 0
      vertex 32.1162 -73.2323 0
      vertex 34.1393 -72.5242 0
    endloop
  endfacet
  facet normal 0 0 -1
    outer loop
      vertex 32.4534 -73.9404 0
      vertex 34.1393 -72.5242 0
      vertex 33.2964 -74.5068 0
    endloop
  endfacet
  facet normal 0 -0 -1
    outer loop
      vertex 35.1508 -73.6572 0
      vertex 35.1508 -74.7901 0
      vertex 34.8137 -74.9317 0
    endloop
  endfacet
  facet normal 0 -0 -1
    outer loop
      vertex 35.8252 -73.9404 0
      vertex 36.1624 -74.7901 0
      vertex 35.1508 -74.7901 0
    endloop
  endfacet
  facet normal -0 0 -1
    outer loop
      vertex 36.4995 -73.9404 0
      vertex 36.1624 -74.7901 0
      vertex 35.8252 -73.9404 0
    endloop
  endfacet
  facet normal 0 0 -1
    outer loop
      vertex 37.3425 -74.3652 0
      vertex 36.4995 -73.9404 0
      vertex 36.8367 -73.7988 0
    endloop
  endfacet
  facet normal -0 0 -1
    outer loop
      vertex 37.8483 -74.082 0
      vertex 37.3425 -74.3652 0
      vertex 37.1739 -73.5155 0
    endloop
  endfacet
  facet normal 0 0 -1
    outer loop
      vertex 37.8483 -74.082 0
      vertex 37.1739 -73.5155 0
      vertex 37.5111 -72.8074 0
    endloop
  endfacet
  facet normal 0 -0 -1
    outer loop
      vertex 39.3656 -70.8248 0
      vertex 39.5341 -71.2497 0
      vertex 37.5111 -71.8162 0
    endloop
  endfacet
  facet normal -0 0 -1
    outer loop
      vertex 39.3656 -70.8248 0
      vertex 37.5111 -71.8162 0
      vertex 39.0284 -70.4 0
    endloop
  endfacet
  facet normal 0 0 -1
    outer loop
      vertex 37.5111 -71.8162 0
      vertex 37.3425 -71.2497 0
      vertex 39.0284 -70.4 0
    endloop
  endfacet
  facet normal 0 0 -1
    outer loop
      vertex 37.3425 -71.2497 0
      vertex 37.1739 -70.9665 0
      vertex 39.0284 -70.4 0
    endloop
  endfacet
  facet normal 0 0 -1
    outer loop
      vertex 37.1739 -70.9665 0
      vertex 36.331 -70.2584 0
      vertex 39.0284 -70.4 0
    endloop
  endfacet
  facet normal 0 0 -1
    outer loop
      vertex 12.7795 -62.9059 0
      vertex 13.9765 -62.8468 0
      vertex 13.6245 -63.0242 0
    endloop
  endfacet
  facet normal 0 0 -1
    outer loop
      vertex 58.9219 -66.718 0
      vertex 58.9219 -65.1603 0
      vertex 59.2591 -66.4348 0
    endloop
  endfacet
  facet normal 0 0 -1
    outer loop
      vertex -0.246429 -62.7285 0
      vertex 2.99245 -61.6047 0
      vertex 2.7108 -63.9114 0
    endloop
  endfacet
  facet normal 0 0 -1
    outer loop
      vertex 0.950531 -64.7986 0
      vertex 2.7108 -63.9114 0
      vertex 1.58423 -64.9169 0
    endloop
  endfacet
  facet normal -0 0 -1
    outer loop
      vertex -5.31056 -65.7267 0
      vertex -5.64774 -66.0099 0
      vertex -5.98491 -65.4435 0
    endloop
  endfacet
  facet normal 0 -0 -1
    outer loop
      vertex -5.98491 -65.4435 0
      vertex -5.64774 -66.1516 0
      vertex -6.3221 -66.8596 0
    endloop
  endfacet
  facet normal 0 0 -1
    outer loop
      vertex -8.00798 -66.8596 0
      vertex -6.3221 -66.8596 0
      vertex -7.67081 -67.1429 0
    endloop
  endfacet
  facet normal 0 0 -1
    outer loop
      vertex -6.3221 -66.8596 0
      vertex -8.00798 -66.8596 0
      vertex -5.98491 -65.4435 0
    endloop
  endfacet
  facet normal 0 0 -1
    outer loop
      vertex -8.85092 -66.5764 0
      vertex -8.51375 -65.0186 0
      vertex -8.00798 -66.8596 0
    endloop
  endfacet
  facet normal 0 0 -1
    outer loop
      vertex -9.52528 -66.4348 0
      vertex -8.51375 -65.0186 0
      vertex -8.85092 -66.5764 0
    endloop
  endfacet
  facet normal 0 0 -1
    outer loop
      vertex -11.2112 -66.4348 0
      vertex -10.874 -65.3019 0
      vertex -9.52528 -66.4348 0
    endloop
  endfacet
  facet normal 0 0 -1
    outer loop
      vertex -11.8855 -67.0012 0
      vertex -13.4028 -67.0012 0
      vertex -12.3913 -66.1516 0
    endloop
  endfacet
  facet normal 0 0 -1
    outer loop
      vertex -11.8855 -67.9926 0
      vertex -13.74 -67.4261 0
      vertex -13.4028 -67.0012 0
    endloop
  endfacet
  facet normal 0 -0 -1
    outer loop
      vertex -11.2112 -75.7814 0
      vertex -11.2112 -77.3391 0
      vertex -12.0541 -77.3391 0
    endloop
  endfacet
  facet normal 0 0 -1
    outer loop
      vertex -8.51375 -72.9491 0
      vertex -10.1996 -72.241 0
      vertex -8.34515 -70.5416 0
    endloop
  endfacet
  facet normal -0 0 -1
    outer loop
      vertex -5.31056 -72.241 0
      vertex -7.33362 -73.9404 0
      vertex -6.1535 -71.5329 0
    endloop
  endfacet
  facet normal 0 0 -1
    outer loop
      vertex -7.16504 -75.0733 0
      vertex -7.16504 -74.3652 0
      vertex -5.81633 -75.3565 0
    endloop
  endfacet
  facet normal 0 0 -1
    outer loop
      vertex -7.16504 -74.3652 0
      vertex -4.97337 -74.082 0
      vertex -5.47914 -74.9317 0
    endloop
  endfacet
  facet normal -0 0 -1
    outer loop
      vertex -5.81633 -75.3565 0
      vertex -6.65927 -76.0646 0
      vertex -7.16504 -75.0733 0
    endloop
  endfacet
  facet normal 0 0 -1
    outer loop
      vertex -11.0426 -77.4807 0
      vertex -11.2112 -77.3391 0
      vertex -10.3682 -77.4807 0
    endloop
  endfacet
  facet normal 0 0 -1
    outer loop
      vertex -11.2112 -77.3391 0
      vertex -10.1996 -77.3391 0
      vertex -10.3682 -77.4807 0
    endloop
  endfacet
  facet normal 0 0 -1
    outer loop
      vertex -6.1535 -71.5329 0
      vertex -7.33362 -73.9404 0
      vertex -8.51375 -72.9491 0
    endloop
  endfacet
  facet normal 0 0 -1
    outer loop
      vertex -13.74 -76.9143 0
      vertex -14.2458 -76.6311 0
      vertex -12.3913 -75.2149 0
    endloop
  endfacet
  facet normal 0 0 -1
    outer loop
      vertex -14.583 -76.0646 0
      vertex -13.0657 -74.5068 0
      vertex -12.3913 -75.2149 0
    endloop
  endfacet
  facet normal 0 0 -1
    outer loop
      vertex -14.583 -76.0646 0
      vertex -12.3913 -75.2149 0
      vertex -14.2458 -76.6311 0
    endloop
  endfacet
  facet normal 0 0 -1
    outer loop
      vertex -14.583 -76.0646 0
      vertex -14.2458 -76.6311 0
      vertex -14.583 -76.6311 0
    endloop
  endfacet
  facet normal 0 0 -1
    outer loop
      vertex -20.5951 -52.5556 0
      vertex -21.6513 -52.8513 0
      vertex -22.9891 -52.733 0
    endloop
  endfacet
  facet normal 0 0 -1
    outer loop
      vertex -12.5599 -70.9665 0
      vertex -10.1996 -69.5503 0
      vertex -10.1996 -72.241 0
    endloop
  endfacet
  facet normal 0 -0 -1
    outer loop
      vertex -11.3798 -68.7006 0
      vertex -10.1996 -69.5503 0
      vertex -12.5599 -70.9665 0
    endloop
  endfacet
  facet normal -0 0 -1
    outer loop
      vertex -11.3798 -68.7006 0
      vertex -13.74 -69.9752 0
      vertex -11.8855 -67.9926 0
    endloop
  endfacet
  facet normal -0 0 -1
    outer loop
      vertex -84.2103 -70.1168 0
      vertex -84.5475 -70.4 0
      vertex -85.7276 -69.9752 0
    endloop
  endfacet
  facet normal 0 0 -1
    outer loop
      vertex -13.74 -69.9752 0
      vertex -14.0772 -69.2671 0
      vertex -11.8855 -67.9926 0
    endloop
  endfacet
  facet normal 0 0 -1
    outer loop
      vertex -12.0541 -77.3391 0
      vertex -13.74 -76.9143 0
      vertex -12.3913 -75.2149 0
    endloop
  endfacet
  facet normal 0 0 -1
    outer loop
      vertex -12.5599 -70.9665 0
      vertex -13.74 -69.9752 0
      vertex -11.3798 -68.7006 0
    endloop
  endfacet
  facet normal -0 0 -1
    outer loop
      vertex -11.2112 -75.7814 0
      vertex -12.0541 -77.3391 0
      vertex -11.8855 -75.4981 0
    endloop
  endfacet
  facet normal -0 0 -1
    outer loop
      vertex -11.8855 -75.4981 0
      vertex -12.0541 -77.3391 0
      vertex -12.3913 -75.2149 0
    endloop
  endfacet
  facet normal 0 0 -1
    outer loop
      vertex -11.2112 -75.7814 0
      vertex -9.52528 -76.2062 0
      vertex -10.1996 -77.3391 0
    endloop
  endfacet
  facet normal 0 -0 -1
    outer loop
      vertex -9.52528 -76.2062 0
      vertex -9.35669 -77.3391 0
      vertex -10.1996 -77.3391 0
    endloop
  endfacet
  facet normal 0 0 -1
    outer loop
      vertex -8.68234 -77.1975 0
      vertex -9.52528 -76.2062 0
      vertex -8.68234 -76.2062 0
    endloop
  endfacet
  facet normal -0 0 -1
    outer loop
      vertex -8.68234 -77.1975 0
      vertex -9.35669 -77.3391 0
      vertex -9.52528 -76.2062 0
    endloop
  endfacet
  facet normal -0 0 -1
    outer loop
      vertex -7.50221 -76.6311 0
      vertex -8.68234 -77.1975 0
      vertex -8.17657 -76.0646 0
    endloop
  endfacet
  facet normal 0 0 -1
    outer loop
      vertex -8.17657 -76.0646 0
      vertex -8.68234 -77.1975 0
      vertex -8.68234 -76.2062 0
    endloop
  endfacet
  facet normal -0 0 -1
    outer loop
      vertex -6.65927 -76.0646 0
      vertex -7.50221 -76.6311 0
      vertex -7.33362 -75.3565 0
    endloop
  endfacet
  facet normal 0 0 -1
    outer loop
      vertex -7.33362 -75.3565 0
      vertex -7.50221 -76.6311 0
      vertex -8.17657 -76.0646 0
    endloop
  endfacet
  facet normal 0 -0 -1
    outer loop
      vertex -7.16504 -75.0733 0
      vertex -6.65927 -76.0646 0
      vertex -7.33362 -75.3565 0
    endloop
  endfacet
  facet normal 0 0 -1
    outer loop
      vertex -7.33362 -73.9404 0
      vertex -4.97337 -72.9491 0
      vertex -4.97337 -74.082 0
    endloop
  endfacet
  facet normal 0 0 -1
    outer loop
      vertex -7.16504 -74.3652 0
      vertex -7.33362 -73.9404 0
      vertex -4.97337 -74.082 0
    endloop
  endfacet
  facet normal 0 -0 -1
    outer loop
      vertex -5.31056 -72.241 0
      vertex -4.97337 -72.9491 0
      vertex -7.33362 -73.9404 0
    endloop
  endfacet
  facet normal 0 -0 -1
    outer loop
      vertex -7.50221 -70.8248 0
      vertex -6.1535 -71.5329 0
      vertex -8.51375 -72.9491 0
    endloop
  endfacet
  facet normal -0 0 -1
    outer loop
      vertex -7.50221 -70.8248 0
      vertex -8.51375 -72.9491 0
      vertex -8.34515 -70.5416 0
    endloop
  endfacet
  facet normal -0 0 -1
    outer loop
      vertex -8.34515 -70.5416 0
      vertex -10.1996 -72.241 0
      vertex -10.1996 -69.5503 0
    endloop
  endfacet
  facet normal 0 0 -1
    outer loop
      vertex -24.1926 -71.1081 0
      vertex -21.8323 -70.6832 0
      vertex -24.024 -71.8162 0
    endloop
  endfacet
  facet normal 0 0 -1
    outer loop
      vertex -14.0772 -69.2671 0
      vertex -14.0772 -68.1342 0
      vertex -11.8855 -67.9926 0
    endloop
  endfacet
  facet normal -0 0 -1
    outer loop
      vertex -82.0186 -75.3565 0
      vertex -83.0302 -75.4981 0
      vertex -82.3558 -75.2149 0
    endloop
  endfacet
  facet normal 0 0 -1
    outer loop
      vertex -14.0772 -68.1342 0
      vertex -13.74 -67.4261 0
      vertex -11.8855 -67.9926 0
    endloop
  endfacet
  facet normal 0 0 -1
    outer loop
      vertex -46.9521 -69.9752 0
      vertex -46.7835 -69.2671 0
      vertex -46.4463 -69.5503 0
    endloop
  endfacet
  facet normal 0 0 -1
    outer loop
      vertex -11.8855 -67.9926 0
      vertex -13.4028 -67.0012 0
      vertex -11.8855 -67.0012 0
    endloop
  endfacet
  facet normal 0 0 -1
    outer loop
      vertex -11.8855 -67.0012 0
      vertex -12.3913 -66.1516 0
      vertex -11.2112 -66.4348 0
    endloop
  endfacet
  facet normal 0 0 -1
    outer loop
      vertex -12.3913 -66.1516 0
      vertex -10.874 -65.3019 0
      vertex -11.2112 -66.4348 0
    endloop
  endfacet
  facet normal 0 0 -1
    outer loop
      vertex -10.874 -65.3019 0
      vertex -9.86246 -65.0186 0
      vertex -9.52528 -66.4348 0
    endloop
  endfacet
  facet normal 0 0 -1
    outer loop
      vertex -9.86246 -65.0186 0
      vertex -8.51375 -65.0186 0
      vertex -9.52528 -66.4348 0
    endloop
  endfacet
  facet normal 0 0 -1
    outer loop
      vertex -4.75272 -57.1689 0
      vertex 6.37216 -58.7066 0
      vertex -1.79547 -58.8249 0
    endloop
  endfacet
  facet normal 0 -0 -1
    outer loop
      vertex -33.5507 -43.0332 0
      vertex -32.8466 -43.0332 0
      vertex -33.6211 -43.9796 0
    endloop
  endfacet
  facet normal 0 0 -1
    outer loop
      vertex -84.0417 -66.2932 0
      vertex -83.0302 -64.7354 0
      vertex -83.1987 -65.4435 0
    endloop
  endfacet
  facet normal 0 0 -1
    outer loop
      vertex -85.8962 -66.4348 0
      vertex -83.0302 -64.7354 0
      vertex -84.0417 -66.2932 0
    endloop
  endfacet
  facet normal 0 0 -1
    outer loop
      vertex -89.268 -66.2932 0
      vertex -90.1109 -64.877 0
      vertex -85.8962 -66.4348 0
    endloop
  endfacet
  facet normal 0 -0 -1
    outer loop
      vertex -92.6397 -65.1603 0
      vertex -92.4712 -66.5764 0
      vertex -92.8083 -66.2932 0
    endloop
  endfacet
  facet normal 0 0 -1
    outer loop
      vertex -92.3026 -66.8596 0
      vertex -92.4712 -66.5764 0
      vertex -90.1109 -64.877 0
    endloop
  endfacet
  facet normal 0 -0 -1
    outer loop
      vertex -92.6397 -76.4895 0
      vertex -92.6397 -77.1975 0
      vertex -93.4827 -77.4807 0
    endloop
  endfacet
  facet normal 0 -0 -1
    outer loop
      vertex -85.0532 -70.9665 0
      vertex -85.0532 -71.1081 0
      vertex -85.3904 -71.3913 0
    endloop
  endfacet
  facet normal 0 0 -1
    outer loop
      vertex -89.268 -71.3913 0
      vertex -89.6051 -69.8336 0
      vertex -89.268 -70.1168 0
    endloop
  endfacet
  facet normal 0 -0 -1
    outer loop
      vertex -84.5475 -70.4 0
      vertex -84.5475 -70.5416 0
      vertex -85.0532 -70.9665 0
    endloop
  endfacet
  facet normal 0 -0 -1
    outer loop
      vertex -83.0302 -75.4981 0
      vertex -83.0302 -76.4895 0
      vertex -84.8846 -75.7814 0
    endloop
  endfacet
  facet normal -0 0 -1
    outer loop
      vertex -84.5475 -70.4 0
      vertex -85.0532 -70.9665 0
      vertex -85.7276 -69.9752 0
    endloop
  endfacet
  facet normal -0 0 -1
    outer loop
      vertex -85.0532 -70.9665 0
      vertex -85.3904 -71.3913 0
      vertex -85.7276 -69.9752 0
    endloop
  endfacet
  facet normal 0 0 -1
    outer loop
      vertex -85.3904 -71.3913 0
      vertex -89.268 -71.3913 0
      vertex -85.7276 -69.9752 0
    endloop
  endfacet
  facet normal 0 0 -1
    outer loop
      vertex -89.268 -71.3913 0
      vertex -89.268 -70.1168 0
      vertex -85.7276 -69.9752 0
    endloop
  endfacet
  facet normal 0 0 -1
    outer loop
      vertex -89.6051 -71.6745 0
      vertex -89.6051 -69.8336 0
      vertex -89.268 -71.3913 0
    endloop
  endfacet
  facet normal 0 0 -1
    outer loop
      vertex -92.3026 -75.923 0
      vertex -92.6397 -77.1975 0
      vertex -92.6397 -76.4895 0
    endloop
  endfacet
  facet normal -0 0 -1
    outer loop
      vertex -83.0302 -76.4895 0
      vertex -83.8731 -77.1975 0
      vertex -84.8846 -75.7814 0
    endloop
  endfacet
  facet normal 0 0 -1
    outer loop
      vertex -92.6397 -77.1975 0
      vertex -89.7737 -75.4981 0
      vertex -89.4366 -75.7814 0
    endloop
  endfacet
  facet normal 0 0 -1
    outer loop
      vertex -82.0186 -75.3565 0
      vertex -83.0302 -76.4895 0
      vertex -83.0302 -75.4981 0
    endloop
  endfacet
  facet normal 0 0 -1
    outer loop
      vertex -80.1642 -70.5416 0
      vertex -80.8385 -69.9752 0
      vertex -77.9725 -68.9839 0
    endloop
  endfacet
  facet normal 0 0 -1
    outer loop
      vertex -47.6264 -70.8248 0
      vertex -48.1322 -70.4 0
      vertex -46.9521 -69.9752 0
    endloop
  endfacet
  facet normal 0 0 -1
    outer loop
      vertex -33.2964 -77.1975 0
      vertex -33.9707 -77.1975 0
      vertex -34.3079 -76.9143 0
    endloop
  endfacet
  facet normal 0 -0 -1
    outer loop
      vertex -82.0186 -74.9317 0
      vertex -82.0186 -75.3565 0
      vertex -82.3558 -75.2149 0
    endloop
  endfacet
  facet normal 0 0 -1
    outer loop
      vertex -46.7835 -69.2671 0
      vertex -46.9521 -69.9752 0
      vertex -48.1322 -70.4 0
    endloop
  endfacet
  facet normal -0 0 -1
    outer loop
      vertex -83.8731 -77.1975 0
      vertex -84.2103 -77.3391 0
      vertex -84.8846 -75.7814 0
    endloop
  endfacet
  facet normal 0 0 -1
    outer loop
      vertex -49.6495 -76.2062 0
      vertex -48.638 -76.2062 0
      vertex -48.638 -77.0559 0
    endloop
  endfacet
  facet normal 0 0 -1
    outer loop
      vertex -84.2103 -77.3391 0
      vertex -89.4366 -75.7814 0
      vertex -84.8846 -75.7814 0
    endloop
  endfacet
  facet normal 0 0 -1
    outer loop
      vertex -92.6397 -77.1975 0
      vertex -89.4366 -75.7814 0
      vertex -84.2103 -77.3391 0
    endloop
  endfacet
  facet normal 0 0 -1
    outer loop
      vertex -89.6051 -71.6745 0
      vertex -92.3026 -66.8596 0
      vertex -89.6051 -69.8336 0
    endloop
  endfacet
  facet normal 0 0 -1
    outer loop
      vertex -92.3026 -66.8596 0
      vertex -89.6051 -66.5764 0
      vertex -89.6051 -69.8336 0
    endloop
  endfacet
  facet normal 0 -0 -1
    outer loop
      vertex -92.3026 -75.923 0
      vertex -89.7737 -75.4981 0
      vertex -92.6397 -77.1975 0
    endloop
  endfacet
  facet normal -0 0 -1
    outer loop
      vertex -89.6051 -71.6745 0
      vertex -92.3026 -75.923 0
      vertex -92.3026 -66.8596 0
    endloop
  endfacet
  facet normal 0 0 -1
    outer loop
      vertex -89.6051 -71.6745 0
      vertex -89.7737 -75.4981 0
      vertex -92.3026 -75.923 0
    endloop
  endfacet
  facet normal 0 0 -1
    outer loop
      vertex -90.1109 -64.877 0
      vertex -92.4712 -66.5764 0
      vertex -92.6397 -65.1603 0
    endloop
  endfacet
  facet normal 0 0 -1
    outer loop
      vertex -92.6397 -65.1603 0
      vertex -93.1455 -66.1516 0
      vertex -93.6513 -65.4435 0
    endloop
  endfacet
  facet normal 0 0 -1
    outer loop
      vertex -93.1455 -66.1516 0
      vertex -93.6513 -66.1516 0
      vertex -93.6513 -65.4435 0
    endloop
  endfacet
  facet normal 0 0 -1
    outer loop
      vertex -93.6513 -66.1516 0
      vertex -94.3256 -65.7267 0
      vertex -93.6513 -65.4435 0
    endloop
  endfacet
  facet normal 0 0 -1
    outer loop
      vertex -93.8199 -66.2932 0
      vertex -94.3256 -65.7267 0
      vertex -93.6513 -66.1516 0
    endloop
  endfacet
  facet normal 0 0 -1
    outer loop
      vertex -94.6628 -66.4348 0
      vertex -94.3256 -65.7267 0
      vertex -93.8199 -66.2932 0
    endloop
  endfacet
  facet normal 0 0 -1
    outer loop
      vertex -95 -66.2932 0
      vertex -94.3256 -65.7267 0
      vertex -94.6628 -66.4348 0
    endloop
  endfacet
  facet normal 0 0 -1
    outer loop
      vertex -92.8083 -66.2932 0
      vertex -93.1455 -66.1516 0
      vertex -92.6397 -65.1603 0
    endloop
  endfacet
  facet normal -0 0 -1
    outer loop
      vertex -89.6051 -66.5764 0
      vertex -92.3026 -66.8596 0
      vertex -90.1109 -64.877 0
    endloop
  endfacet
  facet normal 0 0 -1
    outer loop
      vertex -89.6051 -66.5764 0
      vertex -90.1109 -64.877 0
      vertex -89.268 -66.2932 0
    endloop
  endfacet
  facet normal 0 0 -1
    outer loop
      vertex -36.5784 -45.9905 0
      vertex -35.5926 -45.5765 0
      vertex -35.7334 -49.5983 0
    endloop
  endfacet
  facet normal 0 0 -1
    outer loop
      vertex -90.1109 -64.877 0
      vertex -83.0302 -64.7354 0
      vertex -85.8962 -66.4348 0
    endloop
  endfacet
  facet normal 0 0 -1
    outer loop
      vertex -37.1416 -46.5228 0
      vertex -37.8458 -48.0606 0
      vertex -38.409 -46.5819 0
    endloop
  endfacet
  facet normal 0 0 -1
    outer loop
      vertex -36.0855 -50.3081 0
      vertex -38.1978 -49.3026 0
      vertex -36.0151 -49.8941 0
    endloop
  endfacet
  facet normal 0 0 -1
    outer loop
      vertex 17.7083 -34.9895 0
      vertex 17.0042 -33.9249 0
      vertex 17.7787 -34.2798 0
    endloop
  endfacet
  facet normal 0 0 -1
    outer loop
      vertex 63.6424 -66.5764 0
      vertex 63.9796 -66.1516 0
      vertex 63.9796 -66.2932 0
    endloop
  endfacet
  facet normal 0 0 -1
    outer loop
      vertex -4.75272 -57.1689 0
      vertex -7.28751 -36.5864 0
      vertex -2.85162 -35.2261 0
    endloop
  endfacet
  facet normal 0 0 -1
    outer loop
      vertex 58.9219 -69.9752 0
      vertex 56.5617 -67.0012 0
      vertex 58.9219 -66.718 0
    endloop
  endfacet
  facet normal 0 0 -1
    outer loop
      vertex 58.9219 -69.9752 0
      vertex 59.2591 -70.2584 0
      vertex 59.0905 -71.8162 0
    endloop
  endfacet
  facet normal 0 0 -1
    outer loop
      vertex 63.6424 -66.5764 0
      vertex 61.9565 -66.5764 0
      vertex 62.968 -65.1603 0
    endloop
  endfacet
  facet normal 0 0 -1
    outer loop
      vertex 58.9219 -65.1603 0
      vertex 62.968 -65.1603 0
      vertex 61.9565 -66.5764 0
    endloop
  endfacet
  facet normal 0 -0 -1
    outer loop
      vertex 59.2591 -70.2584 0
      vertex 59.4277 -71.5329 0
      vertex 59.0905 -71.8162 0
    endloop
  endfacet
  facet normal -0 0 -1
    outer loop
      vertex 63.811 -70.2584 0
      vertex 63.4738 -70.5416 0
      vertex 62.6309 -70.1168 0
    endloop
  endfacet
  facet normal 0 0 -1
    outer loop
      vertex 55.7187 -66.0099 0
      vertex 56.2245 -65.7267 0
      vertex 56.3931 -66.5764 0
    endloop
  endfacet
  facet normal -0 0 -1
    outer loop
      vertex 63.4738 -70.5416 0
      vertex 63.1366 -71.1081 0
      vertex 62.6309 -70.1168 0
    endloop
  endfacet
  facet normal 0 0 -1
    outer loop
      vertex 81.6814 -70.2584 0
      vertex 81.85 -69.1255 0
      vertex 82.0186 -70.5416 0
    endloop
  endfacet
  facet normal 0 0 -1
    outer loop
      vertex 62.6309 -71.5329 0
      vertex 59.4277 -71.5329 0
      vertex 62.6309 -70.1168 0
    endloop
  endfacet
  facet normal -0 0 -1
    outer loop
      vertex 63.1366 -71.1081 0
      vertex 62.6309 -71.5329 0
      vertex 62.6309 -70.1168 0
    endloop
  endfacet
  facet normal 0 0 -1
    outer loop
      vertex 84.2103 -74.5068 0
      vertex 82.0186 -70.5416 0
      vertex 84.2103 -70.5416 0
    endloop
  endfacet
  facet normal 0 -0 -1
    outer loop
      vertex 56.5617 -76.2062 0
      vertex 59.2591 -76.6311 0
      vertex 56.2245 -77.4807 0
    endloop
  endfacet
  facet normal 0 0 -1
    outer loop
      vertex 59.4277 -71.5329 0
      vertex 59.2591 -70.2584 0
      vertex 62.6309 -70.1168 0
    endloop
  endfacet
  facet normal 0 0 -1
    outer loop
      vertex 13.9765 -34.3981 0
      vertex 10.5264 -34.1023 0
      vertex 12.4275 -33.9841 0
    endloop
  endfacet
  facet normal -0 0 -1
    outer loop
      vertex 58.9219 -74.6485 0
      vertex 56.5617 -76.2062 0
      vertex 59.0905 -71.8162 0
    endloop
  endfacet
  facet normal 0 0 -1
    outer loop
      vertex 56.5617 -76.2062 0
      vertex 58.9219 -74.6485 0
      vertex 59.0905 -75.6398 0
    endloop
  endfacet
  facet normal 0 -0 -1
    outer loop
      vertex 78.984 -75.3565 0
      vertex 79.1526 -75.6398 0
      vertex 76.961 -76.7727 0
    endloop
  endfacet
  facet normal -0 0 -1
    outer loop
      vertex 59.5963 -76.3478 0
      vertex 59.2591 -76.6311 0
      vertex 59.2591 -76.0646 0
    endloop
  endfacet
  facet normal 0 0 -1
    outer loop
      vertex 84.2103 -70.5416 0
      vertex 84.2103 -68.8422 0
      vertex 84.5475 -69.1255 0
    endloop
  endfacet
  facet normal -0 0 -1
    outer loop
      vertex 85.2218 -75.7814 0
      vertex 84.3789 -77.3391 0
      vertex 84.3789 -75.0733 0
    endloop
  endfacet
  facet normal 0 -0 -1
    outer loop
      vertex 85.2218 -75.7814 0
      vertex 85.559 -75.923 0
      vertex 85.0532 -77.1975 0
    endloop
  endfacet
  facet normal 0 0 -1
    outer loop
      vertex 36.7896 -40.8449 0
      vertex 37.7753 -39.662 0
      vertex 37.2825 -40.7266 0
    endloop
  endfacet
  facet normal 0 0 -1
    outer loop
      vertex 56.3931 -66.5764 0
      vertex 58.9219 -66.718 0
      vertex 56.5617 -67.0012 0
    endloop
  endfacet
  facet normal 0 0 -1
    outer loop
      vertex 56.5617 -76.2062 0
      vertex 56.5617 -67.0012 0
      vertex 59.0905 -71.8162 0
    endloop
  endfacet
  facet normal 0 0 -1
    outer loop
      vertex 59.0905 -71.8162 0
      vertex 56.5617 -67.0012 0
      vertex 58.9219 -69.9752 0
    endloop
  endfacet
  facet normal 0 0 -1
    outer loop
      vertex 56.3931 -66.5764 0
      vertex 58.9219 -65.1603 0
      vertex 58.9219 -66.718 0
    endloop
  endfacet
  facet normal 0 0 -1
    outer loop
      vertex 25.8055 -35.167 0
      vertex 21.7921 -34.9895 0
      vertex 24.6085 -34.5164 0
    endloop
  endfacet
  facet normal 0 0 -1
    outer loop
      vertex 62.968 -65.1603 0
      vertex 64.9911 -65.0186 0
      vertex 64.6539 -65.3019 0
    endloop
  endfacet
  facet normal 0 0 -1
    outer loop
      vertex 24.679 -51.4318 0
      vertex 24.5381 -50.8404 0
      vertex 25.3127 -51.1361 0
    endloop
  endfacet
  facet normal 0 0 -1
    outer loop
      vertex 17.7083 -34.9895 0
      vertex 14.9623 -34.3981 0
      vertex 16.0184 -33.8658 0
    endloop
  endfacet
  facet normal 0 0 -1
    outer loop
      vertex 64.4854 -65.7267 0
      vertex 62.968 -65.1603 0
      vertex 64.6539 -65.3019 0
    endloop
  endfacet
  facet normal 0 0 -1
    outer loop
      vertex -29.5874 -70.5416 0
      vertex -30.2617 -69.9752 0
      vertex -29.4188 -69.5503 0
    endloop
  endfacet
  facet normal 0 0 -1
    outer loop
      vertex -49.3123 -69.9752 0
      vertex -50.1553 -69.9752 0
      vertex -49.8181 -68.9839 0
    endloop
  endfacet
  facet normal 0 0 -1
    outer loop
      vertex -26.89 -70.1168 0
      vertex -25.5413 -69.2671 0
      vertex -26.047 -70.4 0
    endloop
  endfacet
  facet normal 0 0 -1
    outer loop
      vertex -23.6868 -68.9839 0
      vertex -23.181 -68.9839 0
      vertex -22.6752 -69.2671 0
    endloop
  endfacet
  facet normal 0 0 -1
    outer loop
      vertex -25.0355 -70.4 0
      vertex -26.047 -70.4 0
      vertex -25.5413 -69.2671 0
    endloop
  endfacet
  facet normal 0 0 -1
    outer loop
      vertex -51.1668 -73.3739 0
      vertex -50.3239 -71.5329 0
      vertex -49.8181 -71.8162 0
    endloop
  endfacet
  facet normal 0 0 -1
    outer loop
      vertex -48.8066 -68.8422 0
      vertex -46.7835 -69.2671 0
      vertex -48.1322 -70.4 0
    endloop
  endfacet
  facet normal -0 -0 -1
    outer loop
      vertex -50.8296 -70.4 0
      vertex -50.8296 -70.9665 0
      vertex -51.8412 -70.1168 0
    endloop
  endfacet
  facet normal 0 0 -1
    outer loop
      vertex -48.8066 -68.8422 0
      vertex -48.1322 -70.4 0
      vertex -48.8066 -70.1168 0
    endloop
  endfacet
  facet normal 0 -0 -1
    outer loop
      vertex -48.8066 -68.8422 0
      vertex -48.8066 -70.1168 0
      vertex -49.3123 -69.9752 0
    endloop
  endfacet
  facet normal 0 0 -1
    outer loop
      vertex -50.8296 -70.4 0
      vertex -51.8412 -70.1168 0
      vertex -51.3354 -69.6919 0
    endloop
  endfacet
  facet normal -0 0 -1
    outer loop
      vertex -50.4924 -70.1168 0
      vertex -50.8296 -70.4 0
      vertex -51.3354 -69.6919 0
    endloop
  endfacet
  facet normal 0 -0 -1
    outer loop
      vertex -52.1783 -75.4981 0
      vertex -51.504 -77.1975 0
      vertex -52.6841 -75.923 0
    endloop
  endfacet
  facet normal 0 0 -1
    outer loop
      vertex -52.1783 -75.3565 0
      vertex -51.8412 -75.0733 0
      vertex -52.1783 -75.4981 0
    endloop
  endfacet
  facet normal 0 0 -1
    outer loop
      vertex -48.638 -76.2062 0
      vertex -48.3008 -76.0646 0
      vertex -48.638 -77.0559 0
    endloop
  endfacet
  facet normal -0 0 -1
    outer loop
      vertex -46.1091 -73.9404 0
      vertex -48.1322 -74.6485 0
      vertex -46.6149 -73.2323 0
    endloop
  endfacet
  facet normal 0 0 -1
    outer loop
      vertex -46.1091 -74.6485 0
      vertex -46.4463 -75.3565 0
      vertex -47.795 -75.2149 0
    endloop
  endfacet
  facet normal 0 0 -1
    outer loop
      vertex -47.795 -75.2149 0
      vertex -46.7835 -75.7814 0
      vertex -47.795 -75.4981 0
    endloop
  endfacet
  facet normal 0 0 -1
    outer loop
      vertex -46.6149 -73.2323 0
      vertex -46.9521 -72.9491 0
      vertex -46.7835 -72.9491 0
    endloop
  endfacet
  facet normal 0 0 -1
    outer loop
      vertex -23.8554 -76.7727 0
      vertex -24.024 -76.4895 0
      vertex -21.8323 -75.3565 0
    endloop
  endfacet
  facet normal -0 -0 -1
    outer loop
      vertex -46.2777 -73.5155 0
      vertex -46.1091 -73.9404 0
      vertex -46.6149 -73.2323 0
    endloop
  endfacet
  facet normal 0 0 -1
    outer loop
      vertex -46.6149 -73.2323 0
      vertex -46.7835 -72.9491 0
      vertex -46.6149 -73.0907 0
    endloop
  endfacet
  facet normal 0 -0 -1
    outer loop
      vertex -47.795 -75.4981 0
      vertex -47.4579 -76.3478 0
      vertex -47.9636 -75.7814 0
    endloop
  endfacet
  facet normal 0 0 -1
    outer loop
      vertex -50.4924 -75.923 0
      vertex -52.1783 -75.4981 0
      vertex -51.8412 -75.0733 0
    endloop
  endfacet
  facet normal 0 0 -1
    outer loop
      vertex -39.0284 -73.5155 0
      vertex -37.8483 -73.9404 0
      vertex -37.8483 -75.2149 0
    endloop
  endfacet
  facet normal 0 0 -1
    outer loop
      vertex -51.504 -77.1975 0
      vertex -52.1783 -75.4981 0
      vertex -50.4924 -75.923 0
    endloop
  endfacet
  facet normal 0 -0 -1
    outer loop
      vertex -21.8323 -70.6832 0
      vertex -21.8323 -75.3565 0
      vertex -24.024 -71.8162 0
    endloop
  endfacet
  facet normal 0 -0 -1
    outer loop
      vertex -52.6841 -75.923 0
      vertex -51.504 -77.1975 0
      vertex -52.8527 -76.6311 0
    endloop
  endfacet
  facet normal 0 -0 -1
    outer loop
      vertex -21.8323 -75.3565 0
      vertex -21.8323 -76.7727 0
      vertex -23.8554 -76.7727 0
    endloop
  endfacet
  facet normal 0 -0 -1
    outer loop
      vertex -47.2893 -72.6658 0
      vertex -46.9521 -72.9491 0
      vertex -48.4694 -74.3652 0
    endloop
  endfacet
  facet normal -0 0 -1
    outer loop
      vertex -21.8323 -76.7727 0
      vertex -23.0124 -77.3391 0
      vertex -23.8554 -76.7727 0
    endloop
  endfacet
  facet normal 0 -0 -1
    outer loop
      vertex -54.8758 -75.3565 0
      vertex -54.7072 -75.6398 0
      vertex -56.8988 -76.2062 0
    endloop
  endfacet
  facet normal 0 0 -1
    outer loop
      vertex -29.5874 -77.1975 0
      vertex -29.756 -76.7727 0
      vertex -28.2387 -76.9143 0
    endloop
  endfacet
  facet normal 0 0 -1
    outer loop
      vertex -56.7303 -76.7727 0
      vertex -56.8988 -76.2062 0
      vertex -54.7072 -75.6398 0
    endloop
  endfacet
  facet normal 0 0 -1
    outer loop
      vertex -21.8323 -76.7727 0
      vertex -21.8323 -75.3565 0
      vertex -20.8208 -76.0646 0
    endloop
  endfacet
  facet normal 0 0 -1
    outer loop
      vertex -61.2822 -70.5416 0
      vertex -60.945 -70.8248 0
      vertex -61.2822 -70.9665 0
    endloop
  endfacet
  facet normal 0 0 -1
    outer loop
      vertex -56.7303 -76.7727 0
      vertex -54.7072 -75.6398 0
      vertex -56.0559 -77.3391 0
    endloop
  endfacet
  facet normal 0 0 -1
    outer loop
      vertex -49.3123 -73.9404 0
      vertex -49.1437 -72.0994 0
      vertex -47.9636 -72.3826 0
    endloop
  endfacet
  facet normal 0 -0 -1
    outer loop
      vertex -49.8181 -71.8162 0
      vertex -49.3123 -73.9404 0
      vertex -51.1668 -73.3739 0
    endloop
  endfacet
  facet normal -0 -0 -1
    outer loop
      vertex -60.2706 -74.082 0
      vertex -60.2706 -75.2149 0
      vertex -62.1251 -74.082 0
    endloop
  endfacet
  facet normal 0 0 -1
    outer loop
      vertex -51.6726 -73.0907 0
      vertex -52.3469 -72.5242 0
      vertex -50.661 -71.2497 0
    endloop
  endfacet
  facet normal 0 0 -1
    outer loop
      vertex -50.8296 -77.3391 0
      vertex -51.504 -77.1975 0
      vertex -50.4924 -75.923 0
    endloop
  endfacet
  facet normal 0 0 -1
    outer loop
      vertex -51.6726 -73.0907 0
      vertex -50.661 -71.2497 0
      vertex -50.3239 -71.5329 0
    endloop
  endfacet
  facet normal 0 0 -1
    outer loop
      vertex -49.8181 -77.3391 0
      vertex -50.4924 -75.923 0
      vertex -49.6495 -76.2062 0
    endloop
  endfacet
  facet normal 0 0 -1
    outer loop
      vertex -49.8181 -77.3391 0
      vertex -50.8296 -77.3391 0
      vertex -50.4924 -75.923 0
    endloop
  endfacet
  facet normal 0 0 -1
    outer loop
      vertex -49.8181 -77.3391 0
      vertex -49.6495 -76.2062 0
      vertex -48.638 -77.0559 0
    endloop
  endfacet
  facet normal -0 0 -1
    outer loop
      vertex -47.2893 -72.6658 0
      vertex -48.4694 -74.3652 0
      vertex -47.9636 -72.3826 0
    endloop
  endfacet
  facet normal 0 -0 -1
    outer loop
      vertex -48.3008 -76.0646 0
      vertex -47.4579 -76.3478 0
      vertex -48.638 -77.0559 0
    endloop
  endfacet
  facet normal 0 0 -1
    outer loop
      vertex -48.1322 -74.6485 0
      vertex -46.1091 -73.9404 0
      vertex -46.1091 -74.6485 0
    endloop
  endfacet
  facet normal 0 -0 -1
    outer loop
      vertex -47.9636 -75.7814 0
      vertex -47.4579 -76.3478 0
      vertex -48.3008 -76.0646 0
    endloop
  endfacet
  facet normal 0 0 -1
    outer loop
      vertex -47.795 -75.4981 0
      vertex -46.7835 -75.7814 0
      vertex -47.4579 -76.3478 0
    endloop
  endfacet
  facet normal 0 0 -1
    outer loop
      vertex -48.1322 -74.6485 0
      vertex -46.1091 -74.6485 0
      vertex -47.795 -75.2149 0
    endloop
  endfacet
  facet normal 0 0 -1
    outer loop
      vertex -47.795 -75.2149 0
      vertex -46.4463 -75.3565 0
      vertex -46.7835 -75.7814 0
    endloop
  endfacet
  facet normal 0 0 -1
    outer loop
      vertex -48.4694 -74.3652 0
      vertex -46.9521 -72.9491 0
      vertex -48.1322 -74.6485 0
    endloop
  endfacet
  facet normal 0 0 -1
    outer loop
      vertex -48.1322 -74.6485 0
      vertex -46.9521 -72.9491 0
      vertex -46.6149 -73.2323 0
    endloop
  endfacet
  facet normal 0 0 -1
    outer loop
      vertex -48.4694 -74.3652 0
      vertex -49.3123 -73.9404 0
      vertex -47.9636 -72.3826 0
    endloop
  endfacet
  facet normal -0 0 -1
    outer loop
      vertex -49.1437 -72.0994 0
      vertex -49.3123 -73.9404 0
      vertex -49.8181 -71.8162 0
    endloop
  endfacet
  facet normal 0 0 -1
    outer loop
      vertex -51.6726 -73.0907 0
      vertex -50.3239 -71.5329 0
      vertex -51.1668 -73.3739 0
    endloop
  endfacet
  facet normal 0 -0 -1
    outer loop
      vertex -55.213 -69.8336 0
      vertex -55.0444 -70.1168 0
      vertex -57.236 -70.9665 0
    endloop
  endfacet
  facet normal 0 0 -1
    outer loop
      vertex -52.3469 -72.5242 0
      vertex -52.5155 -72.241 0
      vertex -50.661 -71.2497 0
    endloop
  endfacet
  facet normal 0 0 -1
    outer loop
      vertex -52.5155 -71.1081 0
      vertex -50.661 -71.2497 0
      vertex -52.5155 -72.241 0
    endloop
  endfacet
  facet normal 0 -0 -1
    outer loop
      vertex -50.8296 -70.9665 0
      vertex -50.661 -71.2497 0
      vertex -52.5155 -71.1081 0
    endloop
  endfacet
  facet normal -0 0 -1
    outer loop
      vertex -50.8296 -70.9665 0
      vertex -52.5155 -71.1081 0
      vertex -51.8412 -70.1168 0
    endloop
  endfacet
  facet normal 0 0 -1
    outer loop
      vertex -57.236 -71.6745 0
      vertex -57.236 -70.9665 0
      vertex -55.0444 -70.1168 0
    endloop
  endfacet
  facet normal 0 -0 -1
    outer loop
      vertex -50.8296 -69.4087 0
      vertex -50.4924 -70.1168 0
      vertex -51.3354 -69.6919 0
    endloop
  endfacet
  facet normal -0 0 -1
    outer loop
      vertex -50.1553 -69.9752 0
      vertex -50.4924 -70.1168 0
      vertex -50.8296 -69.4087 0
    endloop
  endfacet
  facet normal 0 0 -1
    outer loop
      vertex -42 -51.3135 0
      vertex -41.0847 -52.4964 0
      vertex -42 -52.2007 0
    endloop
  endfacet
  facet normal 0 0 -1
    outer loop
      vertex -50.1553 -69.9752 0
      vertex -50.8296 -69.4087 0
      vertex -49.8181 -68.9839 0
    endloop
  endfacet
  facet normal 0 0 -1
    outer loop
      vertex -49.3123 -69.9752 0
      vertex -49.8181 -68.9839 0
      vertex -48.8066 -68.8422 0
    endloop
  endfacet
  facet normal 0 0 -1
    outer loop
      vertex 21.3696 -35.2853 0
      vertex 25.8055 -35.167 0
      vertex 26.2984 -35.3444 0
    endloop
  endfacet
  facet normal 0 0 -1
    outer loop
      vertex 84.2103 -70.5416 0
      vertex 84.5475 -69.1255 0
      vertex 84.5475 -70.2584 0
    endloop
  endfacet
  facet normal -0 0 -1
    outer loop
      vertex 87.4135 -69.2671 0
      vertex 86.4019 -70.2584 0
      vertex 84.5475 -69.1255 0
    endloop
  endfacet
  facet normal 0 0 -1
    outer loop
      vertex 84.3789 -75.0733 0
      vertex 83.8731 -77.3391 0
      vertex 83.0302 -77.0559 0
    endloop
  endfacet
  facet normal -0 0 -1
    outer loop
      vertex 85.7276 -76.9143 0
      vertex 85.0532 -77.1975 0
      vertex 85.559 -75.923 0
    endloop
  endfacet
  facet normal 0 0 -1
    outer loop
      vertex 85.2218 -75.7814 0
      vertex 85.0532 -77.1975 0
      vertex 84.3789 -77.3391 0
    endloop
  endfacet
  facet normal 0 0 -1
    outer loop
      vertex 82.1872 -76.0646 0
      vertex 84.3789 -75.0733 0
      vertex 82.5244 -76.6311 0
    endloop
  endfacet
  facet normal 0 0 -1
    outer loop
      vertex 84.5475 -69.1255 0
      vertex 86.4019 -70.2584 0
      vertex 84.5475 -70.2584 0
    endloop
  endfacet
  facet normal 0 -0 -1
    outer loop
      vertex 84.3789 -75.0733 0
      vertex 84.3789 -77.3391 0
      vertex 83.8731 -77.3391 0
    endloop
  endfacet
  facet normal 0 0 -1
    outer loop
      vertex 83.0302 -77.0559 0
      vertex 82.5244 -76.6311 0
      vertex 84.3789 -75.0733 0
    endloop
  endfacet
  facet normal 0 -0 -1
    outer loop
      vertex 89.9423 -73.2323 0
      vertex 90.4481 -74.082 0
      vertex 88.0878 -75.0733 0
    endloop
  endfacet
  facet normal 0 0 -1
    outer loop
      vertex 77.6353 -77.3391 0
      vertex 76.961 -76.7727 0
      vertex 79.1526 -75.6398 0
    endloop
  endfacet
  facet normal 0 0 -1
    outer loop
      vertex 85.7276 -76.9143 0
      vertex 85.559 -75.923 0
      vertex 85.8962 -75.923 0
    endloop
  endfacet
  facet normal 0 0 -1
    outer loop
      vertex 85.7276 -76.9143 0
      vertex 85.8962 -75.923 0
      vertex 86.4019 -75.7814 0
    endloop
  endfacet
  facet normal 0 0 -1
    outer loop
      vertex 85.7276 -76.9143 0
      vertex 86.4019 -75.7814 0
      vertex 87.0763 -75.3565 0
    endloop
  endfacet
  facet normal -0 0 -1
    outer loop
      vertex 94.8314 -70.5416 0
      vertex 94.6628 -70.8248 0
      vertex 94.6628 -70.1168 0
    endloop
  endfacet
  facet normal 0 0 -1
    outer loop
      vertex 92.4711 -75.7814 0
      vertex 93.4827 -76.6311 0
      vertex 92.6397 -77.0559 0
    endloop
  endfacet
  facet normal -0 0 -1
    outer loop
      vertex 93.6513 -75.7814 0
      vertex 93.4827 -76.6311 0
      vertex 92.4711 -75.7814 0
    endloop
  endfacet
  facet normal 0 0 -1
    outer loop
      vertex 73.9263 -75.3565 0
      vertex 72.409 -77.0559 0
      vertex 71.7347 -76.4895 0
    endloop
  endfacet
  facet normal 0 0 -1
    outer loop
      vertex 78.984 -75.3565 0
      vertex 76.961 -76.7727 0
      vertex 76.7924 -75.923 0
    endloop
  endfacet
  facet normal 0 0 -1
    outer loop
      vertex 84.3789 -75.0733 0
      vertex 82.1872 -76.0646 0
      vertex 82.0186 -75.2149 0
    endloop
  endfacet
  facet normal -0 0 -1
    outer loop
      vertex 84.3789 -75.0733 0
      vertex 82.0186 -75.2149 0
      vertex 84.2103 -74.5068 0
    endloop
  endfacet
  facet normal 0 0 -1
    outer loop
      vertex 82.0186 -75.2149 0
      vertex 82.0186 -70.5416 0
      vertex 84.2103 -74.5068 0
    endloop
  endfacet
  facet normal 0 0 -1
    outer loop
      vertex 84.2103 -70.5416 0
      vertex 82.0186 -70.5416 0
      vertex 81.85 -69.1255 0
    endloop
  endfacet
  facet normal 0 -0 -1
    outer loop
      vertex 84.2103 -68.8422 0
      vertex 84.2103 -70.5416 0
      vertex 81.85 -69.1255 0
    endloop
  endfacet
  facet normal 0 0 -1
    outer loop
      vertex 71.2289 -70.5416 0
      vertex 70.5546 -69.9752 0
      vertex 73.4206 -68.9839 0
    endloop
  endfacet
  facet normal 0 0 -1
    outer loop
      vertex 81.6814 -70.2584 0
      vertex 80.6699 -70.1168 0
      vertex 81.85 -69.1255 0
    endloop
  endfacet
  facet normal 0 0 -1
    outer loop
      vertex 84.2103 -68.8422 0
      vertex 83.3673 -67.5677 0
      vertex 84.0417 -66.718 0
    endloop
  endfacet
  facet normal -0 0 -1
    outer loop
      vertex 84.2103 -68.8422 0
      vertex 81.85 -69.1255 0
      vertex 83.3673 -67.5677 0
    endloop
  endfacet
  facet normal 0 0 -1
    outer loop
      vertex 71.3975 -75.7814 0
      vertex 73.9263 -75.3565 0
      vertex 71.7347 -76.4895 0
    endloop
  endfacet
  facet normal 0 -0 -1
    outer loop
      vertex 79.1526 -75.6398 0
      vertex 79.3212 -76.4895 0
      vertex 77.6353 -77.3391 0
    endloop
  endfacet
  facet normal -0 0 -1
    outer loop
      vertex 79.4898 -75.923 0
      vertex 79.3212 -76.4895 0
      vertex 79.1526 -75.6398 0
    endloop
  endfacet
  facet normal 0 0 -1
    outer loop
      vertex 79.3212 -76.4895 0
      vertex 79.4898 -75.923 0
      vertex 79.9955 -75.7814 0
    endloop
  endfacet
  facet normal 0 -0 -1
    outer loop
      vertex 73.5892 -74.6485 0
      vertex 73.9263 -75.3565 0
      vertex 71.3975 -75.7814 0
    endloop
  endfacet
  facet normal 0 0 -1
    outer loop
      vertex 73.9263 -75.3565 0
      vertex 72.7462 -77.1975 0
      vertex 72.409 -77.0559 0
    endloop
  endfacet
  facet normal 0 0 -1
    outer loop
      vertex 66.5084 -76.9143 0
      vertex 68.3629 -76.7727 0
      vertex 67.0142 -77.3391 0
    endloop
  endfacet
  facet normal 0 0 -1
    outer loop
      vertex 76.7924 -75.923 0
      vertex 76.961 -76.7727 0
      vertex 76.7924 -76.3478 0
    endloop
  endfacet
  facet normal 0 0 -1
    outer loop
      vertex 66.5084 -76.9143 0
      vertex 66.3398 -76.4895 0
      vertex 68.3629 -76.7727 0
    endloop
  endfacet
  facet normal 0 -0 -1
    outer loop
      vertex 78.8154 -74.6485 0
      vertex 78.984 -75.3565 0
      vertex 76.7924 -75.923 0
    endloop
  endfacet
  facet normal 0 -0 -1
    outer loop
      vertex 76.6238 -74.7901 0
      vertex 76.7924 -75.923 0
      vertex 76.4552 -75.6398 0
    endloop
  endfacet
  facet normal 0 0 -1
    outer loop
      vertex 78.8154 -74.6485 0
      vertex 76.7924 -75.923 0
      vertex 76.6238 -74.7901 0
    endloop
  endfacet
  facet normal 0 0 -1
    outer loop
      vertex 68.3629 -76.7727 0
      vertex 68.5315 -75.3565 0
      vertex 68.7001 -75.6398 0
    endloop
  endfacet
  facet normal 0 0 -1
    outer loop
      vertex 66.5084 -65.7267 0
      vertex 66.3398 -67.0012 0
      vertex 66.1712 -66.5764 0
    endloop
  endfacet
  facet normal 0 0 -1
    outer loop
      vertex 73.9263 -77.1975 0
      vertex 74.6007 -75.7814 0
      vertex 74.9379 -76.7727 0
    endloop
  endfacet
  facet normal 0 -0 -1
    outer loop
      vertex 68.7001 -75.6398 0
      vertex 69.0373 -75.923 0
      vertex 68.3629 -76.7727 0
    endloop
  endfacet
  facet normal -0 0 -1
    outer loop
      vertex 73.5892 -74.6485 0
      vertex 71.3975 -75.7814 0
      vertex 71.3975 -70.9665 0
    endloop
  endfacet
  facet normal 0 0 -1
    outer loop
      vertex 71.3975 -70.9665 0
      vertex 71.2289 -70.5416 0
      vertex 73.4206 -68.9839 0
    endloop
  endfacet
  facet normal 0 0 -1
    outer loop
      vertex 76.6238 -74.7901 0
      vertex 76.4552 -75.6398 0
      vertex 75.6122 -75.6398 0
    endloop
  endfacet
  facet normal 0 -0 -1
    outer loop
      vertex 73.4206 -68.9839 0
      vertex 73.5892 -74.6485 0
      vertex 71.3975 -70.9665 0
    endloop
  endfacet
  facet normal 0 0 -1
    outer loop
      vertex 74.6007 -75.7814 0
      vertex 75.2751 -75.7814 0
      vertex 74.9379 -76.7727 0
    endloop
  endfacet
  facet normal 0 0 -1
    outer loop
      vertex 73.9263 -77.1975 0
      vertex 73.9263 -75.3565 0
      vertex 74.2635 -75.6398 0
    endloop
  endfacet
  facet normal 0 0 -1
    outer loop
      vertex 73.9263 -77.1975 0
      vertex 72.7462 -77.1975 0
      vertex 73.9263 -75.3565 0
    endloop
  endfacet
  facet normal 0 0 -1
    outer loop
      vertex 73.9263 -77.1975 0
      vertex 74.2635 -75.6398 0
      vertex 74.6007 -75.7814 0
    endloop
  endfacet
  facet normal 0 -0 -1
    outer loop
      vertex 75.2751 -75.7814 0
      vertex 75.6122 -76.3478 0
      vertex 74.9379 -76.7727 0
    endloop
  endfacet
  facet normal 0 -0 -1
    outer loop
      vertex 75.6122 -75.6398 0
      vertex 75.6122 -76.3478 0
      vertex 75.2751 -75.7814 0
    endloop
  endfacet
  facet normal 0 0 -1
    outer loop
      vertex 75.6122 -76.3478 0
      vertex 75.6122 -75.6398 0
      vertex 76.4552 -75.6398 0
    endloop
  endfacet
  facet normal 0 0 -1
    outer loop
      vertex 76.6238 -70.4 0
      vertex 78.8154 -74.6485 0
      vertex 76.6238 -74.7901 0
    endloop
  endfacet
  facet normal 0 -0 -1
    outer loop
      vertex 78.6468 -68.9839 0
      vertex 78.8154 -74.6485 0
      vertex 76.6238 -70.4 0
    endloop
  endfacet
  facet normal 0 0 -1
    outer loop
      vertex 77.6353 -69.2671 0
      vertex 76.6238 -70.4 0
      vertex 76.118 -69.9752 0
    endloop
  endfacet
  facet normal 0 0 -1
    outer loop
      vertex 78.6468 -68.9839 0
      vertex 76.6238 -70.4 0
      vertex 77.6353 -69.2671 0
    endloop
  endfacet
  facet normal 0 0 -1
    outer loop
      vertex 11.3009 -33.3335 0
      vertex 10.8784 -32.3871 0
      vertex 11.5826 -32.6829 0
    endloop
  endfacet
  facet normal 0 0 -1
    outer loop
      vertex 31.0863 -42.5009 0
      vertex 30.2414 -36.3498 0
      vertex 32.3537 -41.6729 0
    endloop
  endfacet
  facet normal 0 -0 -1
    outer loop
      vertex 27.7329 -75.6398 0
      vertex 27.9015 -76.3478 0
      vertex 26.3842 -77.0559 0
    endloop
  endfacet
  facet normal 0 0 -1
    outer loop
      vertex 22.6752 -76.3478 0
      vertex 23.3496 -75.2149 0
      vertex 23.6868 -75.3565 0
    endloop
  endfacet
  facet normal 0 0 -1
    outer loop
      vertex 20.315 -70.2584 0
      vertex 19.8092 -70.1168 0
      vertex 20.1464 -68.9839 0
    endloop
  endfacet
  facet normal -0 0 -1
    outer loop
      vertex 27.7329 -69.9752 0
      vertex 25.5412 -70.8248 0
      vertex 25.7098 -69.5503 0
    endloop
  endfacet
  facet normal 0 0 -1
    outer loop
      vertex 17.1118 -75.6398 0
      vertex 19.1349 -74.082 0
      vertex 17.449 -76.0646 0
    endloop
  endfacet
  facet normal 0 0 -1
    outer loop
      vertex 30.0932 -71.1081 0
      vertex 29.4188 -70.5416 0
      vertex 31.1047 -69.1255 0
    endloop
  endfacet
  facet normal 0 0 -1
    outer loop
      vertex 23.6868 -75.3565 0
      vertex 23.3496 -75.2149 0
      vertex 23.8554 -74.7901 0
    endloop
  endfacet
  facet normal -0 0 -1
    outer loop
      vertex 20.4836 -77.1975 0
      vertex 20.315 -77.3391 0
      vertex 19.8092 -77.1975 0
    endloop
  endfacet
  facet normal 0 0 -1
    outer loop
      vertex 20.4836 -77.1975 0
      vertex 19.8092 -77.1975 0
      vertex 20.4836 -75.4981 0
    endloop
  endfacet
  facet normal 0 0 -1
    outer loop
      vertex 20.4836 -75.4981 0
      vertex 21.1579 -75.7814 0
      vertex 20.4836 -77.1975 0
    endloop
  endfacet
  facet normal -0 0 -1
    outer loop
      vertex 28.2387 -76.7727 0
      vertex 26.3842 -77.0559 0
      vertex 27.9015 -76.3478 0
    endloop
  endfacet
  facet normal 0 0 -1
    outer loop
      vertex 22.6752 -76.3478 0
      vertex 22.5067 -76.3478 0
      vertex 22.1695 -75.7814 0
    endloop
  endfacet
  facet normal 0 0 -1
    outer loop
      vertex 30.2617 -71.6745 0
      vertex 30.0932 -71.1081 0
      vertex 31.4419 -70.6832 0
    endloop
  endfacet
  facet normal 0 0 -1
    outer loop
      vertex 27.7329 -75.6398 0
      vertex 26.3842 -77.0559 0
      vertex 25.5412 -77.0559 0
    endloop
  endfacet
  facet normal 0 0 -1
    outer loop
      vertex 23.3496 -75.2149 0
      vertex 22.6752 -76.3478 0
      vertex 22.1695 -75.7814 0
    endloop
  endfacet
  facet normal 0 0 -1
    outer loop
      vertex 21.1579 -75.7814 0
      vertex 22.1695 -75.7814 0
      vertex 22.0009 -76.7727 0
    endloop
  endfacet
  facet normal 0 0 -1
    outer loop
      vertex 22.0009 -76.7727 0
      vertex 22.1695 -75.7814 0
      vertex 22.5067 -76.3478 0
    endloop
  endfacet
  facet normal 0 0 -1
    outer loop
      vertex 19.8092 -77.1975 0
      vertex 19.3035 -77.1975 0
      vertex 20.4836 -75.4981 0
    endloop
  endfacet
  facet normal 0 0 -1
    outer loop
      vertex 19.9778 -77.3391 0
      vertex 19.8092 -77.1975 0
      vertex 20.315 -77.3391 0
    endloop
  endfacet
  facet normal 0 0 -1
    outer loop
      vertex 18.4605 -76.9143 0
      vertex 19.6406 -74.7901 0
      vertex 19.3035 -77.1975 0
    endloop
  endfacet
  facet normal 0 0 -1
    outer loop
      vertex 19.3035 -77.1975 0
      vertex 19.6406 -74.7901 0
      vertex 20.4836 -75.4981 0
    endloop
  endfacet
  facet normal 0 0 -1
    outer loop
      vertex 14.5829 -75.3565 0
      vertex 13.74 -77.1975 0
      vertex 12.5599 -76.7727 0
    endloop
  endfacet
  facet normal 0 0 -1
    outer loop
      vertex 12.0541 -70.9665 0
      vertex 12.3913 -68.8422 0
      vertex 13.2342 -68.9839 0
    endloop
  endfacet
  facet normal 0 -0 -1
    outer loop
      vertex 19.1349 -74.082 0
      vertex 19.6406 -74.7901 0
      vertex 17.449 -76.0646 0
    endloop
  endfacet
  facet normal 0 0 -1
    outer loop
      vertex 11.0426 -70.2584 0
      vertex 10.7054 -70.2584 0
      vertex 10.3682 -69.5503 0
    endloop
  endfacet
  facet normal 0 0 -1
    outer loop
      vertex 16.7746 -71.8162 0
      vertex 18.4605 -71.2497 0
      vertex 18.4605 -72.3826 0
    endloop
  endfacet
  facet normal 0 -0 -1
    outer loop
      vertex 18.6291 -72.9491 0
      vertex 19.1349 -74.082 0
      vertex 16.606 -74.5068 0
    endloop
  endfacet
  facet normal 0 0 -1
    outer loop
      vertex 12.2227 -75.4981 0
      vertex 14.5829 -75.3565 0
      vertex 12.5599 -76.7727 0
    endloop
  endfacet
  facet normal 0 -0 -1
    outer loop
      vertex 17.6176 -70.5416 0
      vertex 18.4605 -71.2497 0
      vertex 17.2804 -70.9665 0
    endloop
  endfacet
  facet normal -0 0 -1
    outer loop
      vertex 14.5829 -70.6832 0
      vertex 12.2227 -71.2497 0
      vertex 14.2458 -69.6919 0
    endloop
  endfacet
  facet normal 0 0 -1
    outer loop
      vertex 14.2458 -69.6919 0
      vertex 12.2227 -71.2497 0
      vertex 12.0541 -70.9665 0
    endloop
  endfacet
  facet normal 0 0 -1
    outer loop
      vertex 19.1349 -73.3739 0
      vertex 19.9778 -73.3739 0
      vertex 19.1349 -74.082 0
    endloop
  endfacet
  facet normal 0 -0 -1
    outer loop
      vertex 13.5714 -69.1255 0
      vertex 14.2458 -69.6919 0
      vertex 12.0541 -70.9665 0
    endloop
  endfacet
  facet normal 0 0 -1
    outer loop
      vertex 19.8092 -70.1168 0
      vertex 19.472 -70.1168 0
      vertex 20.1464 -68.9839 0
    endloop
  endfacet
  facet normal 0 -0 -1
    outer loop
      vertex 21.8323 -68.9839 0
      vertex 22.5067 -69.2671 0
      vertex 21.1579 -70.9665 0
    endloop
  endfacet
  facet normal 0 0 -1
    outer loop
      vertex 20.9893 -68.8422 0
      vertex 20.315 -70.2584 0
      vertex 20.1464 -68.9839 0
    endloop
  endfacet
  facet normal 0 -0 -1
    outer loop
      vertex 19.8092 -72.8074 0
      vertex 19.9778 -73.3739 0
      vertex 19.1349 -73.3739 0
    endloop
  endfacet
  facet normal 0 0 -1
    outer loop
      vertex 18.6291 -69.6919 0
      vertex 19.472 -70.1168 0
      vertex 19.1349 -70.2584 0
    endloop
  endfacet
  facet normal 0 0 -1
    outer loop
      vertex 18.6291 -69.6919 0
      vertex 20.1464 -68.9839 0
      vertex 19.472 -70.1168 0
    endloop
  endfacet
  facet normal 0 0 -1
    outer loop
      vertex 18.6291 -69.6919 0
      vertex 19.1349 -70.2584 0
      vertex 18.7977 -70.5416 0
    endloop
  endfacet
  facet normal 0 0 -1
    outer loop
      vertex 17.6176 -70.5416 0
      vertex 18.7977 -70.5416 0
      vertex 18.4605 -71.2497 0
    endloop
  endfacet
  facet normal 0 -0 -1
    outer loop
      vertex 17.2804 -70.9665 0
      vertex 18.4605 -71.2497 0
      vertex 16.7746 -71.8162 0
    endloop
  endfacet
  facet normal 0 -0 -1
    outer loop
      vertex 16.7746 -71.8162 0
      vertex 18.4605 -72.3826 0
      vertex 16.606 -72.3826 0
    endloop
  endfacet
  facet normal 0 0 -1
    outer loop
      vertex 16.606 -72.3826 0
      vertex 18.6291 -72.9491 0
      vertex 16.606 -74.5068 0
    endloop
  endfacet
  facet normal 0 0 -1
    outer loop
      vertex 18.6291 -72.9491 0
      vertex 19.1349 -73.3739 0
      vertex 19.1349 -74.082 0
    endloop
  endfacet
  facet normal -0 -0 -1
    outer loop
      vertex 19.9778 -72.8074 0
      vertex 19.9778 -73.3739 0
      vertex 19.8092 -72.8074 0
    endloop
  endfacet
  facet normal 0 0 -1
    outer loop
      vertex 21.3265 -72.5242 0
      vertex 19.9778 -73.3739 0
      vertex 19.9778 -72.8074 0
    endloop
  endfacet
  facet normal 0 0 -1
    outer loop
      vertex 21.1579 -70.9665 0
      vertex 23.181 -69.8336 0
      vertex 23.5182 -70.8248 0
    endloop
  endfacet
  facet normal -0 0 -1
    outer loop
      vertex 21.3265 -72.5242 0
      vertex 19.9778 -72.8074 0
      vertex 21.3265 -71.6745 0
    endloop
  endfacet
  facet normal 0 -0 -1
    outer loop
      vertex 22.5067 -69.2671 0
      vertex 23.181 -69.8336 0
      vertex 21.1579 -70.9665 0
    endloop
  endfacet
  facet normal 0 0 -1
    outer loop
      vertex 21.8323 -68.9839 0
      vertex 21.1579 -70.9665 0
      vertex 20.315 -70.2584 0
    endloop
  endfacet
  facet normal -0 0 -1
    outer loop
      vertex 21.8323 -68.9839 0
      vertex 20.315 -70.2584 0
      vertex 20.9893 -68.8422 0
    endloop
  endfacet
  facet normal 0 0 -1
    outer loop
      vertex -56.7303 -76.7727 0
      vertex -56.8988 -76.4895 0
      vertex -56.8988 -76.2062 0
    endloop
  endfacet
  facet normal 0 0 -1
    outer loop
      vertex -59.5963 -75.7814 0
      vertex -59.2591 -75.923 0
      vertex -59.2591 -77.0559 0
    endloop
  endfacet
  facet normal -0 0 -1
    outer loop
      vertex -54.5386 -76.6311 0
      vertex -56.0559 -77.3391 0
      vertex -54.7072 -75.6398 0
    endloop
  endfacet
  facet normal 0 0 -1
    outer loop
      vertex -54.5386 -76.6311 0
      vertex -54.7072 -75.6398 0
      vertex -54.37 -75.923 0
    endloop
  endfacet
  facet normal 0 0 -1
    outer loop
      vertex -62.2937 -76.4895 0
      vertex -62.4623 -76.0646 0
      vertex -60.2706 -75.2149 0
    endloop
  endfacet
  facet normal 0 0 -1
    outer loop
      vertex -60.2706 -74.082 0
      vertex -62.1251 -74.082 0
      vertex -61.1136 -73.2323 0
    endloop
  endfacet
  facet normal 0 -0 -1
    outer loop
      vertex -54.37 -75.923 0
      vertex -53.8642 -76.0646 0
      vertex -54.5386 -76.6311 0
    endloop
  endfacet
  facet normal 0 0 -1
    outer loop
      vertex -74.4321 -76.2062 0
      vertex -74.9379 -75.7814 0
      vertex -74.6007 -74.6485 0
    endloop
  endfacet
  facet normal 0 0 -1
    outer loop
      vertex -56.8988 -76.2062 0
      vertex -57.4046 -75.7814 0
      vertex -57.236 -75.0733 0
    endloop
  endfacet
  facet normal 0 -0 -1
    outer loop
      vertex -59.5963 -72.5242 0
      vertex -59.2591 -73.0907 0
      vertex -60.6078 -72.9491 0
    endloop
  endfacet
  facet normal -0 0 -1
    outer loop
      vertex -54.8758 -75.3565 0
      vertex -56.8988 -76.2062 0
      vertex -55.0444 -74.7901 0
    endloop
  endfacet
  facet normal 0 0 -1
    outer loop
      vertex -62.4623 -74.6485 0
      vertex -60.2706 -75.2149 0
      vertex -62.4623 -76.0646 0
    endloop
  endfacet
  facet normal 0 0 -1
    outer loop
      vertex -62.2937 -76.4895 0
      vertex -60.2706 -75.2149 0
      vertex -61.4507 -77.1975 0
    endloop
  endfacet
  facet normal -0 0 -1
    outer loop
      vertex -72.5776 -76.9143 0
      vertex -73.0834 -77.0559 0
      vertex -72.2405 -75.3565 0
    endloop
  endfacet
  facet normal 0 0 -1
    outer loop
      vertex -72.5776 -76.9143 0
      vertex -72.2405 -75.3565 0
      vertex -72.0719 -75.6398 0
    endloop
  endfacet
  facet normal 0 -0 -1
    outer loop
      vertex -72.0719 -75.6398 0
      vertex -71.7347 -75.923 0
      vertex -72.5776 -76.9143 0
    endloop
  endfacet
  facet normal 0 0 -1
    outer loop
      vertex -71.3975 -76.2062 0
      vertex -71.7347 -75.923 0
      vertex -71.2289 -75.7814 0
    endloop
  endfacet
  facet normal 0 0 -1
    outer loop
      vertex -77.9725 -68.9839 0
      vertex -79.9956 -70.8248 0
      vertex -80.1642 -70.5416 0
    endloop
  endfacet
  facet normal 0 0 -1
    outer loop
      vertex -61.4507 -77.1975 0
      vertex -60.2706 -75.2149 0
      vertex -60.945 -77.3391 0
    endloop
  endfacet
  facet normal -0 0 -1
    outer loop
      vertex -60.102 -73.7988 0
      vertex -60.2706 -74.082 0
      vertex -61.1136 -73.2323 0
    endloop
  endfacet
  facet normal 0 0 -1
    outer loop
      vertex -69.7116 -70.1168 0
      vertex -69.0373 -69.6919 0
      vertex -69.3745 -70.4 0
    endloop
  endfacet
  facet normal -0 0 -1
    outer loop
      vertex -59.2591 -73.0907 0
      vertex -60.102 -73.7988 0
      vertex -60.6078 -72.9491 0
    endloop
  endfacet
  facet normal 0 0 -1
    outer loop
      vertex -60.102 -73.7988 0
      vertex -61.1136 -73.2323 0
      vertex -60.6078 -72.9491 0
    endloop
  endfacet
  facet normal 0 0 -1
    outer loop
      vertex -57.236 -72.8074 0
      vertex -57.236 -71.6745 0
      vertex -55.0444 -70.1168 0
    endloop
  endfacet
  facet normal 0 0 -1
    outer loop
      vertex -57.236 -70.9665 0
      vertex -56.0559 -69.1255 0
      vertex -55.213 -69.8336 0
    endloop
  endfacet
  facet normal -0 0 -1
    outer loop
      vertex -57.5732 -72.5242 0
      vertex -57.9104 -72.6658 0
      vertex -57.9104 -72.0994 0
    endloop
  endfacet
  facet normal 0 0 -1
    outer loop
      vertex -58.079 -70.2584 0
      vertex -57.9104 -68.8422 0
      vertex -57.7418 -70.4 0
    endloop
  endfacet
  facet normal 0 0 -1
    outer loop
      vertex -57.5732 -72.5242 0
      vertex -57.9104 -72.0994 0
      vertex -57.5732 -71.9578 0
    endloop
  endfacet
  facet normal 0 0 -1
    outer loop
      vertex -57.4046 -70.6832 0
      vertex -57.236 -68.8422 0
      vertex -56.0559 -69.1255 0
    endloop
  endfacet
  facet normal 0 0 -1
    outer loop
      vertex -57.4046 -75.7814 0
      vertex -57.7418 -75.4981 0
      vertex -57.236 -75.0733 0
    endloop
  endfacet
  facet normal 0 0 -1
    outer loop
      vertex -55.0444 -74.7901 0
      vertex -57.236 -72.8074 0
      vertex -55.0444 -70.1168 0
    endloop
  endfacet
  facet normal 0 0 -1
    outer loop
      vertex -57.4046 -70.6832 0
      vertex -56.0559 -69.1255 0
      vertex -57.236 -70.9665 0
    endloop
  endfacet
  facet normal 0 0 -1
    outer loop
      vertex -57.7418 -70.4 0
      vertex -57.236 -68.8422 0
      vertex -57.4046 -70.6832 0
    endloop
  endfacet
  facet normal 0 0 -1
    outer loop
      vertex -59.2591 -69.1255 0
      vertex -58.7533 -70.1168 0
      vertex -59.2591 -70.1168 0
    endloop
  endfacet
  facet normal 0 0 -1
    outer loop
      vertex -57.9104 -68.8422 0
      vertex -58.079 -70.2584 0
      vertex -58.7533 -70.1168 0
    endloop
  endfacet
  facet normal -0 0 -1
    outer loop
      vertex -59.9334 -70.2584 0
      vertex -60.6078 -70.5416 0
      vertex -60.4392 -69.6919 0
    endloop
  endfacet
  facet normal 0 0 -1
    outer loop
      vertex -60.6078 -70.5416 0
      vertex -60.945 -70.1168 0
      vertex -60.4392 -69.6919 0
    endloop
  endfacet
  facet normal 0 0 -1
    outer loop
      vertex -61.2822 -70.5416 0
      vertex -60.945 -70.1168 0
      vertex -60.6078 -70.5416 0
    endloop
  endfacet
  facet normal 0 -0 -1
    outer loop
      vertex -63.3052 -69.1255 0
      vertex -62.968 -70.8248 0
      vertex -63.6424 -71.2497 0
    endloop
  endfacet
  facet normal 0 0 -1
    outer loop
      vertex -60.945 -70.8248 0
      vertex -61.2822 -70.5416 0
      vertex -60.6078 -70.5416 0
    endloop
  endfacet
  facet normal 0 0 -1
    outer loop
      vertex -59.2591 -69.1255 0
      vertex -59.9334 -70.2584 0
      vertex -60.4392 -69.6919 0
    endloop
  endfacet
  facet normal -0 0 -1
    outer loop
      vertex -62.6309 -69.8336 0
      vertex -62.968 -70.8248 0
      vertex -62.7995 -69.5503 0
    endloop
  endfacet
  facet normal -0 0 -1
    outer loop
      vertex -59.2591 -70.1168 0
      vertex -59.9334 -70.2584 0
      vertex -59.2591 -69.1255 0
    endloop
  endfacet
  facet normal 0 0 -1
    outer loop
      vertex -58.7533 -70.1168 0
      vertex -59.2591 -69.1255 0
      vertex -57.9104 -68.8422 0
    endloop
  endfacet
  facet normal 0 0 -1
    outer loop
      vertex -57.7418 -70.4 0
      vertex -57.9104 -68.8422 0
      vertex -57.236 -68.8422 0
    endloop
  endfacet
  facet normal 0 0 -1
    outer loop
      vertex -57.236 -71.6745 0
      vertex -57.5732 -72.5242 0
      vertex -57.5732 -71.9578 0
    endloop
  endfacet
  facet normal 0 0 -1
    outer loop
      vertex -57.9104 -72.6658 0
      vertex -58.2476 -72.6658 0
      vertex -57.9104 -72.0994 0
    endloop
  endfacet
  facet normal 0 0 -1
    outer loop
      vertex -58.2476 -72.6658 0
      vertex -59.5963 -72.5242 0
      vertex -57.9104 -72.0994 0
    endloop
  endfacet
  facet normal -0 0 -1
    outer loop
      vertex -58.2476 -72.6658 0
      vertex -59.2591 -73.0907 0
      vertex -59.5963 -72.5242 0
    endloop
  endfacet
  facet normal 0 0 -1
    outer loop
      vertex -59.2591 -75.923 0
      vertex -58.4162 -76.6311 0
      vertex -59.2591 -77.0559 0
    endloop
  endfacet
  facet normal 0 -0 -1
    outer loop
      vertex -60.2706 -75.2149 0
      vertex -60.2706 -77.3391 0
      vertex -60.945 -77.3391 0
    endloop
  endfacet
  facet normal 0 0 -1
    outer loop
      vertex -62.4623 -74.6485 0
      vertex -62.1251 -74.082 0
      vertex -60.2706 -75.2149 0
    endloop
  endfacet
  facet normal -0 0 -1
    outer loop
      vertex -59.5963 -75.7814 0
      vertex -60.2706 -77.3391 0
      vertex -60.2706 -75.2149 0
    endloop
  endfacet
  facet normal 0 0 -1
    outer loop
      vertex -60.2706 -77.3391 0
      vertex -59.5963 -75.7814 0
      vertex -59.2591 -77.0559 0
    endloop
  endfacet
  facet normal -0 -0 -1
    outer loop
      vertex -58.7533 -75.923 0
      vertex -58.4162 -76.6311 0
      vertex -59.2591 -75.923 0
    endloop
  endfacet
  facet normal 0 0 -1
    outer loop
      vertex -57.7418 -75.4981 0
      vertex -58.4162 -76.6311 0
      vertex -58.7533 -75.923 0
    endloop
  endfacet
  facet normal -0 0 -1
    outer loop
      vertex -57.4046 -75.7814 0
      vertex -58.4162 -76.6311 0
      vertex -57.7418 -75.4981 0
    endloop
  endfacet
  facet normal 0 0 -1
    outer loop
      vertex -55.0444 -74.7901 0
      vertex -56.8988 -76.2062 0
      vertex -57.236 -75.0733 0
    endloop
  endfacet
  facet normal 0 0 -1
    outer loop
      vertex -57.236 -75.0733 0
      vertex -57.236 -72.8074 0
      vertex -55.0444 -74.7901 0
    endloop
  endfacet
  facet normal 0 0 -1
    outer loop
      vertex -57.5732 -72.5242 0
      vertex -57.236 -71.6745 0
      vertex -57.236 -72.8074 0
    endloop
  endfacet
  facet normal 0 -0 -1
    outer loop
      vertex -22.1695 -69.6919 0
      vertex -21.8323 -70.6832 0
      vertex -24.1926 -71.1081 0
    endloop
  endfacet
  facet normal -0 0 -1
    outer loop
      vertex -21.8323 -75.3565 0
      vertex -24.024 -76.4895 0
      vertex -24.024 -71.8162 0
    endloop
  endfacet
  facet normal 0 -0 -1
    outer loop
      vertex -29.5874 -70.5416 0
      vertex -27.2271 -71.2497 0
      vertex -29.756 -76.7727 0
    endloop
  endfacet
  facet normal 0 0 -1
    outer loop
      vertex -28.2387 -76.9143 0
      vertex -27.2271 -76.3478 0
      vertex -26.89 -76.7727 0
    endloop
  endfacet
  facet normal 0 -0 -1
    outer loop
      vertex -31.9476 -75.923 0
      vertex -31.7791 -76.3478 0
      vertex -33.2964 -77.1975 0
    endloop
  endfacet
  facet normal 0 0 -1
    outer loop
      vertex -44.2547 -76.4895 0
      vertex -41.8944 -75.923 0
      vertex -43.4117 -77.0559 0
    endloop
  endfacet
  facet normal 0 -0 -1
    outer loop
      vertex -22.6752 -69.2671 0
      vertex -22.1695 -69.6919 0
      vertex -24.1926 -71.1081 0
    endloop
  endfacet
  facet normal 0 0 -1
    outer loop
      vertex -22.6752 -69.2671 0
      vertex -24.1926 -71.1081 0
      vertex -24.3611 -70.8248 0
    endloop
  endfacet
  facet normal 0 0 -1
    outer loop
      vertex -27.2271 -71.2497 0
      vertex -29.5874 -70.5416 0
      vertex -28.2387 -69.1255 0
    endloop
  endfacet
  facet normal 0 -0 -1
    outer loop
      vertex -23.6868 -68.9839 0
      vertex -22.6752 -69.2671 0
      vertex -24.3611 -70.8248 0
    endloop
  endfacet
  facet normal 0 0 -1
    outer loop
      vertex -23.6868 -68.9839 0
      vertex -24.3611 -70.8248 0
      vertex -24.6983 -70.5416 0
    endloop
  endfacet
  facet normal 0 0 -1
    outer loop
      vertex -24.3611 -68.9839 0
      vertex -24.6983 -70.5416 0
      vertex -25.0355 -70.4 0
    endloop
  endfacet
  facet normal -0 0 -1
    outer loop
      vertex -24.3611 -68.9839 0
      vertex -25.0355 -70.4 0
      vertex -24.8669 -68.9839 0
    endloop
  endfacet
  facet normal 0 0 -1
    outer loop
      vertex -27.2271 -76.3478 0
      vertex -28.2387 -76.9143 0
      vertex -29.756 -76.7727 0
    endloop
  endfacet
  facet normal 0 0 -1
    outer loop
      vertex -36.331 -68.9839 0
      vertex -37.5111 -70.2584 0
      vertex -37.8483 -69.5503 0
    endloop
  endfacet
  facet normal -0 0 -1
    outer loop
      vertex -37.8483 -75.2149 0
      vertex -40.2085 -75.4981 0
      vertex -40.0399 -74.5068 0
    endloop
  endfacet
  facet normal 0 0 -1
    outer loop
      vertex -39.8713 -76.4895 0
      vertex -40.0399 -76.2062 0
      vertex -37.8483 -75.2149 0
    endloop
  endfacet
  facet normal 0 0 -1
    outer loop
      vertex -34.6451 -76.0646 0
      vertex -34.9823 -75.7814 0
      vertex -34.9823 -75.0733 0
    endloop
  endfacet
  facet normal 0 -0 -1
    outer loop
      vertex -27.2271 -71.2497 0
      vertex -27.2271 -76.3478 0
      vertex -29.756 -76.7727 0
    endloop
  endfacet
  facet normal 0 0 -1
    outer loop
      vertex -38.0169 -70.4 0
      vertex -38.6912 -70.2584 0
      vertex -37.8483 -69.5503 0
    endloop
  endfacet
  facet normal 0 -0 -1
    outer loop
      vertex -29.4188 -69.5503 0
      vertex -28.2387 -69.1255 0
      vertex -29.5874 -70.5416 0
    endloop
  endfacet
  facet normal 0 0 -1
    outer loop
      vertex -34.9823 -70.8248 0
      vertex -32.622 -70.4 0
      vertex -34.9823 -71.6745 0
    endloop
  endfacet
  facet normal 0 0 -1
    outer loop
      vertex -26.89 -70.1168 0
      vertex -28.2387 -69.1255 0
      vertex -27.9015 -69.1255 0
    endloop
  endfacet
  facet normal 0 -0 -1
    outer loop
      vertex -24.1926 -68.8422 0
      vertex -23.8554 -68.8422 0
      vertex -24.3611 -68.9839 0
    endloop
  endfacet
  facet normal 0 0 -1
    outer loop
      vertex -26.3842 -70.5416 0
      vertex -26.89 -70.1168 0
      vertex -26.047 -70.4 0
    endloop
  endfacet
  facet normal 0 0 -1
    outer loop
      vertex -16.7225 -62.3736 0
      vertex -16.1593 -62.9059 0
      vertex -16.5113 -62.7285 0
    endloop
  endfacet
  facet normal 0 0 -1
    outer loop
      vertex -27.2271 -71.2497 0
      vertex -26.89 -70.1168 0
      vertex -26.3842 -70.5416 0
    endloop
  endfacet
  facet normal 0 0 -1
    outer loop
      vertex -27.2271 -71.2497 0
      vertex -28.2387 -69.1255 0
      vertex -26.89 -70.1168 0
    endloop
  endfacet
  facet normal 0 0 -1
    outer loop
      vertex -25.0355 -70.4 0
      vertex -25.5413 -69.2671 0
      vertex -24.8669 -68.9839 0
    endloop
  endfacet
  facet normal 0 0 -1
    outer loop
      vertex -23.6868 -68.9839 0
      vertex -24.3611 -68.9839 0
      vertex -23.8554 -68.8422 0
    endloop
  endfacet
  facet normal -0 0 -1
    outer loop
      vertex -23.6868 -68.9839 0
      vertex -24.6983 -70.5416 0
      vertex -24.3611 -68.9839 0
    endloop
  endfacet
  facet normal 0 0 -1
    outer loop
      vertex -17.0042 -61.0724 0
      vertex -16.1593 -62.9059 0
      vertex -16.7225 -62.3736 0
    endloop
  endfacet
  facet normal 0 0 -1
    outer loop
      vertex -11.8642 -61.309 0
      vertex -9.04778 -57.642 0
      vertex -11.0897 -61.1316 0
    endloop
  endfacet
  facet normal 0 0 -1
    outer loop
      vertex -35.6566 -68.8422 0
      vertex -34.8137 -68.8422 0
      vertex -35.488 -70.4 0
    endloop
  endfacet
  facet normal 0 0 -1
    outer loop
      vertex -30.3822 -51.2544 0
      vertex -29.6781 -51.7276 0
      vertex -30.0302 -52.0233 0
    endloop
  endfacet
  facet normal 0 0 -1
    outer loop
      vertex -34.8137 -72.8074 0
      vertex -32.622 -70.4 0
      vertex -32.622 -75.3565 0
    endloop
  endfacet
  facet normal 0 -0 -1
    outer loop
      vertex -33.465 -69.2671 0
      vertex -32.9592 -69.6919 0
      vertex -34.9823 -70.8248 0
    endloop
  endfacet
  facet normal 0 0 -1
    outer loop
      vertex -34.6451 -76.0646 0
      vertex -33.2964 -77.1975 0
      vertex -34.3079 -76.9143 0
    endloop
  endfacet
  facet normal 0 0 -1
    outer loop
      vertex -33.2964 -77.1975 0
      vertex -32.622 -75.3565 0
      vertex -31.9476 -75.923 0
    endloop
  endfacet
  facet normal 0 0 -1
    outer loop
      vertex -39.8713 -74.2236 0
      vertex -39.0284 -73.5155 0
      vertex -37.8483 -75.2149 0
    endloop
  endfacet
  facet normal 0 0 -1
    outer loop
      vertex -31.9476 -75.923 0
      vertex -31.4419 -75.7814 0
      vertex -31.7791 -76.3478 0
    endloop
  endfacet
  facet normal 0 0 -1
    outer loop
      vertex -43.2431 -69.4087 0
      vertex -44.2547 -70.5416 0
      vertex -44.0861 -69.5503 0
    endloop
  endfacet
  facet normal 0 0 -1
    outer loop
      vertex -34.6451 -76.0646 0
      vertex -32.622 -75.3565 0
      vertex -33.2964 -77.1975 0
    endloop
  endfacet
  facet normal 0 0 -1
    outer loop
      vertex -35.1508 -72.5242 0
      vertex -35.488 -72.5242 0
      vertex -35.488 -72.0994 0
    endloop
  endfacet
  facet normal 0 -0 -1
    outer loop
      vertex -37.8483 -75.2149 0
      vertex -37.1739 -75.7814 0
      vertex -38.1854 -77.3391 0
    endloop
  endfacet
  facet normal 0 0 -1
    outer loop
      vertex -34.8137 -72.8074 0
      vertex -34.9823 -71.6745 0
      vertex -32.622 -70.4 0
    endloop
  endfacet
  facet normal 0 0 -1
    outer loop
      vertex -40.2085 -75.4981 0
      vertex -37.8483 -75.2149 0
      vertex -40.0399 -76.2062 0
    endloop
  endfacet
  facet normal -0 0 -1
    outer loop
      vertex -41.3886 -76.7727 0
      vertex -43.4117 -77.0559 0
      vertex -41.8944 -75.923 0
    endloop
  endfacet
  facet normal 0 -0 -1
    outer loop
      vertex -38.5226 -73.0907 0
      vertex -37.8483 -73.9404 0
      vertex -39.0284 -73.5155 0
    endloop
  endfacet
  facet normal 0 0 -1
    outer loop
      vertex -39.8713 -74.2236 0
      vertex -39.197 -73.5155 0
      vertex -39.0284 -73.5155 0
    endloop
  endfacet
  facet normal 0 0 -1
    outer loop
      vertex -44.2547 -76.4895 0
      vertex -43.4117 -77.0559 0
      vertex -44.0861 -77.0559 0
    endloop
  endfacet
  facet normal 0 -0 -1
    outer loop
      vertex -39.8713 -74.2236 0
      vertex -37.8483 -75.2149 0
      vertex -40.0399 -74.5068 0
    endloop
  endfacet
  facet normal 0 0 -1
    outer loop
      vertex -37.5111 -73.5155 0
      vertex -38.5226 -73.0907 0
      vertex -36.8367 -72.3826 0
    endloop
  endfacet
  facet normal 0 -0 -1
    outer loop
      vertex -34.1393 -68.9839 0
      vertex -33.465 -69.2671 0
      vertex -34.9823 -70.8248 0
    endloop
  endfacet
  facet normal 0 0 -1
    outer loop
      vertex -36.8367 -75.923 0
      vertex -36.331 -75.923 0
      vertex -36.331 -76.7727 0
    endloop
  endfacet
  facet normal 0 0 -1
    outer loop
      vertex -35.488 -72.5242 0
      vertex -36.8367 -72.3826 0
      vertex -35.488 -72.0994 0
    endloop
  endfacet
  facet normal 0 0 -1
    outer loop
      vertex -38.6912 -70.2584 0
      vertex -38.0169 -70.4 0
      vertex -38.5226 -70.6832 0
    endloop
  endfacet
  facet normal 0 0 -1
    outer loop
      vertex -35.1508 -72.5242 0
      vertex -35.488 -72.0994 0
      vertex -34.9823 -71.6745 0
    endloop
  endfacet
  facet normal 0 0 -1
    outer loop
      vertex -34.9823 -70.8248 0
      vertex -35.488 -70.4 0
      vertex -34.1393 -68.9839 0
    endloop
  endfacet
  facet normal 0 0 -1
    outer loop
      vertex -34.9823 -70.8248 0
      vertex -32.9592 -69.6919 0
      vertex -32.622 -70.4 0
    endloop
  endfacet
  facet normal 0 0 -1
    outer loop
      vertex -35.488 -70.4 0
      vertex -34.8137 -68.8422 0
      vertex -34.1393 -68.9839 0
    endloop
  endfacet
  facet normal 0 0 -1
    outer loop
      vertex -35.488 -70.4 0
      vertex -35.8252 -70.2584 0
      vertex -35.6566 -68.8422 0
    endloop
  endfacet
  facet normal 0 -0 -1
    outer loop
      vertex -38.6912 -70.2584 0
      vertex -38.5226 -70.6832 0
      vertex -39.0284 -70.6832 0
    endloop
  endfacet
  facet normal 0 -0 -1
    outer loop
      vertex -43.2431 -69.4087 0
      vertex -42.063 -68.9839 0
      vertex -44.0861 -70.9665 0
    endloop
  endfacet
  facet normal -0 0 -1
    outer loop
      vertex -38.5226 -70.6832 0
      vertex -39.0284 -71.1081 0
      vertex -39.0284 -70.6832 0
    endloop
  endfacet
  facet normal 0 -0 -1
    outer loop
      vertex -37.8483 -69.5503 0
      vertex -37.5111 -70.2584 0
      vertex -38.0169 -70.4 0
    endloop
  endfacet
  facet normal 0 -0 -1
    outer loop
      vertex -36.331 -68.9839 0
      vertex -35.8252 -70.2584 0
      vertex -37.5111 -70.2584 0
    endloop
  endfacet
  facet normal 0 0 -1
    outer loop
      vertex -35.6566 -68.8422 0
      vertex -35.8252 -70.2584 0
      vertex -36.331 -68.9839 0
    endloop
  endfacet
  facet normal 0 0 -1
    outer loop
      vertex -5.17519 -57.0506 0
      vertex -7.78038 -36.7639 0
      vertex -7.28751 -36.5864 0
    endloop
  endfacet
  facet normal -0 0 -1
    outer loop
      vertex -34.9823 -75.7814 0
      vertex -35.3194 -75.923 0
      vertex -35.6566 -75.6398 0
    endloop
  endfacet
  facet normal 0 -0 -1
    outer loop
      vertex -36.8367 -72.3826 0
      vertex -36.6682 -72.9491 0
      vertex -37.5111 -73.5155 0
    endloop
  endfacet
  facet normal 0 0 -1
    outer loop
      vertex -36.8367 -72.3826 0
      vertex -35.488 -72.5242 0
      vertex -36.6682 -72.9491 0
    endloop
  endfacet
  facet normal -0 0 -1
    outer loop
      vertex -37.3425 -77.1975 0
      vertex -38.1854 -77.3391 0
      vertex -37.1739 -75.7814 0
    endloop
  endfacet
  facet normal 0 0 -1
    outer loop
      vertex -37.8483 -73.9404 0
      vertex -38.5226 -73.0907 0
      vertex -37.5111 -73.5155 0
    endloop
  endfacet
  facet normal 0 0 -1
    outer loop
      vertex -37.8483 -75.2149 0
      vertex -39.0284 -77.1975 0
      vertex -39.8713 -76.4895 0
    endloop
  endfacet
  facet normal 0 0 -1
    outer loop
      vertex -39.0284 -77.1975 0
      vertex -37.8483 -75.2149 0
      vertex -38.1854 -77.3391 0
    endloop
  endfacet
  facet normal 0 0 -1
    outer loop
      vertex -37.3425 -77.1975 0
      vertex -37.1739 -75.7814 0
      vertex -36.8367 -75.923 0
    endloop
  endfacet
  facet normal 0 0 -1
    outer loop
      vertex -37.3425 -77.1975 0
      vertex -36.8367 -75.923 0
      vertex -36.331 -76.7727 0
    endloop
  endfacet
  facet normal 0 0 -1
    outer loop
      vertex -36.331 -76.7727 0
      vertex -36.331 -75.923 0
      vertex -35.3194 -75.923 0
    endloop
  endfacet
  facet normal 0 0 -1
    outer loop
      vertex -36.331 -75.923 0
      vertex -35.6566 -75.6398 0
      vertex -35.3194 -75.923 0
    endloop
  endfacet
  facet normal 0 0 -1
    outer loop
      vertex -34.6451 -76.0646 0
      vertex -34.9823 -75.0733 0
      vertex -34.8137 -74.7901 0
    endloop
  endfacet
  facet normal 0 0 -1
    outer loop
      vertex -34.9823 -75.7814 0
      vertex -35.6566 -75.6398 0
      vertex -34.9823 -75.0733 0
    endloop
  endfacet
  facet normal 0 0 -1
    outer loop
      vertex -34.6451 -76.0646 0
      vertex -34.8137 -74.7901 0
      vertex -32.622 -75.3565 0
    endloop
  endfacet
  facet normal 0 0 -1
    outer loop
      vertex -34.8137 -74.7901 0
      vertex -34.8137 -72.8074 0
      vertex -32.622 -75.3565 0
    endloop
  endfacet
  facet normal 0 0 -1
    outer loop
      vertex -35.1508 -72.5242 0
      vertex -34.9823 -71.6745 0
      vertex -34.8137 -72.8074 0
    endloop
  endfacet
  facet normal -0 0 -1
    outer loop
      vertex -62.6309 -70.4 0
      vertex -62.968 -70.8248 0
      vertex -62.6309 -69.8336 0
    endloop
  endfacet
  facet normal 0 0 -1
    outer loop
      vertex -73.5892 -77.3391 0
      vertex -74.0949 -77.0559 0
      vertex -73.0834 -77.0559 0
    endloop
  endfacet
  facet normal -0 0 -1
    outer loop
      vertex -63.6424 -71.2497 0
      vertex -64.1482 -71.6745 0
      vertex -64.4854 -71.1081 0
    endloop
  endfacet
  facet normal 0 0 -1
    outer loop
      vertex -74.4321 -76.2062 0
      vertex -73.0834 -77.0559 0
      vertex -74.0949 -77.0559 0
    endloop
  endfacet
  facet normal -0 0 -1
    outer loop
      vertex -71.3975 -76.2062 0
      vertex -72.5776 -76.9143 0
      vertex -71.7347 -75.923 0
    endloop
  endfacet
  facet normal 0 0 -1
    outer loop
      vertex -73.0834 -77.0559 0
      vertex -74.4321 -76.2062 0
      vertex -72.2405 -75.3565 0
    endloop
  endfacet
  facet normal 0 0 -1
    outer loop
      vertex -63.3052 -69.1255 0
      vertex -63.6424 -71.2497 0
      vertex -64.4854 -71.1081 0
    endloop
  endfacet
  facet normal -0 0 -1
    outer loop
      vertex -66.5084 -76.7727 0
      vertex -68.0257 -76.9143 0
      vertex -66.8456 -76.2062 0
    endloop
  endfacet
  facet normal -0 0 -1
    outer loop
      vertex -77.8039 -74.6485 0
      vertex -79.9956 -75.7814 0
      vertex -79.9956 -70.8248 0
    endloop
  endfacet
  facet normal 0 0 -1
    outer loop
      vertex -79.6584 -76.4895 0
      vertex -77.6353 -75.0733 0
      vertex -78.984 -77.0559 0
    endloop
  endfacet
  facet normal 0 0 -1
    outer loop
      vertex -74.4321 -76.2062 0
      vertex -74.6007 -74.6485 0
      vertex -72.2405 -75.3565 0
    endloop
  endfacet
  facet normal 0 0 -1
    outer loop
      vertex -79.6584 -76.4895 0
      vertex -79.9956 -75.7814 0
      vertex -77.6353 -75.0733 0
    endloop
  endfacet
  facet normal -0 0 -1
    outer loop
      vertex -77.6353 -75.0733 0
      vertex -79.9956 -75.7814 0
      vertex -77.8039 -74.6485 0
    endloop
  endfacet
  facet normal 0 0 -1
    outer loop
      vertex -78.984 -77.0559 0
      vertex -77.6353 -75.0733 0
      vertex -78.6469 -77.1975 0
    endloop
  endfacet
  facet normal 0 -0 -1
    outer loop
      vertex -77.6353 -75.0733 0
      vertex -77.4667 -77.1975 0
      vertex -78.6469 -77.1975 0
    endloop
  endfacet
  facet normal 0 -0 -1
    outer loop
      vertex -76.118 -75.7814 0
      vertex -75.2751 -75.923 0
      vertex -76.4552 -76.7727 0
    endloop
  endfacet
  facet normal 0 0 -1
    outer loop
      vertex -74.6007 -74.6485 0
      vertex -74.6007 -70.6832 0
      vertex -72.409 -74.6485 0
    endloop
  endfacet
  facet normal 0 -0 -1
    outer loop
      vertex -77.9725 -68.9839 0
      vertex -77.8039 -74.6485 0
      vertex -79.9956 -70.8248 0
    endloop
  endfacet
  facet normal 0 -0 -1
    outer loop
      vertex -76.7924 -75.7814 0
      vertex -76.4552 -76.7727 0
      vertex -77.4667 -77.1975 0
    endloop
  endfacet
  facet normal -0 0 -1
    outer loop
      vertex -76.7924 -75.7814 0
      vertex -77.4667 -77.1975 0
      vertex -77.6353 -75.0733 0
    endloop
  endfacet
  facet normal -0 0 -1
    outer loop
      vertex -76.118 -75.7814 0
      vertex -76.4552 -76.7727 0
      vertex -76.7924 -75.7814 0
    endloop
  endfacet
  facet normal 0 -0 -1
    outer loop
      vertex -75.2751 -75.3565 0
      vertex -75.2751 -75.923 0
      vertex -76.118 -75.7814 0
    endloop
  endfacet
  facet normal 0 0 -1
    outer loop
      vertex -74.9379 -75.7814 0
      vertex -75.2751 -75.3565 0
      vertex -74.6007 -74.6485 0
    endloop
  endfacet
  facet normal -0 0 -1
    outer loop
      vertex -74.9379 -75.7814 0
      vertex -75.2751 -75.923 0
      vertex -75.2751 -75.3565 0
    endloop
  endfacet
  facet normal 0 0 -1
    outer loop
      vertex -72.2405 -75.3565 0
      vertex -74.6007 -74.6485 0
      vertex -72.409 -74.6485 0
    endloop
  endfacet
  facet normal 0 -0 -1
    outer loop
      vertex -72.7462 -68.9839 0
      vertex -72.409 -74.6485 0
      vertex -74.6007 -70.6832 0
    endloop
  endfacet
  facet normal 0 0 -1
    outer loop
      vertex -72.7462 -68.9839 0
      vertex -74.6007 -70.6832 0
      vertex -74.7693 -70.4 0
    endloop
  endfacet
  facet normal 0 -0 -1
    outer loop
      vertex -74.9379 -69.6919 0
      vertex -74.7693 -70.4 0
      vertex -75.2751 -69.9752 0
    endloop
  endfacet
  facet normal 0 0 -1
    outer loop
      vertex -72.7462 -68.9839 0
      vertex -74.7693 -70.4 0
      vertex -74.9379 -69.6919 0
    endloop
  endfacet
  facet normal -0 0 -1
    outer loop
      vertex 31.2976 -47.5874 0
      vertex 28.7628 -49.0069 0
      vertex 30.3822 -43.6247 0
    endloop
  endfacet
  facet normal 0 0 -1
    outer loop
      vertex 66.3398 -76.4895 0
      vertex 68.5315 -75.3565 0
      vertex 68.3629 -76.7727 0
    endloop
  endfacet
  facet normal -0 0 -1
    outer loop
      vertex 69.543 -76.0646 0
      vertex 68.3629 -76.7727 0
      vertex 69.0373 -75.923 0
    endloop
  endfacet
  facet normal 0 -0 -1
    outer loop
      vertex 65.8341 -65.8683 0
      vertex 66.1712 -66.5764 0
      vertex 65.6655 -66.1516 0
    endloop
  endfacet
  facet normal 0 -0 -1
    outer loop
      vertex 68.3629 -65.0186 0
      vertex 68.5315 -75.3565 0
      vertex 66.3398 -67.0012 0
    endloop
  endfacet
  facet normal 0 0 -1
    outer loop
      vertex 66.3398 -76.4895 0
      vertex 66.3398 -67.0012 0
      vertex 68.5315 -75.3565 0
    endloop
  endfacet
  facet normal 0 0 -1
    outer loop
      vertex 65.8341 -65.8683 0
      vertex 66.1712 -65.7267 0
      vertex 66.1712 -66.5764 0
    endloop
  endfacet
  facet normal 0 -0 -1
    outer loop
      vertex 66.5084 -65.7267 0
      vertex 67.6885 -65.1603 0
      vertex 66.3398 -67.0012 0
    endloop
  endfacet
  facet normal 0 -0 -1
    outer loop
      vertex 68.0257 -65.1603 0
      vertex 68.3629 -65.0186 0
      vertex 66.3398 -67.0012 0
    endloop
  endfacet
  facet normal 0 0 -1
    outer loop
      vertex 66.1712 -65.7267 0
      vertex 66.5084 -65.7267 0
      vertex 66.1712 -66.5764 0
    endloop
  endfacet
  facet normal 0 -0 -1
    outer loop
      vertex 67.6885 -65.1603 0
      vertex 68.0257 -65.1603 0
      vertex 66.3398 -67.0012 0
    endloop
  endfacet
  facet normal 0 0 -1
    outer loop
      vertex 7.78038 -58.2926 0
      vertex 10.5264 -34.1023 0
      vertex 8.20284 -58.2335 0
    endloop
  endfacet
  facet normal 0 0 -1
    outer loop
      vertex 18.6236 -62.9651 0
      vertex 18.4124 -63.4383 0
      vertex 17.3562 -64.0297 0
    endloop
  endfacet
  facet normal 0 -0 -1
    outer loop
      vertex 11.5826 -32.6829 0
      vertex 11.653 -32.9786 0
      vertex 11.3009 -33.3335 0
    endloop
  endfacet
  facet normal 0 0 -1
    outer loop
      vertex 13.74 -77.1975 0
      vertex 14.5829 -75.3565 0
      vertex 14.5829 -76.7727 0
    endloop
  endfacet
  facet normal 0 0 -1
    outer loop
      vertex 13.74 -77.1975 0
      vertex 13.0657 -77.1975 0
      vertex 12.5599 -76.7727 0
    endloop
  endfacet
  facet normal 0 0 -1
    outer loop
      vertex 14.5829 -75.3565 0
      vertex 15.5945 -76.0646 0
      vertex 14.5829 -76.7727 0
    endloop
  endfacet
  facet normal 0 0 -1
    outer loop
      vertex 7.67079 -77.0559 0
      vertex 9.1881 -75.923 0
      vertex 9.35669 -76.4895 0
    endloop
  endfacet
  facet normal 0 0 -1
    outer loop
      vertex 9.1881 -75.923 0
      vertex 7.67079 -77.0559 0
      vertex 6.99644 -77.0559 0
    endloop
  endfacet
  facet normal 0 0 -1
    outer loop
      vertex 12.2227 -71.2497 0
      vertex 14.5829 -75.3565 0
      vertex 12.2227 -75.4981 0
    endloop
  endfacet
  facet normal 0 0 -1
    outer loop
      vertex 12.2227 -71.2497 0
      vertex 14.5829 -70.6832 0
      vertex 14.5829 -75.3565 0
    endloop
  endfacet
  facet normal 0 0 -1
    outer loop
      vertex 12.0541 -70.9665 0
      vertex 13.2342 -68.9839 0
      vertex 13.5714 -69.1255 0
    endloop
  endfacet
  facet normal 0 -0 -1
    outer loop
      vertex 9.52528 -70.2584 0
      vertex 10.1996 -70.4 0
      vertex 9.35669 -71.1081 0
    endloop
  endfacet
  facet normal 0 0 -1
    outer loop
      vertex 12.0541 -70.9665 0
      vertex 11.3798 -70.4 0
      vertex 12.3913 -68.8422 0
    endloop
  endfacet
  facet normal 0 0 -1
    outer loop
      vertex 11.3798 -70.4 0
      vertex 11.0426 -70.2584 0
      vertex 11.5484 -68.9839 0
    endloop
  endfacet
  facet normal 0 -0 -1
    outer loop
      vertex 7.16502 -69.5503 0
      vertex 7.50221 -69.5503 0
      vertex 6.82785 -70.5416 0
    endloop
  endfacet
  facet normal 0 -0 -1
    outer loop
      vertex 7.50221 -69.5503 0
      vertex 9.1881 -69.9752 0
      vertex 6.99644 -70.8248 0
    endloop
  endfacet
  facet normal 0 0 -1
    outer loop
      vertex 9.1881 -71.3913 0
      vertex 6.99644 -70.8248 0
      vertex 9.1881 -69.9752 0
    endloop
  endfacet
  facet normal 0 0 -1
    outer loop
      vertex 6.99644 -77.0559 0
      vertex 6.99644 -70.8248 0
      vertex 9.1881 -75.923 0
    endloop
  endfacet
  facet normal 0 -0 -1
    outer loop
      vertex 9.35669 -76.4895 0
      vertex 9.69386 -76.7727 0
      vertex 7.67079 -77.0559 0
    endloop
  endfacet
  facet normal 0 0 -1
    outer loop
      vertex 9.1881 -75.923 0
      vertex 6.99644 -70.8248 0
      vertex 9.1881 -71.3913 0
    endloop
  endfacet
  facet normal 0 0 -1
    outer loop
      vertex 7.16502 -69.5503 0
      vertex 6.82785 -70.5416 0
      vertex 6.49068 -69.8336 0
    endloop
  endfacet
  facet normal 0 0 -1
    outer loop
      vertex 6.82785 -70.5416 0
      vertex 6.32208 -70.1168 0
      vertex 6.49068 -69.8336 0
    endloop
  endfacet
  facet normal 0 0 -1
    outer loop
      vertex 7.50221 -69.5503 0
      vertex 6.99644 -70.8248 0
      vertex 6.82785 -70.5416 0
    endloop
  endfacet
  facet normal 0 0 -1
    outer loop
      vertex 10.3682 -69.5503 0
      vertex 10.1996 -70.4 0
      vertex 9.52528 -70.2584 0
    endloop
  endfacet
  facet normal 0 0 -1
    outer loop
      vertex 9.1881 -69.9752 0
      vertex 9.35669 -71.1081 0
      vertex 9.1881 -71.3913 0
    endloop
  endfacet
  facet normal 0 0 -1
    outer loop
      vertex 10.2448 -33.8066 0
      vertex 4.82312 -32.6829 0
      vertex 8.97736 -32.2097 0
    endloop
  endfacet
  facet normal 0 -0 -1
    outer loop
      vertex 10.3682 -69.5503 0
      vertex 10.7054 -70.2584 0
      vertex 10.1996 -70.4 0
    endloop
  endfacet
  facet normal 0 -0 -1
    outer loop
      vertex 9.01952 -68.8422 0
      vertex 9.1881 -69.9752 0
      vertex 7.50221 -69.5503 0
    endloop
  endfacet
  facet normal 0 0 -1
    outer loop
      vertex 9.1881 -69.9752 0
      vertex 9.52528 -70.2584 0
      vertex 9.35669 -71.1081 0
    endloop
  endfacet
  facet normal 0 0 -1
    outer loop
      vertex 11.5484 -68.9839 0
      vertex 11.0426 -70.2584 0
      vertex 10.3682 -69.5503 0
    endloop
  endfacet
  facet normal 0 0 -1
    outer loop
      vertex 12.3913 -68.8422 0
      vertex 11.3798 -70.4 0
      vertex 11.5484 -68.9839 0
    endloop
  endfacet
  facet normal 0 0 -1
    outer loop
      vertex 30.2414 -36.3498 0
      vertex 32.1425 -36.3498 0
      vertex 32.3537 -41.6729 0
    endloop
  endfacet
  facet normal 0 0 -1
    outer loop
      vertex 92.9769 -72.241 0
      vertex 92.4711 -71.8162 0
      vertex 92.4711 -71.1081 0
    endloop
  endfacet
  facet normal 0 0 -1
    outer loop
      vertex 94.6628 -70.8248 0
      vertex 94.3256 -69.6919 0
      vertex 94.6628 -70.1168 0
    endloop
  endfacet
  facet normal 0 0 -1
    outer loop
      vertex 94.6628 -70.8248 0
      vertex 92.9769 -72.241 0
      vertex 92.4711 -71.1081 0
    endloop
  endfacet
  facet normal -0 0 -1
    outer loop
      vertex 94.6628 -70.8248 0
      vertex 92.4711 -71.1081 0
      vertex 94.3256 -69.6919 0
    endloop
  endfacet
  facet normal 0 0 -1
    outer loop
      vertex 92.4711 -71.1081 0
      vertex 92.3026 -70.8248 0
      vertex 94.3256 -69.6919 0
    endloop
  endfacet
  facet normal 0 0 -1
    outer loop
      vertex 89.9423 -73.2323 0
      vertex 87.7507 -72.9491 0
      vertex 89.7737 -72.6658 0
    endloop
  endfacet
  facet normal 0 0 -1
    outer loop
      vertex 87.7507 -72.9491 0
      vertex 87.9193 -72.241 0
      vertex 89.7737 -72.6658 0
    endloop
  endfacet
  facet normal 0 -0 -1
    outer loop
      vertex 91.9654 -75.6398 0
      vertex 92.134 -77.1975 0
      vertex 90.4481 -77.1975 0
    endloop
  endfacet
  facet normal 0 0 -1
    outer loop
      vertex 90.7853 -74.6485 0
      vertex 89.7737 -76.9143 0
      vertex 88.7622 -76.0646 0
    endloop
  endfacet
  facet normal -0 0 -1
    outer loop
      vertex 92.4711 -75.7814 0
      vertex 92.134 -77.1975 0
      vertex 91.9654 -75.6398 0
    endloop
  endfacet
  facet normal 0 -0 -1
    outer loop
      vertex 92.4711 -75.7814 0
      vertex 92.6397 -77.0559 0
      vertex 92.134 -77.1975 0
    endloop
  endfacet
  facet normal 0 0 -1
    outer loop
      vertex 90.4481 -77.1975 0
      vertex 90.7853 -74.6485 0
      vertex 91.9654 -75.6398 0
    endloop
  endfacet
  facet normal 0 0 -1
    outer loop
      vertex 89.7737 -76.9143 0
      vertex 90.7853 -74.6485 0
      vertex 90.4481 -77.1975 0
    endloop
  endfacet
  facet normal 0 0 -1
    outer loop
      vertex 93.4827 -76.6311 0
      vertex 93.9884 -75.6398 0
      vertex 94.8314 -75.4981 0
    endloop
  endfacet
  facet normal 0 0 -1
    outer loop
      vertex 94.8314 -75.4981 0
      vertex 94.4942 -75.2149 0
      vertex 94.6628 -75.2149 0
    endloop
  endfacet
  facet normal 0 0 -1
    outer loop
      vertex 94.8314 -75.4981 0
      vertex 94.6628 -75.2149 0
      vertex 95 -74.9317 0
    endloop
  endfacet
  facet normal 0 0 -1
    outer loop
      vertex 93.9884 -75.6398 0
      vertex 94.4942 -75.2149 0
      vertex 94.8314 -75.4981 0
    endloop
  endfacet
  facet normal 0 -0 -1
    outer loop
      vertex 93.6513 -75.7814 0
      vertex 93.9884 -75.6398 0
      vertex 93.4827 -76.6311 0
    endloop
  endfacet
  facet normal -0 0 -1
    outer loop
      vertex 90.7853 -74.6485 0
      vertex 88.7622 -76.0646 0
      vertex 90.4481 -74.082 0
    endloop
  endfacet
  facet normal 0 0 -1
    outer loop
      vertex 88.7622 -76.0646 0
      vertex 88.0878 -75.0733 0
      vertex 90.4481 -74.082 0
    endloop
  endfacet
  facet normal 0 0 -1
    outer loop
      vertex 89.9423 -73.2323 0
      vertex 88.0878 -75.0733 0
      vertex 87.7507 -73.7988 0
    endloop
  endfacet
  facet normal 0 0 -1
    outer loop
      vertex 87.9193 -72.241 0
      vertex 88.5936 -70.9665 0
      vertex 89.7737 -71.3913 0
    endloop
  endfacet
  facet normal 0 0 -1
    outer loop
      vertex 90.1109 -70.5416 0
      vertex 88.9308 -70.5416 0
      vertex 89.9423 -69.6919 0
    endloop
  endfacet
  facet normal -0 0 -1
    outer loop
      vertex 90.4481 -70.2584 0
      vertex 90.1109 -70.5416 0
      vertex 89.9423 -69.6919 0
    endloop
  endfacet
  facet normal 0 0 -1
    outer loop
      vertex 91.291 -70.1168 0
      vertex 90.9538 -69.1255 0
      vertex 92.3026 -68.8422 0
    endloop
  endfacet
  facet normal -0 0 -1
    outer loop
      vertex 93.8199 -69.2671 0
      vertex 92.3026 -70.8248 0
      vertex 93.1455 -68.9839 0
    endloop
  endfacet
  facet normal 0 0 -1
    outer loop
      vertex 91.6282 -70.2584 0
      vertex 91.291 -70.1168 0
      vertex 92.3026 -68.8422 0
    endloop
  endfacet
  facet normal 0 0 -1
    outer loop
      vertex 90.7853 -70.1168 0
      vertex 90.9538 -69.1255 0
      vertex 91.291 -70.1168 0
    endloop
  endfacet
  facet normal 0 0 -1
    outer loop
      vertex 89.9423 -69.6919 0
      vertex 90.7853 -70.1168 0
      vertex 90.4481 -70.2584 0
    endloop
  endfacet
  facet normal 0 0 -1
    outer loop
      vertex 89.9423 -69.6919 0
      vertex 90.9538 -69.1255 0
      vertex 90.7853 -70.1168 0
    endloop
  endfacet
  facet normal -0 0 -1
    outer loop
      vertex 90.1109 -70.5416 0
      vertex 89.7737 -71.3913 0
      vertex 88.9308 -70.5416 0
    endloop
  endfacet
  facet normal -0 -0 -1
    outer loop
      vertex 90.2795 -73.5155 0
      vertex 90.4481 -74.082 0
      vertex 89.9423 -73.2323 0
    endloop
  endfacet
  facet normal 0 -0 -1
    outer loop
      vertex 88.9308 -70.5416 0
      vertex 89.7737 -71.3913 0
      vertex 88.5936 -70.9665 0
    endloop
  endfacet
  facet normal 0 -0 -1
    outer loop
      vertex 89.7737 -71.3913 0
      vertex 89.7737 -72.6658 0
      vertex 87.9193 -72.241 0
    endloop
  endfacet
  facet normal 0 0 -1
    outer loop
      vertex 87.7507 -72.9491 0
      vertex 89.9423 -73.2323 0
      vertex 87.7507 -73.7988 0
    endloop
  endfacet
  facet normal 0 -0 -1
    outer loop
      vertex 93.8199 -69.2671 0
      vertex 94.3256 -69.6919 0
      vertex 92.3026 -70.8248 0
    endloop
  endfacet
  facet normal 0 0 -1
    outer loop
      vertex 91.6282 -73.0907 0
      vertex 90.4481 -74.082 0
      vertex 90.2795 -73.5155 0
    endloop
  endfacet
  facet normal 0 0 -1
    outer loop
      vertex 91.6282 -73.0907 0
      vertex 92.4711 -71.8162 0
      vertex 92.9769 -72.241 0
    endloop
  endfacet
  facet normal -0 0 -1
    outer loop
      vertex 93.1455 -68.9839 0
      vertex 92.3026 -70.8248 0
      vertex 92.3026 -68.8422 0
    endloop
  endfacet
  facet normal 0 0 -1
    outer loop
      vertex 90.2795 -73.5155 0
      vertex 92.4711 -71.8162 0
      vertex 91.6282 -73.0907 0
    endloop
  endfacet
  facet normal 0 0 -1
    outer loop
      vertex 92.3026 -70.8248 0
      vertex 91.6282 -70.2584 0
      vertex 92.3026 -68.8422 0
    endloop
  endfacet
  facet normal 0 0 -1
    outer loop
      vertex -27.8474 -51.6684 0
      vertex -28.2699 -51.2544 0
      vertex -26.6505 -51.1361 0
    endloop
  endfacet
  facet normal -0 0 -1
    outer loop
      vertex -62.7995 -69.5503 0
      vertex -62.968 -70.8248 0
      vertex -63.3052 -69.1255 0
    endloop
  endfacet
  facet normal 0 0 -1
    outer loop
      vertex -63.4738 -71.2497 0
      vertex -63.6424 -71.2497 0
      vertex -62.968 -70.8248 0
    endloop
  endfacet
  facet normal 0 0 -1
    outer loop
      vertex -69.3745 -70.4 0
      vertex -69.0373 -69.6919 0
      vertex -69.2059 -70.6832 0
    endloop
  endfacet
  facet normal 0 0 -1
    outer loop
      vertex -65.1597 -70.5416 0
      vertex -66.0027 -70.5416 0
      vertex -65.6655 -69.4087 0
    endloop
  endfacet
  facet normal 0 -0 -1
    outer loop
      vertex -67.0142 -69.9752 0
      vertex -66.8456 -71.3913 0
      vertex -69.2059 -70.6832 0
    endloop
  endfacet
  facet normal -0 0 -1
    outer loop
      vertex -63.3052 -69.1255 0
      vertex -64.4854 -71.1081 0
      vertex -64.1482 -68.8422 0
    endloop
  endfacet
  facet normal 0 0 -1
    outer loop
      vertex -64.4854 -71.1081 0
      vertex -65.1597 -70.5416 0
      vertex -64.1482 -68.8422 0
    endloop
  endfacet
  facet normal 0 0 -1
    outer loop
      vertex -69.2059 -70.6832 0
      vertex -69.0373 -69.6919 0
      vertex -67.0142 -69.9752 0
    endloop
  endfacet
  facet normal 0 0 -1
    outer loop
      vertex -69.0373 -69.6919 0
      vertex -67.52 -68.9839 0
      vertex -67.0142 -69.9752 0
    endloop
  endfacet
  facet normal 0 0 -1
    outer loop
      vertex -69.2059 -77.1975 0
      vertex -69.2059 -70.6832 0
      vertex -68.0257 -76.9143 0
    endloop
  endfacet
  facet normal 0 0 -1
    outer loop
      vertex -68.0257 -76.9143 0
      vertex -69.2059 -70.6832 0
      vertex -66.8456 -76.2062 0
    endloop
  endfacet
  facet normal 0 0 -1
    outer loop
      vertex -66.8456 -76.2062 0
      vertex -69.2059 -70.6832 0
      vertex -66.8456 -71.3913 0
    endloop
  endfacet
  facet normal 0 0 -1
    outer loop
      vertex -69.0373 -69.6919 0
      vertex -69.7116 -70.1168 0
      vertex -70.0488 -69.9752 0
    endloop
  endfacet
  facet normal 0 0 -1
    outer loop
      vertex -66.677 -70.2584 0
      vertex -66.0027 -70.5416 0
      vertex -66.677 -71.1081 0
    endloop
  endfacet
  facet normal 0 0 -1
    outer loop
      vertex -65.6655 -69.4087 0
      vertex -66.0027 -70.5416 0
      vertex -66.677 -70.2584 0
    endloop
  endfacet
  facet normal 0 0 -1
    outer loop
      vertex -66.8456 -71.3913 0
      vertex -67.0142 -69.9752 0
      vertex -66.677 -71.1081 0
    endloop
  endfacet
  facet normal 0 0 -1
    outer loop
      vertex -67.52 -68.9839 0
      vertex -67.1828 -68.9839 0
      vertex -67.0142 -69.9752 0
    endloop
  endfacet
  facet normal 0 0 -1
    outer loop
      vertex -67.0142 -69.9752 0
      vertex -66.677 -70.2584 0
      vertex -66.677 -71.1081 0
    endloop
  endfacet
  facet normal 0 0 -1
    outer loop
      vertex -64.8225 -68.9839 0
      vertex -65.1597 -70.5416 0
      vertex -65.6655 -69.4087 0
    endloop
  endfacet
  facet normal 0 0 -1
    outer loop
      vertex -64.1482 -68.8422 0
      vertex -65.1597 -70.5416 0
      vertex -64.8225 -68.9839 0
    endloop
  endfacet
  facet normal 0 0 -1
    outer loop
      vertex 18.2716 -59.0615 0
      vertex 19.6094 -59.1207 0
      vertex 18.6236 -59.2981 0
    endloop
  endfacet
  facet normal 0 0 -1
    outer loop
      vertex 31.4419 -70.6832 0
      vertex 31.1047 -69.1255 0
      vertex 31.6105 -69.5503 0
    endloop
  endfacet
  facet normal 0 0 -1
    outer loop
      vertex 30.0932 -71.1081 0
      vertex 31.1047 -69.1255 0
      vertex 31.4419 -70.6832 0
    endloop
  endfacet
  facet normal 0 0 -1
    outer loop
      vertex 29.4188 -70.5416 0
      vertex 30.0932 -68.8422 0
      vertex 31.1047 -69.1255 0
    endloop
  endfacet
  facet normal 0 0 -1
    outer loop
      vertex 28.7444 -70.5416 0
      vertex 28.5759 -69.8336 0
      vertex 29.4188 -70.5416 0
    endloop
  endfacet
  facet normal 0 0 -1
    outer loop
      vertex 25.7098 -69.5503 0
      vertex 25.5412 -70.8248 0
      vertex 25.3727 -70.4 0
    endloop
  endfacet
  facet normal 0 -0 -1
    outer loop
      vertex 27.5643 -68.8422 0
      vertex 27.7329 -69.9752 0
      vertex 25.7098 -69.5503 0
    endloop
  endfacet
  facet normal 0 0 -1
    outer loop
      vertex 27.7329 -71.5329 0
      vertex 25.5412 -70.8248 0
      vertex 27.9015 -71.2497 0
    endloop
  endfacet
  facet normal 0 0 -1
    outer loop
      vertex 25.5412 -77.0559 0
      vertex 25.5412 -70.8248 0
      vertex 27.7329 -75.6398 0
    endloop
  endfacet
  facet normal 0 0 -1
    outer loop
      vertex 27.7329 -75.6398 0
      vertex 25.5412 -70.8248 0
      vertex 27.7329 -71.5329 0
    endloop
  endfacet
  facet normal 0 0 -1
    outer loop
      vertex 25.7098 -69.5503 0
      vertex 25.3727 -70.4 0
      vertex 24.8669 -69.9752 0
    endloop
  endfacet
  facet normal 0 -0 -1
    outer loop
      vertex 28.0701 -70.2584 0
      vertex 28.7444 -70.5416 0
      vertex 27.9015 -71.2497 0
    endloop
  endfacet
  facet normal 0 0 -1
    outer loop
      vertex 28.7444 -70.5416 0
      vertex 28.0701 -70.2584 0
      vertex 28.5759 -69.8336 0
    endloop
  endfacet
  facet normal -0 0 -1
    outer loop
      vertex 17.5675 -59.1798 0
      vertex 16.9338 -59.653 0
      vertex 8.20284 -58.2335 0
    endloop
  endfacet
  facet normal 0 0 -1
    outer loop
      vertex 25.5412 -70.8248 0
      vertex 27.7329 -69.9752 0
      vertex 27.9015 -71.2497 0
    endloop
  endfacet
  facet normal 0 0 -1
    outer loop
      vertex 28.5759 -69.8336 0
      vertex 28.5759 -69.6919 0
      vertex 28.913 -69.4087 0
    endloop
  endfacet
  facet normal 0 0 -1
    outer loop
      vertex 27.7329 -69.9752 0
      vertex 28.0701 -70.2584 0
      vertex 27.9015 -71.2497 0
    endloop
  endfacet
  facet normal 0 0 -1
    outer loop
      vertex 28.5759 -69.8336 0
      vertex 28.913 -69.4087 0
      vertex 29.4188 -70.5416 0
    endloop
  endfacet
  facet normal 0 0 -1
    outer loop
      vertex 28.913 -69.4087 0
      vertex 30.0932 -68.8422 0
      vertex 29.4188 -70.5416 0
    endloop
  endfacet
  facet normal 0 -0 -1
    outer loop
      vertex -42.4002 -68.9839 0
      vertex -42.063 -68.9839 0
      vertex -43.2431 -69.4087 0
    endloop
  endfacet
  facet normal 0 0 -1
    outer loop
      vertex -41.8944 -75.923 0
      vertex -44.0861 -70.9665 0
      vertex -42.063 -68.9839 0
    endloop
  endfacet
  facet normal 0 0 -1
    outer loop
      vertex -44.2547 -76.4895 0
      vertex -44.0861 -70.9665 0
      vertex -41.8944 -75.923 0
    endloop
  endfacet
  facet normal 0 0 -1
    outer loop
      vertex -44.2547 -70.5416 0
      vertex -44.929 -69.9752 0
      vertex -44.0861 -69.5503 0
    endloop
  endfacet
  facet normal 0 0 -1
    outer loop
      vertex -43.7489 -67.5677 0
      vertex -44.2547 -66.1516 0
      vertex -41.8944 -66.1516 0
    endloop
  endfacet
  facet normal 0 0 -1
    outer loop
      vertex -44.2547 -70.5416 0
      vertex -43.2431 -69.4087 0
      vertex -44.0861 -70.9665 0
    endloop
  endfacet
  facet normal 0 0 -1
    outer loop
      vertex -43.0745 -67.9926 0
      vertex -43.7489 -67.5677 0
      vertex -41.8944 -66.1516 0
    endloop
  endfacet
  facet normal 0 0 -1
    outer loop
      vertex -44.7604 -66.5764 0
      vertex -44.2547 -66.1516 0
      vertex -43.7489 -67.5677 0
    endloop
  endfacet
  facet normal 0 0 -1
    outer loop
      vertex -41.8944 -66.1516 0
      vertex -42.9059 -65.0186 0
      vertex -41.8944 -66.0099 0
    endloop
  endfacet
  facet normal 0 -0 -1
    outer loop
      vertex -41.8944 -66.1516 0
      vertex -41.3886 -66.5764 0
      vertex -43.0745 -67.9926 0
    endloop
  endfacet
  facet normal 0 -0 -1
    outer loop
      vertex -42.9059 -65.0186 0
      vertex -41.8944 -66.1516 0
      vertex -44.2547 -66.1516 0
    endloop
  endfacet
  facet normal 0 0 -1
    outer loop
      vertex -42.9059 -65.0186 0
      vertex -44.2547 -66.1516 0
      vertex -44.2547 -66.0099 0
    endloop
  endfacet
  facet normal -0 0 -1
    outer loop
      vertex 29.9598 -48.7703 0
      vertex 28.7628 -49.0069 0
      vertex 31.2976 -47.5874 0
    endloop
  endfacet
  facet normal 0 0 -1
    outer loop
      vertex 21.3696 -35.2853 0
      vertex 30.4526 -43.2698 0
      vertex 30.3822 -43.6247 0
    endloop
  endfacet
  facet normal 0 0 -1
    outer loop
      vertex 21.3696 -35.2853 0
      vertex 21.7921 -34.9895 0
      vertex 25.8055 -35.167 0
    endloop
  endfacet
  facet normal 0 0 -1
    outer loop
      vertex 27.1433 -53.147 0
      vertex 26.58 -52.9696 0
      vertex 26.6505 -52.2599 0
    endloop
  endfacet
  facet normal 0 -0 -1
    outer loop
      vertex 21.9329 -34.6346 0
      vertex 22.5666 -34.4572 0
      vertex 21.7921 -34.9895 0
    endloop
  endfacet
  facet normal 0 0 -1
    outer loop
      vertex 27.9883 -52.733 0
      vertex 26.6505 -52.2599 0
      vertex 28.0587 -51.9641 0
    endloop
  endfacet
  facet normal 0 0 -1
    outer loop
      vertex 10.2448 -33.8066 0
      vertex 10.8784 -32.3871 0
      vertex 11.3009 -33.3335 0
    endloop
  endfacet
  facet normal -0 0 -1
    outer loop
      vertex 13.9765 -34.3981 0
      vertex 8.20284 -58.2335 0
      vertex 10.5264 -34.1023 0
    endloop
  endfacet
  facet normal 0 0 -1
    outer loop
      vertex 8.97736 -32.2097 0
      vertex 10.8784 -32.3871 0
      vertex 10.2448 -33.8066 0
    endloop
  endfacet
  facet normal 0 0 -1
    outer loop
      vertex 18.342 -35.4627 0
      vertex 14.9623 -34.3981 0
      vertex 17.7083 -34.9895 0
    endloop
  endfacet
  facet normal 0 0 -1
    outer loop
      vertex 17.7083 -34.9895 0
      vertex 16.0184 -33.8658 0
      vertex 17.0042 -33.9249 0
    endloop
  endfacet
  facet normal 0 -0 -1
    outer loop
      vertex 19.6798 -35.1078 0
      vertex 21.3696 -35.2853 0
      vertex 18.7645 -35.4627 0
    endloop
  endfacet
  facet normal 0 0 -1
    outer loop
      vertex 21.7921 -34.9895 0
      vertex 22.5666 -34.4572 0
      vertex 24.6085 -34.5164 0
    endloop
  endfacet
  facet normal 0 0 -1
    outer loop
      vertex 37.2825 -40.7266 0
      vertex 38.409 -40.4309 0
      vertex 38.3386 -40.7857 0
    endloop
  endfacet
  facet normal 0 0 -1
    outer loop
      vertex 40.0989 -38.0059 0
      vertex 41.3663 -38.3608 0
      vertex 40.9438 -39.7211 0
    endloop
  endfacet
  facet normal 0 0 -1
    outer loop
      vertex 36.7896 -40.8449 0
      vertex 34.7477 -36.1724 0
      vertex 37.7753 -39.662 0
    endloop
  endfacet
  facet normal 0 0 -1
    outer loop
      vertex 24.6085 -34.5164 0
      vertex 25.3831 -34.7529 0
      vertex 25.8055 -35.167 0
    endloop
  endfacet
  facet normal 0 0 -1
    outer loop
      vertex 32.1425 -36.3498 0
      vertex 33.8324 -36.5864 0
      vertex 33.5507 -41.2589 0
    endloop
  endfacet
  facet normal -0 0 -1
    outer loop
      vertex 38.8315 -38.9522 0
      vertex 37.7753 -39.662 0
      vertex 37.5641 -36.7047 0
    endloop
  endfacet
  facet normal 0 -0 -1
    outer loop
      vertex 39.1132 -37.237 0
      vertex 40.0989 -38.0059 0
      vertex 38.8315 -38.9522 0
    endloop
  endfacet
  facet normal 0 -0 -1
    outer loop
      vertex 34.7477 -36.1724 0
      vertex 36.7896 -40.8449 0
      vertex 33.8324 -36.5864 0
    endloop
  endfacet
  facet normal 0 0 -1
    outer loop
      vertex 33.8324 -36.5864 0
      vertex 34.2548 -36.2316 0
      vertex 34.7477 -36.1724 0
    endloop
  endfacet
  facet normal -0 -0 -1
    outer loop
      vertex 23.3412 -51.9641 0
      vertex 23.7636 -53.147 0
      vertex 22.7779 -51.491 0
    endloop
  endfacet
  facet normal 0 0 -1
    outer loop
      vertex 38.8315 -38.9522 0
      vertex 40.0989 -38.0059 0
      vertex 40.9438 -39.7211 0
    endloop
  endfacet
  facet normal 0 0 -1
    outer loop
      vertex 41.5071 -39.1297 0
      vertex 41.9296 -38.6565 0
      vertex 42 -38.8931 0
    endloop
  endfacet
  facet normal -0 0 -1
    outer loop
      vertex 41.5071 -39.1297 0
      vertex 40.9438 -39.7211 0
      vertex 41.3663 -38.3608 0
    endloop
  endfacet
  facet normal -0 0 -1
    outer loop
      vertex 41.9296 -38.6565 0
      vertex 41.5071 -39.1297 0
      vertex 41.3663 -38.3608 0
    endloop
  endfacet
  facet normal 0 0 -1
    outer loop
      vertex 37.5641 -36.7047 0
      vertex 39.1132 -37.237 0
      vertex 38.8315 -38.9522 0
    endloop
  endfacet
  facet normal 0 0 -1
    outer loop
      vertex 34.7477 -36.1724 0
      vertex 37.5641 -36.7047 0
      vertex 37.7753 -39.662 0
    endloop
  endfacet
  facet normal 0 0 -1
    outer loop
      vertex 32.3537 -44.6302 0
      vertex 30.7343 -43.8613 0
      vertex 31.72 -43.743 0
    endloop
  endfacet
  facet normal 0 0 -1
    outer loop
      vertex 37.2825 -40.7266 0
      vertex 37.7753 -39.662 0
      vertex 38.409 -40.4309 0
    endloop
  endfacet
  facet normal 0 0 -1
    outer loop
      vertex 30.7343 -43.8613 0
      vertex 32.3537 -44.6302 0
      vertex 32.2833 -45.6948 0
    endloop
  endfacet
  facet normal 0 0 -1
    outer loop
      vertex 36.7896 -40.8449 0
      vertex 34.3956 -42.0869 0
      vertex 33.8324 -41.4363 0
    endloop
  endfacet
  facet normal -0 0 -1
    outer loop
      vertex 36.7896 -40.8449 0
      vertex 33.5507 -41.2589 0
      vertex 33.8324 -36.5864 0
    endloop
  endfacet
  facet normal -0 -0 -1
    outer loop
      vertex 30.2414 -36.3498 0
      vertex 31.0863 -42.5009 0
      vertex 26.2984 -35.3444 0
    endloop
  endfacet
  facet normal 0 0 -1
    outer loop
      vertex 36.7896 -40.8449 0
      vertex 33.8324 -41.4363 0
      vertex 33.5507 -41.2589 0
    endloop
  endfacet
  facet normal 0 0 -1
    outer loop
      vertex 34.3956 -42.0869 0
      vertex 33.8324 -42.0278 0
      vertex 33.8324 -41.4363 0
    endloop
  endfacet
  facet normal 0 0 -1
    outer loop
      vertex 32.1425 -36.3498 0
      vertex 33.5507 -41.2589 0
      vertex 32.3537 -41.6729 0
    endloop
  endfacet
  facet normal -0 0 -1
    outer loop
      vertex 31.0863 -42.5009 0
      vertex 30.4526 -43.2698 0
      vertex 26.2984 -35.3444 0
    endloop
  endfacet
  facet normal 0 -0 -1
    outer loop
      vertex 24.5381 -50.8404 0
      vertex 24.679 -51.4318 0
      vertex 24.4677 -51.1953 0
    endloop
  endfacet
  facet normal 0 0 -1
    outer loop
      vertex 30.4526 -43.2698 0
      vertex 21.3696 -35.2853 0
      vertex 26.2984 -35.3444 0
    endloop
  endfacet
  facet normal 0 0 -1
    outer loop
      vertex 25.3127 -51.1361 0
      vertex 24.5381 -50.8404 0
      vertex 25.6647 -51.1361 0
    endloop
  endfacet
  facet normal -0 0 -1
    outer loop
      vertex 27.9883 -52.733 0
      vertex 27.1433 -53.147 0
      vertex 26.6505 -52.2599 0
    endloop
  endfacet
  facet normal 0 0 -1
    outer loop
      vertex 30.7343 -43.8613 0
      vertex 32.2833 -45.6948 0
      vertex 31.2976 -47.5874 0
    endloop
  endfacet
  facet normal -0 -0 -1
    outer loop
      vertex 32.1425 -43.9796 0
      vertex 32.3537 -44.6302 0
      vertex 31.72 -43.743 0
    endloop
  endfacet
  facet normal 0 0 -1
    outer loop
      vertex 23.7636 -53.147 0
      vertex 24.5381 -56.0451 0
      vertex 24.1157 -56.6957 0
    endloop
  endfacet
  facet normal -0 -0 -1
    outer loop
      vertex 30.7343 -43.8613 0
      vertex 31.2976 -47.5874 0
      vertex 30.3822 -43.6247 0
    endloop
  endfacet
  facet normal 0 0 -1
    outer loop
      vertex 25.6647 -51.1361 0
      vertex 24.5381 -50.8404 0
      vertex 24.2565 -50.6629 0
    endloop
  endfacet
  facet normal 0 0 -1
    outer loop
      vertex 27.8474 -50.0715 0
      vertex 27.5658 -50.8995 0
      vertex 25.6647 -51.1361 0
    endloop
  endfacet
  facet normal 0 0 -1
    outer loop
      vertex 25.6647 -51.1361 0
      vertex 24.2565 -50.6629 0
      vertex 27.8474 -50.0715 0
    endloop
  endfacet
  facet normal 0 0 -1
    outer loop
      vertex 27.5658 -50.8995 0
      vertex 26.6505 -52.2599 0
      vertex 26.228 -51.7867 0
    endloop
  endfacet
  facet normal -0 -0 -1
    outer loop
      vertex 23.7636 -52.9105 0
      vertex 23.7636 -53.147 0
      vertex 23.3412 -51.9641 0
    endloop
  endfacet
  facet normal -0 0 -1
    outer loop
      vertex 30.3822 -43.6247 0
      vertex 24.2565 -50.6629 0
      vertex 21.3696 -35.2853 0
    endloop
  endfacet
  facet normal 0 0 -1
    outer loop
      vertex 26.228 -51.7867 0
      vertex 26.1576 -51.4318 0
      vertex 27.5658 -50.8995 0
    endloop
  endfacet
  facet normal -0 0 -1
    outer loop
      vertex 28.7628 -49.0069 0
      vertex 24.2565 -50.6629 0
      vertex 30.3822 -43.6247 0
    endloop
  endfacet
  facet normal 0 0 -1
    outer loop
      vertex 27.5658 -50.8995 0
      vertex 26.1576 -51.4318 0
      vertex 25.6647 -51.1361 0
    endloop
  endfacet
  facet normal 0 0 -1
    outer loop
      vertex 24.2565 -50.6629 0
      vertex 18.7645 -35.4627 0
      vertex 21.3696 -35.2853 0
    endloop
  endfacet
  facet normal 0 0 -1
    outer loop
      vertex 22.7779 -51.491 0
      vertex 18.7645 -35.4627 0
      vertex 24.2565 -50.6629 0
    endloop
  endfacet
  facet normal 0 0 -1
    outer loop
      vertex 18.342 -35.4627 0
      vertex 18.7645 -35.4627 0
      vertex 22.7779 -51.491 0
    endloop
  endfacet
  facet normal -0 0 -1
    outer loop
      vertex 22.7779 -51.491 0
      vertex 8.20284 -58.2335 0
      vertex 13.9765 -34.3981 0
    endloop
  endfacet
  facet normal 0 0 -1
    outer loop
      vertex 28.7628 -49.0069 0
      vertex 27.8474 -50.0715 0
      vertex 24.2565 -50.6629 0
    endloop
  endfacet
  facet normal -0 -0 -1
    outer loop
      vertex 18.342 -35.4627 0
      vertex 22.7779 -51.491 0
      vertex 13.9765 -34.3981 0
    endloop
  endfacet
  facet normal 0 0 -1
    outer loop
      vertex 18.6236 -59.2981 0
      vertex 19.6094 -59.1207 0
      vertex 19.2573 -59.7121 0
    endloop
  endfacet
  facet normal 0 0 -1
    outer loop
      vertex 23.7636 -52.9105 0
      vertex 23.3412 -51.9641 0
      vertex 24.1861 -51.905 0
    endloop
  endfacet
  facet normal -0 0 -1
    outer loop
      vertex 24.1157 -56.6957 0
      vertex 22.8483 -57.9377 0
      vertex 23.7636 -53.147 0
    endloop
  endfacet
  facet normal -0 -0 -1
    outer loop
      vertex 24.679 -52.0824 0
      vertex 24.679 -52.319 0
      vertex 24.1861 -51.905 0
    endloop
  endfacet
  facet normal 0 -0 -1
    outer loop
      vertex 24.1861 -51.905 0
      vertex 24.679 -52.319 0
      vertex 23.7636 -52.9105 0
    endloop
  endfacet
  facet normal 0 0 -1
    outer loop
      vertex 23.7636 -53.147 0
      vertex 24.8198 -54.6848 0
      vertex 24.5381 -56.0451 0
    endloop
  endfacet
  facet normal 0 0 -1
    outer loop
      vertex 17.3562 -64.0297 0
      vertex 18.4124 -61.723 0
      vertex 18.6236 -62.1962 0
    endloop
  endfacet
  facet normal 0 0 -1
    outer loop
      vertex 16.6521 -64.6803 0
      vertex 16.0184 -64.2071 0
      vertex 17.3562 -64.0297 0
    endloop
  endfacet
  facet normal 0 0 -1
    outer loop
      vertex 23.7636 -53.147 0
      vertex 22.8483 -57.9377 0
      vertex 21.8625 -58.4109 0
    endloop
  endfacet
  facet normal 0 0 -1
    outer loop
      vertex 23.7636 -53.147 0
      vertex 21.8625 -58.4109 0
      vertex 20.8064 -58.5884 0
    endloop
  endfacet
  facet normal -0 0 -1
    outer loop
      vertex 23.7636 -53.147 0
      vertex 20.8064 -58.5884 0
      vertex 22.7779 -51.491 0
    endloop
  endfacet
  facet normal 0 0 -1
    outer loop
      vertex 18.8349 -59.7121 0
      vertex 18.6236 -59.2981 0
      vertex 19.2573 -59.7121 0
    endloop
  endfacet
  facet normal 0 0 -1
    outer loop
      vertex 19.6094 -59.1207 0
      vertex 18.2716 -59.0615 0
      vertex 20.8064 -58.5884 0
    endloop
  endfacet
  facet normal 0 0 -1
    outer loop
      vertex 18.2716 -59.0615 0
      vertex 22.7779 -51.491 0
      vertex 20.8064 -58.5884 0
    endloop
  endfacet
  facet normal 0 0 -1
    outer loop
      vertex 17.5675 -59.1798 0
      vertex 22.7779 -51.491 0
      vertex 18.2716 -59.0615 0
    endloop
  endfacet
  facet normal 0 0 -1
    outer loop
      vertex 12.1458 -61.1907 0
      vertex 11.653 -60.9542 0
      vertex 16.9338 -59.653 0
    endloop
  endfacet
  facet normal 0 0 -1
    outer loop
      vertex 16.9338 -59.653 0
      vertex 11.653 -60.9542 0
      vertex 9.9631 -59.8895 0
    endloop
  endfacet
  facet normal 0 0 -1
    outer loop
      vertex 14.8215 -63.2608 0
      vertex 13.9765 -62.8468 0
      vertex 16.793 -60.1261 0
    endloop
  endfacet
  facet normal 0 0 -1
    outer loop
      vertex 12.1458 -61.1907 0
      vertex 16.793 -60.1261 0
      vertex 13.9765 -62.8468 0
    endloop
  endfacet
  facet normal 0 -0 -1
    outer loop
      vertex 18.6236 -62.1962 0
      vertex 18.6236 -62.9651 0
      vertex 17.3562 -64.0297 0
    endloop
  endfacet
  facet normal -0 0 -1
    outer loop
      vertex 15.0327 -66.6321 0
      vertex 14.8919 -66.6912 0
      vertex 15.0327 -66.0998 0
    endloop
  endfacet
  facet normal 0 0 -1
    outer loop
      vertex 15.4551 -63.9114 0
      vertex 17.3562 -64.0297 0
      vertex 16.0184 -64.2071 0
    endloop
  endfacet
  facet normal 0 0 -1
    outer loop
      vertex 16.0184 -64.2071 0
      vertex 16.6521 -64.6803 0
      vertex 16.0888 -64.6803 0
    endloop
  endfacet
  facet normal 0 0 -1
    outer loop
      vertex 17.3562 -64.0297 0
      vertex 15.4551 -63.9114 0
      vertex 18.4124 -61.723 0
    endloop
  endfacet
  facet normal 0 0 -1
    outer loop
      vertex 15.4551 -63.9114 0
      vertex 14.8215 -63.2608 0
      vertex 18.4124 -61.723 0
    endloop
  endfacet
  facet normal 0 0 -1
    outer loop
      vertex 14.8215 -63.2608 0
      vertex 16.793 -60.1261 0
      vertex 18.4124 -61.723 0
    endloop
  endfacet
  facet normal -0 0 -1
    outer loop
      vertex 13.3428 -64.0297 0
      vertex 12.7091 -64.6211 0
      vertex 12.7795 -62.9059 0
    endloop
  endfacet
  facet normal 0 0 -1
    outer loop
      vertex 12.1458 -61.1907 0
      vertex 13.9765 -62.8468 0
      vertex 12.7795 -62.9059 0
    endloop
  endfacet
  facet normal 0 0 -1
    outer loop
      vertex 12.7795 -62.9059 0
      vertex 13.6245 -63.0242 0
      vertex 13.3428 -64.0297 0
    endloop
  endfacet
  facet normal 0 0 -1
    outer loop
      vertex 15.0327 -66.0998 0
      vertex 14.8919 -66.6912 0
      vertex 13.9765 -66.218 0
    endloop
  endfacet
  facet normal -0 0 -1
    outer loop
      vertex 15.0327 -66.0998 0
      vertex 13.9765 -66.218 0
      vertex 13.6949 -65.5675 0
    endloop
  endfacet
  facet normal 0 0 -1
    outer loop
      vertex 13.3428 -64.0297 0
      vertex 15.0327 -66.0998 0
      vertex 13.6949 -65.5675 0
    endloop
  endfacet
  facet normal 0 0 -1
    outer loop
      vertex 13.6949 -65.5675 0
      vertex 12.7091 -64.6211 0
      vertex 13.3428 -64.0297 0
    endloop
  endfacet
  facet normal 0 0 -1
    outer loop
      vertex 12.1458 -61.1907 0
      vertex 16.9338 -59.653 0
      vertex 16.793 -60.1261 0
    endloop
  endfacet
  facet normal 0 0 -1
    outer loop
      vertex 10.5264 -61.2499 0
      vertex 9.9631 -59.8895 0
      vertex 11.653 -60.9542 0
    endloop
  endfacet
  facet normal -0 0 -1
    outer loop
      vertex 16.9338 -59.653 0
      vertex 9.9631 -59.8895 0
      vertex 8.20284 -58.2335 0
    endloop
  endfacet
  facet normal 0 0 -1
    outer loop
      vertex 11.0193 -61.309 0
      vertex 10.5264 -61.2499 0
      vertex 11.653 -60.9542 0
    endloop
  endfacet
  facet normal -0 0 -1
    outer loop
      vertex 2.99245 -61.6047 0
      vertex -0.246429 -62.7285 0
      vertex -1.373 -60.1853 0
    endloop
  endfacet
  facet normal 0 0 -1
    outer loop
      vertex 17.5675 -59.1798 0
      vertex 8.20284 -58.2335 0
      vertex 22.7779 -51.491 0
    endloop
  endfacet
  facet normal 0 0 -1
    outer loop
      vertex 6.37216 -58.7066 0
      vertex 7.78038 -58.2926 0
      vertex 7.21709 -58.6475 0
    endloop
  endfacet
  facet normal 0 0 -1
    outer loop
      vertex -1.51382 -59.0024 0
      vertex 6.02011 -59.4164 0
      vertex 2.99245 -61.6047 0
    endloop
  endfacet
  facet normal 0 0 -1
    outer loop
      vertex -1.51382 -59.0024 0
      vertex 6.37216 -58.7066 0
      vertex 6.02011 -59.4164 0
    endloop
  endfacet
  facet normal 0 0 -1
    outer loop
      vertex 2.99245 -61.6047 0
      vertex -1.373 -60.1853 0
      vertex -1.51382 -59.0024 0
    endloop
  endfacet
  facet normal 0 0 -1
    outer loop
      vertex -1.51382 -59.0024 0
      vertex -1.79547 -58.8249 0
      vertex 6.37216 -58.7066 0
    endloop
  endfacet
  facet normal -0 0 -1
    outer loop
      vertex 2.7108 -63.9114 0
      vertex 0.950531 -64.7986 0
      vertex -0.246429 -62.7285 0
    endloop
  endfacet
  facet normal 0 0 -1
    outer loop
      vertex -8.27325 -58.7658 0
      vertex -9.04778 -57.642 0
      vertex -8.34366 -58.3518 0
    endloop
  endfacet
  facet normal 0 0 -1
    outer loop
      vertex -4.75272 -57.1689 0
      vertex -1.79547 -58.8249 0
      vertex -3.55574 -58.1152 0
    endloop
  endfacet
  facet normal -0 0 -1
    outer loop
      vertex -1.79547 -58.8249 0
      vertex -2.21793 -59.0024 0
      vertex -3.55574 -58.1152 0
    endloop
  endfacet
  facet normal 0 0 -1
    outer loop
      vertex -3.55574 -58.1152 0
      vertex -2.99245 -58.9432 0
      vertex -3.41492 -58.5884 0
    endloop
  endfacet
  facet normal 0 0 -1
    outer loop
      vertex -3.55574 -58.1152 0
      vertex -2.21793 -59.0024 0
      vertex -2.99245 -58.9432 0
    endloop
  endfacet
  facet normal -0 0 -1
    outer loop
      vertex -7.78038 -36.7639 0
      vertex -8.90695 -57.1689 0
      vertex -8.20284 -36.7639 0
    endloop
  endfacet
  facet normal 0 -0 -1
    outer loop
      vertex -11.5121 -36.1133 0
      vertex -10.2448 -36.1133 0
      vertex -12.3571 -36.7639 0
    endloop
  endfacet
  facet normal 0 0 -1
    outer loop
      vertex -11.5121 -36.1133 0
      vertex -12.3571 -36.7639 0
      vertex -11.8642 -36.2316 0
    endloop
  endfacet
  facet normal 0 0 -1
    outer loop
      vertex -19.0461 -38.1834 0
      vertex -17.9899 -37.7693 0
      vertex -17.5675 -37.9468 0
    endloop
  endfacet
  facet normal 0 0 -1
    outer loop
      vertex -9.04778 -57.642 0
      vertex -17.6379 -60.2444 0
      vertex -18.9053 -58.4109 0
    endloop
  endfacet
  facet normal -0 0 -1
    outer loop
      vertex -8.27325 -58.7658 0
      vertex -9.75188 -60.4218 0
      vertex -9.04778 -57.642 0
    endloop
  endfacet
  facet normal 0 0 -1
    outer loop
      vertex -9.04778 -57.642 0
      vertex -9.75188 -60.4218 0
      vertex -11.0897 -61.1316 0
    endloop
  endfacet
  facet normal 0 0 -1
    outer loop
      vertex -17.0042 -61.0724 0
      vertex -11.8642 -61.309 0
      vertex -12.4979 -61.8413 0
    endloop
  endfacet
  facet normal 0 0 -1
    outer loop
      vertex -17.0042 -61.0724 0
      vertex -12.4979 -61.8413 0
      vertex -16.1593 -62.9059 0
    endloop
  endfacet
  facet normal 0 0 -1
    outer loop
      vertex -17.6379 -60.2444 0
      vertex -11.8642 -61.309 0
      vertex -17.0042 -61.0724 0
    endloop
  endfacet
  facet normal 0 0 -1
    outer loop
      vertex -9.04778 -57.642 0
      vertex -11.8642 -61.309 0
      vertex -17.6379 -60.2444 0
    endloop
  endfacet
  facet normal 0 0 -1
    outer loop
      vertex -18.9053 -58.4109 0
      vertex -17.6379 -60.2444 0
      vertex -18.5532 -59.5347 0
    endloop
  endfacet
  facet normal 0 0 -1
    outer loop
      vertex -8.90695 -57.1689 0
      vertex -9.04778 -57.642 0
      vertex -18.9053 -58.4109 0
    endloop
  endfacet
  facet normal 0 0 -1
    outer loop
      vertex -20.1727 -56.814 0
      vertex -18.9053 -58.4109 0
      vertex -19.7502 -57.7012 0
    endloop
  endfacet
  facet normal 0 0 -1
    outer loop
      vertex -20.8064 -54.4482 0
      vertex -20.3839 -53.4428 0
      vertex -20.1727 -56.814 0
    endloop
  endfacet
  facet normal 0 0 -1
    outer loop
      vertex -21.3696 -54.9805 0
      vertex -20.8064 -54.4482 0
      vertex -21.1584 -55.986 0
    endloop
  endfacet
  facet normal 0 -0 -1
    outer loop
      vertex -20.8064 -54.4482 0
      vertex -20.1727 -56.814 0
      vertex -21.1584 -55.986 0
    endloop
  endfacet
  facet normal 0 0 -1
    outer loop
      vertex -20.3839 -53.4428 0
      vertex -18.9053 -58.4109 0
      vertex -20.1727 -56.814 0
    endloop
  endfacet
  facet normal -0 0 -1
    outer loop
      vertex -8.90695 -57.1689 0
      vertex -18.9053 -58.4109 0
      vertex -20.3839 -53.4428 0
    endloop
  endfacet
  facet normal 0 0 -1
    outer loop
      vertex -8.90695 -57.1689 0
      vertex -20.3839 -53.4428 0
      vertex -20.3135 -52.733 0
    endloop
  endfacet
  facet normal 0 0 -1
    outer loop
      vertex -23.2707 -36.1133 0
      vertex -24.3973 -35.2261 0
      vertex -23.9749 -35.4035 0
    endloop
  endfacet
  facet normal 0 0 -1
    outer loop
      vertex -25.7351 -50.7812 0
      vertex -27.2841 -42.915 0
      vertex -27.0025 -42.7375 0
    endloop
  endfacet
  facet normal 0 0 -1
    outer loop
      vertex -24.1861 -52.7922 0
      vertex -22.9891 -52.733 0
      vertex -23.6228 -52.9105 0
    endloop
  endfacet
  facet normal 0 0 -1
    outer loop
      vertex -24.1861 -52.7922 0
      vertex -25.031 -52.0233 0
      vertex -22.9891 -52.733 0
    endloop
  endfacet
  facet normal 0 0 -1
    outer loop
      vertex -24.679 -52.4964 0
      vertex -25.031 -52.0233 0
      vertex -24.1861 -52.7922 0
    endloop
  endfacet
  facet normal 0 0 -1
    outer loop
      vertex -25.031 -52.0233 0
      vertex -25.1718 -51.1361 0
      vertex -22.9891 -52.733 0
    endloop
  endfacet
  facet normal 0 0 -1
    outer loop
      vertex -25.1718 -51.1361 0
      vertex -20.5951 -52.5556 0
      vertex -22.9891 -52.733 0
    endloop
  endfacet
  facet normal 0 0 -1
    outer loop
      vertex -28.974 -44.157 0
      vertex -26.0872 -50.7812 0
      vertex -28.5515 -50.2489 0
    endloop
  endfacet
  facet normal 0 0 -1
    outer loop
      vertex -32.1425 -44.4527 0
      vertex -30.8047 -44.5119 0
      vertex -31.1567 -48.5337 0
    endloop
  endfacet
  facet normal 0 0 -1
    outer loop
      vertex -26.6505 -51.1361 0
      vertex -28.5515 -50.2489 0
      vertex -26.0872 -50.7812 0
    endloop
  endfacet
  facet normal 0 0 -1
    outer loop
      vertex -31.4384 -48.7112 0
      vertex -32.7058 -49.3026 0
      vertex -33.5507 -49.1843 0
    endloop
  endfacet
  facet normal -0 0 -1
    outer loop
      vertex -26.2984 -52.1416 0
      vertex -27.1433 -52.5556 0
      vertex -26.6505 -51.1361 0
    endloop
  endfacet
  facet normal 0 0 -1
    outer loop
      vertex -27.1433 -52.5556 0
      vertex -27.7066 -52.1416 0
      vertex -26.6505 -51.1361 0
    endloop
  endfacet
  facet normal 0 0 -1
    outer loop
      vertex -26.6505 -51.1361 0
      vertex -27.7066 -52.1416 0
      vertex -27.8474 -51.6684 0
    endloop
  endfacet
  facet normal -0 0 -1
    outer loop
      vertex -26.6505 -51.1361 0
      vertex -28.2699 -51.2544 0
      vertex -28.5515 -50.2489 0
    endloop
  endfacet
  facet normal 0 0 -1
    outer loop
      vertex -33.8324 -44.6302 0
      vertex -32.1425 -44.4527 0
      vertex -31.4384 -48.7112 0
    endloop
  endfacet
  facet normal 0 -0 -1
    outer loop
      vertex -32.7058 -44.2753 0
      vertex -32.1425 -44.4527 0
      vertex -33.8324 -44.6302 0
    endloop
  endfacet
  facet normal 0 0 -1
    outer loop
      vertex -41.5775 -50.4264 0
      vertex -41.2255 -49.1252 0
      vertex -38.9723 -49.3618 0
    endloop
  endfacet
  facet normal 0 0 -1
    outer loop
      vertex -32.2129 -50.0715 0
      vertex -31.368 -49.2435 0
      vertex -30.5935 -50.0715 0
    endloop
  endfacet
  facet normal 0 0 -1
    outer loop
      vertex -29.6781 -51.7276 0
      vertex -30.3822 -51.2544 0
      vertex -29.6077 -51.2544 0
    endloop
  endfacet
  facet normal 0 0 -1
    outer loop
      vertex -29.6077 -51.2544 0
      vertex -29.1852 -50.8404 0
      vertex -29.2556 -51.077 0
    endloop
  endfacet
  facet normal -0 0 -1
    outer loop
      vertex -29.1852 -50.8404 0
      vertex -29.6077 -51.2544 0
      vertex -30.5935 -50.0715 0
    endloop
  endfacet
  facet normal 0 0 -1
    outer loop
      vertex -30.3822 -51.2544 0
      vertex -30.5935 -50.0715 0
      vertex -29.6077 -51.2544 0
    endloop
  endfacet
  facet normal 0 0 -1
    outer loop
      vertex -32.2129 -50.0715 0
      vertex -30.5935 -50.0715 0
      vertex -30.3822 -51.2544 0
    endloop
  endfacet
  facet normal 0 0 -1
    outer loop
      vertex -32.7058 -49.3026 0
      vertex -31.368 -49.2435 0
      vertex -32.2129 -50.0715 0
    endloop
  endfacet
  facet normal -0 0 -1
    outer loop
      vertex -31.368 -49.2435 0
      vertex -32.7058 -49.3026 0
      vertex -31.4384 -48.7112 0
    endloop
  endfacet
  facet normal 0 0 -1
    outer loop
      vertex -35.5926 -45.5765 0
      vertex -33.5507 -49.1843 0
      vertex -34.5365 -49.6575 0
    endloop
  endfacet
  facet normal 0 0 -1
    outer loop
      vertex -41.0847 -52.4964 0
      vertex -42 -51.3135 0
      vertex -41.5775 -50.4264 0
    endloop
  endfacet
  facet normal -0 0 -1
    outer loop
      vertex -37.3529 -51.1361 0
      vertex -38.5499 -52.6147 0
      vertex -38.9723 -49.3618 0
    endloop
  endfacet
  facet normal 0 0 -1
    outer loop
      vertex -37.1416 -46.5228 0
      vertex -36.5784 -45.9905 0
      vertex -35.7334 -49.5983 0
    endloop
  endfacet
  facet normal -0 0 -1
    outer loop
      vertex -36.0855 -50.3081 0
      vertex -37.3529 -51.1361 0
      vertex -38.1978 -49.3026 0
    endloop
  endfacet
  facet normal 0 0 -1
    outer loop
      vertex -37.3529 -51.1361 0
      vertex -37.7753 -52.1416 0
      vertex -38.5499 -52.6147 0
    endloop
  endfacet
  facet normal 0 0 -1
    outer loop
      vertex -41.0847 -52.4964 0
      vertex -38.5499 -52.6147 0
      vertex -40.451 -53.0288 0
    endloop
  endfacet
  facet normal 0 0 -1
    outer loop
      vertex -38.9723 -49.3618 0
      vertex -41.0847 -52.4964 0
      vertex -41.5775 -50.4264 0
    endloop
  endfacet
  facet normal -0 0 -1
    outer loop
      vertex -32.565 -41.9095 0
      vertex -34.0436 -42.3235 0
      vertex -34.8885 -41.2589 0
    endloop
  endfacet
  facet normal 0 0 -1
    outer loop
      vertex -38.5499 -52.6147 0
      vertex -41.0847 -52.4964 0
      vertex -38.9723 -49.3618 0
    endloop
  endfacet
  facet normal 0 0 -1
    outer loop
      vertex -41.6479 -49.3618 0
      vertex -41.2255 -49.1252 0
      vertex -41.5775 -50.4264 0
    endloop
  endfacet
  facet normal 0 0 -1
    outer loop
      vertex -36.0151 -49.8941 0
      vertex -38.1978 -49.3026 0
      vertex -37.8458 -48.8295 0
    endloop
  endfacet
  facet normal 0 0 -1
    outer loop
      vertex -36.0151 -49.8941 0
      vertex -37.8458 -48.8295 0
      vertex -35.7334 -49.5983 0
    endloop
  endfacet
  facet normal 0 0 -1
    outer loop
      vertex -37.3529 -51.1361 0
      vertex -38.9723 -49.3618 0
      vertex -38.1978 -49.3026 0
    endloop
  endfacet
  facet normal 0 0 -1
    outer loop
      vertex -37.8458 -48.8295 0
      vertex -37.8458 -48.0606 0
      vertex -35.7334 -49.5983 0
    endloop
  endfacet
  facet normal 0 -0 -1
    outer loop
      vertex -37.1416 -46.5228 0
      vertex -35.7334 -49.5983 0
      vertex -37.8458 -48.0606 0
    endloop
  endfacet
  facet normal 0 0 -1
    outer loop
      vertex -37.8458 -48.0606 0
      vertex -39.1132 -46.996 0
      vertex -38.409 -46.5819 0
    endloop
  endfacet
  facet normal 0 -0 -1
    outer loop
      vertex -35.0997 -44.985 0
      vertex -33.8324 -44.6302 0
      vertex -35.5926 -45.5765 0
    endloop
  endfacet
  facet normal -0 0 -1
    outer loop
      vertex -31.4384 -48.7112 0
      vertex -33.5507 -49.1843 0
      vertex -33.8324 -44.6302 0
    endloop
  endfacet
  facet normal 0 -0 -1
    outer loop
      vertex -35.5926 -45.5765 0
      vertex -34.5365 -49.6575 0
      vertex -35.7334 -49.5983 0
    endloop
  endfacet
  facet normal 0 -0 -1
    outer loop
      vertex -33.8324 -44.6302 0
      vertex -33.5507 -49.1843 0
      vertex -35.5926 -45.5765 0
    endloop
  endfacet
  facet normal 0 -0 -1
    outer loop
      vertex -32.8466 -43.0332 0
      vertex -32.565 -43.5064 0
      vertex -33.6211 -43.9796 0
    endloop
  endfacet
  facet normal 0 0 -1
    outer loop
      vertex -33.5507 -43.0332 0
      vertex -33.6211 -43.9796 0
      vertex -33.8324 -43.329 0
    endloop
  endfacet
  facet normal 0 0 -1
    outer loop
      vertex -32.7058 -44.2753 0
      vertex -33.8324 -44.6302 0
      vertex -33.6211 -44.3936 0
    endloop
  endfacet
  facet normal 0 0 -1
    outer loop
      vertex -33.6211 -43.9796 0
      vertex -32.565 -43.5064 0
      vertex -32.7058 -44.2753 0
    endloop
  endfacet
  facet normal 0 0 -1
    outer loop
      vertex -33.8324 -43.743 0
      vertex -33.8324 -43.329 0
      vertex -33.6211 -43.9796 0
    endloop
  endfacet
  facet normal 0 0 -1
    outer loop
      vertex -32.1425 -44.4527 0
      vertex -31.5088 -44.2753 0
      vertex -30.8047 -44.5119 0
    endloop
  endfacet
  facet normal 0 -0 -1
    outer loop
      vertex -27.9883 -42.8558 0
      vertex -27.2841 -42.915 0
      vertex -28.974 -44.157 0
    endloop
  endfacet
  facet normal 0 0 -1
    outer loop
      vertex -27.8474 -41.0815 0
      vertex -27.9178 -40.49 0
      vertex -26.8617 -41.732 0
    endloop
  endfacet
  facet normal 0 0 -1
    outer loop
      vertex -31.1567 -48.5337 0
      vertex -30.8047 -44.5119 0
      vertex -29.2556 -44.2753 0
    endloop
  endfacet
  facet normal 0 0 -1
    outer loop
      vertex -22.0033 -38.0651 0
      vertex -23.2707 -36.1133 0
      vertex -21.5809 -36.5864 0
    endloop
  endfacet
  facet normal 0 0 -1
    outer loop
      vertex -32.565 -41.9095 0
      vertex -29.9598 -42.3235 0
      vertex -31.72 -43.5656 0
    endloop
  endfacet
  facet normal -0 0 -1
    outer loop
      vertex -29.2556 -44.2753 0
      vertex -30.8047 -44.5119 0
      vertex -29.8893 -44.2161 0
    endloop
  endfacet
  facet normal 0 0 -1
    outer loop
      vertex -33.6211 -43.9796 0
      vertex -32.7058 -44.2753 0
      vertex -33.6211 -44.3936 0
    endloop
  endfacet
  facet normal 0 0 -1
    outer loop
      vertex -31.4384 -48.7112 0
      vertex -32.1425 -44.4527 0
      vertex -31.1567 -48.5337 0
    endloop
  endfacet
  facet normal 0 0 -1
    outer loop
      vertex -28.5515 -50.2489 0
      vertex -31.1567 -48.5337 0
      vertex -29.2556 -44.2753 0
    endloop
  endfacet
  facet normal 0 0 -1
    outer loop
      vertex -29.2556 -44.2753 0
      vertex -28.974 -44.157 0
      vertex -28.5515 -50.2489 0
    endloop
  endfacet
  facet normal -0 0 -1
    outer loop
      vertex -29.1148 -41.6729 0
      vertex -29.9598 -42.3235 0
      vertex -29.6781 -40.8449 0
    endloop
  endfacet
  facet normal 0 0 -1
    outer loop
      vertex -28.974 -44.157 0
      vertex -25.7351 -50.7812 0
      vertex -26.0872 -50.7812 0
    endloop
  endfacet
  facet normal 0 0 -1
    outer loop
      vertex -27.9883 -42.8558 0
      vertex -27.4954 -42.7967 0
      vertex -27.2841 -42.915 0
    endloop
  endfacet
  facet normal 0 0 -1
    outer loop
      vertex -29.6781 -40.8449 0
      vertex -29.9598 -42.3235 0
      vertex -32.565 -41.9095 0
    endloop
  endfacet
  facet normal 0 0 -1
    outer loop
      vertex -25.7351 -50.7812 0
      vertex -28.974 -44.157 0
      vertex -27.2841 -42.915 0
    endloop
  endfacet
  facet normal 0 0 -1
    outer loop
      vertex -29.4669 -40.1351 0
      vertex -33.0578 -39.4254 0
      vertex -30.9455 -37.4145 0
    endloop
  endfacet
  facet normal 0 0 -1
    outer loop
      vertex -25.1718 -51.1361 0
      vertex -25.7351 -50.7812 0
      vertex -27.0025 -42.7375 0
    endloop
  endfacet
  facet normal 0 0 -1
    outer loop
      vertex -25.1718 -51.1361 0
      vertex -27.0025 -42.7375 0
      vertex -21.2992 -39.1888 0
    endloop
  endfacet
  facet normal 0 0 -1
    outer loop
      vertex -19.891 -37.8285 0
      vertex -20.1727 -37.1779 0
      vertex -19.891 -37.4145 0
    endloop
  endfacet
  facet normal 0 0 -1
    outer loop
      vertex -27.1433 -42.1461 0
      vertex -26.8617 -41.732 0
      vertex -27.0025 -42.7375 0
    endloop
  endfacet
  facet normal 0 -0 -1
    outer loop
      vertex -24.3973 -35.2261 0
      vertex -23.2707 -36.1133 0
      vertex -26.2984 -38.4791 0
    endloop
  endfacet
  facet normal 0 0 -1
    outer loop
      vertex -27.9178 -40.49 0
      vertex -27.6362 -39.8986 0
      vertex -26.8617 -41.732 0
    endloop
  endfacet
  facet normal 0 0 -1
    outer loop
      vertex -34.8885 -41.2589 0
      vertex -34.0436 -42.3235 0
      vertex -34.8181 -41.9095 0
    endloop
  endfacet
  facet normal 0 0 -1
    outer loop
      vertex -27.6362 -39.8986 0
      vertex -26.2984 -38.8931 0
      vertex -26.8617 -41.732 0
    endloop
  endfacet
  facet normal 0 0 -1
    outer loop
      vertex -21.2288 -38.1834 0
      vertex -22.0033 -38.0651 0
      vertex -21.5809 -36.5864 0
    endloop
  endfacet
  facet normal 0 0 -1
    outer loop
      vertex -26.2984 -38.4791 0
      vertex -25.1718 -35.1078 0
      vertex -24.3973 -35.2261 0
    endloop
  endfacet
  facet normal -0 0 -1
    outer loop
      vertex -26.6505 -38.2425 0
      vertex -27.4954 -38.3608 0
      vertex -26.9321 -35.2261 0
    endloop
  endfacet
  facet normal 0 0 -1
    outer loop
      vertex -28.7628 -35.7584 0
      vertex -30.9455 -37.4145 0
      vertex -31.0159 -36.823 0
    endloop
  endfacet
  facet normal 0 0 -1
    outer loop
      vertex -32.565 -41.9095 0
      vertex -34.6069 -40.1943 0
      vertex -33.0578 -39.4254 0
    endloop
  endfacet
  facet normal 0 0 -1
    outer loop
      vertex -27.9883 -39.0705 0
      vertex -30.9455 -37.4145 0
      vertex -27.4954 -38.3608 0
    endloop
  endfacet
  facet normal -0 0 -1
    outer loop
      vertex -29.6781 -40.8449 0
      vertex -32.565 -41.9095 0
      vertex -33.0578 -39.4254 0
    endloop
  endfacet
  facet normal 0 0 -1
    outer loop
      vertex -31.72 -43.5656 0
      vertex -29.9598 -42.3235 0
      vertex -30.2414 -43.2107 0
    endloop
  endfacet
  facet normal 0 0 -1
    outer loop
      vertex -31.368 -43.8021 0
      vertex -31.72 -43.5656 0
      vertex -30.2414 -43.2107 0
    endloop
  endfacet
  facet normal 0 0 -1
    outer loop
      vertex -32.565 -41.9095 0
      vertex -34.8885 -41.2589 0
      vertex -34.6069 -40.1943 0
    endloop
  endfacet
  facet normal 0 0 -1
    outer loop
      vertex -29.6781 -40.8449 0
      vertex -33.0578 -39.4254 0
      vertex -29.4669 -40.1351 0
    endloop
  endfacet
  facet normal 0 0 -1
    outer loop
      vertex -29.4669 -40.1351 0
      vertex -30.9455 -37.4145 0
      vertex -27.9883 -39.0705 0
    endloop
  endfacet
  facet normal 0 0 -1
    outer loop
      vertex -27.4954 -38.3608 0
      vertex -30.9455 -37.4145 0
      vertex -28.7628 -35.7584 0
    endloop
  endfacet
  facet normal 0 0 -1
    outer loop
      vertex -27.4954 -38.3608 0
      vertex -28.7628 -35.7584 0
      vertex -26.9321 -35.2261 0
    endloop
  endfacet
  facet normal 0 0 -1
    outer loop
      vertex -26.6505 -38.2425 0
      vertex -26.9321 -35.2261 0
      vertex -25.1718 -35.1078 0
    endloop
  endfacet
  facet normal 0 0 -1
    outer loop
      vertex -20.5951 -52.5556 0
      vertex -17.5675 -37.9468 0
      vertex -20.3135 -52.733 0
    endloop
  endfacet
  facet normal 0 0 -1
    outer loop
      vertex 6.79463 -31.6182 0
      vertex 7.63956 -31.5591 0
      vertex 8.97736 -32.2097 0
    endloop
  endfacet
  facet normal 0 0 -1
    outer loop
      vertex -26.6505 -38.2425 0
      vertex -25.1718 -35.1078 0
      vertex -26.2984 -38.4791 0
    endloop
  endfacet
  facet normal 0 0 -1
    outer loop
      vertex -20.1727 -37.1779 0
      vertex -19.891 -37.8285 0
      vertex -20.1022 -38.0651 0
    endloop
  endfacet
  facet normal -0 0 -1
    outer loop
      vertex 10.5264 -34.1023 0
      vertex 7.78038 -58.2926 0
      vertex 0.739304 -33.9841 0
    endloop
  endfacet
  facet normal 0 -0 -1
    outer loop
      vertex -20.1727 -37.1779 0
      vertex -20.1022 -38.0651 0
      vertex -21.2288 -38.1834 0
    endloop
  endfacet
  facet normal 0 0 -1
    outer loop
      vertex -6.51299 -35.581 0
      vertex -5.87929 -35.0487 0
      vertex -4.33025 -35.4035 0
    endloop
  endfacet
  facet normal 0 0 -1
    outer loop
      vertex -26.2984 -38.4791 0
      vertex -22.1442 -38.1834 0
      vertex -26.2984 -38.8931 0
    endloop
  endfacet
  facet normal 0 -0 -1
    outer loop
      vertex -10.2448 -36.1133 0
      vertex -8.20284 -36.7639 0
      vertex -12.3571 -36.7639 0
    endloop
  endfacet
  facet normal 0 0 -1
    outer loop
      vertex -21.2992 -39.1888 0
      vertex -20.0318 -38.4791 0
      vertex -19.0461 -38.1834 0
    endloop
  endfacet
  facet normal 0 0 -1
    outer loop
      vertex -18.8349 -37.8876 0
      vertex -18.9053 -37.237 0
      vertex -17.9899 -37.7693 0
    endloop
  endfacet
  facet normal 0 0 -1
    outer loop
      vertex -18.9053 -37.237 0
      vertex -18.6236 -37.0004 0
      vertex -17.9899 -37.7693 0
    endloop
  endfacet
  facet normal 0 0 -1
    outer loop
      vertex -21.2992 -39.1888 0
      vertex -17.5675 -37.9468 0
      vertex -20.5951 -52.5556 0
    endloop
  endfacet
  facet normal -0 0 -1
    outer loop
      vertex -21.9329 -38.8931 0
      vertex -26.8617 -41.732 0
      vertex -26.2984 -38.8931 0
    endloop
  endfacet
  facet normal 0 0 -1
    outer loop
      vertex -26.2984 -38.4791 0
      vertex -23.2707 -36.1133 0
      vertex -22.1442 -38.1834 0
    endloop
  endfacet
  facet normal 0 0 -1
    outer loop
      vertex -21.5809 -36.5864 0
      vertex -20.1727 -37.1779 0
      vertex -21.2288 -38.1834 0
    endloop
  endfacet
  facet normal 0 0 -1
    outer loop
      vertex -22.1442 -38.1834 0
      vertex -23.2707 -36.1133 0
      vertex -22.0033 -38.0651 0
    endloop
  endfacet
  facet normal 0 0 -1
    outer loop
      vertex -21.9329 -38.8931 0
      vertex -26.2984 -38.8931 0
      vertex -22.1442 -38.1834 0
    endloop
  endfacet
  facet normal 0 0 -1
    outer loop
      vertex -27.0025 -42.7375 0
      vertex -26.8617 -41.732 0
      vertex -21.2992 -39.1888 0
    endloop
  endfacet
  facet normal -0 0 -1
    outer loop
      vertex -21.2992 -39.1888 0
      vertex -26.8617 -41.732 0
      vertex -21.9329 -38.8931 0
    endloop
  endfacet
  facet normal 0 0 -1
    outer loop
      vertex -25.1718 -51.1361 0
      vertex -21.2992 -39.1888 0
      vertex -20.5951 -52.5556 0
    endloop
  endfacet
  facet normal 0 0 -1
    outer loop
      vertex -17.5675 -37.9468 0
      vertex -21.2992 -39.1888 0
      vertex -19.0461 -38.1834 0
    endloop
  endfacet
  facet normal 0 0 -1
    outer loop
      vertex -18.2012 -37.0004 0
      vertex -17.9195 -37.1779 0
      vertex -17.9899 -37.7693 0
    endloop
  endfacet
  facet normal 0 0 -1
    outer loop
      vertex -15.6664 -37.1779 0
      vertex -20.3135 -52.733 0
      vertex -17.5675 -37.9468 0
    endloop
  endfacet
  facet normal 0 0 -1
    outer loop
      vertex -18.6236 -37.0004 0
      vertex -18.2012 -37.0004 0
      vertex -17.9899 -37.7693 0
    endloop
  endfacet
  facet normal 0 -0 -1
    outer loop
      vertex -15.6664 -37.1779 0
      vertex -12.3571 -36.7639 0
      vertex -20.3135 -52.733 0
    endloop
  endfacet
  facet normal 0 -0 -1
    outer loop
      vertex -18.8349 -37.8876 0
      vertex -17.9899 -37.7693 0
      vertex -19.0461 -38.1834 0
    endloop
  endfacet
  facet normal 0 0 -1
    outer loop
      vertex -6.86504 -57.228 0
      vertex -8.90695 -57.1689 0
      vertex -7.78038 -36.7639 0
    endloop
  endfacet
  facet normal 0 -0 -1
    outer loop
      vertex -12.3571 -36.7639 0
      vertex -8.90695 -57.1689 0
      vertex -20.3135 -52.733 0
    endloop
  endfacet
  facet normal -0 0 -1
    outer loop
      vertex -8.20284 -36.7639 0
      vertex -8.90695 -57.1689 0
      vertex -12.3571 -36.7639 0
    endloop
  endfacet
  facet normal 0 0 -1
    outer loop
      vertex -4.33025 -35.4035 0
      vertex -5.31601 -34.8121 0
      vertex -4.82312 -34.8712 0
    endloop
  endfacet
  facet normal 0 -0 -1
    outer loop
      vertex -0.880127 -34.1615 0
      vertex 0.739304 -33.9841 0
      vertex -2.85162 -35.2261 0
    endloop
  endfacet
  facet normal 0 0 -1
    outer loop
      vertex -6.86504 -57.228 0
      vertex -7.78038 -36.7639 0
      vertex -5.17519 -57.0506 0
    endloop
  endfacet
  facet normal 0 0 -1
    outer loop
      vertex -5.17519 -57.0506 0
      vertex -7.28751 -36.5864 0
      vertex -4.75272 -57.1689 0
    endloop
  endfacet
  facet normal 0 0 -1
    outer loop
      vertex -7.28751 -36.5864 0
      vertex -6.51299 -35.581 0
      vertex -4.33025 -35.4035 0
    endloop
  endfacet
  facet normal 0 -0 -1
    outer loop
      vertex -5.31601 -34.8121 0
      vertex -4.33025 -35.4035 0
      vertex -5.87929 -35.0487 0
    endloop
  endfacet
  facet normal 0 -0 -1
    outer loop
      vertex -4.33025 -35.4035 0
      vertex -2.85162 -35.2261 0
      vertex -7.28751 -36.5864 0
    endloop
  endfacet
  facet normal 0 -0 -1
    outer loop
      vertex 0.739304 -33.9841 0
      vertex 6.37216 -58.7066 0
      vertex -2.85162 -35.2261 0
    endloop
  endfacet
  facet normal 0 -0 -1
    outer loop
      vertex -2.85162 -35.2261 0
      vertex 6.37216 -58.7066 0
      vertex -4.75272 -57.1689 0
    endloop
  endfacet
  facet normal 0 0 -1
    outer loop
      vertex 0.739304 -33.9841 0
      vertex 7.78038 -58.2926 0
      vertex 6.37216 -58.7066 0
    endloop
  endfacet
  facet normal 0 -0 -1
    outer loop
      vertex 4.82312 -32.6829 0
      vertex 10.5264 -34.1023 0
      vertex 0.739304 -33.9841 0
    endloop
  endfacet
  facet normal 0 -0 -1
    outer loop
      vertex 2.14752 -33.0969 0
      vertex 4.82312 -32.6829 0
      vertex 0.739304 -33.9841 0
    endloop
  endfacet
  facet normal -0 0 -1
    outer loop
      vertex 8.97736 -32.2097 0
      vertex 4.82312 -32.6829 0
      vertex 6.79463 -31.6182 0
    endloop
  endfacet
  facet normal -0 -0 -1
    outer loop
      vertex 10.2448 -33.8066 0
      vertex 10.5264 -34.1023 0
      vertex 4.82312 -32.6829 0
    endloop
  endfacet
  facet normal 0.972805 -0.231627 0
    outer loop
      vertex 5.14195 -70.4 0.6
      vertex 5.31055 -69.6919 0
      vertex 5.31055 -69.6919 0.6
    endloop
  endfacet
  facet normal 0.972805 -0.231627 0
    outer loop
      vertex 5.14195 -70.4 0.6
      vertex 5.14195 -70.4 0
      vertex 5.31055 -69.6919 0
    endloop
  endfacet
  facet normal 0.89076 -0.454474 0
    outer loop
      vertex 4.63618 -71.3913 0.6
      vertex 5.14195 -70.4 0
      vertex 5.14195 -70.4 0.6
    endloop
  endfacet
  facet normal 0.89076 -0.454474 0
    outer loop
      vertex 4.63618 -71.3913 0.6
      vertex 4.63618 -71.3913 0
      vertex 5.14195 -70.4 0
    endloop
  endfacet
  facet normal 0.859301 -0.51147 0
    outer loop
      vertex 3.28748 -73.6572 0.6
      vertex 4.63618 -71.3913 0
      vertex 4.63618 -71.3913 0.6
    endloop
  endfacet
  facet normal 0.859301 -0.51147 0
    outer loop
      vertex 3.28748 -73.6572 0.6
      vertex 3.28748 -73.6572 0
      vertex 4.63618 -71.3913 0
    endloop
  endfacet
  facet normal 0.783279 -0.62167 0
    outer loop
      vertex 2.27594 -74.9317 0.6
      vertex 3.28748 -73.6572 0
      vertex 3.28748 -73.6572 0.6
    endloop
  endfacet
  facet normal 0.783279 -0.62167 0
    outer loop
      vertex 2.27594 -74.9317 0.6
      vertex 2.27594 -74.9317 0
      vertex 3.28748 -73.6572 0
    endloop
  endfacet
  facet normal 0.849476 -0.527628 0
    outer loop
      vertex 0.252884 -78.1888 0.6
      vertex 2.27594 -74.9317 0
      vertex 2.27594 -74.9317 0.6
    endloop
  endfacet
  facet normal 0.849476 -0.527628 0
    outer loop
      vertex 0.252884 -78.1888 0.6
      vertex 0.252884 -78.1888 0
      vertex 2.27594 -74.9317 0
    endloop
  endfacet
  facet normal 0.929494 -0.368837 0
    outer loop
      vertex -0.0842896 -79.0385 0.6
      vertex 0.252884 -78.1888 0
      vertex 0.252884 -78.1888 0.6
    endloop
  endfacet
  facet normal 0.929494 -0.368837 0
    outer loop
      vertex -0.0842896 -79.0385 0.6
      vertex -0.0842896 -79.0385 0
      vertex 0.252884 -78.1888 0
    endloop
  endfacet
  facet normal 1 -0 0
    outer loop
      vertex -0.0842896 -80.1714 0.6
      vertex -0.0842896 -79.0385 0
      vertex -0.0842896 -79.0385 0.6
    endloop
  endfacet
  facet normal 1 0 0
    outer loop
      vertex -0.0842896 -80.1714 0.6
      vertex -0.0842896 -80.1714 0
      vertex -0.0842896 -79.0385 0
    endloop
  endfacet
  facet normal 0.643225 0.765678 0
    outer loop
      vertex 0.590057 -80.7379 0.6
      vertex -0.0842896 -80.1714 0
      vertex -0.0842896 -80.1714 0.6
    endloop
  endfacet
  facet normal 0.643225 0.765678 0
    outer loop
      vertex 0.590057 -80.7379 0.6
      vertex 0.590057 -80.7379 0
      vertex -0.0842896 -80.1714 0
    endloop
  endfacet
  facet normal 0.450033 -0.893012 0
    outer loop
      vertex -0.252884 -81.1627 0.6
      vertex 0.590057 -80.7379 0
      vertex 0.590057 -80.7379 0.6
    endloop
  endfacet
  facet normal 0.450033 -0.893012 0
    outer loop
      vertex -0.252884 -81.1627 0.6
      vertex -0.252884 -81.1627 0
      vertex 0.590057 -80.7379 0
    endloop
  endfacet
  facet normal 0.269647 -0.962959 0
    outer loop
      vertex -2.27596 -81.7292 0.6
      vertex -0.252884 -81.1627 0
      vertex -0.252884 -81.1627 0.6
    endloop
  endfacet
  facet normal 0.269647 -0.962959 0
    outer loop
      vertex -2.27596 -81.7292 0.6
      vertex -2.27596 -81.7292 0
      vertex -0.252884 -81.1627 0
    endloop
  endfacet
  facet normal 0.450034 -0.893012 0
    outer loop
      vertex -3.1189 -82.154 0.6
      vertex -2.27596 -81.7292 0
      vertex -2.27596 -81.7292 0.6
    endloop
  endfacet
  facet normal 0.450034 -0.893012 0
    outer loop
      vertex -3.1189 -82.154 0.6
      vertex -3.1189 -82.154 0
      vertex -2.27596 -81.7292 0
    endloop
  endfacet
  facet normal -0.946733 0.322021 0
    outer loop
      vertex -2.78172 -81.1627 0.6
      vertex -3.1189 -82.154 0
      vertex -3.1189 -82.154 0.6
    endloop
  endfacet
  facet normal -0.946733 0.322021 0
    outer loop
      vertex -2.78172 -81.1627 0.6
      vertex -2.78172 -81.1627 0
      vertex -3.1189 -82.154 0
    endloop
  endfacet
  facet normal -0.643139 0.765749 0
    outer loop
      vertex -2.44453 -80.8795 0.6
      vertex -2.78172 -81.1627 0
      vertex -2.78172 -81.1627 0.6
    endloop
  endfacet
  facet normal -0.643139 0.765749 0
    outer loop
      vertex -2.44453 -80.8795 0.6
      vertex -2.44453 -80.8795 0
      vertex -2.78172 -81.1627 0
    endloop
  endfacet
  facet normal -0.890764 0.454467 0
    outer loop
      vertex -1.93877 -79.8882 0.6
      vertex -2.44453 -80.8795 0
      vertex -2.44453 -80.8795 0.6
    endloop
  endfacet
  facet normal -0.890764 0.454467 0
    outer loop
      vertex -1.93877 -79.8882 0.6
      vertex -1.93877 -79.8882 0
      vertex -2.44453 -80.8795 0
    endloop
  endfacet
  facet normal -0.78328 0.62167 0
    outer loop
      vertex -0.927231 -78.6137 0.6
      vertex -1.93877 -79.8882 0
      vertex -1.93877 -79.8882 0.6
    endloop
  endfacet
  facet normal -0.78328 0.62167 0
    outer loop
      vertex -0.927231 -78.6137 0.6
      vertex -0.927231 -78.6137 0
      vertex -1.93877 -79.8882 0
    endloop
  endfacet
  facet normal -0.859302 0.511468 0
    outer loop
      vertex -0.0842896 -77.1975 0.6
      vertex -0.927231 -78.6137 0
      vertex -0.927231 -78.6137 0.6
    endloop
  endfacet
  facet normal -0.859302 0.511468 0
    outer loop
      vertex -0.0842896 -77.1975 0.6
      vertex -0.0842896 -77.1975 0
      vertex -0.927231 -78.6137 0
    endloop
  endfacet
  facet normal -0.901081 -0.433652 0
    outer loop
      vertex -3.28749 -70.5416 0.6
      vertex -0.0842896 -77.1975 0
      vertex -0.0842896 -77.1975 0.6
    endloop
  endfacet
  facet normal -0.901081 -0.433652 -0
    outer loop
      vertex -3.28749 -70.5416 0.6
      vertex -3.28749 -70.5416 0
      vertex -0.0842896 -77.1975 0
    endloop
  endfacet
  facet normal -0.859275 -0.511514 0
    outer loop
      vertex -3.62466 -69.9752 0.6
      vertex -3.28749 -70.5416 0
      vertex -3.28749 -70.5416 0.6
    endloop
  endfacet
  facet normal -0.859275 -0.511514 -0
    outer loop
      vertex -3.62466 -69.9752 0.6
      vertex -3.62466 -69.9752 0
      vertex -3.28749 -70.5416 0
    endloop
  endfacet
  facet normal -0.643239 -0.765665 0
    outer loop
      vertex -4.13043 -69.5503 0.6
      vertex -3.62466 -69.9752 0
      vertex -3.62466 -69.9752 0.6
    endloop
  endfacet
  facet normal -0.643239 -0.765665 -0
    outer loop
      vertex -4.13043 -69.5503 0.6
      vertex -4.13043 -69.5503 0
      vertex -3.62466 -69.9752 0
    endloop
  endfacet
  facet normal -0.0983344 0.995153 0
    outer loop
      vertex -1.26442 -69.2671 0.6
      vertex -4.13043 -69.5503 0
      vertex -4.13043 -69.5503 0.6
    endloop
  endfacet
  facet normal -0.0983344 0.995153 0
    outer loop
      vertex -1.26442 -69.2671 0.6
      vertex -1.26442 -69.2671 0
      vertex -4.13043 -69.5503 0
    endloop
  endfacet
  facet normal 0.205495 0.978658 0
    outer loop
      vertex -0.590057 -69.4087 0.6
      vertex -1.26442 -69.2671 0
      vertex -1.26442 -69.2671 0.6
    endloop
  endfacet
  facet normal 0.205495 0.978658 0
    outer loop
      vertex -0.590057 -69.4087 0.6
      vertex -0.590057 -69.4087 0
      vertex -1.26442 -69.2671 0
    endloop
  endfacet
  facet normal 0.985844 -0.167667 0
    outer loop
      vertex -0.758652 -70.4 0.6
      vertex -0.590057 -69.4087 0
      vertex -0.590057 -69.4087 0.6
    endloop
  endfacet
  facet normal 0.985844 -0.167667 0
    outer loop
      vertex -0.758652 -70.4 0.6
      vertex -0.758652 -70.4 0
      vertex -0.590057 -69.4087 0
    endloop
  endfacet
  facet normal 0.958455 0.285244 0
    outer loop
      vertex -0.590057 -70.9665 0.6
      vertex -0.758652 -70.4 0
      vertex -0.758652 -70.4 0.6
    endloop
  endfacet
  facet normal 0.958455 0.285244 0
    outer loop
      vertex -0.590057 -70.9665 0.6
      vertex -0.590057 -70.9665 0
      vertex -0.758652 -70.4 0
    endloop
  endfacet
  facet normal 0.913137 0.407653 0
    outer loop
      vertex 0.927231 -74.3652 0.6
      vertex -0.590057 -70.9665 0
      vertex -0.590057 -70.9665 0.6
    endloop
  endfacet
  facet normal 0.913137 0.407653 0
    outer loop
      vertex 0.927231 -74.3652 0.6
      vertex 0.927231 -74.3652 0
      vertex -0.590057 -70.9665 0
    endloop
  endfacet
  facet normal 0.643296 0.765618 0
    outer loop
      vertex 1.2644 -74.6485 0.6
      vertex 0.927231 -74.3652 0
      vertex 0.927231 -74.3652 0.6
    endloop
  endfacet
  facet normal 0.643296 0.765618 0
    outer loop
      vertex 1.2644 -74.6485 0.6
      vertex 1.2644 -74.6485 0
      vertex 0.927231 -74.3652 0
    endloop
  endfacet
  facet normal -0.488694 0.872455 0
    outer loop
      vertex 1.77017 -74.3652 0.6
      vertex 1.2644 -74.6485 0
      vertex 1.2644 -74.6485 0.6
    endloop
  endfacet
  facet normal -0.488694 0.872455 0
    outer loop
      vertex 1.77017 -74.3652 0.6
      vertex 1.77017 -74.3652 0
      vertex 1.2644 -74.6485 0
    endloop
  endfacet
  facet normal -0.874154 0.485649 0
    outer loop
      vertex 2.9503 -72.241 0.6
      vertex 1.77017 -74.3652 0
      vertex 1.77017 -74.3652 0.6
    endloop
  endfacet
  facet normal -0.874154 0.485649 0
    outer loop
      vertex 2.9503 -72.241 0.6
      vertex 2.9503 -72.241 0
      vertex 1.77017 -74.3652 0
    endloop
  endfacet
  facet normal -0.929492 0.368843 0
    outer loop
      vertex 3.28748 -71.3913 0.6
      vertex 2.9503 -72.241 0
      vertex 2.9503 -72.241 0.6
    endloop
  endfacet
  facet normal -0.929492 0.368843 0
    outer loop
      vertex 3.28748 -71.3913 0.6
      vertex 3.28748 -71.3913 0
      vertex 2.9503 -72.241 0
    endloop
  endfacet
  facet normal -1 -0 0
    outer loop
      vertex 3.28748 -70.9665 0.6
      vertex 3.28748 -71.3913 0
      vertex 3.28748 -71.3913 0.6
    endloop
  endfacet
  facet normal -1 0 -0
    outer loop
      vertex 3.28748 -70.9665 0.6
      vertex 3.28748 -70.9665 0
      vertex 3.28748 -71.3913 0
    endloop
  endfacet
  facet normal -0.643417 0.765516 0
    outer loop
      vertex 3.45607 -70.8248 0.6
      vertex 3.28748 -70.9665 0
      vertex 3.28748 -70.9665 0.6
    endloop
  endfacet
  facet normal -0.643417 0.765516 0
    outer loop
      vertex 3.45607 -70.8248 0.6
      vertex 3.45607 -70.8248 0
      vertex 3.28748 -70.9665 0
    endloop
  endfacet
  facet normal -1 -0 0
    outer loop
      vertex 3.45607 -70.5416 0.6
      vertex 3.45607 -70.8248 0
      vertex 3.45607 -70.8248 0.6
    endloop
  endfacet
  facet normal -1 0 -0
    outer loop
      vertex 3.45607 -70.5416 0.6
      vertex 3.45607 -70.5416 0
      vertex 3.45607 -70.8248 0
    endloop
  endfacet
  facet normal -0.929477 -0.368881 0
    outer loop
      vertex 3.28748 -70.1168 0.6
      vertex 3.45607 -70.5416 0
      vertex 3.45607 -70.5416 0.6
    endloop
  endfacet
  facet normal -0.929477 -0.368881 -0
    outer loop
      vertex 3.28748 -70.1168 0.6
      vertex 3.28748 -70.1168 0
      vertex 3.45607 -70.5416 0
    endloop
  endfacet
  facet normal -0.74596 -0.665991 0
    outer loop
      vertex 2.78171 -69.5503 0.6
      vertex 3.28748 -70.1168 0
      vertex 3.28748 -70.1168 0.6
    endloop
  endfacet
  facet normal -0.74596 -0.665991 -0
    outer loop
      vertex 2.78171 -69.5503 0.6
      vertex 2.78171 -69.5503 0
      vertex 3.28748 -70.1168 0
    endloop
  endfacet
  facet normal -0.387196 0.921997 0
    outer loop
      vertex 3.45607 -69.2671 0.6
      vertex 2.78171 -69.5503 0
      vertex 2.78171 -69.5503 0.6
    endloop
  endfacet
  facet normal -0.387196 0.921997 0
    outer loop
      vertex 3.45607 -69.2671 0.6
      vertex 3.45607 -69.2671 0
      vertex 2.78171 -69.5503 0
    endloop
  endfacet
  facet normal 0 1 0
    outer loop
      vertex 5.31055 -69.2671 0.6
      vertex 3.45607 -69.2671 0
      vertex 3.45607 -69.2671 0.6
    endloop
  endfacet
  facet normal 0 1 0
    outer loop
      vertex 5.31055 -69.2671 0.6
      vertex 5.31055 -69.2671 0
      vertex 3.45607 -69.2671 0
    endloop
  endfacet
  facet normal 1 -0 0
    outer loop
      vertex 5.31055 -69.6919 0.6
      vertex 5.31055 -69.2671 0
      vertex 5.31055 -69.2671 0.6
    endloop
  endfacet
  facet normal 1 0 0
    outer loop
      vertex 5.31055 -69.6919 0.6
      vertex 5.31055 -69.6919 0
      vertex 5.31055 -69.2671 0
    endloop
  endfacet
  facet normal 0.643394 -0.765535 0
    outer loop
      vertex 44.5918 -69.8336 0.6
      vertex 44.7604 -69.6919 0
      vertex 44.7604 -69.6919 0.6
    endloop
  endfacet
  facet normal 0.643394 -0.765535 0
    outer loop
      vertex 44.5918 -69.8336 0.6
      vertex 44.5918 -69.8336 0
      vertex 44.7604 -69.6919 0
    endloop
  endfacet
  facet normal 1 -0 0
    outer loop
      vertex 44.5918 -70.1168 0.6
      vertex 44.5918 -69.8336 0
      vertex 44.5918 -69.8336 0.6
    endloop
  endfacet
  facet normal 1 0 0
    outer loop
      vertex 44.5918 -70.1168 0.6
      vertex 44.5918 -70.1168 0
      vertex 44.5918 -69.8336 0
    endloop
  endfacet
  facet normal 0.859255 0.511548 0
    outer loop
      vertex 44.929 -70.6832 0.6
      vertex 44.5918 -70.1168 0
      vertex 44.5918 -70.1168 0.6
    endloop
  endfacet
  facet normal 0.859255 0.511548 0
    outer loop
      vertex 44.929 -70.6832 0.6
      vertex 44.929 -70.6832 0
      vertex 44.5918 -70.1168 0
    endloop
  endfacet
  facet normal 1 -0 0
    outer loop
      vertex 44.929 -71.1081 0.6
      vertex 44.929 -70.6832 0
      vertex 44.929 -70.6832 0.6
    endloop
  endfacet
  facet normal 1 0 0
    outer loop
      vertex 44.929 -71.1081 0.6
      vertex 44.929 -71.1081 0
      vertex 44.929 -70.6832 0
    endloop
  endfacet
  facet normal 0.929484 0.368862 0
    outer loop
      vertex 45.2662 -71.9578 0.6
      vertex 44.929 -71.1081 0
      vertex 44.929 -71.1081 0.6
    endloop
  endfacet
  facet normal 0.929484 0.368862 0
    outer loop
      vertex 45.2662 -71.9578 0.6
      vertex 45.2662 -71.9578 0
      vertex 44.929 -71.1081 0
    endloop
  endfacet
  facet normal 0.859308 0.511459 0
    outer loop
      vertex 45.9405 -73.0907 0.6
      vertex 45.2662 -71.9578 0
      vertex 45.2662 -71.9578 0.6
    endloop
  endfacet
  facet normal 0.859308 0.511459 0
    outer loop
      vertex 45.9405 -73.0907 0.6
      vertex 45.9405 -73.0907 0
      vertex 45.2662 -71.9578 0
    endloop
  endfacet
  facet normal 1 -0 0
    outer loop
      vertex 45.9405 -73.5155 0.6
      vertex 45.9405 -73.0907 0
      vertex 45.9405 -73.0907 0.6
    endloop
  endfacet
  facet normal 1 0 0
    outer loop
      vertex 45.9405 -73.5155 0.6
      vertex 45.9405 -73.5155 0
      vertex 45.9405 -73.0907 0
    endloop
  endfacet
  facet normal 0.902856 0.429943 0
    outer loop
      vertex 46.2777 -74.2236 0.6
      vertex 45.9405 -73.5155 0
      vertex 45.9405 -73.5155 0.6
    endloop
  endfacet
  facet normal 0.902856 0.429943 0
    outer loop
      vertex 46.2777 -74.2236 0.6
      vertex 46.2777 -74.2236 0
      vertex 45.9405 -73.5155 0
    endloop
  endfacet
  facet normal 0.643217 0.765684 0
    outer loop
      vertex 46.7835 -74.6485 0.6
      vertex 46.2777 -74.2236 0
      vertex 46.2777 -74.2236 0.6
    endloop
  endfacet
  facet normal 0.643217 0.765684 0
    outer loop
      vertex 46.7835 -74.6485 0.6
      vertex 46.7835 -74.6485 0
      vertex 46.2777 -74.2236 0
    endloop
  endfacet
  facet normal -0.643261 0.765647 0
    outer loop
      vertex 47.1207 -74.3652 0.6
      vertex 46.7835 -74.6485 0
      vertex 46.7835 -74.6485 0.6
    endloop
  endfacet
  facet normal -0.643261 0.765647 0
    outer loop
      vertex 47.1207 -74.3652 0.6
      vertex 47.1207 -74.3652 0
      vertex 46.7835 -74.6485 0
    endloop
  endfacet
  facet normal -0.902862 0.42993 0
    outer loop
      vertex 48.4694 -71.5329 0.6
      vertex 47.1207 -74.3652 0
      vertex 47.1207 -74.3652 0.6
    endloop
  endfacet
  facet normal -0.902862 0.42993 0
    outer loop
      vertex 48.4694 -71.5329 0.6
      vertex 48.4694 -71.5329 0
      vertex 47.1207 -74.3652 0
    endloop
  endfacet
  facet normal -1 -0 0
    outer loop
      vertex 48.4694 -70.1168 0.6
      vertex 48.4694 -71.5329 0
      vertex 48.4694 -71.5329 0.6
    endloop
  endfacet
  facet normal -1 0 -0
    outer loop
      vertex 48.4694 -70.1168 0.6
      vertex 48.4694 -70.1168 0
      vertex 48.4694 -71.5329 0
    endloop
  endfacet
  facet normal -0.74594 -0.666013 0
    outer loop
      vertex 47.9636 -69.5503 0.6
      vertex 48.4694 -70.1168 0
      vertex 48.4694 -70.1168 0.6
    endloop
  endfacet
  facet normal -0.74594 -0.666013 -0
    outer loop
      vertex 47.9636 -69.5503 0.6
      vertex 47.9636 -69.5503 0
      vertex 48.4694 -70.1168 0
    endloop
  endfacet
  facet normal -0.318487 0.947927 0
    outer loop
      vertex 48.8065 -69.2671 0.6
      vertex 47.9636 -69.5503 0
      vertex 47.9636 -69.5503 0.6
    endloop
  endfacet
  facet normal -0.318487 0.947927 0
    outer loop
      vertex 48.8065 -69.2671 0.6
      vertex 48.8065 -69.2671 0
      vertex 47.9636 -69.5503 0
    endloop
  endfacet
  facet normal 0 1 0
    outer loop
      vertex 50.661 -69.2671 0.6
      vertex 48.8065 -69.2671 0
      vertex 48.8065 -69.2671 0.6
    endloop
  endfacet
  facet normal 0 1 0
    outer loop
      vertex 50.661 -69.2671 0.6
      vertex 50.661 -69.2671 0
      vertex 48.8065 -69.2671 0
    endloop
  endfacet
  facet normal 0.972805 -0.231627 0
    outer loop
      vertex 50.4924 -69.9752 0.6
      vertex 50.661 -69.2671 0
      vertex 50.661 -69.2671 0.6
    endloop
  endfacet
  facet normal 0.972805 -0.231627 0
    outer loop
      vertex 50.4924 -69.9752 0.6
      vertex 50.4924 -69.9752 0
      vertex 50.661 -69.2671 0
    endloop
  endfacet
  facet normal 0.917707 -0.397259 0
    outer loop
      vertex 49.8181 -71.5329 0.6
      vertex 50.4924 -69.9752 0
      vertex 50.4924 -69.9752 0.6
    endloop
  endfacet
  facet normal 0.917707 -0.397259 0
    outer loop
      vertex 49.8181 -71.5329 0.6
      vertex 49.8181 -71.5329 0
      vertex 50.4924 -69.9752 0
    endloop
  endfacet
  facet normal 0.849889 -0.526962 0
    outer loop
      vertex 45.6034 -78.3304 0.6
      vertex 49.8181 -71.5329 0
      vertex 49.8181 -71.5329 0.6
    endloop
  endfacet
  facet normal 0.849889 -0.526962 0
    outer loop
      vertex 45.6034 -78.3304 0.6
      vertex 45.6034 -78.3304 0
      vertex 49.8181 -71.5329 0
    endloop
  endfacet
  facet normal 0.929484 -0.368862 0
    outer loop
      vertex 45.2662 -79.1801 0.6
      vertex 45.6034 -78.3304 0
      vertex 45.6034 -78.3304 0.6
    endloop
  endfacet
  facet normal 0.929484 -0.368862 0
    outer loop
      vertex 45.2662 -79.1801 0.6
      vertex 45.2662 -79.1801 0
      vertex 45.6034 -78.3304 0
    endloop
  endfacet
  facet normal 1 -0 0
    outer loop
      vertex 45.2662 -80.1714 0.6
      vertex 45.2662 -79.1801 0
      vertex 45.2662 -79.1801 0.6
    endloop
  endfacet
  facet normal 1 0 0
    outer loop
      vertex 45.2662 -80.1714 0.6
      vertex 45.2662 -80.1714 0
      vertex 45.2662 -79.1801 0
    endloop
  endfacet
  facet normal 0.643251 0.765656 0
    outer loop
      vertex 45.9405 -80.7379 0.6
      vertex 45.2662 -80.1714 0
      vertex 45.2662 -80.1714 0.6
    endloop
  endfacet
  facet normal 0.643251 0.765656 0
    outer loop
      vertex 45.9405 -80.7379 0.6
      vertex 45.9405 -80.7379 0
      vertex 45.2662 -80.1714 0
    endloop
  endfacet
  facet normal 0.432763 -0.901508 0
    outer loop
      vertex 44.7604 -81.3044 0.6
      vertex 45.9405 -80.7379 0
      vertex 45.9405 -80.7379 0.6
    endloop
  endfacet
  facet normal 0.432763 -0.901508 0
    outer loop
      vertex 44.7604 -81.3044 0.6
      vertex 44.7604 -81.3044 0
      vertex 45.9405 -80.7379 0
    endloop
  endfacet
  facet normal 0.33033 -0.943866 0
    outer loop
      vertex 42.7374 -82.0124 0.6
      vertex 44.7604 -81.3044 0
      vertex 44.7604 -81.3044 0.6
    endloop
  endfacet
  facet normal 0.33033 -0.943866 0
    outer loop
      vertex 42.7374 -82.0124 0.6
      vertex 42.7374 -82.0124 0
      vertex 44.7604 -81.3044 0
    endloop
  endfacet
  facet normal -0.269588 -0.962976 0
    outer loop
      vertex 42.2316 -81.8708 0.6
      vertex 42.7374 -82.0124 0
      vertex 42.7374 -82.0124 0.6
    endloop
  endfacet
  facet normal -0.269588 -0.962976 -0
    outer loop
      vertex 42.2316 -81.8708 0.6
      vertex 42.2316 -81.8708 0
      vertex 42.7374 -82.0124 0
    endloop
  endfacet
  facet normal -0.843132 0.537706 0
    outer loop
      vertex 44.7604 -77.9056 0.6
      vertex 42.2316 -81.8708 0
      vertex 42.2316 -81.8708 0.6
    endloop
  endfacet
  facet normal -0.843132 0.537706 0
    outer loop
      vertex 44.7604 -77.9056 0.6
      vertex 44.7604 -77.9056 0
      vertex 42.2316 -81.8708 0
    endloop
  endfacet
  facet normal -0.643128 0.765759 0
    outer loop
      vertex 45.0976 -77.6224 0.6
      vertex 44.7604 -77.9056 0
      vertex 44.7604 -77.9056 0.6
    endloop
  endfacet
  facet normal -0.643128 0.765759 0
    outer loop
      vertex 45.0976 -77.6224 0.6
      vertex 45.0976 -77.6224 0
      vertex 44.7604 -77.9056 0
    endloop
  endfacet
  facet normal -0.859334 0.511415 0
    outer loop
      vertex 45.2662 -77.3391 0.6
      vertex 45.0976 -77.6224 0
      vertex 45.0976 -77.6224 0.6
    endloop
  endfacet
  facet normal -0.859334 0.511415 0
    outer loop
      vertex 45.2662 -77.3391 0.6
      vertex 45.2662 -77.3391 0
      vertex 45.0976 -77.6224 0
    endloop
  endfacet
  facet normal -0.859255 -0.511548 0
    outer loop
      vertex 45.0976 -77.0559 0.6
      vertex 45.2662 -77.3391 0
      vertex 45.2662 -77.3391 0.6
    endloop
  endfacet
  facet normal -0.859255 -0.511548 -0
    outer loop
      vertex 45.0976 -77.0559 0.6
      vertex 45.0976 -77.0559 0
      vertex 45.2662 -77.3391 0
    endloop
  endfacet
  facet normal -0.972805 -0.231627 0
    outer loop
      vertex 44.929 -76.3478 0.6
      vertex 45.0976 -77.0559 0
      vertex 45.0976 -77.0559 0.6
    endloop
  endfacet
  facet normal -0.972805 -0.231627 -0
    outer loop
      vertex 44.929 -76.3478 0.6
      vertex 44.929 -76.3478 0
      vertex 45.0976 -77.0559 0
    endloop
  endfacet
  facet normal -0.909225 -0.416304 0
    outer loop
      vertex 42.4002 -70.8248 0.6
      vertex 44.929 -76.3478 0
      vertex 44.929 -76.3478 0.6
    endloop
  endfacet
  facet normal -0.909225 -0.416304 -0
    outer loop
      vertex 42.4002 -70.8248 0.6
      vertex 42.4002 -70.8248 0
      vertex 44.929 -76.3478 0
    endloop
  endfacet
  facet normal -0.834058 -0.551676 0
    outer loop
      vertex 41.5572 -69.5503 0.6
      vertex 42.4002 -70.8248 0
      vertex 42.4002 -70.8248 0.6
    endloop
  endfacet
  facet normal -0.834058 -0.551676 -0
    outer loop
      vertex 41.5572 -69.5503 0.6
      vertex 41.5572 -69.5503 0
      vertex 42.4002 -70.8248 0
    endloop
  endfacet
  facet normal -0.11913 0.992879 0
    outer loop
      vertex 43.9175 -69.2671 0.6
      vertex 41.5572 -69.5503 0
      vertex 41.5572 -69.5503 0.6
    endloop
  endfacet
  facet normal -0.11913 0.992879 0
    outer loop
      vertex 43.9175 -69.2671 0.6
      vertex 43.9175 -69.2671 0
      vertex 41.5572 -69.5503 0
    endloop
  endfacet
  facet normal 0 1 0
    outer loop
      vertex 44.5918 -69.2671 0.6
      vertex 43.9175 -69.2671 0
      vertex 43.9175 -69.2671 0.6
    endloop
  endfacet
  facet normal 0 1 0
    outer loop
      vertex 44.5918 -69.2671 0.6
      vertex 44.5918 -69.2671 0
      vertex 43.9175 -69.2671 0
    endloop
  endfacet
  facet normal 0.929469 0.3689 0
    outer loop
      vertex 44.7604 -69.6919 0.6
      vertex 44.5918 -69.2671 0
      vertex 44.5918 -69.2671 0.6
    endloop
  endfacet
  facet normal 0.929469 0.3689 0
    outer loop
      vertex 44.7604 -69.6919 0.6
      vertex 44.7604 -69.6919 0
      vertex 44.5918 -69.2671 0
    endloop
  endfacet
  facet normal 0.643128 -0.765759 0
    outer loop
      vertex 40.3771 -69.4087 0.6
      vertex 40.7143 -69.1255 0
      vertex 40.7143 -69.1255 0.6
    endloop
  endfacet
  facet normal 0.643128 -0.765759 0
    outer loop
      vertex 40.3771 -69.4087 0.6
      vertex 40.3771 -69.4087 0
      vertex 40.7143 -69.1255 0
    endloop
  endfacet
  facet normal 1 -0 0
    outer loop
      vertex 40.3771 -69.5503 0.6
      vertex 40.3771 -69.4087 0
      vertex 40.3771 -69.4087 0.6
    endloop
  endfacet
  facet normal 1 0 0
    outer loop
      vertex 40.3771 -69.5503 0.6
      vertex 40.3771 -69.5503 0
      vertex 40.3771 -69.4087 0
    endloop
  endfacet
  facet normal 0.643195 -0.765703 0
    outer loop
      vertex 39.7027 -70.1168 0.6
      vertex 40.3771 -69.5503 0
      vertex 40.3771 -69.5503 0.6
    endloop
  endfacet
  facet normal 0.643195 -0.765703 0
    outer loop
      vertex 39.7027 -70.1168 0.6
      vertex 39.7027 -70.1168 0
      vertex 40.3771 -69.5503 0
    endloop
  endfacet
  facet normal 0 -1 0
    outer loop
      vertex 39.3656 -70.1168 0.6
      vertex 39.7027 -70.1168 0
      vertex 39.7027 -70.1168 0.6
    endloop
  endfacet
  facet normal 0 -1 0
    outer loop
      vertex 39.3656 -70.1168 0.6
      vertex 39.3656 -70.1168 0
      vertex 39.7027 -70.1168 0
    endloop
  endfacet
  facet normal 0.643128 -0.765759 0
    outer loop
      vertex 39.0284 -70.4 0.6
      vertex 39.3656 -70.1168 0
      vertex 39.3656 -70.1168 0.6
    endloop
  endfacet
  facet normal 0.643128 -0.765759 0
    outer loop
      vertex 39.0284 -70.4 0.6
      vertex 39.0284 -70.4 0
      vertex 39.3656 -70.1168 0
    endloop
  endfacet
  facet normal 0.783238 0.621722 0
    outer loop
      vertex 39.3656 -70.8248 0.6
      vertex 39.0284 -70.4 0
      vertex 39.0284 -70.4 0.6
    endloop
  endfacet
  facet normal 0.783238 0.621722 0
    outer loop
      vertex 39.3656 -70.8248 0.6
      vertex 39.3656 -70.8248 0
      vertex 39.0284 -70.4 0
    endloop
  endfacet
  facet normal 0.929574 0.368635 0
    outer loop
      vertex 39.5341 -71.2497 0.6
      vertex 39.3656 -70.8248 0
      vertex 39.3656 -70.8248 0.6
    endloop
  endfacet
  facet normal 0.929574 0.368635 0
    outer loop
      vertex 39.5341 -71.2497 0.6
      vertex 39.5341 -71.2497 0
      vertex 39.3656 -70.8248 0
    endloop
  endfacet
  facet normal 1 -0 0
    outer loop
      vertex 39.5341 -71.9578 0.6
      vertex 39.5341 -71.2497 0
      vertex 39.5341 -71.2497 0.6
    endloop
  endfacet
  facet normal 1 0 0
    outer loop
      vertex 39.5341 -71.9578 0.6
      vertex 39.5341 -71.9578 0
      vertex 39.5341 -71.2497 0
    endloop
  endfacet
  facet normal 0.958485 -0.285143 0
    outer loop
      vertex 39.3656 -72.5242 0.6
      vertex 39.5341 -71.9578 0
      vertex 39.5341 -71.9578 0.6
    endloop
  endfacet
  facet normal 0.958485 -0.285143 0
    outer loop
      vertex 39.3656 -72.5242 0.6
      vertex 39.3656 -72.5242 0
      vertex 39.5341 -71.9578 0
    endloop
  endfacet
  facet normal 0.859294 -0.511481 0
    outer loop
      vertex 39.0284 -73.0907 0.6
      vertex 39.3656 -72.5242 0
      vertex 39.3656 -72.5242 0.6
    endloop
  endfacet
  facet normal 0.859294 -0.511481 0
    outer loop
      vertex 39.0284 -73.0907 0.6
      vertex 39.0284 -73.0907 0
      vertex 39.3656 -72.5242 0
    endloop
  endfacet
  facet normal 0.643198 -0.7657 0
    outer loop
      vertex 37.8483 -74.082 0.6
      vertex 39.0284 -73.0907 0
      vertex 39.0284 -73.0907 0.6
    endloop
  endfacet
  facet normal 0.643198 -0.7657 0
    outer loop
      vertex 37.8483 -74.082 0.6
      vertex 37.8483 -74.082 0
      vertex 39.0284 -73.0907 0
    endloop
  endfacet
  facet normal 0.48854 -0.872541 0
    outer loop
      vertex 37.3425 -74.3652 0.6
      vertex 37.8483 -74.082 0
      vertex 37.8483 -74.082 0.6
    endloop
  endfacet
  facet normal 0.48854 -0.872541 0
    outer loop
      vertex 37.3425 -74.3652 0.6
      vertex 37.3425 -74.3652 0
      vertex 37.8483 -74.082 0
    endloop
  endfacet
  facet normal 0.338765 -0.940871 0
    outer loop
      vertex 36.1624 -74.7901 0.6
      vertex 37.3425 -74.3652 0
      vertex 37.3425 -74.3652 0.6
    endloop
  endfacet
  facet normal 0.338765 -0.940871 0
    outer loop
      vertex 36.1624 -74.7901 0.6
      vertex 36.1624 -74.7901 0
      vertex 37.3425 -74.3652 0
    endloop
  endfacet
  facet normal 0 -1 0
    outer loop
      vertex 35.1508 -74.7901 0.6
      vertex 36.1624 -74.7901 0
      vertex 36.1624 -74.7901 0.6
    endloop
  endfacet
  facet normal 0 -1 0
    outer loop
      vertex 35.1508 -74.7901 0.6
      vertex 35.1508 -74.7901 0
      vertex 36.1624 -74.7901 0
    endloop
  endfacet
  facet normal 0.387274 -0.921965 0
    outer loop
      vertex 34.8137 -74.9317 0.6
      vertex 35.1508 -74.7901 0
      vertex 35.1508 -74.7901 0.6
    endloop
  endfacet
  facet normal 0.387274 -0.921965 0
    outer loop
      vertex 34.8137 -74.9317 0.6
      vertex 34.8137 -74.9317 0
      vertex 35.1508 -74.7901 0
    endloop
  endfacet
  facet normal 0.643128 -0.765759 0
    outer loop
      vertex 34.4765 -75.2149 0.6
      vertex 34.8137 -74.9317 0
      vertex 34.8137 -74.9317 0.6
    endloop
  endfacet
  facet normal 0.643128 -0.765759 0
    outer loop
      vertex 34.4765 -75.2149 0.6
      vertex 34.4765 -75.2149 0
      vertex 34.8137 -74.9317 0
    endloop
  endfacet
  facet normal 1 -0 0
    outer loop
      vertex 34.4765 -75.6398 0.6
      vertex 34.4765 -75.2149 0
      vertex 34.4765 -75.2149 0.6
    endloop
  endfacet
  facet normal 1 0 0
    outer loop
      vertex 34.4765 -75.6398 0.6
      vertex 34.4765 -75.6398 0
      vertex 34.4765 -75.2149 0
    endloop
  endfacet
  facet normal 0.643203 0.765696 0
    outer loop
      vertex 34.9822 -76.0646 0.6
      vertex 34.4765 -75.6398 0
      vertex 34.4765 -75.6398 0.6
    endloop
  endfacet
  facet normal 0.643203 0.765696 0
    outer loop
      vertex 34.9822 -76.0646 0.6
      vertex 34.9822 -76.0646 0
      vertex 34.4765 -75.6398 0
    endloop
  endfacet
  facet normal 0.269588 0.962976 0
    outer loop
      vertex 35.488 -76.2062 0.6
      vertex 34.9822 -76.0646 0
      vertex 34.9822 -76.0646 0.6
    endloop
  endfacet
  facet normal 0.269588 0.962976 0
    outer loop
      vertex 35.488 -76.2062 0.6
      vertex 35.488 -76.2062 0
      vertex 34.9822 -76.0646 0
    endloop
  endfacet
  facet normal 0.119135 0.992878 0
    outer loop
      vertex 36.6681 -76.3478 0.6
      vertex 35.488 -76.2062 0
      vertex 35.488 -76.2062 0.6
    endloop
  endfacet
  facet normal 0.119135 0.992878 0
    outer loop
      vertex 36.6681 -76.3478 0.6
      vertex 36.6681 -76.3478 0
      vertex 35.488 -76.2062 0
    endloop
  endfacet
  facet normal 0 1 0
    outer loop
      vertex 38.1854 -76.3478 0.6
      vertex 36.6681 -76.3478 0
      vertex 36.6681 -76.3478 0.6
    endloop
  endfacet
  facet normal 0 1 0
    outer loop
      vertex 38.1854 -76.3478 0.6
      vertex 38.1854 -76.3478 0
      vertex 36.6681 -76.3478 0
    endloop
  endfacet
  facet normal 0.233413 0.972378 0
    outer loop
      vertex 39.3656 -76.6311 0.6
      vertex 38.1854 -76.3478 0
      vertex 38.1854 -76.3478 0.6
    endloop
  endfacet
  facet normal 0.233413 0.972378 0
    outer loop
      vertex 39.3656 -76.6311 0.6
      vertex 39.3656 -76.6311 0
      vertex 38.1854 -76.3478 0
    endloop
  endfacet
  facet normal 0.387226 0.921985 0
    outer loop
      vertex 40.0399 -76.9143 0.6
      vertex 39.3656 -76.6311 0
      vertex 39.3656 -76.6311 0.6
    endloop
  endfacet
  facet normal 0.387226 0.921985 0
    outer loop
      vertex 40.0399 -76.9143 0.6
      vertex 40.0399 -76.9143 0
      vertex 39.3656 -76.6311 0
    endloop
  endfacet
  facet normal 0.643128 0.765759 0
    outer loop
      vertex 40.5457 -77.3391 0.6
      vertex 40.0399 -76.9143 0
      vertex 40.0399 -76.9143 0.6
    endloop
  endfacet
  facet normal 0.643128 0.765759 0
    outer loop
      vertex 40.5457 -77.3391 0.6
      vertex 40.5457 -77.3391 0
      vertex 40.0399 -76.9143 0
    endloop
  endfacet
  facet normal 0.859334 0.511415 0
    outer loop
      vertex 40.7143 -77.6224 0.6
      vertex 40.5457 -77.3391 0
      vertex 40.5457 -77.3391 0.6
    endloop
  endfacet
  facet normal 0.859334 0.511415 0
    outer loop
      vertex 40.7143 -77.6224 0.6
      vertex 40.7143 -77.6224 0
      vertex 40.5457 -77.3391 0
    endloop
  endfacet
  facet normal 1 -0 0
    outer loop
      vertex 40.7143 -78.6137 0.6
      vertex 40.7143 -77.6224 0
      vertex 40.7143 -77.6224 0.6
    endloop
  endfacet
  facet normal 1 0 0
    outer loop
      vertex 40.7143 -78.6137 0.6
      vertex 40.7143 -78.6137 0
      vertex 40.7143 -77.6224 0
    endloop
  endfacet
  facet normal 0.929469 -0.3689 0
    outer loop
      vertex 40.5457 -79.0385 0.6
      vertex 40.7143 -78.6137 0
      vertex 40.7143 -78.6137 0.6
    endloop
  endfacet
  facet normal 0.929469 -0.3689 0
    outer loop
      vertex 40.5457 -79.0385 0.6
      vertex 40.5457 -79.0385 0
      vertex 40.7143 -78.6137 0
    endloop
  endfacet
  facet normal 0.783309 -0.621633 0
    outer loop
      vertex 40.2085 -79.4634 0.6
      vertex 40.5457 -79.0385 0
      vertex 40.5457 -79.0385 0.6
    endloop
  endfacet
  facet normal 0.783309 -0.621633 0
    outer loop
      vertex 40.2085 -79.4634 0.6
      vertex 40.2085 -79.4634 0
      vertex 40.5457 -79.0385 0
    endloop
  endfacet
  facet normal 0.643183 -0.765713 0
    outer loop
      vertex 38.6912 -80.7379 0.6
      vertex 40.2085 -79.4634 0
      vertex 40.2085 -79.4634 0.6
    endloop
  endfacet
  facet normal 0.643183 -0.765713 0
    outer loop
      vertex 38.6912 -80.7379 0.6
      vertex 38.6912 -80.7379 0
      vertex 40.2085 -79.4634 0
    endloop
  endfacet
  facet normal 0.450072 -0.892992 0
    outer loop
      vertex 37.0053 -81.5876 0.6
      vertex 38.6912 -80.7379 0
      vertex 38.6912 -80.7379 0.6
    endloop
  endfacet
  facet normal 0.450072 -0.892992 0
    outer loop
      vertex 37.0053 -81.5876 0.6
      vertex 37.0053 -81.5876 0
      vertex 38.6912 -80.7379 0
    endloop
  endfacet
  facet normal 0.269588 -0.962976 0
    outer loop
      vertex 36.4995 -81.7292 0.6
      vertex 37.0053 -81.5876 0
      vertex 37.0053 -81.5876 0.6
    endloop
  endfacet
  facet normal 0.269588 -0.962976 0
    outer loop
      vertex 36.4995 -81.7292 0.6
      vertex 36.4995 -81.7292 0
      vertex 37.0053 -81.5876 0
    endloop
  endfacet
  facet normal 0.104416 -0.994534 0
    outer loop
      vertex 35.1508 -81.8708 0.6
      vertex 36.4995 -81.7292 0
      vertex 36.4995 -81.7292 0.6
    endloop
  endfacet
  facet normal 0.104416 -0.994534 0
    outer loop
      vertex 35.1508 -81.8708 0.6
      vertex 35.1508 -81.8708 0
      vertex 36.4995 -81.7292 0
    endloop
  endfacet
  facet normal -0.138638 -0.990343 0
    outer loop
      vertex 34.1393 -81.7292 0.6
      vertex 35.1508 -81.8708 0
      vertex 35.1508 -81.8708 0.6
    endloop
  endfacet
  facet normal -0.138638 -0.990343 -0
    outer loop
      vertex 34.1393 -81.7292 0.6
      vertex 34.1393 -81.7292 0
      vertex 35.1508 -81.8708 0
    endloop
  endfacet
  facet normal -0.338694 -0.940897 0
    outer loop
      vertex 32.9592 -81.3044 0.6
      vertex 34.1393 -81.7292 0
      vertex 34.1393 -81.7292 0.6
    endloop
  endfacet
  facet normal -0.338694 -0.940897 -0
    outer loop
      vertex 32.9592 -81.3044 0.6
      vertex 32.9592 -81.3044 0
      vertex 34.1393 -81.7292 0
    endloop
  endfacet
  facet normal -0.643195 -0.765703 0
    outer loop
      vertex 32.2848 -80.7379 0.6
      vertex 32.9592 -81.3044 0
      vertex 32.9592 -81.3044 0.6
    endloop
  endfacet
  facet normal -0.643195 -0.765703 -0
    outer loop
      vertex 32.2848 -80.7379 0.6
      vertex 32.2848 -80.7379 0
      vertex 32.9592 -81.3044 0
    endloop
  endfacet
  facet normal -0.859255 -0.511548 0
    outer loop
      vertex 32.1162 -80.4547 0.6
      vertex 32.2848 -80.7379 0
      vertex 32.2848 -80.7379 0.6
    endloop
  endfacet
  facet normal -0.859255 -0.511548 -0
    outer loop
      vertex 32.1162 -80.4547 0.6
      vertex 32.1162 -80.4547 0
      vertex 32.2848 -80.7379 0
    endloop
  endfacet
  facet normal -1 -0 0
    outer loop
      vertex 32.1162 -79.1801 0.6
      vertex 32.1162 -80.4547 0
      vertex 32.1162 -80.4547 0.6
    endloop
  endfacet
  facet normal -1 0 -0
    outer loop
      vertex 32.1162 -79.1801 0.6
      vertex 32.1162 -79.1801 0
      vertex 32.1162 -80.4547 0
    endloop
  endfacet
  facet normal -0.813687 0.581303 0
    outer loop
      vertex 32.622 -78.4721 0.6
      vertex 32.1162 -79.1801 0
      vertex 32.1162 -79.1801 0.6
    endloop
  endfacet
  facet normal -0.813687 0.581303 0
    outer loop
      vertex 32.622 -78.4721 0.6
      vertex 32.622 -78.4721 0
      vertex 32.1162 -79.1801 0
    endloop
  endfacet
  facet normal -0.584317 0.811525 0
    outer loop
      vertex 33.8021 -77.6224 0.6
      vertex 32.622 -78.4721 0
      vertex 32.622 -78.4721 0.6
    endloop
  endfacet
  facet normal -0.584317 0.811525 0
    outer loop
      vertex 33.8021 -77.6224 0.6
      vertex 33.8021 -77.6224 0
      vertex 32.622 -78.4721 0
    endloop
  endfacet
  facet normal -0.643373 -0.765553 0
    outer loop
      vertex 33.465 -77.3391 0.6
      vertex 33.8021 -77.6224 0
      vertex 33.8021 -77.6224 0.6
    endloop
  endfacet
  facet normal -0.643373 -0.765553 -0
    outer loop
      vertex 33.465 -77.3391 0.6
      vertex 33.465 -77.3391 0
      vertex 33.8021 -77.6224 0
    endloop
  endfacet
  facet normal -0.269588 -0.962976 0
    outer loop
      vertex 32.9592 -77.1975 0.6
      vertex 33.465 -77.3391 0
      vertex 33.465 -77.3391 0.6
    endloop
  endfacet
  facet normal -0.269588 -0.962976 -0
    outer loop
      vertex 32.9592 -77.1975 0.6
      vertex 32.9592 -77.1975 0
      vertex 33.465 -77.3391 0
    endloop
  endfacet
  facet normal -0.643128 -0.765759 0
    outer loop
      vertex 32.4534 -76.7727 0.6
      vertex 32.9592 -77.1975 0
      vertex 32.9592 -77.1975 0.6
    endloop
  endfacet
  facet normal -0.643128 -0.765759 -0
    outer loop
      vertex 32.4534 -76.7727 0.6
      vertex 32.4534 -76.7727 0
      vertex 32.9592 -77.1975 0
    endloop
  endfacet
  facet normal -1 -0 0
    outer loop
      vertex 32.4534 -76.2062 0.6
      vertex 32.4534 -76.7727 0
      vertex 32.4534 -76.7727 0.6
    endloop
  endfacet
  facet normal -1 0 -0
    outer loop
      vertex 32.4534 -76.2062 0.6
      vertex 32.4534 -76.2062 0
      vertex 32.4534 -76.7727 0
    endloop
  endfacet
  facet normal -0.859255 0.511548 0
    outer loop
      vertex 32.7906 -75.6398 0.6
      vertex 32.4534 -76.2062 0
      vertex 32.4534 -76.2062 0.6
    endloop
  endfacet
  facet normal -0.859255 0.511548 0
    outer loop
      vertex 32.7906 -75.6398 0.6
      vertex 32.7906 -75.6398 0
      vertex 32.4534 -76.2062 0
    endloop
  endfacet
  facet normal -0.57349 0.819213 0
    outer loop
      vertex 33.8021 -74.9317 0.6
      vertex 32.7906 -75.6398 0
      vertex 32.7906 -75.6398 0.6
    endloop
  endfacet
  facet normal -0.57349 0.819213 0
    outer loop
      vertex 33.8021 -74.9317 0.6
      vertex 33.8021 -74.9317 0
      vertex 32.7906 -75.6398 0
    endloop
  endfacet
  facet normal -0.643291 -0.765621 0
    outer loop
      vertex 33.2964 -74.5068 0.6
      vertex 33.8021 -74.9317 0
      vertex 33.8021 -74.9317 0.6
    endloop
  endfacet
  facet normal -0.643291 -0.765621 -0
    outer loop
      vertex 33.2964 -74.5068 0.6
      vertex 33.2964 -74.5068 0
      vertex 33.8021 -74.9317 0
    endloop
  endfacet
  facet normal 0 -1 0
    outer loop
      vertex 33.1278 -74.5068 0.6
      vertex 33.2964 -74.5068 0
      vertex 33.2964 -74.5068 0.6
    endloop
  endfacet
  facet normal 0 -1 0
    outer loop
      vertex 33.1278 -74.5068 0.6
      vertex 33.1278 -74.5068 0
      vertex 33.2964 -74.5068 0
    endloop
  endfacet
  facet normal -0.643128 -0.765759 0
    outer loop
      vertex 32.4534 -73.9404 0.6
      vertex 33.1278 -74.5068 0
      vertex 33.1278 -74.5068 0.6
    endloop
  endfacet
  facet normal -0.643128 -0.765759 -0
    outer loop
      vertex 32.4534 -73.9404 0.6
      vertex 32.4534 -73.9404 0
      vertex 33.1278 -74.5068 0
    endloop
  endfacet
  facet normal -0.902856 -0.429943 0
    outer loop
      vertex 32.1162 -73.2323 0.6
      vertex 32.4534 -73.9404 0
      vertex 32.4534 -73.9404 0.6
    endloop
  endfacet
  facet normal -0.902856 -0.429943 -0
    outer loop
      vertex 32.1162 -73.2323 0.6
      vertex 32.1162 -73.2323 0
      vertex 32.4534 -73.9404 0
    endloop
  endfacet
  facet normal -1 -0 0
    outer loop
      vertex 32.1162 -71.6745 0.6
      vertex 32.1162 -73.2323 0
      vertex 32.1162 -73.2323 0.6
    endloop
  endfacet
  facet normal -1 0 -0
    outer loop
      vertex 32.1162 -71.6745 0.6
      vertex 32.1162 -71.6745 0
      vertex 32.1162 -73.2323 0
    endloop
  endfacet
  facet normal -0.929469 0.3689 0
    outer loop
      vertex 32.2848 -71.2497 0.6
      vertex 32.1162 -71.6745 0
      vertex 32.1162 -71.6745 0.6
    endloop
  endfacet
  facet normal -0.929469 0.3689 0
    outer loop
      vertex 32.2848 -71.2497 0.6
      vertex 32.2848 -71.2497 0
      vertex 32.1162 -71.6745 0
    endloop
  endfacet
  facet normal -0.783273 0.621678 0
    outer loop
      vertex 32.9592 -70.4 0.6
      vertex 32.2848 -71.2497 0
      vertex 32.2848 -71.2497 0.6
    endloop
  endfacet
  facet normal -0.783273 0.621678 0
    outer loop
      vertex 32.9592 -70.4 0.6
      vertex 32.9592 -70.4 0
      vertex 32.2848 -71.2497 0
    endloop
  endfacet
  facet normal -0.643184 0.765712 0
    outer loop
      vertex 33.6335 -69.8336 0.6
      vertex 32.9592 -70.4 0
      vertex 32.9592 -70.4 0.6
    endloop
  endfacet
  facet normal -0.643184 0.765712 0
    outer loop
      vertex 33.6335 -69.8336 0.6
      vertex 33.6335 -69.8336 0
      vertex 32.9592 -70.4 0
    endloop
  endfacet
  facet normal -0.432734 0.901522 0
    outer loop
      vertex 34.8137 -69.2671 0.6
      vertex 33.6335 -69.8336 0
      vertex 33.6335 -69.8336 0.6
    endloop
  endfacet
  facet normal -0.432734 0.901522 0
    outer loop
      vertex 34.8137 -69.2671 0.6
      vertex 34.8137 -69.2671 0
      vertex 33.6335 -69.8336 0
    endloop
  endfacet
  facet normal -0.269637 0.962962 0
    outer loop
      vertex 35.3194 -69.1255 0.6
      vertex 34.8137 -69.2671 0
      vertex 34.8137 -69.2671 0.6
    endloop
  endfacet
  facet normal -0.269637 0.962962 0
    outer loop
      vertex 35.3194 -69.1255 0.6
      vertex 35.3194 -69.1255 0
      vertex 34.8137 -69.2671 0
    endloop
  endfacet
  facet normal -0.0299833 0.99955 0
    outer loop
      vertex 40.0399 -68.9839 0.6
      vertex 35.3194 -69.1255 0
      vertex 35.3194 -69.1255 0.6
    endloop
  endfacet
  facet normal -0.0299833 0.99955 0
    outer loop
      vertex 40.0399 -68.9839 0.6
      vertex 40.0399 -68.9839 0
      vertex 35.3194 -69.1255 0
    endloop
  endfacet
  facet normal 0.205484 0.978661 0
    outer loop
      vertex 40.7143 -69.1255 0.6
      vertex 40.0399 -68.9839 0
      vertex 40.0399 -68.9839 0.6
    endloop
  endfacet
  facet normal 0.205484 0.978661 0
    outer loop
      vertex 40.7143 -69.1255 0.6
      vertex 40.7143 -69.1255 0
      vertex 40.0399 -68.9839 0
    endloop
  endfacet
  facet normal 0.859255 -0.511548 0
    outer loop
      vertex 33.9707 -78.3304 0.6
      vertex 33.9707 -78.3304 0
      vertex 34.1393 -78.0472 0.6
    endloop
  endfacet
  facet normal 0.859255 -0.511548 0
    outer loop
      vertex 34.1393 -78.0472 0
      vertex 34.1393 -78.0472 0.6
      vertex 33.9707 -78.3304 0
    endloop
  endfacet
  facet normal 1 -0 0
    outer loop
      vertex 33.9707 -79.3217 0.6
      vertex 33.9707 -79.3217 0
      vertex 33.9707 -78.3304 0.6
    endloop
  endfacet
  facet normal 1 0 -0
    outer loop
      vertex 33.9707 -78.3304 0
      vertex 33.9707 -78.3304 0.6
      vertex 33.9707 -79.3217 0
    endloop
  endfacet
  facet normal 0.859334 0.511415 0
    outer loop
      vertex 34.1393 -79.605 0.6
      vertex 34.1393 -79.605 0
      vertex 33.9707 -79.3217 0.6
    endloop
  endfacet
  facet normal 0.859334 0.511415 -0
    outer loop
      vertex 33.9707 -79.3217 0
      vertex 33.9707 -79.3217 0.6
      vertex 34.1393 -79.605 0
    endloop
  endfacet
  facet normal 0.643128 0.765759 0
    outer loop
      vertex 34.8137 -80.1714 0.6
      vertex 34.8137 -80.1714 0
      vertex 34.1393 -79.605 0.6
    endloop
  endfacet
  facet normal 0.643128 0.765759 -0
    outer loop
      vertex 34.1393 -79.605 0
      vertex 34.1393 -79.605 0.6
      vertex 34.8137 -80.1714 0
    endloop
  endfacet
  facet normal 0.338765 0.940871 0
    outer loop
      vertex 35.9938 -80.5963 0.6
      vertex 35.9938 -80.5963 0
      vertex 34.8137 -80.1714 0.6
    endloop
  endfacet
  facet normal 0.338765 0.940871 -0
    outer loop
      vertex 34.8137 -80.1714 0
      vertex 34.8137 -80.1714 0.6
      vertex 35.9938 -80.5963 0
    endloop
  endfacet
  facet normal 0 1 0
    outer loop
      vertex 37.5111 -80.5963 0.6
      vertex 37.5111 -80.5963 0
      vertex 35.9938 -80.5963 0.6
    endloop
  endfacet
  facet normal 0 1 0
    outer loop
      vertex 35.9938 -80.5963 0
      vertex 35.9938 -80.5963 0.6
      vertex 37.5111 -80.5963 0
    endloop
  endfacet
  facet normal -0.387342 0.921936 0
    outer loop
      vertex 38.1854 -80.313 0.6
      vertex 38.1854 -80.313 0
      vertex 37.5111 -80.5963 0.6
    endloop
  endfacet
  facet normal -0.387342 0.921936 0
    outer loop
      vertex 37.5111 -80.5963 0
      vertex 37.5111 -80.5963 0.6
      vertex 38.1854 -80.313 0
    endloop
  endfacet
  facet normal -0.643128 0.765759 0
    outer loop
      vertex 38.8598 -79.7466 0.6
      vertex 38.8598 -79.7466 0
      vertex 38.1854 -80.313 0.6
    endloop
  endfacet
  facet normal -0.643128 0.765759 0
    outer loop
      vertex 38.1854 -80.313 0
      vertex 38.1854 -80.313 0.6
      vertex 38.8598 -79.7466 0
    endloop
  endfacet
  facet normal -0.929499 0.368825 0
    outer loop
      vertex 39.0284 -79.3217 0.6
      vertex 39.0284 -79.3217 0
      vertex 38.8598 -79.7466 0.6
    endloop
  endfacet
  facet normal -0.929499 0.368825 0
    outer loop
      vertex 38.8598 -79.7466 0
      vertex 38.8598 -79.7466 0.6
      vertex 39.0284 -79.3217 0
    endloop
  endfacet
  facet normal -1 -0 -0
    outer loop
      vertex 39.0284 -79.0385 0.6
      vertex 39.0284 -79.0385 0
      vertex 39.0284 -79.3217 0.6
    endloop
  endfacet
  facet normal -1 0 0
    outer loop
      vertex 39.0284 -79.3217 0
      vertex 39.0284 -79.3217 0.6
      vertex 39.0284 -79.0385 0
    endloop
  endfacet
  facet normal -0.859255 -0.511548 -0
    outer loop
      vertex 38.8598 -78.7553 0.6
      vertex 38.8598 -78.7553 0
      vertex 39.0284 -79.0385 0.6
    endloop
  endfacet
  facet normal -0.859255 -0.511548 0
    outer loop
      vertex 39.0284 -79.0385 0
      vertex 39.0284 -79.0385 0.6
      vertex 38.8598 -78.7553 0
    endloop
  endfacet
  facet normal -0.643195 -0.765703 -0
    outer loop
      vertex 38.1854 -78.1888 0.6
      vertex 38.1854 -78.1888 0
      vertex 38.8598 -78.7553 0.6
    endloop
  endfacet
  facet normal -0.643195 -0.765703 0
    outer loop
      vertex 38.8598 -78.7553 0
      vertex 38.8598 -78.7553 0.6
      vertex 38.1854 -78.1888 0
    endloop
  endfacet
  facet normal -0.269612 -0.962969 -0
    outer loop
      vertex 37.1739 -77.9056 0.6
      vertex 37.1739 -77.9056 0
      vertex 38.1854 -78.1888 0.6
    endloop
  endfacet
  facet normal -0.269612 -0.962969 0
    outer loop
      vertex 38.1854 -78.1888 0
      vertex 38.1854 -78.1888 0.6
      vertex 37.1739 -77.9056 0
    endloop
  endfacet
  facet normal 0 -1 0
    outer loop
      vertex 36.1624 -77.9056 0.6
      vertex 36.1624 -77.9056 0
      vertex 37.1739 -77.9056 0.6
    endloop
  endfacet
  facet normal 0 -1 0
    outer loop
      vertex 37.1739 -77.9056 0
      vertex 37.1739 -77.9056 0.6
      vertex 36.1624 -77.9056 0
    endloop
  endfacet
  facet normal -0.205498 -0.978657 -0
    outer loop
      vertex 34.8137 -77.6224 0.6
      vertex 34.8137 -77.6224 0
      vertex 36.1624 -77.9056 0.6
    endloop
  endfacet
  facet normal -0.205498 -0.978657 0
    outer loop
      vertex 36.1624 -77.9056 0
      vertex 36.1624 -77.9056 0.6
      vertex 34.8137 -77.6224 0
    endloop
  endfacet
  facet normal 0.532973 -0.846132 0
    outer loop
      vertex 34.1393 -78.0472 0.6
      vertex 34.1393 -78.0472 0
      vertex 34.8137 -77.6224 0.6
    endloop
  endfacet
  facet normal 0.532973 -0.846132 0
    outer loop
      vertex 34.8137 -77.6224 0
      vertex 34.8137 -77.6224 0.6
      vertex 34.1393 -78.0472 0
    endloop
  endfacet
  facet normal 0.643128 -0.765759 0
    outer loop
      vertex 34.1393 -70.6832 0.6
      vertex 34.1393 -70.6832 0
      vertex 34.8137 -70.1168 0.6
    endloop
  endfacet
  facet normal 0.643128 -0.765759 0
    outer loop
      vertex 34.8137 -70.1168 0
      vertex 34.8137 -70.1168 0.6
      vertex 34.1393 -70.6832 0
    endloop
  endfacet
  facet normal 0.958453 -0.285252 0
    outer loop
      vertex 33.9707 -71.2497 0.6
      vertex 33.9707 -71.2497 0
      vertex 34.1393 -70.6832 0.6
    endloop
  endfacet
  facet normal 0.958453 -0.285252 0
    outer loop
      vertex 34.1393 -70.6832 0
      vertex 34.1393 -70.6832 0.6
      vertex 33.9707 -71.2497 0
    endloop
  endfacet
  facet normal 1 -0 0
    outer loop
      vertex 33.9707 -71.9578 0.6
      vertex 33.9707 -71.9578 0
      vertex 33.9707 -71.2497 0.6
    endloop
  endfacet
  facet normal 1 0 -0
    outer loop
      vertex 33.9707 -71.2497 0
      vertex 33.9707 -71.2497 0.6
      vertex 33.9707 -71.9578 0
    endloop
  endfacet
  facet normal 0.958439 0.285298 0
    outer loop
      vertex 34.1393 -72.5242 0.6
      vertex 34.1393 -72.5242 0
      vertex 33.9707 -71.9578 0.6
    endloop
  endfacet
  facet normal 0.958439 0.285298 -0
    outer loop
      vertex 33.9707 -71.9578 0
      vertex 33.9707 -71.9578 0.6
      vertex 34.1393 -72.5242 0
    endloop
  endfacet
  facet normal 0.813726 0.581249 0
    outer loop
      vertex 34.6451 -73.2323 0.6
      vertex 34.6451 -73.2323 0
      vertex 34.1393 -72.5242 0.6
    endloop
  endfacet
  facet normal 0.813726 0.581249 -0
    outer loop
      vertex 34.1393 -72.5242 0
      vertex 34.1393 -72.5242 0.6
      vertex 34.6451 -73.2323 0
    endloop
  endfacet
  facet normal 0.643291 0.765621 0
    outer loop
      vertex 35.1508 -73.6572 0.6
      vertex 35.1508 -73.6572 0
      vertex 34.6451 -73.2323 0.6
    endloop
  endfacet
  facet normal 0.643291 0.765621 -0
    outer loop
      vertex 34.6451 -73.2323 0
      vertex 34.6451 -73.2323 0.6
      vertex 35.1508 -73.6572 0
    endloop
  endfacet
  facet normal 0.387177 0.922006 0
    outer loop
      vertex 35.8252 -73.9404 0.6
      vertex 35.8252 -73.9404 0
      vertex 35.1508 -73.6572 0.6
    endloop
  endfacet
  facet normal 0.387177 0.922006 -0
    outer loop
      vertex 35.1508 -73.6572 0
      vertex 35.1508 -73.6572 0.6
      vertex 35.8252 -73.9404 0
    endloop
  endfacet
  facet normal 0 1 0
    outer loop
      vertex 36.4995 -73.9404 0.6
      vertex 36.4995 -73.9404 0
      vertex 35.8252 -73.9404 0.6
    endloop
  endfacet
  facet normal 0 1 0
    outer loop
      vertex 35.8252 -73.9404 0
      vertex 35.8252 -73.9404 0.6
      vertex 36.4995 -73.9404 0
    endloop
  endfacet
  facet normal -0.387177 0.922006 0
    outer loop
      vertex 36.8367 -73.7988 0.6
      vertex 36.8367 -73.7988 0
      vertex 36.4995 -73.9404 0.6
    endloop
  endfacet
  facet normal -0.387177 0.922006 0
    outer loop
      vertex 36.4995 -73.9404 0
      vertex 36.4995 -73.9404 0.6
      vertex 36.8367 -73.7988 0
    endloop
  endfacet
  facet normal -0.643261 0.765647 0
    outer loop
      vertex 37.1739 -73.5155 0.6
      vertex 37.1739 -73.5155 0
      vertex 36.8367 -73.7988 0.6
    endloop
  endfacet
  facet normal -0.643261 0.765647 0
    outer loop
      vertex 36.8367 -73.7988 0
      vertex 36.8367 -73.7988 0.6
      vertex 37.1739 -73.5155 0
    endloop
  endfacet
  facet normal -0.902856 0.429943 0
    outer loop
      vertex 37.5111 -72.8074 0.6
      vertex 37.5111 -72.8074 0
      vertex 37.1739 -73.5155 0.6
    endloop
  endfacet
  facet normal -0.902856 0.429943 0
    outer loop
      vertex 37.1739 -73.5155 0
      vertex 37.1739 -73.5155 0.6
      vertex 37.5111 -72.8074 0
    endloop
  endfacet
  facet normal -1 -0 -0
    outer loop
      vertex 37.5111 -71.8162 0.6
      vertex 37.5111 -71.8162 0
      vertex 37.5111 -72.8074 0.6
    endloop
  endfacet
  facet normal -1 0 0
    outer loop
      vertex 37.5111 -72.8074 0
      vertex 37.5111 -72.8074 0.6
      vertex 37.5111 -71.8162 0
    endloop
  endfacet
  facet normal -0.958453 -0.285252 -0
    outer loop
      vertex 37.3425 -71.2497 0.6
      vertex 37.3425 -71.2497 0
      vertex 37.5111 -71.8162 0.6
    endloop
  endfacet
  facet normal -0.958453 -0.285252 0
    outer loop
      vertex 37.5111 -71.8162 0
      vertex 37.5111 -71.8162 0.6
      vertex 37.3425 -71.2497 0
    endloop
  endfacet
  facet normal -0.859255 -0.511548 -0
    outer loop
      vertex 37.1739 -70.9665 0.6
      vertex 37.1739 -70.9665 0
      vertex 37.3425 -71.2497 0.6
    endloop
  endfacet
  facet normal -0.859255 -0.511548 0
    outer loop
      vertex 37.3425 -71.2497 0
      vertex 37.3425 -71.2497 0.6
      vertex 37.1739 -70.9665 0
    endloop
  endfacet
  facet normal -0.643226 -0.765676 -0
    outer loop
      vertex 36.331 -70.2584 0.6
      vertex 36.331 -70.2584 0
      vertex 37.1739 -70.9665 0.6
    endloop
  endfacet
  facet normal -0.643226 -0.765676 0
    outer loop
      vertex 37.1739 -70.9665 0
      vertex 37.1739 -70.9665 0.6
      vertex 36.331 -70.2584 0
    endloop
  endfacet
  facet normal -0.387177 -0.922006 -0
    outer loop
      vertex 35.9938 -70.1168 0.6
      vertex 35.9938 -70.1168 0
      vertex 36.331 -70.2584 0.6
    endloop
  endfacet
  facet normal -0.387177 -0.922006 0
    outer loop
      vertex 36.331 -70.2584 0
      vertex 36.331 -70.2584 0.6
      vertex 35.9938 -70.1168 0
    endloop
  endfacet
  facet normal 0 -1 0
    outer loop
      vertex 34.8137 -70.1168 0.6
      vertex 34.8137 -70.1168 0
      vertex 35.9938 -70.1168 0.6
    endloop
  endfacet
  facet normal 0 -1 0
    outer loop
      vertex 35.9938 -70.1168 0
      vertex 35.9938 -70.1168 0.6
      vertex 34.8137 -70.1168 0
    endloop
  endfacet
  facet normal 0.387201 0.921995 0
    outer loop
      vertex -5.31056 -65.7267 0.6
      vertex -5.98491 -65.4435 0
      vertex -5.98491 -65.4435 0.6
    endloop
  endfacet
  facet normal 0.387201 0.921995 0
    outer loop
      vertex -5.31056 -65.7267 0.6
      vertex -5.31056 -65.7267 0
      vertex -5.98491 -65.4435 0
    endloop
  endfacet
  facet normal 0.643151 -0.76574 0
    outer loop
      vertex -5.64774 -66.0099 0.6
      vertex -5.31056 -65.7267 0
      vertex -5.31056 -65.7267 0.6
    endloop
  endfacet
  facet normal 0.643151 -0.76574 0
    outer loop
      vertex -5.64774 -66.0099 0.6
      vertex -5.64774 -66.0099 0
      vertex -5.31056 -65.7267 0
    endloop
  endfacet
  facet normal 1 -0 0
    outer loop
      vertex -5.64774 -66.1516 0.6
      vertex -5.64774 -66.0099 0
      vertex -5.64774 -66.0099 0.6
    endloop
  endfacet
  facet normal 1 0 0
    outer loop
      vertex -5.64774 -66.1516 0.6
      vertex -5.64774 -66.1516 0
      vertex -5.64774 -66.0099 0
    endloop
  endfacet
  facet normal 0.7241 -0.689695 0
    outer loop
      vertex -6.3221 -66.8596 0.6
      vertex -5.64774 -66.1516 0
      vertex -5.64774 -66.1516 0.6
    endloop
  endfacet
  facet normal 0.7241 -0.689695 0
    outer loop
      vertex -6.3221 -66.8596 0.6
      vertex -6.3221 -66.8596 0
      vertex -5.64774 -66.1516 0
    endloop
  endfacet
  facet normal 0.643228 -0.765674 0
    outer loop
      vertex -6.99644 -67.4261 0.6
      vertex -6.3221 -66.8596 0
      vertex -6.3221 -66.8596 0.6
    endloop
  endfacet
  facet normal 0.643228 -0.765674 0
    outer loop
      vertex -6.99644 -67.4261 0.6
      vertex -6.99644 -67.4261 0
      vertex -6.3221 -66.8596 0
    endloop
  endfacet
  facet normal -0.387191 -0.921999 0
    outer loop
      vertex -7.67081 -67.1429 0.6
      vertex -6.99644 -67.4261 0
      vertex -6.99644 -67.4261 0.6
    endloop
  endfacet
  facet normal -0.387191 -0.921999 -0
    outer loop
      vertex -7.67081 -67.1429 0.6
      vertex -7.67081 -67.1429 0
      vertex -6.99644 -67.4261 0
    endloop
  endfacet
  facet normal -0.643295 -0.765619 0
    outer loop
      vertex -8.00798 -66.8596 0.6
      vertex -7.67081 -67.1429 0
      vertex -7.67081 -67.1429 0.6
    endloop
  endfacet
  facet normal -0.643295 -0.765619 -0
    outer loop
      vertex -8.00798 -66.8596 0.6
      vertex -8.00798 -66.8596 0
      vertex -7.67081 -67.1429 0
    endloop
  endfacet
  facet normal -0.318474 -0.947932 0
    outer loop
      vertex -8.85092 -66.5764 0.6
      vertex -8.00798 -66.8596 0
      vertex -8.00798 -66.8596 0.6
    endloop
  endfacet
  facet normal -0.318474 -0.947932 -0
    outer loop
      vertex -8.85092 -66.5764 0.6
      vertex -8.85092 -66.5764 0
      vertex -8.00798 -66.8596 0
    endloop
  endfacet
  facet normal -0.205496 -0.978658 0
    outer loop
      vertex -9.52528 -66.4348 0.6
      vertex -8.85092 -66.5764 0
      vertex -8.85092 -66.5764 0.6
    endloop
  endfacet
  facet normal -0.205496 -0.978658 -0
    outer loop
      vertex -9.52528 -66.4348 0.6
      vertex -9.52528 -66.4348 0
      vertex -8.85092 -66.5764 0
    endloop
  endfacet
  facet normal 0 -1 0
    outer loop
      vertex -11.2112 -66.4348 0.6
      vertex -9.52528 -66.4348 0
      vertex -9.52528 -66.4348 0.6
    endloop
  endfacet
  facet normal 0 -1 0
    outer loop
      vertex -11.2112 -66.4348 0.6
      vertex -11.2112 -66.4348 0
      vertex -9.52528 -66.4348 0
    endloop
  endfacet
  facet normal 0.643184 -0.765712 0
    outer loop
      vertex -11.8855 -67.0012 0.6
      vertex -11.2112 -66.4348 0
      vertex -11.2112 -66.4348 0.6
    endloop
  endfacet
  facet normal 0.643184 -0.765712 0
    outer loop
      vertex -11.8855 -67.0012 0.6
      vertex -11.8855 -67.0012 0
      vertex -11.2112 -66.4348 0
    endloop
  endfacet
  facet normal 1 -0 0
    outer loop
      vertex -11.8855 -67.9926 0.6
      vertex -11.8855 -67.0012 0
      vertex -11.8855 -67.0012 0.6
    endloop
  endfacet
  facet normal 1 0 0
    outer loop
      vertex -11.8855 -67.9926 0.6
      vertex -11.8855 -67.9926 0
      vertex -11.8855 -67.0012 0
    endloop
  endfacet
  facet normal 0.813741 0.581227 0
    outer loop
      vertex -11.3798 -68.7006 0.6
      vertex -11.8855 -67.9926 0
      vertex -11.8855 -67.9926 0.6
    endloop
  endfacet
  facet normal 0.813741 0.581227 0
    outer loop
      vertex -11.3798 -68.7006 0.6
      vertex -11.3798 -68.7006 0
      vertex -11.8855 -67.9926 0
    endloop
  endfacet
  facet normal 0.584285 0.811549 0
    outer loop
      vertex -10.1996 -69.5503 0.6
      vertex -11.3798 -68.7006 0
      vertex -11.3798 -68.7006 0.6
    endloop
  endfacet
  facet normal 0.584285 0.811549 0
    outer loop
      vertex -10.1996 -69.5503 0.6
      vertex -10.1996 -69.5503 0
      vertex -11.3798 -68.7006 0
    endloop
  endfacet
  facet normal 0.471425 0.881906 0
    outer loop
      vertex -8.34515 -70.5416 0.6
      vertex -10.1996 -69.5503 0
      vertex -10.1996 -69.5503 0.6
    endloop
  endfacet
  facet normal 0.471425 0.881906 0
    outer loop
      vertex -8.34515 -70.5416 0.6
      vertex -8.34515 -70.5416 0
      vertex -10.1996 -69.5503 0
    endloop
  endfacet
  facet normal 0.318474 0.947932 0
    outer loop
      vertex -7.50221 -70.8248 0.6
      vertex -8.34515 -70.5416 0
      vertex -8.34515 -70.5416 0.6
    endloop
  endfacet
  facet normal 0.318474 0.947932 0
    outer loop
      vertex -7.50221 -70.8248 0.6
      vertex -7.50221 -70.8248 0
      vertex -8.34515 -70.5416 0
    endloop
  endfacet
  facet normal 0.464848 0.885391 0
    outer loop
      vertex -6.1535 -71.5329 0.6
      vertex -7.50221 -70.8248 0
      vertex -7.50221 -70.8248 0.6
    endloop
  endfacet
  facet normal 0.464848 0.885391 0
    outer loop
      vertex -6.1535 -71.5329 0.6
      vertex -6.1535 -71.5329 0
      vertex -7.50221 -70.8248 0
    endloop
  endfacet
  facet normal 0.643208 0.765691 0
    outer loop
      vertex -5.31056 -72.241 0.6
      vertex -6.1535 -71.5329 0
      vertex -6.1535 -71.5329 0.6
    endloop
  endfacet
  facet normal 0.643208 0.765691 0
    outer loop
      vertex -5.31056 -72.241 0.6
      vertex -5.31056 -72.241 0
      vertex -6.1535 -71.5329 0
    endloop
  endfacet
  facet normal 0.902861 0.429933 0
    outer loop
      vertex -4.97337 -72.9491 0.6
      vertex -5.31056 -72.241 0
      vertex -5.31056 -72.241 0.6
    endloop
  endfacet
  facet normal 0.902861 0.429933 0
    outer loop
      vertex -4.97337 -72.9491 0.6
      vertex -4.97337 -72.9491 0
      vertex -5.31056 -72.241 0
    endloop
  endfacet
  facet normal 1 -0 0
    outer loop
      vertex -4.97337 -74.082 0.6
      vertex -4.97337 -72.9491 0
      vertex -4.97337 -72.9491 0.6
    endloop
  endfacet
  facet normal 1 0 0
    outer loop
      vertex -4.97337 -74.082 0.6
      vertex -4.97337 -74.082 0
      vertex -4.97337 -72.9491 0
    endloop
  endfacet
  facet normal 0.859295 -0.511481 0
    outer loop
      vertex -5.47914 -74.9317 0.6
      vertex -4.97337 -74.082 0
      vertex -4.97337 -74.082 0.6
    endloop
  endfacet
  facet normal 0.859295 -0.511481 0
    outer loop
      vertex -5.47914 -74.9317 0.6
      vertex -5.47914 -74.9317 0
      vertex -4.97337 -74.082 0
    endloop
  endfacet
  facet normal 0.783247 -0.621711 0
    outer loop
      vertex -5.81633 -75.3565 0.6
      vertex -5.47914 -74.9317 0
      vertex -5.47914 -74.9317 0.6
    endloop
  endfacet
  facet normal 0.783247 -0.621711 0
    outer loop
      vertex -5.81633 -75.3565 0.6
      vertex -5.81633 -75.3565 0
      vertex -5.47914 -74.9317 0
    endloop
  endfacet
  facet normal 0.643208 -0.765691 0
    outer loop
      vertex -6.65927 -76.0646 0.6
      vertex -5.81633 -75.3565 0
      vertex -5.81633 -75.3565 0.6
    endloop
  endfacet
  facet normal 0.643208 -0.765691 0
    outer loop
      vertex -6.65927 -76.0646 0.6
      vertex -6.65927 -76.0646 0
      vertex -5.81633 -75.3565 0
    endloop
  endfacet
  facet normal 0.557791 -0.829981 0
    outer loop
      vertex -7.50221 -76.6311 0.6
      vertex -6.65927 -76.0646 0
      vertex -6.65927 -76.0646 0.6
    endloop
  endfacet
  facet normal 0.557791 -0.829981 0
    outer loop
      vertex -7.50221 -76.6311 0.6
      vertex -7.50221 -76.6311 0
      vertex -6.65927 -76.0646 0
    endloop
  endfacet
  facet normal 0.432692 -0.901542 0
    outer loop
      vertex -8.68234 -77.1975 0.6
      vertex -7.50221 -76.6311 0
      vertex -7.50221 -76.6311 0.6
    endloop
  endfacet
  facet normal 0.432692 -0.901542 0
    outer loop
      vertex -8.68234 -77.1975 0.6
      vertex -8.68234 -77.1975 0
      vertex -7.50221 -76.6311 0
    endloop
  endfacet
  facet normal 0.205498 -0.978657 0
    outer loop
      vertex -9.35669 -77.3391 0.6
      vertex -8.68234 -77.1975 0
      vertex -8.68234 -77.1975 0.6
    endloop
  endfacet
  facet normal 0.205498 -0.978657 0
    outer loop
      vertex -9.35669 -77.3391 0.6
      vertex -9.35669 -77.3391 0
      vertex -8.68234 -77.1975 0
    endloop
  endfacet
  facet normal 0 -1 0
    outer loop
      vertex -10.1996 -77.3391 0.6
      vertex -9.35669 -77.3391 0
      vertex -9.35669 -77.3391 0.6
    endloop
  endfacet
  facet normal 0 -1 0
    outer loop
      vertex -10.1996 -77.3391 0.6
      vertex -10.1996 -77.3391 0
      vertex -9.35669 -77.3391 0
    endloop
  endfacet
  facet normal 0.643128 -0.765759 0
    outer loop
      vertex -10.3682 -77.4807 0.6
      vertex -10.1996 -77.3391 0
      vertex -10.1996 -77.3391 0.6
    endloop
  endfacet
  facet normal 0.643128 -0.765759 0
    outer loop
      vertex -10.3682 -77.4807 0.6
      vertex -10.3682 -77.4807 0
      vertex -10.1996 -77.3391 0
    endloop
  endfacet
  facet normal 0 -1 0
    outer loop
      vertex -11.0426 -77.4807 0.6
      vertex -10.3682 -77.4807 0
      vertex -10.3682 -77.4807 0.6
    endloop
  endfacet
  facet normal 0 -1 0
    outer loop
      vertex -11.0426 -77.4807 0.6
      vertex -11.0426 -77.4807 0
      vertex -10.3682 -77.4807 0
    endloop
  endfacet
  facet normal -0.643128 -0.765759 0
    outer loop
      vertex -11.2112 -77.3391 0.6
      vertex -11.0426 -77.4807 0
      vertex -11.0426 -77.4807 0.6
    endloop
  endfacet
  facet normal -0.643128 -0.765759 -0
    outer loop
      vertex -11.2112 -77.3391 0.6
      vertex -11.2112 -77.3391 0
      vertex -11.0426 -77.4807 0
    endloop
  endfacet
  facet normal 0 -1 0
    outer loop
      vertex -12.0541 -77.3391 0.6
      vertex -11.2112 -77.3391 0
      vertex -11.2112 -77.3391 0.6
    endloop
  endfacet
  facet normal 0 -1 0
    outer loop
      vertex -12.0541 -77.3391 0.6
      vertex -12.0541 -77.3391 0
      vertex -11.2112 -77.3391 0
    endloop
  endfacet
  facet normal -0.244335 -0.969691 0
    outer loop
      vertex -13.74 -76.9143 0.6
      vertex -12.0541 -77.3391 0
      vertex -12.0541 -77.3391 0.6
    endloop
  endfacet
  facet normal -0.244335 -0.969691 -0
    outer loop
      vertex -13.74 -76.9143 0.6
      vertex -13.74 -76.9143 0
      vertex -12.0541 -77.3391 0
    endloop
  endfacet
  facet normal -0.48854 -0.872541 0
    outer loop
      vertex -14.2458 -76.6311 0.6
      vertex -13.74 -76.9143 0
      vertex -13.74 -76.9143 0.6
    endloop
  endfacet
  facet normal -0.48854 -0.872541 -0
    outer loop
      vertex -14.2458 -76.6311 0.6
      vertex -14.2458 -76.6311 0
      vertex -13.74 -76.9143 0
    endloop
  endfacet
  facet normal 0 -1 0
    outer loop
      vertex -14.583 -76.6311 0.6
      vertex -14.2458 -76.6311 0
      vertex -14.2458 -76.6311 0.6
    endloop
  endfacet
  facet normal 0 -1 0
    outer loop
      vertex -14.583 -76.6311 0.6
      vertex -14.583 -76.6311 0
      vertex -14.2458 -76.6311 0
    endloop
  endfacet
  facet normal -1 -0 0
    outer loop
      vertex -14.583 -76.0646 0.6
      vertex -14.583 -76.6311 0
      vertex -14.583 -76.6311 0.6
    endloop
  endfacet
  facet normal -1 0 -0
    outer loop
      vertex -14.583 -76.0646 0.6
      vertex -14.583 -76.0646 0
      vertex -14.583 -76.6311 0
    endloop
  endfacet
  facet normal -0.716357 0.697733 0
    outer loop
      vertex -13.0657 -74.5068 0.6
      vertex -14.583 -76.0646 0
      vertex -14.583 -76.0646 0.6
    endloop
  endfacet
  facet normal -0.716357 0.697733 0
    outer loop
      vertex -13.0657 -74.5068 0.6
      vertex -13.0657 -74.5068 0
      vertex -14.583 -76.0646 0
    endloop
  endfacet
  facet normal 0.724128 0.689665 0
    outer loop
      vertex -12.3913 -75.2149 0.6
      vertex -13.0657 -74.5068 0
      vertex -13.0657 -74.5068 0.6
    endloop
  endfacet
  facet normal 0.724128 0.689665 0
    outer loop
      vertex -12.3913 -75.2149 0.6
      vertex -12.3913 -75.2149 0
      vertex -13.0657 -74.5068 0
    endloop
  endfacet
  facet normal 0.48854 0.872541 0
    outer loop
      vertex -11.8855 -75.4981 0.6
      vertex -12.3913 -75.2149 0
      vertex -12.3913 -75.2149 0.6
    endloop
  endfacet
  facet normal 0.48854 0.872541 0
    outer loop
      vertex -11.8855 -75.4981 0.6
      vertex -11.8855 -75.4981 0
      vertex -12.3913 -75.2149 0
    endloop
  endfacet
  facet normal 0.387342 0.921936 0
    outer loop
      vertex -11.2112 -75.7814 0.6
      vertex -11.8855 -75.4981 0
      vertex -11.8855 -75.4981 0.6
    endloop
  endfacet
  facet normal 0.387342 0.921936 0
    outer loop
      vertex -11.2112 -75.7814 0.6
      vertex -11.2112 -75.7814 0
      vertex -11.8855 -75.4981 0
    endloop
  endfacet
  facet normal 0.244332 0.969692 0
    outer loop
      vertex -9.52528 -76.2062 0.6
      vertex -11.2112 -75.7814 0
      vertex -11.2112 -75.7814 0.6
    endloop
  endfacet
  facet normal 0.244332 0.969692 0
    outer loop
      vertex -9.52528 -76.2062 0.6
      vertex -9.52528 -76.2062 0
      vertex -11.2112 -75.7814 0
    endloop
  endfacet
  facet normal 0 1 0
    outer loop
      vertex -8.68234 -76.2062 0.6
      vertex -9.52528 -76.2062 0
      vertex -9.52528 -76.2062 0.6
    endloop
  endfacet
  facet normal 0 1 0
    outer loop
      vertex -8.68234 -76.2062 0.6
      vertex -8.68234 -76.2062 0
      vertex -9.52528 -76.2062 0
    endloop
  endfacet
  facet normal -0.269602 0.962972 0
    outer loop
      vertex -8.17657 -76.0646 0.6
      vertex -8.68234 -76.2062 0
      vertex -8.68234 -76.2062 0.6
    endloop
  endfacet
  facet normal -0.269602 0.962972 0
    outer loop
      vertex -8.17657 -76.0646 0.6
      vertex -8.17657 -76.0646 0
      vertex -8.68234 -76.2062 0
    endloop
  endfacet
  facet normal -0.643204 0.765695 0
    outer loop
      vertex -7.33362 -75.3565 0.6
      vertex -8.17657 -76.0646 0
      vertex -8.17657 -76.0646 0.6
    endloop
  endfacet
  facet normal -0.643204 0.765695 0
    outer loop
      vertex -7.33362 -75.3565 0.6
      vertex -7.33362 -75.3565 0
      vertex -8.17657 -76.0646 0
    endloop
  endfacet
  facet normal -0.859281 0.511503 0
    outer loop
      vertex -7.16504 -75.0733 0.6
      vertex -7.33362 -75.3565 0
      vertex -7.33362 -75.3565 0.6
    endloop
  endfacet
  facet normal -0.859281 0.511503 0
    outer loop
      vertex -7.16504 -75.0733 0.6
      vertex -7.16504 -75.0733 0
      vertex -7.33362 -75.3565 0
    endloop
  endfacet
  facet normal -1 -0 0
    outer loop
      vertex -7.16504 -74.3652 0.6
      vertex -7.16504 -75.0733 0
      vertex -7.16504 -75.0733 0.6
    endloop
  endfacet
  facet normal -1 0 -0
    outer loop
      vertex -7.16504 -74.3652 0.6
      vertex -7.16504 -74.3652 0
      vertex -7.16504 -75.0733 0
    endloop
  endfacet
  facet normal -0.929484 -0.368862 0
    outer loop
      vertex -7.33362 -73.9404 0.6
      vertex -7.16504 -74.3652 0
      vertex -7.16504 -74.3652 0.6
    endloop
  endfacet
  facet normal -0.929484 -0.368862 -0
    outer loop
      vertex -7.33362 -73.9404 0.6
      vertex -7.33362 -73.9404 0
      vertex -7.16504 -74.3652 0
    endloop
  endfacet
  facet normal -0.643189 -0.765708 0
    outer loop
      vertex -8.51375 -72.9491 0.6
      vertex -7.33362 -73.9404 0
      vertex -7.33362 -73.9404 0.6
    endloop
  endfacet
  facet normal -0.643189 -0.765708 -0
    outer loop
      vertex -8.51375 -72.9491 0.6
      vertex -8.51375 -72.9491 0
      vertex -7.33362 -73.9404 0
    endloop
  endfacet
  facet normal -0.387252 -0.921974 0
    outer loop
      vertex -10.1996 -72.241 0.6
      vertex -8.51375 -72.9491 0
      vertex -8.51375 -72.9491 0.6
    endloop
  endfacet
  facet normal -0.387252 -0.921974 -0
    outer loop
      vertex -10.1996 -72.241 0.6
      vertex -10.1996 -72.241 0
      vertex -8.51375 -72.9491 0
    endloop
  endfacet
  facet normal -0.475131 -0.879915 0
    outer loop
      vertex -12.5599 -70.9665 0.6
      vertex -10.1996 -72.241 0
      vertex -10.1996 -72.241 0.6
    endloop
  endfacet
  facet normal -0.475131 -0.879915 -0
    outer loop
      vertex -12.5599 -70.9665 0.6
      vertex -12.5599 -70.9665 0
      vertex -10.1996 -72.241 0
    endloop
  endfacet
  facet normal -0.643198 -0.7657 0
    outer loop
      vertex -13.74 -69.9752 0.6
      vertex -12.5599 -70.9665 0
      vertex -12.5599 -70.9665 0.6
    endloop
  endfacet
  facet normal -0.643198 -0.7657 -0
    outer loop
      vertex -13.74 -69.9752 0.6
      vertex -13.74 -69.9752 0
      vertex -12.5599 -70.9665 0
    endloop
  endfacet
  facet normal -0.902856 -0.429943 0
    outer loop
      vertex -14.0772 -69.2671 0.6
      vertex -13.74 -69.9752 0
      vertex -13.74 -69.9752 0.6
    endloop
  endfacet
  facet normal -0.902856 -0.429943 -0
    outer loop
      vertex -14.0772 -69.2671 0.6
      vertex -14.0772 -69.2671 0
      vertex -13.74 -69.9752 0
    endloop
  endfacet
  facet normal -1 -0 0
    outer loop
      vertex -14.0772 -68.1342 0.6
      vertex -14.0772 -69.2671 0
      vertex -14.0772 -69.2671 0.6
    endloop
  endfacet
  facet normal -1 0 -0
    outer loop
      vertex -14.0772 -68.1342 0.6
      vertex -14.0772 -68.1342 0
      vertex -14.0772 -69.2671 0
    endloop
  endfacet
  facet normal -0.902856 0.429943 0
    outer loop
      vertex -13.74 -67.4261 0.6
      vertex -14.0772 -68.1342 0
      vertex -14.0772 -68.1342 0.6
    endloop
  endfacet
  facet normal -0.902856 0.429943 0
    outer loop
      vertex -13.74 -67.4261 0.6
      vertex -13.74 -67.4261 0
      vertex -14.0772 -68.1342 0
    endloop
  endfacet
  facet normal -0.783309 0.621633 0
    outer loop
      vertex -13.4028 -67.0012 0.6
      vertex -13.74 -67.4261 0
      vertex -13.74 -67.4261 0.6
    endloop
  endfacet
  facet normal -0.783309 0.621633 0
    outer loop
      vertex -13.4028 -67.0012 0.6
      vertex -13.4028 -67.0012 0
      vertex -13.74 -67.4261 0
    endloop
  endfacet
  facet normal -0.643165 0.765727 0
    outer loop
      vertex -12.3913 -66.1516 0.6
      vertex -13.4028 -67.0012 0
      vertex -13.4028 -67.0012 0.6
    endloop
  endfacet
  facet normal -0.643165 0.765727 0
    outer loop
      vertex -12.3913 -66.1516 0.6
      vertex -12.3913 -66.1516 0
      vertex -13.4028 -67.0012 0
    endloop
  endfacet
  facet normal -0.488609 0.872503 0
    outer loop
      vertex -10.874 -65.3019 0.6
      vertex -12.3913 -66.1516 0
      vertex -12.3913 -66.1516 0.6
    endloop
  endfacet
  facet normal -0.488609 0.872503 0
    outer loop
      vertex -10.874 -65.3019 0.6
      vertex -10.874 -65.3019 0
      vertex -12.3913 -66.1516 0
    endloop
  endfacet
  facet normal -0.269691 0.962947 0
    outer loop
      vertex -9.86246 -65.0186 0.6
      vertex -10.874 -65.3019 0
      vertex -10.874 -65.3019 0.6
    endloop
  endfacet
  facet normal -0.269691 0.962947 0
    outer loop
      vertex -9.86246 -65.0186 0.6
      vertex -9.86246 -65.0186 0
      vertex -10.874 -65.3019 0
    endloop
  endfacet
  facet normal 0 1 0
    outer loop
      vertex -8.51375 -65.0186 0.6
      vertex -9.86246 -65.0186 0
      vertex -9.86246 -65.0186 0.6
    endloop
  endfacet
  facet normal 0 1 0
    outer loop
      vertex -8.51375 -65.0186 0.6
      vertex -8.51375 -65.0186 0
      vertex -9.86246 -65.0186 0
    endloop
  endfacet
  facet normal 0.165699 0.986176 0
    outer loop
      vertex -5.98491 -65.4435 0.6
      vertex -8.51375 -65.0186 0
      vertex -8.51375 -65.0186 0.6
    endloop
  endfacet
  facet normal 0.165699 0.986176 0
    outer loop
      vertex -5.98491 -65.4435 0.6
      vertex -5.98491 -65.4435 0
      vertex -8.51375 -65.0186 0
    endloop
  endfacet
  facet normal 0.7099 -0.704302 0
    outer loop
      vertex -84.0417 -66.2932 0.6
      vertex -83.1987 -65.4435 0
      vertex -83.1987 -65.4435 0.6
    endloop
  endfacet
  facet normal 0.7099 -0.704302 0
    outer loop
      vertex -84.0417 -66.2932 0.6
      vertex -84.0417 -66.2932 0
      vertex -83.1987 -65.4435 0
    endloop
  endfacet
  facet normal 0.0761332 -0.997098 0
    outer loop
      vertex -85.8962 -66.4348 0.6
      vertex -84.0417 -66.2932 0
      vertex -84.0417 -66.2932 0.6
    endloop
  endfacet
  facet normal 0.0761332 -0.997098 0
    outer loop
      vertex -85.8962 -66.4348 0.6
      vertex -85.8962 -66.4348 0
      vertex -84.0417 -66.2932 0
    endloop
  endfacet
  facet normal -0.0419584 -0.999119 0
    outer loop
      vertex -89.268 -66.2932 0.6
      vertex -85.8962 -66.4348 0
      vertex -85.8962 -66.4348 0.6
    endloop
  endfacet
  facet normal -0.0419584 -0.999119 -0
    outer loop
      vertex -89.268 -66.2932 0.6
      vertex -89.268 -66.2932 0
      vertex -85.8962 -66.4348 0
    endloop
  endfacet
  facet normal 0.64324 -0.765665 0
    outer loop
      vertex -89.6051 -66.5764 0.6
      vertex -89.268 -66.2932 0
      vertex -89.268 -66.2932 0.6
    endloop
  endfacet
  facet normal 0.64324 -0.765665 0
    outer loop
      vertex -89.6051 -66.5764 0.6
      vertex -89.6051 -66.5764 0
      vertex -89.268 -66.2932 0
    endloop
  endfacet
  facet normal 1 -0 0
    outer loop
      vertex -89.6051 -69.8336 0.6
      vertex -89.6051 -66.5764 0
      vertex -89.6051 -66.5764 0.6
    endloop
  endfacet
  facet normal 1 0 0
    outer loop
      vertex -89.6051 -69.8336 0.6
      vertex -89.6051 -69.8336 0
      vertex -89.6051 -66.5764 0
    endloop
  endfacet
  facet normal 0.64324 0.765665 0
    outer loop
      vertex -89.268 -70.1168 0.6
      vertex -89.6051 -69.8336 0
      vertex -89.6051 -69.8336 0.6
    endloop
  endfacet
  facet normal 0.64324 0.765665 0
    outer loop
      vertex -89.268 -70.1168 0.6
      vertex -89.268 -70.1168 0
      vertex -89.6051 -69.8336 0
    endloop
  endfacet
  facet normal -0.0399635 0.999201 0
    outer loop
      vertex -85.7276 -69.9752 0.6
      vertex -89.268 -70.1168 0
      vertex -89.268 -70.1168 0.6
    endloop
  endfacet
  facet normal -0.0399635 0.999201 0
    outer loop
      vertex -85.7276 -69.9752 0.6
      vertex -85.7276 -69.9752 0
      vertex -89.268 -70.1168 0
    endloop
  endfacet
  facet normal 0.0929199 0.995674 0
    outer loop
      vertex -84.2103 -70.1168 0.6
      vertex -85.7276 -69.9752 0
      vertex -85.7276 -69.9752 0.6
    endloop
  endfacet
  facet normal 0.0929199 0.995674 0
    outer loop
      vertex -84.2103 -70.1168 0.6
      vertex -84.2103 -70.1168 0
      vertex -85.7276 -69.9752 0
    endloop
  endfacet
  facet normal 0.643128 -0.765759 0
    outer loop
      vertex -84.5475 -70.4 0.6
      vertex -84.2103 -70.1168 0
      vertex -84.2103 -70.1168 0.6
    endloop
  endfacet
  facet normal 0.643128 -0.765759 0
    outer loop
      vertex -84.5475 -70.4 0.6
      vertex -84.5475 -70.4 0
      vertex -84.2103 -70.1168 0
    endloop
  endfacet
  facet normal 1 -0 0
    outer loop
      vertex -84.5475 -70.5416 0.6
      vertex -84.5475 -70.4 0
      vertex -84.5475 -70.4 0.6
    endloop
  endfacet
  facet normal 1 0 0
    outer loop
      vertex -84.5475 -70.5416 0.6
      vertex -84.5475 -70.5416 0
      vertex -84.5475 -70.4 0
    endloop
  endfacet
  facet normal 0.643291 -0.765621 0
    outer loop
      vertex -85.0532 -70.9665 0.6
      vertex -84.5475 -70.5416 0
      vertex -84.5475 -70.5416 0.6
    endloop
  endfacet
  facet normal 0.643291 -0.765621 0
    outer loop
      vertex -85.0532 -70.9665 0.6
      vertex -85.0532 -70.9665 0
      vertex -84.5475 -70.5416 0
    endloop
  endfacet
  facet normal 1 -0 0
    outer loop
      vertex -85.0532 -71.1081 0.6
      vertex -85.0532 -70.9665 0
      vertex -85.0532 -70.9665 0.6
    endloop
  endfacet
  facet normal 1 0 0
    outer loop
      vertex -85.0532 -71.1081 0.6
      vertex -85.0532 -71.1081 0
      vertex -85.0532 -70.9665 0
    endloop
  endfacet
  facet normal 0.643128 -0.765759 0
    outer loop
      vertex -85.3904 -71.3913 0.6
      vertex -85.0532 -71.1081 0
      vertex -85.0532 -71.1081 0.6
    endloop
  endfacet
  facet normal 0.643128 -0.765759 0
    outer loop
      vertex -85.3904 -71.3913 0.6
      vertex -85.3904 -71.3913 0
      vertex -85.0532 -71.1081 0
    endloop
  endfacet
  facet normal 0 -1 0
    outer loop
      vertex -89.268 -71.3913 0.6
      vertex -85.3904 -71.3913 0
      vertex -85.3904 -71.3913 0.6
    endloop
  endfacet
  facet normal 0 -1 0
    outer loop
      vertex -89.268 -71.3913 0.6
      vertex -89.268 -71.3913 0
      vertex -85.3904 -71.3913 0
    endloop
  endfacet
  facet normal 0.64324 -0.765665 0
    outer loop
      vertex -89.6051 -71.6745 0.6
      vertex -89.268 -71.3913 0
      vertex -89.268 -71.3913 0.6
    endloop
  endfacet
  facet normal 0.64324 -0.765665 0
    outer loop
      vertex -89.6051 -71.6745 0.6
      vertex -89.6051 -71.6745 0
      vertex -89.268 -71.3913 0
    endloop
  endfacet
  facet normal 0.999029 -0.0440518 0
    outer loop
      vertex -89.7737 -75.4981 0.6
      vertex -89.6051 -71.6745 0
      vertex -89.6051 -71.6745 0.6
    endloop
  endfacet
  facet normal 0.999029 -0.0440518 0
    outer loop
      vertex -89.7737 -75.4981 0.6
      vertex -89.7737 -75.4981 0
      vertex -89.6051 -71.6745 0
    endloop
  endfacet
  facet normal 0.643373 0.765553 0
    outer loop
      vertex -89.4366 -75.7814 0.6
      vertex -89.7737 -75.4981 0
      vertex -89.7737 -75.4981 0.6
    endloop
  endfacet
  facet normal 0.643373 0.765553 0
    outer loop
      vertex -89.4366 -75.7814 0.6
      vertex -89.4366 -75.7814 0
      vertex -89.7737 -75.4981 0
    endloop
  endfacet
  facet normal 0 1 0
    outer loop
      vertex -84.8846 -75.7814 0.6
      vertex -89.4366 -75.7814 0
      vertex -89.4366 -75.7814 0.6
    endloop
  endfacet
  facet normal 0 1 0
    outer loop
      vertex -84.8846 -75.7814 0.6
      vertex -84.8846 -75.7814 0
      vertex -89.4366 -75.7814 0
    endloop
  endfacet
  facet normal -0.15102 0.988531 0
    outer loop
      vertex -83.0302 -75.4981 0.6
      vertex -84.8846 -75.7814 0
      vertex -84.8846 -75.7814 0.6
    endloop
  endfacet
  facet normal -0.15102 0.988531 0
    outer loop
      vertex -83.0302 -75.4981 0.6
      vertex -83.0302 -75.4981 0
      vertex -84.8846 -75.7814 0
    endloop
  endfacet
  facet normal -0.387177 0.922006 0
    outer loop
      vertex -82.3558 -75.2149 0.6
      vertex -83.0302 -75.4981 0
      vertex -83.0302 -75.4981 0.6
    endloop
  endfacet
  facet normal -0.387177 0.922006 0
    outer loop
      vertex -82.3558 -75.2149 0.6
      vertex -82.3558 -75.2149 0
      vertex -83.0302 -75.4981 0
    endloop
  endfacet
  facet normal -0.643128 0.765759 0
    outer loop
      vertex -82.0186 -74.9317 0.6
      vertex -82.3558 -75.2149 0
      vertex -82.3558 -75.2149 0.6
    endloop
  endfacet
  facet normal -0.643128 0.765759 0
    outer loop
      vertex -82.0186 -74.9317 0.6
      vertex -82.0186 -74.9317 0
      vertex -82.3558 -75.2149 0
    endloop
  endfacet
  facet normal 1 -0 0
    outer loop
      vertex -82.0186 -75.3565 0.6
      vertex -82.0186 -74.9317 0
      vertex -82.0186 -74.9317 0.6
    endloop
  endfacet
  facet normal 1 0 0
    outer loop
      vertex -82.0186 -75.3565 0.6
      vertex -82.0186 -75.3565 0
      vertex -82.0186 -74.9317 0
    endloop
  endfacet
  facet normal 0.74594 -0.666013 0
    outer loop
      vertex -83.0302 -76.4895 0.6
      vertex -82.0186 -75.3565 0
      vertex -82.0186 -75.3565 0.6
    endloop
  endfacet
  facet normal 0.74594 -0.666013 0
    outer loop
      vertex -83.0302 -76.4895 0.6
      vertex -83.0302 -76.4895 0
      vertex -82.0186 -75.3565 0
    endloop
  endfacet
  facet normal 0.643173 -0.765721 0
    outer loop
      vertex -83.8731 -77.1975 0.6
      vertex -83.0302 -76.4895 0
      vertex -83.0302 -76.4895 0.6
    endloop
  endfacet
  facet normal 0.643173 -0.765721 0
    outer loop
      vertex -83.8731 -77.1975 0.6
      vertex -83.8731 -77.1975 0
      vertex -83.0302 -76.4895 0
    endloop
  endfacet
  facet normal 0.387177 -0.922006 0
    outer loop
      vertex -84.2103 -77.3391 0.6
      vertex -83.8731 -77.1975 0
      vertex -83.8731 -77.1975 0.6
    endloop
  endfacet
  facet normal 0.387177 -0.922006 0
    outer loop
      vertex -84.2103 -77.3391 0.6
      vertex -84.2103 -77.3391 0
      vertex -83.8731 -77.1975 0
    endloop
  endfacet
  facet normal -0.016796 -0.999859 0
    outer loop
      vertex -92.6397 -77.1975 0.6
      vertex -84.2103 -77.3391 0
      vertex -84.2103 -77.3391 0.6
    endloop
  endfacet
  facet normal -0.016796 -0.999859 -0
    outer loop
      vertex -92.6397 -77.1975 0.6
      vertex -92.6397 -77.1975 0
      vertex -84.2103 -77.3391 0
    endloop
  endfacet
  facet normal 0.318453 -0.947939 0
    outer loop
      vertex -93.4827 -77.4807 0.6
      vertex -92.6397 -77.1975 0
      vertex -92.6397 -77.1975 0.6
    endloop
  endfacet
  facet normal 0.318453 -0.947939 0
    outer loop
      vertex -93.4827 -77.4807 0.6
      vertex -93.4827 -77.4807 0
      vertex -92.6397 -77.1975 0
    endloop
  endfacet
  facet normal -0.761757 0.647863 0
    outer loop
      vertex -92.6397 -76.4895 0.6
      vertex -93.4827 -77.4807 0
      vertex -93.4827 -77.4807 0.6
    endloop
  endfacet
  facet normal -0.761757 0.647863 0
    outer loop
      vertex -92.6397 -76.4895 0.6
      vertex -92.6397 -76.4895 0
      vertex -93.4827 -77.4807 0
    endloop
  endfacet
  facet normal -0.859361 0.511369 0
    outer loop
      vertex -92.3026 -75.923 0.6
      vertex -92.6397 -76.4895 0
      vertex -92.6397 -76.4895 0.6
    endloop
  endfacet
  facet normal -0.859361 0.511369 0
    outer loop
      vertex -92.3026 -75.923 0.6
      vertex -92.3026 -75.923 0
      vertex -92.6397 -76.4895 0
    endloop
  endfacet
  facet normal -1 -0 0
    outer loop
      vertex -92.3026 -66.8596 0.6
      vertex -92.3026 -75.923 0
      vertex -92.3026 -75.923 0.6
    endloop
  endfacet
  facet normal -1 0 -0
    outer loop
      vertex -92.3026 -66.8596 0.6
      vertex -92.3026 -66.8596 0
      vertex -92.3026 -75.923 0
    endloop
  endfacet
  facet normal -0.859255 -0.511548 0
    outer loop
      vertex -92.4712 -66.5764 0.6
      vertex -92.3026 -66.8596 0
      vertex -92.3026 -66.8596 0.6
    endloop
  endfacet
  facet normal -0.859255 -0.511548 -0
    outer loop
      vertex -92.4712 -66.5764 0.6
      vertex -92.4712 -66.5764 0
      vertex -92.3026 -66.8596 0
    endloop
  endfacet
  facet normal -0.64324 -0.765665 0
    outer loop
      vertex -92.8083 -66.2932 0.6
      vertex -92.4712 -66.5764 0
      vertex -92.4712 -66.5764 0.6
    endloop
  endfacet
  facet normal -0.64324 -0.765665 -0
    outer loop
      vertex -92.8083 -66.2932 0.6
      vertex -92.8083 -66.2932 0
      vertex -92.4712 -66.5764 0
    endloop
  endfacet
  facet normal -0.387177 -0.922006 0
    outer loop
      vertex -93.1455 -66.1516 0.6
      vertex -92.8083 -66.2932 0
      vertex -92.8083 -66.2932 0.6
    endloop
  endfacet
  facet normal -0.387177 -0.922006 -0
    outer loop
      vertex -93.1455 -66.1516 0.6
      vertex -93.1455 -66.1516 0
      vertex -92.8083 -66.2932 0
    endloop
  endfacet
  facet normal 0 -1 0
    outer loop
      vertex -93.6513 -66.1516 0.6
      vertex -93.1455 -66.1516 0
      vertex -93.1455 -66.1516 0.6
    endloop
  endfacet
  facet normal 0 -1 0
    outer loop
      vertex -93.6513 -66.1516 0.6
      vertex -93.6513 -66.1516 0
      vertex -93.1455 -66.1516 0
    endloop
  endfacet
  facet normal 0.643128 -0.765759 0
    outer loop
      vertex -93.8199 -66.2932 0.6
      vertex -93.6513 -66.1516 0
      vertex -93.6513 -66.1516 0.6
    endloop
  endfacet
  facet normal 0.643128 -0.765759 0
    outer loop
      vertex -93.8199 -66.2932 0.6
      vertex -93.8199 -66.2932 0
      vertex -93.6513 -66.1516 0
    endloop
  endfacet
  facet normal 0.16567 -0.986181 0
    outer loop
      vertex -94.6628 -66.4348 0.6
      vertex -93.8199 -66.2932 0
      vertex -93.8199 -66.2932 0.6
    endloop
  endfacet
  facet normal 0.16567 -0.986181 0
    outer loop
      vertex -94.6628 -66.4348 0.6
      vertex -94.6628 -66.4348 0
      vertex -93.8199 -66.2932 0
    endloop
  endfacet
  facet normal -0.387177 -0.922006 0
    outer loop
      vertex -95 -66.2932 0.6
      vertex -94.6628 -66.4348 0
      vertex -94.6628 -66.4348 0.6
    endloop
  endfacet
  facet normal -0.387177 -0.922006 -0
    outer loop
      vertex -95 -66.2932 0.6
      vertex -95 -66.2932 0
      vertex -94.6628 -66.4348 0
    endloop
  endfacet
  facet normal -0.643195 0.765703 0
    outer loop
      vertex -94.3256 -65.7267 0.6
      vertex -95 -66.2932 0
      vertex -95 -66.2932 0.6
    endloop
  endfacet
  facet normal -0.643195 0.765703 0
    outer loop
      vertex -94.3256 -65.7267 0.6
      vertex -94.3256 -65.7267 0
      vertex -95 -66.2932 0
    endloop
  endfacet
  facet normal -0.387226 0.921985 0
    outer loop
      vertex -93.6513 -65.4435 0.6
      vertex -94.3256 -65.7267 0
      vertex -94.3256 -65.7267 0.6
    endloop
  endfacet
  facet normal -0.387226 0.921985 0
    outer loop
      vertex -93.6513 -65.4435 0.6
      vertex -93.6513 -65.4435 0
      vertex -94.3256 -65.7267 0
    endloop
  endfacet
  facet normal -0.269588 0.962976 0
    outer loop
      vertex -92.6397 -65.1603 0.6
      vertex -93.6513 -65.4435 0
      vertex -93.6513 -65.4435 0.6
    endloop
  endfacet
  facet normal -0.269588 0.962976 0
    outer loop
      vertex -92.6397 -65.1603 0.6
      vertex -92.6397 -65.1603 0
      vertex -93.6513 -65.4435 0
    endloop
  endfacet
  facet normal -0.111333 0.993783 0
    outer loop
      vertex -90.1109 -64.877 0.6
      vertex -92.6397 -65.1603 0
      vertex -92.6397 -65.1603 0.6
    endloop
  endfacet
  facet normal -0.111333 0.993783 0
    outer loop
      vertex -90.1109 -64.877 0.6
      vertex -90.1109 -64.877 0
      vertex -92.6397 -65.1603 0
    endloop
  endfacet
  facet normal -0.019994 0.9998 0
    outer loop
      vertex -83.0302 -64.7354 0.6
      vertex -90.1109 -64.877 0
      vertex -90.1109 -64.877 0.6
    endloop
  endfacet
  facet normal -0.019994 0.9998 0
    outer loop
      vertex -83.0302 -64.7354 0.6
      vertex -83.0302 -64.7354 0
      vertex -90.1109 -64.877 0
    endloop
  endfacet
  facet normal 0.972836 -0.231497 0
    outer loop
      vertex -83.1987 -65.4435 0.6
      vertex -83.0302 -64.7354 0
      vertex -83.0302 -64.7354 0.6
    endloop
  endfacet
  facet normal 0.972836 -0.231497 0
    outer loop
      vertex -83.1987 -65.4435 0.6
      vertex -83.1987 -65.4435 0
      vertex -83.0302 -64.7354 0
    endloop
  endfacet
  facet normal 0.929544 -0.36871 0
    outer loop
      vertex 64.4854 -65.7267 0.6
      vertex 64.6539 -65.3019 0
      vertex 64.6539 -65.3019 0.6
    endloop
  endfacet
  facet normal 0.929544 -0.36871 0
    outer loop
      vertex 64.4854 -65.7267 0.6
      vertex 64.4854 -65.7267 0
      vertex 64.6539 -65.3019 0
    endloop
  endfacet
  facet normal 0.643217 -0.765684 0
    outer loop
      vertex 63.9796 -66.1516 0.6
      vertex 64.4854 -65.7267 0
      vertex 64.4854 -65.7267 0.6
    endloop
  endfacet
  facet normal 0.643217 -0.765684 0
    outer loop
      vertex 63.9796 -66.1516 0.6
      vertex 63.9796 -66.1516 0
      vertex 64.4854 -65.7267 0
    endloop
  endfacet
  facet normal 1 -0 0
    outer loop
      vertex 63.9796 -66.2932 0.6
      vertex 63.9796 -66.1516 0
      vertex 63.9796 -66.1516 0.6
    endloop
  endfacet
  facet normal 1 0 0
    outer loop
      vertex 63.9796 -66.2932 0.6
      vertex 63.9796 -66.2932 0
      vertex 63.9796 -66.1516 0
    endloop
  endfacet
  facet normal 0.643128 -0.765759 0
    outer loop
      vertex 63.6424 -66.5764 0.6
      vertex 63.9796 -66.2932 0
      vertex 63.9796 -66.2932 0.6
    endloop
  endfacet
  facet normal 0.643128 -0.765759 0
    outer loop
      vertex 63.6424 -66.5764 0.6
      vertex 63.6424 -66.5764 0
      vertex 63.9796 -66.2932 0
    endloop
  endfacet
  facet normal 0 -1 0
    outer loop
      vertex 61.9565 -66.5764 0.6
      vertex 63.6424 -66.5764 0
      vertex 63.6424 -66.5764 0.6
    endloop
  endfacet
  facet normal 0 -1 0
    outer loop
      vertex 61.9565 -66.5764 0.6
      vertex 61.9565 -66.5764 0
      vertex 63.6424 -66.5764 0
    endloop
  endfacet
  facet normal -0.0524228 -0.998625 0
    outer loop
      vertex 59.2591 -66.4348 0.6
      vertex 61.9565 -66.5764 0
      vertex 61.9565 -66.5764 0.6
    endloop
  endfacet
  facet normal -0.0524228 -0.998625 -0
    outer loop
      vertex 59.2591 -66.4348 0.6
      vertex 59.2591 -66.4348 0
      vertex 61.9565 -66.5764 0
    endloop
  endfacet
  facet normal 0.643128 -0.765759 0
    outer loop
      vertex 58.9219 -66.718 0.6
      vertex 59.2591 -66.4348 0
      vertex 59.2591 -66.4348 0.6
    endloop
  endfacet
  facet normal 0.643128 -0.765759 0
    outer loop
      vertex 58.9219 -66.718 0.6
      vertex 58.9219 -66.718 0
      vertex 59.2591 -66.4348 0
    endloop
  endfacet
  facet normal 1 -0 0
    outer loop
      vertex 58.9219 -69.9752 0.6
      vertex 58.9219 -66.718 0
      vertex 58.9219 -66.718 0.6
    endloop
  endfacet
  facet normal 1 0 0
    outer loop
      vertex 58.9219 -69.9752 0.6
      vertex 58.9219 -69.9752 0
      vertex 58.9219 -66.718 0
    endloop
  endfacet
  facet normal 0.643128 0.765759 0
    outer loop
      vertex 59.2591 -70.2584 0.6
      vertex 58.9219 -69.9752 0
      vertex 58.9219 -69.9752 0.6
    endloop
  endfacet
  facet normal 0.643128 0.765759 0
    outer loop
      vertex 59.2591 -70.2584 0.6
      vertex 59.2591 -70.2584 0
      vertex 58.9219 -69.9752 0
    endloop
  endfacet
  facet normal -0.0419584 0.999119 0
    outer loop
      vertex 62.6309 -70.1168 0.6
      vertex 59.2591 -70.2584 0
      vertex 59.2591 -70.2584 0.6
    endloop
  endfacet
  facet normal -0.0419584 0.999119 0
    outer loop
      vertex 62.6309 -70.1168 0.6
      vertex 62.6309 -70.1168 0
      vertex 59.2591 -70.2584 0
    endloop
  endfacet
  facet normal 0.119135 0.992878 0
    outer loop
      vertex 63.811 -70.2584 0.6
      vertex 62.6309 -70.1168 0
      vertex 62.6309 -70.1168 0.6
    endloop
  endfacet
  facet normal 0.119135 0.992878 0
    outer loop
      vertex 63.811 -70.2584 0.6
      vertex 63.811 -70.2584 0
      vertex 62.6309 -70.1168 0
    endloop
  endfacet
  facet normal 0.643128 -0.765759 0
    outer loop
      vertex 63.4738 -70.5416 0.6
      vertex 63.811 -70.2584 0
      vertex 63.811 -70.2584 0.6
    endloop
  endfacet
  facet normal 0.643128 -0.765759 0
    outer loop
      vertex 63.4738 -70.5416 0.6
      vertex 63.4738 -70.5416 0
      vertex 63.811 -70.2584 0
    endloop
  endfacet
  facet normal 0.859294 -0.511481 0
    outer loop
      vertex 63.1366 -71.1081 0.6
      vertex 63.4738 -70.5416 0
      vertex 63.4738 -70.5416 0.6
    endloop
  endfacet
  facet normal 0.859294 -0.511481 0
    outer loop
      vertex 63.1366 -71.1081 0.6
      vertex 63.1366 -71.1081 0
      vertex 63.4738 -70.5416 0
    endloop
  endfacet
  facet normal 0.643203 -0.765696 0
    outer loop
      vertex 62.6309 -71.5329 0.6
      vertex 63.1366 -71.1081 0
      vertex 63.1366 -71.1081 0.6
    endloop
  endfacet
  facet normal 0.643203 -0.765696 0
    outer loop
      vertex 62.6309 -71.5329 0.6
      vertex 62.6309 -71.5329 0
      vertex 63.1366 -71.1081 0
    endloop
  endfacet
  facet normal 0 -1 0
    outer loop
      vertex 59.4277 -71.5329 0.6
      vertex 62.6309 -71.5329 0
      vertex 62.6309 -71.5329 0.6
    endloop
  endfacet
  facet normal 0 -1 0
    outer loop
      vertex 59.4277 -71.5329 0.6
      vertex 59.4277 -71.5329 0
      vertex 62.6309 -71.5329 0
    endloop
  endfacet
  facet normal 0.643261 -0.765647 0
    outer loop
      vertex 59.0905 -71.8162 0.6
      vertex 59.4277 -71.5329 0
      vertex 59.4277 -71.5329 0.6
    endloop
  endfacet
  facet normal 0.643261 -0.765647 0
    outer loop
      vertex 59.0905 -71.8162 0.6
      vertex 59.0905 -71.8162 0
      vertex 59.4277 -71.5329 0
    endloop
  endfacet
  facet normal 0.998233 -0.0594224 0
    outer loop
      vertex 58.9219 -74.6485 0.6
      vertex 59.0905 -71.8162 0
      vertex 59.0905 -71.8162 0.6
    endloop
  endfacet
  facet normal 0.998233 -0.0594224 0
    outer loop
      vertex 58.9219 -74.6485 0.6
      vertex 58.9219 -74.6485 0
      vertex 59.0905 -71.8162 0
    endloop
  endfacet
  facet normal 0.985843 0.167672 0
    outer loop
      vertex 59.0905 -75.6398 0.6
      vertex 58.9219 -74.6485 0
      vertex 58.9219 -74.6485 0.6
    endloop
  endfacet
  facet normal 0.985843 0.167672 0
    outer loop
      vertex 59.0905 -75.6398 0.6
      vertex 59.0905 -75.6398 0
      vertex 58.9219 -74.6485 0
    endloop
  endfacet
  facet normal 0.929469 0.3689 0
    outer loop
      vertex 59.2591 -76.0646 0.6
      vertex 59.0905 -75.6398 0
      vertex 59.0905 -75.6398 0.6
    endloop
  endfacet
  facet normal 0.929469 0.3689 0
    outer loop
      vertex 59.2591 -76.0646 0.6
      vertex 59.2591 -76.0646 0
      vertex 59.0905 -75.6398 0
    endloop
  endfacet
  facet normal 0.643128 0.765759 0
    outer loop
      vertex 59.5963 -76.3478 0.6
      vertex 59.2591 -76.0646 0
      vertex 59.2591 -76.0646 0.6
    endloop
  endfacet
  facet normal 0.643128 0.765759 0
    outer loop
      vertex 59.5963 -76.3478 0.6
      vertex 59.5963 -76.3478 0
      vertex 59.2591 -76.0646 0
    endloop
  endfacet
  facet normal 0.643261 -0.765647 0
    outer loop
      vertex 59.2591 -76.6311 0.6
      vertex 59.5963 -76.3478 0
      vertex 59.5963 -76.3478 0.6
    endloop
  endfacet
  facet normal 0.643261 -0.765647 0
    outer loop
      vertex 59.2591 -76.6311 0.6
      vertex 59.2591 -76.6311 0
      vertex 59.5963 -76.3478 0
    endloop
  endfacet
  facet normal 0.269604 -0.962971 0
    outer loop
      vertex 56.2245 -77.4807 0.6
      vertex 59.2591 -76.6311 0
      vertex 59.2591 -76.6311 0.6
    endloop
  endfacet
  facet normal 0.269604 -0.962971 0
    outer loop
      vertex 56.2245 -77.4807 0.6
      vertex 56.2245 -77.4807 0
      vertex 59.2591 -76.6311 0
    endloop
  endfacet
  facet normal -0.966737 0.255774 0
    outer loop
      vertex 56.5617 -76.2062 0.6
      vertex 56.2245 -77.4807 0
      vertex 56.2245 -77.4807 0.6
    endloop
  endfacet
  facet normal -0.966737 0.255774 0
    outer loop
      vertex 56.5617 -76.2062 0.6
      vertex 56.5617 -76.2062 0
      vertex 56.2245 -77.4807 0
    endloop
  endfacet
  facet normal -1 -0 0
    outer loop
      vertex 56.5617 -67.0012 0.6
      vertex 56.5617 -76.2062 0
      vertex 56.5617 -76.2062 0.6
    endloop
  endfacet
  facet normal -1 0 -0
    outer loop
      vertex 56.5617 -67.0012 0.6
      vertex 56.5617 -67.0012 0
      vertex 56.5617 -76.2062 0
    endloop
  endfacet
  facet normal -0.929469 -0.3689 0
    outer loop
      vertex 56.3931 -66.5764 0.6
      vertex 56.5617 -67.0012 0
      vertex 56.5617 -67.0012 0.6
    endloop
  endfacet
  facet normal -0.929469 -0.3689 -0
    outer loop
      vertex 56.3931 -66.5764 0.6
      vertex 56.3931 -66.5764 0
      vertex 56.5617 -67.0012 0
    endloop
  endfacet
  facet normal -0.643195 -0.765703 0
    outer loop
      vertex 55.7187 -66.0099 0.6
      vertex 56.3931 -66.5764 0
      vertex 56.3931 -66.5764 0.6
    endloop
  endfacet
  facet normal -0.643195 -0.765703 -0
    outer loop
      vertex 55.7187 -66.0099 0.6
      vertex 55.7187 -66.0099 0
      vertex 56.3931 -66.5764 0
    endloop
  endfacet
  facet normal -0.48854 0.872541 0
    outer loop
      vertex 56.2245 -65.7267 0.6
      vertex 55.7187 -66.0099 0
      vertex 55.7187 -66.0099 0.6
    endloop
  endfacet
  facet normal -0.48854 0.872541 0
    outer loop
      vertex 56.2245 -65.7267 0.6
      vertex 56.2245 -65.7267 0
      vertex 55.7187 -66.0099 0
    endloop
  endfacet
  facet normal -0.205498 0.978657 0
    outer loop
      vertex 58.9219 -65.1603 0.6
      vertex 56.2245 -65.7267 0
      vertex 56.2245 -65.7267 0.6
    endloop
  endfacet
  facet normal -0.205498 0.978657 0
    outer loop
      vertex 58.9219 -65.1603 0.6
      vertex 58.9219 -65.1603 0
      vertex 56.2245 -65.7267 0
    endloop
  endfacet
  facet normal 0 1 0
    outer loop
      vertex 62.968 -65.1603 0.6
      vertex 58.9219 -65.1603 0
      vertex 58.9219 -65.1603 0.6
    endloop
  endfacet
  facet normal 0 1 0
    outer loop
      vertex 62.968 -65.1603 0.6
      vertex 62.968 -65.1603 0
      vertex 58.9219 -65.1603 0
    endloop
  endfacet
  facet normal -0.0698699 0.997556 0
    outer loop
      vertex 64.9911 -65.0186 0.6
      vertex 62.968 -65.1603 0
      vertex 62.968 -65.1603 0.6
    endloop
  endfacet
  facet normal -0.0698699 0.997556 0
    outer loop
      vertex 64.9911 -65.0186 0.6
      vertex 64.9911 -65.0186 0
      vertex 62.968 -65.1603 0
    endloop
  endfacet
  facet normal 0.643261 -0.765647 0
    outer loop
      vertex 64.6539 -65.3019 0.6
      vertex 64.9911 -65.0186 0
      vertex 64.9911 -65.0186 0.6
    endloop
  endfacet
  facet normal 0.643261 -0.765647 0
    outer loop
      vertex 64.6539 -65.3019 0.6
      vertex 64.6539 -65.3019 0
      vertex 64.9911 -65.0186 0
    endloop
  endfacet
  facet normal 0.643128 0.765759 0
    outer loop
      vertex -46.4463 -69.5503 0.6
      vertex -46.7835 -69.2671 0
      vertex -46.7835 -69.2671 0.6
    endloop
  endfacet
  facet normal 0.643128 0.765759 0
    outer loop
      vertex -46.4463 -69.5503 0.6
      vertex -46.4463 -69.5503 0
      vertex -46.7835 -69.2671 0
    endloop
  endfacet
  facet normal 0.643217 -0.765684 0
    outer loop
      vertex -46.9521 -69.9752 0.6
      vertex -46.4463 -69.5503 0
      vertex -46.4463 -69.5503 0.6
    endloop
  endfacet
  facet normal 0.643217 -0.765684 0
    outer loop
      vertex -46.9521 -69.9752 0.6
      vertex -46.9521 -69.9752 0
      vertex -46.4463 -69.5503 0
    endloop
  endfacet
  facet normal 0.783282 -0.621666 0
    outer loop
      vertex -47.6264 -70.8248 0.6
      vertex -46.9521 -69.9752 0
      vertex -46.9521 -69.9752 0.6
    endloop
  endfacet
  facet normal 0.783282 -0.621666 0
    outer loop
      vertex -47.6264 -70.8248 0.6
      vertex -47.6264 -70.8248 0
      vertex -46.9521 -69.9752 0
    endloop
  endfacet
  facet normal -0.643128 -0.765759 0
    outer loop
      vertex -48.1322 -70.4 0.6
      vertex -47.6264 -70.8248 0
      vertex -47.6264 -70.8248 0.6
    endloop
  endfacet
  facet normal -0.643128 -0.765759 -0
    outer loop
      vertex -48.1322 -70.4 0.6
      vertex -48.1322 -70.4 0
      vertex -47.6264 -70.8248 0
    endloop
  endfacet
  facet normal -0.387177 -0.922006 0
    outer loop
      vertex -48.8066 -70.1168 0.6
      vertex -48.1322 -70.4 0
      vertex -48.1322 -70.4 0.6
    endloop
  endfacet
  facet normal -0.387177 -0.922006 -0
    outer loop
      vertex -48.8066 -70.1168 0.6
      vertex -48.8066 -70.1168 0
      vertex -48.1322 -70.4 0
    endloop
  endfacet
  facet normal -0.269637 -0.962962 0
    outer loop
      vertex -49.3123 -69.9752 0.6
      vertex -48.8066 -70.1168 0
      vertex -48.8066 -70.1168 0.6
    endloop
  endfacet
  facet normal -0.269637 -0.962962 -0
    outer loop
      vertex -49.3123 -69.9752 0.6
      vertex -49.3123 -69.9752 0
      vertex -48.8066 -70.1168 0
    endloop
  endfacet
  facet normal 0 -1 0
    outer loop
      vertex -50.1553 -69.9752 0.6
      vertex -49.3123 -69.9752 0
      vertex -49.3123 -69.9752 0.6
    endloop
  endfacet
  facet normal 0 -1 0
    outer loop
      vertex -50.1553 -69.9752 0.6
      vertex -50.1553 -69.9752 0
      vertex -49.3123 -69.9752 0
    endloop
  endfacet
  facet normal 0.387274 -0.921965 0
    outer loop
      vertex -50.4924 -70.1168 0.6
      vertex -50.1553 -69.9752 0
      vertex -50.1553 -69.9752 0.6
    endloop
  endfacet
  facet normal 0.387274 -0.921965 0
    outer loop
      vertex -50.4924 -70.1168 0.6
      vertex -50.4924 -70.1168 0
      vertex -50.1553 -69.9752 0
    endloop
  endfacet
  facet normal 0.643128 -0.765759 0
    outer loop
      vertex -50.8296 -70.4 0.6
      vertex -50.4924 -70.1168 0
      vertex -50.4924 -70.1168 0.6
    endloop
  endfacet
  facet normal 0.643128 -0.765759 0
    outer loop
      vertex -50.8296 -70.4 0.6
      vertex -50.8296 -70.4 0
      vertex -50.4924 -70.1168 0
    endloop
  endfacet
  facet normal 1 -0 0
    outer loop
      vertex -50.8296 -70.9665 0.6
      vertex -50.8296 -70.4 0
      vertex -50.8296 -70.4 0.6
    endloop
  endfacet
  facet normal 1 0 0
    outer loop
      vertex -50.8296 -70.9665 0.6
      vertex -50.8296 -70.9665 0
      vertex -50.8296 -70.4 0
    endloop
  endfacet
  facet normal 0.859255 0.511548 0
    outer loop
      vertex -50.661 -71.2497 0.6
      vertex -50.8296 -70.9665 0
      vertex -50.8296 -70.9665 0.6
    endloop
  endfacet
  facet normal 0.859255 0.511548 0
    outer loop
      vertex -50.661 -71.2497 0.6
      vertex -50.661 -71.2497 0
      vertex -50.8296 -70.9665 0
    endloop
  endfacet
  facet normal 0.64324 0.765665 0
    outer loop
      vertex -50.3239 -71.5329 0.6
      vertex -50.661 -71.2497 0
      vertex -50.661 -71.2497 0.6
    endloop
  endfacet
  facet normal 0.64324 0.765665 0
    outer loop
      vertex -50.3239 -71.5329 0.6
      vertex -50.3239 -71.5329 0
      vertex -50.661 -71.2497 0
    endloop
  endfacet
  facet normal 0.488672 0.872468 0
    outer loop
      vertex -49.8181 -71.8162 0.6
      vertex -50.3239 -71.5329 0
      vertex -50.3239 -71.5329 0.6
    endloop
  endfacet
  facet normal 0.488672 0.872468 0
    outer loop
      vertex -49.8181 -71.8162 0.6
      vertex -49.8181 -71.8162 0
      vertex -50.3239 -71.5329 0
    endloop
  endfacet
  facet normal 0.387177 0.922006 0
    outer loop
      vertex -49.1437 -72.0994 0.6
      vertex -49.8181 -71.8162 0
      vertex -49.8181 -71.8162 0.6
    endloop
  endfacet
  facet normal 0.387177 0.922006 0
    outer loop
      vertex -49.1437 -72.0994 0.6
      vertex -49.1437 -72.0994 0
      vertex -49.8181 -71.8162 0
    endloop
  endfacet
  facet normal 0.233354 0.972392 0
    outer loop
      vertex -47.9636 -72.3826 0.6
      vertex -49.1437 -72.0994 0
      vertex -49.1437 -72.0994 0.6
    endloop
  endfacet
  facet normal 0.233354 0.972392 0
    outer loop
      vertex -47.9636 -72.3826 0.6
      vertex -47.9636 -72.3826 0
      vertex -49.1437 -72.0994 0
    endloop
  endfacet
  facet normal 0.387226 0.921985 0
    outer loop
      vertex -47.2893 -72.6658 0.6
      vertex -47.9636 -72.3826 0
      vertex -47.9636 -72.3826 0.6
    endloop
  endfacet
  facet normal 0.387226 0.921985 0
    outer loop
      vertex -47.2893 -72.6658 0.6
      vertex -47.2893 -72.6658 0
      vertex -47.9636 -72.3826 0
    endloop
  endfacet
  facet normal 0.643261 0.765647 0
    outer loop
      vertex -46.9521 -72.9491 0.6
      vertex -47.2893 -72.6658 0
      vertex -47.2893 -72.6658 0.6
    endloop
  endfacet
  facet normal 0.643261 0.765647 0
    outer loop
      vertex -46.9521 -72.9491 0.6
      vertex -46.9521 -72.9491 0
      vertex -47.2893 -72.6658 0
    endloop
  endfacet
  facet normal 0 1 0
    outer loop
      vertex -46.7835 -72.9491 0.6
      vertex -46.9521 -72.9491 0
      vertex -46.9521 -72.9491 0.6
    endloop
  endfacet
  facet normal 0 1 0
    outer loop
      vertex -46.7835 -72.9491 0.6
      vertex -46.7835 -72.9491 0
      vertex -46.9521 -72.9491 0
    endloop
  endfacet
  facet normal 0.643128 0.765759 0
    outer loop
      vertex -46.6149 -73.0907 0.6
      vertex -46.7835 -72.9491 0
      vertex -46.7835 -72.9491 0.6
    endloop
  endfacet
  facet normal 0.643128 0.765759 0
    outer loop
      vertex -46.6149 -73.0907 0.6
      vertex -46.6149 -73.0907 0
      vertex -46.7835 -72.9491 0
    endloop
  endfacet
  facet normal 1 -0 0
    outer loop
      vertex -46.6149 -73.2323 0.6
      vertex -46.6149 -73.0907 0
      vertex -46.6149 -73.0907 0.6
    endloop
  endfacet
  facet normal 1 0 0
    outer loop
      vertex -46.6149 -73.2323 0.6
      vertex -46.6149 -73.2323 0
      vertex -46.6149 -73.0907 0
    endloop
  endfacet
  facet normal 0.643128 0.765759 0
    outer loop
      vertex -46.2777 -73.5155 0.6
      vertex -46.6149 -73.2323 0
      vertex -46.6149 -73.2323 0.6
    endloop
  endfacet
  facet normal 0.643128 0.765759 0
    outer loop
      vertex -46.2777 -73.5155 0.6
      vertex -46.2777 -73.5155 0
      vertex -46.6149 -73.2323 0
    endloop
  endfacet
  facet normal 0.929499 0.368825 0
    outer loop
      vertex -46.1091 -73.9404 0.6
      vertex -46.2777 -73.5155 0
      vertex -46.2777 -73.5155 0.6
    endloop
  endfacet
  facet normal 0.929499 0.368825 0
    outer loop
      vertex -46.1091 -73.9404 0.6
      vertex -46.1091 -73.9404 0
      vertex -46.2777 -73.5155 0
    endloop
  endfacet
  facet normal 1 -0 0
    outer loop
      vertex -46.1091 -74.6485 0.6
      vertex -46.1091 -73.9404 0
      vertex -46.1091 -73.9404 0.6
    endloop
  endfacet
  facet normal 1 0 0
    outer loop
      vertex -46.1091 -74.6485 0.6
      vertex -46.1091 -74.6485 0
      vertex -46.1091 -73.9404 0
    endloop
  endfacet
  facet normal 0.902832 -0.429993 0
    outer loop
      vertex -46.4463 -75.3565 0.6
      vertex -46.1091 -74.6485 0
      vertex -46.1091 -74.6485 0.6
    endloop
  endfacet
  facet normal 0.902832 -0.429993 0
    outer loop
      vertex -46.4463 -75.3565 0.6
      vertex -46.4463 -75.3565 0
      vertex -46.1091 -74.6485 0
    endloop
  endfacet
  facet normal 0.783309 -0.621633 0
    outer loop
      vertex -46.7835 -75.7814 0.6
      vertex -46.4463 -75.3565 0
      vertex -46.4463 -75.3565 0.6
    endloop
  endfacet
  facet normal 0.783309 -0.621633 0
    outer loop
      vertex -46.7835 -75.7814 0.6
      vertex -46.7835 -75.7814 0
      vertex -46.4463 -75.3565 0
    endloop
  endfacet
  facet normal 0.643128 -0.765759 0
    outer loop
      vertex -47.4579 -76.3478 0.6
      vertex -46.7835 -75.7814 0
      vertex -46.7835 -75.7814 0.6
    endloop
  endfacet
  facet normal 0.643128 -0.765759 0
    outer loop
      vertex -47.4579 -76.3478 0.6
      vertex -47.4579 -76.3478 0
      vertex -46.7835 -75.7814 0
    endloop
  endfacet
  facet normal 0.514517 -0.85748 0
    outer loop
      vertex -48.638 -77.0559 0.6
      vertex -47.4579 -76.3478 0
      vertex -47.4579 -76.3478 0.6
    endloop
  endfacet
  facet normal 0.514517 -0.85748 0
    outer loop
      vertex -48.638 -77.0559 0.6
      vertex -48.638 -77.0559 0
      vertex -47.4579 -76.3478 0
    endloop
  endfacet
  facet normal 0.233354 -0.972392 0
    outer loop
      vertex -49.8181 -77.3391 0.6
      vertex -48.638 -77.0559 0
      vertex -48.638 -77.0559 0.6
    endloop
  endfacet
  facet normal 0.233354 -0.972392 0
    outer loop
      vertex -49.8181 -77.3391 0.6
      vertex -49.8181 -77.3391 0
      vertex -48.638 -77.0559 0
    endloop
  endfacet
  facet normal 0 -1 0
    outer loop
      vertex -50.8296 -77.3391 0.6
      vertex -49.8181 -77.3391 0
      vertex -49.8181 -77.3391 0.6
    endloop
  endfacet
  facet normal 0 -1 0
    outer loop
      vertex -50.8296 -77.3391 0.6
      vertex -50.8296 -77.3391 0
      vertex -49.8181 -77.3391 0
    endloop
  endfacet
  facet normal -0.205484 -0.978661 0
    outer loop
      vertex -51.504 -77.1975 0.6
      vertex -50.8296 -77.3391 0
      vertex -50.8296 -77.3391 0.6
    endloop
  endfacet
  facet normal -0.205484 -0.978661 -0
    outer loop
      vertex -51.504 -77.1975 0.6
      vertex -51.504 -77.1975 0
      vertex -50.8296 -77.3391 0
    endloop
  endfacet
  facet normal -0.387201 -0.921995 0
    outer loop
      vertex -52.8527 -76.6311 0.6
      vertex -51.504 -77.1975 0
      vertex -51.504 -77.1975 0.6
    endloop
  endfacet
  facet normal -0.387201 -0.921995 -0
    outer loop
      vertex -52.8527 -76.6311 0.6
      vertex -52.8527 -76.6311 0
      vertex -51.504 -77.1975 0
    endloop
  endfacet
  facet normal -0.972805 0.231627 0
    outer loop
      vertex -52.6841 -75.923 0.6
      vertex -52.8527 -76.6311 0
      vertex -52.8527 -76.6311 0.6
    endloop
  endfacet
  facet normal -0.972805 0.231627 0
    outer loop
      vertex -52.6841 -75.923 0.6
      vertex -52.6841 -75.923 0
      vertex -52.8527 -76.6311 0
    endloop
  endfacet
  facet normal -0.643217 0.765684 0
    outer loop
      vertex -52.1783 -75.4981 0.6
      vertex -52.6841 -75.923 0
      vertex -52.6841 -75.923 0.6
    endloop
  endfacet
  facet normal -0.643217 0.765684 0
    outer loop
      vertex -52.1783 -75.4981 0.6
      vertex -52.1783 -75.4981 0
      vertex -52.6841 -75.923 0
    endloop
  endfacet
  facet normal -1 -0 0
    outer loop
      vertex -52.1783 -75.3565 0.6
      vertex -52.1783 -75.4981 0
      vertex -52.1783 -75.4981 0.6
    endloop
  endfacet
  facet normal -1 0 -0
    outer loop
      vertex -52.1783 -75.3565 0.6
      vertex -52.1783 -75.3565 0
      vertex -52.1783 -75.4981 0
    endloop
  endfacet
  facet normal -0.64324 0.765665 0
    outer loop
      vertex -51.8412 -75.0733 0.6
      vertex -52.1783 -75.3565 0
      vertex -52.1783 -75.3565 0.6
    endloop
  endfacet
  facet normal -0.64324 0.765665 0
    outer loop
      vertex -51.8412 -75.0733 0.6
      vertex -51.8412 -75.0733 0
      vertex -52.1783 -75.3565 0
    endloop
  endfacet
  facet normal 0.533018 0.846104 0
    outer loop
      vertex -50.4924 -75.923 0.6
      vertex -51.8412 -75.0733 0
      vertex -51.8412 -75.0733 0.6
    endloop
  endfacet
  facet normal 0.533018 0.846104 0
    outer loop
      vertex -50.4924 -75.923 0.6
      vertex -50.4924 -75.923 0
      vertex -51.8412 -75.0733 0
    endloop
  endfacet
  facet normal 0.318487 0.947927 0
    outer loop
      vertex -49.6495 -76.2062 0.6
      vertex -50.4924 -75.923 0
      vertex -50.4924 -75.923 0.6
    endloop
  endfacet
  facet normal 0.318487 0.947927 0
    outer loop
      vertex -49.6495 -76.2062 0.6
      vertex -49.6495 -76.2062 0
      vertex -50.4924 -75.923 0
    endloop
  endfacet
  facet normal 0 1 0
    outer loop
      vertex -48.638 -76.2062 0.6
      vertex -49.6495 -76.2062 0
      vertex -49.6495 -76.2062 0.6
    endloop
  endfacet
  facet normal 0 1 0
    outer loop
      vertex -48.638 -76.2062 0.6
      vertex -48.638 -76.2062 0
      vertex -49.6495 -76.2062 0
    endloop
  endfacet
  facet normal -0.387177 0.922006 0
    outer loop
      vertex -48.3008 -76.0646 0.6
      vertex -48.638 -76.2062 0
      vertex -48.638 -76.2062 0.6
    endloop
  endfacet
  facet normal -0.387177 0.922006 0
    outer loop
      vertex -48.3008 -76.0646 0.6
      vertex -48.3008 -76.0646 0
      vertex -48.638 -76.2062 0
    endloop
  endfacet
  facet normal -0.643128 0.765759 0
    outer loop
      vertex -47.9636 -75.7814 0.6
      vertex -48.3008 -76.0646 0
      vertex -48.3008 -76.0646 0.6
    endloop
  endfacet
  facet normal -0.643128 0.765759 0
    outer loop
      vertex -47.9636 -75.7814 0.6
      vertex -47.9636 -75.7814 0
      vertex -48.3008 -76.0646 0
    endloop
  endfacet
  facet normal -0.859334 0.511415 0
    outer loop
      vertex -47.795 -75.4981 0.6
      vertex -47.9636 -75.7814 0
      vertex -47.9636 -75.7814 0.6
    endloop
  endfacet
  facet normal -0.859334 0.511415 0
    outer loop
      vertex -47.795 -75.4981 0.6
      vertex -47.795 -75.4981 0
      vertex -47.9636 -75.7814 0
    endloop
  endfacet
  facet normal -1 -0 0
    outer loop
      vertex -47.795 -75.2149 0.6
      vertex -47.795 -75.4981 0
      vertex -47.795 -75.4981 0.6
    endloop
  endfacet
  facet normal -1 0 -0
    outer loop
      vertex -47.795 -75.2149 0.6
      vertex -47.795 -75.2149 0
      vertex -47.795 -75.4981 0
    endloop
  endfacet
  facet normal -0.859255 -0.511548 0
    outer loop
      vertex -48.1322 -74.6485 0.6
      vertex -47.795 -75.2149 0
      vertex -47.795 -75.2149 0.6
    endloop
  endfacet
  facet normal -0.859255 -0.511548 -0
    outer loop
      vertex -48.1322 -74.6485 0.6
      vertex -48.1322 -74.6485 0
      vertex -47.795 -75.2149 0
    endloop
  endfacet
  facet normal -0.643261 -0.765647 0
    outer loop
      vertex -48.4694 -74.3652 0.6
      vertex -48.1322 -74.6485 0
      vertex -48.1322 -74.6485 0.6
    endloop
  endfacet
  facet normal -0.643261 -0.765647 -0
    outer loop
      vertex -48.4694 -74.3652 0.6
      vertex -48.4694 -74.3652 0
      vertex -48.1322 -74.6485 0
    endloop
  endfacet
  facet normal -0.450051 -0.893003 0
    outer loop
      vertex -49.3123 -73.9404 0.6
      vertex -48.4694 -74.3652 0
      vertex -48.4694 -74.3652 0.6
    endloop
  endfacet
  facet normal -0.450051 -0.893003 -0
    outer loop
      vertex -49.3123 -73.9404 0.6
      vertex -49.3123 -73.9404 0
      vertex -48.4694 -74.3652 0
    endloop
  endfacet
  facet normal -0.292146 -0.956374 0
    outer loop
      vertex -51.1668 -73.3739 0.6
      vertex -49.3123 -73.9404 0
      vertex -49.3123 -73.9404 0.6
    endloop
  endfacet
  facet normal -0.292146 -0.956374 -0
    outer loop
      vertex -51.1668 -73.3739 0.6
      vertex -51.1668 -73.3739 0
      vertex -49.3123 -73.9404 0
    endloop
  endfacet
  facet normal -0.48854 -0.872541 0
    outer loop
      vertex -51.6726 -73.0907 0.6
      vertex -51.1668 -73.3739 0
      vertex -51.1668 -73.3739 0.6
    endloop
  endfacet
  facet normal -0.48854 -0.872541 -0
    outer loop
      vertex -51.6726 -73.0907 0.6
      vertex -51.6726 -73.0907 0
      vertex -51.1668 -73.3739 0
    endloop
  endfacet
  facet normal -0.643251 -0.765656 0
    outer loop
      vertex -52.3469 -72.5242 0.6
      vertex -51.6726 -73.0907 0
      vertex -51.6726 -73.0907 0.6
    endloop
  endfacet
  facet normal -0.643251 -0.765656 -0
    outer loop
      vertex -52.3469 -72.5242 0.6
      vertex -52.3469 -72.5242 0
      vertex -51.6726 -73.0907 0
    endloop
  endfacet
  facet normal -0.859255 -0.511548 0
    outer loop
      vertex -52.5155 -72.241 0.6
      vertex -52.3469 -72.5242 0
      vertex -52.3469 -72.5242 0.6
    endloop
  endfacet
  facet normal -0.859255 -0.511548 -0
    outer loop
      vertex -52.5155 -72.241 0.6
      vertex -52.5155 -72.241 0
      vertex -52.3469 -72.5242 0
    endloop
  endfacet
  facet normal -1 -0 0
    outer loop
      vertex -52.5155 -71.1081 0.6
      vertex -52.5155 -72.241 0
      vertex -52.5155 -72.241 0.6
    endloop
  endfacet
  facet normal -1 0 -0
    outer loop
      vertex -52.5155 -71.1081 0.6
      vertex -52.5155 -71.1081 0
      vertex -52.5155 -72.241 0
    endloop
  endfacet
  facet normal -0.826843 0.562433 0
    outer loop
      vertex -51.8412 -70.1168 0.6
      vertex -52.5155 -71.1081 0
      vertex -52.5155 -71.1081 0.6
    endloop
  endfacet
  facet normal -0.826843 0.562433 0
    outer loop
      vertex -51.8412 -70.1168 0.6
      vertex -51.8412 -70.1168 0
      vertex -52.5155 -71.1081 0
    endloop
  endfacet
  facet normal -0.643217 0.765684 0
    outer loop
      vertex -51.3354 -69.6919 0.6
      vertex -51.8412 -70.1168 0
      vertex -51.8412 -70.1168 0.6
    endloop
  endfacet
  facet normal -0.643217 0.765684 0
    outer loop
      vertex -51.3354 -69.6919 0.6
      vertex -51.3354 -69.6919 0
      vertex -51.8412 -70.1168 0
    endloop
  endfacet
  facet normal -0.48854 0.872541 0
    outer loop
      vertex -50.8296 -69.4087 0.6
      vertex -51.3354 -69.6919 0
      vertex -51.3354 -69.6919 0.6
    endloop
  endfacet
  facet normal -0.48854 0.872541 0
    outer loop
      vertex -50.8296 -69.4087 0.6
      vertex -50.8296 -69.4087 0
      vertex -51.3354 -69.6919 0
    endloop
  endfacet
  facet normal -0.387209 0.921992 0
    outer loop
      vertex -49.8181 -68.9839 0.6
      vertex -50.8296 -69.4087 0
      vertex -50.8296 -69.4087 0.6
    endloop
  endfacet
  facet normal -0.387209 0.921992 0
    outer loop
      vertex -49.8181 -68.9839 0.6
      vertex -49.8181 -68.9839 0
      vertex -50.8296 -69.4087 0
    endloop
  endfacet
  facet normal -0.138734 0.99033 0
    outer loop
      vertex -48.8066 -68.8422 0.6
      vertex -49.8181 -68.9839 0
      vertex -49.8181 -68.9839 0.6
    endloop
  endfacet
  facet normal -0.138734 0.99033 0
    outer loop
      vertex -48.8066 -68.8422 0.6
      vertex -48.8066 -68.8422 0
      vertex -49.8181 -68.9839 0
    endloop
  endfacet
  facet normal 0.20554 0.978649 0
    outer loop
      vertex -46.7835 -69.2671 0.6
      vertex -48.8066 -68.8422 0
      vertex -48.8066 -68.8422 0.6
    endloop
  endfacet
  facet normal 0.20554 0.978649 0
    outer loop
      vertex -46.7835 -69.2671 0.6
      vertex -46.7835 -69.2671 0
      vertex -48.8066 -68.8422 0
    endloop
  endfacet
  facet normal 0.643261 0.765647 0
    outer loop
      vertex 84.5475 -69.1255 0.6
      vertex 84.2103 -68.8422 0
      vertex 84.2103 -68.8422 0.6
    endloop
  endfacet
  facet normal 0.643261 0.765647 0
    outer loop
      vertex 84.5475 -69.1255 0.6
      vertex 84.5475 -69.1255 0
      vertex 84.2103 -68.8422 0
    endloop
  endfacet
  facet normal 0.0493466 0.998782 0
    outer loop
      vertex 87.4135 -69.2671 0.6
      vertex 84.5475 -69.1255 0
      vertex 84.5475 -69.1255 0.6
    endloop
  endfacet
  facet normal 0.0493466 0.998782 0
    outer loop
      vertex 87.4135 -69.2671 0.6
      vertex 87.4135 -69.2671 0
      vertex 84.5475 -69.1255 0
    endloop
  endfacet
  facet normal 0.699904 -0.714237 0
    outer loop
      vertex 86.4019 -70.2584 0.6
      vertex 87.4135 -69.2671 0
      vertex 87.4135 -69.2671 0.6
    endloop
  endfacet
  facet normal 0.699904 -0.714237 0
    outer loop
      vertex 86.4019 -70.2584 0.6
      vertex 86.4019 -70.2584 0
      vertex 87.4135 -69.2671 0
    endloop
  endfacet
  facet normal 0 -1 0
    outer loop
      vertex 84.5475 -70.2584 0.6
      vertex 86.4019 -70.2584 0
      vertex 86.4019 -70.2584 0.6
    endloop
  endfacet
  facet normal 0 -1 0
    outer loop
      vertex 84.5475 -70.2584 0.6
      vertex 84.5475 -70.2584 0
      vertex 86.4019 -70.2584 0
    endloop
  endfacet
  facet normal 0.643128 -0.765759 0
    outer loop
      vertex 84.2103 -70.5416 0.6
      vertex 84.5475 -70.2584 0
      vertex 84.5475 -70.2584 0.6
    endloop
  endfacet
  facet normal 0.643128 -0.765759 0
    outer loop
      vertex 84.2103 -70.5416 0.6
      vertex 84.2103 -70.5416 0
      vertex 84.5475 -70.2584 0
    endloop
  endfacet
  facet normal 1 -0 0
    outer loop
      vertex 84.2103 -74.5068 0.6
      vertex 84.2103 -70.5416 0
      vertex 84.2103 -70.5416 0.6
    endloop
  endfacet
  facet normal 1 0 0
    outer loop
      vertex 84.2103 -74.5068 0.6
      vertex 84.2103 -74.5068 0
      vertex 84.2103 -70.5416 0
    endloop
  endfacet
  facet normal 0.958453 0.285252 0
    outer loop
      vertex 84.3789 -75.0733 0.6
      vertex 84.2103 -74.5068 0
      vertex 84.2103 -74.5068 0.6
    endloop
  endfacet
  facet normal 0.958453 0.285252 0
    outer loop
      vertex 84.3789 -75.0733 0.6
      vertex 84.3789 -75.0733 0
      vertex 84.2103 -74.5068 0
    endloop
  endfacet
  facet normal 0.643226 0.765676 0
    outer loop
      vertex 85.2218 -75.7814 0.6
      vertex 84.3789 -75.0733 0
      vertex 84.3789 -75.0733 0.6
    endloop
  endfacet
  facet normal 0.643226 0.765676 0
    outer loop
      vertex 85.2218 -75.7814 0.6
      vertex 85.2218 -75.7814 0
      vertex 84.3789 -75.0733 0
    endloop
  endfacet
  facet normal 0.387177 0.922006 0
    outer loop
      vertex 85.559 -75.923 0.6
      vertex 85.2218 -75.7814 0
      vertex 85.2218 -75.7814 0.6
    endloop
  endfacet
  facet normal 0.387177 0.922006 0
    outer loop
      vertex 85.559 -75.923 0.6
      vertex 85.559 -75.923 0
      vertex 85.2218 -75.7814 0
    endloop
  endfacet
  facet normal 0 1 0
    outer loop
      vertex 85.8962 -75.923 0.6
      vertex 85.559 -75.923 0
      vertex 85.559 -75.923 0.6
    endloop
  endfacet
  facet normal 0 1 0
    outer loop
      vertex 85.8962 -75.923 0.6
      vertex 85.8962 -75.923 0
      vertex 85.559 -75.923 0
    endloop
  endfacet
  facet normal -0.269637 0.962962 0
    outer loop
      vertex 86.4019 -75.7814 0.6
      vertex 85.8962 -75.923 0
      vertex 85.8962 -75.923 0.6
    endloop
  endfacet
  facet normal -0.269637 0.962962 0
    outer loop
      vertex 86.4019 -75.7814 0.6
      vertex 86.4019 -75.7814 0
      vertex 85.8962 -75.923 0
    endloop
  endfacet
  facet normal -0.533063 0.846076 0
    outer loop
      vertex 87.0763 -75.3565 0.6
      vertex 86.4019 -75.7814 0
      vertex 86.4019 -75.7814 0.6
    endloop
  endfacet
  facet normal -0.533063 0.846076 0
    outer loop
      vertex 87.0763 -75.3565 0.6
      vertex 87.0763 -75.3565 0
      vertex 86.4019 -75.7814 0
    endloop
  endfacet
  facet normal 0.756024 -0.654544 0
    outer loop
      vertex 85.7276 -76.9143 0.6
      vertex 87.0763 -75.3565 0
      vertex 87.0763 -75.3565 0.6
    endloop
  endfacet
  facet normal 0.756024 -0.654544 0
    outer loop
      vertex 85.7276 -76.9143 0.6
      vertex 85.7276 -76.9143 0
      vertex 87.0763 -75.3565 0
    endloop
  endfacet
  facet normal 0.387177 -0.922006 0
    outer loop
      vertex 85.0532 -77.1975 0.6
      vertex 85.7276 -76.9143 0
      vertex 85.7276 -76.9143 0.6
    endloop
  endfacet
  facet normal 0.387177 -0.922006 0
    outer loop
      vertex 85.0532 -77.1975 0.6
      vertex 85.0532 -77.1975 0
      vertex 85.7276 -76.9143 0
    endloop
  endfacet
  facet normal 0.205513 -0.978654 0
    outer loop
      vertex 84.3789 -77.3391 0.6
      vertex 85.0532 -77.1975 0
      vertex 85.0532 -77.1975 0.6
    endloop
  endfacet
  facet normal 0.205513 -0.978654 0
    outer loop
      vertex 84.3789 -77.3391 0.6
      vertex 84.3789 -77.3391 0
      vertex 85.0532 -77.1975 0
    endloop
  endfacet
  facet normal 0 -1 0
    outer loop
      vertex 83.8731 -77.3391 0.6
      vertex 84.3789 -77.3391 0
      vertex 84.3789 -77.3391 0.6
    endloop
  endfacet
  facet normal 0 -1 0
    outer loop
      vertex 83.8731 -77.3391 0.6
      vertex 83.8731 -77.3391 0
      vertex 84.3789 -77.3391 0
    endloop
  endfacet
  facet normal -0.318487 -0.947927 0
    outer loop
      vertex 83.0302 -77.0559 0.6
      vertex 83.8731 -77.3391 0
      vertex 83.8731 -77.3391 0.6
    endloop
  endfacet
  facet normal -0.318487 -0.947927 -0
    outer loop
      vertex 83.0302 -77.0559 0.6
      vertex 83.0302 -77.0559 0
      vertex 83.8731 -77.3391 0
    endloop
  endfacet
  facet normal -0.643128 -0.765759 0
    outer loop
      vertex 82.5244 -76.6311 0.6
      vertex 83.0302 -77.0559 0
      vertex 83.0302 -77.0559 0.6
    endloop
  endfacet
  facet normal -0.643128 -0.765759 -0
    outer loop
      vertex 82.5244 -76.6311 0.6
      vertex 82.5244 -76.6311 0
      vertex 83.0302 -77.0559 0
    endloop
  endfacet
  facet normal -0.859294 -0.511481 0
    outer loop
      vertex 82.1872 -76.0646 0.6
      vertex 82.5244 -76.6311 0
      vertex 82.5244 -76.6311 0.6
    endloop
  endfacet
  facet normal -0.859294 -0.511481 -0
    outer loop
      vertex 82.1872 -76.0646 0.6
      vertex 82.1872 -76.0646 0
      vertex 82.5244 -76.6311 0
    endloop
  endfacet
  facet normal -0.980877 -0.194629 0
    outer loop
      vertex 82.0186 -75.2149 0.6
      vertex 82.1872 -76.0646 0
      vertex 82.1872 -76.0646 0.6
    endloop
  endfacet
  facet normal -0.980877 -0.194629 -0
    outer loop
      vertex 82.0186 -75.2149 0.6
      vertex 82.0186 -75.2149 0
      vertex 82.1872 -76.0646 0
    endloop
  endfacet
  facet normal -1 -0 0
    outer loop
      vertex 82.0186 -70.5416 0.6
      vertex 82.0186 -75.2149 0
      vertex 82.0186 -75.2149 0.6
    endloop
  endfacet
  facet normal -1 0 -0
    outer loop
      vertex 82.0186 -70.5416 0.6
      vertex 82.0186 -70.5416 0
      vertex 82.0186 -75.2149 0
    endloop
  endfacet
  facet normal -0.643128 -0.765759 0
    outer loop
      vertex 81.6814 -70.2584 0.6
      vertex 82.0186 -70.5416 0
      vertex 82.0186 -70.5416 0.6
    endloop
  endfacet
  facet normal -0.643128 -0.765759 -0
    outer loop
      vertex 81.6814 -70.2584 0.6
      vertex 81.6814 -70.2584 0
      vertex 82.0186 -70.5416 0
    endloop
  endfacet
  facet normal -0.138638 -0.990343 0
    outer loop
      vertex 80.6699 -70.1168 0.6
      vertex 81.6814 -70.2584 0
      vertex 81.6814 -70.2584 0.6
    endloop
  endfacet
  facet normal -0.138638 -0.990343 -0
    outer loop
      vertex 80.6699 -70.1168 0.6
      vertex 80.6699 -70.1168 0
      vertex 81.6814 -70.2584 0
    endloop
  endfacet
  facet normal -0.643198 0.7657 0
    outer loop
      vertex 81.85 -69.1255 0.6
      vertex 80.6699 -70.1168 0
      vertex 80.6699 -70.1168 0.6
    endloop
  endfacet
  facet normal -0.643198 0.7657 0
    outer loop
      vertex 81.85 -69.1255 0.6
      vertex 81.85 -69.1255 0
      vertex 80.6699 -70.1168 0
    endloop
  endfacet
  facet normal -0.716357 0.697733 0
    outer loop
      vertex 83.3673 -67.5677 0.6
      vertex 81.85 -69.1255 0
      vertex 81.85 -69.1255 0.6
    endloop
  endfacet
  facet normal -0.716357 0.697733 0
    outer loop
      vertex 83.3673 -67.5677 0.6
      vertex 83.3673 -67.5677 0
      vertex 81.85 -69.1255 0
    endloop
  endfacet
  facet normal -0.783273 0.621678 0
    outer loop
      vertex 84.0417 -66.718 0.6
      vertex 83.3673 -67.5677 0
      vertex 83.3673 -67.5677 0.6
    endloop
  endfacet
  facet normal -0.783273 0.621678 0
    outer loop
      vertex 84.0417 -66.718 0.6
      vertex 84.0417 -66.718 0
      vertex 83.3673 -67.5677 0
    endloop
  endfacet
  facet normal 0.996865 0.0791222 0
    outer loop
      vertex 84.2103 -68.8422 0.6
      vertex 84.0417 -66.718 0
      vertex 84.0417 -66.718 0.6
    endloop
  endfacet
  facet normal 0.996865 0.0791222 0
    outer loop
      vertex 84.2103 -68.8422 0.6
      vertex 84.2103 -68.8422 0
      vertex 84.0417 -66.718 0
    endloop
  endfacet
  facet normal 0.972797 0.231658 0
    outer loop
      vertex 78.984 -75.3565 0.6
      vertex 78.8154 -74.6485 0
      vertex 78.8154 -74.6485 0.6
    endloop
  endfacet
  facet normal 0.972797 0.231658 0
    outer loop
      vertex 78.984 -75.3565 0.6
      vertex 78.984 -75.3565 0
      vertex 78.8154 -74.6485 0
    endloop
  endfacet
  facet normal 0.859334 0.511415 0
    outer loop
      vertex 79.1526 -75.6398 0.6
      vertex 78.984 -75.3565 0
      vertex 78.984 -75.3565 0.6
    endloop
  endfacet
  facet normal 0.859334 0.511415 0
    outer loop
      vertex 79.1526 -75.6398 0.6
      vertex 79.1526 -75.6398 0
      vertex 78.984 -75.3565 0
    endloop
  endfacet
  facet normal 0.643128 0.765759 0
    outer loop
      vertex 79.4898 -75.923 0.6
      vertex 79.1526 -75.6398 0
      vertex 79.1526 -75.6398 0.6
    endloop
  endfacet
  facet normal 0.643128 0.765759 0
    outer loop
      vertex 79.4898 -75.923 0.6
      vertex 79.4898 -75.923 0
      vertex 79.1526 -75.6398 0
    endloop
  endfacet
  facet normal -0.269637 0.962962 0
    outer loop
      vertex 79.9955 -75.7814 0.6
      vertex 79.4898 -75.923 0
      vertex 79.4898 -75.923 0.6
    endloop
  endfacet
  facet normal -0.269637 0.962962 0
    outer loop
      vertex 79.9955 -75.7814 0.6
      vertex 79.9955 -75.7814 0
      vertex 79.4898 -75.923 0
    endloop
  endfacet
  facet normal 0.724179 -0.689612 0
    outer loop
      vertex 79.3212 -76.4895 0.6
      vertex 79.9955 -75.7814 0
      vertex 79.9955 -75.7814 0.6
    endloop
  endfacet
  facet normal 0.724179 -0.689612 0
    outer loop
      vertex 79.3212 -76.4895 0.6
      vertex 79.3212 -76.4895 0
      vertex 79.9955 -75.7814 0
    endloop
  endfacet
  facet normal 0.450029 -0.893014 0
    outer loop
      vertex 77.6353 -77.3391 0.6
      vertex 79.3212 -76.4895 0
      vertex 79.3212 -76.4895 0.6
    endloop
  endfacet
  facet normal 0.450029 -0.893014 0
    outer loop
      vertex 77.6353 -77.3391 0.6
      vertex 77.6353 -77.3391 0
      vertex 79.3212 -76.4895 0
    endloop
  endfacet
  facet normal -0.643184 -0.765712 0
    outer loop
      vertex 76.961 -76.7727 0.6
      vertex 77.6353 -77.3391 0
      vertex 77.6353 -77.3391 0.6
    endloop
  endfacet
  facet normal -0.643184 -0.765712 -0
    outer loop
      vertex 76.961 -76.7727 0.6
      vertex 76.961 -76.7727 0
      vertex 77.6353 -77.3391 0
    endloop
  endfacet
  facet normal -0.929499 -0.368825 0
    outer loop
      vertex 76.7924 -76.3478 0.6
      vertex 76.961 -76.7727 0
      vertex 76.961 -76.7727 0.6
    endloop
  endfacet
  facet normal -0.929499 -0.368825 -0
    outer loop
      vertex 76.7924 -76.3478 0.6
      vertex 76.7924 -76.3478 0
      vertex 76.961 -76.7727 0
    endloop
  endfacet
  facet normal -1 -0 0
    outer loop
      vertex 76.7924 -75.923 0.6
      vertex 76.7924 -76.3478 0
      vertex 76.7924 -76.3478 0.6
    endloop
  endfacet
  facet normal -1 0 -0
    outer loop
      vertex 76.7924 -75.923 0.6
      vertex 76.7924 -75.923 0
      vertex 76.7924 -76.3478 0
    endloop
  endfacet
  facet normal -0.643128 -0.765759 0
    outer loop
      vertex 76.4552 -75.6398 0.6
      vertex 76.7924 -75.923 0
      vertex 76.7924 -75.923 0.6
    endloop
  endfacet
  facet normal -0.643128 -0.765759 -0
    outer loop
      vertex 76.4552 -75.6398 0.6
      vertex 76.4552 -75.6398 0
      vertex 76.7924 -75.923 0
    endloop
  endfacet
  facet normal 0.643128 -0.765759 0
    outer loop
      vertex 75.6122 -76.3478 0.6
      vertex 76.4552 -75.6398 0
      vertex 76.4552 -75.6398 0.6
    endloop
  endfacet
  facet normal 0.643128 -0.765759 0
    outer loop
      vertex 75.6122 -76.3478 0.6
      vertex 75.6122 -76.3478 0
      vertex 76.4552 -75.6398 0
    endloop
  endfacet
  facet normal 0.533119 -0.84604 0
    outer loop
      vertex 74.9379 -76.7727 0.6
      vertex 75.6122 -76.3478 0
      vertex 75.6122 -76.3478 0.6
    endloop
  endfacet
  facet normal 0.533119 -0.84604 0
    outer loop
      vertex 74.9379 -76.7727 0.6
      vertex 74.9379 -76.7727 0
      vertex 75.6122 -76.3478 0
    endloop
  endfacet
  facet normal 0.387177 -0.922006 0
    outer loop
      vertex 73.9263 -77.1975 0.6
      vertex 74.9379 -76.7727 0
      vertex 74.9379 -76.7727 0.6
    endloop
  endfacet
  facet normal 0.387177 -0.922006 0
    outer loop
      vertex 73.9263 -77.1975 0.6
      vertex 73.9263 -77.1975 0
      vertex 74.9379 -76.7727 0
    endloop
  endfacet
  facet normal 0 -1 0
    outer loop
      vertex 72.7462 -77.1975 0.6
      vertex 73.9263 -77.1975 0
      vertex 73.9263 -77.1975 0.6
    endloop
  endfacet
  facet normal 0 -1 0
    outer loop
      vertex 72.7462 -77.1975 0.6
      vertex 72.7462 -77.1975 0
      vertex 73.9263 -77.1975 0
    endloop
  endfacet
  facet normal -0.387177 -0.922006 0
    outer loop
      vertex 72.409 -77.0559 0.6
      vertex 72.7462 -77.1975 0
      vertex 72.7462 -77.1975 0.6
    endloop
  endfacet
  facet normal -0.387177 -0.922006 -0
    outer loop
      vertex 72.409 -77.0559 0.6
      vertex 72.409 -77.0559 0
      vertex 72.7462 -77.1975 0
    endloop
  endfacet
  facet normal -0.643184 -0.765712 0
    outer loop
      vertex 71.7347 -76.4895 0.6
      vertex 72.409 -77.0559 0
      vertex 72.409 -77.0559 0.6
    endloop
  endfacet
  facet normal -0.643184 -0.765712 -0
    outer loop
      vertex 71.7347 -76.4895 0.6
      vertex 71.7347 -76.4895 0
      vertex 72.409 -77.0559 0
    endloop
  endfacet
  facet normal -0.902856 -0.429943 0
    outer loop
      vertex 71.3975 -75.7814 0.6
      vertex 71.7347 -76.4895 0
      vertex 71.7347 -76.4895 0.6
    endloop
  endfacet
  facet normal -0.902856 -0.429943 -0
    outer loop
      vertex 71.3975 -75.7814 0.6
      vertex 71.3975 -75.7814 0
      vertex 71.7347 -76.4895 0
    endloop
  endfacet
  facet normal -1 -0 0
    outer loop
      vertex 71.3975 -70.9665 0.6
      vertex 71.3975 -75.7814 0
      vertex 71.3975 -75.7814 0.6
    endloop
  endfacet
  facet normal -1 0 -0
    outer loop
      vertex 71.3975 -70.9665 0.6
      vertex 71.3975 -70.9665 0
      vertex 71.3975 -75.7814 0
    endloop
  endfacet
  facet normal -0.929499 -0.368825 0
    outer loop
      vertex 71.2289 -70.5416 0.6
      vertex 71.3975 -70.9665 0
      vertex 71.3975 -70.9665 0.6
    endloop
  endfacet
  facet normal -0.929499 -0.368825 -0
    outer loop
      vertex 71.2289 -70.5416 0.6
      vertex 71.2289 -70.5416 0
      vertex 71.3975 -70.9665 0
    endloop
  endfacet
  facet normal -0.643184 -0.765712 0
    outer loop
      vertex 70.5546 -69.9752 0.6
      vertex 71.2289 -70.5416 0
      vertex 71.2289 -70.5416 0.6
    endloop
  endfacet
  facet normal -0.643184 -0.765712 -0
    outer loop
      vertex 70.5546 -69.9752 0.6
      vertex 70.5546 -69.9752 0
      vertex 71.2289 -70.5416 0
    endloop
  endfacet
  facet normal -0.326882 0.945065 0
    outer loop
      vertex 73.4206 -68.9839 0.6
      vertex 70.5546 -69.9752 0
      vertex 70.5546 -69.9752 0.6
    endloop
  endfacet
  facet normal -0.326882 0.945065 0
    outer loop
      vertex 73.4206 -68.9839 0.6
      vertex 73.4206 -68.9839 0
      vertex 70.5546 -69.9752 0
    endloop
  endfacet
  facet normal 0.999557 0.0297506 0
    outer loop
      vertex 73.5892 -74.6485 0.6
      vertex 73.4206 -68.9839 0
      vertex 73.4206 -68.9839 0.6
    endloop
  endfacet
  facet normal 0.999557 0.0297506 0
    outer loop
      vertex 73.5892 -74.6485 0.6
      vertex 73.5892 -74.6485 0
      vertex 73.4206 -68.9839 0
    endloop
  endfacet
  facet normal 0.902882 0.429889 0
    outer loop
      vertex 73.9263 -75.3565 0.6
      vertex 73.5892 -74.6485 0
      vertex 73.5892 -74.6485 0.6
    endloop
  endfacet
  facet normal 0.902882 0.429889 0
    outer loop
      vertex 73.9263 -75.3565 0.6
      vertex 73.9263 -75.3565 0
      vertex 73.5892 -74.6485 0
    endloop
  endfacet
  facet normal 0.643261 0.765647 0
    outer loop
      vertex 74.2635 -75.6398 0.6
      vertex 73.9263 -75.3565 0
      vertex 73.9263 -75.3565 0.6
    endloop
  endfacet
  facet normal 0.643261 0.765647 0
    outer loop
      vertex 74.2635 -75.6398 0.6
      vertex 74.2635 -75.6398 0
      vertex 73.9263 -75.3565 0
    endloop
  endfacet
  facet normal 0.387177 0.922006 0
    outer loop
      vertex 74.6007 -75.7814 0.6
      vertex 74.2635 -75.6398 0
      vertex 74.2635 -75.6398 0.6
    endloop
  endfacet
  facet normal 0.387177 0.922006 0
    outer loop
      vertex 74.6007 -75.7814 0.6
      vertex 74.6007 -75.7814 0
      vertex 74.2635 -75.6398 0
    endloop
  endfacet
  facet normal 0 1 0
    outer loop
      vertex 75.2751 -75.7814 0.6
      vertex 74.6007 -75.7814 0
      vertex 74.6007 -75.7814 0.6
    endloop
  endfacet
  facet normal 0 1 0
    outer loop
      vertex 75.2751 -75.7814 0.6
      vertex 75.2751 -75.7814 0
      vertex 74.6007 -75.7814 0
    endloop
  endfacet
  facet normal -0.387274 0.921965 0
    outer loop
      vertex 75.6122 -75.6398 0.6
      vertex 75.2751 -75.7814 0
      vertex 75.2751 -75.7814 0.6
    endloop
  endfacet
  facet normal -0.387274 0.921965 0
    outer loop
      vertex 75.6122 -75.6398 0.6
      vertex 75.6122 -75.6398 0
      vertex 75.2751 -75.7814 0
    endloop
  endfacet
  facet normal -0.643173 0.765721 0
    outer loop
      vertex 76.6238 -74.7901 0.6
      vertex 75.6122 -75.6398 0
      vertex 75.6122 -75.6398 0.6
    endloop
  endfacet
  facet normal -0.643173 0.765721 0
    outer loop
      vertex 76.6238 -74.7901 0.6
      vertex 76.6238 -74.7901 0
      vertex 75.6122 -75.6398 0
    endloop
  endfacet
  facet normal -1 -0 0
    outer loop
      vertex 76.6238 -70.4 0.6
      vertex 76.6238 -74.7901 0
      vertex 76.6238 -74.7901 0.6
    endloop
  endfacet
  facet normal -1 0 -0
    outer loop
      vertex 76.6238 -70.4 0.6
      vertex 76.6238 -70.4 0
      vertex 76.6238 -74.7901 0
    endloop
  endfacet
  facet normal -0.643128 -0.765759 0
    outer loop
      vertex 76.118 -69.9752 0.6
      vertex 76.6238 -70.4 0
      vertex 76.6238 -70.4 0.6
    endloop
  endfacet
  facet normal -0.643128 -0.765759 -0
    outer loop
      vertex 76.118 -69.9752 0.6
      vertex 76.118 -69.9752 0
      vertex 76.6238 -70.4 0
    endloop
  endfacet
  facet normal -0.422899 0.906177 0
    outer loop
      vertex 77.6353 -69.2671 0.6
      vertex 76.118 -69.9752 0
      vertex 76.118 -69.9752 0.6
    endloop
  endfacet
  facet normal -0.422899 0.906177 0
    outer loop
      vertex 77.6353 -69.2671 0.6
      vertex 77.6353 -69.2671 0
      vertex 76.118 -69.9752 0
    endloop
  endfacet
  facet normal -0.269612 0.962969 0
    outer loop
      vertex 78.6468 -68.9839 0.6
      vertex 77.6353 -69.2671 0
      vertex 77.6353 -69.2671 0.6
    endloop
  endfacet
  facet normal -0.269612 0.962969 0
    outer loop
      vertex 78.6468 -68.9839 0.6
      vertex 78.6468 -68.9839 0
      vertex 77.6353 -69.2671 0
    endloop
  endfacet
  facet normal 0.999557 0.0297506 0
    outer loop
      vertex 78.8154 -74.6485 0.6
      vertex 78.6468 -68.9839 0
      vertex 78.6468 -68.9839 0.6
    endloop
  endfacet
  facet normal 0.999557 0.0297506 0
    outer loop
      vertex 78.8154 -74.6485 0.6
      vertex 78.8154 -74.6485 0
      vertex 78.6468 -68.9839 0
    endloop
  endfacet
  facet normal 0.387177 0.922006 0
    outer loop
      vertex 22.5067 -69.2671 0.6
      vertex 21.8323 -68.9839 0
      vertex 21.8323 -68.9839 0.6
    endloop
  endfacet
  facet normal 0.387177 0.922006 0
    outer loop
      vertex 22.5067 -69.2671 0.6
      vertex 22.5067 -69.2671 0
      vertex 21.8323 -68.9839 0
    endloop
  endfacet
  facet normal 0.643251 0.765656 0
    outer loop
      vertex 23.181 -69.8336 0.6
      vertex 22.5067 -69.2671 0
      vertex 22.5067 -69.2671 0.6
    endloop
  endfacet
  facet normal 0.643251 0.765656 0
    outer loop
      vertex 23.181 -69.8336 0.6
      vertex 23.181 -69.8336 0
      vertex 22.5067 -69.2671 0
    endloop
  endfacet
  facet normal 0.859255 0.511548 0
    outer loop
      vertex 23.5182 -70.4 0.6
      vertex 23.181 -69.8336 0
      vertex 23.181 -69.8336 0.6
    endloop
  endfacet
  facet normal 0.859255 0.511548 0
    outer loop
      vertex 23.5182 -70.4 0.6
      vertex 23.5182 -70.4 0
      vertex 23.181 -69.8336 0
    endloop
  endfacet
  facet normal 1 -0 0
    outer loop
      vertex 23.5182 -70.8248 0.6
      vertex 23.5182 -70.4 0
      vertex 23.5182 -70.4 0.6
    endloop
  endfacet
  facet normal 1 0 0
    outer loop
      vertex 23.5182 -70.8248 0.6
      vertex 23.5182 -70.8248 0
      vertex 23.5182 -70.4 0
    endloop
  endfacet
  facet normal 0.612759 -0.79027 0
    outer loop
      vertex 21.3265 -72.5242 0.6
      vertex 23.5182 -70.8248 0
      vertex 23.5182 -70.8248 0.6
    endloop
  endfacet
  facet normal 0.612759 -0.79027 0
    outer loop
      vertex 21.3265 -72.5242 0.6
      vertex 21.3265 -72.5242 0
      vertex 23.5182 -70.8248 0
    endloop
  endfacet
  facet normal 0.533046 -0.846086 0
    outer loop
      vertex 19.9778 -73.3739 0.6
      vertex 21.3265 -72.5242 0
      vertex 21.3265 -72.5242 0.6
    endloop
  endfacet
  facet normal 0.533046 -0.846086 0
    outer loop
      vertex 19.9778 -73.3739 0.6
      vertex 19.9778 -73.3739 0
      vertex 21.3265 -72.5242 0
    endloop
  endfacet
  facet normal 0.643226 -0.765676 0
    outer loop
      vertex 19.1349 -74.082 0.6
      vertex 19.9778 -73.3739 0
      vertex 19.9778 -73.3739 0.6
    endloop
  endfacet
  facet normal 0.643226 -0.765676 0
    outer loop
      vertex 19.1349 -74.082 0.6
      vertex 19.1349 -74.082 0
      vertex 19.9778 -73.3739 0
    endloop
  endfacet
  facet normal 0.81378 0.581173 0
    outer loop
      vertex 19.6406 -74.7901 0.6
      vertex 19.1349 -74.082 0
      vertex 19.1349 -74.082 0.6
    endloop
  endfacet
  facet normal 0.81378 0.581173 0
    outer loop
      vertex 19.6406 -74.7901 0.6
      vertex 19.6406 -74.7901 0
      vertex 19.1349 -74.082 0
    endloop
  endfacet
  facet normal 0.643128 0.765759 0
    outer loop
      vertex 20.4836 -75.4981 0.6
      vertex 19.6406 -74.7901 0
      vertex 19.6406 -74.7901 0.6
    endloop
  endfacet
  facet normal 0.643128 0.765759 0
    outer loop
      vertex 20.4836 -75.4981 0.6
      vertex 20.4836 -75.4981 0
      vertex 19.6406 -74.7901 0
    endloop
  endfacet
  facet normal 0.387342 0.921936 0
    outer loop
      vertex 21.1579 -75.7814 0.6
      vertex 20.4836 -75.4981 0
      vertex 20.4836 -75.4981 0.6
    endloop
  endfacet
  facet normal 0.387342 0.921936 0
    outer loop
      vertex 21.1579 -75.7814 0.6
      vertex 21.1579 -75.7814 0
      vertex 20.4836 -75.4981 0
    endloop
  endfacet
  facet normal 0 1 0
    outer loop
      vertex 22.1695 -75.7814 0.6
      vertex 21.1579 -75.7814 0
      vertex 21.1579 -75.7814 0.6
    endloop
  endfacet
  facet normal 0 1 0
    outer loop
      vertex 22.1695 -75.7814 0.6
      vertex 22.1695 -75.7814 0
      vertex 21.1579 -75.7814 0
    endloop
  endfacet
  facet normal -0.432763 0.901508 0
    outer loop
      vertex 23.3496 -75.2149 0.6
      vertex 22.1695 -75.7814 0
      vertex 22.1695 -75.7814 0.6
    endloop
  endfacet
  facet normal -0.432763 0.901508 0
    outer loop
      vertex 23.3496 -75.2149 0.6
      vertex 23.3496 -75.2149 0
      vertex 22.1695 -75.7814 0
    endloop
  endfacet
  facet normal -0.643128 0.765759 0
    outer loop
      vertex 23.8554 -74.7901 0.6
      vertex 23.3496 -75.2149 0
      vertex 23.3496 -75.2149 0.6
    endloop
  endfacet
  facet normal -0.643128 0.765759 0
    outer loop
      vertex 23.8554 -74.7901 0.6
      vertex 23.8554 -74.7901 0
      vertex 23.3496 -75.2149 0
    endloop
  endfacet
  facet normal 0.958439 -0.285298 0
    outer loop
      vertex 23.6868 -75.3565 0.6
      vertex 23.8554 -74.7901 0
      vertex 23.8554 -74.7901 0.6
    endloop
  endfacet
  facet normal 0.958439 -0.285298 0
    outer loop
      vertex 23.6868 -75.3565 0.6
      vertex 23.6868 -75.3565 0
      vertex 23.8554 -74.7901 0
    endloop
  endfacet
  facet normal 0.699904 -0.714237 0
    outer loop
      vertex 22.6752 -76.3478 0.6
      vertex 23.6868 -75.3565 0
      vertex 23.6868 -75.3565 0.6
    endloop
  endfacet
  facet normal 0.699904 -0.714237 0
    outer loop
      vertex 22.6752 -76.3478 0.6
      vertex 22.6752 -76.3478 0
      vertex 23.6868 -75.3565 0
    endloop
  endfacet
  facet normal 0 -1 0
    outer loop
      vertex 22.5067 -76.3478 0.6
      vertex 22.6752 -76.3478 0
      vertex 22.6752 -76.3478 0.6
    endloop
  endfacet
  facet normal 0 -1 0
    outer loop
      vertex 22.5067 -76.3478 0.6
      vertex 22.5067 -76.3478 0
      vertex 22.6752 -76.3478 0
    endloop
  endfacet
  facet normal 0.643217 -0.765684 0
    outer loop
      vertex 22.0009 -76.7727 0.6
      vertex 22.5067 -76.3478 0
      vertex 22.5067 -76.3478 0.6
    endloop
  endfacet
  facet normal 0.643217 -0.765684 0
    outer loop
      vertex 22.0009 -76.7727 0.6
      vertex 22.0009 -76.7727 0
      vertex 22.5067 -76.3478 0
    endloop
  endfacet
  facet normal 0.387177 -0.922006 0
    outer loop
      vertex 20.9893 -77.1975 0.6
      vertex 22.0009 -76.7727 0
      vertex 22.0009 -76.7727 0.6
    endloop
  endfacet
  facet normal 0.387177 -0.922006 0
    outer loop
      vertex 20.9893 -77.1975 0.6
      vertex 20.9893 -77.1975 0
      vertex 22.0009 -76.7727 0
    endloop
  endfacet
  facet normal 0 -1 0
    outer loop
      vertex 20.4836 -77.1975 0.6
      vertex 20.9893 -77.1975 0
      vertex 20.9893 -77.1975 0.6
    endloop
  endfacet
  facet normal 0 -1 0
    outer loop
      vertex 20.4836 -77.1975 0.6
      vertex 20.4836 -77.1975 0
      vertex 20.9893 -77.1975 0
    endloop
  endfacet
  facet normal 0.643128 -0.765759 0
    outer loop
      vertex 20.315 -77.3391 0.6
      vertex 20.4836 -77.1975 0
      vertex 20.4836 -77.1975 0.6
    endloop
  endfacet
  facet normal 0.643128 -0.765759 0
    outer loop
      vertex 20.315 -77.3391 0.6
      vertex 20.315 -77.3391 0
      vertex 20.4836 -77.1975 0
    endloop
  endfacet
  facet normal 0 -1 0
    outer loop
      vertex 19.9778 -77.3391 0.6
      vertex 20.315 -77.3391 0
      vertex 20.315 -77.3391 0.6
    endloop
  endfacet
  facet normal 0 -1 0
    outer loop
      vertex 19.9778 -77.3391 0.6
      vertex 19.9778 -77.3391 0
      vertex 20.315 -77.3391 0
    endloop
  endfacet
  facet normal -0.643128 -0.765759 0
    outer loop
      vertex 19.8092 -77.1975 0.6
      vertex 19.9778 -77.3391 0
      vertex 19.9778 -77.3391 0.6
    endloop
  endfacet
  facet normal -0.643128 -0.765759 -0
    outer loop
      vertex 19.8092 -77.1975 0.6
      vertex 19.8092 -77.1975 0
      vertex 19.9778 -77.3391 0
    endloop
  endfacet
  facet normal 0 -1 0
    outer loop
      vertex 19.3035 -77.1975 0.6
      vertex 19.8092 -77.1975 0
      vertex 19.8092 -77.1975 0.6
    endloop
  endfacet
  facet normal 0 -1 0
    outer loop
      vertex 19.3035 -77.1975 0.6
      vertex 19.3035 -77.1975 0
      vertex 19.8092 -77.1975 0
    endloop
  endfacet
  facet normal -0.318453 -0.947939 0
    outer loop
      vertex 18.4605 -76.9143 0.6
      vertex 19.3035 -77.1975 0
      vertex 19.3035 -77.1975 0.6
    endloop
  endfacet
  facet normal -0.318453 -0.947939 -0
    outer loop
      vertex 18.4605 -76.9143 0.6
      vertex 18.4605 -76.9143 0
      vertex 19.3035 -77.1975 0
    endloop
  endfacet
  facet normal -0.64321 -0.76569 0
    outer loop
      vertex 17.449 -76.0646 0.6
      vertex 18.4605 -76.9143 0
      vertex 18.4605 -76.9143 0.6
    endloop
  endfacet
  facet normal -0.64321 -0.76569 -0
    outer loop
      vertex 17.449 -76.0646 0.6
      vertex 17.449 -76.0646 0
      vertex 18.4605 -76.9143 0
    endloop
  endfacet
  facet normal -0.783238 -0.621722 0
    outer loop
      vertex 17.1118 -75.6398 0.6
      vertex 17.449 -76.0646 0
      vertex 17.449 -76.0646 0.6
    endloop
  endfacet
  facet normal -0.783238 -0.621722 -0
    outer loop
      vertex 17.1118 -75.6398 0.6
      vertex 17.1118 -75.6398 0
      vertex 17.449 -76.0646 0
    endloop
  endfacet
  facet normal -0.913139 -0.407648 0
    outer loop
      vertex 16.606 -74.5068 0.6
      vertex 17.1118 -75.6398 0
      vertex 17.1118 -75.6398 0.6
    endloop
  endfacet
  facet normal -0.913139 -0.407648 -0
    outer loop
      vertex 16.606 -74.5068 0.6
      vertex 16.606 -74.5068 0
      vertex 17.1118 -75.6398 0
    endloop
  endfacet
  facet normal -1 -0 0
    outer loop
      vertex 16.606 -72.3826 0.6
      vertex 16.606 -74.5068 0
      vertex 16.606 -74.5068 0.6
    endloop
  endfacet
  facet normal -1 0 -0
    outer loop
      vertex 16.606 -72.3826 0.6
      vertex 16.606 -72.3826 0
      vertex 16.606 -74.5068 0
    endloop
  endfacet
  facet normal -0.958439 0.285298 0
    outer loop
      vertex 16.7746 -71.8162 0.6
      vertex 16.606 -72.3826 0
      vertex 16.606 -72.3826 0.6
    endloop
  endfacet
  facet normal -0.958439 0.285298 0
    outer loop
      vertex 16.7746 -71.8162 0.6
      vertex 16.7746 -71.8162 0
      vertex 16.606 -72.3826 0
    endloop
  endfacet
  facet normal -0.859281 0.511503 0
    outer loop
      vertex 17.2804 -70.9665 0.6
      vertex 16.7746 -71.8162 0
      vertex 16.7746 -71.8162 0.6
    endloop
  endfacet
  facet normal -0.859281 0.511503 0
    outer loop
      vertex 17.2804 -70.9665 0.6
      vertex 17.2804 -70.9665 0
      vertex 16.7746 -71.8162 0
    endloop
  endfacet
  facet normal -0.783309 0.621633 0
    outer loop
      vertex 17.6176 -70.5416 0.6
      vertex 17.2804 -70.9665 0
      vertex 17.2804 -70.9665 0.6
    endloop
  endfacet
  facet normal -0.783309 0.621633 0
    outer loop
      vertex 17.6176 -70.5416 0.6
      vertex 17.6176 -70.5416 0
      vertex 17.2804 -70.9665 0
    endloop
  endfacet
  facet normal -0.64321 0.76569 0
    outer loop
      vertex 18.6291 -69.6919 0.6
      vertex 17.6176 -70.5416 0
      vertex 17.6176 -70.5416 0.6
    endloop
  endfacet
  facet normal -0.64321 0.76569 0
    outer loop
      vertex 18.6291 -69.6919 0.6
      vertex 18.6291 -69.6919 0
      vertex 17.6176 -70.5416 0
    endloop
  endfacet
  facet normal -0.422849 0.9062 0
    outer loop
      vertex 20.1464 -68.9839 0.6
      vertex 18.6291 -69.6919 0
      vertex 18.6291 -69.6919 0.6
    endloop
  endfacet
  facet normal -0.422849 0.9062 0
    outer loop
      vertex 20.1464 -68.9839 0.6
      vertex 20.1464 -68.9839 0
      vertex 18.6291 -69.6919 0
    endloop
  endfacet
  facet normal -0.165784 0.986162 0
    outer loop
      vertex 20.9893 -68.8422 0.6
      vertex 20.1464 -68.9839 0
      vertex 20.1464 -68.9839 0.6
    endloop
  endfacet
  facet normal -0.165784 0.986162 0
    outer loop
      vertex 20.9893 -68.8422 0.6
      vertex 20.9893 -68.8422 0
      vertex 20.1464 -68.9839 0
    endloop
  endfacet
  facet normal 0.165765 0.986165 0
    outer loop
      vertex 21.8323 -68.9839 0.6
      vertex 20.9893 -68.8422 0
      vertex 20.9893 -68.8422 0.6
    endloop
  endfacet
  facet normal 0.165765 0.986165 0
    outer loop
      vertex 21.8323 -68.9839 0.6
      vertex 21.8323 -68.9839 0
      vertex 20.9893 -68.8422 0
    endloop
  endfacet
  facet normal 0.387274 -0.921965 0
    outer loop
      vertex 19.1349 -70.2584 0.6
      vertex 19.1349 -70.2584 0
      vertex 19.472 -70.1168 0.6
    endloop
  endfacet
  facet normal 0.387274 -0.921965 0
    outer loop
      vertex 19.472 -70.1168 0
      vertex 19.472 -70.1168 0.6
      vertex 19.1349 -70.2584 0
    endloop
  endfacet
  facet normal 0.643128 -0.765759 0
    outer loop
      vertex 18.7977 -70.5416 0.6
      vertex 18.7977 -70.5416 0
      vertex 19.1349 -70.2584 0.6
    endloop
  endfacet
  facet normal 0.643128 -0.765759 0
    outer loop
      vertex 19.1349 -70.2584 0
      vertex 19.1349 -70.2584 0.6
      vertex 18.7977 -70.5416 0
    endloop
  endfacet
  facet normal 0.902856 -0.429943 0
    outer loop
      vertex 18.4605 -71.2497 0.6
      vertex 18.4605 -71.2497 0
      vertex 18.7977 -70.5416 0.6
    endloop
  endfacet
  facet normal 0.902856 -0.429943 0
    outer loop
      vertex 18.7977 -70.5416 0
      vertex 18.7977 -70.5416 0.6
      vertex 18.4605 -71.2497 0
    endloop
  endfacet
  facet normal 1 -0 0
    outer loop
      vertex 18.4605 -72.3826 0.6
      vertex 18.4605 -72.3826 0
      vertex 18.4605 -71.2497 0.6
    endloop
  endfacet
  facet normal 1 0 -0
    outer loop
      vertex 18.4605 -71.2497 0
      vertex 18.4605 -71.2497 0.6
      vertex 18.4605 -72.3826 0
    endloop
  endfacet
  facet normal 0.958453 0.285252 0
    outer loop
      vertex 18.6291 -72.9491 0.6
      vertex 18.6291 -72.9491 0
      vertex 18.4605 -72.3826 0.6
    endloop
  endfacet
  facet normal 0.958453 0.285252 -0
    outer loop
      vertex 18.4605 -72.3826 0
      vertex 18.4605 -72.3826 0.6
      vertex 18.6291 -72.9491 0
    endloop
  endfacet
  facet normal 0.643128 0.765759 0
    outer loop
      vertex 19.1349 -73.3739 0.6
      vertex 19.1349 -73.3739 0
      vertex 18.6291 -72.9491 0.6
    endloop
  endfacet
  facet normal 0.643128 0.765759 -0
    outer loop
      vertex 18.6291 -72.9491 0
      vertex 18.6291 -72.9491 0.6
      vertex 19.1349 -73.3739 0
    endloop
  endfacet
  facet normal -0.643251 0.765656 0
    outer loop
      vertex 19.8092 -72.8074 0.6
      vertex 19.8092 -72.8074 0
      vertex 19.1349 -73.3739 0.6
    endloop
  endfacet
  facet normal -0.643251 0.765656 0
    outer loop
      vertex 19.1349 -73.3739 0
      vertex 19.1349 -73.3739 0.6
      vertex 19.8092 -72.8074 0
    endloop
  endfacet
  facet normal 0 1 0
    outer loop
      vertex 19.9778 -72.8074 0.6
      vertex 19.9778 -72.8074 0
      vertex 19.8092 -72.8074 0.6
    endloop
  endfacet
  facet normal 0 1 0
    outer loop
      vertex 19.8092 -72.8074 0
      vertex 19.8092 -72.8074 0.6
      vertex 19.9778 -72.8074 0
    endloop
  endfacet
  facet normal -0.643189 0.765707 0
    outer loop
      vertex 21.3265 -71.6745 0.6
      vertex 21.3265 -71.6745 0
      vertex 19.9778 -72.8074 0.6
    endloop
  endfacet
  facet normal -0.643189 0.765707 0
    outer loop
      vertex 19.9778 -72.8074 0
      vertex 19.9778 -72.8074 0.6
      vertex 21.3265 -71.6745 0
    endloop
  endfacet
  facet normal -1 -0 -0
    outer loop
      vertex 21.3265 -71.3913 0.6
      vertex 21.3265 -71.3913 0
      vertex 21.3265 -71.6745 0.6
    endloop
  endfacet
  facet normal -1 0 0
    outer loop
      vertex 21.3265 -71.6745 0
      vertex 21.3265 -71.6745 0.6
      vertex 21.3265 -71.3913 0
    endloop
  endfacet
  facet normal -0.929469 -0.3689 -0
    outer loop
      vertex 21.1579 -70.9665 0.6
      vertex 21.1579 -70.9665 0
      vertex 21.3265 -71.3913 0.6
    endloop
  endfacet
  facet normal -0.929469 -0.3689 0
    outer loop
      vertex 21.3265 -71.3913 0
      vertex 21.3265 -71.3913 0.6
      vertex 21.1579 -70.9665 0
    endloop
  endfacet
  facet normal -0.643226 -0.765676 -0
    outer loop
      vertex 20.315 -70.2584 0.6
      vertex 20.315 -70.2584 0
      vertex 21.1579 -70.9665 0.6
    endloop
  endfacet
  facet normal -0.643226 -0.765676 0
    outer loop
      vertex 21.1579 -70.9665 0
      vertex 21.1579 -70.9665 0.6
      vertex 20.315 -70.2584 0
    endloop
  endfacet
  facet normal -0.269588 -0.962976 -0
    outer loop
      vertex 19.8092 -70.1168 0.6
      vertex 19.8092 -70.1168 0
      vertex 20.315 -70.2584 0.6
    endloop
  endfacet
  facet normal -0.269588 -0.962976 0
    outer loop
      vertex 20.315 -70.2584 0
      vertex 20.315 -70.2584 0.6
      vertex 19.8092 -70.1168 0
    endloop
  endfacet
  facet normal 0 -1 0
    outer loop
      vertex 19.472 -70.1168 0.6
      vertex 19.472 -70.1168 0
      vertex 19.8092 -70.1168 0.6
    endloop
  endfacet
  facet normal 0 -1 0
    outer loop
      vertex 19.8092 -70.1168 0
      vertex 19.8092 -70.1168 0.6
      vertex 19.472 -70.1168 0
    endloop
  endfacet
  facet normal 0.643226 0.765676 0
    outer loop
      vertex -55.213 -69.8336 0.6
      vertex -56.0559 -69.1255 0
      vertex -56.0559 -69.1255 0.6
    endloop
  endfacet
  facet normal 0.643226 0.765676 0
    outer loop
      vertex -55.213 -69.8336 0.6
      vertex -55.213 -69.8336 0
      vertex -56.0559 -69.1255 0
    endloop
  endfacet
  facet normal 0.859255 0.511548 0
    outer loop
      vertex -55.0444 -70.1168 0.6
      vertex -55.213 -69.8336 0
      vertex -55.213 -69.8336 0.6
    endloop
  endfacet
  facet normal 0.859255 0.511548 0
    outer loop
      vertex -55.0444 -70.1168 0.6
      vertex -55.0444 -70.1168 0
      vertex -55.213 -69.8336 0
    endloop
  endfacet
  facet normal 1 -0 0
    outer loop
      vertex -55.0444 -74.7901 0.6
      vertex -55.0444 -70.1168 0
      vertex -55.0444 -70.1168 0.6
    endloop
  endfacet
  facet normal 1 0 0
    outer loop
      vertex -55.0444 -74.7901 0.6
      vertex -55.0444 -74.7901 0
      vertex -55.0444 -70.1168 0
    endloop
  endfacet
  facet normal 0.958439 0.285298 0
    outer loop
      vertex -54.8758 -75.3565 0.6
      vertex -55.0444 -74.7901 0
      vertex -55.0444 -74.7901 0.6
    endloop
  endfacet
  facet normal 0.958439 0.285298 0
    outer loop
      vertex -54.8758 -75.3565 0.6
      vertex -54.8758 -75.3565 0
      vertex -55.0444 -74.7901 0
    endloop
  endfacet
  facet normal 0.859334 0.511415 0
    outer loop
      vertex -54.7072 -75.6398 0.6
      vertex -54.8758 -75.3565 0
      vertex -54.8758 -75.3565 0.6
    endloop
  endfacet
  facet normal 0.859334 0.511415 0
    outer loop
      vertex -54.7072 -75.6398 0.6
      vertex -54.7072 -75.6398 0
      vertex -54.8758 -75.3565 0
    endloop
  endfacet
  facet normal 0.643128 0.765759 0
    outer loop
      vertex -54.37 -75.923 0.6
      vertex -54.7072 -75.6398 0
      vertex -54.7072 -75.6398 0.6
    endloop
  endfacet
  facet normal 0.643128 0.765759 0
    outer loop
      vertex -54.37 -75.923 0.6
      vertex -54.37 -75.923 0
      vertex -54.7072 -75.6398 0
    endloop
  endfacet
  facet normal 0.269588 0.962976 0
    outer loop
      vertex -53.8642 -76.0646 0.6
      vertex -54.37 -75.923 0
      vertex -54.37 -75.923 0.6
    endloop
  endfacet
  facet normal 0.269588 0.962976 0
    outer loop
      vertex -53.8642 -76.0646 0.6
      vertex -53.8642 -76.0646 0
      vertex -54.37 -75.923 0
    endloop
  endfacet
  facet normal 0.643195 -0.765703 0
    outer loop
      vertex -54.5386 -76.6311 0.6
      vertex -53.8642 -76.0646 0
      vertex -53.8642 -76.0646 0.6
    endloop
  endfacet
  facet normal 0.643195 -0.765703 0
    outer loop
      vertex -54.5386 -76.6311 0.6
      vertex -54.5386 -76.6311 0
      vertex -53.8642 -76.0646 0
    endloop
  endfacet
  facet normal 0.422849 -0.9062 0
    outer loop
      vertex -56.0559 -77.3391 0.6
      vertex -54.5386 -76.6311 0
      vertex -54.5386 -76.6311 0.6
    endloop
  endfacet
  facet normal 0.422849 -0.9062 0
    outer loop
      vertex -56.0559 -77.3391 0.6
      vertex -56.0559 -77.3391 0
      vertex -54.5386 -76.6311 0
    endloop
  endfacet
  facet normal -0.643128 -0.765759 0
    outer loop
      vertex -56.7303 -76.7727 0.6
      vertex -56.0559 -77.3391 0
      vertex -56.0559 -77.3391 0.6
    endloop
  endfacet
  facet normal -0.643128 -0.765759 -0
    outer loop
      vertex -56.7303 -76.7727 0.6
      vertex -56.7303 -76.7727 0
      vertex -56.0559 -77.3391 0
    endloop
  endfacet
  facet normal -0.859388 -0.511324 0
    outer loop
      vertex -56.8988 -76.4895 0.6
      vertex -56.7303 -76.7727 0
      vertex -56.7303 -76.7727 0.6
    endloop
  endfacet
  facet normal -0.859388 -0.511324 -0
    outer loop
      vertex -56.8988 -76.4895 0.6
      vertex -56.8988 -76.4895 0
      vertex -56.7303 -76.7727 0
    endloop
  endfacet
  facet normal -1 -0 0
    outer loop
      vertex -56.8988 -76.2062 0.6
      vertex -56.8988 -76.4895 0
      vertex -56.8988 -76.4895 0.6
    endloop
  endfacet
  facet normal -1 0 -0
    outer loop
      vertex -56.8988 -76.2062 0.6
      vertex -56.8988 -76.2062 0
      vertex -56.8988 -76.4895 0
    endloop
  endfacet
  facet normal -0.643128 -0.765759 0
    outer loop
      vertex -57.4046 -75.7814 0.6
      vertex -56.8988 -76.2062 0
      vertex -56.8988 -76.2062 0.6
    endloop
  endfacet
  facet normal -0.643128 -0.765759 -0
    outer loop
      vertex -57.4046 -75.7814 0.6
      vertex -57.4046 -75.7814 0
      vertex -56.8988 -76.2062 0
    endloop
  endfacet
  facet normal 0.643173 -0.765721 0
    outer loop
      vertex -58.4162 -76.6311 0.6
      vertex -57.4046 -75.7814 0
      vertex -57.4046 -75.7814 0.6
    endloop
  endfacet
  facet normal 0.643173 -0.765721 0
    outer loop
      vertex -58.4162 -76.6311 0.6
      vertex -58.4162 -76.6311 0
      vertex -57.4046 -75.7814 0
    endloop
  endfacet
  facet normal 0.450051 -0.893003 0
    outer loop
      vertex -59.2591 -77.0559 0.6
      vertex -58.4162 -76.6311 0
      vertex -58.4162 -76.6311 0.6
    endloop
  endfacet
  facet normal 0.450051 -0.893003 0
    outer loop
      vertex -59.2591 -77.0559 0.6
      vertex -59.2591 -77.0559 0
      vertex -58.4162 -76.6311 0
    endloop
  endfacet
  facet normal 0.269612 -0.962969 0
    outer loop
      vertex -60.2706 -77.3391 0.6
      vertex -59.2591 -77.0559 0
      vertex -59.2591 -77.0559 0.6
    endloop
  endfacet
  facet normal 0.269612 -0.962969 0
    outer loop
      vertex -60.2706 -77.3391 0.6
      vertex -60.2706 -77.3391 0
      vertex -59.2591 -77.0559 0
    endloop
  endfacet
  facet normal 0 -1 0
    outer loop
      vertex -60.945 -77.3391 0.6
      vertex -60.2706 -77.3391 0
      vertex -60.2706 -77.3391 0.6
    endloop
  endfacet
  facet normal 0 -1 0
    outer loop
      vertex -60.945 -77.3391 0.6
      vertex -60.945 -77.3391 0
      vertex -60.2706 -77.3391 0
    endloop
  endfacet
  facet normal -0.269637 -0.962962 0
    outer loop
      vertex -61.4507 -77.1975 0.6
      vertex -60.945 -77.3391 0
      vertex -60.945 -77.3391 0.6
    endloop
  endfacet
  facet normal -0.269637 -0.962962 -0
    outer loop
      vertex -61.4507 -77.1975 0.6
      vertex -61.4507 -77.1975 0
      vertex -60.945 -77.3391 0
    endloop
  endfacet
  facet normal -0.643128 -0.765759 0
    outer loop
      vertex -62.2937 -76.4895 0.6
      vertex -61.4507 -77.1975 0
      vertex -61.4507 -77.1975 0.6
    endloop
  endfacet
  facet normal -0.643128 -0.765759 -0
    outer loop
      vertex -62.2937 -76.4895 0.6
      vertex -62.2937 -76.4895 0
      vertex -61.4507 -77.1975 0
    endloop
  endfacet
  facet normal -0.929499 -0.368825 0
    outer loop
      vertex -62.4623 -76.0646 0.6
      vertex -62.2937 -76.4895 0
      vertex -62.2937 -76.4895 0.6
    endloop
  endfacet
  facet normal -0.929499 -0.368825 -0
    outer loop
      vertex -62.4623 -76.0646 0.6
      vertex -62.4623 -76.0646 0
      vertex -62.2937 -76.4895 0
    endloop
  endfacet
  facet normal -1 -0 0
    outer loop
      vertex -62.4623 -74.6485 0.6
      vertex -62.4623 -76.0646 0
      vertex -62.4623 -76.0646 0.6
    endloop
  endfacet
  facet normal -1 0 -0
    outer loop
      vertex -62.4623 -74.6485 0.6
      vertex -62.4623 -74.6485 0
      vertex -62.4623 -76.0646 0
    endloop
  endfacet
  facet normal -0.859294 0.511481 0
    outer loop
      vertex -62.1251 -74.082 0.6
      vertex -62.4623 -74.6485 0
      vertex -62.4623 -74.6485 0.6
    endloop
  endfacet
  facet normal -0.859294 0.511481 0
    outer loop
      vertex -62.1251 -74.082 0.6
      vertex -62.1251 -74.082 0
      vertex -62.4623 -74.6485 0
    endloop
  endfacet
  facet normal -0.64321 0.76569 0
    outer loop
      vertex -61.1136 -73.2323 0.6
      vertex -62.1251 -74.082 0
      vertex -62.1251 -74.082 0.6
    endloop
  endfacet
  facet normal -0.64321 0.76569 0
    outer loop
      vertex -61.1136 -73.2323 0.6
      vertex -61.1136 -73.2323 0
      vertex -62.1251 -74.082 0
    endloop
  endfacet
  facet normal -0.48854 0.872541 0
    outer loop
      vertex -60.6078 -72.9491 0.6
      vertex -61.1136 -73.2323 0
      vertex -61.1136 -73.2323 0.6
    endloop
  endfacet
  facet normal -0.48854 0.872541 0
    outer loop
      vertex -60.6078 -72.9491 0.6
      vertex -60.6078 -72.9491 0
      vertex -61.1136 -73.2323 0
    endloop
  endfacet
  facet normal -0.387287 0.921959 0
    outer loop
      vertex -59.5963 -72.5242 0.6
      vertex -60.6078 -72.9491 0
      vertex -60.6078 -72.9491 0.6
    endloop
  endfacet
  facet normal -0.387287 0.921959 0
    outer loop
      vertex -59.5963 -72.5242 0.6
      vertex -59.5963 -72.5242 0
      vertex -60.6078 -72.9491 0
    endloop
  endfacet
  facet normal -0.244335 0.969691 0
    outer loop
      vertex -57.9104 -72.0994 0.6
      vertex -59.5963 -72.5242 0
      vertex -59.5963 -72.5242 0.6
    endloop
  endfacet
  facet normal -0.244335 0.969691 0
    outer loop
      vertex -57.9104 -72.0994 0.6
      vertex -57.9104 -72.0994 0
      vertex -59.5963 -72.5242 0
    endloop
  endfacet
  facet normal -0.387177 0.922006 0
    outer loop
      vertex -57.5732 -71.9578 0.6
      vertex -57.9104 -72.0994 0
      vertex -57.9104 -72.0994 0.6
    endloop
  endfacet
  facet normal -0.387177 0.922006 0
    outer loop
      vertex -57.5732 -71.9578 0.6
      vertex -57.5732 -71.9578 0
      vertex -57.9104 -72.0994 0
    endloop
  endfacet
  facet normal -0.643261 0.765647 0
    outer loop
      vertex -57.236 -71.6745 0.6
      vertex -57.5732 -71.9578 0
      vertex -57.5732 -71.9578 0.6
    endloop
  endfacet
  facet normal -0.643261 0.765647 0
    outer loop
      vertex -57.236 -71.6745 0.6
      vertex -57.236 -71.6745 0
      vertex -57.5732 -71.9578 0
    endloop
  endfacet
  facet normal -1 -0 0
    outer loop
      vertex -57.236 -70.9665 0.6
      vertex -57.236 -71.6745 0
      vertex -57.236 -71.6745 0.6
    endloop
  endfacet
  facet normal -1 0 -0
    outer loop
      vertex -57.236 -70.9665 0.6
      vertex -57.236 -70.9665 0
      vertex -57.236 -71.6745 0
    endloop
  endfacet
  facet normal -0.859334 -0.511415 0
    outer loop
      vertex -57.4046 -70.6832 0.6
      vertex -57.236 -70.9665 0
      vertex -57.236 -70.9665 0.6
    endloop
  endfacet
  facet normal -0.859334 -0.511415 -0
    outer loop
      vertex -57.4046 -70.6832 0.6
      vertex -57.4046 -70.6832 0
      vertex -57.236 -70.9665 0
    endloop
  endfacet
  facet normal -0.643128 -0.765759 0
    outer loop
      vertex -57.7418 -70.4 0.6
      vertex -57.4046 -70.6832 0
      vertex -57.4046 -70.6832 0.6
    endloop
  endfacet
  facet normal -0.643128 -0.765759 -0
    outer loop
      vertex -57.7418 -70.4 0.6
      vertex -57.7418 -70.4 0
      vertex -57.4046 -70.6832 0
    endloop
  endfacet
  facet normal -0.387177 -0.922006 0
    outer loop
      vertex -58.079 -70.2584 0.6
      vertex -57.7418 -70.4 0
      vertex -57.7418 -70.4 0.6
    endloop
  endfacet
  facet normal -0.387177 -0.922006 -0
    outer loop
      vertex -58.079 -70.2584 0.6
      vertex -58.079 -70.2584 0
      vertex -57.7418 -70.4 0
    endloop
  endfacet
  facet normal -0.205513 -0.978654 0
    outer loop
      vertex -58.7533 -70.1168 0.6
      vertex -58.079 -70.2584 0
      vertex -58.079 -70.2584 0.6
    endloop
  endfacet
  facet normal -0.205513 -0.978654 -0
    outer loop
      vertex -58.7533 -70.1168 0.6
      vertex -58.7533 -70.1168 0
      vertex -58.079 -70.2584 0
    endloop
  endfacet
  facet normal 0 -1 0
    outer loop
      vertex -59.2591 -70.1168 0.6
      vertex -58.7533 -70.1168 0
      vertex -58.7533 -70.1168 0.6
    endloop
  endfacet
  facet normal 0 -1 0
    outer loop
      vertex -59.2591 -70.1168 0.6
      vertex -59.2591 -70.1168 0
      vertex -58.7533 -70.1168 0
    endloop
  endfacet
  facet normal 0.205513 -0.978654 0
    outer loop
      vertex -59.9334 -70.2584 0.6
      vertex -59.2591 -70.1168 0
      vertex -59.2591 -70.1168 0.6
    endloop
  endfacet
  facet normal 0.205513 -0.978654 0
    outer loop
      vertex -59.9334 -70.2584 0.6
      vertex -59.9334 -70.2584 0
      vertex -59.2591 -70.1168 0
    endloop
  endfacet
  facet normal 0.387177 -0.922006 0
    outer loop
      vertex -60.6078 -70.5416 0.6
      vertex -59.9334 -70.2584 0
      vertex -59.9334 -70.2584 0.6
    endloop
  endfacet
  facet normal 0.387177 -0.922006 0
    outer loop
      vertex -60.6078 -70.5416 0.6
      vertex -60.6078 -70.5416 0
      vertex -59.9334 -70.2584 0
    endloop
  endfacet
  facet normal 0.643128 -0.765759 0
    outer loop
      vertex -60.945 -70.8248 0.6
      vertex -60.6078 -70.5416 0
      vertex -60.6078 -70.5416 0.6
    endloop
  endfacet
  facet normal 0.643128 -0.765759 0
    outer loop
      vertex -60.945 -70.8248 0.6
      vertex -60.945 -70.8248 0
      vertex -60.6078 -70.5416 0
    endloop
  endfacet
  facet normal 0.387409 -0.921908 0
    outer loop
      vertex -61.2822 -70.9665 0.6
      vertex -60.945 -70.8248 0
      vertex -60.945 -70.8248 0.6
    endloop
  endfacet
  facet normal 0.387409 -0.921908 0
    outer loop
      vertex -61.2822 -70.9665 0.6
      vertex -61.2822 -70.9665 0
      vertex -60.945 -70.8248 0
    endloop
  endfacet
  facet normal -1 -0 0
    outer loop
      vertex -61.2822 -70.5416 0.6
      vertex -61.2822 -70.9665 0
      vertex -61.2822 -70.9665 0.6
    endloop
  endfacet
  facet normal -1 0 -0
    outer loop
      vertex -61.2822 -70.5416 0.6
      vertex -61.2822 -70.5416 0
      vertex -61.2822 -70.9665 0
    endloop
  endfacet
  facet normal -0.783238 0.621722 0
    outer loop
      vertex -60.945 -70.1168 0.6
      vertex -61.2822 -70.5416 0
      vertex -61.2822 -70.5416 0.6
    endloop
  endfacet
  facet normal -0.783238 0.621722 0
    outer loop
      vertex -60.945 -70.1168 0.6
      vertex -60.945 -70.1168 0
      vertex -61.2822 -70.5416 0
    endloop
  endfacet
  facet normal -0.643217 0.765684 0
    outer loop
      vertex -60.4392 -69.6919 0.6
      vertex -60.945 -70.1168 0
      vertex -60.945 -70.1168 0.6
    endloop
  endfacet
  facet normal -0.643217 0.765684 0
    outer loop
      vertex -60.4392 -69.6919 0.6
      vertex -60.4392 -69.6919 0
      vertex -60.945 -70.1168 0
    endloop
  endfacet
  facet normal -0.432701 0.901537 0
    outer loop
      vertex -59.2591 -69.1255 0.6
      vertex -60.4392 -69.6919 0
      vertex -60.4392 -69.6919 0.6
    endloop
  endfacet
  facet normal -0.432701 0.901537 0
    outer loop
      vertex -59.2591 -69.1255 0.6
      vertex -59.2591 -69.1255 0
      vertex -60.4392 -69.6919 0
    endloop
  endfacet
  facet normal -0.205568 0.978643 0
    outer loop
      vertex -57.9104 -68.8422 0.6
      vertex -59.2591 -69.1255 0
      vertex -59.2591 -69.1255 0.6
    endloop
  endfacet
  facet normal -0.205568 0.978643 0
    outer loop
      vertex -57.9104 -68.8422 0.6
      vertex -57.9104 -68.8422 0
      vertex -59.2591 -69.1255 0
    endloop
  endfacet
  facet normal 0 1 0
    outer loop
      vertex -57.236 -68.8422 0.6
      vertex -57.9104 -68.8422 0
      vertex -57.9104 -68.8422 0.6
    endloop
  endfacet
  facet normal 0 1 0
    outer loop
      vertex -57.236 -68.8422 0.6
      vertex -57.236 -68.8422 0
      vertex -57.9104 -68.8422 0
    endloop
  endfacet
  facet normal 0.233432 0.972373 0
    outer loop
      vertex -56.0559 -69.1255 0.6
      vertex -57.236 -68.8422 0
      vertex -57.236 -68.8422 0.6
    endloop
  endfacet
  facet normal 0.233432 0.972373 0
    outer loop
      vertex -56.0559 -69.1255 0.6
      vertex -56.0559 -69.1255 0
      vertex -57.236 -68.8422 0
    endloop
  endfacet
  facet normal 0 -1 0
    outer loop
      vertex -58.2476 -72.6658 0.6
      vertex -58.2476 -72.6658 0
      vertex -57.9104 -72.6658 0.6
    endloop
  endfacet
  facet normal 0 -1 0
    outer loop
      vertex -57.9104 -72.6658 0
      vertex -57.9104 -72.6658 0.6
      vertex -58.2476 -72.6658 0
    endloop
  endfacet
  facet normal 0.387287 -0.921959 0
    outer loop
      vertex -59.2591 -73.0907 0.6
      vertex -59.2591 -73.0907 0
      vertex -58.2476 -72.6658 0.6
    endloop
  endfacet
  facet normal 0.387287 -0.921959 0
    outer loop
      vertex -58.2476 -72.6658 0
      vertex -58.2476 -72.6658 0.6
      vertex -59.2591 -73.0907 0
    endloop
  endfacet
  facet normal 0.643226 -0.765676 0
    outer loop
      vertex -60.102 -73.7988 0.6
      vertex -60.102 -73.7988 0
      vertex -59.2591 -73.0907 0.6
    endloop
  endfacet
  facet normal 0.643226 -0.765676 0
    outer loop
      vertex -59.2591 -73.0907 0
      vertex -59.2591 -73.0907 0.6
      vertex -60.102 -73.7988 0
    endloop
  endfacet
  facet normal 0.859255 -0.511548 0
    outer loop
      vertex -60.2706 -74.082 0.6
      vertex -60.2706 -74.082 0
      vertex -60.102 -73.7988 0.6
    endloop
  endfacet
  facet normal 0.859255 -0.511548 0
    outer loop
      vertex -60.102 -73.7988 0
      vertex -60.102 -73.7988 0.6
      vertex -60.2706 -74.082 0
    endloop
  endfacet
  facet normal 1 -0 0
    outer loop
      vertex -60.2706 -75.2149 0.6
      vertex -60.2706 -75.2149 0
      vertex -60.2706 -74.082 0.6
    endloop
  endfacet
  facet normal 1 0 -0
    outer loop
      vertex -60.2706 -74.082 0
      vertex -60.2706 -74.082 0.6
      vertex -60.2706 -75.2149 0
    endloop
  endfacet
  facet normal 0.643251 0.765656 0
    outer loop
      vertex -59.5963 -75.7814 0.6
      vertex -59.5963 -75.7814 0
      vertex -60.2706 -75.2149 0.6
    endloop
  endfacet
  facet normal 0.643251 0.765656 -0
    outer loop
      vertex -60.2706 -75.2149 0
      vertex -60.2706 -75.2149 0.6
      vertex -59.5963 -75.7814 0
    endloop
  endfacet
  facet normal 0.387177 0.922006 0
    outer loop
      vertex -59.2591 -75.923 0.6
      vertex -59.2591 -75.923 0
      vertex -59.5963 -75.7814 0.6
    endloop
  endfacet
  facet normal 0.387177 0.922006 -0
    outer loop
      vertex -59.5963 -75.7814 0
      vertex -59.5963 -75.7814 0.6
      vertex -59.2591 -75.923 0
    endloop
  endfacet
  facet normal 0 1 0
    outer loop
      vertex -58.7533 -75.923 0.6
      vertex -58.7533 -75.923 0
      vertex -59.2591 -75.923 0.6
    endloop
  endfacet
  facet normal 0 1 0
    outer loop
      vertex -59.2591 -75.923 0
      vertex -59.2591 -75.923 0.6
      vertex -58.7533 -75.923 0
    endloop
  endfacet
  facet normal -0.387287 0.921959 0
    outer loop
      vertex -57.7418 -75.4981 0.6
      vertex -57.7418 -75.4981 0
      vertex -58.7533 -75.923 0.6
    endloop
  endfacet
  facet normal -0.387287 0.921959 0
    outer loop
      vertex -58.7533 -75.923 0
      vertex -58.7533 -75.923 0.6
      vertex -57.7418 -75.4981 0
    endloop
  endfacet
  facet normal -0.643128 0.765759 0
    outer loop
      vertex -57.236 -75.0733 0.6
      vertex -57.236 -75.0733 0
      vertex -57.7418 -75.4981 0.6
    endloop
  endfacet
  facet normal -0.643128 0.765759 0
    outer loop
      vertex -57.7418 -75.4981 0
      vertex -57.7418 -75.4981 0.6
      vertex -57.236 -75.0733 0
    endloop
  endfacet
  facet normal -1 -0 -0
    outer loop
      vertex -57.236 -72.8074 0.6
      vertex -57.236 -72.8074 0
      vertex -57.236 -75.0733 0.6
    endloop
  endfacet
  facet normal -1 0 0
    outer loop
      vertex -57.236 -75.0733 0
      vertex -57.236 -75.0733 0.6
      vertex -57.236 -72.8074 0
    endloop
  endfacet
  facet normal -0.643128 -0.765759 -0
    outer loop
      vertex -57.5732 -72.5242 0.6
      vertex -57.5732 -72.5242 0
      vertex -57.236 -72.8074 0.6
    endloop
  endfacet
  facet normal -0.643128 -0.765759 0
    outer loop
      vertex -57.236 -72.8074 0
      vertex -57.236 -72.8074 0.6
      vertex -57.5732 -72.5242 0
    endloop
  endfacet
  facet normal 0.387177 -0.922006 0
    outer loop
      vertex -57.9104 -72.6658 0.6
      vertex -57.9104 -72.6658 0
      vertex -57.5732 -72.5242 0.6
    endloop
  endfacet
  facet normal 0.387177 -0.922006 0
    outer loop
      vertex -57.5732 -72.5242 0
      vertex -57.5732 -72.5242 0.6
      vertex -57.9104 -72.6658 0
    endloop
  endfacet
  facet normal 0 1 0
    outer loop
      vertex -23.181 -68.9839 0.6
      vertex -23.6868 -68.9839 0
      vertex -23.6868 -68.9839 0.6
    endloop
  endfacet
  facet normal 0 1 0
    outer loop
      vertex -23.181 -68.9839 0.6
      vertex -23.181 -68.9839 0
      vertex -23.6868 -68.9839 0
    endloop
  endfacet
  facet normal 0.48854 0.872541 0
    outer loop
      vertex -22.6752 -69.2671 0.6
      vertex -23.181 -68.9839 0
      vertex -23.181 -68.9839 0.6
    endloop
  endfacet
  facet normal 0.48854 0.872541 0
    outer loop
      vertex -22.6752 -69.2671 0.6
      vertex -22.6752 -69.2671 0
      vertex -23.181 -68.9839 0
    endloop
  endfacet
  facet normal 0.643203 0.765696 0
    outer loop
      vertex -22.1695 -69.6919 0.6
      vertex -22.6752 -69.2671 0
      vertex -22.6752 -69.2671 0.6
    endloop
  endfacet
  facet normal 0.643203 0.765696 0
    outer loop
      vertex -22.1695 -69.6919 0.6
      vertex -22.1695 -69.6919 0
      vertex -22.6752 -69.2671 0
    endloop
  endfacet
  facet normal 0.946727 0.322038 0
    outer loop
      vertex -21.8323 -70.6832 0.6
      vertex -22.1695 -69.6919 0
      vertex -22.1695 -69.6919 0.6
    endloop
  endfacet
  facet normal 0.946727 0.322038 0
    outer loop
      vertex -21.8323 -70.6832 0.6
      vertex -21.8323 -70.6832 0
      vertex -22.1695 -69.6919 0
    endloop
  endfacet
  facet normal 1 -0 0
    outer loop
      vertex -21.8323 -75.3565 0.6
      vertex -21.8323 -70.6832 0
      vertex -21.8323 -70.6832 0.6
    endloop
  endfacet
  facet normal 1 0 0
    outer loop
      vertex -21.8323 -75.3565 0.6
      vertex -21.8323 -75.3565 0
      vertex -21.8323 -70.6832 0
    endloop
  endfacet
  facet normal 0.57349 0.819213 0
    outer loop
      vertex -20.8208 -76.0646 0.6
      vertex -21.8323 -75.3565 0
      vertex -21.8323 -75.3565 0.6
    endloop
  endfacet
  facet normal 0.57349 0.819213 0
    outer loop
      vertex -20.8208 -76.0646 0.6
      vertex -20.8208 -76.0646 0
      vertex -21.8323 -75.3565 0
    endloop
  endfacet
  facet normal 0.57349 -0.819213 0
    outer loop
      vertex -21.8323 -76.7727 0.6
      vertex -20.8208 -76.0646 0
      vertex -20.8208 -76.0646 0.6
    endloop
  endfacet
  facet normal 0.57349 -0.819213 0
    outer loop
      vertex -21.8323 -76.7727 0.6
      vertex -21.8323 -76.7727 0
      vertex -20.8208 -76.0646 0
    endloop
  endfacet
  facet normal 0.432701 -0.901537 0
    outer loop
      vertex -23.0124 -77.3391 0.6
      vertex -21.8323 -76.7727 0
      vertex -21.8323 -76.7727 0.6
    endloop
  endfacet
  facet normal 0.432701 -0.901537 0
    outer loop
      vertex -23.0124 -77.3391 0.6
      vertex -23.0124 -77.3391 0
      vertex -21.8323 -76.7727 0
    endloop
  endfacet
  facet normal -0.557696 -0.830045 0
    outer loop
      vertex -23.8554 -76.7727 0.6
      vertex -23.0124 -77.3391 0
      vertex -23.0124 -77.3391 0.6
    endloop
  endfacet
  facet normal -0.557696 -0.830045 -0
    outer loop
      vertex -23.8554 -76.7727 0.6
      vertex -23.8554 -76.7727 0
      vertex -23.0124 -77.3391 0
    endloop
  endfacet
  facet normal -0.859255 -0.511548 0
    outer loop
      vertex -24.024 -76.4895 0.6
      vertex -23.8554 -76.7727 0
      vertex -23.8554 -76.7727 0.6
    endloop
  endfacet
  facet normal -0.859255 -0.511548 -0
    outer loop
      vertex -24.024 -76.4895 0.6
      vertex -24.024 -76.4895 0
      vertex -23.8554 -76.7727 0
    endloop
  endfacet
  facet normal -1 -0 0
    outer loop
      vertex -24.024 -71.8162 0.6
      vertex -24.024 -76.4895 0
      vertex -24.024 -76.4895 0.6
    endloop
  endfacet
  facet normal -1 0 -0
    outer loop
      vertex -24.024 -71.8162 0.6
      vertex -24.024 -71.8162 0
      vertex -24.024 -76.4895 0
    endloop
  endfacet
  facet normal -0.972805 -0.231627 0
    outer loop
      vertex -24.1926 -71.1081 0.6
      vertex -24.024 -71.8162 0
      vertex -24.024 -71.8162 0.6
    endloop
  endfacet
  facet normal -0.972805 -0.231627 -0
    outer loop
      vertex -24.1926 -71.1081 0.6
      vertex -24.1926 -71.1081 0
      vertex -24.024 -71.8162 0
    endloop
  endfacet
  facet normal -0.859467 -0.51119 0
    outer loop
      vertex -24.3611 -70.8248 0.6
      vertex -24.1926 -71.1081 0
      vertex -24.1926 -71.1081 0.6
    endloop
  endfacet
  facet normal -0.859467 -0.51119 -0
    outer loop
      vertex -24.3611 -70.8248 0.6
      vertex -24.3611 -70.8248 0
      vertex -24.1926 -71.1081 0
    endloop
  endfacet
  facet normal -0.643128 -0.765759 0
    outer loop
      vertex -24.6983 -70.5416 0.6
      vertex -24.3611 -70.8248 0
      vertex -24.3611 -70.8248 0.6
    endloop
  endfacet
  facet normal -0.643128 -0.765759 -0
    outer loop
      vertex -24.6983 -70.5416 0.6
      vertex -24.6983 -70.5416 0
      vertex -24.3611 -70.8248 0
    endloop
  endfacet
  facet normal -0.387177 -0.922006 0
    outer loop
      vertex -25.0355 -70.4 0.6
      vertex -24.6983 -70.5416 0
      vertex -24.6983 -70.5416 0.6
    endloop
  endfacet
  facet normal -0.387177 -0.922006 -0
    outer loop
      vertex -25.0355 -70.4 0.6
      vertex -25.0355 -70.4 0
      vertex -24.6983 -70.5416 0
    endloop
  endfacet
  facet normal 0 -1 0
    outer loop
      vertex -26.047 -70.4 0.6
      vertex -25.0355 -70.4 0
      vertex -25.0355 -70.4 0.6
    endloop
  endfacet
  facet normal 0 -1 0
    outer loop
      vertex -26.047 -70.4 0.6
      vertex -26.047 -70.4 0
      vertex -25.0355 -70.4 0
    endloop
  endfacet
  facet normal 0.387177 -0.922006 0
    outer loop
      vertex -26.3842 -70.5416 0.6
      vertex -26.047 -70.4 0
      vertex -26.047 -70.4 0.6
    endloop
  endfacet
  facet normal 0.387177 -0.922006 0
    outer loop
      vertex -26.3842 -70.5416 0.6
      vertex -26.3842 -70.5416 0
      vertex -26.047 -70.4 0
    endloop
  endfacet
  facet normal 0.643226 -0.765676 0
    outer loop
      vertex -27.2271 -71.2497 0.6
      vertex -26.3842 -70.5416 0
      vertex -26.3842 -70.5416 0.6
    endloop
  endfacet
  facet normal 0.643226 -0.765676 0
    outer loop
      vertex -27.2271 -71.2497 0.6
      vertex -27.2271 -71.2497 0
      vertex -26.3842 -70.5416 0
    endloop
  endfacet
  facet normal 1 -0 0
    outer loop
      vertex -27.2271 -76.3478 0.6
      vertex -27.2271 -71.2497 0
      vertex -27.2271 -71.2497 0.6
    endloop
  endfacet
  facet normal 1 0 0
    outer loop
      vertex -27.2271 -76.3478 0.6
      vertex -27.2271 -76.3478 0
      vertex -27.2271 -71.2497 0
    endloop
  endfacet
  facet normal 0.783399 0.62152 0
    outer loop
      vertex -26.89 -76.7727 0.6
      vertex -27.2271 -76.3478 0
      vertex -27.2271 -76.3478 0.6
    endloop
  endfacet
  facet normal 0.783399 0.62152 0
    outer loop
      vertex -26.89 -76.7727 0.6
      vertex -26.89 -76.7727 0
      vertex -27.2271 -76.3478 0
    endloop
  endfacet
  facet normal 0.104416 -0.994534 0
    outer loop
      vertex -28.2387 -76.9143 0.6
      vertex -26.89 -76.7727 0
      vertex -26.89 -76.7727 0.6
    endloop
  endfacet
  facet normal 0.104416 -0.994534 0
    outer loop
      vertex -28.2387 -76.9143 0.6
      vertex -28.2387 -76.9143 0
      vertex -26.89 -76.7727 0
    endloop
  endfacet
  facet normal 0.205498 -0.978657 0
    outer loop
      vertex -29.5874 -77.1975 0.6
      vertex -28.2387 -76.9143 0
      vertex -28.2387 -76.9143 0.6
    endloop
  endfacet
  facet normal 0.205498 -0.978657 0
    outer loop
      vertex -29.5874 -77.1975 0.6
      vertex -29.5874 -77.1975 0
      vertex -28.2387 -76.9143 0
    endloop
  endfacet
  facet normal -0.929469 -0.3689 0
    outer loop
      vertex -29.756 -76.7727 0.6
      vertex -29.5874 -77.1975 0
      vertex -29.5874 -77.1975 0.6
    endloop
  endfacet
  facet normal -0.929469 -0.3689 -0
    outer loop
      vertex -29.756 -76.7727 0.6
      vertex -29.756 -76.7727 0
      vertex -29.5874 -77.1975 0
    endloop
  endfacet
  facet normal -0.999634 0.0270479 0
    outer loop
      vertex -29.5874 -70.5416 0.6
      vertex -29.756 -76.7727 0
      vertex -29.756 -76.7727 0.6
    endloop
  endfacet
  facet normal -0.999634 0.0270479 0
    outer loop
      vertex -29.5874 -70.5416 0.6
      vertex -29.5874 -70.5416 0
      vertex -29.756 -76.7727 0
    endloop
  endfacet
  facet normal -0.643184 -0.765712 0
    outer loop
      vertex -30.2617 -69.9752 0.6
      vertex -29.5874 -70.5416 0
      vertex -29.5874 -70.5416 0.6
    endloop
  endfacet
  facet normal -0.643184 -0.765712 -0
    outer loop
      vertex -30.2617 -69.9752 0.6
      vertex -30.2617 -69.9752 0
      vertex -29.5874 -70.5416 0
    endloop
  endfacet
  facet normal -0.450135 0.89296 0
    outer loop
      vertex -29.4188 -69.5503 0.6
      vertex -30.2617 -69.9752 0
      vertex -30.2617 -69.9752 0.6
    endloop
  endfacet
  facet normal -0.450135 0.89296 0
    outer loop
      vertex -29.4188 -69.5503 0.6
      vertex -29.4188 -69.5503 0
      vertex -30.2617 -69.9752 0
    endloop
  endfacet
  facet normal -0.338694 0.940897 0
    outer loop
      vertex -28.2387 -69.1255 0.6
      vertex -29.4188 -69.5503 0
      vertex -29.4188 -69.5503 0.6
    endloop
  endfacet
  facet normal -0.338694 0.940897 0
    outer loop
      vertex -28.2387 -69.1255 0.6
      vertex -28.2387 -69.1255 0
      vertex -29.4188 -69.5503 0
    endloop
  endfacet
  facet normal 0 1 0
    outer loop
      vertex -27.9015 -69.1255 0.6
      vertex -28.2387 -69.1255 0
      vertex -28.2387 -69.1255 0.6
    endloop
  endfacet
  facet normal 0 1 0
    outer loop
      vertex -27.9015 -69.1255 0.6
      vertex -27.9015 -69.1255 0
      vertex -28.2387 -69.1255 0
    endloop
  endfacet
  facet normal 0.699939 0.714202 0
    outer loop
      vertex -26.89 -70.1168 0.6
      vertex -27.9015 -69.1255 0
      vertex -27.9015 -69.1255 0.6
    endloop
  endfacet
  facet normal 0.699939 0.714202 0
    outer loop
      vertex -26.89 -70.1168 0.6
      vertex -26.89 -70.1168 0
      vertex -27.9015 -69.1255 0
    endloop
  endfacet
  facet normal -0.533046 0.846086 0
    outer loop
      vertex -25.5413 -69.2671 0.6
      vertex -26.89 -70.1168 0
      vertex -26.89 -70.1168 0.6
    endloop
  endfacet
  facet normal -0.533046 0.846086 0
    outer loop
      vertex -25.5413 -69.2671 0.6
      vertex -25.5413 -69.2671 0
      vertex -26.89 -70.1168 0
    endloop
  endfacet
  facet normal -0.387177 0.922006 0
    outer loop
      vertex -24.8669 -68.9839 0.6
      vertex -25.5413 -69.2671 0
      vertex -25.5413 -69.2671 0.6
    endloop
  endfacet
  facet normal -0.387177 0.922006 0
    outer loop
      vertex -24.8669 -68.9839 0.6
      vertex -24.8669 -68.9839 0
      vertex -25.5413 -69.2671 0
    endloop
  endfacet
  facet normal 0 1 0
    outer loop
      vertex -24.3611 -68.9839 0.6
      vertex -24.8669 -68.9839 0
      vertex -24.8669 -68.9839 0.6
    endloop
  endfacet
  facet normal 0 1 0
    outer loop
      vertex -24.3611 -68.9839 0.6
      vertex -24.3611 -68.9839 0
      vertex -24.8669 -68.9839 0
    endloop
  endfacet
  facet normal -0.643618 0.765347 0
    outer loop
      vertex -24.1926 -68.8422 0.6
      vertex -24.3611 -68.9839 0
      vertex -24.3611 -68.9839 0.6
    endloop
  endfacet
  facet normal -0.643618 0.765347 0
    outer loop
      vertex -24.1926 -68.8422 0.6
      vertex -24.1926 -68.8422 0
      vertex -24.3611 -68.9839 0
    endloop
  endfacet
  facet normal 0 1 0
    outer loop
      vertex -23.8554 -68.8422 0.6
      vertex -24.1926 -68.8422 0
      vertex -24.1926 -68.8422 0.6
    endloop
  endfacet
  facet normal 0 1 0
    outer loop
      vertex -23.8554 -68.8422 0.6
      vertex -23.8554 -68.8422 0
      vertex -24.1926 -68.8422 0
    endloop
  endfacet
  facet normal 0.643394 0.765535 0
    outer loop
      vertex -23.6868 -68.9839 0.6
      vertex -23.8554 -68.8422 0
      vertex -23.8554 -68.8422 0.6
    endloop
  endfacet
  facet normal 0.643394 0.765535 0
    outer loop
      vertex -23.6868 -68.9839 0.6
      vertex -23.6868 -68.9839 0
      vertex -23.8554 -68.8422 0
    endloop
  endfacet
  facet normal 0.387226 0.921985 0
    outer loop
      vertex -33.465 -69.2671 0.6
      vertex -34.1393 -68.9839 0
      vertex -34.1393 -68.9839 0.6
    endloop
  endfacet
  facet normal 0.387226 0.921985 0
    outer loop
      vertex -33.465 -69.2671 0.6
      vertex -33.465 -69.2671 0
      vertex -34.1393 -68.9839 0
    endloop
  endfacet
  facet normal 0.643128 0.765759 0
    outer loop
      vertex -32.9592 -69.6919 0.6
      vertex -33.465 -69.2671 0
      vertex -33.465 -69.2671 0.6
    endloop
  endfacet
  facet normal 0.643128 0.765759 0
    outer loop
      vertex -32.9592 -69.6919 0.6
      vertex -32.9592 -69.6919 0
      vertex -33.465 -69.2671 0
    endloop
  endfacet
  facet normal 0.902856 0.429943 0
    outer loop
      vertex -32.622 -70.4 0.6
      vertex -32.9592 -69.6919 0
      vertex -32.9592 -69.6919 0.6
    endloop
  endfacet
  facet normal 0.902856 0.429943 0
    outer loop
      vertex -32.622 -70.4 0.6
      vertex -32.622 -70.4 0
      vertex -32.9592 -69.6919 0
    endloop
  endfacet
  facet normal 1 -0 0
    outer loop
      vertex -32.622 -75.3565 0.6
      vertex -32.622 -70.4 0
      vertex -32.622 -70.4 0.6
    endloop
  endfacet
  facet normal 1 0 0
    outer loop
      vertex -32.622 -75.3565 0.6
      vertex -32.622 -75.3565 0
      vertex -32.622 -70.4 0
    endloop
  endfacet
  facet normal 0.643195 0.765703 0
    outer loop
      vertex -31.9476 -75.923 0.6
      vertex -32.622 -75.3565 0
      vertex -32.622 -75.3565 0.6
    endloop
  endfacet
  facet normal 0.643195 0.765703 0
    outer loop
      vertex -31.9476 -75.923 0.6
      vertex -31.9476 -75.923 0
      vertex -32.622 -75.3565 0
    endloop
  endfacet
  facet normal -0.269637 0.962962 0
    outer loop
      vertex -31.4419 -75.7814 0.6
      vertex -31.9476 -75.923 0
      vertex -31.9476 -75.923 0.6
    endloop
  endfacet
  facet normal -0.269637 0.962962 0
    outer loop
      vertex -31.4419 -75.7814 0.6
      vertex -31.4419 -75.7814 0
      vertex -31.9476 -75.923 0
    endloop
  endfacet
  facet normal 0.859255 -0.511548 0
    outer loop
      vertex -31.7791 -76.3478 0.6
      vertex -31.4419 -75.7814 0
      vertex -31.4419 -75.7814 0.6
    endloop
  endfacet
  facet normal 0.859255 -0.511548 0
    outer loop
      vertex -31.7791 -76.3478 0.6
      vertex -31.7791 -76.3478 0
      vertex -31.4419 -75.7814 0
    endloop
  endfacet
  facet normal 0.488609 -0.872503 0
    outer loop
      vertex -33.2964 -77.1975 0.6
      vertex -31.7791 -76.3478 0
      vertex -31.7791 -76.3478 0.6
    endloop
  endfacet
  facet normal 0.488609 -0.872503 0
    outer loop
      vertex -33.2964 -77.1975 0.6
      vertex -33.2964 -77.1975 0
      vertex -31.7791 -76.3478 0
    endloop
  endfacet
  facet normal 0 -1 0
    outer loop
      vertex -33.9707 -77.1975 0.6
      vertex -33.2964 -77.1975 0
      vertex -33.2964 -77.1975 0.6
    endloop
  endfacet
  facet normal 0 -1 0
    outer loop
      vertex -33.9707 -77.1975 0.6
      vertex -33.9707 -77.1975 0
      vertex -33.2964 -77.1975 0
    endloop
  endfacet
  facet normal -0.643128 -0.765759 0
    outer loop
      vertex -34.3079 -76.9143 0.6
      vertex -33.9707 -77.1975 0
      vertex -33.9707 -77.1975 0.6
    endloop
  endfacet
  facet normal -0.643128 -0.765759 -0
    outer loop
      vertex -34.3079 -76.9143 0.6
      vertex -34.3079 -76.9143 0
      vertex -33.9707 -77.1975 0
    endloop
  endfacet
  facet normal -0.929484 -0.368862 0
    outer loop
      vertex -34.6451 -76.0646 0.6
      vertex -34.3079 -76.9143 0
      vertex -34.3079 -76.9143 0.6
    endloop
  endfacet
  facet normal -0.929484 -0.368862 -0
    outer loop
      vertex -34.6451 -76.0646 0.6
      vertex -34.6451 -76.0646 0
      vertex -34.3079 -76.9143 0
    endloop
  endfacet
  facet normal -0.643128 -0.765759 0
    outer loop
      vertex -34.9823 -75.7814 0.6
      vertex -34.6451 -76.0646 0
      vertex -34.6451 -76.0646 0.6
    endloop
  endfacet
  facet normal -0.643128 -0.765759 -0
    outer loop
      vertex -34.9823 -75.7814 0.6
      vertex -34.9823 -75.7814 0
      vertex -34.6451 -76.0646 0
    endloop
  endfacet
  facet normal 0.387274 -0.921965 0
    outer loop
      vertex -35.3194 -75.923 0.6
      vertex -34.9823 -75.7814 0
      vertex -34.9823 -75.7814 0.6
    endloop
  endfacet
  facet normal 0.387274 -0.921965 0
    outer loop
      vertex -35.3194 -75.923 0.6
      vertex -35.3194 -75.923 0
      vertex -34.9823 -75.7814 0
    endloop
  endfacet
  facet normal 0.643173 -0.765721 0
    outer loop
      vertex -36.331 -76.7727 0.6
      vertex -35.3194 -75.923 0
      vertex -35.3194 -75.923 0.6
    endloop
  endfacet
  facet normal 0.643173 -0.765721 0
    outer loop
      vertex -36.331 -76.7727 0.6
      vertex -36.331 -76.7727 0
      vertex -35.3194 -75.923 0
    endloop
  endfacet
  facet normal 0.387209 -0.921992 0
    outer loop
      vertex -37.3425 -77.1975 0.6
      vertex -36.331 -76.7727 0
      vertex -36.331 -76.7727 0.6
    endloop
  endfacet
  facet normal 0.387209 -0.921992 0
    outer loop
      vertex -37.3425 -77.1975 0.6
      vertex -37.3425 -77.1975 0
      vertex -36.331 -76.7727 0
    endloop
  endfacet
  facet normal 0.16567 -0.986181 0
    outer loop
      vertex -38.1854 -77.3391 0.6
      vertex -37.3425 -77.1975 0
      vertex -37.3425 -77.1975 0.6
    endloop
  endfacet
  facet normal 0.16567 -0.986181 0
    outer loop
      vertex -38.1854 -77.3391 0.6
      vertex -38.1854 -77.3391 0
      vertex -37.3425 -77.1975 0
    endloop
  endfacet
  facet normal -0.165651 -0.986184 0
    outer loop
      vertex -39.0284 -77.1975 0.6
      vertex -38.1854 -77.3391 0
      vertex -38.1854 -77.3391 0.6
    endloop
  endfacet
  facet normal -0.165651 -0.986184 -0
    outer loop
      vertex -39.0284 -77.1975 0.6
      vertex -39.0284 -77.1975 0
      vertex -38.1854 -77.3391 0
    endloop
  endfacet
  facet normal -0.643173 -0.765721 0
    outer loop
      vertex -39.8713 -76.4895 0.6
      vertex -39.0284 -77.1975 0
      vertex -39.0284 -77.1975 0.6
    endloop
  endfacet
  facet normal -0.643173 -0.765721 -0
    outer loop
      vertex -39.8713 -76.4895 0.6
      vertex -39.8713 -76.4895 0
      vertex -39.0284 -77.1975 0
    endloop
  endfacet
  facet normal -0.859334 -0.511415 0
    outer loop
      vertex -40.0399 -76.2062 0.6
      vertex -39.8713 -76.4895 0
      vertex -39.8713 -76.4895 0.6
    endloop
  endfacet
  facet normal -0.859334 -0.511415 -0
    outer loop
      vertex -40.0399 -76.2062 0.6
      vertex -40.0399 -76.2062 0
      vertex -39.8713 -76.4895 0
    endloop
  endfacet
  facet normal -0.972805 -0.231627 0
    outer loop
      vertex -40.2085 -75.4981 0.6
      vertex -40.0399 -76.2062 0
      vertex -40.0399 -76.2062 0.6
    endloop
  endfacet
  facet normal -0.972805 -0.231627 -0
    outer loop
      vertex -40.2085 -75.4981 0.6
      vertex -40.2085 -75.4981 0
      vertex -40.0399 -76.2062 0
    endloop
  endfacet
  facet normal -0.985843 0.167672 0
    outer loop
      vertex -40.0399 -74.5068 0.6
      vertex -40.2085 -75.4981 0
      vertex -40.2085 -75.4981 0.6
    endloop
  endfacet
  facet normal -0.985843 0.167672 0
    outer loop
      vertex -40.0399 -74.5068 0.6
      vertex -40.0399 -74.5068 0
      vertex -40.2085 -75.4981 0
    endloop
  endfacet
  facet normal -0.859255 0.511548 0
    outer loop
      vertex -39.8713 -74.2236 0.6
      vertex -40.0399 -74.5068 0
      vertex -40.0399 -74.5068 0.6
    endloop
  endfacet
  facet normal -0.859255 0.511548 0
    outer loop
      vertex -39.8713 -74.2236 0.6
      vertex -39.8713 -74.2236 0
      vertex -40.0399 -74.5068 0
    endloop
  endfacet
  facet normal -0.724179 0.689612 0
    outer loop
      vertex -39.197 -73.5155 0.6
      vertex -39.8713 -74.2236 0
      vertex -39.8713 -74.2236 0.6
    endloop
  endfacet
  facet normal -0.724179 0.689612 0
    outer loop
      vertex -39.197 -73.5155 0.6
      vertex -39.197 -73.5155 0
      vertex -39.8713 -74.2236 0
    endloop
  endfacet
  facet normal 0 1 0
    outer loop
      vertex -39.0284 -73.5155 0.6
      vertex -39.197 -73.5155 0
      vertex -39.197 -73.5155 0.6
    endloop
  endfacet
  facet normal 0 1 0
    outer loop
      vertex -39.0284 -73.5155 0.6
      vertex -39.0284 -73.5155 0
      vertex -39.197 -73.5155 0
    endloop
  endfacet
  facet normal -0.643128 0.765759 0
    outer loop
      vertex -38.5226 -73.0907 0.6
      vertex -39.0284 -73.5155 0
      vertex -39.0284 -73.5155 0.6
    endloop
  endfacet
  facet normal -0.643128 0.765759 0
    outer loop
      vertex -38.5226 -73.0907 0.6
      vertex -38.5226 -73.0907 0
      vertex -39.0284 -73.5155 0
    endloop
  endfacet
  facet normal -0.387243 0.921978 0
    outer loop
      vertex -36.8367 -72.3826 0.6
      vertex -38.5226 -73.0907 0
      vertex -38.5226 -73.0907 0.6
    endloop
  endfacet
  facet normal -0.387243 0.921978 0
    outer loop
      vertex -36.8367 -72.3826 0.6
      vertex -36.8367 -72.3826 0
      vertex -38.5226 -73.0907 0
    endloop
  endfacet
  facet normal -0.205498 0.978657 0
    outer loop
      vertex -35.488 -72.0994 0.6
      vertex -36.8367 -72.3826 0
      vertex -36.8367 -72.3826 0.6
    endloop
  endfacet
  facet normal -0.205498 0.978657 0
    outer loop
      vertex -35.488 -72.0994 0.6
      vertex -35.488 -72.0994 0
      vertex -36.8367 -72.3826 0
    endloop
  endfacet
  facet normal -0.643291 0.765621 0
    outer loop
      vertex -34.9823 -71.6745 0.6
      vertex -35.488 -72.0994 0
      vertex -35.488 -72.0994 0.6
    endloop
  endfacet
  facet normal -0.643291 0.765621 0
    outer loop
      vertex -34.9823 -71.6745 0.6
      vertex -34.9823 -71.6745 0
      vertex -35.488 -72.0994 0
    endloop
  endfacet
  facet normal -1 -0 0
    outer loop
      vertex -34.9823 -70.8248 0.6
      vertex -34.9823 -71.6745 0
      vertex -34.9823 -71.6745 0.6
    endloop
  endfacet
  facet normal -1 0 -0
    outer loop
      vertex -34.9823 -70.8248 0.6
      vertex -34.9823 -70.8248 0
      vertex -34.9823 -71.6745 0
    endloop
  endfacet
  facet normal -0.643203 -0.765696 0
    outer loop
      vertex -35.488 -70.4 0.6
      vertex -34.9823 -70.8248 0
      vertex -34.9823 -70.8248 0.6
    endloop
  endfacet
  facet normal -0.643203 -0.765696 -0
    outer loop
      vertex -35.488 -70.4 0.6
      vertex -35.488 -70.4 0
      vertex -34.9823 -70.8248 0
    endloop
  endfacet
  facet normal -0.387177 -0.922006 0
    outer loop
      vertex -35.8252 -70.2584 0.6
      vertex -35.488 -70.4 0
      vertex -35.488 -70.4 0.6
    endloop
  endfacet
  facet normal -0.387177 -0.922006 -0
    outer loop
      vertex -35.8252 -70.2584 0.6
      vertex -35.8252 -70.2584 0
      vertex -35.488 -70.4 0
    endloop
  endfacet
  facet normal 0 -1 0
    outer loop
      vertex -37.5111 -70.2584 0.6
      vertex -35.8252 -70.2584 0
      vertex -35.8252 -70.2584 0.6
    endloop
  endfacet
  facet normal 0 -1 0
    outer loop
      vertex -37.5111 -70.2584 0.6
      vertex -37.5111 -70.2584 0
      vertex -35.8252 -70.2584 0
    endloop
  endfacet
  facet normal 0.269588 -0.962976 0
    outer loop
      vertex -38.0169 -70.4 0.6
      vertex -37.5111 -70.2584 0
      vertex -37.5111 -70.2584 0.6
    endloop
  endfacet
  facet normal 0.269588 -0.962976 0
    outer loop
      vertex -38.0169 -70.4 0.6
      vertex -38.0169 -70.4 0
      vertex -37.5111 -70.2584 0
    endloop
  endfacet
  facet normal 0.488614 -0.8725 0
    outer loop
      vertex -38.5226 -70.6832 0.6
      vertex -38.0169 -70.4 0
      vertex -38.0169 -70.4 0.6
    endloop
  endfacet
  facet normal 0.488614 -0.8725 0
    outer loop
      vertex -38.5226 -70.6832 0.6
      vertex -38.5226 -70.6832 0
      vertex -38.0169 -70.4 0
    endloop
  endfacet
  facet normal 0.643217 -0.765684 0
    outer loop
      vertex -39.0284 -71.1081 0.6
      vertex -38.5226 -70.6832 0
      vertex -38.5226 -70.6832 0.6
    endloop
  endfacet
  facet normal 0.643217 -0.765684 0
    outer loop
      vertex -39.0284 -71.1081 0.6
      vertex -39.0284 -71.1081 0
      vertex -38.5226 -70.6832 0
    endloop
  endfacet
  facet normal -1 -0 0
    outer loop
      vertex -39.0284 -70.6832 0.6
      vertex -39.0284 -71.1081 0
      vertex -39.0284 -71.1081 0.6
    endloop
  endfacet
  facet normal -1 0 -0
    outer loop
      vertex -39.0284 -70.6832 0.6
      vertex -39.0284 -70.6832 0
      vertex -39.0284 -71.1081 0
    endloop
  endfacet
  facet normal -0.783238 0.621722 0
    outer loop
      vertex -38.6912 -70.2584 0.6
      vertex -39.0284 -70.6832 0
      vertex -39.0284 -70.6832 0.6
    endloop
  endfacet
  facet normal -0.783238 0.621722 0
    outer loop
      vertex -38.6912 -70.2584 0.6
      vertex -38.6912 -70.2584 0
      vertex -39.0284 -70.6832 0
    endloop
  endfacet
  facet normal -0.643226 0.765676 0
    outer loop
      vertex -37.8483 -69.5503 0.6
      vertex -38.6912 -70.2584 0
      vertex -38.6912 -70.2584 0.6
    endloop
  endfacet
  facet normal -0.643226 0.765676 0
    outer loop
      vertex -37.8483 -69.5503 0.6
      vertex -37.8483 -69.5503 0
      vertex -38.6912 -70.2584 0
    endloop
  endfacet
  facet normal -0.349722 0.936853 0
    outer loop
      vertex -36.331 -68.9839 0.6
      vertex -37.8483 -69.5503 0
      vertex -37.8483 -69.5503 0.6
    endloop
  endfacet
  facet normal -0.349722 0.936853 0
    outer loop
      vertex -36.331 -68.9839 0.6
      vertex -36.331 -68.9839 0
      vertex -37.8483 -69.5503 0
    endloop
  endfacet
  facet normal -0.205623 0.978631 0
    outer loop
      vertex -35.6566 -68.8422 0.6
      vertex -36.331 -68.9839 0
      vertex -36.331 -68.9839 0.6
    endloop
  endfacet
  facet normal -0.205623 0.978631 0
    outer loop
      vertex -35.6566 -68.8422 0.6
      vertex -35.6566 -68.8422 0
      vertex -36.331 -68.9839 0
    endloop
  endfacet
  facet normal 0 1 0
    outer loop
      vertex -34.8137 -68.8422 0.6
      vertex -35.6566 -68.8422 0
      vertex -35.6566 -68.8422 0.6
    endloop
  endfacet
  facet normal 0 1 0
    outer loop
      vertex -34.8137 -68.8422 0.6
      vertex -34.8137 -68.8422 0
      vertex -35.6566 -68.8422 0
    endloop
  endfacet
  facet normal 0.205623 0.978631 0
    outer loop
      vertex -34.1393 -68.9839 0.6
      vertex -34.8137 -68.8422 0
      vertex -34.8137 -68.8422 0.6
    endloop
  endfacet
  facet normal 0.205623 0.978631 0
    outer loop
      vertex -34.1393 -68.9839 0.6
      vertex -34.1393 -68.9839 0
      vertex -34.8137 -68.8422 0
    endloop
  endfacet
  facet normal 0.338739 -0.94088 0
    outer loop
      vertex -36.6682 -72.9491 0.6
      vertex -36.6682 -72.9491 0
      vertex -35.488 -72.5242 0.6
    endloop
  endfacet
  facet normal 0.338739 -0.94088 0
    outer loop
      vertex -35.488 -72.5242 0
      vertex -35.488 -72.5242 0.6
      vertex -36.6682 -72.9491 0
    endloop
  endfacet
  facet normal 0.557742 -0.830015 0
    outer loop
      vertex -37.5111 -73.5155 0.6
      vertex -37.5111 -73.5155 0
      vertex -36.6682 -72.9491 0.6
    endloop
  endfacet
  facet normal 0.557742 -0.830015 0
    outer loop
      vertex -36.6682 -72.9491 0
      vertex -36.6682 -72.9491 0.6
      vertex -37.5111 -73.5155 0
    endloop
  endfacet
  facet normal 0.783309 -0.621633 0
    outer loop
      vertex -37.8483 -73.9404 0.6
      vertex -37.8483 -73.9404 0
      vertex -37.5111 -73.5155 0.6
    endloop
  endfacet
  facet normal 0.783309 -0.621633 0
    outer loop
      vertex -37.5111 -73.5155 0
      vertex -37.5111 -73.5155 0.6
      vertex -37.8483 -73.9404 0
    endloop
  endfacet
  facet normal 1 -0 0
    outer loop
      vertex -37.8483 -75.2149 0.6
      vertex -37.8483 -75.2149 0
      vertex -37.8483 -73.9404 0.6
    endloop
  endfacet
  facet normal 1 0 -0
    outer loop
      vertex -37.8483 -73.9404 0
      vertex -37.8483 -73.9404 0.6
      vertex -37.8483 -75.2149 0
    endloop
  endfacet
  facet normal 0.643195 0.765703 0
    outer loop
      vertex -37.1739 -75.7814 0.6
      vertex -37.1739 -75.7814 0
      vertex -37.8483 -75.2149 0.6
    endloop
  endfacet
  facet normal 0.643195 0.765703 -0
    outer loop
      vertex -37.8483 -75.2149 0
      vertex -37.8483 -75.2149 0.6
      vertex -37.1739 -75.7814 0
    endloop
  endfacet
  facet normal 0.387177 0.922006 0
    outer loop
      vertex -36.8367 -75.923 0.6
      vertex -36.8367 -75.923 0
      vertex -37.1739 -75.7814 0.6
    endloop
  endfacet
  facet normal 0.387177 0.922006 -0
    outer loop
      vertex -37.1739 -75.7814 0
      vertex -37.1739 -75.7814 0.6
      vertex -36.8367 -75.923 0
    endloop
  endfacet
  facet normal 0 1 0
    outer loop
      vertex -36.331 -75.923 0.6
      vertex -36.331 -75.923 0
      vertex -36.8367 -75.923 0.6
    endloop
  endfacet
  facet normal 0 1 0
    outer loop
      vertex -36.8367 -75.923 0
      vertex -36.8367 -75.923 0.6
      vertex -36.331 -75.923 0
    endloop
  endfacet
  facet normal -0.387177 0.922006 0
    outer loop
      vertex -35.6566 -75.6398 0.6
      vertex -35.6566 -75.6398 0
      vertex -36.331 -75.923 0.6
    endloop
  endfacet
  facet normal -0.387177 0.922006 0
    outer loop
      vertex -36.331 -75.923 0
      vertex -36.331 -75.923 0.6
      vertex -35.6566 -75.6398 0
    endloop
  endfacet
  facet normal -0.643251 0.765656 0
    outer loop
      vertex -34.9823 -75.0733 0.6
      vertex -34.9823 -75.0733 0
      vertex -35.6566 -75.6398 0.6
    endloop
  endfacet
  facet normal -0.643251 0.765656 0
    outer loop
      vertex -35.6566 -75.6398 0
      vertex -35.6566 -75.6398 0.6
      vertex -34.9823 -75.0733 0
    endloop
  endfacet
  facet normal -0.859255 0.511548 0
    outer loop
      vertex -34.8137 -74.7901 0.6
      vertex -34.8137 -74.7901 0
      vertex -34.9823 -75.0733 0.6
    endloop
  endfacet
  facet normal -0.859255 0.511548 0
    outer loop
      vertex -34.9823 -75.0733 0
      vertex -34.9823 -75.0733 0.6
      vertex -34.8137 -74.7901 0
    endloop
  endfacet
  facet normal -1 -0 -0
    outer loop
      vertex -34.8137 -72.8074 0.6
      vertex -34.8137 -72.8074 0
      vertex -34.8137 -74.7901 0.6
    endloop
  endfacet
  facet normal -1 0 0
    outer loop
      vertex -34.8137 -74.7901 0
      vertex -34.8137 -74.7901 0.6
      vertex -34.8137 -72.8074 0
    endloop
  endfacet
  facet normal -0.64324 -0.765665 -0
    outer loop
      vertex -35.1508 -72.5242 0.6
      vertex -35.1508 -72.5242 0
      vertex -34.8137 -72.8074 0.6
    endloop
  endfacet
  facet normal -0.64324 -0.765665 0
    outer loop
      vertex -34.8137 -72.8074 0
      vertex -34.8137 -72.8074 0.6
      vertex -35.1508 -72.5242 0
    endloop
  endfacet
  facet normal 0 -1 0
    outer loop
      vertex -35.488 -72.5242 0.6
      vertex -35.488 -72.5242 0
      vertex -35.1508 -72.5242 0.6
    endloop
  endfacet
  facet normal 0 -1 0
    outer loop
      vertex -35.1508 -72.5242 0
      vertex -35.1508 -72.5242 0.6
      vertex -35.488 -72.5242 0
    endloop
  endfacet
  facet normal 0.972828 0.231528 0
    outer loop
      vertex -72.2405 -75.3565 0.6
      vertex -72.409 -74.6485 0
      vertex -72.409 -74.6485 0.6
    endloop
  endfacet
  facet normal 0.972828 0.231528 0
    outer loop
      vertex -72.2405 -75.3565 0.6
      vertex -72.2405 -75.3565 0
      vertex -72.409 -74.6485 0
    endloop
  endfacet
  facet normal 0.859334 0.511415 0
    outer loop
      vertex -72.0719 -75.6398 0.6
      vertex -72.2405 -75.3565 0
      vertex -72.2405 -75.3565 0.6
    endloop
  endfacet
  facet normal 0.859334 0.511415 0
    outer loop
      vertex -72.0719 -75.6398 0.6
      vertex -72.0719 -75.6398 0
      vertex -72.2405 -75.3565 0
    endloop
  endfacet
  facet normal 0.643128 0.765759 0
    outer loop
      vertex -71.7347 -75.923 0.6
      vertex -72.0719 -75.6398 0
      vertex -72.0719 -75.6398 0.6
    endloop
  endfacet
  facet normal 0.643128 0.765759 0
    outer loop
      vertex -71.7347 -75.923 0.6
      vertex -71.7347 -75.923 0
      vertex -72.0719 -75.6398 0
    endloop
  endfacet
  facet normal -0.269588 0.962976 0
    outer loop
      vertex -71.2289 -75.7814 0.6
      vertex -71.7347 -75.923 0
      vertex -71.7347 -75.923 0.6
    endloop
  endfacet
  facet normal -0.269588 0.962976 0
    outer loop
      vertex -71.2289 -75.7814 0.6
      vertex -71.2289 -75.7814 0
      vertex -71.7347 -75.923 0
    endloop
  endfacet
  facet normal 0.929469 -0.3689 0
    outer loop
      vertex -71.3975 -76.2062 0.6
      vertex -71.2289 -75.7814 0
      vertex -71.2289 -75.7814 0.6
    endloop
  endfacet
  facet normal 0.929469 -0.3689 0
    outer loop
      vertex -71.3975 -76.2062 0.6
      vertex -71.3975 -76.2062 0
      vertex -71.2289 -75.7814 0
    endloop
  endfacet
  facet normal 0.514517 -0.85748 0
    outer loop
      vertex -72.5776 -76.9143 0.6
      vertex -71.3975 -76.2062 0
      vertex -71.3975 -76.2062 0.6
    endloop
  endfacet
  facet normal 0.514517 -0.85748 0
    outer loop
      vertex -72.5776 -76.9143 0.6
      vertex -72.5776 -76.9143 0
      vertex -71.3975 -76.2062 0
    endloop
  endfacet
  facet normal 0.269588 -0.962976 0
    outer loop
      vertex -73.0834 -77.0559 0.6
      vertex -72.5776 -76.9143 0
      vertex -72.5776 -76.9143 0.6
    endloop
  endfacet
  facet normal 0.269588 -0.962976 0
    outer loop
      vertex -73.0834 -77.0559 0.6
      vertex -73.0834 -77.0559 0
      vertex -72.5776 -76.9143 0
    endloop
  endfacet
  facet normal 0.48854 -0.872541 0
    outer loop
      vertex -73.5892 -77.3391 0.6
      vertex -73.0834 -77.0559 0
      vertex -73.0834 -77.0559 0.6
    endloop
  endfacet
  facet normal 0.48854 -0.872541 0
    outer loop
      vertex -73.5892 -77.3391 0.6
      vertex -73.5892 -77.3391 0
      vertex -73.0834 -77.0559 0
    endloop
  endfacet
  facet normal -0.488614 -0.8725 0
    outer loop
      vertex -74.0949 -77.0559 0.6
      vertex -73.5892 -77.3391 0
      vertex -73.5892 -77.3391 0.6
    endloop
  endfacet
  facet normal -0.488614 -0.8725 -0
    outer loop
      vertex -74.0949 -77.0559 0.6
      vertex -74.0949 -77.0559 0
      vertex -73.5892 -77.3391 0
    endloop
  endfacet
  facet normal -0.929484 -0.368862 0
    outer loop
      vertex -74.4321 -76.2062 0.6
      vertex -74.0949 -77.0559 0
      vertex -74.0949 -77.0559 0.6
    endloop
  endfacet
  facet normal -0.929484 -0.368862 -0
    outer loop
      vertex -74.4321 -76.2062 0.6
      vertex -74.4321 -76.2062 0
      vertex -74.0949 -77.0559 0
    endloop
  endfacet
  facet normal -0.643128 -0.765759 0
    outer loop
      vertex -74.9379 -75.7814 0.6
      vertex -74.4321 -76.2062 0
      vertex -74.4321 -76.2062 0.6
    endloop
  endfacet
  facet normal -0.643128 -0.765759 -0
    outer loop
      vertex -74.9379 -75.7814 0.6
      vertex -74.9379 -75.7814 0
      vertex -74.4321 -76.2062 0
    endloop
  endfacet
  facet normal 0.387177 -0.922006 0
    outer loop
      vertex -75.2751 -75.923 0.6
      vertex -74.9379 -75.7814 0
      vertex -74.9379 -75.7814 0.6
    endloop
  endfacet
  facet normal 0.387177 -0.922006 0
    outer loop
      vertex -75.2751 -75.923 0.6
      vertex -75.2751 -75.923 0
      vertex -74.9379 -75.7814 0
    endloop
  endfacet
  facet normal 0.584317 -0.811525 0
    outer loop
      vertex -76.4552 -76.7727 0.6
      vertex -75.2751 -75.923 0
      vertex -75.2751 -75.923 0.6
    endloop
  endfacet
  facet normal 0.584317 -0.811525 0
    outer loop
      vertex -76.4552 -76.7727 0.6
      vertex -76.4552 -76.7727 0
      vertex -75.2751 -75.923 0
    endloop
  endfacet
  facet normal 0.387209 -0.921992 0
    outer loop
      vertex -77.4667 -77.1975 0.6
      vertex -76.4552 -76.7727 0
      vertex -76.4552 -76.7727 0.6
    endloop
  endfacet
  facet normal 0.387209 -0.921992 0
    outer loop
      vertex -77.4667 -77.1975 0.6
      vertex -77.4667 -77.1975 0
      vertex -76.4552 -76.7727 0
    endloop
  endfacet
  facet normal 0 -1 0
    outer loop
      vertex -78.6469 -77.1975 0.6
      vertex -77.4667 -77.1975 0
      vertex -77.4667 -77.1975 0.6
    endloop
  endfacet
  facet normal 0 -1 0
    outer loop
      vertex -78.6469 -77.1975 0.6
      vertex -78.6469 -77.1975 0
      vertex -77.4667 -77.1975 0
    endloop
  endfacet
  facet normal -0.387274 -0.921965 0
    outer loop
      vertex -78.984 -77.0559 0.6
      vertex -78.6469 -77.1975 0
      vertex -78.6469 -77.1975 0.6
    endloop
  endfacet
  facet normal -0.387274 -0.921965 -0
    outer loop
      vertex -78.984 -77.0559 0.6
      vertex -78.984 -77.0559 0
      vertex -78.6469 -77.1975 0
    endloop
  endfacet
  facet normal -0.643128 -0.765759 0
    outer loop
      vertex -79.6584 -76.4895 0.6
      vertex -78.984 -77.0559 0
      vertex -78.984 -77.0559 0.6
    endloop
  endfacet
  facet normal -0.643128 -0.765759 -0
    outer loop
      vertex -79.6584 -76.4895 0.6
      vertex -79.6584 -76.4895 0
      vertex -78.984 -77.0559 0
    endloop
  endfacet
  facet normal -0.902856 -0.429943 0
    outer loop
      vertex -79.9956 -75.7814 0.6
      vertex -79.6584 -76.4895 0
      vertex -79.6584 -76.4895 0.6
    endloop
  endfacet
  facet normal -0.902856 -0.429943 -0
    outer loop
      vertex -79.9956 -75.7814 0.6
      vertex -79.9956 -75.7814 0
      vertex -79.6584 -76.4895 0
    endloop
  endfacet
  facet normal -1 -0 0
    outer loop
      vertex -79.9956 -70.8248 0.6
      vertex -79.9956 -75.7814 0
      vertex -79.9956 -75.7814 0.6
    endloop
  endfacet
  facet normal -1 0 -0
    outer loop
      vertex -79.9956 -70.8248 0.6
      vertex -79.9956 -70.8248 0
      vertex -79.9956 -75.7814 0
    endloop
  endfacet
  facet normal -0.859255 -0.511548 0
    outer loop
      vertex -80.1642 -70.5416 0.6
      vertex -79.9956 -70.8248 0
      vertex -79.9956 -70.8248 0.6
    endloop
  endfacet
  facet normal -0.859255 -0.511548 -0
    outer loop
      vertex -80.1642 -70.5416 0.6
      vertex -80.1642 -70.5416 0
      vertex -79.9956 -70.8248 0
    endloop
  endfacet
  facet normal -0.643184 -0.765712 0
    outer loop
      vertex -80.8385 -69.9752 0.6
      vertex -80.1642 -70.5416 0
      vertex -80.1642 -70.5416 0.6
    endloop
  endfacet
  facet normal -0.643184 -0.765712 -0
    outer loop
      vertex -80.8385 -69.9752 0.6
      vertex -80.8385 -69.9752 0
      vertex -80.1642 -70.5416 0
    endloop
  endfacet
  facet normal -0.326882 0.945065 0
    outer loop
      vertex -77.9725 -68.9839 0.6
      vertex -80.8385 -69.9752 0
      vertex -80.8385 -69.9752 0.6
    endloop
  endfacet
  facet normal -0.326882 0.945065 0
    outer loop
      vertex -77.9725 -68.9839 0.6
      vertex -77.9725 -68.9839 0
      vertex -80.8385 -69.9752 0
    endloop
  endfacet
  facet normal 0.999557 0.0297506 0
    outer loop
      vertex -77.8039 -74.6485 0.6
      vertex -77.9725 -68.9839 0
      vertex -77.9725 -68.9839 0.6
    endloop
  endfacet
  facet normal 0.999557 0.0297506 0
    outer loop
      vertex -77.8039 -74.6485 0.6
      vertex -77.8039 -74.6485 0
      vertex -77.9725 -68.9839 0
    endloop
  endfacet
  facet normal 0.929469 0.3689 0
    outer loop
      vertex -77.6353 -75.0733 0.6
      vertex -77.8039 -74.6485 0
      vertex -77.8039 -74.6485 0.6
    endloop
  endfacet
  facet normal 0.929469 0.3689 0
    outer loop
      vertex -77.6353 -75.0733 0.6
      vertex -77.6353 -75.0733 0
      vertex -77.8039 -74.6485 0
    endloop
  endfacet
  facet normal 0.643226 0.765676 0
    outer loop
      vertex -76.7924 -75.7814 0.6
      vertex -77.6353 -75.0733 0
      vertex -77.6353 -75.0733 0.6
    endloop
  endfacet
  facet normal 0.643226 0.765676 0
    outer loop
      vertex -76.7924 -75.7814 0.6
      vertex -76.7924 -75.7814 0
      vertex -77.6353 -75.0733 0
    endloop
  endfacet
  facet normal 0 1 0
    outer loop
      vertex -76.118 -75.7814 0.6
      vertex -76.7924 -75.7814 0
      vertex -76.7924 -75.7814 0.6
    endloop
  endfacet
  facet normal 0 1 0
    outer loop
      vertex -76.118 -75.7814 0.6
      vertex -76.118 -75.7814 0
      vertex -76.7924 -75.7814 0
    endloop
  endfacet
  facet normal -0.450135 0.89296 0
    outer loop
      vertex -75.2751 -75.3565 0.6
      vertex -76.118 -75.7814 0
      vertex -76.118 -75.7814 0.6
    endloop
  endfacet
  facet normal -0.450135 0.89296 0
    outer loop
      vertex -75.2751 -75.3565 0.6
      vertex -75.2751 -75.3565 0
      vertex -76.118 -75.7814 0
    endloop
  endfacet
  facet normal -0.72408 0.689716 0
    outer loop
      vertex -74.6007 -74.6485 0.6
      vertex -75.2751 -75.3565 0
      vertex -75.2751 -75.3565 0.6
    endloop
  endfacet
  facet normal -0.72408 0.689716 0
    outer loop
      vertex -74.6007 -74.6485 0.6
      vertex -74.6007 -74.6485 0
      vertex -75.2751 -75.3565 0
    endloop
  endfacet
  facet normal -1 -0 0
    outer loop
      vertex -74.6007 -70.6832 0.6
      vertex -74.6007 -74.6485 0
      vertex -74.6007 -74.6485 0.6
    endloop
  endfacet
  facet normal -1 0 -0
    outer loop
      vertex -74.6007 -70.6832 0.6
      vertex -74.6007 -70.6832 0
      vertex -74.6007 -74.6485 0
    endloop
  endfacet
  facet normal -0.859255 -0.511548 0
    outer loop
      vertex -74.7693 -70.4 0.6
      vertex -74.6007 -70.6832 0
      vertex -74.6007 -70.6832 0.6
    endloop
  endfacet
  facet normal -0.859255 -0.511548 -0
    outer loop
      vertex -74.7693 -70.4 0.6
      vertex -74.7693 -70.4 0
      vertex -74.6007 -70.6832 0
    endloop
  endfacet
  facet normal -0.643128 -0.765759 0
    outer loop
      vertex -75.2751 -69.9752 0.6
      vertex -74.7693 -70.4 0
      vertex -74.7693 -70.4 0.6
    endloop
  endfacet
  facet normal -0.643128 -0.765759 -0
    outer loop
      vertex -75.2751 -69.9752 0.6
      vertex -75.2751 -69.9752 0
      vertex -74.7693 -70.4 0
    endloop
  endfacet
  facet normal -0.643261 0.765647 0
    outer loop
      vertex -74.9379 -69.6919 0.6
      vertex -75.2751 -69.9752 0
      vertex -75.2751 -69.9752 0.6
    endloop
  endfacet
  facet normal -0.643261 0.765647 0
    outer loop
      vertex -74.9379 -69.6919 0.6
      vertex -74.9379 -69.6919 0
      vertex -75.2751 -69.9752 0
    endloop
  endfacet
  facet normal -0.307396 0.951582 0
    outer loop
      vertex -72.7462 -68.9839 0.6
      vertex -74.9379 -69.6919 0
      vertex -74.9379 -69.6919 0.6
    endloop
  endfacet
  facet normal -0.307396 0.951582 0
    outer loop
      vertex -72.7462 -68.9839 0.6
      vertex -72.7462 -68.9839 0
      vertex -74.9379 -69.6919 0
    endloop
  endfacet
  facet normal 0.998233 0.0594224 0
    outer loop
      vertex -72.409 -74.6485 0.6
      vertex -72.7462 -68.9839 0
      vertex -72.7462 -68.9839 0.6
    endloop
  endfacet
  facet normal 0.998233 0.0594224 0
    outer loop
      vertex -72.409 -74.6485 0.6
      vertex -72.409 -74.6485 0
      vertex -72.7462 -68.9839 0
    endloop
  endfacet
  facet normal 0.859334 0.511415 0
    outer loop
      vertex 68.7001 -75.6398 0.6
      vertex 68.5315 -75.3565 0
      vertex 68.5315 -75.3565 0.6
    endloop
  endfacet
  facet normal 0.859334 0.511415 0
    outer loop
      vertex 68.7001 -75.6398 0.6
      vertex 68.7001 -75.6398 0
      vertex 68.5315 -75.3565 0
    endloop
  endfacet
  facet normal 0.643128 0.765759 0
    outer loop
      vertex 69.0373 -75.923 0.6
      vertex 68.7001 -75.6398 0
      vertex 68.7001 -75.6398 0.6
    endloop
  endfacet
  facet normal 0.643128 0.765759 0
    outer loop
      vertex 69.0373 -75.923 0.6
      vertex 69.0373 -75.923 0
      vertex 68.7001 -75.6398 0
    endloop
  endfacet
  facet normal 0.269637 0.962962 0
    outer loop
      vertex 69.543 -76.0646 0.6
      vertex 69.0373 -75.923 0
      vertex 69.0373 -75.923 0.6
    endloop
  endfacet
  facet normal 0.269637 0.962962 0
    outer loop
      vertex 69.543 -76.0646 0.6
      vertex 69.543 -76.0646 0
      vertex 69.0373 -75.923 0
    endloop
  endfacet
  facet normal 0.514517 -0.85748 0
    outer loop
      vertex 68.3629 -76.7727 0.6
      vertex 69.543 -76.0646 0
      vertex 69.543 -76.0646 0.6
    endloop
  endfacet
  facet normal 0.514517 -0.85748 0
    outer loop
      vertex 68.3629 -76.7727 0.6
      vertex 68.3629 -76.7727 0
      vertex 69.543 -76.0646 0
    endloop
  endfacet
  facet normal 0.387201 -0.921995 0
    outer loop
      vertex 67.0142 -77.3391 0.6
      vertex 68.3629 -76.7727 0
      vertex 68.3629 -76.7727 0.6
    endloop
  endfacet
  facet normal 0.387201 -0.921995 0
    outer loop
      vertex 67.0142 -77.3391 0.6
      vertex 67.0142 -77.3391 0
      vertex 68.3629 -76.7727 0
    endloop
  endfacet
  facet normal -0.643128 -0.765759 0
    outer loop
      vertex 66.5084 -76.9143 0.6
      vertex 67.0142 -77.3391 0
      vertex 67.0142 -77.3391 0.6
    endloop
  endfacet
  facet normal -0.643128 -0.765759 -0
    outer loop
      vertex 66.5084 -76.9143 0.6
      vertex 66.5084 -76.9143 0
      vertex 67.0142 -77.3391 0
    endloop
  endfacet
  facet normal -0.929469 -0.3689 0
    outer loop
      vertex 66.3398 -76.4895 0.6
      vertex 66.5084 -76.9143 0
      vertex 66.5084 -76.9143 0.6
    endloop
  endfacet
  facet normal -0.929469 -0.3689 -0
    outer loop
      vertex 66.3398 -76.4895 0.6
      vertex 66.3398 -76.4895 0
      vertex 66.5084 -76.9143 0
    endloop
  endfacet
  facet normal -1 -0 0
    outer loop
      vertex 66.3398 -67.0012 0.6
      vertex 66.3398 -76.4895 0
      vertex 66.3398 -76.4895 0.6
    endloop
  endfacet
  facet normal -1 0 -0
    outer loop
      vertex 66.3398 -67.0012 0.6
      vertex 66.3398 -67.0012 0
      vertex 66.3398 -76.4895 0
    endloop
  endfacet
  facet normal -0.929469 -0.3689 0
    outer loop
      vertex 66.1712 -66.5764 0.6
      vertex 66.3398 -67.0012 0
      vertex 66.3398 -67.0012 0.6
    endloop
  endfacet
  facet normal -0.929469 -0.3689 -0
    outer loop
      vertex 66.1712 -66.5764 0.6
      vertex 66.1712 -66.5764 0
      vertex 66.3398 -67.0012 0
    endloop
  endfacet
  facet normal -0.643203 -0.765696 0
    outer loop
      vertex 65.6655 -66.1516 0.6
      vertex 66.1712 -66.5764 0
      vertex 66.1712 -66.5764 0.6
    endloop
  endfacet
  facet normal -0.643203 -0.765696 -0
    outer loop
      vertex 65.6655 -66.1516 0.6
      vertex 65.6655 -66.1516 0
      vertex 66.1712 -66.5764 0
    endloop
  endfacet
  facet normal -0.859334 0.511415 0
    outer loop
      vertex 65.8341 -65.8683 0.6
      vertex 65.6655 -66.1516 0
      vertex 65.6655 -66.1516 0.6
    endloop
  endfacet
  facet normal -0.859334 0.511415 0
    outer loop
      vertex 65.8341 -65.8683 0.6
      vertex 65.8341 -65.8683 0
      vertex 65.6655 -66.1516 0
    endloop
  endfacet
  facet normal -0.387274 0.921965 0
    outer loop
      vertex 66.1712 -65.7267 0.6
      vertex 65.8341 -65.8683 0
      vertex 65.8341 -65.8683 0.6
    endloop
  endfacet
  facet normal -0.387274 0.921965 0
    outer loop
      vertex 66.1712 -65.7267 0.6
      vertex 66.1712 -65.7267 0
      vertex 65.8341 -65.8683 0
    endloop
  endfacet
  facet normal 0 1 0
    outer loop
      vertex 66.5084 -65.7267 0.6
      vertex 66.1712 -65.7267 0
      vertex 66.1712 -65.7267 0.6
    endloop
  endfacet
  facet normal 0 1 0
    outer loop
      vertex 66.5084 -65.7267 0.6
      vertex 66.5084 -65.7267 0
      vertex 66.1712 -65.7267 0
    endloop
  endfacet
  facet normal -0.432701 0.901537 0
    outer loop
      vertex 67.6885 -65.1603 0.6
      vertex 66.5084 -65.7267 0
      vertex 66.5084 -65.7267 0.6
    endloop
  endfacet
  facet normal -0.432701 0.901537 0
    outer loop
      vertex 67.6885 -65.1603 0.6
      vertex 67.6885 -65.1603 0
      vertex 66.5084 -65.7267 0
    endloop
  endfacet
  facet normal 0 1 0
    outer loop
      vertex 68.0257 -65.1603 0.6
      vertex 67.6885 -65.1603 0
      vertex 67.6885 -65.1603 0.6
    endloop
  endfacet
  facet normal 0 1 0
    outer loop
      vertex 68.0257 -65.1603 0.6
      vertex 68.0257 -65.1603 0
      vertex 67.6885 -65.1603 0
    endloop
  endfacet
  facet normal -0.387409 0.921908 0
    outer loop
      vertex 68.3629 -65.0186 0.6
      vertex 68.0257 -65.1603 0
      vertex 68.0257 -65.1603 0.6
    endloop
  endfacet
  facet normal -0.387409 0.921908 0
    outer loop
      vertex 68.3629 -65.0186 0.6
      vertex 68.3629 -65.0186 0
      vertex 68.0257 -65.1603 0
    endloop
  endfacet
  facet normal 0.999867 0.0163068 0
    outer loop
      vertex 68.5315 -75.3565 0.6
      vertex 68.3629 -65.0186 0
      vertex 68.3629 -65.0186 0.6
    endloop
  endfacet
  facet normal 0.999867 0.0163068 0
    outer loop
      vertex 68.5315 -75.3565 0.6
      vertex 68.5315 -75.3565 0
      vertex 68.3629 -65.0186 0
    endloop
  endfacet
  facet normal 0.387177 0.922006 0
    outer loop
      vertex 13.5714 -69.1255 0.6
      vertex 13.2342 -68.9839 0
      vertex 13.2342 -68.9839 0.6
    endloop
  endfacet
  facet normal 0.387177 0.922006 0
    outer loop
      vertex 13.5714 -69.1255 0.6
      vertex 13.5714 -69.1255 0
      vertex 13.2342 -68.9839 0
    endloop
  endfacet
  facet normal 0.643128 0.765759 0
    outer loop
      vertex 14.2458 -69.6919 0.6
      vertex 13.5714 -69.1255 0
      vertex 13.5714 -69.1255 0.6
    endloop
  endfacet
  facet normal 0.643128 0.765759 0
    outer loop
      vertex 14.2458 -69.6919 0.6
      vertex 14.2458 -69.6919 0
      vertex 13.5714 -69.1255 0
    endloop
  endfacet
  facet normal 0.946756 0.321952 0
    outer loop
      vertex 14.5829 -70.6832 0.6
      vertex 14.2458 -69.6919 0
      vertex 14.2458 -69.6919 0.6
    endloop
  endfacet
  facet normal 0.946756 0.321952 0
    outer loop
      vertex 14.5829 -70.6832 0.6
      vertex 14.5829 -70.6832 0
      vertex 14.2458 -69.6919 0
    endloop
  endfacet
  facet normal 1 -0 0
    outer loop
      vertex 14.5829 -75.3565 0.6
      vertex 14.5829 -70.6832 0
      vertex 14.5829 -70.6832 0.6
    endloop
  endfacet
  facet normal 1 0 0
    outer loop
      vertex 14.5829 -75.3565 0.6
      vertex 14.5829 -75.3565 0
      vertex 14.5829 -70.6832 0
    endloop
  endfacet
  facet normal 0.573451 0.81924 0
    outer loop
      vertex 15.5945 -76.0646 0.6
      vertex 14.5829 -75.3565 0
      vertex 14.5829 -75.3565 0.6
    endloop
  endfacet
  facet normal 0.573451 0.81924 0
    outer loop
      vertex 15.5945 -76.0646 0.6
      vertex 15.5945 -76.0646 0
      vertex 14.5829 -75.3565 0
    endloop
  endfacet
  facet normal 0.573451 -0.81924 0
    outer loop
      vertex 14.5829 -76.7727 0.6
      vertex 15.5945 -76.0646 0
      vertex 15.5945 -76.0646 0.6
    endloop
  endfacet
  facet normal 0.573451 -0.81924 0
    outer loop
      vertex 14.5829 -76.7727 0.6
      vertex 14.5829 -76.7727 0
      vertex 15.5945 -76.0646 0
    endloop
  endfacet
  facet normal 0.450051 -0.893003 0
    outer loop
      vertex 13.74 -77.1975 0.6
      vertex 14.5829 -76.7727 0
      vertex 14.5829 -76.7727 0.6
    endloop
  endfacet
  facet normal 0.450051 -0.893003 0
    outer loop
      vertex 13.74 -77.1975 0.6
      vertex 13.74 -77.1975 0
      vertex 14.5829 -76.7727 0
    endloop
  endfacet
  facet normal 0 -1 0
    outer loop
      vertex 13.0657 -77.1975 0.6
      vertex 13.74 -77.1975 0
      vertex 13.74 -77.1975 0.6
    endloop
  endfacet
  facet normal 0 -1 0
    outer loop
      vertex 13.0657 -77.1975 0.6
      vertex 13.0657 -77.1975 0
      vertex 13.74 -77.1975 0
    endloop
  endfacet
  facet normal -0.643128 -0.765759 0
    outer loop
      vertex 12.5599 -76.7727 0.6
      vertex 13.0657 -77.1975 0
      vertex 13.0657 -77.1975 0.6
    endloop
  endfacet
  facet normal -0.643128 -0.765759 -0
    outer loop
      vertex 12.5599 -76.7727 0.6
      vertex 12.5599 -76.7727 0
      vertex 13.0657 -77.1975 0
    endloop
  endfacet
  facet normal -0.966742 -0.255755 0
    outer loop
      vertex 12.2227 -75.4981 0.6
      vertex 12.5599 -76.7727 0
      vertex 12.5599 -76.7727 0.6
    endloop
  endfacet
  facet normal -0.966742 -0.255755 -0
    outer loop
      vertex 12.2227 -75.4981 0.6
      vertex 12.2227 -75.4981 0
      vertex 12.5599 -76.7727 0
    endloop
  endfacet
  facet normal -1 -0 0
    outer loop
      vertex 12.2227 -71.2497 0.6
      vertex 12.2227 -75.4981 0
      vertex 12.2227 -75.4981 0.6
    endloop
  endfacet
  facet normal -1 0 -0
    outer loop
      vertex 12.2227 -71.2497 0.6
      vertex 12.2227 -71.2497 0
      vertex 12.2227 -75.4981 0
    endloop
  endfacet
  facet normal -0.859255 -0.511548 0
    outer loop
      vertex 12.0541 -70.9665 0.6
      vertex 12.2227 -71.2497 0
      vertex 12.2227 -71.2497 0.6
    endloop
  endfacet
  facet normal -0.859255 -0.511548 -0
    outer loop
      vertex 12.0541 -70.9665 0.6
      vertex 12.0541 -70.9665 0
      vertex 12.2227 -71.2497 0
    endloop
  endfacet
  facet normal -0.643251 -0.765656 0
    outer loop
      vertex 11.3798 -70.4 0.6
      vertex 12.0541 -70.9665 0
      vertex 12.0541 -70.9665 0.6
    endloop
  endfacet
  facet normal -0.643251 -0.765656 -0
    outer loop
      vertex 11.3798 -70.4 0.6
      vertex 11.3798 -70.4 0
      vertex 12.0541 -70.9665 0
    endloop
  endfacet
  facet normal -0.387177 -0.922006 0
    outer loop
      vertex 11.0426 -70.2584 0.6
      vertex 11.3798 -70.4 0
      vertex 11.3798 -70.4 0.6
    endloop
  endfacet
  facet normal -0.387177 -0.922006 -0
    outer loop
      vertex 11.0426 -70.2584 0.6
      vertex 11.0426 -70.2584 0
      vertex 11.3798 -70.4 0
    endloop
  endfacet
  facet normal 0 -1 0
    outer loop
      vertex 10.7054 -70.2584 0.6
      vertex 11.0426 -70.2584 0
      vertex 11.0426 -70.2584 0.6
    endloop
  endfacet
  facet normal 0 -1 0
    outer loop
      vertex 10.7054 -70.2584 0.6
      vertex 10.7054 -70.2584 0
      vertex 11.0426 -70.2584 0
    endloop
  endfacet
  facet normal 0.269588 -0.962976 0
    outer loop
      vertex 10.1996 -70.4 0.6
      vertex 10.7054 -70.2584 0
      vertex 10.7054 -70.2584 0.6
    endloop
  endfacet
  facet normal 0.269588 -0.962976 0
    outer loop
      vertex 10.1996 -70.4 0.6
      vertex 10.1996 -70.4 0
      vertex 10.7054 -70.2584 0
    endloop
  endfacet
  facet normal 0.643222 -0.76568 0
    outer loop
      vertex 9.35669 -71.1081 0.6
      vertex 10.1996 -70.4 0
      vertex 10.1996 -70.4 0.6
    endloop
  endfacet
  facet normal 0.643222 -0.76568 0
    outer loop
      vertex 9.35669 -71.1081 0.6
      vertex 9.35669 -71.1081 0
      vertex 10.1996 -70.4 0
    endloop
  endfacet
  facet normal 0.859268 -0.511525 0
    outer loop
      vertex 9.1881 -71.3913 0.6
      vertex 9.35669 -71.1081 0
      vertex 9.35669 -71.1081 0.6
    endloop
  endfacet
  facet normal 0.859268 -0.511525 0
    outer loop
      vertex 9.1881 -71.3913 0.6
      vertex 9.1881 -71.3913 0
      vertex 9.35669 -71.1081 0
    endloop
  endfacet
  facet normal 1 -0 0
    outer loop
      vertex 9.1881 -75.923 0.6
      vertex 9.1881 -71.3913 0
      vertex 9.1881 -71.3913 0.6
    endloop
  endfacet
  facet normal 1 0 0
    outer loop
      vertex 9.1881 -75.923 0.6
      vertex 9.1881 -75.923 0
      vertex 9.1881 -71.3913 0
    endloop
  endfacet
  facet normal 0.958457 0.285236 0
    outer loop
      vertex 9.35669 -76.4895 0.6
      vertex 9.1881 -75.923 0
      vertex 9.1881 -75.923 0.6
    endloop
  endfacet
  facet normal 0.958457 0.285236 0
    outer loop
      vertex 9.35669 -76.4895 0.6
      vertex 9.35669 -76.4895 0
      vertex 9.1881 -75.923 0
    endloop
  endfacet
  facet normal 0.643162 0.76573 0
    outer loop
      vertex 9.69386 -76.7727 0.6
      vertex 9.35669 -76.4895 0
      vertex 9.35669 -76.4895 0.6
    endloop
  endfacet
  facet normal 0.643162 0.76573 0
    outer loop
      vertex 9.69386 -76.7727 0.6
      vertex 9.69386 -76.7727 0
      vertex 9.35669 -76.4895 0
    endloop
  endfacet
  facet normal 0.138634 -0.990344 0
    outer loop
      vertex 7.67079 -77.0559 0.6
      vertex 9.69386 -76.7727 0
      vertex 9.69386 -76.7727 0.6
    endloop
  endfacet
  facet normal 0.138634 -0.990344 0
    outer loop
      vertex 7.67079 -77.0559 0.6
      vertex 7.67079 -77.0559 0
      vertex 9.69386 -76.7727 0
    endloop
  endfacet
  facet normal 0 -1 0
    outer loop
      vertex 6.99644 -77.0559 0.6
      vertex 7.67079 -77.0559 0
      vertex 7.67079 -77.0559 0.6
    endloop
  endfacet
  facet normal 0 -1 0
    outer loop
      vertex 6.99644 -77.0559 0.6
      vertex 6.99644 -77.0559 0
      vertex 7.67079 -77.0559 0
    endloop
  endfacet
  facet normal -1 -0 0
    outer loop
      vertex 6.99644 -70.8248 0.6
      vertex 6.99644 -77.0559 0
      vertex 6.99644 -77.0559 0.6
    endloop
  endfacet
  facet normal -1 0 -0
    outer loop
      vertex 6.99644 -70.8248 0.6
      vertex 6.99644 -70.8248 0
      vertex 6.99644 -77.0559 0
    endloop
  endfacet
  facet normal -0.859268 -0.511525 0
    outer loop
      vertex 6.82785 -70.5416 0.6
      vertex 6.99644 -70.8248 0
      vertex 6.99644 -70.8248 0.6
    endloop
  endfacet
  facet normal -0.859268 -0.511525 -0
    outer loop
      vertex 6.82785 -70.5416 0.6
      vertex 6.82785 -70.5416 0
      vertex 6.99644 -70.8248 0
    endloop
  endfacet
  facet normal -0.643151 -0.76574 0
    outer loop
      vertex 6.32208 -70.1168 0.6
      vertex 6.82785 -70.5416 0
      vertex 6.82785 -70.5416 0.6
    endloop
  endfacet
  facet normal -0.643151 -0.76574 -0
    outer loop
      vertex 6.32208 -70.1168 0.6
      vertex 6.32208 -70.1168 0
      vertex 6.82785 -70.5416 0
    endloop
  endfacet
  facet normal -0.859255 0.511548 0
    outer loop
      vertex 6.49068 -69.8336 0.6
      vertex 6.32208 -70.1168 0
      vertex 6.32208 -70.1168 0.6
    endloop
  endfacet
  facet normal -0.859255 0.511548 0
    outer loop
      vertex 6.49068 -69.8336 0.6
      vertex 6.49068 -69.8336 0
      vertex 6.32208 -70.1168 0
    endloop
  endfacet
  facet normal -0.387322 0.921944 0
    outer loop
      vertex 7.16502 -69.5503 0.6
      vertex 6.49068 -69.8336 0
      vertex 6.49068 -69.8336 0.6
    endloop
  endfacet
  facet normal -0.387322 0.921944 0
    outer loop
      vertex 7.16502 -69.5503 0.6
      vertex 7.16502 -69.5503 0
      vertex 6.49068 -69.8336 0
    endloop
  endfacet
  facet normal 0 1 0
    outer loop
      vertex 7.50221 -69.5503 0.6
      vertex 7.16502 -69.5503 0
      vertex 7.16502 -69.5503 0.6
    endloop
  endfacet
  facet normal 0 1 0
    outer loop
      vertex 7.50221 -69.5503 0.6
      vertex 7.50221 -69.5503 0
      vertex 7.16502 -69.5503 0
    endloop
  endfacet
  facet normal -0.422896 0.906178 0
    outer loop
      vertex 9.01952 -68.8422 0.6
      vertex 7.50221 -69.5503 0
      vertex 7.50221 -69.5503 0.6
    endloop
  endfacet
  facet normal -0.422896 0.906178 0
    outer loop
      vertex 9.01952 -68.8422 0.6
      vertex 9.01952 -68.8422 0
      vertex 7.50221 -69.5503 0
    endloop
  endfacet
  facet normal 0.989111 0.147171 0
    outer loop
      vertex 9.1881 -69.9752 0.6
      vertex 9.01952 -68.8422 0
      vertex 9.01952 -68.8422 0.6
    endloop
  endfacet
  facet normal 0.989111 0.147171 0
    outer loop
      vertex 9.1881 -69.9752 0.6
      vertex 9.1881 -69.9752 0
      vertex 9.01952 -68.8422 0
    endloop
  endfacet
  facet normal 0.643151 0.76574 0
    outer loop
      vertex 9.52528 -70.2584 0.6
      vertex 9.1881 -69.9752 0
      vertex 9.1881 -69.9752 0.6
    endloop
  endfacet
  facet normal 0.643151 0.76574 0
    outer loop
      vertex 9.52528 -70.2584 0.6
      vertex 9.52528 -70.2584 0
      vertex 9.1881 -69.9752 0
    endloop
  endfacet
  facet normal -0.643217 0.765684 0
    outer loop
      vertex 10.3682 -69.5503 0.6
      vertex 9.52528 -70.2584 0
      vertex 9.52528 -70.2584 0.6
    endloop
  endfacet
  facet normal -0.643217 0.765684 0
    outer loop
      vertex 10.3682 -69.5503 0.6
      vertex 10.3682 -69.5503 0
      vertex 9.52528 -70.2584 0
    endloop
  endfacet
  facet normal -0.432671 0.901552 0
    outer loop
      vertex 11.5484 -68.9839 0.6
      vertex 10.3682 -69.5503 0
      vertex 10.3682 -69.5503 0.6
    endloop
  endfacet
  facet normal -0.432671 0.901552 0
    outer loop
      vertex 11.5484 -68.9839 0.6
      vertex 11.5484 -68.9839 0
      vertex 10.3682 -69.5503 0
    endloop
  endfacet
  facet normal -0.165784 0.986162 0
    outer loop
      vertex 12.3913 -68.8422 0.6
      vertex 11.5484 -68.9839 0
      vertex 11.5484 -68.9839 0.6
    endloop
  endfacet
  facet normal -0.165784 0.986162 0
    outer loop
      vertex 12.3913 -68.8422 0.6
      vertex 12.3913 -68.8422 0
      vertex 11.5484 -68.9839 0
    endloop
  endfacet
  facet normal 0.165784 0.986162 0
    outer loop
      vertex 13.2342 -68.9839 0.6
      vertex 12.3913 -68.8422 0
      vertex 12.3913 -68.8422 0.6
    endloop
  endfacet
  facet normal 0.165784 0.986162 0
    outer loop
      vertex 13.2342 -68.9839 0.6
      vertex 13.2342 -68.9839 0
      vertex 12.3913 -68.8422 0
    endloop
  endfacet
  facet normal 0.387177 0.922006 0
    outer loop
      vertex 93.8199 -69.2671 0.6
      vertex 93.1455 -68.9839 0
      vertex 93.1455 -68.9839 0.6
    endloop
  endfacet
  facet normal 0.387177 0.922006 0
    outer loop
      vertex 93.8199 -69.2671 0.6
      vertex 93.8199 -69.2671 0
      vertex 93.1455 -68.9839 0
    endloop
  endfacet
  facet normal 0.643203 0.765696 0
    outer loop
      vertex 94.3256 -69.6919 0.6
      vertex 93.8199 -69.2671 0
      vertex 93.8199 -69.2671 0.6
    endloop
  endfacet
  facet normal 0.643203 0.765696 0
    outer loop
      vertex 94.3256 -69.6919 0.6
      vertex 94.3256 -69.6919 0
      vertex 93.8199 -69.2671 0
    endloop
  endfacet
  facet normal 0.783309 0.621633 0
    outer loop
      vertex 94.6628 -70.1168 0.6
      vertex 94.3256 -69.6919 0
      vertex 94.3256 -69.6919 0.6
    endloop
  endfacet
  facet normal 0.783309 0.621633 0
    outer loop
      vertex 94.6628 -70.1168 0.6
      vertex 94.6628 -70.1168 0
      vertex 94.3256 -69.6919 0
    endloop
  endfacet
  facet normal 0.929469 0.3689 0
    outer loop
      vertex 94.8314 -70.5416 0.6
      vertex 94.6628 -70.1168 0
      vertex 94.6628 -70.1168 0.6
    endloop
  endfacet
  facet normal 0.929469 0.3689 0
    outer loop
      vertex 94.8314 -70.5416 0.6
      vertex 94.8314 -70.5416 0
      vertex 94.6628 -70.1168 0
    endloop
  endfacet
  facet normal 0.859255 -0.511548 0
    outer loop
      vertex 94.6628 -70.8248 0.6
      vertex 94.8314 -70.5416 0
      vertex 94.8314 -70.5416 0.6
    endloop
  endfacet
  facet normal 0.859255 -0.511548 0
    outer loop
      vertex 94.6628 -70.8248 0.6
      vertex 94.6628 -70.8248 0
      vertex 94.8314 -70.5416 0
    endloop
  endfacet
  facet normal 0.643204 -0.765695 0
    outer loop
      vertex 92.9769 -72.241 0.6
      vertex 94.6628 -70.8248 0
      vertex 94.6628 -70.8248 0.6
    endloop
  endfacet
  facet normal 0.643204 -0.765695 0
    outer loop
      vertex 92.9769 -72.241 0.6
      vertex 92.9769 -72.241 0
      vertex 94.6628 -70.8248 0
    endloop
  endfacet
  facet normal 0.533046 -0.846086 0
    outer loop
      vertex 91.6282 -73.0907 0.6
      vertex 92.9769 -72.241 0
      vertex 92.9769 -72.241 0.6
    endloop
  endfacet
  facet normal 0.533046 -0.846086 0
    outer loop
      vertex 91.6282 -73.0907 0.6
      vertex 91.6282 -73.0907 0
      vertex 92.9769 -72.241 0
    endloop
  endfacet
  facet normal 0.643198 -0.7657 0
    outer loop
      vertex 90.4481 -74.082 0.6
      vertex 91.6282 -73.0907 0
      vertex 91.6282 -73.0907 0.6
    endloop
  endfacet
  facet normal 0.643198 -0.7657 0
    outer loop
      vertex 90.4481 -74.082 0.6
      vertex 90.4481 -74.082 0
      vertex 91.6282 -73.0907 0
    endloop
  endfacet
  facet normal 0.859294 0.511481 0
    outer loop
      vertex 90.7853 -74.6485 0.6
      vertex 90.4481 -74.082 0
      vertex 90.4481 -74.082 0.6
    endloop
  endfacet
  facet normal 0.859294 0.511481 0
    outer loop
      vertex 90.7853 -74.6485 0.6
      vertex 90.7853 -74.6485 0
      vertex 90.4481 -74.082 0
    endloop
  endfacet
  facet normal 0.643198 0.7657 0
    outer loop
      vertex 91.9654 -75.6398 0.6
      vertex 90.7853 -74.6485 0
      vertex 90.7853 -74.6485 0.6
    endloop
  endfacet
  facet normal 0.643198 0.7657 0
    outer loop
      vertex 91.9654 -75.6398 0.6
      vertex 91.9654 -75.6398 0
      vertex 90.7853 -74.6485 0
    endloop
  endfacet
  facet normal 0.269637 0.962962 0
    outer loop
      vertex 92.4711 -75.7814 0.6
      vertex 91.9654 -75.6398 0
      vertex 91.9654 -75.6398 0.6
    endloop
  endfacet
  facet normal 0.269637 0.962962 0
    outer loop
      vertex 92.4711 -75.7814 0.6
      vertex 92.4711 -75.7814 0
      vertex 91.9654 -75.6398 0
    endloop
  endfacet
  facet normal 0 1 0
    outer loop
      vertex 93.6513 -75.7814 0.6
      vertex 92.4711 -75.7814 0
      vertex 92.4711 -75.7814 0.6
    endloop
  endfacet
  facet normal 0 1 0
    outer loop
      vertex 93.6513 -75.7814 0.6
      vertex 93.6513 -75.7814 0
      vertex 92.4711 -75.7814 0
    endloop
  endfacet
  facet normal -0.387274 0.921965 0
    outer loop
      vertex 93.9884 -75.6398 0.6
      vertex 93.6513 -75.7814 0
      vertex 93.6513 -75.7814 0.6
    endloop
  endfacet
  facet normal -0.387274 0.921965 0
    outer loop
      vertex 93.9884 -75.6398 0.6
      vertex 93.9884 -75.6398 0
      vertex 93.6513 -75.7814 0
    endloop
  endfacet
  facet normal -0.643217 0.765684 0
    outer loop
      vertex 94.4942 -75.2149 0.6
      vertex 93.9884 -75.6398 0
      vertex 93.9884 -75.6398 0.6
    endloop
  endfacet
  facet normal -0.643217 0.765684 0
    outer loop
      vertex 94.4942 -75.2149 0.6
      vertex 94.4942 -75.2149 0
      vertex 93.9884 -75.6398 0
    endloop
  endfacet
  facet normal 0 1 0
    outer loop
      vertex 94.6628 -75.2149 0.6
      vertex 94.4942 -75.2149 0
      vertex 94.4942 -75.2149 0.6
    endloop
  endfacet
  facet normal 0 1 0
    outer loop
      vertex 94.6628 -75.2149 0.6
      vertex 94.6628 -75.2149 0
      vertex 94.4942 -75.2149 0
    endloop
  endfacet
  facet normal -0.643128 0.765759 0
    outer loop
      vertex 95 -74.9317 0.6
      vertex 94.6628 -75.2149 0
      vertex 94.6628 -75.2149 0.6
    endloop
  endfacet
  facet normal -0.643128 0.765759 0
    outer loop
      vertex 95 -74.9317 0.6
      vertex 95 -74.9317 0
      vertex 94.6628 -75.2149 0
    endloop
  endfacet
  facet normal 0.958439 -0.285298 0
    outer loop
      vertex 94.8314 -75.4981 0.6
      vertex 95 -74.9317 0
      vertex 95 -74.9317 0.6
    endloop
  endfacet
  facet normal 0.958439 -0.285298 0
    outer loop
      vertex 94.8314 -75.4981 0.6
      vertex 94.8314 -75.4981 0
      vertex 95 -74.9317 0
    endloop
  endfacet
  facet normal 0.643223 -0.765679 0
    outer loop
      vertex 93.4827 -76.6311 0.6
      vertex 94.8314 -75.4981 0
      vertex 94.8314 -75.4981 0.6
    endloop
  endfacet
  facet normal 0.643223 -0.765679 0
    outer loop
      vertex 93.4827 -76.6311 0.6
      vertex 93.4827 -76.6311 0
      vertex 94.8314 -75.4981 0
    endloop
  endfacet
  facet normal 0.450008 -0.893024 0
    outer loop
      vertex 92.6397 -77.0559 0.6
      vertex 93.4827 -76.6311 0
      vertex 93.4827 -76.6311 0.6
    endloop
  endfacet
  facet normal 0.450008 -0.893024 0
    outer loop
      vertex 92.6397 -77.0559 0.6
      vertex 92.6397 -77.0559 0
      vertex 93.4827 -76.6311 0
    endloop
  endfacet
  facet normal 0.269637 -0.962962 0
    outer loop
      vertex 92.134 -77.1975 0.6
      vertex 92.6397 -77.0559 0
      vertex 92.6397 -77.0559 0.6
    endloop
  endfacet
  facet normal 0.269637 -0.962962 0
    outer loop
      vertex 92.134 -77.1975 0.6
      vertex 92.134 -77.1975 0
      vertex 92.6397 -77.0559 0
    endloop
  endfacet
  facet normal 0 -1 0
    outer loop
      vertex 90.4481 -77.1975 0.6
      vertex 92.134 -77.1975 0
      vertex 92.134 -77.1975 0.6
    endloop
  endfacet
  facet normal 0 -1 0
    outer loop
      vertex 90.4481 -77.1975 0.6
      vertex 90.4481 -77.1975 0
      vertex 92.134 -77.1975 0
    endloop
  endfacet
  facet normal -0.387177 -0.922006 0
    outer loop
      vertex 89.7737 -76.9143 0.6
      vertex 90.4481 -77.1975 0
      vertex 90.4481 -77.1975 0.6
    endloop
  endfacet
  facet normal -0.387177 -0.922006 -0
    outer loop
      vertex 89.7737 -76.9143 0.6
      vertex 89.7737 -76.9143 0
      vertex 90.4481 -77.1975 0
    endloop
  endfacet
  facet normal -0.64321 -0.76569 0
    outer loop
      vertex 88.7622 -76.0646 0.6
      vertex 89.7737 -76.9143 0
      vertex 89.7737 -76.9143 0.6
    endloop
  endfacet
  facet normal -0.64321 -0.76569 -0
    outer loop
      vertex 88.7622 -76.0646 0.6
      vertex 88.7622 -76.0646 0
      vertex 89.7737 -76.9143 0
    endloop
  endfacet
  facet normal -0.826804 -0.56249 0
    outer loop
      vertex 88.0878 -75.0733 0.6
      vertex 88.7622 -76.0646 0
      vertex 88.7622 -76.0646 0.6
    endloop
  endfacet
  facet normal -0.826804 -0.56249 -0
    outer loop
      vertex 88.0878 -75.0733 0.6
      vertex 88.0878 -75.0733 0
      vertex 88.7622 -76.0646 0
    endloop
  endfacet
  facet normal -0.966755 -0.255703 0
    outer loop
      vertex 87.7507 -73.7988 0.6
      vertex 88.0878 -75.0733 0
      vertex 88.0878 -75.0733 0.6
    endloop
  endfacet
  facet normal -0.966755 -0.255703 -0
    outer loop
      vertex 87.7507 -73.7988 0.6
      vertex 87.7507 -73.7988 0
      vertex 88.0878 -75.0733 0
    endloop
  endfacet
  facet normal -1 -0 0
    outer loop
      vertex 87.7507 -72.9491 0.6
      vertex 87.7507 -73.7988 0
      vertex 87.7507 -73.7988 0.6
    endloop
  endfacet
  facet normal -1 0 -0
    outer loop
      vertex 87.7507 -72.9491 0.6
      vertex 87.7507 -72.9491 0
      vertex 87.7507 -73.7988 0
    endloop
  endfacet
  facet normal -0.972805 0.231627 0
    outer loop
      vertex 87.9193 -72.241 0.6
      vertex 87.7507 -72.9491 0
      vertex 87.7507 -72.9491 0.6
    endloop
  endfacet
  facet normal -0.972805 0.231627 0
    outer loop
      vertex 87.9193 -72.241 0.6
      vertex 87.9193 -72.241 0
      vertex 87.7507 -72.9491 0
    endloop
  endfacet
  facet normal -0.883913 0.467652 0
    outer loop
      vertex 88.5936 -70.9665 0.6
      vertex 87.9193 -72.241 0
      vertex 87.9193 -72.241 0.6
    endloop
  endfacet
  facet normal -0.883913 0.467652 0
    outer loop
      vertex 88.5936 -70.9665 0.6
      vertex 88.5936 -70.9665 0
      vertex 87.9193 -72.241 0
    endloop
  endfacet
  facet normal -0.783309 0.621633 0
    outer loop
      vertex 88.9308 -70.5416 0.6
      vertex 88.5936 -70.9665 0
      vertex 88.5936 -70.9665 0.6
    endloop
  endfacet
  facet normal -0.783309 0.621633 0
    outer loop
      vertex 88.9308 -70.5416 0.6
      vertex 88.9308 -70.5416 0
      vertex 88.5936 -70.9665 0
    endloop
  endfacet
  facet normal -0.64321 0.76569 0
    outer loop
      vertex 89.9423 -69.6919 0.6
      vertex 88.9308 -70.5416 0
      vertex 88.9308 -70.5416 0.6
    endloop
  endfacet
  facet normal -0.64321 0.76569 0
    outer loop
      vertex 89.9423 -69.6919 0.6
      vertex 89.9423 -69.6919 0
      vertex 88.9308 -70.5416 0
    endloop
  endfacet
  facet normal -0.488577 0.872521 0
    outer loop
      vertex 90.9538 -69.1255 0.6
      vertex 89.9423 -69.6919 0
      vertex 89.9423 -69.6919 0.6
    endloop
  endfacet
  facet normal -0.488577 0.872521 0
    outer loop
      vertex 90.9538 -69.1255 0.6
      vertex 90.9538 -69.1255 0
      vertex 89.9423 -69.6919 0
    endloop
  endfacet
  facet normal -0.205553 0.978646 0
    outer loop
      vertex 92.3026 -68.8422 0.6
      vertex 90.9538 -69.1255 0
      vertex 90.9538 -69.1255 0.6
    endloop
  endfacet
  facet normal -0.205553 0.978646 0
    outer loop
      vertex 92.3026 -68.8422 0.6
      vertex 92.3026 -68.8422 0
      vertex 90.9538 -69.1255 0
    endloop
  endfacet
  facet normal 0.165784 0.986162 0
    outer loop
      vertex 93.1455 -68.9839 0.6
      vertex 92.3026 -68.8422 0
      vertex 92.3026 -68.8422 0.6
    endloop
  endfacet
  facet normal 0.165784 0.986162 0
    outer loop
      vertex 93.1455 -68.9839 0.6
      vertex 93.1455 -68.9839 0
      vertex 92.3026 -68.8422 0
    endloop
  endfacet
  facet normal 0.387177 -0.922006 0
    outer loop
      vertex 90.4481 -70.2584 0.6
      vertex 90.4481 -70.2584 0
      vertex 90.7853 -70.1168 0.6
    endloop
  endfacet
  facet normal 0.387177 -0.922006 0
    outer loop
      vertex 90.7853 -70.1168 0
      vertex 90.7853 -70.1168 0.6
      vertex 90.4481 -70.2584 0
    endloop
  endfacet
  facet normal 0.643128 -0.765759 0
    outer loop
      vertex 90.1109 -70.5416 0.6
      vertex 90.1109 -70.5416 0
      vertex 90.4481 -70.2584 0.6
    endloop
  endfacet
  facet normal 0.643128 -0.765759 0
    outer loop
      vertex 90.4481 -70.2584 0
      vertex 90.4481 -70.2584 0.6
      vertex 90.1109 -70.5416 0
    endloop
  endfacet
  facet normal 0.929484 -0.368862 0
    outer loop
      vertex 89.7737 -71.3913 0.6
      vertex 89.7737 -71.3913 0
      vertex 90.1109 -70.5416 0.6
    endloop
  endfacet
  facet normal 0.929484 -0.368862 0
    outer loop
      vertex 90.1109 -70.5416 0
      vertex 90.1109 -70.5416 0.6
      vertex 89.7737 -71.3913 0
    endloop
  endfacet
  facet normal 1 -0 0
    outer loop
      vertex 89.7737 -72.6658 0.6
      vertex 89.7737 -72.6658 0
      vertex 89.7737 -71.3913 0.6
    endloop
  endfacet
  facet normal 1 0 -0
    outer loop
      vertex 89.7737 -71.3913 0
      vertex 89.7737 -71.3913 0.6
      vertex 89.7737 -72.6658 0
    endloop
  endfacet
  facet normal 0.958453 0.285252 0
    outer loop
      vertex 89.9423 -73.2323 0.6
      vertex 89.9423 -73.2323 0
      vertex 89.7737 -72.6658 0.6
    endloop
  endfacet
  facet normal 0.958453 0.285252 -0
    outer loop
      vertex 89.7737 -72.6658 0
      vertex 89.7737 -72.6658 0.6
      vertex 89.9423 -73.2323 0
    endloop
  endfacet
  facet normal 0.643128 0.765759 0
    outer loop
      vertex 90.2795 -73.5155 0.6
      vertex 90.2795 -73.5155 0
      vertex 89.9423 -73.2323 0.6
    endloop
  endfacet
  facet normal 0.643128 0.765759 -0
    outer loop
      vertex 89.9423 -73.2323 0
      vertex 89.9423 -73.2323 0.6
      vertex 90.2795 -73.5155 0
    endloop
  endfacet
  facet normal -0.612754 0.790274 0
    outer loop
      vertex 92.4711 -71.8162 0.6
      vertex 92.4711 -71.8162 0
      vertex 90.2795 -73.5155 0.6
    endloop
  endfacet
  facet normal -0.612754 0.790274 0
    outer loop
      vertex 90.2795 -73.5155 0
      vertex 90.2795 -73.5155 0.6
      vertex 92.4711 -71.8162 0
    endloop
  endfacet
  facet normal -1 -0 -0
    outer loop
      vertex 92.4711 -71.1081 0.6
      vertex 92.4711 -71.1081 0
      vertex 92.4711 -71.8162 0.6
    endloop
  endfacet
  facet normal -1 0 0
    outer loop
      vertex 92.4711 -71.8162 0
      vertex 92.4711 -71.8162 0.6
      vertex 92.4711 -71.1081 0
    endloop
  endfacet
  facet normal -0.859467 -0.51119 -0
    outer loop
      vertex 92.3026 -70.8248 0.6
      vertex 92.3026 -70.8248 0
      vertex 92.4711 -71.1081 0.6
    endloop
  endfacet
  facet normal -0.859467 -0.51119 0
    outer loop
      vertex 92.4711 -71.1081 0
      vertex 92.4711 -71.1081 0.6
      vertex 92.3026 -70.8248 0
    endloop
  endfacet
  facet normal -0.643128 -0.765759 -0
    outer loop
      vertex 91.6282 -70.2584 0.6
      vertex 91.6282 -70.2584 0
      vertex 92.3026 -70.8248 0.6
    endloop
  endfacet
  facet normal -0.643128 -0.765759 0
    outer loop
      vertex 92.3026 -70.8248 0
      vertex 92.3026 -70.8248 0.6
      vertex 91.6282 -70.2584 0
    endloop
  endfacet
  facet normal -0.387177 -0.922006 -0
    outer loop
      vertex 91.291 -70.1168 0.6
      vertex 91.291 -70.1168 0
      vertex 91.6282 -70.2584 0.6
    endloop
  endfacet
  facet normal -0.387177 -0.922006 0
    outer loop
      vertex 91.6282 -70.2584 0
      vertex 91.6282 -70.2584 0.6
      vertex 91.291 -70.1168 0
    endloop
  endfacet
  facet normal 0 -1 0
    outer loop
      vertex 90.7853 -70.1168 0.6
      vertex 90.7853 -70.1168 0
      vertex 91.291 -70.1168 0.6
    endloop
  endfacet
  facet normal 0 -1 0
    outer loop
      vertex 91.291 -70.1168 0
      vertex 91.291 -70.1168 0.6
      vertex 90.7853 -70.1168 0
    endloop
  endfacet
  facet normal 0.643203 0.765696 0
    outer loop
      vertex -62.7995 -69.5503 0.6
      vertex -63.3052 -69.1255 0
      vertex -63.3052 -69.1255 0.6
    endloop
  endfacet
  facet normal 0.643203 0.765696 0
    outer loop
      vertex -62.7995 -69.5503 0.6
      vertex -62.7995 -69.5503 0
      vertex -63.3052 -69.1255 0
    endloop
  endfacet
  facet normal 0.859334 0.511415 0
    outer loop
      vertex -62.6309 -69.8336 0.6
      vertex -62.7995 -69.5503 0
      vertex -62.7995 -69.5503 0.6
    endloop
  endfacet
  facet normal 0.859334 0.511415 0
    outer loop
      vertex -62.6309 -69.8336 0.6
      vertex -62.6309 -69.8336 0
      vertex -62.7995 -69.5503 0
    endloop
  endfacet
  facet normal 1 -0 0
    outer loop
      vertex -62.6309 -70.4 0.6
      vertex -62.6309 -69.8336 0
      vertex -62.6309 -69.8336 0.6
    endloop
  endfacet
  facet normal 1 0 0
    outer loop
      vertex -62.6309 -70.4 0.6
      vertex -62.6309 -70.4 0
      vertex -62.6309 -69.8336 0
    endloop
  endfacet
  facet normal 0.783327 -0.621609 0
    outer loop
      vertex -62.968 -70.8248 0.6
      vertex -62.6309 -70.4 0
      vertex -62.6309 -70.4 0.6
    endloop
  endfacet
  facet normal 0.783327 -0.621609 0
    outer loop
      vertex -62.968 -70.8248 0.6
      vertex -62.968 -70.8248 0
      vertex -62.6309 -70.4 0
    endloop
  endfacet
  facet normal 0.643217 -0.765684 0
    outer loop
      vertex -63.4738 -71.2497 0.6
      vertex -62.968 -70.8248 0
      vertex -62.968 -70.8248 0.6
    endloop
  endfacet
  facet normal 0.643217 -0.765684 0
    outer loop
      vertex -63.4738 -71.2497 0.6
      vertex -63.4738 -71.2497 0
      vertex -62.968 -70.8248 0
    endloop
  endfacet
  facet normal 0 -1 0
    outer loop
      vertex -63.6424 -71.2497 0.6
      vertex -63.4738 -71.2497 0
      vertex -63.4738 -71.2497 0.6
    endloop
  endfacet
  facet normal 0 -1 0
    outer loop
      vertex -63.6424 -71.2497 0.6
      vertex -63.6424 -71.2497 0
      vertex -63.4738 -71.2497 0
    endloop
  endfacet
  facet normal 0.643128 -0.765759 0
    outer loop
      vertex -64.1482 -71.6745 0.6
      vertex -63.6424 -71.2497 0
      vertex -63.6424 -71.2497 0.6
    endloop
  endfacet
  facet normal 0.643128 -0.765759 0
    outer loop
      vertex -64.1482 -71.6745 0.6
      vertex -64.1482 -71.6745 0
      vertex -63.6424 -71.2497 0
    endloop
  endfacet
  facet normal -0.859255 -0.511548 0
    outer loop
      vertex -64.4854 -71.1081 0.6
      vertex -64.1482 -71.6745 0
      vertex -64.1482 -71.6745 0.6
    endloop
  endfacet
  facet normal -0.859255 -0.511548 -0
    outer loop
      vertex -64.4854 -71.1081 0.6
      vertex -64.4854 -71.1081 0
      vertex -64.1482 -71.6745 0
    endloop
  endfacet
  facet normal -0.643251 -0.765656 0
    outer loop
      vertex -65.1597 -70.5416 0.6
      vertex -64.4854 -71.1081 0
      vertex -64.4854 -71.1081 0.6
    endloop
  endfacet
  facet normal -0.643251 -0.765656 -0
    outer loop
      vertex -65.1597 -70.5416 0.6
      vertex -65.1597 -70.5416 0
      vertex -64.4854 -71.1081 0
    endloop
  endfacet
  facet normal 0 -1 0
    outer loop
      vertex -66.0027 -70.5416 0.6
      vertex -65.1597 -70.5416 0
      vertex -65.1597 -70.5416 0.6
    endloop
  endfacet
  facet normal 0 -1 0
    outer loop
      vertex -66.0027 -70.5416 0.6
      vertex -66.0027 -70.5416 0
      vertex -65.1597 -70.5416 0
    endloop
  endfacet
  facet normal 0.643251 -0.765656 0
    outer loop
      vertex -66.677 -71.1081 0.6
      vertex -66.0027 -70.5416 0
      vertex -66.0027 -70.5416 0.6
    endloop
  endfacet
  facet normal 0.643251 -0.765656 0
    outer loop
      vertex -66.677 -71.1081 0.6
      vertex -66.677 -71.1081 0
      vertex -66.0027 -70.5416 0
    endloop
  endfacet
  facet normal 0.859255 -0.511548 0
    outer loop
      vertex -66.8456 -71.3913 0.6
      vertex -66.677 -71.1081 0
      vertex -66.677 -71.1081 0.6
    endloop
  endfacet
  facet normal 0.859255 -0.511548 0
    outer loop
      vertex -66.8456 -71.3913 0.6
      vertex -66.8456 -71.3913 0
      vertex -66.677 -71.1081 0
    endloop
  endfacet
  facet normal 1 -0 0
    outer loop
      vertex -66.8456 -76.2062 0.6
      vertex -66.8456 -71.3913 0
      vertex -66.8456 -71.3913 0.6
    endloop
  endfacet
  facet normal 1 0 0
    outer loop
      vertex -66.8456 -76.2062 0.6
      vertex -66.8456 -76.2062 0
      vertex -66.8456 -71.3913 0
    endloop
  endfacet
  facet normal 0.859294 0.511481 0
    outer loop
      vertex -66.5084 -76.7727 0.6
      vertex -66.8456 -76.2062 0
      vertex -66.8456 -76.2062 0.6
    endloop
  endfacet
  facet normal 0.859294 0.511481 0
    outer loop
      vertex -66.5084 -76.7727 0.6
      vertex -66.5084 -76.7727 0
      vertex -66.8456 -76.2062 0
    endloop
  endfacet
  facet normal 0.0929199 -0.995674 0
    outer loop
      vertex -68.0257 -76.9143 0.6
      vertex -66.5084 -76.7727 0
      vertex -66.5084 -76.7727 0.6
    endloop
  endfacet
  facet normal 0.0929199 -0.995674 0
    outer loop
      vertex -68.0257 -76.9143 0.6
      vertex -68.0257 -76.9143 0
      vertex -66.5084 -76.7727 0
    endloop
  endfacet
  facet normal 0.233336 -0.972396 0
    outer loop
      vertex -69.2059 -77.1975 0.6
      vertex -68.0257 -76.9143 0
      vertex -68.0257 -76.9143 0.6
    endloop
  endfacet
  facet normal 0.233336 -0.972396 0
    outer loop
      vertex -69.2059 -77.1975 0.6
      vertex -69.2059 -77.1975 0
      vertex -68.0257 -76.9143 0
    endloop
  endfacet
  facet normal -1 -0 0
    outer loop
      vertex -69.2059 -70.6832 0.6
      vertex -69.2059 -77.1975 0
      vertex -69.2059 -77.1975 0.6
    endloop
  endfacet
  facet normal -1 0 -0
    outer loop
      vertex -69.2059 -70.6832 0.6
      vertex -69.2059 -70.6832 0
      vertex -69.2059 -77.1975 0
    endloop
  endfacet
  facet normal -0.859255 -0.511548 0
    outer loop
      vertex -69.3745 -70.4 0.6
      vertex -69.2059 -70.6832 0
      vertex -69.2059 -70.6832 0.6
    endloop
  endfacet
  facet normal -0.859255 -0.511548 -0
    outer loop
      vertex -69.3745 -70.4 0.6
      vertex -69.3745 -70.4 0
      vertex -69.2059 -70.6832 0
    endloop
  endfacet
  facet normal -0.64324 -0.765665 0
    outer loop
      vertex -69.7116 -70.1168 0.6
      vertex -69.3745 -70.4 0
      vertex -69.3745 -70.4 0.6
    endloop
  endfacet
  facet normal -0.64324 -0.765665 -0
    outer loop
      vertex -69.7116 -70.1168 0.6
      vertex -69.7116 -70.1168 0
      vertex -69.3745 -70.4 0
    endloop
  endfacet
  facet normal -0.387177 -0.922006 0
    outer loop
      vertex -70.0488 -69.9752 0.6
      vertex -69.7116 -70.1168 0
      vertex -69.7116 -70.1168 0.6
    endloop
  endfacet
  facet normal -0.387177 -0.922006 -0
    outer loop
      vertex -70.0488 -69.9752 0.6
      vertex -70.0488 -69.9752 0
      vertex -69.7116 -70.1168 0
    endloop
  endfacet
  facet normal -0.269701 0.962944 0
    outer loop
      vertex -69.0373 -69.6919 0.6
      vertex -70.0488 -69.9752 0
      vertex -70.0488 -69.9752 0.6
    endloop
  endfacet
  facet normal -0.269701 0.962944 0
    outer loop
      vertex -69.0373 -69.6919 0.6
      vertex -69.0373 -69.6919 0
      vertex -70.0488 -69.9752 0
    endloop
  endfacet
  facet normal -0.422849 0.9062 0
    outer loop
      vertex -67.52 -68.9839 0.6
      vertex -69.0373 -69.6919 0
      vertex -69.0373 -69.6919 0.6
    endloop
  endfacet
  facet normal -0.422849 0.9062 0
    outer loop
      vertex -67.52 -68.9839 0.6
      vertex -67.52 -68.9839 0
      vertex -69.0373 -69.6919 0
    endloop
  endfacet
  facet normal 0 1 0
    outer loop
      vertex -67.1828 -68.9839 0.6
      vertex -67.52 -68.9839 0
      vertex -67.52 -68.9839 0.6
    endloop
  endfacet
  facet normal 0 1 0
    outer loop
      vertex -67.1828 -68.9839 0.6
      vertex -67.1828 -68.9839 0
      vertex -67.52 -68.9839 0
    endloop
  endfacet
  facet normal 0.985843 0.167672 0
    outer loop
      vertex -67.0142 -69.9752 0.6
      vertex -67.1828 -68.9839 0
      vertex -67.1828 -68.9839 0.6
    endloop
  endfacet
  facet normal 0.985843 0.167672 0
    outer loop
      vertex -67.0142 -69.9752 0.6
      vertex -67.0142 -69.9752 0
      vertex -67.1828 -68.9839 0
    endloop
  endfacet
  facet normal 0.643128 0.765759 0
    outer loop
      vertex -66.677 -70.2584 0.6
      vertex -67.0142 -69.9752 0
      vertex -67.0142 -69.9752 0.6
    endloop
  endfacet
  facet normal 0.643128 0.765759 0
    outer loop
      vertex -66.677 -70.2584 0.6
      vertex -66.677 -70.2584 0
      vertex -67.0142 -69.9752 0
    endloop
  endfacet
  facet normal -0.64321 0.76569 0
    outer loop
      vertex -65.6655 -69.4087 0.6
      vertex -66.677 -70.2584 0
      vertex -66.677 -70.2584 0.6
    endloop
  endfacet
  facet normal -0.64321 0.76569 0
    outer loop
      vertex -65.6655 -69.4087 0.6
      vertex -65.6655 -69.4087 0
      vertex -66.677 -70.2584 0
    endloop
  endfacet
  facet normal -0.450008 0.893024 0
    outer loop
      vertex -64.8225 -68.9839 0.6
      vertex -65.6655 -69.4087 0
      vertex -65.6655 -69.4087 0.6
    endloop
  endfacet
  facet normal -0.450008 0.893024 0
    outer loop
      vertex -64.8225 -68.9839 0.6
      vertex -64.8225 -68.9839 0
      vertex -65.6655 -69.4087 0
    endloop
  endfacet
  facet normal -0.205652 0.978625 0
    outer loop
      vertex -64.1482 -68.8422 0.6
      vertex -64.8225 -68.9839 0
      vertex -64.8225 -68.9839 0.6
    endloop
  endfacet
  facet normal -0.205652 0.978625 0
    outer loop
      vertex -64.1482 -68.8422 0.6
      vertex -64.1482 -68.8422 0
      vertex -64.8225 -68.9839 0
    endloop
  endfacet
  facet normal 0.318554 0.947905 0
    outer loop
      vertex -63.3052 -69.1255 0.6
      vertex -64.1482 -68.8422 0
      vertex -64.1482 -68.8422 0.6
    endloop
  endfacet
  facet normal 0.318554 0.947905 0
    outer loop
      vertex -63.3052 -69.1255 0.6
      vertex -63.3052 -69.1255 0
      vertex -64.1482 -68.8422 0
    endloop
  endfacet
  facet normal 0.643128 0.765759 0
    outer loop
      vertex 31.6105 -69.5503 0.6
      vertex 31.1047 -69.1255 0
      vertex 31.1047 -69.1255 0.6
    endloop
  endfacet
  facet normal 0.643128 0.765759 0
    outer loop
      vertex 31.6105 -69.5503 0.6
      vertex 31.6105 -69.5503 0
      vertex 31.1047 -69.1255 0
    endloop
  endfacet
  facet normal 0.859334 0.511415 0
    outer loop
      vertex 31.7791 -69.8336 0.6
      vertex 31.6105 -69.5503 0
      vertex 31.6105 -69.5503 0.6
    endloop
  endfacet
  facet normal 0.859334 0.511415 0
    outer loop
      vertex 31.7791 -69.8336 0.6
      vertex 31.7791 -69.8336 0
      vertex 31.6105 -69.5503 0
    endloop
  endfacet
  facet normal 1 -0 0
    outer loop
      vertex 31.7791 -70.2584 0.6
      vertex 31.7791 -69.8336 0
      vertex 31.7791 -69.8336 0.6
    endloop
  endfacet
  facet normal 1 0 0
    outer loop
      vertex 31.7791 -70.2584 0.6
      vertex 31.7791 -70.2584 0
      vertex 31.7791 -69.8336 0
    endloop
  endfacet
  facet normal 0.783238 -0.621722 0
    outer loop
      vertex 31.4419 -70.6832 0.6
      vertex 31.7791 -70.2584 0
      vertex 31.7791 -70.2584 0.6
    endloop
  endfacet
  facet normal 0.783238 -0.621722 0
    outer loop
      vertex 31.4419 -70.6832 0.6
      vertex 31.4419 -70.6832 0
      vertex 31.7791 -70.2584 0
    endloop
  endfacet
  facet normal 0.643166 -0.765727 0
    outer loop
      vertex 30.2617 -71.6745 0.6
      vertex 31.4419 -70.6832 0
      vertex 31.4419 -70.6832 0.6
    endloop
  endfacet
  facet normal 0.643166 -0.765727 0
    outer loop
      vertex 30.2617 -71.6745 0.6
      vertex 30.2617 -71.6745 0
      vertex 31.4419 -70.6832 0
    endloop
  endfacet
  facet normal -0.958485 -0.285143 0
    outer loop
      vertex 30.0932 -71.1081 0.6
      vertex 30.2617 -71.6745 0
      vertex 30.2617 -71.6745 0.6
    endloop
  endfacet
  facet normal -0.958485 -0.285143 -0
    outer loop
      vertex 30.0932 -71.1081 0.6
      vertex 30.0932 -71.1081 0
      vertex 30.2617 -71.6745 0
    endloop
  endfacet
  facet normal -0.643195 -0.765703 0
    outer loop
      vertex 29.4188 -70.5416 0.6
      vertex 30.0932 -71.1081 0
      vertex 30.0932 -71.1081 0.6
    endloop
  endfacet
  facet normal -0.643195 -0.765703 -0
    outer loop
      vertex 29.4188 -70.5416 0.6
      vertex 29.4188 -70.5416 0
      vertex 30.0932 -71.1081 0
    endloop
  endfacet
  facet normal 0 -1 0
    outer loop
      vertex 28.7444 -70.5416 0.6
      vertex 29.4188 -70.5416 0
      vertex 29.4188 -70.5416 0.6
    endloop
  endfacet
  facet normal 0 -1 0
    outer loop
      vertex 28.7444 -70.5416 0.6
      vertex 28.7444 -70.5416 0
      vertex 29.4188 -70.5416 0
    endloop
  endfacet
  facet normal 0.643226 -0.765676 0
    outer loop
      vertex 27.9015 -71.2497 0.6
      vertex 28.7444 -70.5416 0
      vertex 28.7444 -70.5416 0.6
    endloop
  endfacet
  facet normal 0.643226 -0.765676 0
    outer loop
      vertex 27.9015 -71.2497 0.6
      vertex 27.9015 -71.2497 0
      vertex 28.7444 -70.5416 0
    endloop
  endfacet
  facet normal 0.859255 -0.511548 0
    outer loop
      vertex 27.7329 -71.5329 0.6
      vertex 27.9015 -71.2497 0
      vertex 27.9015 -71.2497 0.6
    endloop
  endfacet
  facet normal 0.859255 -0.511548 0
    outer loop
      vertex 27.7329 -71.5329 0.6
      vertex 27.7329 -71.5329 0
      vertex 27.9015 -71.2497 0
    endloop
  endfacet
  facet normal 1 -0 0
    outer loop
      vertex 27.7329 -75.6398 0.6
      vertex 27.7329 -71.5329 0
      vertex 27.7329 -71.5329 0.6
    endloop
  endfacet
  facet normal 1 0 0
    outer loop
      vertex 27.7329 -75.6398 0.6
      vertex 27.7329 -75.6398 0
      vertex 27.7329 -71.5329 0
    endloop
  endfacet
  facet normal 0.972797 0.231658 0
    outer loop
      vertex 27.9015 -76.3478 0.6
      vertex 27.7329 -75.6398 0
      vertex 27.7329 -75.6398 0.6
    endloop
  endfacet
  facet normal 0.972797 0.231658 0
    outer loop
      vertex 27.9015 -76.3478 0.6
      vertex 27.9015 -76.3478 0
      vertex 27.7329 -75.6398 0
    endloop
  endfacet
  facet normal 0.783309 0.621633 0
    outer loop
      vertex 28.2387 -76.7727 0.6
      vertex 27.9015 -76.3478 0
      vertex 27.9015 -76.3478 0.6
    endloop
  endfacet
  facet normal 0.783309 0.621633 0
    outer loop
      vertex 28.2387 -76.7727 0.6
      vertex 28.2387 -76.7727 0
      vertex 27.9015 -76.3478 0
    endloop
  endfacet
  facet normal 0.15096 -0.98854 0
    outer loop
      vertex 26.3842 -77.0559 0.6
      vertex 28.2387 -76.7727 0
      vertex 28.2387 -76.7727 0.6
    endloop
  endfacet
  facet normal 0.15096 -0.98854 0
    outer loop
      vertex 26.3842 -77.0559 0.6
      vertex 26.3842 -77.0559 0
      vertex 28.2387 -76.7727 0
    endloop
  endfacet
  facet normal 0 -1 0
    outer loop
      vertex 25.5412 -77.0559 0.6
      vertex 26.3842 -77.0559 0
      vertex 26.3842 -77.0559 0.6
    endloop
  endfacet
  facet normal 0 -1 0
    outer loop
      vertex 25.5412 -77.0559 0.6
      vertex 25.5412 -77.0559 0
      vertex 26.3842 -77.0559 0
    endloop
  endfacet
  facet normal -1 -0 0
    outer loop
      vertex 25.5412 -70.8248 0.6
      vertex 25.5412 -77.0559 0
      vertex 25.5412 -77.0559 0.6
    endloop
  endfacet
  facet normal -1 0 -0
    outer loop
      vertex 25.5412 -70.8248 0.6
      vertex 25.5412 -70.8248 0
      vertex 25.5412 -77.0559 0
    endloop
  endfacet
  facet normal -0.929544 -0.36871 0
    outer loop
      vertex 25.3727 -70.4 0.6
      vertex 25.5412 -70.8248 0
      vertex 25.5412 -70.8248 0.6
    endloop
  endfacet
  facet normal -0.929544 -0.36871 -0
    outer loop
      vertex 25.3727 -70.4 0.6
      vertex 25.3727 -70.4 0
      vertex 25.5412 -70.8248 0
    endloop
  endfacet
  facet normal -0.643128 -0.765759 0
    outer loop
      vertex 24.8669 -69.9752 0.6
      vertex 25.3727 -70.4 0
      vertex 25.3727 -70.4 0.6
    endloop
  endfacet
  facet normal -0.643128 -0.765759 -0
    outer loop
      vertex 24.8669 -69.9752 0.6
      vertex 24.8669 -69.9752 0
      vertex 25.3727 -70.4 0
    endloop
  endfacet
  facet normal -0.450135 0.89296 0
    outer loop
      vertex 25.7098 -69.5503 0.6
      vertex 24.8669 -69.9752 0
      vertex 24.8669 -69.9752 0.6
    endloop
  endfacet
  facet normal -0.450135 0.89296 0
    outer loop
      vertex 25.7098 -69.5503 0.6
      vertex 25.7098 -69.5503 0
      vertex 24.8669 -69.9752 0
    endloop
  endfacet
  facet normal -0.35671 0.934215 0
    outer loop
      vertex 27.5643 -68.8422 0.6
      vertex 25.7098 -69.5503 0
      vertex 25.7098 -69.5503 0.6
    endloop
  endfacet
  facet normal -0.35671 0.934215 0
    outer loop
      vertex 27.5643 -68.8422 0.6
      vertex 27.5643 -68.8422 0
      vertex 25.7098 -69.5503 0
    endloop
  endfacet
  facet normal 0.989109 0.147188 0
    outer loop
      vertex 27.7329 -69.9752 0.6
      vertex 27.5643 -68.8422 0
      vertex 27.5643 -68.8422 0.6
    endloop
  endfacet
  facet normal 0.989109 0.147188 0
    outer loop
      vertex 27.7329 -69.9752 0.6
      vertex 27.7329 -69.9752 0
      vertex 27.5643 -68.8422 0
    endloop
  endfacet
  facet normal 0.643128 0.765759 0
    outer loop
      vertex 28.0701 -70.2584 0.6
      vertex 27.7329 -69.9752 0
      vertex 27.7329 -69.9752 0.6
    endloop
  endfacet
  facet normal 0.643128 0.765759 0
    outer loop
      vertex 28.0701 -70.2584 0.6
      vertex 28.0701 -70.2584 0
      vertex 27.7329 -69.9752 0
    endloop
  endfacet
  facet normal -0.643128 0.765759 0
    outer loop
      vertex 28.5759 -69.8336 0.6
      vertex 28.0701 -70.2584 0
      vertex 28.0701 -70.2584 0.6
    endloop
  endfacet
  facet normal -0.643128 0.765759 0
    outer loop
      vertex 28.5759 -69.8336 0.6
      vertex 28.5759 -69.8336 0
      vertex 28.0701 -70.2584 0
    endloop
  endfacet
  facet normal -1 -0 0
    outer loop
      vertex 28.5759 -69.6919 0.6
      vertex 28.5759 -69.8336 0
      vertex 28.5759 -69.8336 0.6
    endloop
  endfacet
  facet normal -1 0 -0
    outer loop
      vertex 28.5759 -69.6919 0.6
      vertex 28.5759 -69.6919 0
      vertex 28.5759 -69.8336 0
    endloop
  endfacet
  facet normal -0.64324 0.765665 0
    outer loop
      vertex 28.913 -69.4087 0.6
      vertex 28.5759 -69.6919 0
      vertex 28.5759 -69.6919 0.6
    endloop
  endfacet
  facet normal -0.64324 0.765665 0
    outer loop
      vertex 28.913 -69.4087 0.6
      vertex 28.913 -69.4087 0
      vertex 28.5759 -69.6919 0
    endloop
  endfacet
  facet normal -0.432734 0.901522 0
    outer loop
      vertex 30.0932 -68.8422 0.6
      vertex 28.913 -69.4087 0
      vertex 28.913 -69.4087 0.6
    endloop
  endfacet
  facet normal -0.432734 0.901522 0
    outer loop
      vertex 30.0932 -68.8422 0.6
      vertex 30.0932 -68.8422 0
      vertex 28.913 -69.4087 0
    endloop
  endfacet
  facet normal 0.269701 0.962944 0
    outer loop
      vertex 31.1047 -69.1255 0.6
      vertex 30.0932 -68.8422 0
      vertex 30.0932 -68.8422 0.6
    endloop
  endfacet
  facet normal 0.269701 0.962944 0
    outer loop
      vertex 31.1047 -69.1255 0.6
      vertex 31.1047 -69.1255 0
      vertex 30.0932 -68.8422 0
    endloop
  endfacet
  facet normal 0.859281 0.511503 0
    outer loop
      vertex -41.3886 -76.7727 0.6
      vertex -41.8944 -75.923 0
      vertex -41.8944 -75.923 0.6
    endloop
  endfacet
  facet normal 0.859281 0.511503 0
    outer loop
      vertex -41.3886 -76.7727 0.6
      vertex -41.3886 -76.7727 0
      vertex -41.8944 -75.923 0
    endloop
  endfacet
  facet normal 0.138632 -0.990344 0
    outer loop
      vertex -43.4117 -77.0559 0.6
      vertex -41.3886 -76.7727 0
      vertex -41.3886 -76.7727 0.6
    endloop
  endfacet
  facet normal 0.138632 -0.990344 0
    outer loop
      vertex -43.4117 -77.0559 0.6
      vertex -43.4117 -77.0559 0
      vertex -41.3886 -76.7727 0
    endloop
  endfacet
  facet normal 0 -1 0
    outer loop
      vertex -44.0861 -77.0559 0.6
      vertex -43.4117 -77.0559 0
      vertex -43.4117 -77.0559 0.6
    endloop
  endfacet
  facet normal 0 -1 0
    outer loop
      vertex -44.0861 -77.0559 0.6
      vertex -44.0861 -77.0559 0
      vertex -43.4117 -77.0559 0
    endloop
  endfacet
  facet normal -0.958439 -0.285298 0
    outer loop
      vertex -44.2547 -76.4895 0.6
      vertex -44.0861 -77.0559 0
      vertex -44.0861 -77.0559 0.6
    endloop
  endfacet
  facet normal -0.958439 -0.285298 -0
    outer loop
      vertex -44.2547 -76.4895 0.6
      vertex -44.2547 -76.4895 0
      vertex -44.0861 -77.0559 0
    endloop
  endfacet
  facet normal -0.999534 0.0305127 0
    outer loop
      vertex -44.0861 -70.9665 0.6
      vertex -44.2547 -76.4895 0
      vertex -44.2547 -76.4895 0.6
    endloop
  endfacet
  facet normal -0.999534 0.0305127 0
    outer loop
      vertex -44.0861 -70.9665 0.6
      vertex -44.0861 -70.9665 0
      vertex -44.2547 -76.4895 0
    endloop
  endfacet
  facet normal -0.929499 -0.368825 0
    outer loop
      vertex -44.2547 -70.5416 0.6
      vertex -44.0861 -70.9665 0
      vertex -44.0861 -70.9665 0.6
    endloop
  endfacet
  facet normal -0.929499 -0.368825 -0
    outer loop
      vertex -44.2547 -70.5416 0.6
      vertex -44.2547 -70.5416 0
      vertex -44.0861 -70.9665 0
    endloop
  endfacet
  facet normal -0.643184 -0.765712 0
    outer loop
      vertex -44.929 -69.9752 0.6
      vertex -44.2547 -70.5416 0
      vertex -44.2547 -70.5416 0.6
    endloop
  endfacet
  facet normal -0.643184 -0.765712 -0
    outer loop
      vertex -44.929 -69.9752 0.6
      vertex -44.929 -69.9752 0
      vertex -44.2547 -70.5416 0
    endloop
  endfacet
  facet normal -0.450135 0.89296 0
    outer loop
      vertex -44.0861 -69.5503 0.6
      vertex -44.929 -69.9752 0
      vertex -44.929 -69.9752 0.6
    endloop
  endfacet
  facet normal -0.450135 0.89296 0
    outer loop
      vertex -44.0861 -69.5503 0.6
      vertex -44.0861 -69.5503 0
      vertex -44.929 -69.9752 0
    endloop
  endfacet
  facet normal -0.165651 0.986184 0
    outer loop
      vertex -43.2431 -69.4087 0.6
      vertex -44.0861 -69.5503 0
      vertex -44.0861 -69.5503 0.6
    endloop
  endfacet
  facet normal -0.165651 0.986184 0
    outer loop
      vertex -43.2431 -69.4087 0.6
      vertex -43.2431 -69.4087 0
      vertex -44.0861 -69.5503 0
    endloop
  endfacet
  facet normal -0.450051 0.893003 0
    outer loop
      vertex -42.4002 -68.9839 0.6
      vertex -43.2431 -69.4087 0
      vertex -43.2431 -69.4087 0.6
    endloop
  endfacet
  facet normal -0.450051 0.893003 0
    outer loop
      vertex -42.4002 -68.9839 0.6
      vertex -42.4002 -68.9839 0
      vertex -43.2431 -69.4087 0
    endloop
  endfacet
  facet normal 0 1 0
    outer loop
      vertex -42.063 -68.9839 0.6
      vertex -42.4002 -68.9839 0
      vertex -42.4002 -68.9839 0.6
    endloop
  endfacet
  facet normal 0 1 0
    outer loop
      vertex -42.063 -68.9839 0.6
      vertex -42.063 -68.9839 0
      vertex -42.4002 -68.9839 0
    endloop
  endfacet
  facet normal 0.999705 0.0242899 0
    outer loop
      vertex -41.8944 -75.923 0.6
      vertex -42.063 -68.9839 0
      vertex -42.063 -68.9839 0.6
    endloop
  endfacet
  facet normal 0.999705 0.0242899 0
    outer loop
      vertex -41.8944 -75.923 0.6
      vertex -41.8944 -75.923 0
      vertex -42.063 -68.9839 0
    endloop
  endfacet
  facet normal 1 -0 0
    outer loop
      vertex -41.8944 -66.1516 0.6
      vertex -41.8944 -66.0099 0
      vertex -41.8944 -66.0099 0.6
    endloop
  endfacet
  facet normal 1 0 0
    outer loop
      vertex -41.8944 -66.1516 0.6
      vertex -41.8944 -66.1516 0
      vertex -41.8944 -66.0099 0
    endloop
  endfacet
  facet normal 0.643128 0.765759 0
    outer loop
      vertex -41.3886 -66.5764 0.6
      vertex -41.8944 -66.1516 0
      vertex -41.8944 -66.1516 0.6
    endloop
  endfacet
  facet normal 0.643128 0.765759 0
    outer loop
      vertex -41.3886 -66.5764 0.6
      vertex -41.3886 -66.5764 0
      vertex -41.8944 -66.1516 0
    endloop
  endfacet
  facet normal 0.643204 -0.765695 0
    outer loop
      vertex -43.0745 -67.9926 0.6
      vertex -41.3886 -66.5764 0
      vertex -41.3886 -66.5764 0.6
    endloop
  endfacet
  facet normal 0.643204 -0.765695 0
    outer loop
      vertex -43.0745 -67.9926 0.6
      vertex -43.0745 -67.9926 0
      vertex -41.3886 -66.5764 0
    endloop
  endfacet
  facet normal -0.533063 -0.846076 0
    outer loop
      vertex -43.7489 -67.5677 0.6
      vertex -43.0745 -67.9926 0
      vertex -43.0745 -67.9926 0.6
    endloop
  endfacet
  facet normal -0.533063 -0.846076 -0
    outer loop
      vertex -43.7489 -67.5677 0.6
      vertex -43.7489 -67.5677 0
      vertex -43.0745 -67.9926 0
    endloop
  endfacet
  facet normal -0.699939 -0.714202 0
    outer loop
      vertex -44.7604 -66.5764 0.6
      vertex -43.7489 -67.5677 0
      vertex -43.7489 -67.5677 0.6
    endloop
  endfacet
  facet normal -0.699939 -0.714202 -0
    outer loop
      vertex -44.7604 -66.5764 0.6
      vertex -44.7604 -66.5764 0
      vertex -43.7489 -67.5677 0
    endloop
  endfacet
  facet normal -0.643203 0.765696 0
    outer loop
      vertex -44.2547 -66.1516 0.6
      vertex -44.7604 -66.5764 0
      vertex -44.7604 -66.5764 0.6
    endloop
  endfacet
  facet normal -0.643203 0.765696 0
    outer loop
      vertex -44.2547 -66.1516 0.6
      vertex -44.2547 -66.1516 0
      vertex -44.7604 -66.5764 0
    endloop
  endfacet
  facet normal -1 -0 0
    outer loop
      vertex -44.2547 -66.0099 0.6
      vertex -44.2547 -66.1516 0
      vertex -44.2547 -66.1516 0.6
    endloop
  endfacet
  facet normal -1 0 -0
    outer loop
      vertex -44.2547 -66.0099 0.6
      vertex -44.2547 -66.0099 0
      vertex -44.2547 -66.1516 0
    endloop
  endfacet
  facet normal -0.59221 0.805783 0
    outer loop
      vertex -42.9059 -65.0186 0.6
      vertex -44.2547 -66.0099 0
      vertex -44.2547 -66.0099 0.6
    endloop
  endfacet
  facet normal -0.59221 0.805783 0
    outer loop
      vertex -42.9059 -65.0186 0.6
      vertex -42.9059 -65.0186 0
      vertex -44.2547 -66.0099 0
    endloop
  endfacet
  facet normal 0.699939 0.714202 0
    outer loop
      vertex -41.8944 -66.0099 0.6
      vertex -42.9059 -65.0186 0
      vertex -42.9059 -65.0186 0.6
    endloop
  endfacet
  facet normal 0.699939 0.714202 0
    outer loop
      vertex -41.8944 -66.0099 0.6
      vertex -41.8944 -66.0099 0
      vertex -42.9059 -65.0186 0
    endloop
  endfacet
  facet normal 0.0929137 0.995674 0
    outer loop
      vertex 10.8784 -32.3871 0.6
      vertex 8.97736 -32.2097 0
      vertex 8.97736 -32.2097 0.6
    endloop
  endfacet
  facet normal 0.0929137 0.995674 0
    outer loop
      vertex 10.8784 -32.3871 0.6
      vertex 10.8784 -32.3871 0
      vertex 8.97736 -32.2097 0
    endloop
  endfacet
  facet normal 0.387273 0.921965 0
    outer loop
      vertex 11.5826 -32.6829 0.6
      vertex 10.8784 -32.3871 0
      vertex 10.8784 -32.3871 0.6
    endloop
  endfacet
  facet normal 0.387273 0.921965 0
    outer loop
      vertex 11.5826 -32.6829 0.6
      vertex 11.5826 -32.6829 0
      vertex 10.8784 -32.3871 0
    endloop
  endfacet
  facet normal 0.97281 0.231606 0
    outer loop
      vertex 11.653 -32.9786 0.6
      vertex 11.5826 -32.6829 0
      vertex 11.5826 -32.6829 0.6
    endloop
  endfacet
  facet normal 0.97281 0.231606 0
    outer loop
      vertex 11.653 -32.9786 0.6
      vertex 11.653 -32.9786 0
      vertex 11.5826 -32.6829 0
    endloop
  endfacet
  facet normal 0.709902 -0.704301 0
    outer loop
      vertex 11.3009 -33.3335 0.6
      vertex 11.653 -32.9786 0
      vertex 11.653 -32.9786 0.6
    endloop
  endfacet
  facet normal 0.709902 -0.704301 0
    outer loop
      vertex 11.3009 -33.3335 0.6
      vertex 11.3009 -33.3335 0
      vertex 11.653 -32.9786 0
    endloop
  endfacet
  facet normal 0.408823 -0.912614 0
    outer loop
      vertex 10.2448 -33.8066 0.6
      vertex 11.3009 -33.3335 0
      vertex 11.3009 -33.3335 0.6
    endloop
  endfacet
  facet normal 0.408823 -0.912614 0
    outer loop
      vertex 10.2448 -33.8066 0.6
      vertex 10.2448 -33.8066 0
      vertex 11.3009 -33.3335 0
    endloop
  endfacet
  facet normal 0.724161 0.689631 0
    outer loop
      vertex 10.5264 -34.1023 0.6
      vertex 10.2448 -33.8066 0
      vertex 10.2448 -33.8066 0.6
    endloop
  endfacet
  facet normal 0.724161 0.689631 0
    outer loop
      vertex 10.5264 -34.1023 0.6
      vertex 10.5264 -34.1023 0
      vertex 10.2448 -33.8066 0
    endloop
  endfacet
  facet normal -0.0620547 0.998073 0
    outer loop
      vertex 12.4275 -33.9841 0.6
      vertex 10.5264 -34.1023 0
      vertex 10.5264 -34.1023 0.6
    endloop
  endfacet
  facet normal -0.0620547 0.998073 0
    outer loop
      vertex 12.4275 -33.9841 0.6
      vertex 12.4275 -33.9841 0
      vertex 10.5264 -34.1023 0
    endloop
  endfacet
  facet normal 0.258206 0.96609 0
    outer loop
      vertex 13.9765 -34.3981 0.6
      vertex 12.4275 -33.9841 0
      vertex 12.4275 -33.9841 0.6
    endloop
  endfacet
  facet normal 0.258206 0.96609 0
    outer loop
      vertex 13.9765 -34.3981 0.6
      vertex 13.9765 -34.3981 0
      vertex 12.4275 -33.9841 0
    endloop
  endfacet
  facet normal 0 1 0
    outer loop
      vertex 14.9623 -34.3981 0.6
      vertex 13.9765 -34.3981 0
      vertex 13.9765 -34.3981 0.6
    endloop
  endfacet
  facet normal 0 1 0
    outer loop
      vertex 14.9623 -34.3981 0.6
      vertex 14.9623 -34.3981 0
      vertex 13.9765 -34.3981 0
    endloop
  endfacet
  facet normal -0.450086 0.892985 0
    outer loop
      vertex 16.0184 -33.8658 0.6
      vertex 14.9623 -34.3981 0
      vertex 14.9623 -34.3981 0.6
    endloop
  endfacet
  facet normal -0.450086 0.892985 0
    outer loop
      vertex 16.0184 -33.8658 0.6
      vertex 16.0184 -33.8658 0
      vertex 14.9623 -34.3981 0
    endloop
  endfacet
  facet normal 0.0598439 0.998208 0
    outer loop
      vertex 17.0042 -33.9249 0.6
      vertex 16.0184 -33.8658 0
      vertex 16.0184 -33.8658 0.6
    endloop
  endfacet
  facet normal 0.0598439 0.998208 0
    outer loop
      vertex 17.0042 -33.9249 0.6
      vertex 17.0042 -33.9249 0
      vertex 16.0184 -33.8658 0
    endloop
  endfacet
  facet normal 0.416578 0.9091 0
    outer loop
      vertex 17.7787 -34.2798 0.6
      vertex 17.0042 -33.9249 0
      vertex 17.0042 -33.9249 0.6
    endloop
  endfacet
  facet normal 0.416578 0.9091 0
    outer loop
      vertex 17.7787 -34.2798 0.6
      vertex 17.7787 -34.2798 0
      vertex 17.0042 -33.9249 0
    endloop
  endfacet
  facet normal 0.995116 -0.0987124 0
    outer loop
      vertex 17.7083 -34.9895 0.6
      vertex 17.7787 -34.2798 0
      vertex 17.7787 -34.2798 0.6
    endloop
  endfacet
  facet normal 0.995116 -0.0987124 0
    outer loop
      vertex 17.7083 -34.9895 0.6
      vertex 17.7083 -34.9895 0
      vertex 17.7787 -34.2798 0
    endloop
  endfacet
  facet normal 0.59832 0.801258 0
    outer loop
      vertex 18.342 -35.4627 0.6
      vertex 17.7083 -34.9895 0
      vertex 17.7083 -34.9895 0.6
    endloop
  endfacet
  facet normal 0.59832 0.801258 0
    outer loop
      vertex 18.342 -35.4627 0.6
      vertex 18.342 -35.4627 0
      vertex 17.7083 -34.9895 0
    endloop
  endfacet
  facet normal 0 1 0
    outer loop
      vertex 18.7645 -35.4627 0.6
      vertex 18.342 -35.4627 0
      vertex 18.342 -35.4627 0.6
    endloop
  endfacet
  facet normal 0 1 0
    outer loop
      vertex 18.7645 -35.4627 0.6
      vertex 18.7645 -35.4627 0
      vertex 18.342 -35.4627 0
    endloop
  endfacet
  facet normal -0.361517 0.932366 0
    outer loop
      vertex 19.6798 -35.1078 0.6
      vertex 18.7645 -35.4627 0
      vertex 18.7645 -35.4627 0.6
    endloop
  endfacet
  facet normal -0.361517 0.932366 0
    outer loop
      vertex 19.6798 -35.1078 0.6
      vertex 19.6798 -35.1078 0
      vertex 18.7645 -35.4627 0
    endloop
  endfacet
  facet normal 0.104467 0.994528 0
    outer loop
      vertex 21.3696 -35.2853 0.6
      vertex 19.6798 -35.1078 0
      vertex 19.6798 -35.1078 0.6
    endloop
  endfacet
  facet normal 0.104467 0.994528 0
    outer loop
      vertex 21.3696 -35.2853 0.6
      vertex 21.3696 -35.2853 0
      vertex 19.6798 -35.1078 0
    endloop
  endfacet
  facet normal -0.573527 0.819186 0
    outer loop
      vertex 21.7921 -34.9895 0.6
      vertex 21.3696 -35.2853 0
      vertex 21.3696 -35.2853 0.6
    endloop
  endfacet
  facet normal -0.573527 0.819186 0
    outer loop
      vertex 21.7921 -34.9895 0.6
      vertex 21.7921 -34.9895 0
      vertex 21.3696 -35.2853 0
    endloop
  endfacet
  facet normal -0.929521 0.36877 0
    outer loop
      vertex 21.9329 -34.6346 0.6
      vertex 21.7921 -34.9895 0
      vertex 21.7921 -34.9895 0.6
    endloop
  endfacet
  facet normal -0.929521 0.36877 0
    outer loop
      vertex 21.9329 -34.6346 0.6
      vertex 21.9329 -34.6346 0
      vertex 21.7921 -34.9895 0
    endloop
  endfacet
  facet normal -0.269579 0.962978 0
    outer loop
      vertex 22.5666 -34.4572 0.6
      vertex 21.9329 -34.6346 0
      vertex 21.9329 -34.6346 0.6
    endloop
  endfacet
  facet normal -0.269579 0.962978 0
    outer loop
      vertex 22.5666 -34.4572 0.6
      vertex 22.5666 -34.4572 0
      vertex 21.9329 -34.6346 0
    endloop
  endfacet
  facet normal 0.0289804 0.99958 0
    outer loop
      vertex 24.6085 -34.5164 0.6
      vertex 22.5666 -34.4572 0
      vertex 22.5666 -34.4572 0.6
    endloop
  endfacet
  facet normal 0.0289804 0.99958 0
    outer loop
      vertex 24.6085 -34.5164 0.6
      vertex 24.6085 -34.5164 0
      vertex 22.5666 -34.4572 0
    endloop
  endfacet
  facet normal 0.292011 0.956415 0
    outer loop
      vertex 25.3831 -34.7529 0.6
      vertex 24.6085 -34.5164 0
      vertex 24.6085 -34.5164 0.6
    endloop
  endfacet
  facet normal 0.292011 0.956415 0
    outer loop
      vertex 25.3831 -34.7529 0.6
      vertex 25.3831 -34.7529 0
      vertex 24.6085 -34.5164 0
    endloop
  endfacet
  facet normal 0.700056 0.714088 0
    outer loop
      vertex 25.8055 -35.167 0.6
      vertex 25.3831 -34.7529 0
      vertex 25.3831 -34.7529 0.6
    endloop
  endfacet
  facet normal 0.700056 0.714088 0
    outer loop
      vertex 25.8055 -35.167 0.6
      vertex 25.8055 -35.167 0
      vertex 25.3831 -34.7529 0
    endloop
  endfacet
  facet normal 0.338645 0.940914 0
    outer loop
      vertex 26.2984 -35.3444 0.6
      vertex 25.8055 -35.167 0
      vertex 25.8055 -35.167 0.6
    endloop
  endfacet
  facet normal 0.338645 0.940914 0
    outer loop
      vertex 26.2984 -35.3444 0.6
      vertex 26.2984 -35.3444 0
      vertex 25.8055 -35.167 0
    endloop
  endfacet
  facet normal 0.0816854 0.996658 0
    outer loop
      vertex 29.1852 -35.581 0.6
      vertex 26.2984 -35.3444 0
      vertex 26.2984 -35.3444 0.6
    endloop
  endfacet
  facet normal 0.0816854 0.996658 0
    outer loop
      vertex 29.1852 -35.581 0.6
      vertex 29.1852 -35.581 0
      vertex 26.2984 -35.3444 0
    endloop
  endfacet
  facet normal 0.588499 0.808498 0
    outer loop
      vertex 30.2414 -36.3498 0.6
      vertex 29.1852 -35.581 0
      vertex 29.1852 -35.581 0.6
    endloop
  endfacet
  facet normal 0.588499 0.808498 0
    outer loop
      vertex 30.2414 -36.3498 0.6
      vertex 30.2414 -36.3498 0
      vertex 29.1852 -35.581 0
    endloop
  endfacet
  facet normal 0 1 0
    outer loop
      vertex 32.1425 -36.3498 0.6
      vertex 30.2414 -36.3498 0
      vertex 30.2414 -36.3498 0.6
    endloop
  endfacet
  facet normal 0 1 0
    outer loop
      vertex 32.1425 -36.3498 0.6
      vertex 32.1425 -36.3498 0
      vertex 30.2414 -36.3498 0
    endloop
  endfacet
  facet normal 0.138656 0.990341 0
    outer loop
      vertex 33.8324 -36.5864 0.6
      vertex 32.1425 -36.3498 0
      vertex 32.1425 -36.3498 0.6
    endloop
  endfacet
  facet normal 0.138656 0.990341 0
    outer loop
      vertex 33.8324 -36.5864 0.6
      vertex 33.8324 -36.5864 0
      vertex 32.1425 -36.3498 0
    endloop
  endfacet
  facet normal -0.643175 0.765719 0
    outer loop
      vertex 34.2548 -36.2316 0.6
      vertex 33.8324 -36.5864 0
      vertex 33.8324 -36.5864 0.6
    endloop
  endfacet
  facet normal -0.643175 0.765719 0
    outer loop
      vertex 34.2548 -36.2316 0.6
      vertex 34.2548 -36.2316 0
      vertex 33.8324 -36.5864 0
    endloop
  endfacet
  facet normal -0.119248 0.992864 0
    outer loop
      vertex 34.7477 -36.1724 0.6
      vertex 34.2548 -36.2316 0
      vertex 34.2548 -36.2316 0.6
    endloop
  endfacet
  facet normal -0.119248 0.992864 0
    outer loop
      vertex 34.7477 -36.1724 0.6
      vertex 34.7477 -36.1724 0
      vertex 34.2548 -36.2316 0
    endloop
  endfacet
  facet normal 0.185712 0.982604 0
    outer loop
      vertex 37.5641 -36.7047 0.6
      vertex 34.7477 -36.1724 0
      vertex 34.7477 -36.1724 0.6
    endloop
  endfacet
  facet normal 0.185712 0.982604 0
    outer loop
      vertex 37.5641 -36.7047 0.6
      vertex 37.5641 -36.7047 0
      vertex 34.7477 -36.1724 0
    endloop
  endfacet
  facet normal 0.324969 0.945725 0
    outer loop
      vertex 39.1132 -37.237 0.6
      vertex 37.5641 -36.7047 0
      vertex 37.5641 -36.7047 0.6
    endloop
  endfacet
  facet normal 0.324969 0.945725 0
    outer loop
      vertex 39.1132 -37.237 0.6
      vertex 39.1132 -37.237 0
      vertex 37.5641 -36.7047 0
    endloop
  endfacet
  facet normal 0.615059 0.788481 0
    outer loop
      vertex 40.0989 -38.0059 0.6
      vertex 39.1132 -37.237 0
      vertex 39.1132 -37.237 0.6
    endloop
  endfacet
  facet normal 0.615059 0.788481 0
    outer loop
      vertex 40.0989 -38.0059 0.6
      vertex 40.0989 -38.0059 0
      vertex 39.1132 -37.237 0
    endloop
  endfacet
  facet normal 0.26965 0.962958 0
    outer loop
      vertex 41.3663 -38.3608 0.6
      vertex 40.0989 -38.0059 0
      vertex 40.0989 -38.0059 0.6
    endloop
  endfacet
  facet normal 0.26965 0.962958 0
    outer loop
      vertex 41.3663 -38.3608 0.6
      vertex 41.3663 -38.3608 0
      vertex 40.0989 -38.0059 0
    endloop
  endfacet
  facet normal 0.464794 0.885419 0
    outer loop
      vertex 41.9296 -38.6565 0.6
      vertex 41.3663 -38.3608 0
      vertex 41.3663 -38.3608 0.6
    endloop
  endfacet
  facet normal 0.464794 0.885419 0
    outer loop
      vertex 41.9296 -38.6565 0.6
      vertex 41.9296 -38.6565 0
      vertex 41.3663 -38.3608 0
    endloop
  endfacet
  facet normal 0.958471 0.285192 0
    outer loop
      vertex 42 -38.8931 0.6
      vertex 41.9296 -38.6565 0
      vertex 41.9296 -38.6565 0.6
    endloop
  endfacet
  facet normal 0.958471 0.285192 0
    outer loop
      vertex 42 -38.8931 0.6
      vertex 42 -38.8931 0
      vertex 41.9296 -38.6565 0
    endloop
  endfacet
  facet normal 0.432743 -0.901517 0
    outer loop
      vertex 41.5071 -39.1297 0.6
      vertex 42 -38.8931 0
      vertex 42 -38.8931 0.6
    endloop
  endfacet
  facet normal 0.432743 -0.901517 0
    outer loop
      vertex 41.5071 -39.1297 0.6
      vertex 41.5071 -39.1297 0
      vertex 42 -38.8931 0
    endloop
  endfacet
  facet normal 0.7241 -0.689695 0
    outer loop
      vertex 40.9438 -39.7211 0.6
      vertex 41.5071 -39.1297 0
      vertex 41.5071 -39.1297 0.6
    endloop
  endfacet
  facet normal 0.7241 -0.689695 0
    outer loop
      vertex 40.9438 -39.7211 0.6
      vertex 40.9438 -39.7211 0
      vertex 41.5071 -39.1297 0
    endloop
  endfacet
  facet normal -0.342054 -0.93968 0
    outer loop
      vertex 38.8315 -38.9522 0.6
      vertex 40.9438 -39.7211 0
      vertex 40.9438 -39.7211 0.6
    endloop
  endfacet
  facet normal -0.342054 -0.93968 -0
    outer loop
      vertex 38.8315 -38.9522 0.6
      vertex 38.8315 -38.9522 0
      vertex 40.9438 -39.7211 0
    endloop
  endfacet
  facet normal 0.557779 -0.829989 0
    outer loop
      vertex 37.7753 -39.662 0.6
      vertex 38.8315 -38.9522 0
      vertex 38.8315 -38.9522 0.6
    endloop
  endfacet
  facet normal 0.557779 -0.829989 0
    outer loop
      vertex 37.7753 -39.662 0.6
      vertex 37.7753 -39.662 0
      vertex 38.8315 -38.9522 0
    endloop
  endfacet
  facet normal 0.77169 0.635999 0
    outer loop
      vertex 38.409 -40.4309 0.6
      vertex 37.7753 -39.662 0
      vertex 37.7753 -39.662 0.6
    endloop
  endfacet
  facet normal 0.77169 0.635999 0
    outer loop
      vertex 38.409 -40.4309 0.6
      vertex 38.409 -40.4309 0
      vertex 37.7753 -39.662 0
    endloop
  endfacet
  facet normal 0.980877 -0.194627 0
    outer loop
      vertex 38.3386 -40.7857 0.6
      vertex 38.409 -40.4309 0
      vertex 38.409 -40.4309 0.6
    endloop
  endfacet
  facet normal 0.980877 -0.194627 0
    outer loop
      vertex 38.3386 -40.7857 0.6
      vertex 38.3386 -40.7857 0
      vertex 38.409 -40.4309 0
    endloop
  endfacet
  facet normal -0.0558732 -0.998438 0
    outer loop
      vertex 37.2825 -40.7266 0.6
      vertex 38.3386 -40.7857 0
      vertex 38.3386 -40.7857 0.6
    endloop
  endfacet
  facet normal -0.0558732 -0.998438 -0
    outer loop
      vertex 37.2825 -40.7266 0.6
      vertex 37.2825 -40.7266 0
      vertex 38.3386 -40.7857 0
    endloop
  endfacet
  facet normal 0.23338 -0.972386 0
    outer loop
      vertex 36.7896 -40.8449 0.6
      vertex 37.2825 -40.7266 0
      vertex 37.2825 -40.7266 0.6
    endloop
  endfacet
  facet normal 0.23338 -0.972386 0
    outer loop
      vertex 36.7896 -40.8449 0.6
      vertex 36.7896 -40.8449 0
      vertex 37.2825 -40.7266 0
    endloop
  endfacet
  facet normal 0.460512 -0.887653 0
    outer loop
      vertex 34.3956 -42.0869 0.6
      vertex 36.7896 -40.8449 0
      vertex 36.7896 -40.8449 0.6
    endloop
  endfacet
  facet normal 0.460512 -0.887653 0
    outer loop
      vertex 34.3956 -42.0869 0.6
      vertex 34.3956 -42.0869 0
      vertex 36.7896 -40.8449 0
    endloop
  endfacet
  facet normal -0.104363 -0.994539 0
    outer loop
      vertex 33.8324 -42.0278 0.6
      vertex 34.3956 -42.0869 0
      vertex 34.3956 -42.0869 0.6
    endloop
  endfacet
  facet normal -0.104363 -0.994539 -0
    outer loop
      vertex 33.8324 -42.0278 0.6
      vertex 33.8324 -42.0278 0
      vertex 34.3956 -42.0869 0
    endloop
  endfacet
  facet normal -1 -0 0
    outer loop
      vertex 33.8324 -41.4363 0.6
      vertex 33.8324 -42.0278 0
      vertex 33.8324 -42.0278 0.6
    endloop
  endfacet
  facet normal -1 0 -0
    outer loop
      vertex 33.8324 -41.4363 0.6
      vertex 33.8324 -41.4363 0
      vertex 33.8324 -42.0278 0
    endloop
  endfacet
  facet normal -0.532885 -0.846188 0
    outer loop
      vertex 33.5507 -41.2589 0.6
      vertex 33.8324 -41.4363 0
      vertex 33.8324 -41.4363 0.6
    endloop
  endfacet
  facet normal -0.532885 -0.846188 -0
    outer loop
      vertex 33.5507 -41.2589 0.6
      vertex 33.5507 -41.2589 0
      vertex 33.8324 -41.4363 0
    endloop
  endfacet
  facet normal 0.326866 -0.945071 0
    outer loop
      vertex 32.3537 -41.6729 0.6
      vertex 33.5507 -41.2589 0
      vertex 33.5507 -41.2589 0.6
    endloop
  endfacet
  facet normal 0.326866 -0.945071 0
    outer loop
      vertex 32.3537 -41.6729 0.6
      vertex 32.3537 -41.6729 0
      vertex 33.5507 -41.2589 0
    endloop
  endfacet
  facet normal 0.546933 -0.837177 0
    outer loop
      vertex 31.0863 -42.5009 0.6
      vertex 32.3537 -41.6729 0
      vertex 32.3537 -41.6729 0.6
    endloop
  endfacet
  facet normal 0.546933 -0.837177 0
    outer loop
      vertex 31.0863 -42.5009 0.6
      vertex 31.0863 -42.5009 0
      vertex 32.3537 -41.6729 0
    endloop
  endfacet
  facet normal 0.77169 -0.635999 0
    outer loop
      vertex 30.4526 -43.2698 0.6
      vertex 31.0863 -42.5009 0
      vertex 31.0863 -42.5009 0.6
    endloop
  endfacet
  facet normal 0.77169 -0.635999 0
    outer loop
      vertex 30.4526 -43.2698 0.6
      vertex 30.4526 -43.2698 0
      vertex 31.0863 -42.5009 0
    endloop
  endfacet
  facet normal 0.980888 -0.194575 0
    outer loop
      vertex 30.3822 -43.6247 0.6
      vertex 30.4526 -43.2698 0
      vertex 30.4526 -43.2698 0.6
    endloop
  endfacet
  facet normal 0.980888 -0.194575 0
    outer loop
      vertex 30.3822 -43.6247 0.6
      vertex 30.3822 -43.6247 0
      vertex 30.4526 -43.2698 0
    endloop
  endfacet
  facet normal 0.557743 0.830014 0
    outer loop
      vertex 30.7343 -43.8613 0.6
      vertex 30.3822 -43.6247 0
      vertex 30.3822 -43.6247 0.6
    endloop
  endfacet
  facet normal 0.557743 0.830014 0
    outer loop
      vertex 30.7343 -43.8613 0.6
      vertex 30.7343 -43.8613 0
      vertex 30.3822 -43.6247 0
    endloop
  endfacet
  facet normal -0.119161 0.992875 0
    outer loop
      vertex 31.72 -43.743 0.6
      vertex 30.7343 -43.8613 0
      vertex 30.7343 -43.8613 0.6
    endloop
  endfacet
  facet normal -0.119161 0.992875 0
    outer loop
      vertex 31.72 -43.743 0.6
      vertex 31.72 -43.743 0
      vertex 30.7343 -43.8613 0
    endloop
  endfacet
  facet normal 0.488603 0.872506 0
    outer loop
      vertex 32.1425 -43.9796 0.6
      vertex 31.72 -43.743 0
      vertex 31.72 -43.743 0.6
    endloop
  endfacet
  facet normal 0.488603 0.872506 0
    outer loop
      vertex 32.1425 -43.9796 0.6
      vertex 32.1425 -43.9796 0
      vertex 31.72 -43.743 0
    endloop
  endfacet
  facet normal 0.951139 0.308762 0
    outer loop
      vertex 32.3537 -44.6302 0.6
      vertex 32.1425 -43.9796 0
      vertex 32.1425 -43.9796 0.6
    endloop
  endfacet
  facet normal 0.951139 0.308762 0
    outer loop
      vertex 32.3537 -44.6302 0.6
      vertex 32.3537 -44.6302 0
      vertex 32.1425 -43.9796 0
    endloop
  endfacet
  facet normal 0.997821 -0.065984 0
    outer loop
      vertex 32.2833 -45.6948 0.6
      vertex 32.3537 -44.6302 0
      vertex 32.3537 -44.6302 0.6
    endloop
  endfacet
  facet normal 0.997821 -0.065984 0
    outer loop
      vertex 32.2833 -45.6948 0.6
      vertex 32.2833 -45.6948 0
      vertex 32.3537 -44.6302 0
    endloop
  endfacet
  facet normal 0.88692 -0.461924 0
    outer loop
      vertex 31.2976 -47.5874 0.6
      vertex 32.2833 -45.6948 0
      vertex 32.2833 -45.6948 0.6
    endloop
  endfacet
  facet normal 0.88692 -0.461924 0
    outer loop
      vertex 31.2976 -47.5874 0.6
      vertex 31.2976 -47.5874 0
      vertex 32.2833 -45.6948 0
    endloop
  endfacet
  facet normal 0.662405 -0.749146 0
    outer loop
      vertex 29.9598 -48.7703 0.6
      vertex 31.2976 -47.5874 0
      vertex 31.2976 -47.5874 0.6
    endloop
  endfacet
  facet normal 0.662405 -0.749146 0
    outer loop
      vertex 29.9598 -48.7703 0.6
      vertex 29.9598 -48.7703 0
      vertex 31.2976 -47.5874 0
    endloop
  endfacet
  facet normal 0.193909 -0.981019 0
    outer loop
      vertex 28.7628 -49.0069 0.6
      vertex 29.9598 -48.7703 0
      vertex 29.9598 -48.7703 0.6
    endloop
  endfacet
  facet normal 0.193909 -0.981019 0
    outer loop
      vertex 28.7628 -49.0069 0.6
      vertex 28.7628 -49.0069 0
      vertex 29.9598 -48.7703 0
    endloop
  endfacet
  facet normal 0.75824 -0.651975 0
    outer loop
      vertex 27.8474 -50.0715 0.6
      vertex 28.7628 -49.0069 0
      vertex 28.7628 -49.0069 0.6
    endloop
  endfacet
  facet normal 0.75824 -0.651975 0
    outer loop
      vertex 27.8474 -50.0715 0.6
      vertex 27.8474 -50.0715 0
      vertex 28.7628 -49.0069 0
    endloop
  endfacet
  facet normal 0.946745 -0.321985 0
    outer loop
      vertex 27.5658 -50.8995 0.6
      vertex 27.8474 -50.0715 0
      vertex 27.8474 -50.0715 0.6
    endloop
  endfacet
  facet normal 0.946745 -0.321985 0
    outer loop
      vertex 27.5658 -50.8995 0.6
      vertex 27.5658 -50.8995 0
      vertex 27.8474 -50.0715 0
    endloop
  endfacet
  facet normal 0.907457 0.420144 0
    outer loop
      vertex 28.0587 -51.9641 0.6
      vertex 27.5658 -50.8995 0
      vertex 27.5658 -50.8995 0.6
    endloop
  endfacet
  facet normal 0.907457 0.420144 0
    outer loop
      vertex 28.0587 -51.9641 0.6
      vertex 28.0587 -51.9641 0
      vertex 27.5658 -50.8995 0
    endloop
  endfacet
  facet normal 0.995835 -0.091178 0
    outer loop
      vertex 27.9883 -52.733 0.6
      vertex 28.0587 -51.9641 0
      vertex 28.0587 -51.9641 0.6
    endloop
  endfacet
  facet normal 0.995835 -0.091178 0
    outer loop
      vertex 27.9883 -52.733 0.6
      vertex 27.9883 -52.733 0
      vertex 28.0587 -51.9641 0
    endloop
  endfacet
  facet normal 0.439972 -0.898011 0
    outer loop
      vertex 27.1433 -53.147 0.6
      vertex 27.9883 -52.733 0
      vertex 27.9883 -52.733 0.6
    endloop
  endfacet
  facet normal 0.439972 -0.898011 0
    outer loop
      vertex 27.1433 -53.147 0.6
      vertex 27.1433 -53.147 0
      vertex 27.9883 -52.733 0
    endloop
  endfacet
  facet normal -0.300386 -0.953818 0
    outer loop
      vertex 26.58 -52.9696 0.6
      vertex 27.1433 -53.147 0
      vertex 27.1433 -53.147 0.6
    endloop
  endfacet
  facet normal -0.300386 -0.953818 -0
    outer loop
      vertex 26.58 -52.9696 0.6
      vertex 26.58 -52.9696 0
      vertex 27.1433 -53.147 0
    endloop
  endfacet
  facet normal -0.995102 0.0988512 0
    outer loop
      vertex 26.6505 -52.2599 0.6
      vertex 26.58 -52.9696 0
      vertex 26.58 -52.9696 0.6
    endloop
  endfacet
  facet normal -0.995102 0.0988512 0
    outer loop
      vertex 26.6505 -52.2599 0.6
      vertex 26.6505 -52.2599 0
      vertex 26.58 -52.9696 0
    endloop
  endfacet
  facet normal -0.745938 -0.666016 0
    outer loop
      vertex 26.228 -51.7867 0.6
      vertex 26.6505 -52.2599 0
      vertex 26.6505 -52.2599 0.6
    endloop
  endfacet
  facet normal -0.745938 -0.666016 -0
    outer loop
      vertex 26.228 -51.7867 0.6
      vertex 26.228 -51.7867 0
      vertex 26.6505 -52.2599 0
    endloop
  endfacet
  facet normal -0.980888 -0.194575 0
    outer loop
      vertex 26.1576 -51.4318 0.6
      vertex 26.228 -51.7867 0
      vertex 26.228 -51.7867 0.6
    endloop
  endfacet
  facet normal -0.980888 -0.194575 -0
    outer loop
      vertex 26.1576 -51.4318 0.6
      vertex 26.1576 -51.4318 0
      vertex 26.228 -51.7867 0
    endloop
  endfacet
  facet normal -0.514445 -0.857524 0
    outer loop
      vertex 25.6647 -51.1361 0.6
      vertex 26.1576 -51.4318 0
      vertex 26.1576 -51.4318 0.6
    endloop
  endfacet
  facet normal -0.514445 -0.857524 -0
    outer loop
      vertex 25.6647 -51.1361 0.6
      vertex 25.6647 -51.1361 0
      vertex 26.1576 -51.4318 0
    endloop
  endfacet
  facet normal 0 -1 0
    outer loop
      vertex 25.3127 -51.1361 0.6
      vertex 25.6647 -51.1361 0
      vertex 25.6647 -51.1361 0.6
    endloop
  endfacet
  facet normal 0 -1 0
    outer loop
      vertex 25.3127 -51.1361 0.6
      vertex 25.3127 -51.1361 0
      vertex 25.6647 -51.1361 0
    endloop
  endfacet
  facet normal 0.422854 -0.906198 0
    outer loop
      vertex 24.679 -51.4318 0.6
      vertex 25.3127 -51.1361 0
      vertex 25.3127 -51.1361 0.6
    endloop
  endfacet
  facet normal 0.422854 -0.906198 0
    outer loop
      vertex 24.679 -51.4318 0.6
      vertex 24.679 -51.4318 0
      vertex 25.3127 -51.1361 0
    endloop
  endfacet
  facet normal -0.745719 -0.66626 0
    outer loop
      vertex 24.4677 -51.1953 0.6
      vertex 24.679 -51.4318 0
      vertex 24.679 -51.4318 0.6
    endloop
  endfacet
  facet normal -0.745719 -0.66626 -0
    outer loop
      vertex 24.4677 -51.1953 0.6
      vertex 24.4677 -51.1953 0
      vertex 24.679 -51.4318 0
    endloop
  endfacet
  facet normal -0.980888 0.194575 0
    outer loop
      vertex 24.5381 -50.8404 0.6
      vertex 24.4677 -51.1953 0
      vertex 24.4677 -51.1953 0.6
    endloop
  endfacet
  facet normal -0.980888 0.194575 0
    outer loop
      vertex 24.5381 -50.8404 0.6
      vertex 24.5381 -50.8404 0
      vertex 24.4677 -51.1953 0
    endloop
  endfacet
  facet normal -0.533235 -0.845967 0
    outer loop
      vertex 24.2565 -50.6629 0.6
      vertex 24.5381 -50.8404 0
      vertex 24.5381 -50.8404 0.6
    endloop
  endfacet
  facet normal -0.533235 -0.845967 -0
    outer loop
      vertex 24.2565 -50.6629 0.6
      vertex 24.2565 -50.6629 0
      vertex 24.5381 -50.8404 0
    endloop
  endfacet
  facet normal 0.488641 -0.872485 0
    outer loop
      vertex 22.7779 -51.491 0.6
      vertex 24.2565 -50.6629 0
      vertex 24.2565 -50.6629 0.6
    endloop
  endfacet
  facet normal 0.488641 -0.872485 0
    outer loop
      vertex 22.7779 -51.491 0.6
      vertex 22.7779 -51.491 0
      vertex 24.2565 -50.6629 0
    endloop
  endfacet
  facet normal 0.643135 0.765753 0
    outer loop
      vertex 23.3412 -51.9641 0.6
      vertex 22.7779 -51.491 0
      vertex 22.7779 -51.491 0.6
    endloop
  endfacet
  facet normal 0.643135 0.765753 0
    outer loop
      vertex 23.3412 -51.9641 0.6
      vertex 23.3412 -51.9641 0
      vertex 22.7779 -51.491 0
    endloop
  endfacet
  facet normal -0.0697786 0.997563 0
    outer loop
      vertex 24.1861 -51.905 0.6
      vertex 23.3412 -51.9641 0
      vertex 23.3412 -51.9641 0.6
    endloop
  endfacet
  facet normal -0.0697786 0.997563 0
    outer loop
      vertex 24.1861 -51.905 0.6
      vertex 24.1861 -51.905 0
      vertex 23.3412 -51.9641 0
    endloop
  endfacet
  facet normal 0.338645 0.940914 0
    outer loop
      vertex 24.679 -52.0824 0.6
      vertex 24.1861 -51.905 0
      vertex 24.1861 -51.905 0.6
    endloop
  endfacet
  facet normal 0.338645 0.940914 0
    outer loop
      vertex 24.679 -52.0824 0.6
      vertex 24.679 -52.0824 0
      vertex 24.1861 -51.905 0
    endloop
  endfacet
  facet normal 1 -0 0
    outer loop
      vertex 24.679 -52.319 0.6
      vertex 24.679 -52.0824 0
      vertex 24.679 -52.0824 0.6
    endloop
  endfacet
  facet normal 1 0 0
    outer loop
      vertex 24.679 -52.319 0.6
      vertex 24.679 -52.319 0
      vertex 24.679 -52.0824 0
    endloop
  endfacet
  facet normal 0.542722 -0.839912 0
    outer loop
      vertex 23.7636 -52.9105 0.6
      vertex 24.679 -52.319 0
      vertex 24.679 -52.319 0.6
    endloop
  endfacet
  facet normal 0.542722 -0.839912 0
    outer loop
      vertex 23.7636 -52.9105 0.6
      vertex 23.7636 -52.9105 0
      vertex 24.679 -52.319 0
    endloop
  endfacet
  facet normal 1 -0 0
    outer loop
      vertex 23.7636 -53.147 0.6
      vertex 23.7636 -52.9105 0
      vertex 23.7636 -52.9105 0.6
    endloop
  endfacet
  facet normal 1 0 0
    outer loop
      vertex 23.7636 -53.147 0.6
      vertex 23.7636 -53.147 0
      vertex 23.7636 -52.9105 0
    endloop
  endfacet
  facet normal 0.824301 0.566151 0
    outer loop
      vertex 24.8198 -54.6848 0.6
      vertex 23.7636 -53.147 0
      vertex 23.7636 -53.147 0.6
    endloop
  endfacet
  facet normal 0.824301 0.566151 0
    outer loop
      vertex 24.8198 -54.6848 0.6
      vertex 24.8198 -54.6848 0
      vertex 23.7636 -53.147 0
    endloop
  endfacet
  facet normal 0.979223 -0.202784 0
    outer loop
      vertex 24.5381 -56.0451 0.6
      vertex 24.8198 -54.6848 0
      vertex 24.8198 -54.6848 0.6
    endloop
  endfacet
  facet normal 0.979223 -0.202784 0
    outer loop
      vertex 24.5381 -56.0451 0.6
      vertex 24.5381 -56.0451 0
      vertex 24.8198 -54.6848 0
    endloop
  endfacet
  facet normal 0.838732 -0.544544 0
    outer loop
      vertex 24.1157 -56.6957 0.6
      vertex 24.5381 -56.0451 0
      vertex 24.5381 -56.0451 0.6
    endloop
  endfacet
  facet normal 0.838732 -0.544544 0
    outer loop
      vertex 24.1157 -56.6957 0.6
      vertex 24.1157 -56.6957 0
      vertex 24.5381 -56.0451 0
    endloop
  endfacet
  facet normal 0.699914 -0.714227 0
    outer loop
      vertex 22.8483 -57.9377 0.6
      vertex 24.1157 -56.6957 0
      vertex 24.1157 -56.6957 0.6
    endloop
  endfacet
  facet normal 0.699914 -0.714227 0
    outer loop
      vertex 22.8483 -57.9377 0.6
      vertex 22.8483 -57.9377 0
      vertex 24.1157 -56.6957 0
    endloop
  endfacet
  facet normal 0.432743 -0.901517 0
    outer loop
      vertex 21.8625 -58.4109 0.6
      vertex 22.8483 -57.9377 0
      vertex 22.8483 -57.9377 0.6
    endloop
  endfacet
  facet normal 0.432743 -0.901517 0
    outer loop
      vertex 21.8625 -58.4109 0.6
      vertex 21.8625 -58.4109 0
      vertex 22.8483 -57.9377 0
    endloop
  endfacet
  facet normal 0.165747 -0.986168 0
    outer loop
      vertex 20.8064 -58.5884 0.6
      vertex 21.8625 -58.4109 0
      vertex 21.8625 -58.4109 0.6
    endloop
  endfacet
  facet normal 0.165747 -0.986168 0
    outer loop
      vertex 20.8064 -58.5884 0.6
      vertex 20.8064 -58.5884 0
      vertex 21.8625 -58.4109 0
    endloop
  endfacet
  facet normal 0.40633 -0.913727 0
    outer loop
      vertex 19.6094 -59.1207 0.6
      vertex 20.8064 -58.5884 0
      vertex 20.8064 -58.5884 0.6
    endloop
  endfacet
  facet normal 0.40633 -0.913727 0
    outer loop
      vertex 19.6094 -59.1207 0.6
      vertex 19.6094 -59.1207 0
      vertex 20.8064 -58.5884 0
    endloop
  endfacet
  facet normal 0.859244 -0.511566 0
    outer loop
      vertex 19.2573 -59.7121 0.6
      vertex 19.6094 -59.1207 0
      vertex 19.6094 -59.1207 0.6
    endloop
  endfacet
  facet normal 0.859244 -0.511566 0
    outer loop
      vertex 19.2573 -59.7121 0.6
      vertex 19.2573 -59.7121 0
      vertex 19.6094 -59.1207 0
    endloop
  endfacet
  facet normal 0 -1 0
    outer loop
      vertex 18.8349 -59.7121 0.6
      vertex 19.2573 -59.7121 0
      vertex 19.2573 -59.7121 0.6
    endloop
  endfacet
  facet normal 0 -1 0
    outer loop
      vertex 18.8349 -59.7121 0.6
      vertex 18.8349 -59.7121 0
      vertex 19.2573 -59.7121 0
    endloop
  endfacet
  facet normal -0.890696 -0.454599 0
    outer loop
      vertex 18.6236 -59.2981 0.6
      vertex 18.8349 -59.7121 0
      vertex 18.8349 -59.7121 0.6
    endloop
  endfacet
  facet normal -0.890696 -0.454599 -0
    outer loop
      vertex 18.6236 -59.2981 0.6
      vertex 18.6236 -59.2981 0
      vertex 18.8349 -59.7121 0
    endloop
  endfacet
  facet normal -0.557852 -0.82994 0
    outer loop
      vertex 18.2716 -59.0615 0.6
      vertex 18.6236 -59.2981 0
      vertex 18.6236 -59.2981 0.6
    endloop
  endfacet
  facet normal -0.557852 -0.82994 -0
    outer loop
      vertex 18.2716 -59.0615 0.6
      vertex 18.2716 -59.0615 0
      vertex 18.6236 -59.2981 0
    endloop
  endfacet
  facet normal 0.165693 -0.986177 0
    outer loop
      vertex 17.5675 -59.1798 0.6
      vertex 18.2716 -59.0615 0
      vertex 18.2716 -59.0615 0.6
    endloop
  endfacet
  facet normal 0.165693 -0.986177 0
    outer loop
      vertex 17.5675 -59.1798 0.6
      vertex 17.5675 -59.1798 0
      vertex 18.2716 -59.0615 0
    endloop
  endfacet
  facet normal 0.59832 -0.801258 0
    outer loop
      vertex 16.9338 -59.653 0.6
      vertex 17.5675 -59.1798 0
      vertex 17.5675 -59.1798 0.6
    endloop
  endfacet
  facet normal 0.59832 -0.801258 0
    outer loop
      vertex 16.9338 -59.653 0.6
      vertex 16.9338 -59.653 0
      vertex 17.5675 -59.1798 0
    endloop
  endfacet
  facet normal 0.958454 -0.285247 0
    outer loop
      vertex 16.793 -60.1261 0.6
      vertex 16.9338 -59.653 0
      vertex 16.9338 -59.653 0.6
    endloop
  endfacet
  facet normal 0.958454 -0.285247 0
    outer loop
      vertex 16.793 -60.1261 0.6
      vertex 16.793 -60.1261 0
      vertex 16.9338 -59.653 0
    endloop
  endfacet
  facet normal 0.702143 0.712036 0
    outer loop
      vertex 18.4124 -61.723 0.6
      vertex 16.793 -60.1261 0
      vertex 16.793 -60.1261 0.6
    endloop
  endfacet
  facet normal 0.702143 0.712036 0
    outer loop
      vertex 18.4124 -61.723 0.6
      vertex 18.4124 -61.723 0
      vertex 16.793 -60.1261 0
    endloop
  endfacet
  facet normal 0.913174 0.40757 0
    outer loop
      vertex 18.6236 -62.1962 0.6
      vertex 18.4124 -61.723 0
      vertex 18.4124 -61.723 0.6
    endloop
  endfacet
  facet normal 0.913174 0.40757 0
    outer loop
      vertex 18.6236 -62.1962 0.6
      vertex 18.6236 -62.1962 0
      vertex 18.4124 -61.723 0
    endloop
  endfacet
  facet normal 1 -0 0
    outer loop
      vertex 18.6236 -62.9651 0.6
      vertex 18.6236 -62.1962 0
      vertex 18.6236 -62.1962 0.6
    endloop
  endfacet
  facet normal 1 0 0
    outer loop
      vertex 18.6236 -62.9651 0.6
      vertex 18.6236 -62.9651 0
      vertex 18.6236 -62.1962 0
    endloop
  endfacet
  facet normal 0.913174 -0.40757 0
    outer loop
      vertex 18.4124 -63.4383 0.6
      vertex 18.6236 -62.9651 0
      vertex 18.6236 -62.9651 0.6
    endloop
  endfacet
  facet normal 0.913174 -0.40757 0
    outer loop
      vertex 18.4124 -63.4383 0.6
      vertex 18.4124 -63.4383 0
      vertex 18.6236 -62.9651 0
    endloop
  endfacet
  facet normal 0.488558 -0.872531 0
    outer loop
      vertex 17.3562 -64.0297 0.6
      vertex 18.4124 -63.4383 0
      vertex 18.4124 -63.4383 0.6
    endloop
  endfacet
  facet normal 0.488558 -0.872531 0
    outer loop
      vertex 17.3562 -64.0297 0.6
      vertex 17.3562 -64.0297 0
      vertex 18.4124 -63.4383 0
    endloop
  endfacet
  facet normal 0.678653 -0.734459 0
    outer loop
      vertex 16.6521 -64.6803 0.6
      vertex 17.3562 -64.0297 0
      vertex 17.3562 -64.0297 0.6
    endloop
  endfacet
  facet normal 0.678653 -0.734459 0
    outer loop
      vertex 16.6521 -64.6803 0.6
      vertex 16.6521 -64.6803 0
      vertex 17.3562 -64.0297 0
    endloop
  endfacet
  facet normal 0 -1 0
    outer loop
      vertex 16.0888 -64.6803 0.6
      vertex 16.6521 -64.6803 0
      vertex 16.6521 -64.6803 0.6
    endloop
  endfacet
  facet normal 0 -1 0
    outer loop
      vertex 16.0888 -64.6803 0.6
      vertex 16.0888 -64.6803 0
      vertex 16.6521 -64.6803 0
    endloop
  endfacet
  facet normal -0.989113 -0.147155 0
    outer loop
      vertex 16.0184 -64.2071 0.6
      vertex 16.0888 -64.6803 0
      vertex 16.0888 -64.6803 0.6
    endloop
  endfacet
  facet normal -0.989113 -0.147155 -0
    outer loop
      vertex 16.0184 -64.2071 0.6
      vertex 16.0184 -64.2071 0
      vertex 16.0888 -64.6803 0
    endloop
  endfacet
  facet normal -0.464794 -0.885419 0
    outer loop
      vertex 15.4551 -63.9114 0.6
      vertex 16.0184 -64.2071 0
      vertex 16.0184 -64.2071 0.6
    endloop
  endfacet
  facet normal -0.464794 -0.885419 -0
    outer loop
      vertex 15.4551 -63.9114 0.6
      vertex 15.4551 -63.9114 0
      vertex 16.0184 -64.2071 0
    endloop
  endfacet
  facet normal -0.716405 -0.697685 0
    outer loop
      vertex 14.8215 -63.2608 0.6
      vertex 15.4551 -63.9114 0
      vertex 15.4551 -63.9114 0.6
    endloop
  endfacet
  facet normal -0.716405 -0.697685 -0
    outer loop
      vertex 14.8215 -63.2608 0.6
      vertex 14.8215 -63.2608 0
      vertex 15.4551 -63.9114 0
    endloop
  endfacet
  facet normal -0.439972 -0.898011 0
    outer loop
      vertex 13.9765 -62.8468 0.6
      vertex 14.8215 -63.2608 0
      vertex 14.8215 -63.2608 0.6
    endloop
  endfacet
  facet normal -0.439972 -0.898011 -0
    outer loop
      vertex 13.9765 -62.8468 0.6
      vertex 13.9765 -62.8468 0
      vertex 14.8215 -63.2608 0
    endloop
  endfacet
  facet normal 0.450053 -0.893002 0
    outer loop
      vertex 13.6245 -63.0242 0.6
      vertex 13.9765 -62.8468 0
      vertex 13.9765 -62.8468 0.6
    endloop
  endfacet
  facet normal 0.450053 -0.893002 0
    outer loop
      vertex 13.6245 -63.0242 0.6
      vertex 13.6245 -63.0242 0
      vertex 13.9765 -62.8468 0
    endloop
  endfacet
  facet normal 0.962924 -0.269772 0
    outer loop
      vertex 13.3428 -64.0297 0.6
      vertex 13.6245 -63.0242 0
      vertex 13.6245 -63.0242 0.6
    endloop
  endfacet
  facet normal 0.962924 -0.269772 0
    outer loop
      vertex 13.3428 -64.0297 0.6
      vertex 13.3428 -64.0297 0
      vertex 13.6245 -63.0242 0
    endloop
  endfacet
  facet normal 0.774657 0.632382 0
    outer loop
      vertex 15.0327 -66.0998 0.6
      vertex 13.3428 -64.0297 0
      vertex 13.3428 -64.0297 0.6
    endloop
  endfacet
  facet normal 0.774657 0.632382 0
    outer loop
      vertex 15.0327 -66.0998 0.6
      vertex 15.0327 -66.0998 0
      vertex 13.3428 -64.0297 0
    endloop
  endfacet
  facet normal 1 -0 0
    outer loop
      vertex 15.0327 -66.6321 0.6
      vertex 15.0327 -66.0998 0
      vertex 15.0327 -66.0998 0.6
    endloop
  endfacet
  facet normal 1 0 0
    outer loop
      vertex 15.0327 -66.6321 0.6
      vertex 15.0327 -66.6321 0
      vertex 15.0327 -66.0998 0
    endloop
  endfacet
  facet normal 0.387032 -0.922066 0
    outer loop
      vertex 14.8919 -66.6912 0.6
      vertex 15.0327 -66.6321 0
      vertex 15.0327 -66.6321 0.6
    endloop
  endfacet
  facet normal 0.387032 -0.922066 0
    outer loop
      vertex 14.8919 -66.6912 0.6
      vertex 14.8919 -66.6912 0
      vertex 15.0327 -66.6321 0
    endloop
  endfacet
  facet normal -0.459206 -0.88833 0
    outer loop
      vertex 13.9765 -66.218 0.6
      vertex 14.8919 -66.6912 0
      vertex 14.8919 -66.6912 0.6
    endloop
  endfacet
  facet normal -0.459206 -0.88833 -0
    outer loop
      vertex 13.9765 -66.218 0.6
      vertex 13.9765 -66.218 0
      vertex 14.8919 -66.6912 0
    endloop
  endfacet
  facet normal -0.917701 -0.397271 0
    outer loop
      vertex 13.6949 -65.5675 0.6
      vertex 13.9765 -66.218 0
      vertex 13.9765 -66.218 0.6
    endloop
  endfacet
  facet normal -0.917701 -0.397271 -0
    outer loop
      vertex 13.6949 -65.5675 0.6
      vertex 13.6949 -65.5675 0
      vertex 13.9765 -66.218 0
    endloop
  endfacet
  facet normal -0.692544 -0.721376 0
    outer loop
      vertex 12.7091 -64.6211 0.6
      vertex 13.6949 -65.5675 0
      vertex 13.6949 -65.5675 0.6
    endloop
  endfacet
  facet normal -0.692544 -0.721376 -0
    outer loop
      vertex 12.7091 -64.6211 0.6
      vertex 12.7091 -64.6211 0
      vertex 13.6949 -65.5675 0
    endloop
  endfacet
  facet normal -0.999159 0.0410102 0
    outer loop
      vertex 12.7795 -62.9059 0.6
      vertex 12.7091 -64.6211 0
      vertex 12.7091 -64.6211 0.6
    endloop
  endfacet
  facet normal -0.999159 0.0410102 0
    outer loop
      vertex 12.7795 -62.9059 0.6
      vertex 12.7795 -62.9059 0
      vertex 12.7091 -64.6211 0
    endloop
  endfacet
  facet normal -0.938026 -0.346564 0
    outer loop
      vertex 12.1458 -61.1907 0.6
      vertex 12.7795 -62.9059 0
      vertex 12.7795 -62.9059 0.6
    endloop
  endfacet
  facet normal -0.938026 -0.346564 -0
    outer loop
      vertex 12.1458 -61.1907 0.6
      vertex 12.1458 -61.1907 0
      vertex 12.7795 -62.9059 0
    endloop
  endfacet
  facet normal -0.432666 -0.901554 0
    outer loop
      vertex 11.653 -60.9542 0.6
      vertex 12.1458 -61.1907 0
      vertex 12.1458 -61.1907 0.6
    endloop
  endfacet
  facet normal -0.432666 -0.901554 -0
    outer loop
      vertex 11.653 -60.9542 0.6
      vertex 11.653 -60.9542 0
      vertex 12.1458 -61.1907 0
    endloop
  endfacet
  facet normal 0.488528 -0.872548 0
    outer loop
      vertex 11.0193 -61.309 0.6
      vertex 11.653 -60.9542 0
      vertex 11.653 -60.9542 0.6
    endloop
  endfacet
  facet normal 0.488528 -0.872548 0
    outer loop
      vertex 11.0193 -61.309 0.6
      vertex 11.0193 -61.309 0
      vertex 11.653 -60.9542 0
    endloop
  endfacet
  facet normal -0.11905 -0.992888 0
    outer loop
      vertex 10.5264 -61.2499 0.6
      vertex 11.0193 -61.309 0
      vertex 11.0193 -61.309 0.6
    endloop
  endfacet
  facet normal -0.11905 -0.992888 -0
    outer loop
      vertex 10.5264 -61.2499 0.6
      vertex 10.5264 -61.2499 0
      vertex 11.0193 -61.309 0
    endloop
  endfacet
  facet normal -0.923927 -0.38257 0
    outer loop
      vertex 9.9631 -59.8895 0.6
      vertex 10.5264 -61.2499 0
      vertex 10.5264 -61.2499 0.6
    endloop
  endfacet
  facet normal -0.923927 -0.38257 -0
    outer loop
      vertex 9.9631 -59.8895 0.6
      vertex 9.9631 -59.8895 0
      vertex 10.5264 -61.2499 0
    endloop
  endfacet
  facet normal -0.685208 -0.728348 0
    outer loop
      vertex 8.20284 -58.2335 0.6
      vertex 9.9631 -59.8895 0
      vertex 9.9631 -59.8895 0.6
    endloop
  endfacet
  facet normal -0.685208 -0.728348 -0
    outer loop
      vertex 8.20284 -58.2335 0.6
      vertex 8.20284 -58.2335 0
      vertex 9.9631 -59.8895 0
    endloop
  endfacet
  facet normal 0.138546 -0.990356 0
    outer loop
      vertex 7.78038 -58.2926 0.6
      vertex 8.20284 -58.2335 0
      vertex 8.20284 -58.2335 0.6
    endloop
  endfacet
  facet normal 0.138546 -0.990356 0
    outer loop
      vertex 7.78038 -58.2926 0.6
      vertex 7.78038 -58.2926 0
      vertex 8.20284 -58.2335 0
    endloop
  endfacet
  facet normal 0.533067 -0.846073 0
    outer loop
      vertex 7.21709 -58.6475 0.6
      vertex 7.78038 -58.2926 0
      vertex 7.78038 -58.2926 0.6
    endloop
  endfacet
  facet normal 0.533067 -0.846073 0
    outer loop
      vertex 7.21709 -58.6475 0.6
      vertex 7.21709 -58.6475 0
      vertex 7.78038 -58.2926 0
    endloop
  endfacet
  facet normal 0.0697761 -0.997563 0
    outer loop
      vertex 6.37216 -58.7066 0.6
      vertex 7.21709 -58.6475 0
      vertex 7.21709 -58.6475 0.6
    endloop
  endfacet
  facet normal 0.0697761 -0.997563 0
    outer loop
      vertex 6.37216 -58.7066 0.6
      vertex 6.37216 -58.7066 0
      vertex 7.21709 -58.6475 0
    endloop
  endfacet
  facet normal 0.895861 -0.444334 0
    outer loop
      vertex 6.02011 -59.4164 0.6
      vertex 6.37216 -58.7066 0
      vertex 6.37216 -58.7066 0.6
    endloop
  endfacet
  facet normal 0.895861 -0.444334 0
    outer loop
      vertex 6.02011 -59.4164 0.6
      vertex 6.02011 -59.4164 0
      vertex 6.37216 -58.7066 0
    endloop
  endfacet
  facet normal 0.585782 -0.810469 0
    outer loop
      vertex 2.99245 -61.6047 0.6
      vertex 6.02011 -59.4164 0
      vertex 6.02011 -59.4164 0.6
    endloop
  endfacet
  facet normal 0.585782 -0.810469 0
    outer loop
      vertex 2.99245 -61.6047 0.6
      vertex 2.99245 -61.6047 0
      vertex 6.02011 -59.4164 0
    endloop
  endfacet
  facet normal 0.992628 -0.121201 0
    outer loop
      vertex 2.7108 -63.9114 0.6
      vertex 2.99245 -61.6047 0
      vertex 2.99245 -61.6047 0.6
    endloop
  endfacet
  facet normal 0.992628 -0.121201 0
    outer loop
      vertex 2.7108 -63.9114 0.6
      vertex 2.7108 -63.9114 0
      vertex 2.99245 -61.6047 0
    endloop
  endfacet
  facet normal 0.665881 -0.746058 0
    outer loop
      vertex 1.58423 -64.9169 0.6
      vertex 2.7108 -63.9114 0
      vertex 2.7108 -63.9114 0.6
    endloop
  endfacet
  facet normal 0.665881 -0.746058 0
    outer loop
      vertex 1.58423 -64.9169 0.6
      vertex 1.58423 -64.9169 0
      vertex 2.7108 -63.9114 0
    endloop
  endfacet
  facet normal -0.183511 -0.983018 0
    outer loop
      vertex 0.950531 -64.7986 0.6
      vertex 1.58423 -64.9169 0
      vertex 1.58423 -64.9169 0.6
    endloop
  endfacet
  facet normal -0.183511 -0.983018 -0
    outer loop
      vertex 0.950531 -64.7986 0.6
      vertex 0.950531 -64.7986 0
      vertex 1.58423 -64.9169 0
    endloop
  endfacet
  facet normal -0.865702 -0.50056 0
    outer loop
      vertex -0.246429 -62.7285 0.6
      vertex 0.950531 -64.7986 0
      vertex 0.950531 -64.7986 0.6
    endloop
  endfacet
  facet normal -0.865702 -0.50056 -0
    outer loop
      vertex -0.246429 -62.7285 0.6
      vertex -0.246429 -62.7285 0
      vertex 0.950531 -64.7986 0
    endloop
  endfacet
  facet normal -0.91431 -0.405015 0
    outer loop
      vertex -1.373 -60.1853 0.6
      vertex -0.246429 -62.7285 0
      vertex -0.246429 -62.7285 0.6
    endloop
  endfacet
  facet normal -0.91431 -0.405015 -0
    outer loop
      vertex -1.373 -60.1853 0.6
      vertex -1.373 -60.1853 0
      vertex -0.246429 -62.7285 0
    endloop
  endfacet
  facet normal -0.992988 -0.118212 0
    outer loop
      vertex -1.51382 -59.0024 0.6
      vertex -1.373 -60.1853 0
      vertex -1.373 -60.1853 0.6
    endloop
  endfacet
  facet normal -0.992988 -0.118212 -0
    outer loop
      vertex -1.51382 -59.0024 0.6
      vertex -1.51382 -59.0024 0
      vertex -1.373 -60.1853 0
    endloop
  endfacet
  facet normal -0.533168 -0.84601 0
    outer loop
      vertex -1.79547 -58.8249 0.6
      vertex -1.51382 -59.0024 0
      vertex -1.51382 -59.0024 0.6
    endloop
  endfacet
  facet normal -0.533168 -0.84601 -0
    outer loop
      vertex -1.79547 -58.8249 0.6
      vertex -1.79547 -58.8249 0
      vertex -1.51382 -59.0024 0
    endloop
  endfacet
  facet normal 0.387356 -0.92193 0
    outer loop
      vertex -2.21793 -59.0024 0.6
      vertex -1.79547 -58.8249 0
      vertex -1.79547 -58.8249 0.6
    endloop
  endfacet
  facet normal 0.387356 -0.92193 0
    outer loop
      vertex -2.21793 -59.0024 0.6
      vertex -2.21793 -59.0024 0
      vertex -1.79547 -58.8249 0
    endloop
  endfacet
  facet normal -0.0762121 -0.997092 0
    outer loop
      vertex -2.99245 -58.9432 0.6
      vertex -2.21793 -59.0024 0
      vertex -2.21793 -59.0024 0.6
    endloop
  endfacet
  facet normal -0.0762121 -0.997092 -0
    outer loop
      vertex -2.99245 -58.9432 0.6
      vertex -2.99245 -58.9432 0
      vertex -2.21793 -59.0024 0
    endloop
  endfacet
  facet normal -0.643113 -0.765772 0
    outer loop
      vertex -3.41492 -58.5884 0.6
      vertex -2.99245 -58.9432 0
      vertex -2.99245 -58.9432 0.6
    endloop
  endfacet
  facet normal -0.643113 -0.765772 -0
    outer loop
      vertex -3.41492 -58.5884 0.6
      vertex -3.41492 -58.5884 0
      vertex -2.99245 -58.9432 0
    endloop
  endfacet
  facet normal -0.958459 -0.285229 0
    outer loop
      vertex -3.55574 -58.1152 0.6
      vertex -3.41492 -58.5884 0
      vertex -3.41492 -58.5884 0.6
    endloop
  endfacet
  facet normal -0.958459 -0.285229 -0
    outer loop
      vertex -3.55574 -58.1152 0.6
      vertex -3.55574 -58.1152 0
      vertex -3.41492 -58.5884 0
    endloop
  endfacet
  facet normal -0.620175 -0.784463 0
    outer loop
      vertex -4.75272 -57.1689 0.6
      vertex -3.55574 -58.1152 0
      vertex -3.55574 -58.1152 0.6
    endloop
  endfacet
  facet normal -0.620175 -0.784463 -0
    outer loop
      vertex -4.75272 -57.1689 0.6
      vertex -4.75272 -57.1689 0
      vertex -3.55574 -58.1152 0
    endloop
  endfacet
  facet normal -0.269648 -0.962959 0
    outer loop
      vertex -5.17519 -57.0506 0.6
      vertex -4.75272 -57.1689 0
      vertex -4.75272 -57.1689 0.6
    endloop
  endfacet
  facet normal -0.269648 -0.962959 -0
    outer loop
      vertex -5.17519 -57.0506 0.6
      vertex -5.17519 -57.0506 0
      vertex -4.75272 -57.1689 0
    endloop
  endfacet
  facet normal 0.104406 -0.994535 0
    outer loop
      vertex -6.86504 -57.228 0.6
      vertex -5.17519 -57.0506 0
      vertex -5.17519 -57.0506 0.6
    endloop
  endfacet
  facet normal 0.104406 -0.994535 0
    outer loop
      vertex -6.86504 -57.228 0.6
      vertex -6.86504 -57.228 0
      vertex -5.17519 -57.0506 0
    endloop
  endfacet
  facet normal -0.0289314 -0.999581 0
    outer loop
      vertex -8.90695 -57.1689 0.6
      vertex -6.86504 -57.228 0
      vertex -6.86504 -57.228 0.6
    endloop
  endfacet
  facet normal -0.0289314 -0.999581 -0
    outer loop
      vertex -8.90695 -57.1689 0.6
      vertex -8.90695 -57.1689 0
      vertex -6.86504 -57.228 0
    endloop
  endfacet
  facet normal 0.958437 -0.285303 0
    outer loop
      vertex -9.04778 -57.642 0.6
      vertex -8.90695 -57.1689 0
      vertex -8.90695 -57.1689 0.6
    endloop
  endfacet
  facet normal 0.958437 -0.285303 0
    outer loop
      vertex -9.04778 -57.642 0.6
      vertex -9.04778 -57.642 0
      vertex -8.90695 -57.1689 0
    endloop
  endfacet
  facet normal 0.709942 0.704261 0
    outer loop
      vertex -8.34366 -58.3518 0.6
      vertex -9.04778 -57.642 0
      vertex -9.04778 -57.642 0.6
    endloop
  endfacet
  facet normal 0.709942 0.704261 0
    outer loop
      vertex -8.34366 -58.3518 0.6
      vertex -8.34366 -58.3518 0
      vertex -9.04778 -57.642 0
    endloop
  endfacet
  facet normal 0.985844 0.167665 0
    outer loop
      vertex -8.27325 -58.7658 0.6
      vertex -8.34366 -58.3518 0
      vertex -8.34366 -58.3518 0.6
    endloop
  endfacet
  facet normal 0.985844 0.167665 0
    outer loop
      vertex -8.27325 -58.7658 0.6
      vertex -8.27325 -58.7658 0
      vertex -8.34366 -58.3518 0
    endloop
  endfacet
  facet normal 0.745925 -0.66603 0
    outer loop
      vertex -9.75188 -60.4218 0.6
      vertex -8.27325 -58.7658 0
      vertex -8.27325 -58.7658 0.6
    endloop
  endfacet
  facet normal 0.745925 -0.66603 0
    outer loop
      vertex -9.75188 -60.4218 0.6
      vertex -9.75188 -60.4218 0
      vertex -8.27325 -58.7658 0
    endloop
  endfacet
  facet normal 0.468683 -0.883366 0
    outer loop
      vertex -11.0897 -61.1316 0.6
      vertex -9.75188 -60.4218 0
      vertex -9.75188 -60.4218 0.6
    endloop
  endfacet
  facet normal 0.468683 -0.883366 0
    outer loop
      vertex -11.0897 -61.1316 0.6
      vertex -11.0897 -61.1316 0
      vertex -9.75188 -60.4218 0
    endloop
  endfacet
  facet normal 0.223269 -0.974757 0
    outer loop
      vertex -11.8642 -61.309 0.6
      vertex -11.0897 -61.1316 0
      vertex -11.0897 -61.1316 0.6
    endloop
  endfacet
  facet normal 0.223269 -0.974757 0
    outer loop
      vertex -11.8642 -61.309 0.6
      vertex -11.8642 -61.309 0
      vertex -11.0897 -61.1316 0
    endloop
  endfacet
  facet normal 0.643186 -0.76571 0
    outer loop
      vertex -12.4979 -61.8413 0.6
      vertex -11.8642 -61.309 0
      vertex -11.8642 -61.309 0.6
    endloop
  endfacet
  facet normal 0.643186 -0.76571 0
    outer loop
      vertex -12.4979 -61.8413 0.6
      vertex -12.4979 -61.8413 0
      vertex -11.8642 -61.309 0
    endloop
  endfacet
  facet normal 0.2792 -0.960233 0
    outer loop
      vertex -16.1593 -62.9059 0.6
      vertex -12.4979 -61.8413 0
      vertex -12.4979 -61.8413 0.6
    endloop
  endfacet
  facet normal 0.2792 -0.960233 0
    outer loop
      vertex -16.1593 -62.9059 0.6
      vertex -16.1593 -62.9059 0
      vertex -12.4979 -61.8413 0
    endloop
  endfacet
  facet normal -0.450053 -0.893002 0
    outer loop
      vertex -16.5113 -62.7285 0.6
      vertex -16.1593 -62.9059 0
      vertex -16.1593 -62.9059 0.6
    endloop
  endfacet
  facet normal -0.450053 -0.893002 -0
    outer loop
      vertex -16.5113 -62.7285 0.6
      vertex -16.5113 -62.7285 0
      vertex -16.1593 -62.9059 0
    endloop
  endfacet
  facet normal -0.859346 -0.511394 0
    outer loop
      vertex -16.7225 -62.3736 0.6
      vertex -16.5113 -62.7285 0
      vertex -16.5113 -62.7285 0.6
    endloop
  endfacet
  facet normal -0.859346 -0.511394 -0
    outer loop
      vertex -16.7225 -62.3736 0.6
      vertex -16.7225 -62.3736 0
      vertex -16.5113 -62.7285 0
    endloop
  endfacet
  facet normal -0.977358 -0.211591 0
    outer loop
      vertex -17.0042 -61.0724 0.6
      vertex -16.7225 -62.3736 0
      vertex -16.7225 -62.3736 0.6
    endloop
  endfacet
  facet normal -0.977358 -0.211591 -0
    outer loop
      vertex -17.0042 -61.0724 0.6
      vertex -17.0042 -61.0724 0
      vertex -16.7225 -62.3736 0
    endloop
  endfacet
  facet normal -0.794115 -0.607767 0
    outer loop
      vertex -17.6379 -60.2444 0.6
      vertex -17.0042 -61.0724 0
      vertex -17.0042 -61.0724 0.6
    endloop
  endfacet
  facet normal -0.794115 -0.607767 -0
    outer loop
      vertex -17.6379 -60.2444 0.6
      vertex -17.6379 -60.2444 0
      vertex -17.0042 -61.0724 0
    endloop
  endfacet
  facet normal -0.612756 -0.790272 0
    outer loop
      vertex -18.5532 -59.5347 0.6
      vertex -17.6379 -60.2444 0
      vertex -17.6379 -60.2444 0.6
    endloop
  endfacet
  facet normal -0.612756 -0.790272 -0
    outer loop
      vertex -18.5532 -59.5347 0.6
      vertex -18.5532 -59.5347 0
      vertex -17.6379 -60.2444 0
    endloop
  endfacet
  facet normal -0.954259 -0.298981 0
    outer loop
      vertex -18.9053 -58.4109 0.6
      vertex -18.5532 -59.5347 0
      vertex -18.5532 -59.5347 0.6
    endloop
  endfacet
  facet normal -0.954259 -0.298981 -0
    outer loop
      vertex -18.9053 -58.4109 0.6
      vertex -18.9053 -58.4109 0
      vertex -18.5532 -59.5347 0
    endloop
  endfacet
  facet normal -0.643184 -0.765712 0
    outer loop
      vertex -19.7502 -57.7012 0.6
      vertex -18.9053 -58.4109 0
      vertex -18.9053 -58.4109 0.6
    endloop
  endfacet
  facet normal -0.643184 -0.765712 -0
    outer loop
      vertex -19.7502 -57.7012 0.6
      vertex -19.7502 -57.7012 0
      vertex -18.9053 -58.4109 0
    endloop
  endfacet
  facet normal -0.902851 -0.429953 0
    outer loop
      vertex -20.1727 -56.814 0.6
      vertex -19.7502 -57.7012 0
      vertex -19.7502 -57.7012 0.6
    endloop
  endfacet
  facet normal -0.902851 -0.429953 -0
    outer loop
      vertex -20.1727 -56.814 0.6
      vertex -20.1727 -56.814 0
      vertex -19.7502 -57.7012 0
    endloop
  endfacet
  facet normal -0.643198 -0.7657 0
    outer loop
      vertex -21.1584 -55.986 0.6
      vertex -20.1727 -56.814 0
      vertex -20.1727 -56.814 0.6
    endloop
  endfacet
  facet normal -0.643198 -0.7657 -0
    outer loop
      vertex -21.1584 -55.986 0.6
      vertex -21.1584 -55.986 0
      vertex -20.1727 -56.814 0
    endloop
  endfacet
  facet normal -0.978645 -0.205559 0
    outer loop
      vertex -21.3696 -54.9805 0.6
      vertex -21.1584 -55.986 0
      vertex -21.1584 -55.986 0.6
    endloop
  endfacet
  facet normal -0.978645 -0.205559 -0
    outer loop
      vertex -21.3696 -54.9805 0.6
      vertex -21.3696 -54.9805 0
      vertex -21.1584 -55.986 0
    endloop
  endfacet
  facet normal -0.686889 0.726763 0
    outer loop
      vertex -20.8064 -54.4482 0.6
      vertex -21.3696 -54.9805 0
      vertex -21.3696 -54.9805 0.6
    endloop
  endfacet
  facet normal -0.686889 0.726763 0
    outer loop
      vertex -20.8064 -54.4482 0.6
      vertex -20.8064 -54.4482 0
      vertex -21.3696 -54.9805 0
    endloop
  endfacet
  facet normal -0.921906 0.387413 0
    outer loop
      vertex -20.3839 -53.4428 0.6
      vertex -20.8064 -54.4482 0
      vertex -20.8064 -54.4482 0.6
    endloop
  endfacet
  facet normal -0.921906 0.387413 0
    outer loop
      vertex -20.3839 -53.4428 0.6
      vertex -20.3839 -53.4428 0
      vertex -20.8064 -54.4482 0
    endloop
  endfacet
  facet normal -0.995117 0.0986986 0
    outer loop
      vertex -20.3135 -52.733 0.6
      vertex -20.3839 -53.4428 0
      vertex -20.3839 -53.4428 0.6
    endloop
  endfacet
  facet normal -0.995117 0.0986986 0
    outer loop
      vertex -20.3135 -52.733 0.6
      vertex -20.3135 -52.733 0
      vertex -20.3839 -53.4428 0
    endloop
  endfacet
  facet normal -0.53302 -0.846102 0
    outer loop
      vertex -20.5951 -52.5556 0.6
      vertex -20.3135 -52.733 0
      vertex -20.3135 -52.733 0.6
    endloop
  endfacet
  facet normal -0.53302 -0.846102 -0
    outer loop
      vertex -20.5951 -52.5556 0.6
      vertex -20.5951 -52.5556 0
      vertex -20.3135 -52.733 0
    endloop
  endfacet
  facet normal 0.269599 -0.962973 0
    outer loop
      vertex -21.6513 -52.8513 0.6
      vertex -20.5951 -52.5556 0
      vertex -20.5951 -52.5556 0.6
    endloop
  endfacet
  facet normal 0.269599 -0.962973 0
    outer loop
      vertex -21.6513 -52.8513 0.6
      vertex -21.6513 -52.8513 0
      vertex -20.5951 -52.5556 0
    endloop
  endfacet
  facet normal -0.088085 -0.996113 0
    outer loop
      vertex -22.9891 -52.733 0.6
      vertex -21.6513 -52.8513 0
      vertex -21.6513 -52.8513 0.6
    endloop
  endfacet
  facet normal -0.088085 -0.996113 -0
    outer loop
      vertex -22.9891 -52.733 0.6
      vertex -22.9891 -52.733 0
      vertex -21.6513 -52.8513 0
    endloop
  endfacet
  facet normal 0.26972 -0.962939 0
    outer loop
      vertex -23.6228 -52.9105 0.6
      vertex -22.9891 -52.733 0
      vertex -22.9891 -52.733 0.6
    endloop
  endfacet
  facet normal 0.26972 -0.962939 0
    outer loop
      vertex -23.6228 -52.9105 0.6
      vertex -23.6228 -52.9105 0
      vertex -22.9891 -52.733 0
    endloop
  endfacet
  facet normal -0.205529 -0.978651 0
    outer loop
      vertex -24.1861 -52.7922 0.6
      vertex -23.6228 -52.9105 0
      vertex -23.6228 -52.9105 0.6
    endloop
  endfacet
  facet normal -0.205529 -0.978651 -0
    outer loop
      vertex -24.1861 -52.7922 0.6
      vertex -24.1861 -52.7922 0
      vertex -23.6228 -52.9105 0
    endloop
  endfacet
  facet normal -0.514573 -0.857447 0
    outer loop
      vertex -24.679 -52.4964 0.6
      vertex -24.1861 -52.7922 0
      vertex -24.1861 -52.7922 0.6
    endloop
  endfacet
  facet normal -0.514573 -0.857447 -0
    outer loop
      vertex -24.679 -52.4964 0.6
      vertex -24.679 -52.4964 0
      vertex -24.1861 -52.7922 0
    endloop
  endfacet
  facet normal -0.802294 -0.59693 0
    outer loop
      vertex -25.031 -52.0233 0.6
      vertex -24.679 -52.4964 0
      vertex -24.679 -52.4964 0.6
    endloop
  endfacet
  facet normal -0.802294 -0.59693 -0
    outer loop
      vertex -25.031 -52.0233 0.6
      vertex -25.031 -52.0233 0
      vertex -24.679 -52.4964 0
    endloop
  endfacet
  facet normal -0.98764 -0.15674 0
    outer loop
      vertex -25.1718 -51.1361 0.6
      vertex -25.031 -52.0233 0
      vertex -25.031 -52.0233 0.6
    endloop
  endfacet
  facet normal -0.98764 -0.15674 -0
    outer loop
      vertex -25.1718 -51.1361 0.6
      vertex -25.1718 -51.1361 0
      vertex -25.031 -52.0233 0
    endloop
  endfacet
  facet normal -0.53306 -0.846077 0
    outer loop
      vertex -25.7351 -50.7812 0.6
      vertex -25.1718 -51.1361 0
      vertex -25.1718 -51.1361 0.6
    endloop
  endfacet
  facet normal -0.53306 -0.846077 -0
    outer loop
      vertex -25.7351 -50.7812 0.6
      vertex -25.7351 -50.7812 0
      vertex -25.1718 -51.1361 0
    endloop
  endfacet
  facet normal 0 -1 0
    outer loop
      vertex -26.0872 -50.7812 0.6
      vertex -25.7351 -50.7812 0
      vertex -25.7351 -50.7812 0.6
    endloop
  endfacet
  facet normal 0 -1 0
    outer loop
      vertex -26.0872 -50.7812 0.6
      vertex -26.0872 -50.7812 0
      vertex -25.7351 -50.7812 0
    endloop
  endfacet
  facet normal 0.53306 -0.846077 0
    outer loop
      vertex -26.6505 -51.1361 0.6
      vertex -26.0872 -50.7812 0
      vertex -26.0872 -50.7812 0.6
    endloop
  endfacet
  facet normal 0.53306 -0.846077 0
    outer loop
      vertex -26.6505 -51.1361 0.6
      vertex -26.6505 -51.1361 0
      vertex -26.0872 -50.7812 0
    endloop
  endfacet
  facet normal 0.943807 0.330497 0
    outer loop
      vertex -26.2984 -52.1416 0.6
      vertex -26.6505 -51.1361 0
      vertex -26.6505 -51.1361 0.6
    endloop
  endfacet
  facet normal 0.943807 0.330497 0
    outer loop
      vertex -26.2984 -52.1416 0.6
      vertex -26.2984 -52.1416 0
      vertex -26.6505 -51.1361 0
    endloop
  endfacet
  facet normal 0.440014 -0.897991 0
    outer loop
      vertex -27.1433 -52.5556 0.6
      vertex -26.2984 -52.1416 0
      vertex -26.2984 -52.1416 0.6
    endloop
  endfacet
  facet normal 0.440014 -0.897991 0
    outer loop
      vertex -27.1433 -52.5556 0.6
      vertex -27.1433 -52.5556 0
      vertex -26.2984 -52.1416 0
    endloop
  endfacet
  facet normal -0.592213 -0.805782 0
    outer loop
      vertex -27.7066 -52.1416 0.6
      vertex -27.1433 -52.5556 0
      vertex -27.1433 -52.5556 0.6
    endloop
  endfacet
  facet normal -0.592213 -0.805782 -0
    outer loop
      vertex -27.7066 -52.1416 0.6
      vertex -27.7066 -52.1416 0
      vertex -27.1433 -52.5556 0
    endloop
  endfacet
  facet normal -0.958471 -0.285192 0
    outer loop
      vertex -27.8474 -51.6684 0.6
      vertex -27.7066 -52.1416 0
      vertex -27.7066 -52.1416 0.6
    endloop
  endfacet
  facet normal -0.958471 -0.285192 -0
    outer loop
      vertex -27.8474 -51.6684 0.6
      vertex -27.8474 -51.6684 0
      vertex -27.7066 -52.1416 0
    endloop
  endfacet
  facet normal -0.699885 -0.714255 0
    outer loop
      vertex -28.2699 -51.2544 0.6
      vertex -27.8474 -51.6684 0
      vertex -27.8474 -51.6684 0.6
    endloop
  endfacet
  facet normal -0.699885 -0.714255 -0
    outer loop
      vertex -28.2699 -51.2544 0.6
      vertex -28.2699 -51.2544 0
      vertex -27.8474 -51.6684 0
    endloop
  endfacet
  facet normal -0.962949 -0.269683 0
    outer loop
      vertex -28.5515 -50.2489 0.6
      vertex -28.2699 -51.2544 0
      vertex -28.2699 -51.2544 0.6
    endloop
  endfacet
  facet normal -0.962949 -0.269683 -0
    outer loop
      vertex -28.5515 -50.2489 0.6
      vertex -28.5515 -50.2489 0
      vertex -28.2699 -51.2544 0
    endloop
  endfacet
  facet normal -0.549897 -0.835233 0
    outer loop
      vertex -31.1567 -48.5337 0.6
      vertex -28.5515 -50.2489 0
      vertex -28.5515 -50.2489 0.6
    endloop
  endfacet
  facet normal -0.549897 -0.835233 -0
    outer loop
      vertex -31.1567 -48.5337 0.6
      vertex -31.1567 -48.5337 0
      vertex -28.5515 -50.2489 0
    endloop
  endfacet
  facet normal 0.5331 -0.846052 0
    outer loop
      vertex -31.4384 -48.7112 0.6
      vertex -31.1567 -48.5337 0
      vertex -31.1567 -48.5337 0.6
    endloop
  endfacet
  facet normal 0.5331 -0.846052 0
    outer loop
      vertex -31.4384 -48.7112 0.6
      vertex -31.4384 -48.7112 0
      vertex -31.1567 -48.5337 0
    endloop
  endfacet
  facet normal 0.991367 0.131115 0
    outer loop
      vertex -31.368 -49.2435 0.6
      vertex -31.4384 -48.7112 0
      vertex -31.4384 -48.7112 0.6
    endloop
  endfacet
  facet normal 0.991367 0.131115 0
    outer loop
      vertex -31.368 -49.2435 0.6
      vertex -31.368 -49.2435 0
      vertex -31.4384 -48.7112 0
    endloop
  endfacet
  facet normal 0.730307 0.683119 0
    outer loop
      vertex -30.5935 -50.0715 0.6
      vertex -31.368 -49.2435 0
      vertex -31.368 -49.2435 0.6
    endloop
  endfacet
  facet normal 0.730307 0.683119 0
    outer loop
      vertex -30.5935 -50.0715 0.6
      vertex -30.5935 -50.0715 0
      vertex -31.368 -49.2435 0
    endloop
  endfacet
  facet normal 0.479206 0.877703 0
    outer loop
      vertex -29.1852 -50.8404 0.6
      vertex -30.5935 -50.0715 0
      vertex -30.5935 -50.0715 0.6
    endloop
  endfacet
  facet normal 0.479206 0.877703 0
    outer loop
      vertex -29.1852 -50.8404 0.6
      vertex -29.1852 -50.8404 0
      vertex -30.5935 -50.0715 0
    endloop
  endfacet
  facet normal 0.958471 -0.285192 0
    outer loop
      vertex -29.2556 -51.077 0.6
      vertex -29.1852 -50.8404 0
      vertex -29.1852 -50.8404 0.6
    endloop
  endfacet
  facet normal 0.958471 -0.285192 0
    outer loop
      vertex -29.2556 -51.077 0.6
      vertex -29.2556 -51.077 0
      vertex -29.1852 -50.8404 0
    endloop
  endfacet
  facet normal 0.449951 -0.893053 0
    outer loop
      vertex -29.6077 -51.2544 0.6
      vertex -29.2556 -51.077 0
      vertex -29.2556 -51.077 0.6
    endloop
  endfacet
  facet normal 0.449951 -0.893053 0
    outer loop
      vertex -29.6077 -51.2544 0.6
      vertex -29.6077 -51.2544 0
      vertex -29.2556 -51.077 0
    endloop
  endfacet
  facet normal 0.989113 -0.147155 0
    outer loop
      vertex -29.6781 -51.7276 0.6
      vertex -29.6077 -51.2544 0
      vertex -29.6077 -51.2544 0.6
    endloop
  endfacet
  facet normal 0.989113 -0.147155 0
    outer loop
      vertex -29.6781 -51.7276 0.6
      vertex -29.6781 -51.7276 0
      vertex -29.6077 -51.2544 0
    endloop
  endfacet
  facet normal 0.64311 -0.765773 0
    outer loop
      vertex -30.0302 -52.0233 0.6
      vertex -29.6781 -51.7276 0
      vertex -29.6781 -51.7276 0.6
    endloop
  endfacet
  facet normal 0.64311 -0.765773 0
    outer loop
      vertex -30.0302 -52.0233 0.6
      vertex -30.0302 -52.0233 0
      vertex -29.6781 -51.7276 0
    endloop
  endfacet
  facet normal -0.909249 -0.416252 0
    outer loop
      vertex -30.3822 -51.2544 0.6
      vertex -30.0302 -52.0233 0
      vertex -30.0302 -52.0233 0.6
    endloop
  endfacet
  facet normal -0.909249 -0.416252 -0
    outer loop
      vertex -30.3822 -51.2544 0.6
      vertex -30.3822 -51.2544 0
      vertex -30.0302 -52.0233 0
    endloop
  endfacet
  facet normal -0.542711 -0.83992 0
    outer loop
      vertex -32.2129 -50.0715 0.6
      vertex -30.3822 -51.2544 0
      vertex -30.3822 -51.2544 0.6
    endloop
  endfacet
  facet normal -0.542711 -0.83992 -0
    outer loop
      vertex -32.2129 -50.0715 0.6
      vertex -32.2129 -50.0715 0
      vertex -30.3822 -51.2544 0
    endloop
  endfacet
  facet normal -0.841871 -0.539678 0
    outer loop
      vertex -32.7058 -49.3026 0.6
      vertex -32.2129 -50.0715 0
      vertex -32.2129 -50.0715 0.6
    endloop
  endfacet
  facet normal -0.841871 -0.539678 -0
    outer loop
      vertex -32.7058 -49.3026 0.6
      vertex -32.7058 -49.3026 0
      vertex -32.2129 -50.0715 0
    endloop
  endfacet
  facet normal -0.138664 -0.990339 0
    outer loop
      vertex -33.5507 -49.1843 0.6
      vertex -32.7058 -49.3026 0
      vertex -32.7058 -49.3026 0.6
    endloop
  endfacet
  facet normal -0.138664 -0.990339 -0
    outer loop
      vertex -33.5507 -49.1843 0.6
      vertex -33.5507 -49.1843 0
      vertex -32.7058 -49.3026 0
    endloop
  endfacet
  facet normal 0.432743 -0.901517 0
    outer loop
      vertex -34.5365 -49.6575 0.6
      vertex -33.5507 -49.1843 0
      vertex -33.5507 -49.1843 0.6
    endloop
  endfacet
  facet normal 0.432743 -0.901517 0
    outer loop
      vertex -34.5365 -49.6575 0.6
      vertex -34.5365 -49.6575 0
      vertex -33.5507 -49.1843 0
    endloop
  endfacet
  facet normal -0.0494007 -0.998779 0
    outer loop
      vertex -35.7334 -49.5983 0.6
      vertex -34.5365 -49.6575 0
      vertex -34.5365 -49.6575 0.6
    endloop
  endfacet
  facet normal -0.0494007 -0.998779 -0
    outer loop
      vertex -35.7334 -49.5983 0.6
      vertex -35.7334 -49.5983 0
      vertex -34.5365 -49.6575 0
    endloop
  endfacet
  facet normal 0.724155 -0.689637 0
    outer loop
      vertex -36.0151 -49.8941 0.6
      vertex -35.7334 -49.5983 0
      vertex -35.7334 -49.5983 0.6
    endloop
  endfacet
  facet normal 0.724155 -0.689637 0
    outer loop
      vertex -36.0151 -49.8941 0.6
      vertex -36.0151 -49.8941 0
      vertex -35.7334 -49.5983 0
    endloop
  endfacet
  facet normal 0.985848 -0.167642 0
    outer loop
      vertex -36.0855 -50.3081 0.6
      vertex -36.0151 -49.8941 0
      vertex -36.0151 -49.8941 0.6
    endloop
  endfacet
  facet normal 0.985848 -0.167642 0
    outer loop
      vertex -36.0855 -50.3081 0.6
      vertex -36.0855 -50.3081 0
      vertex -36.0151 -49.8941 0
    endloop
  endfacet
  facet normal 0.546933 -0.837177 0
    outer loop
      vertex -37.3529 -51.1361 0.6
      vertex -36.0855 -50.3081 0
      vertex -36.0855 -50.3081 0.6
    endloop
  endfacet
  facet normal 0.546933 -0.837177 0
    outer loop
      vertex -37.3529 -51.1361 0.6
      vertex -37.3529 -51.1361 0
      vertex -36.0855 -50.3081 0
    endloop
  endfacet
  facet normal 0.921953 -0.387303 0
    outer loop
      vertex -37.7753 -52.1416 0.6
      vertex -37.3529 -51.1361 0
      vertex -37.3529 -51.1361 0.6
    endloop
  endfacet
  facet normal 0.921953 -0.387303 0
    outer loop
      vertex -37.7753 -52.1416 0.6
      vertex -37.7753 -52.1416 0
      vertex -37.3529 -51.1361 0
    endloop
  endfacet
  facet normal 0.521236 -0.853413 0
    outer loop
      vertex -38.5499 -52.6147 0.6
      vertex -37.7753 -52.1416 0
      vertex -37.7753 -52.1416 0.6
    endloop
  endfacet
  facet normal 0.521236 -0.853413 0
    outer loop
      vertex -38.5499 -52.6147 0.6
      vertex -38.5499 -52.6147 0
      vertex -37.7753 -52.1416 0
    endloop
  endfacet
  facet normal 0.212831 -0.977089 0
    outer loop
      vertex -40.451 -53.0288 0.6
      vertex -38.5499 -52.6147 0
      vertex -38.5499 -52.6147 0.6
    endloop
  endfacet
  facet normal 0.212831 -0.977089 0
    outer loop
      vertex -40.451 -53.0288 0.6
      vertex -40.451 -53.0288 0
      vertex -38.5499 -52.6147 0
    endloop
  endfacet
  facet normal -0.643257 -0.76565 0
    outer loop
      vertex -41.0847 -52.4964 0.6
      vertex -40.451 -53.0288 0
      vertex -40.451 -53.0288 0.6
    endloop
  endfacet
  facet normal -0.643257 -0.76565 -0
    outer loop
      vertex -41.0847 -52.4964 0.6
      vertex -41.0847 -52.4964 0
      vertex -40.451 -53.0288 0
    endloop
  endfacet
  facet normal -0.307419 -0.951574 0
    outer loop
      vertex -42 -52.2007 0.6
      vertex -41.0847 -52.4964 0
      vertex -41.0847 -52.4964 0.6
    endloop
  endfacet
  facet normal -0.307419 -0.951574 -0
    outer loop
      vertex -42 -52.2007 0.6
      vertex -42 -52.2007 0
      vertex -41.0847 -52.4964 0
    endloop
  endfacet
  facet normal -1 -0 0
    outer loop
      vertex -42 -51.3135 0.6
      vertex -42 -52.2007 0
      vertex -42 -52.2007 0.6
    endloop
  endfacet
  facet normal -1 0 -0
    outer loop
      vertex -42 -51.3135 0.6
      vertex -42 -51.3135 0
      vertex -42 -52.2007 0
    endloop
  endfacet
  facet normal -0.902832 0.429993 0
    outer loop
      vertex -41.5775 -50.4264 0.6
      vertex -42 -51.3135 0
      vertex -42 -51.3135 0.6
    endloop
  endfacet
  facet normal -0.902832 0.429993 0
    outer loop
      vertex -41.5775 -50.4264 0.6
      vertex -41.5775 -50.4264 0
      vertex -42 -51.3135 0
    endloop
  endfacet
  facet normal -0.997821 -0.065984 0
    outer loop
      vertex -41.6479 -49.3618 0.6
      vertex -41.5775 -50.4264 0
      vertex -41.5775 -50.4264 0.6
    endloop
  endfacet
  facet normal -0.997821 -0.065984 -0
    outer loop
      vertex -41.6479 -49.3618 0.6
      vertex -41.6479 -49.3618 0
      vertex -41.5775 -50.4264 0
    endloop
  endfacet
  facet normal -0.488691 0.872457 0
    outer loop
      vertex -41.2255 -49.1252 0.6
      vertex -41.6479 -49.3618 0
      vertex -41.6479 -49.3618 0.6
    endloop
  endfacet
  facet normal -0.488691 0.872457 0
    outer loop
      vertex -41.2255 -49.1252 0.6
      vertex -41.2255 -49.1252 0
      vertex -41.6479 -49.3618 0
    endloop
  endfacet
  facet normal 0.104432 0.994532 0
    outer loop
      vertex -38.9723 -49.3618 0.6
      vertex -41.2255 -49.1252 0
      vertex -41.2255 -49.1252 0.6
    endloop
  endfacet
  facet normal 0.104432 0.994532 0
    outer loop
      vertex -38.9723 -49.3618 0.6
      vertex -38.9723 -49.3618 0
      vertex -41.2255 -49.1252 0
    endloop
  endfacet
  facet normal -0.0762141 0.997091 0
    outer loop
      vertex -38.1978 -49.3026 0.6
      vertex -38.9723 -49.3618 0
      vertex -38.9723 -49.3618 0.6
    endloop
  endfacet
  facet normal -0.0762141 0.997091 0
    outer loop
      vertex -38.1978 -49.3026 0.6
      vertex -38.1978 -49.3026 0
      vertex -38.9723 -49.3618 0
    endloop
  endfacet
  facet normal -0.802294 0.59693 0
    outer loop
      vertex -37.8458 -48.8295 0.6
      vertex -38.1978 -49.3026 0
      vertex -38.1978 -49.3026 0.6
    endloop
  endfacet
  facet normal -0.802294 0.59693 0
    outer loop
      vertex -37.8458 -48.8295 0.6
      vertex -37.8458 -48.8295 0
      vertex -38.1978 -49.3026 0
    endloop
  endfacet
  facet normal -1 -0 0
    outer loop
      vertex -37.8458 -48.0606 0.6
      vertex -37.8458 -48.8295 0
      vertex -37.8458 -48.8295 0.6
    endloop
  endfacet
  facet normal -1 0 -0
    outer loop
      vertex -37.8458 -48.0606 0.6
      vertex -37.8458 -48.0606 0
      vertex -37.8458 -48.8295 0
    endloop
  endfacet
  facet normal -0.643186 -0.76571 0
    outer loop
      vertex -39.1132 -46.996 0.6
      vertex -37.8458 -48.0606 0
      vertex -37.8458 -48.0606 0.6
    endloop
  endfacet
  facet normal -0.643186 -0.76571 -0
    outer loop
      vertex -39.1132 -46.996 0.6
      vertex -39.1132 -46.996 0
      vertex -37.8458 -48.0606 0
    endloop
  endfacet
  facet normal -0.506897 0.862007 0
    outer loop
      vertex -38.409 -46.5819 0.6
      vertex -39.1132 -46.996 0
      vertex -39.1132 -46.996 0.6
    endloop
  endfacet
  facet normal -0.506897 0.862007 0
    outer loop
      vertex -38.409 -46.5819 0.6
      vertex -38.409 -46.5819 0
      vertex -39.1132 -46.996 0
    endloop
  endfacet
  facet normal -0.0465803 0.998915 0
    outer loop
      vertex -37.1416 -46.5228 0.6
      vertex -38.409 -46.5819 0
      vertex -38.409 -46.5819 0.6
    endloop
  endfacet
  facet normal -0.0465803 0.998915 0
    outer loop
      vertex -37.1416 -46.5228 0.6
      vertex -37.1416 -46.5228 0
      vertex -38.409 -46.5819 0
    endloop
  endfacet
  facet normal -0.686889 0.726763 0
    outer loop
      vertex -36.5784 -45.9905 0.6
      vertex -37.1416 -46.5228 0
      vertex -37.1416 -46.5228 0.6
    endloop
  endfacet
  facet normal -0.686889 0.726763 0
    outer loop
      vertex -36.5784 -45.9905 0.6
      vertex -36.5784 -45.9905 0
      vertex -37.1416 -46.5228 0
    endloop
  endfacet
  facet normal -0.387204 0.921994 0
    outer loop
      vertex -35.5926 -45.5765 0.6
      vertex -36.5784 -45.9905 0
      vertex -36.5784 -45.9905 0.6
    endloop
  endfacet
  facet normal -0.387204 0.921994 0
    outer loop
      vertex -35.5926 -45.5765 0.6
      vertex -35.5926 -45.5765 0
      vertex -36.5784 -45.9905 0
    endloop
  endfacet
  facet normal -0.768232 0.640172 0
    outer loop
      vertex -35.0997 -44.985 0.6
      vertex -35.5926 -45.5765 0
      vertex -35.5926 -45.5765 0.6
    endloop
  endfacet
  facet normal -0.768232 0.640172 0
    outer loop
      vertex -35.0997 -44.985 0.6
      vertex -35.0997 -44.985 0
      vertex -35.5926 -45.5765 0
    endloop
  endfacet
  facet normal -0.269599 0.962973 0
    outer loop
      vertex -33.8324 -44.6302 0.6
      vertex -35.0997 -44.985 0
      vertex -35.0997 -44.985 0.6
    endloop
  endfacet
  facet normal -0.269599 0.962973 0
    outer loop
      vertex -33.8324 -44.6302 0.6
      vertex -33.8324 -44.6302 0
      vertex -35.0997 -44.985 0
    endloop
  endfacet
  facet normal -0.745859 0.666103 0
    outer loop
      vertex -33.6211 -44.3936 0.6
      vertex -33.8324 -44.6302 0
      vertex -33.8324 -44.6302 0.6
    endloop
  endfacet
  facet normal -0.745859 0.666103 0
    outer loop
      vertex -33.6211 -44.3936 0.6
      vertex -33.6211 -44.3936 0
      vertex -33.8324 -44.6302 0
    endloop
  endfacet
  facet normal -1 -0 0
    outer loop
      vertex -33.6211 -43.9796 0.6
      vertex -33.6211 -44.3936 0
      vertex -33.6211 -44.3936 0.6
    endloop
  endfacet
  facet normal -1 0 -0
    outer loop
      vertex -33.6211 -43.9796 0.6
      vertex -33.6211 -43.9796 0
      vertex -33.6211 -44.3936 0
    endloop
  endfacet
  facet normal -0.745859 -0.666103 0
    outer loop
      vertex -33.8324 -43.743 0.6
      vertex -33.6211 -43.9796 0
      vertex -33.6211 -43.9796 0.6
    endloop
  endfacet
  facet normal -0.745859 -0.666103 -0
    outer loop
      vertex -33.8324 -43.743 0.6
      vertex -33.8324 -43.743 0
      vertex -33.6211 -43.9796 0
    endloop
  endfacet
  facet normal -1 -0 0
    outer loop
      vertex -33.8324 -43.329 0.6
      vertex -33.8324 -43.743 0
      vertex -33.8324 -43.743 0.6
    endloop
  endfacet
  facet normal -1 0 -0
    outer loop
      vertex -33.8324 -43.329 0.6
      vertex -33.8324 -43.329 0
      vertex -33.8324 -43.743 0
    endloop
  endfacet
  facet normal -0.724155 0.689637 0
    outer loop
      vertex -33.5507 -43.0332 0.6
      vertex -33.8324 -43.329 0
      vertex -33.8324 -43.329 0.6
    endloop
  endfacet
  facet normal -0.724155 0.689637 0
    outer loop
      vertex -33.5507 -43.0332 0.6
      vertex -33.5507 -43.0332 0
      vertex -33.8324 -43.329 0
    endloop
  endfacet
  facet normal 0 1 0
    outer loop
      vertex -32.8466 -43.0332 0.6
      vertex -33.5507 -43.0332 0
      vertex -33.5507 -43.0332 0.6
    endloop
  endfacet
  facet normal 0 1 0
    outer loop
      vertex -32.8466 -43.0332 0.6
      vertex -32.8466 -43.0332 0
      vertex -33.5507 -43.0332 0
    endloop
  endfacet
  facet normal 0.859346 0.511394 0
    outer loop
      vertex -32.565 -43.5064 0.6
      vertex -32.8466 -43.0332 0
      vertex -32.8466 -43.0332 0.6
    endloop
  endfacet
  facet normal 0.859346 0.511394 0
    outer loop
      vertex -32.565 -43.5064 0.6
      vertex -32.565 -43.5064 0
      vertex -32.8466 -43.0332 0
    endloop
  endfacet
  facet normal 0.983644 -0.180124 0
    outer loop
      vertex -32.7058 -44.2753 0.6
      vertex -32.565 -43.5064 0
      vertex -32.565 -43.5064 0.6
    endloop
  endfacet
  facet normal 0.983644 -0.180124 0
    outer loop
      vertex -32.7058 -44.2753 0.6
      vertex -32.7058 -44.2753 0
      vertex -32.565 -43.5064 0
    endloop
  endfacet
  facet normal 0.300386 0.953818 0
    outer loop
      vertex -32.1425 -44.4527 0.6
      vertex -32.7058 -44.2753 0
      vertex -32.7058 -44.2753 0.6
    endloop
  endfacet
  facet normal 0.300386 0.953818 0
    outer loop
      vertex -32.1425 -44.4527 0.6
      vertex -32.1425 -44.4527 0
      vertex -32.7058 -44.2753 0
    endloop
  endfacet
  facet normal -0.269579 0.962978 0
    outer loop
      vertex -31.5088 -44.2753 0.6
      vertex -32.1425 -44.4527 0
      vertex -32.1425 -44.4527 0.6
    endloop
  endfacet
  facet normal -0.269579 0.962978 0
    outer loop
      vertex -31.5088 -44.2753 0.6
      vertex -31.5088 -44.2753 0
      vertex -32.1425 -44.4527 0
    endloop
  endfacet
  facet normal 0.318529 0.947913 0
    outer loop
      vertex -30.8047 -44.5119 0.6
      vertex -31.5088 -44.2753 0
      vertex -31.5088 -44.2753 0.6
    endloop
  endfacet
  facet normal 0.318529 0.947913 0
    outer loop
      vertex -30.8047 -44.5119 0.6
      vertex -30.8047 -44.5119 0
      vertex -31.5088 -44.2753 0
    endloop
  endfacet
  facet normal -0.307483 0.951554 0
    outer loop
      vertex -29.8893 -44.2161 0.6
      vertex -30.8047 -44.5119 0
      vertex -30.8047 -44.5119 0.6
    endloop
  endfacet
  facet normal -0.307483 0.951554 0
    outer loop
      vertex -29.8893 -44.2161 0.6
      vertex -29.8893 -44.2161 0
      vertex -30.8047 -44.5119 0
    endloop
  endfacet
  facet normal 0.0930146 0.995665 0
    outer loop
      vertex -29.2556 -44.2753 0.6
      vertex -29.8893 -44.2161 0
      vertex -29.8893 -44.2161 0.6
    endloop
  endfacet
  facet normal 0.0930146 0.995665 0
    outer loop
      vertex -29.2556 -44.2753 0.6
      vertex -29.2556 -44.2753 0
      vertex -29.8893 -44.2161 0
    endloop
  endfacet
  facet normal -0.38731 0.921949 0
    outer loop
      vertex -28.974 -44.157 0.6
      vertex -29.2556 -44.2753 0
      vertex -29.2556 -44.2753 0.6
    endloop
  endfacet
  facet normal -0.38731 0.921949 0
    outer loop
      vertex -28.974 -44.157 0.6
      vertex -28.974 -44.157 0
      vertex -29.2556 -44.2753 0
    endloop
  endfacet
  facet normal -0.797109 0.603835 0
    outer loop
      vertex -27.9883 -42.8558 0.6
      vertex -28.974 -44.157 0
      vertex -28.974 -44.157 0.6
    endloop
  endfacet
  facet normal -0.797109 0.603835 0
    outer loop
      vertex -27.9883 -42.8558 0.6
      vertex -27.9883 -42.8558 0
      vertex -28.974 -44.157 0
    endloop
  endfacet
  facet normal -0.11905 0.992888 0
    outer loop
      vertex -27.4954 -42.7967 0.6
      vertex -27.9883 -42.8558 0
      vertex -27.9883 -42.8558 0.6
    endloop
  endfacet
  facet normal -0.11905 0.992888 0
    outer loop
      vertex -27.4954 -42.7967 0.6
      vertex -27.4954 -42.7967 0
      vertex -27.9883 -42.8558 0
    endloop
  endfacet
  facet normal 0.488515 0.872555 0
    outer loop
      vertex -27.2841 -42.915 0.6
      vertex -27.4954 -42.7967 0
      vertex -27.4954 -42.7967 0.6
    endloop
  endfacet
  facet normal 0.488515 0.872555 0
    outer loop
      vertex -27.2841 -42.915 0.6
      vertex -27.2841 -42.915 0
      vertex -27.4954 -42.7967 0
    endloop
  endfacet
  facet normal -0.533235 0.845967 0
    outer loop
      vertex -27.0025 -42.7375 0.6
      vertex -27.2841 -42.915 0
      vertex -27.2841 -42.915 0.6
    endloop
  endfacet
  facet normal -0.533235 0.845967 0
    outer loop
      vertex -27.0025 -42.7375 0.6
      vertex -27.0025 -42.7375 0
      vertex -27.2841 -42.915 0
    endloop
  endfacet
  facet normal -0.97281 -0.231606 0
    outer loop
      vertex -27.1433 -42.1461 0.6
      vertex -27.0025 -42.7375 0
      vertex -27.0025 -42.7375 0.6
    endloop
  endfacet
  facet normal -0.97281 -0.231606 -0
    outer loop
      vertex -27.1433 -42.1461 0.6
      vertex -27.1433 -42.1461 0
      vertex -27.0025 -42.7375 0
    endloop
  endfacet
  facet normal -0.826915 0.562326 0
    outer loop
      vertex -26.8617 -41.732 0.6
      vertex -27.1433 -42.1461 0
      vertex -27.1433 -42.1461 0.6
    endloop
  endfacet
  facet normal -0.826915 0.562326 0
    outer loop
      vertex -26.8617 -41.732 0.6
      vertex -26.8617 -41.732 0
      vertex -27.1433 -42.1461 0
    endloop
  endfacet
  facet normal -0.550806 -0.834634 0
    outer loop
      vertex -27.8474 -41.0815 0.6
      vertex -26.8617 -41.732 0
      vertex -26.8617 -41.732 0.6
    endloop
  endfacet
  facet normal -0.550806 -0.834634 -0
    outer loop
      vertex -27.8474 -41.0815 0.6
      vertex -27.8474 -41.0815 0
      vertex -26.8617 -41.732 0
    endloop
  endfacet
  facet normal -0.992992 -0.118185 0
    outer loop
      vertex -27.9178 -40.49 0.6
      vertex -27.8474 -41.0815 0
      vertex -27.8474 -41.0815 0.6
    endloop
  endfacet
  facet normal -0.992992 -0.118185 -0
    outer loop
      vertex -27.9178 -40.49 0.6
      vertex -27.9178 -40.49 0
      vertex -27.8474 -41.0815 0
    endloop
  endfacet
  facet normal -0.902872 0.42991 0
    outer loop
      vertex -27.6362 -39.8986 0.6
      vertex -27.9178 -40.49 0
      vertex -27.9178 -40.49 0.6
    endloop
  endfacet
  facet normal -0.902872 0.42991 0
    outer loop
      vertex -27.6362 -39.8986 0.6
      vertex -27.6362 -39.8986 0
      vertex -27.9178 -40.49 0
    endloop
  endfacet
  facet normal -0.600822 0.799383 0
    outer loop
      vertex -26.2984 -38.8931 0.6
      vertex -27.6362 -39.8986 0
      vertex -27.6362 -39.8986 0.6
    endloop
  endfacet
  facet normal -0.600822 0.799383 0
    outer loop
      vertex -26.2984 -38.8931 0.6
      vertex -26.2984 -38.8931 0
      vertex -27.6362 -39.8986 0
    endloop
  endfacet
  facet normal -1 -0 0
    outer loop
      vertex -26.2984 -38.4791 0.6
      vertex -26.2984 -38.8931 0
      vertex -26.2984 -38.8931 0.6
    endloop
  endfacet
  facet normal -1 0 -0
    outer loop
      vertex -26.2984 -38.4791 0.6
      vertex -26.2984 -38.4791 0
      vertex -26.2984 -38.8931 0
    endloop
  endfacet
  facet normal -0.557743 -0.830014 0
    outer loop
      vertex -26.6505 -38.2425 0.6
      vertex -26.2984 -38.4791 0
      vertex -26.2984 -38.4791 0.6
    endloop
  endfacet
  facet normal -0.557743 -0.830014 -0
    outer loop
      vertex -26.6505 -38.2425 0.6
      vertex -26.6505 -38.2425 0
      vertex -26.2984 -38.4791 0
    endloop
  endfacet
  facet normal 0.138664 -0.990339 0
    outer loop
      vertex -27.4954 -38.3608 0.6
      vertex -26.6505 -38.2425 0
      vertex -26.6505 -38.2425 0.6
    endloop
  endfacet
  facet normal 0.138664 -0.990339 0
    outer loop
      vertex -27.4954 -38.3608 0.6
      vertex -27.4954 -38.3608 0
      vertex -26.6505 -38.2425 0
    endloop
  endfacet
  facet normal 0.821341 -0.570437 0
    outer loop
      vertex -27.9883 -39.0705 0.6
      vertex -27.4954 -38.3608 0
      vertex -27.4954 -38.3608 0.6
    endloop
  endfacet
  facet normal 0.821341 -0.570437 0
    outer loop
      vertex -27.9883 -39.0705 0.6
      vertex -27.9883 -39.0705 0
      vertex -27.4954 -38.3608 0
    endloop
  endfacet
  facet normal 0.584308 -0.811532 0
    outer loop
      vertex -29.4669 -40.1351 0.6
      vertex -27.9883 -39.0705 0
      vertex -27.9883 -39.0705 0.6
    endloop
  endfacet
  facet normal 0.584308 -0.811532 0
    outer loop
      vertex -29.4669 -40.1351 0.6
      vertex -29.4669 -40.1351 0
      vertex -27.9883 -39.0705 0
    endloop
  endfacet
  facet normal 0.958471 -0.285192 0
    outer loop
      vertex -29.6781 -40.8449 0.6
      vertex -29.4669 -40.1351 0
      vertex -29.4669 -40.1351 0.6
    endloop
  endfacet
  facet normal 0.958471 -0.285192 0
    outer loop
      vertex -29.6781 -40.8449 0.6
      vertex -29.6781 -40.8449 0
      vertex -29.4669 -40.1351 0
    endloop
  endfacet
  facet normal 0.826806 0.562488 0
    outer loop
      vertex -29.1148 -41.6729 0.6
      vertex -29.6781 -40.8449 0
      vertex -29.6781 -40.8449 0.6
    endloop
  endfacet
  facet normal 0.826806 0.562488 0
    outer loop
      vertex -29.1148 -41.6729 0.6
      vertex -29.1148 -41.6729 0
      vertex -29.6781 -40.8449 0
    endloop
  endfacet
  facet normal 0.610064 -0.792352 0
    outer loop
      vertex -29.9598 -42.3235 0.6
      vertex -29.1148 -41.6729 0
      vertex -29.1148 -41.6729 0.6
    endloop
  endfacet
  facet normal 0.610064 -0.792352 0
    outer loop
      vertex -29.9598 -42.3235 0.6
      vertex -29.9598 -42.3235 0
      vertex -29.1148 -41.6729 0
    endloop
  endfacet
  facet normal 0.95314 -0.30253 0
    outer loop
      vertex -30.2414 -43.2107 0.6
      vertex -29.9598 -42.3235 0
      vertex -29.9598 -42.3235 0.6
    endloop
  endfacet
  facet normal 0.95314 -0.30253 0
    outer loop
      vertex -30.2414 -43.2107 0.6
      vertex -30.2414 -43.2107 0
      vertex -29.9598 -42.3235 0
    endloop
  endfacet
  facet normal 0.464794 -0.885419 0
    outer loop
      vertex -31.368 -43.8021 0.6
      vertex -30.2414 -43.2107 0
      vertex -30.2414 -43.2107 0.6
    endloop
  endfacet
  facet normal 0.464794 -0.885419 0
    outer loop
      vertex -31.368 -43.8021 0.6
      vertex -31.368 -43.8021 0
      vertex -30.2414 -43.2107 0
    endloop
  endfacet
  facet normal -0.55769 -0.83005 0
    outer loop
      vertex -31.72 -43.5656 0.6
      vertex -31.368 -43.8021 0
      vertex -31.368 -43.8021 0.6
    endloop
  endfacet
  facet normal -0.55769 -0.83005 -0
    outer loop
      vertex -31.72 -43.5656 0.6
      vertex -31.72 -43.5656 0
      vertex -31.368 -43.8021 0
    endloop
  endfacet
  facet normal -0.890751 -0.454492 0
    outer loop
      vertex -32.565 -41.9095 0.6
      vertex -31.72 -43.5656 0
      vertex -31.72 -43.5656 0.6
    endloop
  endfacet
  facet normal -0.890751 -0.454492 -0
    outer loop
      vertex -32.565 -41.9095 0.6
      vertex -32.565 -41.9095 0
      vertex -31.72 -43.5656 0
    endloop
  endfacet
  facet normal 0.269625 -0.962965 0
    outer loop
      vertex -34.0436 -42.3235 0.6
      vertex -32.565 -41.9095 0
      vertex -32.565 -41.9095 0.6
    endloop
  endfacet
  facet normal 0.269625 -0.962965 0
    outer loop
      vertex -34.0436 -42.3235 0.6
      vertex -34.0436 -42.3235 0
      vertex -32.565 -41.9095 0
    endloop
  endfacet
  facet normal -0.471415 -0.881911 0
    outer loop
      vertex -34.8181 -41.9095 0.6
      vertex -34.0436 -42.3235 0
      vertex -34.0436 -42.3235 0.6
    endloop
  endfacet
  facet normal -0.471415 -0.881911 -0
    outer loop
      vertex -34.8181 -41.9095 0.6
      vertex -34.8181 -41.9095 0
      vertex -34.0436 -42.3235 0
    endloop
  endfacet
  facet normal -0.994196 -0.10758 0
    outer loop
      vertex -34.8885 -41.2589 0.6
      vertex -34.8181 -41.9095 0
      vertex -34.8181 -41.9095 0.6
    endloop
  endfacet
  facet normal -0.994196 -0.10758 -0
    outer loop
      vertex -34.8885 -41.2589 0.6
      vertex -34.8885 -41.2589 0
      vertex -34.8181 -41.9095 0
    endloop
  endfacet
  facet normal -0.966751 0.255718 0
    outer loop
      vertex -34.6069 -40.1943 0.6
      vertex -34.8885 -41.2589 0
      vertex -34.8885 -41.2589 0.6
    endloop
  endfacet
  facet normal -0.966751 0.255718 0
    outer loop
      vertex -34.6069 -40.1943 0.6
      vertex -34.6069 -40.1943 0
      vertex -34.8885 -41.2589 0
    endloop
  endfacet
  facet normal -0.444598 0.89573 0
    outer loop
      vertex -33.0578 -39.4254 0.6
      vertex -34.6069 -40.1943 0
      vertex -34.6069 -40.1943 0.6
    endloop
  endfacet
  facet normal -0.444598 0.89573 0
    outer loop
      vertex -33.0578 -39.4254 0.6
      vertex -33.0578 -39.4254 0
      vertex -34.6069 -40.1943 0
    endloop
  endfacet
  facet normal -0.689509 0.724277 0
    outer loop
      vertex -30.9455 -37.4145 0.6
      vertex -33.0578 -39.4254 0
      vertex -33.0578 -39.4254 0.6
    endloop
  endfacet
  facet normal -0.689509 0.724277 0
    outer loop
      vertex -30.9455 -37.4145 0.6
      vertex -30.9455 -37.4145 0
      vertex -33.0578 -39.4254 0
    endloop
  endfacet
  facet normal -0.992992 -0.118185 0
    outer loop
      vertex -31.0159 -36.823 0.6
      vertex -30.9455 -37.4145 0
      vertex -30.9455 -37.4145 0.6
    endloop
  endfacet
  facet normal -0.992992 -0.118185 -0
    outer loop
      vertex -31.0159 -36.823 0.6
      vertex -31.0159 -36.823 0
      vertex -30.9455 -37.4145 0
    endloop
  endfacet
  facet normal -0.427215 0.90415 0
    outer loop
      vertex -28.7628 -35.7584 0.6
      vertex -31.0159 -36.823 0
      vertex -31.0159 -36.823 0.6
    endloop
  endfacet
  facet normal -0.427215 0.90415 0
    outer loop
      vertex -28.7628 -35.7584 0.6
      vertex -28.7628 -35.7584 0
      vertex -31.0159 -36.823 0
    endloop
  endfacet
  facet normal -0.2792 0.960233 0
    outer loop
      vertex -26.9321 -35.2261 0.6
      vertex -28.7628 -35.7584 0
      vertex -28.7628 -35.7584 0.6
    endloop
  endfacet
  facet normal -0.2792 0.960233 0
    outer loop
      vertex -26.9321 -35.2261 0.6
      vertex -26.9321 -35.2261 0
      vertex -28.7628 -35.7584 0
    endloop
  endfacet
  facet normal -0.0670532 0.997749 0
    outer loop
      vertex -25.1718 -35.1078 0.6
      vertex -26.9321 -35.2261 0
      vertex -26.9321 -35.2261 0.6
    endloop
  endfacet
  facet normal -0.0670532 0.997749 0
    outer loop
      vertex -25.1718 -35.1078 0.6
      vertex -25.1718 -35.1078 0
      vertex -26.9321 -35.2261 0
    endloop
  endfacet
  facet normal 0.150992 0.988535 0
    outer loop
      vertex -24.3973 -35.2261 0.6
      vertex -25.1718 -35.1078 0
      vertex -25.1718 -35.1078 0.6
    endloop
  endfacet
  facet normal 0.150992 0.988535 0
    outer loop
      vertex -24.3973 -35.2261 0.6
      vertex -24.3973 -35.2261 0
      vertex -25.1718 -35.1078 0
    endloop
  endfacet
  facet normal 0.387218 0.921988 0
    outer loop
      vertex -23.9749 -35.4035 0.6
      vertex -24.3973 -35.2261 0
      vertex -24.3973 -35.2261 0.6
    endloop
  endfacet
  facet normal 0.387218 0.921988 0
    outer loop
      vertex -23.9749 -35.4035 0.6
      vertex -23.9749 -35.4035 0
      vertex -24.3973 -35.2261 0
    endloop
  endfacet
  facet normal 0.709902 0.704301 0
    outer loop
      vertex -23.2707 -36.1133 0.6
      vertex -23.9749 -35.4035 0
      vertex -23.9749 -35.4035 0.6
    endloop
  endfacet
  facet normal 0.709902 0.704301 0
    outer loop
      vertex -23.2707 -36.1133 0.6
      vertex -23.2707 -36.1133 0
      vertex -23.9749 -35.4035 0
    endloop
  endfacet
  facet normal 0.269607 0.962971 0
    outer loop
      vertex -21.5809 -36.5864 0.6
      vertex -23.2707 -36.1133 0
      vertex -23.2707 -36.1133 0.6
    endloop
  endfacet
  facet normal 0.269607 0.962971 0
    outer loop
      vertex -21.5809 -36.5864 0.6
      vertex -21.5809 -36.5864 0
      vertex -23.2707 -36.1133 0
    endloop
  endfacet
  facet normal 0.387264 0.921969 0
    outer loop
      vertex -20.1727 -37.1779 0.6
      vertex -21.5809 -36.5864 0
      vertex -21.5809 -36.5864 0.6
    endloop
  endfacet
  facet normal 0.387264 0.921969 0
    outer loop
      vertex -20.1727 -37.1779 0.6
      vertex -20.1727 -37.1779 0
      vertex -21.5809 -36.5864 0
    endloop
  endfacet
  facet normal 0.643147 0.765742 0
    outer loop
      vertex -19.891 -37.4145 0.6
      vertex -20.1727 -37.1779 0
      vertex -20.1727 -37.1779 0.6
    endloop
  endfacet
  facet normal 0.643147 0.765742 0
    outer loop
      vertex -19.891 -37.4145 0.6
      vertex -19.891 -37.4145 0
      vertex -20.1727 -37.1779 0
    endloop
  endfacet
  facet normal 1 -0 0
    outer loop
      vertex -19.891 -37.8285 0.6
      vertex -19.891 -37.4145 0
      vertex -19.891 -37.4145 0.6
    endloop
  endfacet
  facet normal 1 0 0
    outer loop
      vertex -19.891 -37.8285 0.6
      vertex -19.891 -37.8285 0
      vertex -19.891 -37.4145 0
    endloop
  endfacet
  facet normal 0.746016 -0.665928 0
    outer loop
      vertex -20.1022 -38.0651 0.6
      vertex -19.891 -37.8285 0
      vertex -19.891 -37.8285 0.6
    endloop
  endfacet
  facet normal 0.746016 -0.665928 0
    outer loop
      vertex -20.1022 -38.0651 0.6
      vertex -20.1022 -38.0651 0
      vertex -19.891 -37.8285 0
    endloop
  endfacet
  facet normal 0.104432 -0.994532 0
    outer loop
      vertex -21.2288 -38.1834 0.6
      vertex -20.1022 -38.0651 0
      vertex -20.1022 -38.0651 0.6
    endloop
  endfacet
  facet normal 0.104432 -0.994532 0
    outer loop
      vertex -21.2288 -38.1834 0.6
      vertex -21.2288 -38.1834 0
      vertex -20.1022 -38.0651 0
    endloop
  endfacet
  facet normal -0.150992 -0.988535 0
    outer loop
      vertex -22.0033 -38.0651 0.6
      vertex -21.2288 -38.1834 0
      vertex -21.2288 -38.1834 0.6
    endloop
  endfacet
  facet normal -0.150992 -0.988535 -0
    outer loop
      vertex -22.0033 -38.0651 0.6
      vertex -22.0033 -38.0651 0
      vertex -21.2288 -38.1834 0
    endloop
  endfacet
  facet normal 0.643014 -0.765855 0
    outer loop
      vertex -22.1442 -38.1834 0.6
      vertex -22.0033 -38.0651 0
      vertex -22.0033 -38.0651 0.6
    endloop
  endfacet
  facet normal 0.643014 -0.765855 0
    outer loop
      vertex -22.1442 -38.1834 0.6
      vertex -22.1442 -38.1834 0
      vertex -22.0033 -38.0651 0
    endloop
  endfacet
  facet normal 0.958423 0.285353 0
    outer loop
      vertex -21.9329 -38.8931 0.6
      vertex -22.1442 -38.1834 0
      vertex -22.1442 -38.1834 0.6
    endloop
  endfacet
  facet normal 0.958423 0.285353 0
    outer loop
      vertex -21.9329 -38.8931 0.6
      vertex -21.9329 -38.8931 0
      vertex -22.1442 -38.1834 0
    endloop
  endfacet
  facet normal 0.422854 0.906198 0
    outer loop
      vertex -21.2992 -39.1888 0.6
      vertex -21.9329 -38.8931 0
      vertex -21.9329 -38.8931 0.6
    endloop
  endfacet
  facet normal 0.422854 0.906198 0
    outer loop
      vertex -21.2992 -39.1888 0.6
      vertex -21.2992 -39.1888 0
      vertex -21.9329 -38.8931 0
    endloop
  endfacet
  facet normal -0.48858 0.872519 0
    outer loop
      vertex -20.0318 -38.4791 0.6
      vertex -21.2992 -39.1888 0
      vertex -21.2992 -39.1888 0.6
    endloop
  endfacet
  facet normal -0.48858 0.872519 0
    outer loop
      vertex -20.0318 -38.4791 0.6
      vertex -20.0318 -38.4791 0
      vertex -21.2992 -39.1888 0
    endloop
  endfacet
  facet normal -0.287339 0.957829 0
    outer loop
      vertex -19.0461 -38.1834 0.6
      vertex -20.0318 -38.4791 0
      vertex -20.0318 -38.4791 0.6
    endloop
  endfacet
  facet normal -0.287339 0.957829 0
    outer loop
      vertex -19.0461 -38.1834 0.6
      vertex -19.0461 -38.1834 0
      vertex -20.0318 -38.4791 0
    endloop
  endfacet
  facet normal -0.813845 0.581082 0
    outer loop
      vertex -18.8349 -37.8876 0.6
      vertex -19.0461 -38.1834 0
      vertex -19.0461 -38.1834 0.6
    endloop
  endfacet
  facet normal -0.813845 0.581082 0
    outer loop
      vertex -18.8349 -37.8876 0.6
      vertex -18.8349 -37.8876 0
      vertex -19.0461 -38.1834 0
    endloop
  endfacet
  facet normal -0.994196 -0.10758 0
    outer loop
      vertex -18.9053 -37.237 0.6
      vertex -18.8349 -37.8876 0
      vertex -18.8349 -37.8876 0.6
    endloop
  endfacet
  facet normal -0.994196 -0.10758 -0
    outer loop
      vertex -18.9053 -37.237 0.6
      vertex -18.9053 -37.237 0
      vertex -18.8349 -37.8876 0
    endloop
  endfacet
  facet normal -0.643147 0.765742 0
    outer loop
      vertex -18.6236 -37.0004 0.6
      vertex -18.9053 -37.237 0
      vertex -18.9053 -37.237 0.6
    endloop
  endfacet
  facet normal -0.643147 0.765742 0
    outer loop
      vertex -18.6236 -37.0004 0.6
      vertex -18.6236 -37.0004 0
      vertex -18.9053 -37.237 0
    endloop
  endfacet
  facet normal 0 1 0
    outer loop
      vertex -18.2012 -37.0004 0.6
      vertex -18.6236 -37.0004 0
      vertex -18.6236 -37.0004 0.6
    endloop
  endfacet
  facet normal 0 1 0
    outer loop
      vertex -18.2012 -37.0004 0.6
      vertex -18.2012 -37.0004 0
      vertex -18.6236 -37.0004 0
    endloop
  endfacet
  facet normal 0.5331 0.846052 0
    outer loop
      vertex -17.9195 -37.1779 0.6
      vertex -18.2012 -37.0004 0
      vertex -18.2012 -37.0004 0.6
    endloop
  endfacet
  facet normal 0.5331 0.846052 0
    outer loop
      vertex -17.9195 -37.1779 0.6
      vertex -17.9195 -37.1779 0
      vertex -18.2012 -37.0004 0
    endloop
  endfacet
  facet normal 0.992989 -0.118205 0
    outer loop
      vertex -17.9899 -37.7693 0.6
      vertex -17.9195 -37.1779 0
      vertex -17.9195 -37.1779 0.6
    endloop
  endfacet
  facet normal 0.992989 -0.118205 0
    outer loop
      vertex -17.9899 -37.7693 0.6
      vertex -17.9899 -37.7693 0
      vertex -17.9195 -37.1779 0
    endloop
  endfacet
  facet normal 0.387403 0.92191 0
    outer loop
      vertex -17.5675 -37.9468 0.6
      vertex -17.9899 -37.7693 0
      vertex -17.9899 -37.7693 0.6
    endloop
  endfacet
  facet normal 0.387403 0.92191 0
    outer loop
      vertex -17.5675 -37.9468 0.6
      vertex -17.5675 -37.9468 0
      vertex -17.9899 -37.7693 0
    endloop
  endfacet
  facet normal -0.374944 0.927047 0
    outer loop
      vertex -15.6664 -37.1779 0.6
      vertex -17.5675 -37.9468 0
      vertex -17.5675 -37.9468 0.6
    endloop
  endfacet
  facet normal -0.374944 0.927047 0
    outer loop
      vertex -15.6664 -37.1779 0.6
      vertex -15.6664 -37.1779 0
      vertex -17.5675 -37.9468 0
    endloop
  endfacet
  facet normal -0.124134 0.992265 0
    outer loop
      vertex -12.3571 -36.7639 0.6
      vertex -15.6664 -37.1779 0
      vertex -15.6664 -37.1779 0.6
    endloop
  endfacet
  facet normal -0.124134 0.992265 0
    outer loop
      vertex -12.3571 -36.7639 0.6
      vertex -12.3571 -36.7639 0
      vertex -15.6664 -37.1779 0
    endloop
  endfacet
  facet normal -0.73374 0.67943 0
    outer loop
      vertex -11.8642 -36.2316 0.6
      vertex -12.3571 -36.7639 0
      vertex -12.3571 -36.7639 0.6
    endloop
  endfacet
  facet normal -0.73374 0.67943 0
    outer loop
      vertex -11.8642 -36.2316 0.6
      vertex -11.8642 -36.2316 0
      vertex -12.3571 -36.7639 0
    endloop
  endfacet
  facet normal -0.318488 0.947927 0
    outer loop
      vertex -11.5121 -36.1133 0.6
      vertex -11.8642 -36.2316 0
      vertex -11.8642 -36.2316 0.6
    endloop
  endfacet
  facet normal -0.318488 0.947927 0
    outer loop
      vertex -11.5121 -36.1133 0.6
      vertex -11.5121 -36.1133 0
      vertex -11.8642 -36.2316 0
    endloop
  endfacet
  facet normal 0 1 0
    outer loop
      vertex -10.2448 -36.1133 0.6
      vertex -11.5121 -36.1133 0
      vertex -11.5121 -36.1133 0.6
    endloop
  endfacet
  facet normal 0 1 0
    outer loop
      vertex -10.2448 -36.1133 0.6
      vertex -10.2448 -36.1133 0
      vertex -11.5121 -36.1133 0
    endloop
  endfacet
  facet normal 0.303579 0.952806 0
    outer loop
      vertex -8.20284 -36.7639 0.6
      vertex -10.2448 -36.1133 0
      vertex -10.2448 -36.1133 0.6
    endloop
  endfacet
  facet normal 0.303579 0.952806 0
    outer loop
      vertex -8.20284 -36.7639 0.6
      vertex -8.20284 -36.7639 0
      vertex -10.2448 -36.1133 0
    endloop
  endfacet
  facet normal 0 1 0
    outer loop
      vertex -7.78038 -36.7639 0.6
      vertex -8.20284 -36.7639 0
      vertex -8.20284 -36.7639 0.6
    endloop
  endfacet
  facet normal 0 1 0
    outer loop
      vertex -7.78038 -36.7639 0.6
      vertex -7.78038 -36.7639 0
      vertex -8.20284 -36.7639 0
    endloop
  endfacet
  facet normal -0.338832 0.940847 0
    outer loop
      vertex -7.28751 -36.5864 0.6
      vertex -7.78038 -36.7639 0
      vertex -7.78038 -36.7639 0.6
    endloop
  endfacet
  facet normal -0.338832 0.940847 0
    outer loop
      vertex -7.28751 -36.5864 0.6
      vertex -7.28751 -36.5864 0
      vertex -7.78038 -36.7639 0
    endloop
  endfacet
  facet normal -0.792191 0.610273 0
    outer loop
      vertex -6.51299 -35.581 0.6
      vertex -7.28751 -36.5864 0
      vertex -7.28751 -36.5864 0.6
    endloop
  endfacet
  facet normal -0.792191 0.610273 0
    outer loop
      vertex -6.51299 -35.581 0.6
      vertex -6.51299 -35.581 0
      vertex -7.28751 -36.5864 0
    endloop
  endfacet
  facet normal -0.643186 0.76571 0
    outer loop
      vertex -5.87929 -35.0487 0.6
      vertex -6.51299 -35.581 0
      vertex -6.51299 -35.581 0.6
    endloop
  endfacet
  facet normal -0.643186 0.76571 0
    outer loop
      vertex -5.87929 -35.0487 0.6
      vertex -5.87929 -35.0487 0
      vertex -6.51299 -35.581 0
    endloop
  endfacet
  facet normal -0.387264 0.921969 0
    outer loop
      vertex -5.31601 -34.8121 0.6
      vertex -5.87929 -35.0487 0
      vertex -5.87929 -35.0487 0.6
    endloop
  endfacet
  facet normal -0.387264 0.921969 0
    outer loop
      vertex -5.31601 -34.8121 0.6
      vertex -5.31601 -34.8121 0
      vertex -5.87929 -35.0487 0
    endloop
  endfacet
  facet normal 0.119052 0.992888 0
    outer loop
      vertex -4.82312 -34.8712 0.6
      vertex -5.31601 -34.8121 0
      vertex -5.31601 -34.8121 0.6
    endloop
  endfacet
  facet normal 0.119052 0.992888 0
    outer loop
      vertex -4.82312 -34.8712 0.6
      vertex -4.82312 -34.8712 0
      vertex -5.31601 -34.8121 0
    endloop
  endfacet
  facet normal 0.733761 0.679408 0
    outer loop
      vertex -4.33025 -35.4035 0.6
      vertex -4.82312 -34.8712 0
      vertex -4.82312 -34.8712 0.6
    endloop
  endfacet
  facet normal 0.733761 0.679408 0
    outer loop
      vertex -4.33025 -35.4035 0.6
      vertex -4.33025 -35.4035 0
      vertex -4.82312 -34.8712 0
    endloop
  endfacet
  facet normal -0.119122 0.99288 0
    outer loop
      vertex -2.85162 -35.2261 0.6
      vertex -4.33025 -35.4035 0
      vertex -4.33025 -35.4035 0.6
    endloop
  endfacet
  facet normal -0.119122 0.99288 0
    outer loop
      vertex -2.85162 -35.2261 0.6
      vertex -2.85162 -35.2261 0
      vertex -4.33025 -35.4035 0
    endloop
  endfacet
  facet normal -0.475147 0.879907 0
    outer loop
      vertex -0.880127 -34.1615 0.6
      vertex -2.85162 -35.2261 0
      vertex -2.85162 -35.2261 0.6
    endloop
  endfacet
  facet normal -0.475147 0.879907 0
    outer loop
      vertex -0.880127 -34.1615 0.6
      vertex -0.880127 -34.1615 0
      vertex -2.85162 -35.2261 0
    endloop
  endfacet
  facet normal -0.108893 0.994053 0
    outer loop
      vertex 0.739304 -33.9841 0.6
      vertex -0.880127 -34.1615 0
      vertex -0.880127 -34.1615 0.6
    endloop
  endfacet
  facet normal -0.108893 0.994053 0
    outer loop
      vertex 0.739304 -33.9841 0.6
      vertex 0.739304 -33.9841 0
      vertex -0.880127 -34.1615 0
    endloop
  endfacet
  facet normal -0.533048 0.846085 0
    outer loop
      vertex 2.14752 -33.0969 0.6
      vertex 0.739304 -33.9841 0
      vertex 0.739304 -33.9841 0.6
    endloop
  endfacet
  facet normal -0.533048 0.846085 0
    outer loop
      vertex 2.14752 -33.0969 0.6
      vertex 2.14752 -33.0969 0
      vertex 0.739304 -33.9841 0
    endloop
  endfacet
  facet normal -0.152912 0.98824 0
    outer loop
      vertex 4.82312 -32.6829 0.6
      vertex 2.14752 -33.0969 0
      vertex 2.14752 -33.0969 0.6
    endloop
  endfacet
  facet normal -0.152912 0.98824 0
    outer loop
      vertex 4.82312 -32.6829 0.6
      vertex 4.82312 -32.6829 0
      vertex 2.14752 -33.0969 0
    endloop
  endfacet
  facet normal -0.475178 0.87989 0
    outer loop
      vertex 6.79463 -31.6182 0.6
      vertex 4.82312 -32.6829 0
      vertex 4.82312 -32.6829 0.6
    endloop
  endfacet
  facet normal -0.475178 0.87989 0
    outer loop
      vertex 6.79463 -31.6182 0.6
      vertex 6.79463 -31.6182 0
      vertex 4.82312 -32.6829 0
    endloop
  endfacet
  facet normal -0.0697761 0.997563 0
    outer loop
      vertex 7.63956 -31.5591 0.6
      vertex 6.79463 -31.6182 0
      vertex 6.79463 -31.6182 0.6
    endloop
  endfacet
  facet normal -0.0697761 0.997563 0
    outer loop
      vertex 7.63956 -31.5591 0.6
      vertex 7.63956 -31.5591 0
      vertex 6.79463 -31.6182 0
    endloop
  endfacet
  facet normal 0.437345 0.899294 0
    outer loop
      vertex 8.97736 -32.2097 0.6
      vertex 7.63956 -31.5591 0
      vertex 7.63956 -31.5591 0.6
    endloop
  endfacet
  facet normal 0.437345 0.899294 0
    outer loop
      vertex 8.97736 -32.2097 0.6
      vertex 8.97736 -32.2097 0
      vertex 7.63956 -31.5591 0
    endloop
  endfacet
endsolid OpenSCAD_Model
