solid OpenSCAD_Model
  facet normal 0.0867725 0.991768 0.0941642
    outer loop
      vertex 7.03415 -5.2008 57.592
      vertex 8.73517 -5.35558 57.6547
      vertex 8.73852 -5.34992 57.592
    endloop
  endfacet
  facet normal 0.0867683 0.991759 0.0942577
    outer loop
      vertex 8.73517 -5.35558 57.6547
      vertex 7.03415 -5.2008 57.592
      vertex 7.03064 -5.20534 57.643
    endloop
  endfacet
  facet normal 0.087159 0.996194 -0
    outer loop
      vertex 8.72708 -5.36926 57.9141
      vertex 7.01938 -5.21985 61.9517
      vertex 8.72708 -5.36926 61.9517
    endloop
  endfacet
  facet normal 0.087159 0.996194 0
    outer loop
      vertex 7.01938 -5.21985 61.9517
      vertex 8.72708 -5.36926 57.9141
      vertex 7.01938 -5.21985 57.9141
    endloop
  endfacet
  facet normal 0.0867725 0.991768 -0.0941642
    outer loop
      vertex 8.73517 -5.35558 62.211
      vertex 7.03415 -5.2008 62.2737
      vertex 8.73852 -5.34992 62.2737
    endloop
  endfacet
  facet normal 0.0867683 0.991759 -0.0942577
    outer loop
      vertex 7.03415 -5.2008 62.2737
      vertex 8.73517 -5.35558 62.211
      vertex 7.03064 -5.20534 62.2227
    endloop
  endfacet
  facet normal 0.0871117 0.995703 0.0314024
    outer loop
      vertex 7.02307 -5.21509 57.7527
      vertex 8.72708 -5.36926 57.9141
      vertex 8.72994 -5.36442 57.7527
    endloop
  endfacet
  facet normal 0.0871161 0.995705 0.031357
    outer loop
      vertex 8.72708 -5.36926 57.9141
      vertex 7.02307 -5.21509 57.7527
      vertex 7.01938 -5.21985 57.9141
    endloop
  endfacet
  facet normal -0.0867648 -0.99177 0.0941466
    outer loop
      vertex 7.82551 3.90559 57.643
      vertex 9.53259 3.76666 57.7527
      vertex 7.81995 3.91649 57.7527
    endloop
  endfacet
  facet normal -0.0867726 -0.991756 0.0942855
    outer loop
      vertex 9.53259 3.76666 57.7527
      vertex 7.82551 3.90559 57.643
      vertex 9.53605 3.75705 57.6548
    endloop
  endfacet
  facet normal -0.0850536 -0.972184 0.218228
    outer loop
      vertex 7.85445 3.8488 57.3253
      vertex 9.54768 3.72475 57.4326
      vertex 7.8416 3.87401 57.4326
    endloop
  endfacet
  facet normal -0.0850506 -0.972199 0.218163
    outer loop
      vertex 9.54768 3.72475 57.4326
      vertex 7.85445 3.8488 57.3253
      vertex 9.55568 3.70253 57.3367
    endloop
  endfacet
  facet normal 0.068868 0.78731 -0.612699
    outer loop
      vertex 9.00116 -4.90065 63.4619
      vertex 7.36331 -4.72462 63.504
      vertex 9.02056 -4.86258 63.513
    endloop
  endfacet
  facet normal 0.0689007 0.787542 -0.612398
    outer loop
      vertex 7.36331 -4.72462 63.504
      vertex 9.00116 -4.90065 63.4619
      vertex 7.34231 -4.75552 63.4619
    endloop
  endfacet
  facet normal 0.0344734 0.394776 -0.91813
    outer loop
      vertex 9.45299 -3.95173 64.2766
      vertex 7.91929 -3.72082 64.3183
      vertex 9.48916 -3.86814 64.3139
    endloop
  endfacet
  facet normal 0.0364599 0.406991 -0.912704
    outer loop
      vertex 9.45299 -3.95173 64.2766
      vertex 7.91724 -3.72557 64.3161
      vertex 7.91929 -3.72082 64.3183
    endloop
  endfacet
  facet normal 0.0345601 0.395019 -0.918023
    outer loop
      vertex 7.91724 -3.72557 64.3161
      vertex 9.45299 -3.95173 64.2766
      vertex 7.87246 -3.81345 64.2766
    endloop
  endfacet
  facet normal 0.0688392 0.786838 0.613308
    outer loop
      vertex 9.00116 -4.90065 56.4038
      vertex 7.36331 -4.72462 56.3618
      vertex 7.34231 -4.75552 56.4038
    endloop
  endfacet
  facet normal 0.0689043 0.787301 0.612706
    outer loop
      vertex 7.36331 -4.72462 56.3618
      vertex 9.00116 -4.90065 56.4038
      vertex 9.02056 -4.86258 56.3527
    endloop
  endfacet
  facet normal 0.0394731 0.451635 -0.891329
    outer loop
      vertex 9.39279 -4.09084 64.2033
      vertex 7.82642 -3.90381 64.2287
      vertex 9.41772 -4.03322 64.2336
    endloop
  endfacet
  facet normal 0.0395964 0.4526 -0.890834
    outer loop
      vertex 7.82642 -3.90381 64.2287
      vertex 9.39279 -4.09084 64.2033
      vertex 7.80203 -3.95167 64.2033
    endloop
  endfacet
  facet normal -0.0776468 -0.887505 -0.454209
    outer loop
      vertex 7.97639 3.58887 63.1895
      vertex 9.63276 3.48843 63.1026
      vertex 9.64929 3.44251 63.1895
    endloop
  endfacet
  facet normal -0.0776386 -0.887701 -0.453827
    outer loop
      vertex 9.63276 3.48843 63.1026
      vertex 7.97639 3.58887 63.1895
      vertex 7.95402 3.64057 63.0922
    endloop
  endfacet
  facet normal -0.0490046 -0.560153 0.826939
    outer loop
      vertex 9.89075 2.67722 55.8354
      vertex 8.3134 2.72708 55.7757
      vertex 9.91429 2.59618 55.7819
    endloop
  endfacet
  facet normal -0.0490044 -0.560112 0.826966
    outer loop
      vertex 8.3134 2.72708 55.7757
      vertex 9.89075 2.67722 55.8354
      vertex 8.28063 2.81809 55.8354
    endloop
  endfacet
  facet normal -0.0395484 -0.452031 0.891125
    outer loop
      vertex 9.97548 2.33653 55.6321
      vertex 8.41334 2.38863 55.5892
      vertex 9.99477 2.25027 55.5892
    endloop
  endfacet
  facet normal -0.0395514 -0.452185 0.891047
    outer loop
      vertex 8.41334 2.38863 55.5892
      vertex 9.97548 2.33653 55.6321
      vertex 8.3852 2.48548 55.6371
    endloop
  endfacet
  facet normal -0.0396066 -0.452765 0.89075
    outer loop
      vertex 9.96185 2.39753 55.6625
      vertex 8.3852 2.48548 55.6371
      vertex 9.97548 2.33653 55.6321
    endloop
  endfacet
  facet normal -0.0396012 -0.452653 0.890807
    outer loop
      vertex 8.3852 2.48548 55.6371
      vertex 9.96185 2.39753 55.6625
      vertex 8.3703 2.53677 55.6625
    endloop
  endfacet
  facet normal 0.00162733 -0.27382 0.96178
    outer loop
      vertex 10.0634 1.94311 55.4704
      vertex 10.0794 1.85153 55.4443
      vertex 10.0684 1.92066 55.464
    endloop
  endfacet
  facet normal -0.0243152 -0.277929 0.960294
    outer loop
      vertex 10.0634 1.94311 55.4704
      vertex 8.51945 1.97764 55.4413
      vertex 10.0794 1.85153 55.4443
    endloop
  endfacet
  facet normal -0.0243148 -0.277908 0.9603
    outer loop
      vertex 8.51945 1.97764 55.4413
      vertex 10.0634 1.94311 55.4704
      vertex 8.49652 2.0802 55.4704
    endloop
  endfacet
  facet normal 0.0776603 0.887659 0.453905
    outer loop
      vertex 7.21568 -4.94185 56.7229
      vertex 8.86511 -5.13586 56.8201
      vertex 8.8901 -5.09361 56.7332
    endloop
  endfacet
  facet normal 0.0776554 0.887638 0.453947
    outer loop
      vertex 8.86511 -5.13586 56.8201
      vertex 7.21568 -4.94185 56.7229
      vertex 7.1838 -4.98877 56.8201
    endloop
  endfacet
  facet normal 0.0850534 0.972154 -0.218365
    outer loop
      vertex 8.75277 -5.32583 62.4332
      vertex 7.07005 -5.15453 62.5404
      vertex 8.76487 -5.30537 62.529
    endloop
  endfacet
  facet normal 0.0850528 0.972152 -0.218373
    outer loop
      vertex 7.07005 -5.15453 62.5404
      vertex 8.75277 -5.32583 62.4332
      vertex 7.05256 -5.17708 62.4332
    endloop
  endfacet
  facet normal 0.0836989 0.956693 -0.278807
    outer loop
      vertex 8.78261 -5.27537 62.6514
      vertex 7.10731 -5.10132 62.7457
      vertex 8.79806 -5.24924 62.7457
    endloop
  endfacet
  facet normal 0.0836915 0.956668 -0.278894
    outer loop
      vertex 7.10731 -5.10132 62.7457
      vertex 8.78261 -5.27537 62.6514
      vertex 7.08758 -5.13035 62.6402
    endloop
  endfacet
  facet normal -0.0850536 -0.972184 -0.218228
    outer loop
      vertex 9.54768 3.72475 62.4332
      vertex 7.85445 3.8488 62.5405
      vertex 7.8416 3.87401 62.4332
    endloop
  endfacet
  facet normal -0.0850606 -0.97215 -0.218379
    outer loop
      vertex 7.85445 3.8488 62.5405
      vertex 9.54768 3.72475 62.4332
      vertex 9.55568 3.70253 62.529
    endloop
  endfacet
  facet normal -0.0443763 -0.507232 -0.860666
    outer loop
      vertex 8.3703 2.53677 64.2033
      vertex 9.94316 2.48112 64.155
      vertex 9.96185 2.39753 64.2033
    endloop
  endfacet
  facet normal -0.044373 -0.507044 -0.860777
    outer loop
      vertex 9.94316 2.48112 64.155
      vertex 8.3703 2.53677 64.2033
      vertex 8.34302 2.63066 64.1494
    endloop
  endfacet
  facet normal 0.0750093 0.85739 -0.509172
    outer loop
      vertex 8.90647 -5.06593 63.1895
      vertex 7.28389 -4.84149 63.3284
      vertex 8.95285 -4.9875 63.3284
    endloop
  endfacet
  facet normal 0.0750157 0.857412 -0.509133
    outer loop
      vertex 7.28389 -4.84149 63.3284
      vertex 8.90647 -5.06593 63.1895
      vertex 7.23098 -4.91934 63.1895
    endloop
  endfacet
  facet normal 0.0720666 0.823728 -0.562386
    outer loop
      vertex 8.98214 -4.93797 63.4048
      vertex 7.34231 -4.75552 63.4619
      vertex 9.00116 -4.90065 63.4619
    endloop
  endfacet
  facet normal 0.0721212 0.824063 -0.561888
    outer loop
      vertex 8.95285 -4.9875 63.3284
      vertex 7.34231 -4.75552 63.4619
      vertex 8.98214 -4.93797 63.4048
    endloop
  endfacet
  facet normal 0.0720804 0.823911 -0.562117
    outer loop
      vertex 7.34231 -4.75552 63.4619
      vertex 8.95285 -4.9875 63.3284
      vertex 7.28389 -4.84149 63.3284
    endloop
  endfacet
  facet normal 0.0396221 0.452802 0.89073
    outer loop
      vertex 7.82642 -3.90381 55.6371
      vertex 9.39279 -4.09084 55.6625
      vertex 9.41772 -4.03322 55.6321
    endloop
  endfacet
  facet normal 0.0395964 0.4526 0.890834
    outer loop
      vertex 9.39279 -4.09084 55.6625
      vertex 7.82642 -3.90381 55.6371
      vertex 7.80203 -3.95167 55.6625
    endloop
  endfacet
  facet normal -0.0836981 -0.956694 0.278803
    outer loop
      vertex 7.87685 3.80483 57.1696
      vertex 9.56082 3.68825 57.2751
      vertex 7.86045 3.83701 57.2751
    endloop
  endfacet
  facet normal -0.0837078 -0.956626 0.279032
    outer loop
      vertex 9.56082 3.68825 57.2751
      vertex 7.87685 3.80483 57.1696
      vertex 9.57103 3.65988 57.1809
    endloop
  endfacet
  facet normal -0.0850506 -0.972199 0.218166
    outer loop
      vertex 7.86045 3.83701 57.2751
      vertex 9.55568 3.70253 57.3367
      vertex 7.85445 3.8488 57.3253
    endloop
  endfacet
  facet normal -0.0850525 -0.972175 0.218271
    outer loop
      vertex 9.55568 3.70253 57.3367
      vertex 7.86045 3.83701 57.2751
      vertex 9.56082 3.68825 57.2751
    endloop
  endfacet
  facet normal -0.0860885 -0.983936 0.156393
    outer loop
      vertex 7.8416 3.87401 57.4326
      vertex 9.54194 3.74069 57.5298
      vertex 7.83238 3.89211 57.5414
    endloop
  endfacet
  facet normal -0.0860834 -0.983955 0.156277
    outer loop
      vertex 9.54194 3.74069 57.5298
      vertex 7.8416 3.87401 57.4326
      vertex 9.54768 3.72475 57.4326
    endloop
  endfacet
  facet normal -0.0799972 -0.914322 -0.397009
    outer loop
      vertex 7.94331 3.66532 63.0457
      vertex 9.60746 3.55871 62.9559
      vertex 9.62195 3.51845 63.0457
    endloop
  endfacet
  facet normal -0.0800008 -0.91426 -0.39715
    outer loop
      vertex 9.60746 3.55871 62.9559
      vertex 7.94331 3.66532 63.0457
      vertex 7.92369 3.71065 62.9453
    endloop
  endfacet
  facet normal 0.029516 0.33737 -0.940909
    outer loop
      vertex 9.53972 -3.74685 64.3635
      vertex 8.00453 -3.52385 64.3953
      vertex 9.57068 -3.66087 64.3953
    endloop
  endfacet
  facet normal 0.0295421 0.337541 -0.940847
    outer loop
      vertex 8.00453 -3.52385 64.3953
      vertex 9.53972 -3.74685 64.3635
      vertex 7.96327 -3.61919 64.3598
    endloop
  endfacet
  facet normal 0.0836738 0.956336 0.280036
    outer loop
      vertex 8.77264 -5.29222 57.2751
      vertex 7.0789 -5.14312 57.272
      vertex 7.07824 -5.14397 57.2751
    endloop
  endfacet
  facet normal 0.0837036 0.956652 0.278944
    outer loop
      vertex 8.77264 -5.29222 57.2751
      vertex 7.08758 -5.13035 57.2256
      vertex 7.0789 -5.14312 57.272
    endloop
  endfacet
  facet normal 0.0837085 0.956677 0.278858
    outer loop
      vertex 7.08758 -5.13035 57.2256
      vertex 8.77264 -5.29222 57.2751
      vertex 8.78261 -5.27537 57.2143
    endloop
  endfacet
  facet normal -0.081996 -0.937358 0.338579
    outer loop
      vertex 7.91384 3.73224 56.9682
      vertex 9.59001 3.60718 57.0279
      vertex 7.90443 3.75069 57.017
    endloop
  endfacet
  facet normal -0.0819989 -0.937236 0.338917
    outer loop
      vertex 9.59001 3.60718 57.0279
      vertex 7.91384 3.73224 56.9682
      vertex 9.59803 3.58489 56.9682
    endloop
  endfacet
  facet normal 0.0860817 0.983951 -0.156302
    outer loop
      vertex 8.73852 -5.34992 62.2737
      vertex 7.04 -5.19327 62.3244
      vertex 8.74408 -5.34051 62.336
    endloop
  endfacet
  facet normal 0.0860916 0.983986 -0.156076
    outer loop
      vertex 7.04 -5.19327 62.3244
      vertex 8.73852 -5.34992 62.2737
      vertex 7.03415 -5.2008 62.2737
    endloop
  endfacet
  facet normal 0.0860851 0.983951 -0.156301
    outer loop
      vertex 8.74408 -5.34051 62.336
      vertex 7.05256 -5.17708 62.4332
      vertex 8.75277 -5.32583 62.4332
    endloop
  endfacet
  facet normal 0.0860813 0.983943 -0.156353
    outer loop
      vertex 7.05256 -5.17708 62.4332
      vertex 8.74408 -5.34051 62.336
      vertex 7.04 -5.19327 62.3244
    endloop
  endfacet
  facet normal -0.0295132 -0.337323 0.940926
    outer loop
      vertex 10.0432 2.03358 55.5022
      vertex 8.49652 2.0802 55.4704
      vertex 10.0634 1.94311 55.4704
    endloop
  endfacet
  facet normal -0.0295158 -0.337438 0.940885
    outer loop
      vertex 10.0432 2.03358 55.5022
      vertex 8.4751 2.17604 55.5041
      vertex 8.49652 2.0802 55.4704
    endloop
  endfacet
  facet normal -0.0298367 -0.340953 0.939607
    outer loop
      vertex 8.4751 2.17604 55.5041
      vertex 10.0432 2.03358 55.5022
      vertex 8.47362 2.18113 55.5059
    endloop
  endfacet
  facet normal 0.00300291 0.0950848 0.995465
    outer loop
      vertex 9.7646 -3.1114 55.3562
      vertex 9.73603 -3.20158 55.3649
      vertex 9.74833 -3.16742 55.3616
    endloop
  endfacet
  facet normal 0.00817344 0.0934588 0.99559
    outer loop
      vertex 8.22727 -2.9663 55.3552
      vertex 9.73603 -3.20158 55.3649
      vertex 9.7646 -3.1114 55.3562
    endloop
  endfacet
  facet normal 0.0081801 0.0935013 0.995586
    outer loop
      vertex 9.73603 -3.20158 55.3649
      vertex 8.22727 -2.9663 55.3552
      vertex 8.19122 -3.06643 55.3649
    endloop
  endfacet
  facet normal -0.0776751 -0.887782 0.453663
    outer loop
      vertex 7.95402 3.64057 56.7735
      vertex 9.62195 3.51845 56.8201
      vertex 7.94331 3.66532 56.8201
    endloop
  endfacet
  facet normal -0.0776753 -0.887795 0.453637
    outer loop
      vertex 9.62195 3.51845 56.8201
      vertex 7.95402 3.64057 56.7735
      vertex 9.63276 3.48843 56.7632
    endloop
  endfacet
  facet normal -0.0860866 -0.983978 -0.15613
    outer loop
      vertex 9.53826 3.75091 62.2737
      vertex 7.83238 3.89211 62.3244
      vertex 7.82809 3.90053 62.2737
    endloop
  endfacet
  facet normal -0.0860899 -0.983946 -0.156326
    outer loop
      vertex 7.83238 3.89211 62.3244
      vertex 9.53826 3.75091 62.2737
      vertex 9.54194 3.74069 62.336
    endloop
  endfacet
  facet normal -0.0576245 -0.658611 -0.750274
    outer loop
      vertex 8.23304 2.95029 63.9314
      vertex 9.81635 2.93331 63.8247
      vertex 9.85258 2.80859 63.9314
    endloop
  endfacet
  facet normal -0.0576226 -0.65865 -0.75024
    outer loop
      vertex 9.81635 2.93331 63.8247
      vertex 8.23304 2.95029 63.9314
      vertex 8.18786 3.07578 63.8247
    endloop
  endfacet
  facet normal -0.0689025 -0.787587 -0.612339
    outer loop
      vertex 9.71381 3.26331 63.4619
      vertex 8.06917 3.37446 63.504
      vertex 8.05445 3.40848 63.4619
    endloop
  endfacet
  facet normal -0.0688904 -0.787237 -0.612791
    outer loop
      vertex 8.06917 3.37446 63.504
      vertex 9.71381 3.26331 63.4619
      vertex 9.72859 3.22224 63.513
    endloop
  endfacet
  facet normal 0.00162733 -0.27382 -0.96178
    outer loop
      vertex 10.0794 1.85153 64.4214
      vertex 10.0634 1.94311 64.3953
      vertex 10.0684 1.92066 64.4017
    endloop
  endfacet
  facet normal -0.0243152 -0.277929 -0.960294
    outer loop
      vertex 8.51945 1.97764 64.4244
      vertex 10.0634 1.94311 64.3953
      vertex 10.0794 1.85153 64.4214
    endloop
  endfacet
  facet normal -0.0243148 -0.277908 -0.9603
    outer loop
      vertex 10.0634 1.94311 64.3953
      vertex 8.51945 1.97764 64.4244
      vertex 8.49652 2.0802 64.3953
    endloop
  endfacet
  facet normal -0.0190503 -0.217741 -0.975821
    outer loop
      vertex 8.56805 1.76022 64.4756
      vertex 10.1006 1.71756 64.4552
      vertex 10.1153 1.62485 64.4756
    endloop
  endfacet
  facet normal -0.0190401 -0.217329 -0.975913
    outer loop
      vertex 10.1006 1.71756 64.4552
      vertex 8.56805 1.76022 64.4756
      vertex 8.54481 1.86419 64.4529
    endloop
  endfacet
  facet normal 0.0776811 0.887877 0.453475
    outer loop
      vertex 7.23098 -4.91934 56.6762
      vertex 8.8901 -5.09361 56.7332
      vertex 8.90647 -5.06593 56.6762
    endloop
  endfacet
  facet normal 0.077685 0.8879 0.45343
    outer loop
      vertex 8.8901 -5.09361 56.7332
      vertex 7.23098 -4.91934 56.6762
      vertex 7.21568 -4.94185 56.7229
    endloop
  endfacet
  facet normal 0.0860875 0.983939 0.156377
    outer loop
      vertex 8.73852 -5.34992 57.592
      vertex 7.04 -5.19327 57.5414
      vertex 7.03415 -5.2008 57.592
    endloop
  endfacet
  facet normal 0.08608 0.983912 0.156547
    outer loop
      vertex 7.04 -5.19327 57.5414
      vertex 8.73852 -5.34992 57.592
      vertex 8.74408 -5.34051 57.5298
    endloop
  endfacet
  facet normal 0.0867708 0.991775 0.0940929
    outer loop
      vertex 7.03064 -5.20534 57.643
      vertex 8.72994 -5.36442 57.7527
      vertex 8.73517 -5.35558 57.6547
    endloop
  endfacet
  facet normal 0.0867677 0.991771 0.0941349
    outer loop
      vertex 8.72994 -5.36442 57.7527
      vertex 7.03064 -5.20534 57.643
      vertex 7.02307 -5.21509 57.7527
    endloop
  endfacet
  facet normal 0.0819997 0.937272 -0.338819
    outer loop
      vertex 8.8168 -5.21756 62.8379
      vertex 7.14252 -5.0495 62.8976
      vertex 8.82893 -5.19704 62.8976
    endloop
  endfacet
  facet normal 0.0820134 0.93734 -0.338625
    outer loop
      vertex 7.14252 -5.0495 62.8976
      vertex 8.8168 -5.21756 62.8379
      vertex 7.13121 -5.06614 62.8488
    endloop
  endfacet
  facet normal 0.0867708 0.991775 -0.0940929
    outer loop
      vertex 8.72994 -5.36442 62.113
      vertex 7.03064 -5.20534 62.2227
      vertex 8.73517 -5.35558 62.211
    endloop
  endfacet
  facet normal 0.0867677 0.991771 -0.0941349
    outer loop
      vertex 7.03064 -5.20534 62.2227
      vertex 8.72994 -5.36442 62.113
      vertex 7.02307 -5.21509 62.113
    endloop
  endfacet
  facet normal -0.0242753 -0.277465 0.960429
    outer loop
      vertex 10.0794 1.85153 55.4443
      vertex 8.532 1.92149 55.4254
      vertex 10.0899 1.78519 55.4254
    endloop
  endfacet
  facet normal -0.0242724 -0.277396 0.960449
    outer loop
      vertex 8.532 1.92149 55.4254
      vertex 10.0794 1.85153 55.4443
      vertex 8.51945 1.97764 55.4413
    endloop
  endfacet
  facet normal -0.03461 -0.395608 0.917767
    outer loop
      vertex 9.99477 2.25027 55.5892
      vertex 8.44218 2.28936 55.5475
      vertex 10.0145 2.16178 55.5518
    endloop
  endfacet
  facet normal -0.0346097 -0.395583 0.917778
    outer loop
      vertex 8.44218 2.28936 55.5475
      vertex 9.99477 2.25027 55.5892
      vertex 8.41334 2.38863 55.5892
    endloop
  endfacet
  facet normal -0.0189614 -0.216724 0.976049
    outer loop
      vertex 10.1006 1.71756 55.4105
      vertex 8.56805 1.76022 55.3902
      vertex 10.1153 1.62485 55.3902
    endloop
  endfacet
  facet normal -0.0189761 -0.217316 0.975917
    outer loop
      vertex 8.56805 1.76022 55.3902
      vertex 10.1006 1.71756 55.4105
      vertex 8.54481 1.86419 55.4129
    endloop
  endfacet
  facet normal -0.0871137 -0.995703 0.0314027
    outer loop
      vertex 7.8181 3.92013 57.8629
      vertex 9.5307 3.77191 57.9141
      vertex 7.81724 3.92182 57.9141
    endloop
  endfacet
  facet normal -0.087113 -0.995704 0.0313767
    outer loop
      vertex 9.5307 3.77191 57.9141
      vertex 7.8181 3.92013 57.8629
      vertex 9.53144 3.76986 57.8511
    endloop
  endfacet
  facet normal -0.0871125 -0.995703 0.0314265
    outer loop
      vertex 7.81995 3.91649 57.7527
      vertex 9.53144 3.76986 57.8511
      vertex 7.8181 3.92013 57.8629
    endloop
  endfacet
  facet normal -0.0871091 -0.995705 0.0313626
    outer loop
      vertex 9.53144 3.76986 57.8511
      vertex 7.81995 3.91649 57.7527
      vertex 9.53259 3.76666 57.7527
    endloop
  endfacet
  facet normal -0.0653829 -0.747305 0.661257
    outer loop
      vertex 8.13128 3.23095 56.1955
      vertex 9.75025 3.1608 56.2763
      vertex 8.09912 3.30526 56.2763
    endloop
  endfacet
  facet normal -0.0653788 -0.747623 0.660897
    outer loop
      vertex 9.75025 3.1608 56.2763
      vertex 8.13128 3.23095 56.1955
      vertex 9.76933 3.09513 56.2039
    endloop
  endfacet
  facet normal -0.0819983 -0.937267 0.338831
    outer loop
      vertex 7.90443 3.75069 57.017
      vertex 9.57762 3.64158 57.1201
      vertex 7.88456 3.7897 57.1201
    endloop
  endfacet
  facet normal -0.0819932 -0.937316 0.338696
    outer loop
      vertex 9.57762 3.64158 57.1201
      vertex 7.90443 3.75069 57.017
      vertex 9.59001 3.60718 57.0279
    endloop
  endfacet
  facet normal -0.0720858 -0.823924 0.562097
    outer loop
      vertex 8.05445 3.40848 56.4038
      vertex 9.67995 3.35734 56.5373
      vertex 8.01349 3.50314 56.5373
    endloop
  endfacet
  facet normal -0.0720836 -0.823949 0.562061
    outer loop
      vertex 9.67995 3.35734 56.5373
      vertex 8.05445 3.40848 56.4038
      vertex 9.71381 3.26331 56.4038
    endloop
  endfacet
  facet normal -0.0776657 -0.887702 0.453821
    outer loop
      vertex 7.97639 3.58887 56.6762
      vertex 9.63276 3.48843 56.7632
      vertex 7.95402 3.64057 56.7735
    endloop
  endfacet
  facet normal -0.0776652 -0.887716 0.453794
    outer loop
      vertex 9.63276 3.48843 56.7632
      vertex 7.97639 3.58887 56.6762
      vertex 9.64929 3.44251 56.6762
    endloop
  endfacet
  facet normal -0.0189715 -0.216604 -0.976075
    outer loop
      vertex 8.54481 1.86419 64.4529
      vertex 10.0899 1.78519 64.4404
      vertex 10.1006 1.71756 64.4552
    endloop
  endfacet
  facet normal -0.0189985 -0.217152 -0.975953
    outer loop
      vertex 10.0899 1.78519 64.4404
      vertex 8.54481 1.86419 64.4529
      vertex 8.532 1.92149 64.4404
    endloop
  endfacet
  facet normal -0.0346157 -0.39568 -0.917736
    outer loop
      vertex 8.45767 2.23605 64.3407
      vertex 10.0145 2.16178 64.314
      vertex 10.0287 2.09861 64.3407
    endloop
  endfacet
  facet normal -0.0346155 -0.395676 -0.917737
    outer loop
      vertex 10.0145 2.16178 64.314
      vertex 8.45767 2.23605 64.3407
      vertex 8.44218 2.28936 64.3183
    endloop
  endfacet
  facet normal -0.0243937 -0.278818 -0.960034
    outer loop
      vertex 8.532 1.92149 64.4404
      vertex 10.0794 1.85153 64.4214
      vertex 10.0899 1.78519 64.4404
    endloop
  endfacet
  facet normal -0.0244013 -0.279001 -0.959981
    outer loop
      vertex 10.0794 1.85153 64.4214
      vertex 8.532 1.92149 64.4404
      vertex 8.51945 1.97764 64.4244
    endloop
  endfacet
  facet normal 0.0799913 0.914339 -0.396971
    outer loop
      vertex 8.84319 -5.17293 62.9559
      vertex 7.1838 -4.98877 63.0457
      vertex 8.86511 -5.13586 63.0457
    endloop
  endfacet
  facet normal 0.0799614 0.914214 -0.397265
    outer loop
      vertex 7.1838 -4.98877 63.0457
      vertex 8.84319 -5.17293 62.9559
      vertex 7.15581 -5.02995 62.9453
    endloop
  endfacet
  facet normal -0.0136078 -0.155538 -0.987736
    outer loop
      vertex 8.60172 1.59724 64.5008
      vertex 10.1153 1.62485 64.4756
      vertex 10.141 1.46257 64.5008
    endloop
  endfacet
  facet normal -0.0135967 -0.156074 -0.987652
    outer loop
      vertex 8.59501 1.63959 64.4942
      vertex 10.1153 1.62485 64.4756
      vertex 8.60172 1.59724 64.5008
    endloop
  endfacet
  facet normal -0.013591 -0.155342 -0.987767
    outer loop
      vertex 10.1153 1.62485 64.4756
      vertex 8.59501 1.63959 64.4942
      vertex 8.56805 1.76022 64.4756
    endloop
  endfacet
  facet normal -0.0776407 -0.887389 -0.454437
    outer loop
      vertex 9.62195 3.51845 63.0457
      vertex 7.95402 3.64057 63.0922
      vertex 7.94331 3.66532 63.0457
    endloop
  endfacet
  facet normal -0.0776483 -0.887795 -0.453642
    outer loop
      vertex 7.95402 3.64057 63.0922
      vertex 9.62195 3.51845 63.0457
      vertex 9.63276 3.48843 63.1026
    endloop
  endfacet
  facet normal -0.0860834 -0.983955 -0.156277
    outer loop
      vertex 7.8416 3.87401 62.4332
      vertex 9.54194 3.74069 62.336
      vertex 9.54768 3.72475 62.4332
    endloop
  endfacet
  facet normal -0.0860885 -0.983936 -0.156393
    outer loop
      vertex 9.54194 3.74069 62.336
      vertex 7.8416 3.87401 62.4332
      vertex 7.83238 3.89211 62.3244
    endloop
  endfacet
  facet normal 0.0396199 0.452852 -0.890705
    outer loop
      vertex 9.41772 -4.03322 64.2336
      vertex 7.87246 -3.81345 64.2766
      vertex 9.45299 -3.95173 64.2766
    endloop
  endfacet
  facet normal 0.0395186 0.452205 -0.891038
    outer loop
      vertex 7.87246 -3.81345 64.2766
      vertex 9.41772 -4.03322 64.2336
      vertex 7.82642 -3.90381 64.2287
    endloop
  endfacet
  facet normal 0.0136736 0.156294 0.987616
    outer loop
      vertex 8.19122 -3.06643 55.3649
      vertex 9.70383 -3.29102 55.3795
      vertex 9.73603 -3.20158 55.3649
    endloop
  endfacet
  facet normal 0.0135729 0.155622 0.987723
    outer loop
      vertex 9.70383 -3.29102 55.3795
      vertex 8.19122 -3.06643 55.3649
      vertex 8.15533 -3.16612 55.3811
    endloop
  endfacet
  facet normal 0.0190084 0.21726 0.975929
    outer loop
      vertex 8.13533 -3.22157 55.3902
      vertex 9.62499 -3.51002 55.4254
      vertex 9.68017 -3.35673 55.3902
    endloop
  endfacet
  facet normal 0.0190084 0.217261 0.975929
    outer loop
      vertex 9.62499 -3.51002 55.4254
      vertex 8.13533 -3.22157 55.3902
      vertex 8.06941 -3.37392 55.4254
    endloop
  endfacet
  facet normal 0 0 1
    outer loop
      vertex 8.75 0 55.3447
      vertex 10.25 0 55.3447
      vertex 10.2298 0.643602 55.3447
    endloop
  endfacet
  facet normal 0 0 1
    outer loop
      vertex 8.73273 0.549417 55.3447
      vertex 10.2298 0.643602 55.3447
      vertex 10.1833 1.13561 55.3447
    endloop
  endfacet
  facet normal 0 0 1
    outer loop
      vertex 10.25 0 55.3447
      vertex 8.75 0 55.3447
      vertex 10.2298 -0.643602 55.3447
    endloop
  endfacet
  facet normal -0 0 1
    outer loop
      vertex 8.73273 -0.549417 55.3447
      vertex 10.2298 -0.643602 55.3447
      vertex 8.75 0 55.3447
    endloop
  endfacet
  facet normal -0 0 1
    outer loop
      vertex 8.681 -1.09667 55.3447
      vertex 10.1692 -1.28467 55.3447
      vertex 8.73273 -0.549417 55.3447
    endloop
  endfacet
  facet normal 0 0 1
    outer loop
      vertex 10.1692 -1.28467 55.3447
      vertex 8.681 -1.09667 55.3447
      vertex 10.0684 -1.92066 55.3447
    endloop
  endfacet
  facet normal 0 0 1
    outer loop
      vertex 10.2298 -0.643602 55.3447
      vertex 8.73273 -0.549417 55.3447
      vertex 10.1692 -1.28467 55.3447
    endloop
  endfacet
  facet normal 0 0 1
    outer loop
      vertex 10.2298 0.643602 55.3447
      vertex 8.73273 0.549417 55.3447
      vertex 8.75 0 55.3447
    endloop
  endfacet
  facet normal 0 0 1
    outer loop
      vertex 10.1833 1.13561 55.3447
      vertex 8.681 1.09667 55.3447
      vertex 8.73273 0.549417 55.3447
    endloop
  endfacet
  facet normal 0 -0 1
    outer loop
      vertex 8.681 1.09667 55.3447
      vertex 10.1833 1.13561 55.3447
      vertex 8.65364 1.26943 55.3447
    endloop
  endfacet
  facet normal -0 0 1
    outer loop
      vertex 8.59501 -1.63959 55.3447
      vertex 10.0684 -1.92066 55.3447
      vertex 8.681 -1.09667 55.3447
    endloop
  endfacet
  facet normal 0 0 1
    outer loop
      vertex 10.0684 -1.92066 55.3447
      vertex 8.59501 -1.63959 55.3447
      vertex 9.92798 -2.54907 55.3447
    endloop
  endfacet
  facet normal -0 0 1
    outer loop
      vertex 8.4751 -2.17604 55.3447
      vertex 9.92798 -2.54907 55.3447
      vertex 8.59501 -1.63959 55.3447
    endloop
  endfacet
  facet normal 0 0 1
    outer loop
      vertex 9.92798 -2.54907 55.3447
      vertex 8.4751 -2.17604 55.3447
      vertex 9.82994 -2.88653 55.3447
    endloop
  endfacet
  facet normal -0 0 1
    outer loop
      vertex 8.32174 -2.7039 55.3447
      vertex 9.82994 -2.88653 55.3447
      vertex 8.4751 -2.17604 55.3447
    endloop
  endfacet
  facet normal 0 0 1
    outer loop
      vertex 9.82994 -2.88653 55.3447
      vertex 8.32174 -2.7039 55.3447
      vertex 8.30405 -2.75304 55.3447
    endloop
  endfacet
  facet normal -0.00273159 -0.0312241 0.999509
    outer loop
      vertex 10.1744 1.22922 55.3476
      vertex 8.65364 1.26943 55.3447
      vertex 10.1833 1.13561 55.3447
    endloop
  endfacet
  facet normal -0.00272339 -0.0309132 0.999518
    outer loop
      vertex 8.65364 1.26943 55.3447
      vertex 10.1744 1.22922 55.3476
      vertex 8.63702 1.37436 55.3479
    endloop
  endfacet
  facet normal -0.0295434 -0.337862 0.940732
    outer loop
      vertex 10.0287 2.09861 55.5251
      vertex 8.47362 2.18113 55.5059
      vertex 10.0432 2.03358 55.5022
    endloop
  endfacet
  facet normal -0.0295258 -0.3375 0.940862
    outer loop
      vertex 8.47362 2.18113 55.5059
      vertex 10.0287 2.09861 55.5251
      vertex 8.45767 2.23605 55.5251
    endloop
  endfacet
  facet normal -0.0346157 -0.39568 0.917736
    outer loop
      vertex 10.0145 2.16178 55.5518
      vertex 8.45767 2.23605 55.5251
      vertex 10.0287 2.09861 55.5251
    endloop
  endfacet
  facet normal -0.0346155 -0.395676 0.917737
    outer loop
      vertex 8.45767 2.23605 55.5251
      vertex 10.0145 2.16178 55.5518
      vertex 8.44218 2.28936 55.5475
    endloop
  endfacet
  facet normal 0.0576231 0.658651 0.750239
    outer loop
      vertex 7.59679 -4.33522 55.9343
      vertex 9.15775 -4.59332 56.041
      vertex 9.21704 -4.47697 55.9343
    endloop
  endfacet
  facet normal 0.0576219 0.658646 0.750244
    outer loop
      vertex 9.15775 -4.59332 56.041
      vertex 7.59679 -4.33522 55.9343
      vertex 7.52845 -4.45078 56.041
    endloop
  endfacet
  facet normal 0.029516 0.33737 0.940909
    outer loop
      vertex 8.00453 -3.52385 55.4704
      vertex 9.53972 -3.74685 55.5022
      vertex 9.57068 -3.66087 55.4704
    endloop
  endfacet
  facet normal 0.0295421 0.337541 0.940847
    outer loop
      vertex 9.53972 -3.74685 55.5022
      vertex 8.00453 -3.52385 55.4704
      vertex 7.96327 -3.61919 55.5059
    endloop
  endfacet
  facet normal -0.0798434 -0.565231 0.82106
    outer loop
      vertex 9.91429 2.59618 55.7819
      vertex 9.93006 2.53977 55.7446
      vertex 9.92798 2.54907 55.7508
    endloop
  endfacet
  facet normal -0.0490285 -0.560394 0.826774
    outer loop
      vertex 9.91429 2.59618 55.7819
      vertex 8.32872 2.67987 55.7446
      vertex 9.93006 2.53977 55.7446
    endloop
  endfacet
  facet normal -0.0490515 -0.56102 0.826348
    outer loop
      vertex 9.91429 2.59618 55.7819
      vertex 8.32174 2.7039 55.7605
      vertex 8.32872 2.67987 55.7446
    endloop
  endfacet
  facet normal -0.0489898 -0.559965 0.827067
    outer loop
      vertex 8.32174 2.7039 55.7605
      vertex 9.91429 2.59618 55.7819
      vertex 8.3134 2.72708 55.7757
    endloop
  endfacet
  facet normal -0.0576245 -0.658611 0.750274
    outer loop
      vertex 9.81635 2.93331 56.041
      vertex 8.23304 2.95029 55.9343
      vertex 9.85258 2.80859 55.9343
    endloop
  endfacet
  facet normal -0.0576226 -0.65865 0.75024
    outer loop
      vertex 8.23304 2.95029 55.9343
      vertex 9.81635 2.93331 56.041
      vertex 8.18786 3.07578 56.041
    endloop
  endfacet
  facet normal -0.0871091 -0.995705 -0.0313626
    outer loop
      vertex 7.81995 3.91649 62.113
      vertex 9.53144 3.76986 62.0146
      vertex 9.53259 3.76666 62.113
    endloop
  endfacet
  facet normal -0.0871125 -0.995703 -0.0314265
    outer loop
      vertex 9.53144 3.76986 62.0146
      vertex 7.81995 3.91649 62.113
      vertex 7.8181 3.92013 62.0028
    endloop
  endfacet
  facet normal -0.0871136 -0.995701 -0.0314641
    outer loop
      vertex 9.5307 3.77191 61.9517
      vertex 7.8181 3.92013 62.0028
      vertex 7.81724 3.92182 61.9517
    endloop
  endfacet
  facet normal -0.0871125 -0.995703 -0.0314265
    outer loop
      vertex 7.8181 3.92013 62.0028
      vertex 9.5307 3.77191 61.9517
      vertex 9.53144 3.76986 62.0146
    endloop
  endfacet
  facet normal -0.086773 -0.991782 0.0940107
    outer loop
      vertex 7.82809 3.90053 57.592
      vertex 9.53605 3.75705 57.6548
      vertex 7.82551 3.90559 57.643
    endloop
  endfacet
  facet normal -0.0867703 -0.991792 0.0939146
    outer loop
      vertex 9.53605 3.75705 57.6548
      vertex 7.82809 3.90053 57.592
      vertex 9.53826 3.75091 57.592
    endloop
  endfacet
  facet normal -0.0800146 -0.914556 0.396465
    outer loop
      vertex 7.91724 3.72557 56.9535
      vertex 9.59803 3.58489 56.9682
      vertex 7.91384 3.73224 56.9682
    endloop
  endfacet
  facet normal -0.0799827 -0.914053 0.39763
    outer loop
      vertex 7.92369 3.71065 56.9205
      vertex 9.59803 3.58489 56.9682
      vertex 7.91724 3.72557 56.9535
    endloop
  endfacet
  facet normal -0.0799854 -0.914339 0.396971
    outer loop
      vertex 9.59803 3.58489 56.9682
      vertex 7.92369 3.71065 56.9205
      vertex 9.60746 3.55871 56.9098
    endloop
  endfacet
  facet normal -0.0837023 -0.956538 0.279335
    outer loop
      vertex 7.88456 3.7897 57.1201
      vertex 9.57103 3.65988 57.1809
      vertex 7.87685 3.80483 57.1696
    endloop
  endfacet
  facet normal -0.0836961 -0.956673 0.278874
    outer loop
      vertex 9.57103 3.65988 57.1809
      vertex 7.88456 3.7897 57.1201
      vertex 9.57762 3.64158 57.1201
    endloop
  endfacet
  facet normal -0.0396215 -0.452867 -0.890697
    outer loop
      vertex 8.41334 2.38863 64.2766
      vertex 9.97548 2.33653 64.2336
      vertex 9.99477 2.25027 64.2766
    endloop
  endfacet
  facet normal -0.0396228 -0.452935 -0.890662
    outer loop
      vertex 9.97548 2.33653 64.2336
      vertex 8.41334 2.38863 64.2766
      vertex 8.3852 2.48548 64.2286
    endloop
  endfacet
  facet normal -0.0394937 -0.45158 -0.891356
    outer loop
      vertex 8.3852 2.48548 64.2286
      vertex 9.96185 2.39753 64.2033
      vertex 9.97548 2.33653 64.2336
    endloop
  endfacet
  facet normal -0.0394774 -0.451237 -0.891531
    outer loop
      vertex 9.96185 2.39753 64.2033
      vertex 8.3852 2.48548 64.2286
      vertex 8.3703 2.53677 64.2033
    endloop
  endfacet
  facet normal -0.105278 -0.567812 -0.816398
    outer loop
      vertex 9.93006 2.53977 64.1211
      vertex 9.91429 2.59618 64.0839
      vertex 9.92798 2.54907 64.1149
    endloop
  endfacet
  facet normal -0.0489385 -0.559366 -0.827475
    outer loop
      vertex 8.32872 2.67987 64.1211
      vertex 9.91429 2.59618 64.0839
      vertex 9.93006 2.53977 64.1211
    endloop
  endfacet
  facet normal -0.0489108 -0.558616 -0.827983
    outer loop
      vertex 8.32174 2.7039 64.1053
      vertex 9.91429 2.59618 64.0839
      vertex 8.32872 2.67987 64.1211
    endloop
  endfacet
  facet normal -0.0491357 -0.562461 -0.825363
    outer loop
      vertex 9.91429 2.59618 64.0839
      vertex 8.32174 2.7039 64.1053
      vertex 8.3134 2.72708 64.09
    endloop
  endfacet
  facet normal -0.0819983 -0.937267 -0.338831
    outer loop
      vertex 9.57762 3.64158 62.7457
      vertex 7.90443 3.75069 62.8488
      vertex 7.88456 3.7897 62.7457
    endloop
  endfacet
  facet normal -0.0820054 -0.937199 -0.339018
    outer loop
      vertex 7.90443 3.75069 62.8488
      vertex 9.57762 3.64158 62.7457
      vertex 9.59001 3.60718 62.8378
    endloop
  endfacet
  facet normal -0.0836953 -0.95669 -0.278819
    outer loop
      vertex 9.57103 3.65988 62.6849
      vertex 7.88456 3.7897 62.7457
      vertex 7.87685 3.80483 62.6961
    endloop
  endfacet
  facet normal -0.0836961 -0.956673 -0.278874
    outer loop
      vertex 7.88456 3.7897 62.7457
      vertex 9.57103 3.65988 62.6849
      vertex 9.57762 3.64158 62.7457
    endloop
  endfacet
  facet normal -0.03461 -0.395608 -0.917767
    outer loop
      vertex 8.44218 2.28936 64.3183
      vertex 9.99477 2.25027 64.2766
      vertex 10.0145 2.16178 64.314
    endloop
  endfacet
  facet normal -0.0346097 -0.395583 -0.917778
    outer loop
      vertex 9.99477 2.25027 64.2766
      vertex 8.44218 2.28936 64.3183
      vertex 8.41334 2.38863 64.2766
    endloop
  endfacet
  facet normal -0.0294804 -0.336565 -0.941199
    outer loop
      vertex 8.47362 2.18113 64.3599
      vertex 10.0287 2.09861 64.3407
      vertex 10.0432 2.03358 64.3635
    endloop
  endfacet
  facet normal -0.0295258 -0.3375 -0.940862
    outer loop
      vertex 10.0287 2.09861 64.3407
      vertex 8.47362 2.18113 64.3599
      vertex 8.45767 2.23605 64.3407
    endloop
  endfacet
  facet normal -0.0295132 -0.337323 -0.940926
    outer loop
      vertex 8.49652 2.0802 64.3953
      vertex 10.0432 2.03358 64.3635
      vertex 10.0634 1.94311 64.3953
    endloop
  endfacet
  facet normal -0.0295158 -0.337438 -0.940885
    outer loop
      vertex 8.4751 2.17604 64.3616
      vertex 10.0432 2.03358 64.3635
      vertex 8.49652 2.0802 64.3953
    endloop
  endfacet
  facet normal -0.0282939 -0.324052 -0.945616
    outer loop
      vertex 10.0432 2.03358 64.3635
      vertex 8.4751 2.17604 64.3616
      vertex 8.47362 2.18113 64.3599
    endloop
  endfacet
  facet normal -0.0720858 -0.823924 -0.562097
    outer loop
      vertex 9.67995 3.35734 63.3284
      vertex 8.05445 3.40848 63.4619
      vertex 8.01349 3.50314 63.3284
    endloop
  endfacet
  facet normal -0.0720836 -0.823949 -0.562061
    outer loop
      vertex 8.05445 3.40848 63.4619
      vertex 9.67995 3.35734 63.3284
      vertex 9.71381 3.26331 63.4619
    endloop
  endfacet
  facet normal 0.0027535 0.0314746 -0.999501
    outer loop
      vertex 9.78405 -3.04447 64.516
      vertex 8.30405 -2.75304 64.5211
      vertex 9.82994 -2.88653 64.5211
    endloop
  endfacet
  facet normal 0.00275387 0.0314765 -0.999501
    outer loop
      vertex 8.30405 -2.75304 64.5211
      vertex 9.78405 -3.04447 64.516
      vertex 8.24753 -2.91004 64.516
    endloop
  endfacet
  facet normal 0.0836845 0.956556 -0.27928
    outer loop
      vertex 8.77264 -5.29222 62.5907
      vertex 7.08758 -5.13035 62.6402
      vertex 8.78261 -5.27537 62.6514
    endloop
  endfacet
  facet normal 0.0837036 0.956652 -0.278944
    outer loop
      vertex 7.08758 -5.13035 62.6402
      vertex 8.77264 -5.29222 62.5907
      vertex 7.0789 -5.14312 62.5938
    endloop
  endfacet
  facet normal 0.0836738 0.956336 -0.280036
    outer loop
      vertex 7.0789 -5.14312 62.5938
      vertex 8.77264 -5.29222 62.5907
      vertex 7.07824 -5.14397 62.5907
    endloop
  endfacet
  facet normal 0.0850662 0.972251 -0.217926
    outer loop
      vertex 8.76487 -5.30537 62.529
      vertex 7.07824 -5.14397 62.5907
      vertex 8.77264 -5.29222 62.5907
    endloop
  endfacet
  facet normal 0.0850641 0.972243 -0.217963
    outer loop
      vertex 7.07824 -5.14397 62.5907
      vertex 8.76487 -5.30537 62.529
      vertex 7.07005 -5.15453 62.5404
    endloop
  endfacet
  facet normal 0.0871117 0.995703 -0.0314218
    outer loop
      vertex 8.72708 -5.36926 61.9517
      vertex 7.02307 -5.21509 62.113
      vertex 8.72994 -5.36442 62.113
    endloop
  endfacet
  facet normal 0.0871161 0.995704 -0.0313764
    outer loop
      vertex 7.02307 -5.21509 62.113
      vertex 8.72708 -5.36926 61.9517
      vertex 7.01938 -5.21985 61.9517
    endloop
  endfacet
  facet normal 0.079952 0.91408 -0.397574
    outer loop
      vertex 8.82893 -5.19704 62.8976
      vertex 7.15581 -5.02995 62.9453
      vertex 8.84319 -5.17293 62.9559
    endloop
  endfacet
  facet normal 0.0799914 0.914316 -0.397022
    outer loop
      vertex 7.15581 -5.02995 62.9453
      vertex 8.82893 -5.19704 62.8976
      vertex 7.14252 -5.0495 62.8976
    endloop
  endfacet
  facet normal 0.0776603 0.887659 -0.453905
    outer loop
      vertex 8.86511 -5.13586 63.0457
      vertex 7.21568 -4.94185 63.1429
      vertex 8.8901 -5.09361 63.1326
    endloop
  endfacet
  facet normal 0.0776554 0.887638 -0.453947
    outer loop
      vertex 7.21568 -4.94185 63.1429
      vertex 8.86511 -5.13586 63.0457
      vertex 7.1838 -4.98877 63.0457
    endloop
  endfacet
  facet normal 0.077653 0.887556 -0.454108
    outer loop
      vertex 8.8901 -5.09361 63.1326
      vertex 7.23098 -4.91934 63.1895
      vertex 8.90647 -5.06593 63.1895
    endloop
  endfacet
  facet normal 0.0776448 0.887509 -0.454202
    outer loop
      vertex 7.23098 -4.91934 63.1895
      vertex 8.8901 -5.09361 63.1326
      vertex 7.21568 -4.94185 63.1429
    endloop
  endfacet
  facet normal -0.075013 -0.857401 -0.509153
    outer loop
      vertex 9.64929 3.44251 63.1895
      vertex 8.00139 3.5311 63.2831
      vertex 7.97639 3.58887 63.1895
    endloop
  endfacet
  facet normal -0.0750037 -0.857623 -0.50878
    outer loop
      vertex 8.00139 3.5311 63.2831
      vertex 9.64929 3.44251 63.1895
      vertex 9.66777 3.39118 63.2733
    endloop
  endfacet
  facet normal -0.0867675 -0.991783 -0.094011
    outer loop
      vertex 9.53605 3.75705 62.211
      vertex 7.82809 3.90053 62.2737
      vertex 7.82551 3.90559 62.2227
    endloop
  endfacet
  facet normal -0.086769 -0.991778 -0.0940631
    outer loop
      vertex 7.82809 3.90053 62.2737
      vertex 9.53605 3.75705 62.211
      vertex 9.53826 3.75091 62.2737
    endloop
  endfacet
  facet normal -0.0867648 -0.99177 -0.0941466
    outer loop
      vertex 9.53259 3.76666 62.113
      vertex 7.82551 3.90559 62.2227
      vertex 7.81995 3.91649 62.113
    endloop
  endfacet
  facet normal -0.0867673 -0.991766 -0.0941904
    outer loop
      vertex 7.82551 3.90559 62.2227
      vertex 9.53259 3.76666 62.113
      vertex 9.53605 3.75705 62.211
    endloop
  endfacet
  facet normal 0.0820095 0.937304 -0.338727
    outer loop
      vertex 8.79806 -5.24924 62.7457
      vertex 7.13121 -5.06614 62.8488
      vertex 8.8168 -5.21756 62.8379
    endloop
  endfacet
  facet normal 0.0819996 0.937269 -0.338826
    outer loop
      vertex 7.13121 -5.06614 62.8488
      vertex 8.79806 -5.24924 62.7457
      vertex 7.10731 -5.10132 62.7457
    endloop
  endfacet
  facet normal 0.0616146 0.704284 -0.707239
    outer loop
      vertex 9.10187 -4.70301 63.7106
      vertex 7.52845 -4.45078 63.8247
      vertex 9.15775 -4.59332 63.8247
    endloop
  endfacet
  facet normal 0.0616229 0.70432 -0.707203
    outer loop
      vertex 7.52845 -4.45078 63.8247
      vertex 9.10187 -4.70301 63.7106
      vertex 7.46402 -4.55971 63.7106
    endloop
  endfacet
  facet normal 0.0688773 0.787275 -0.612743
    outer loop
      vertex 9.02056 -4.86258 63.513
      vertex 7.40378 -4.66159 63.5895
      vertex 9.0496 -4.80558 63.5895
    endloop
  endfacet
  facet normal 0.0688217 0.786976 -0.613133
    outer loop
      vertex 7.40378 -4.66159 63.5895
      vertex 9.02056 -4.86258 63.513
      vertex 7.38787 -4.68848 63.5532
    endloop
  endfacet
  facet normal 0.0688681 0.78731 -0.612699
    outer loop
      vertex 7.38787 -4.68848 63.5532
      vertex 9.02056 -4.86258 63.513
      vertex 7.36331 -4.72462 63.504
    endloop
  endfacet
  facet normal 0.0533934 0.610614 -0.790126
    outer loop
      vertex 7.66864 -4.21347 64.0304
      vertex 9.27448 -4.36424 64.0224
      vertex 9.21704 -4.47697 63.9314
    endloop
  endfacet
  facet normal 0.0536369 0.613104 -0.788179
    outer loop
      vertex 9.27448 -4.36424 64.0224
      vertex 7.66864 -4.21347 64.0304
      vertex 9.27876 -4.35433 64.0304
    endloop
  endfacet
  facet normal 0.0528581 0.608185 -0.792033
    outer loop
      vertex 9.21704 -4.47697 63.9314
      vertex 7.66768 -4.21534 64.0289
      vertex 7.66864 -4.21347 64.0304
    endloop
  endfacet
  facet normal 0.053442 0.61086 -0.789933
    outer loop
      vertex 7.66768 -4.21534 64.0289
      vertex 9.21704 -4.47697 63.9314
      vertex 7.59679 -4.33522 63.9314
    endloop
  endfacet
  facet normal 0.0576231 0.658651 -0.750239
    outer loop
      vertex 9.15775 -4.59332 63.8247
      vertex 7.59679 -4.33522 63.9314
      vertex 9.21704 -4.47697 63.9314
    endloop
  endfacet
  facet normal 0.0576219 0.658646 -0.750244
    outer loop
      vertex 7.59679 -4.33522 63.9314
      vertex 9.15775 -4.59332 63.8247
      vertex 7.52845 -4.45078 63.8247
    endloop
  endfacet
  facet normal 0.0490138 0.560258 0.826866
    outer loop
      vertex 7.73401 -4.08518 55.7446
      vertex 9.27876 -4.35433 55.8354
      vertex 9.33464 -4.22521 55.7446
    endloop
  endfacet
  facet normal 0.0490137 0.560258 0.826867
    outer loop
      vertex 9.27876 -4.35433 55.8354
      vertex 7.73401 -4.08518 55.7446
      vertex 7.66864 -4.21347 55.8354
    endloop
  endfacet
  facet normal 0.083692 0.956614 0.27908
    outer loop
      vertex 7.10731 -5.10132 57.1201
      vertex 8.78261 -5.27537 57.2143
      vertex 8.79806 -5.24924 57.1201
    endloop
  endfacet
  facet normal 0.0837078 0.956666 0.278896
    outer loop
      vertex 8.78261 -5.27537 57.2143
      vertex 7.10731 -5.10132 57.1201
      vertex 7.08758 -5.13035 57.2256
    endloop
  endfacet
  facet normal 0.0720334 0.823736 0.562379
    outer loop
      vertex 7.34231 -4.75552 56.4038
      vertex 8.95285 -4.9875 56.5373
      vertex 8.98214 -4.93797 56.461
    endloop
  endfacet
  facet normal 0.0721064 0.824184 0.561713
    outer loop
      vertex 7.34231 -4.75552 56.4038
      vertex 8.98214 -4.93797 56.461
      vertex 9.00116 -4.90065 56.4038
    endloop
  endfacet
  facet normal 0.0720804 0.823911 0.562117
    outer loop
      vertex 8.95285 -4.9875 56.5373
      vertex 7.34231 -4.75552 56.4038
      vertex 7.28389 -4.84149 56.5373
    endloop
  endfacet
  facet normal 0.0217242 0.340698 0.939922
    outer loop
      vertex 9.53972 -3.74685 55.5022
      vertex 9.51499 -3.80845 55.5251
      vertex 9.53021 -3.77328 55.512
    endloop
  endfacet
  facet normal 0.0295669 0.337851 0.940735
    outer loop
      vertex 7.96327 -3.61919 55.5059
      vertex 9.51499 -3.80845 55.5251
      vertex 9.53972 -3.74685 55.5022
    endloop
  endfacet
  facet normal 0.0295386 0.337627 0.940816
    outer loop
      vertex 9.51499 -3.80845 55.5251
      vertex 7.96327 -3.61919 55.5059
      vertex 7.94096 -3.67074 55.5251
    endloop
  endfacet
  facet normal 0.0443404 0.506825 0.860908
    outer loop
      vertex 7.80203 -3.95167 55.6625
      vertex 9.33464 -4.22521 55.7446
      vertex 9.39279 -4.09084 55.6625
    endloop
  endfacet
  facet normal 0.0443385 0.506816 0.860913
    outer loop
      vertex 9.33464 -4.22521 55.7446
      vertex 7.80203 -3.95167 55.6625
      vertex 7.73401 -4.08518 55.7446
    endloop
  endfacet
  facet normal -0.0442958 -0.506236 0.861257
    outer loop
      vertex 9.93006 2.53977 55.7446
      vertex 8.34302 2.63066 55.7164
      vertex 9.94316 2.48112 55.7108
    endloop
  endfacet
  facet normal -0.0443023 -0.506374 0.861175
    outer loop
      vertex 8.34302 2.63066 55.7164
      vertex 9.93006 2.53977 55.7446
      vertex 8.32872 2.67987 55.7446
    endloop
  endfacet
  facet normal -0.068841 -0.786884 0.613249
    outer loop
      vertex 8.06917 3.37446 56.3618
      vertex 9.71381 3.26331 56.4038
      vertex 8.05445 3.40848 56.4038
    endloop
  endfacet
  facet normal -0.0688531 -0.787234 0.612799
    outer loop
      vertex 9.71381 3.26331 56.4038
      vertex 8.06917 3.37446 56.3618
      vertex 9.72859 3.22224 56.3527
    endloop
  endfacet
  facet normal -0.0688419 -0.78712 0.612946
    outer loop
      vertex 8.09912 3.30526 56.2763
      vertex 9.72859 3.22224 56.3527
      vertex 8.06917 3.37446 56.3618
    endloop
  endfacet
  facet normal -0.0688411 -0.787204 0.612839
    outer loop
      vertex 9.72859 3.22224 56.3527
      vertex 8.09912 3.30526 56.2763
      vertex 9.74833 3.16742 56.2845
    endloop
  endfacet
  facet normal -0.068597 -0.784041 0.616908
    outer loop
      vertex 9.74833 3.16742 56.2845
      vertex 8.09912 3.30526 56.2763
      vertex 9.75025 3.1608 56.2763
    endloop
  endfacet
  facet normal -0.0871567 -0.996195 0
    outer loop
      vertex 7.81724 3.92182 57.9141
      vertex 9.5307 3.77191 61.9517
      vertex 7.81724 3.92182 61.9517
    endloop
  endfacet
  facet normal -0.0871567 -0.996195 -0
    outer loop
      vertex 9.5307 3.77191 61.9517
      vertex 7.81724 3.92182 57.9141
      vertex 9.5307 3.77191 57.9141
    endloop
  endfacet
  facet normal -0.0860825 -0.98393 0.156431
    outer loop
      vertex 7.83238 3.89211 57.5414
      vertex 9.53826 3.75091 57.592
      vertex 7.82809 3.90053 57.592
    endloop
  endfacet
  facet normal -0.0860848 -0.983908 0.156571
    outer loop
      vertex 9.53826 3.75091 57.592
      vertex 7.83238 3.89211 57.5414
      vertex 9.54194 3.74069 57.5298
    endloop
  endfacet
  facet normal -0.0799772 -0.91426 0.397154
    outer loop
      vertex 7.94331 3.66532 56.8201
      vertex 9.60746 3.55871 56.9098
      vertex 7.92369 3.71065 56.9205
    endloop
  endfacet
  facet normal -0.0799831 -0.914161 0.397382
    outer loop
      vertex 9.60746 3.55871 56.9098
      vertex 7.94331 3.66532 56.8201
      vertex 9.62195 3.51845 56.8201
    endloop
  endfacet
  facet normal -0.083692 -0.956623 -0.279047
    outer loop
      vertex 9.56082 3.68825 62.5907
      vertex 7.87685 3.80483 62.6961
      vertex 7.86045 3.83701 62.5907
    endloop
  endfacet
  facet normal -0.0836914 -0.956627 -0.279034
    outer loop
      vertex 7.87685 3.80483 62.6961
      vertex 9.56082 3.68825 62.5907
      vertex 9.57103 3.65988 62.6849
    endloop
  endfacet
  facet normal -0.0850633 -0.972198 -0.218164
    outer loop
      vertex 9.55568 3.70253 62.529
      vertex 7.86045 3.83701 62.5907
      vertex 7.85445 3.8488 62.5405
    endloop
  endfacet
  facet normal -0.0850591 -0.97225 -0.217934
    outer loop
      vertex 7.86045 3.83701 62.5907
      vertex 9.55568 3.70253 62.529
      vertex 9.56082 3.68825 62.5907
    endloop
  endfacet
  facet normal -0.044402 -0.507347 -0.860597
    outer loop
      vertex 8.34302 2.63066 64.1494
      vertex 9.93006 2.53977 64.1211
      vertex 9.94316 2.48112 64.155
    endloop
  endfacet
  facet normal -0.0444186 -0.507704 -0.860386
    outer loop
      vertex 9.93006 2.53977 64.1211
      vertex 8.34302 2.63066 64.1494
      vertex 8.32872 2.67987 64.1211
    endloop
  endfacet
  facet normal -0.065412 -0.747716 -0.660789
    outer loop
      vertex 9.76933 3.09513 63.6618
      vertex 8.14527 3.19408 63.7106
      vertex 8.13554 3.22109 63.681
    endloop
  endfacet
  facet normal -0.0653434 -0.746641 -0.662011
    outer loop
      vertex 9.76933 3.09513 63.6618
      vertex 8.13554 3.22109 63.681
      vertex 8.13128 3.23095 63.6703
    endloop
  endfacet
  facet normal -0.0654103 -0.747653 -0.66086
    outer loop
      vertex 8.14527 3.19408 63.7106
      vertex 9.76933 3.09513 63.6618
      vertex 9.78219 3.05087 63.7106
    endloop
  endfacet
  facet normal -0.0799869 -0.91449 -0.396624
    outer loop
      vertex 9.59803 3.58489 62.8976
      vertex 7.92369 3.71065 62.9453
      vertex 7.91724 3.72557 62.9122
    endloop
  endfacet
  facet normal -0.0799283 -0.91357 -0.39875
    outer loop
      vertex 9.59803 3.58489 62.8976
      vertex 7.91724 3.72557 62.9122
      vertex 7.91384 3.73224 62.8976
    endloop
  endfacet
  facet normal -0.0799831 -0.914092 -0.397542
    outer loop
      vertex 7.92369 3.71065 62.9453
      vertex 9.59803 3.58489 62.8976
      vertex 9.60746 3.55871 62.9559
    endloop
  endfacet
  facet normal -0.0749867 -0.857393 -0.50917
    outer loop
      vertex 9.66777 3.39118 63.2733
      vertex 8.01349 3.50314 63.3284
      vertex 8.00139 3.5311 63.2831
    endloop
  endfacet
  facet normal -0.0749825 -0.857033 -0.509777
    outer loop
      vertex 8.01349 3.50314 63.3284
      vertex 9.66777 3.39118 63.2733
      vertex 9.67995 3.35734 63.3284
    endloop
  endfacet
  facet normal -0.0653829 -0.747305 -0.661257
    outer loop
      vertex 9.75025 3.1608 63.5895
      vertex 8.13128 3.23095 63.6703
      vertex 8.09912 3.30526 63.5895
    endloop
  endfacet
  facet normal -0.0653846 -0.747175 -0.661403
    outer loop
      vertex 8.13128 3.23095 63.6703
      vertex 9.75025 3.1608 63.5895
      vertex 9.76933 3.09513 63.6618
    endloop
  endfacet
  facet normal -0.0689117 -0.787638 -0.612272
    outer loop
      vertex 8.09912 3.30526 63.5895
      vertex 9.74833 3.16742 63.5812
      vertex 9.75025 3.1608 63.5895
    endloop
  endfacet
  facet normal -0.0688785 -0.787207 -0.61283
    outer loop
      vertex 8.09912 3.30526 63.5895
      vertex 9.72859 3.22224 63.513
      vertex 9.74833 3.16742 63.5812
    endloop
  endfacet
  facet normal -0.0688793 -0.787124 -0.612936
    outer loop
      vertex 9.72859 3.22224 63.513
      vertex 8.09912 3.30526 63.5895
      vertex 8.06917 3.37446 63.504
    endloop
  endfacet
  facet normal -0.0615979 -0.704213 -0.707312
    outer loop
      vertex 8.1595 3.15454 63.7487
      vertex 9.78219 3.05087 63.7106
      vertex 9.79599 3.00336 63.7567
    endloop
  endfacet
  facet normal -0.0615877 -0.70396 -0.707564
    outer loop
      vertex 9.78219 3.05087 63.7106
      vertex 8.1595 3.15454 63.7487
      vertex 8.14527 3.19408 63.7106
    endloop
  endfacet
  facet normal -0.0616224 -0.704369 -0.707154
    outer loop
      vertex 8.18786 3.07578 63.8247
      vertex 9.79599 3.00336 63.7567
      vertex 9.81635 2.93331 63.8247
    endloop
  endfacet
  facet normal -0.0616227 -0.704468 -0.707056
    outer loop
      vertex 9.79599 3.00336 63.7567
      vertex 8.18786 3.07578 63.8247
      vertex 8.1595 3.15454 63.7487
    endloop
  endfacet
  facet normal 0.00812305 0.0928455 -0.995647
    outer loop
      vertex 9.7646 -3.1114 64.5096
      vertex 8.24753 -2.91004 64.516
      vertex 9.78405 -3.04447 64.516
    endloop
  endfacet
  facet normal 0.00809715 0.092651 -0.995666
    outer loop
      vertex 8.24753 -2.91004 64.516
      vertex 9.7646 -3.1114 64.5096
      vertex 8.22727 -2.9663 64.5106
    endloop
  endfacet
  facet normal 0.0190084 0.21726 -0.975929
    outer loop
      vertex 9.62499 -3.51002 64.4404
      vertex 8.13533 -3.22157 64.4756
      vertex 9.68017 -3.35673 64.4756
    endloop
  endfacet
  facet normal 0.0190084 0.217261 -0.975929
    outer loop
      vertex 8.13533 -3.22157 64.4756
      vertex 9.62499 -3.51002 64.4404
      vertex 8.06941 -3.37392 64.4404
    endloop
  endfacet
  facet normal 0.063815 -0.024602 -0.997658
    outer loop
      vertex 10.1744 1.22922 64.5182
      vertex 10.1669 1.29898 64.516
      vertex 10.1692 1.28467 64.5165
    endloop
  endfacet
  facet normal -0.00280925 -0.0318226 -0.99949
    outer loop
      vertex 8.63702 1.37436 64.5179
      vertex 10.1669 1.29898 64.516
      vertex 10.1744 1.22922 64.5182
    endloop
  endfacet
  facet normal -0.00284156 -0.0324789 -0.999468
    outer loop
      vertex 10.1669 1.29898 64.516
      vertex 8.63702 1.37436 64.5179
      vertex 8.62763 1.43365 64.516
    endloop
  endfacet
  facet normal 0.0443804 0.507283 -0.860636
    outer loop
      vertex 9.33464 -4.22521 64.1211
      vertex 7.80203 -3.95167 64.2033
      vertex 9.39279 -4.09084 64.2033
    endloop
  endfacet
  facet normal 0.0443785 0.507274 -0.860642
    outer loop
      vertex 7.80203 -3.95167 64.2033
      vertex 9.33464 -4.22521 64.1211
      vertex 7.73401 -4.08518 64.1211
    endloop
  endfacet
  facet normal 0.0489769 0.559836 -0.827154
    outer loop
      vertex 9.27876 -4.35433 64.0304
      vertex 7.73401 -4.08518 64.1211
      vertex 9.33464 -4.22521 64.1211
    endloop
  endfacet
  facet normal 0.0489768 0.559836 -0.827155
    outer loop
      vertex 7.73401 -4.08518 64.1211
      vertex 9.27876 -4.35433 64.0304
      vertex 7.66864 -4.21347 64.0304
    endloop
  endfacet
  facet normal 0.0653505 0.747119 -0.661471
    outer loop
      vertex 9.0496 -4.80558 63.5895
      vertex 7.44399 -4.5936 63.6703
      vertex 9.08083 -4.7443 63.6618
    endloop
  endfacet
  facet normal 0.0653758 0.747252 -0.661317
    outer loop
      vertex 7.44399 -4.5936 63.6703
      vertex 9.0496 -4.80558 63.5895
      vertex 7.40378 -4.66159 63.5895
    endloop
  endfacet
  facet normal 0.0135979 0.155933 0.987674
    outer loop
      vertex 8.15533 -3.16612 55.3811
      vertex 9.68017 -3.35673 55.3902
      vertex 9.70383 -3.29102 55.3795
    endloop
  endfacet
  facet normal 0.0137012 0.156753 0.987543
    outer loop
      vertex 8.13554 -3.22109 55.3901
      vertex 9.68017 -3.35673 55.3902
      vertex 8.15533 -3.16612 55.3811
    endloop
  endfacet
  facet normal 0.0172097 0.196702 0.980312
    outer loop
      vertex 9.68017 -3.35673 55.3902
      vertex 8.13554 -3.22109 55.3901
      vertex 8.13533 -3.22157 55.3902
    endloop
  endfacet
  facet normal -0.0190398 -0.21799 0.975765
    outer loop
      vertex 10.0899 1.78519 55.4254
      vertex 8.54481 1.86419 55.4129
      vertex 10.1006 1.71756 55.4105
    endloop
  endfacet
  facet normal -0.0189985 -0.217152 0.975953
    outer loop
      vertex 8.54481 1.86419 55.4129
      vertex 10.0899 1.78519 55.4254
      vertex 8.532 1.92149 55.4254
    endloop
  endfacet
  facet normal 0.00269956 0.030858 0.99952
    outer loop
      vertex 8.30405 -2.75304 55.3447
      vertex 9.78405 -3.04447 55.3497
      vertex 9.82994 -2.88653 55.3447
    endloop
  endfacet
  facet normal 0.00269993 0.0308599 0.99952
    outer loop
      vertex 9.78405 -3.04447 55.3497
      vertex 8.30405 -2.75304 55.3447
      vertex 8.24753 -2.91004 55.3497
    endloop
  endfacet
  facet normal 0.00824884 0.0942833 0.995511
    outer loop
      vertex 8.24753 -2.91004 55.3497
      vertex 9.7646 -3.1114 55.3562
      vertex 9.78405 -3.04447 55.3497
    endloop
  endfacet
  facet normal 0.00825737 0.0943474 0.995505
    outer loop
      vertex 9.7646 -3.1114 55.3562
      vertex 8.24753 -2.91004 55.3497
      vertex 8.22727 -2.9663 55.3552
    endloop
  endfacet
  facet normal -0.00817971 -0.0934516 0.99559
    outer loop
      vertex 10.141 1.46257 55.3649
      vertex 8.61831 1.49251 55.3552
      vertex 10.1559 1.36858 55.3562
    endloop
  endfacet
  facet normal -0.00818075 -0.0935061 0.995585
    outer loop
      vertex 8.61831 1.49251 55.3552
      vertex 10.141 1.46257 55.3649
      vertex 8.60172 1.59724 55.3649
    endloop
  endfacet
  facet normal 0.0850597 0.972176 0.218263
    outer loop
      vertex 7.07824 -5.14397 57.2751
      vertex 8.76487 -5.30537 57.3367
      vertex 8.77264 -5.29222 57.2751
    endloop
  endfacet
  facet normal 0.0850531 0.972151 0.218377
    outer loop
      vertex 8.76487 -5.30537 57.3367
      vertex 7.07824 -5.14397 57.2751
      vertex 7.07005 -5.15453 57.3253
    endloop
  endfacet
  facet normal 0.065434 0.747558 0.660965
    outer loop
      vertex 7.44399 -4.5936 56.1955
      vertex 9.0496 -4.80558 56.2763
      vertex 9.08083 -4.7443 56.2039
    endloop
  endfacet
  facet normal 0.0653758 0.747252 0.661317
    outer loop
      vertex 9.0496 -4.80558 56.2763
      vertex 7.44399 -4.5936 56.1955
      vertex 7.40378 -4.66159 56.2763
    endloop
  endfacet
  facet normal 0.0750093 0.85739 0.509172
    outer loop
      vertex 7.28389 -4.84149 56.5373
      vertex 8.90647 -5.06593 56.6762
      vertex 8.95285 -4.9875 56.5373
    endloop
  endfacet
  facet normal 0.0750157 0.857412 0.509133
    outer loop
      vertex 8.90647 -5.06593 56.6762
      vertex 7.28389 -4.84149 56.5373
      vertex 7.23098 -4.91934 56.6762
    endloop
  endfacet
  facet normal 0.0653583 0.747014 0.661588
    outer loop
      vertex 7.46402 -4.55971 56.1552
      vertex 9.08083 -4.7443 56.2039
      vertex 9.10187 -4.70301 56.1552
    endloop
  endfacet
  facet normal 0.0654238 0.747454 0.661084
    outer loop
      vertex 9.08083 -4.7443 56.2039
      vertex 7.46402 -4.55971 56.1552
      vertex 7.44399 -4.5936 56.1955
    endloop
  endfacet
  facet normal 0.0819997 0.937272 0.338819
    outer loop
      vertex 7.14252 -5.0495 56.9682
      vertex 8.8168 -5.21756 57.0279
      vertex 8.82893 -5.19704 56.9682
    endloop
  endfacet
  facet normal 0.0820134 0.93734 0.338625
    outer loop
      vertex 8.8168 -5.21756 57.0279
      vertex 7.14252 -5.0495 56.9682
      vertex 7.13121 -5.06614 57.017
    endloop
  endfacet
  facet normal 0.0346071 0.395561 0.917788
    outer loop
      vertex 7.94096 -3.67074 55.5251
      vertex 9.48916 -3.86814 55.5518
      vertex 9.51499 -3.80845 55.5251
    endloop
  endfacet
  facet normal 0.0346046 0.395542 0.917796
    outer loop
      vertex 9.48916 -3.86814 55.5518
      vertex 7.94096 -3.67074 55.5251
      vertex 7.91929 -3.72082 55.5475
    endloop
  endfacet
  facet normal -0.0443763 -0.507232 0.860666
    outer loop
      vertex 9.94316 2.48112 55.7108
      vertex 8.3703 2.53677 55.6625
      vertex 9.96185 2.39753 55.6625
    endloop
  endfacet
  facet normal -0.044373 -0.507044 0.860777
    outer loop
      vertex 8.3703 2.53677 55.6625
      vertex 9.94316 2.48112 55.7108
      vertex 8.34302 2.63066 55.7164
    endloop
  endfacet
  facet normal -0.0616677 -0.704887 0.706634
    outer loop
      vertex 9.79599 3.00336 56.1091
      vertex 8.18786 3.07578 56.041
      vertex 9.81635 2.93331 56.041
    endloop
  endfacet
  facet normal -0.0616665 -0.704474 0.707046
    outer loop
      vertex 8.18786 3.07578 56.041
      vertex 9.79599 3.00336 56.1091
      vertex 8.1595 3.15454 56.117
    endloop
  endfacet
  facet normal -0.075013 -0.857401 0.509153
    outer loop
      vertex 8.00139 3.5311 56.5826
      vertex 9.64929 3.44251 56.6762
      vertex 7.97639 3.58887 56.6762
    endloop
  endfacet
  facet normal -0.0750147 -0.857359 0.509223
    outer loop
      vertex 9.64929 3.44251 56.6762
      vertex 8.00139 3.5311 56.5826
      vertex 9.66777 3.39118 56.5925
    endloop
  endfacet
  facet normal -0.0534421 -0.610834 -0.789953
    outer loop
      vertex 8.28063 2.81809 64.0304
      vertex 9.85258 2.80859 63.9314
      vertex 9.89075 2.67722 64.0304
    endloop
  endfacet
  facet normal -0.0534428 -0.610817 -0.789966
    outer loop
      vertex 9.85258 2.80859 63.9314
      vertex 8.28063 2.81809 64.0304
      vertex 8.23304 2.95029 63.9314
    endloop
  endfacet
  facet normal -0.0489523 -0.560144 -0.826948
    outer loop
      vertex 8.3134 2.72708 64.09
      vertex 9.89075 2.67722 64.0304
      vertex 9.91429 2.59618 64.0839
    endloop
  endfacet
  facet normal -0.0489482 -0.55947 -0.827404
    outer loop
      vertex 9.89075 2.67722 64.0304
      vertex 8.3134 2.72708 64.09
      vertex 8.28063 2.81809 64.0304
    endloop
  endfacet
  facet normal -0.082016 -0.937358 -0.338575
    outer loop
      vertex 9.59001 3.60718 62.8378
      vertex 7.91384 3.73224 62.8976
      vertex 7.90443 3.75069 62.8488
    endloop
  endfacet
  facet normal -0.0820146 -0.937416 -0.338415
    outer loop
      vertex 7.91384 3.73224 62.8976
      vertex 9.59001 3.60718 62.8378
      vertex 9.59803 3.58489 62.8976
    endloop
  endfacet
  facet normal 0 0 -1
    outer loop
      vertex 10.2298 -0.643602 64.5211
      vertex 8.73273 -0.549417 64.5211
      vertex 8.75 0 64.5211
    endloop
  endfacet
  facet normal 0 0 -1
    outer loop
      vertex 9.92798 -2.54907 64.5211
      vertex 8.681 -1.09667 64.5211
      vertex 8.73273 -0.549417 64.5211
    endloop
  endfacet
  facet normal 0 0 -1
    outer loop
      vertex 9.92798 -2.54907 64.5211
      vertex 8.59501 -1.63959 64.5211
      vertex 8.681 -1.09667 64.5211
    endloop
  endfacet
  facet normal 0 0 -1
    outer loop
      vertex 9.92798 -2.54907 64.5211
      vertex 8.4751 -2.17604 64.5211
      vertex 8.59501 -1.63959 64.5211
    endloop
  endfacet
  facet normal 0 0 -1
    outer loop
      vertex 9.82994 -2.88653 64.5211
      vertex 8.32174 -2.7039 64.5211
      vertex 8.4751 -2.17604 64.5211
    endloop
  endfacet
  facet normal 0 -0 -1
    outer loop
      vertex 8.32174 -2.7039 64.5211
      vertex 9.82994 -2.88653 64.5211
      vertex 8.30405 -2.75304 64.5211
    endloop
  endfacet
  facet normal 0 0 -1
    outer loop
      vertex 8.75 0 64.5211
      vertex 10.25 0 64.5211
      vertex 10.2298 -0.643602 64.5211
    endloop
  endfacet
  facet normal 0 0 -1
    outer loop
      vertex 10.25 0 64.5211
      vertex 8.75 0 64.5211
      vertex 10.2298 0.643602 64.5211
    endloop
  endfacet
  facet normal 0 0 -1
    outer loop
      vertex 8.73273 -0.549417 64.5211
      vertex 10.2298 -0.643602 64.5211
      vertex 10.1692 -1.28467 64.5211
    endloop
  endfacet
  facet normal 0 0 -1
    outer loop
      vertex 8.73273 -0.549417 64.5211
      vertex 10.1692 -1.28467 64.5211
      vertex 10.0684 -1.92066 64.5211
    endloop
  endfacet
  facet normal 0 0 -1
    outer loop
      vertex 8.73273 -0.549417 64.5211
      vertex 10.0684 -1.92066 64.5211
      vertex 9.92798 -2.54907 64.5211
    endloop
  endfacet
  facet normal 0 0 -1
    outer loop
      vertex 8.4751 -2.17604 64.5211
      vertex 9.92798 -2.54907 64.5211
      vertex 9.82994 -2.88653 64.5211
    endloop
  endfacet
  facet normal 0 0 -1
    outer loop
      vertex 8.73273 0.549417 64.5211
      vertex 10.2298 0.643602 64.5211
      vertex 8.75 0 64.5211
    endloop
  endfacet
  facet normal -0 0 -1
    outer loop
      vertex 10.2298 0.643602 64.5211
      vertex 8.73273 0.549417 64.5211
      vertex 10.1833 1.13561 64.5211
    endloop
  endfacet
  facet normal 0 0 -1
    outer loop
      vertex 8.681 1.09667 64.5211
      vertex 10.1833 1.13561 64.5211
      vertex 8.73273 0.549417 64.5211
    endloop
  endfacet
  facet normal -0 0 -1
    outer loop
      vertex 10.1833 1.13561 64.5211
      vertex 8.681 1.09667 64.5211
      vertex 8.65364 1.26943 64.5211
    endloop
  endfacet
  facet normal -0.00812231 -0.0928376 -0.995648
    outer loop
      vertex 8.62763 1.43365 64.516
      vertex 10.1559 1.36858 64.5096
      vertex 10.1669 1.29898 64.516
    endloop
  endfacet
  facet normal -0.00811357 -0.0926304 -0.995668
    outer loop
      vertex 10.1559 1.36858 64.5096
      vertex 8.62763 1.43365 64.516
      vertex 8.61831 1.49251 64.5106
    endloop
  endfacet
  facet normal -0.00826535 -0.0945149 -0.995489
    outer loop
      vertex 8.61831 1.49251 64.5106
      vertex 10.141 1.46257 64.5008
      vertex 10.1559 1.36858 64.5096
    endloop
  endfacet
  facet normal -0.00826433 -0.0944615 -0.995494
    outer loop
      vertex 10.141 1.46257 64.5008
      vertex 8.61831 1.49251 64.5106
      vertex 8.60172 1.59724 64.5008
    endloop
  endfacet
  facet normal 0.0243491 0.278303 -0.960185
    outer loop
      vertex 9.57068 -3.66087 64.3953
      vertex 8.06941 -3.37392 64.4404
      vertex 9.62499 -3.51002 64.4404
    endloop
  endfacet
  facet normal 0.0243476 0.278295 -0.960187
    outer loop
      vertex 8.06941 -3.37392 64.4404
      vertex 9.57068 -3.66087 64.3953
      vertex 8.00453 -3.52385 64.3953
    endloop
  endfacet
  facet normal 0.0654169 0.747684 -0.660825
    outer loop
      vertex 9.08083 -4.7443 63.6618
      vertex 7.46402 -4.55971 63.7106
      vertex 9.10187 -4.70301 63.7106
    endloop
  endfacet
  facet normal 0.0653845 0.747466 -0.661074
    outer loop
      vertex 7.46402 -4.55971 63.7106
      vertex 9.08083 -4.7443 63.6618
      vertex 7.44399 -4.5936 63.6703
    endloop
  endfacet
  facet normal -0.0136605 -0.15614 0.98764
    outer loop
      vertex 10.1153 1.62485 55.3902
      vertex 8.60172 1.59724 55.3649
      vertex 10.141 1.46257 55.3649
    endloop
  endfacet
  facet normal -0.0136617 -0.156084 0.987649
    outer loop
      vertex 10.1153 1.62485 55.3902
      vertex 8.59501 1.63959 55.3715
      vertex 8.60172 1.59724 55.3649
    endloop
  endfacet
  facet normal -0.0136622 -0.156157 0.987638
    outer loop
      vertex 8.59501 1.63959 55.3715
      vertex 10.1153 1.62485 55.3902
      vertex 8.56805 1.76022 55.3902
    endloop
  endfacet
  facet normal -0.0082481 -0.0942752 0.995512
    outer loop
      vertex 10.1559 1.36858 55.3562
      vertex 8.62763 1.43365 55.3497
      vertex 10.1669 1.29898 55.3497
    endloop
  endfacet
  facet normal -0.00825035 -0.0943286 0.995507
    outer loop
      vertex 8.62763 1.43365 55.3497
      vertex 10.1559 1.36858 55.3562
      vertex 8.61831 1.49251 55.3552
    endloop
  endfacet
  facet normal -0.0403588 -0.0343999 0.998593
    outer loop
      vertex 10.1669 1.29898 55.3497
      vertex 10.1744 1.22922 55.3476
      vertex 10.1692 1.28467 55.3493
    endloop
  endfacet
  facet normal -0.00267272 -0.0303766 0.999535
    outer loop
      vertex 10.1669 1.29898 55.3497
      vertex 8.63702 1.37436 55.3479
      vertex 10.1744 1.22922 55.3476
    endloop
  endfacet
  facet normal -0.00269215 -0.0307711 0.999523
    outer loop
      vertex 8.63702 1.37436 55.3479
      vertex 10.1669 1.29898 55.3497
      vertex 8.62763 1.43365 55.3497
    endloop
  endfacet
  facet normal 0.0689042 0.787299 0.612709
    outer loop
      vertex 9.02056 -4.86258 56.3527
      vertex 7.38787 -4.68848 56.3126
      vertex 7.36331 -4.72462 56.3618
    endloop
  endfacet
  facet normal 0.0688435 0.786888 0.613244
    outer loop
      vertex 7.40378 -4.66159 56.2763
      vertex 9.02056 -4.86258 56.3527
      vertex 9.0496 -4.80558 56.2763
    endloop
  endfacet
  facet normal 0.068858 0.786966 0.613142
    outer loop
      vertex 9.02056 -4.86258 56.3527
      vertex 7.40378 -4.66159 56.2763
      vertex 7.38787 -4.68848 56.3126
    endloop
  endfacet
  facet normal 0.0850592 0.972202 0.218149
    outer loop
      vertex 7.07005 -5.15453 57.3253
      vertex 8.75277 -5.32583 57.4326
      vertex 8.76487 -5.30537 57.3367
    endloop
  endfacet
  facet normal 0.0850566 0.972195 0.218179
    outer loop
      vertex 8.75277 -5.32583 57.4326
      vertex 7.07005 -5.15453 57.3253
      vertex 7.05256 -5.17708 57.4326
    endloop
  endfacet
  facet normal 0.0860851 0.983951 0.156301
    outer loop
      vertex 7.05256 -5.17708 57.4326
      vertex 8.74408 -5.34051 57.5298
      vertex 8.75277 -5.32583 57.4326
    endloop
  endfacet
  facet normal 0.0860813 0.983943 0.156353
    outer loop
      vertex 8.74408 -5.34051 57.5298
      vertex 7.05256 -5.17708 57.4326
      vertex 7.04 -5.19327 57.5414
    endloop
  endfacet
  facet normal 0.0532175 0.60831 0.791914
    outer loop
      vertex 7.66864 -4.21347 55.8354
      vertex 9.27448 -4.36424 55.8433
      vertex 9.27876 -4.35433 55.8354
    endloop
  endfacet
  facet normal 0.053441 0.610598 0.790136
    outer loop
      vertex 9.27448 -4.36424 55.8433
      vertex 7.66864 -4.21347 55.8354
      vertex 9.21704 -4.47697 55.9343
    endloop
  endfacet
  facet normal 0.0529058 0.608168 0.792043
    outer loop
      vertex 7.66768 -4.21534 55.8369
      vertex 9.21704 -4.47697 55.9343
      vertex 7.66864 -4.21347 55.8354
    endloop
  endfacet
  facet normal 0.0534078 0.610469 0.790237
    outer loop
      vertex 9.21704 -4.47697 55.9343
      vertex 7.66768 -4.21534 55.8369
      vertex 7.59679 -4.33522 55.9343
    endloop
  endfacet
  facet normal 0.0616416 0.704593 0.706929
    outer loop
      vertex 7.52845 -4.45078 56.041
      vertex 9.10187 -4.70301 56.1552
      vertex 9.15775 -4.59332 56.041
    endloop
  endfacet
  facet normal 0.0616499 0.704628 0.706894
    outer loop
      vertex 9.10187 -4.70301 56.1552
      vertex 7.52845 -4.45078 56.041
      vertex 7.46402 -4.55971 56.1552
    endloop
  endfacet
  facet normal 0.0242993 0.277733 0.960351
    outer loop
      vertex 8.06941 -3.37392 55.4254
      vertex 9.57068 -3.66087 55.4704
      vertex 9.62499 -3.51002 55.4254
    endloop
  endfacet
  facet normal 0.0242978 0.277726 0.960353
    outer loop
      vertex 9.57068 -3.66087 55.4704
      vertex 8.06941 -3.37392 55.4254
      vertex 8.00453 -3.52385 55.4704
    endloop
  endfacet
  facet normal -0.0616416 -0.704217 0.707304
    outer loop
      vertex 9.78219 3.05087 56.1552
      vertex 8.1595 3.15454 56.117
      vertex 9.79599 3.00336 56.1091
    endloop
  endfacet
  facet normal -0.0616685 -0.704883 0.706637
    outer loop
      vertex 8.1595 3.15454 56.117
      vertex 9.78219 3.05087 56.1552
      vertex 8.14527 3.19408 56.1552
    endloop
  endfacet
  facet normal -0.0655361 -0.749664 0.658565
    outer loop
      vertex 8.13554 3.22109 56.1847
      vertex 9.76933 3.09513 56.2039
      vertex 8.13128 3.23095 56.1955
    endloop
  endfacet
  facet normal -0.0653417 -0.746613 0.662042
    outer loop
      vertex 8.14527 3.19408 56.1552
      vertex 9.76933 3.09513 56.2039
      vertex 8.13554 3.22109 56.1847
    endloop
  endfacet
  facet normal -0.0653517 -0.746983 0.661623
    outer loop
      vertex 9.76933 3.09513 56.2039
      vertex 8.14527 3.19408 56.1552
      vertex 9.78219 3.05087 56.1552
    endloop
  endfacet
  facet normal -0.0750173 -0.857395 0.509162
    outer loop
      vertex 8.01349 3.50314 56.5373
      vertex 9.66777 3.39118 56.5925
      vertex 8.00139 3.5311 56.5826
    endloop
  endfacet
  facet normal -0.0750178 -0.857436 0.509093
    outer loop
      vertex 9.66777 3.39118 56.5925
      vertex 8.01349 3.50314 56.5373
      vertex 9.67995 3.35734 56.5373
    endloop
  endfacet
  facet normal -0.00273159 -0.0312241 -0.999509
    outer loop
      vertex 8.65364 1.26943 64.5211
      vertex 10.1744 1.22922 64.5182
      vertex 10.1833 1.13561 64.5211
    endloop
  endfacet
  facet normal -0.00272339 -0.0309132 -0.999518
    outer loop
      vertex 10.1744 1.22922 64.5182
      vertex 8.65364 1.26943 64.5211
      vertex 8.63702 1.37436 64.5179
    endloop
  endfacet
  facet normal 0.0135822 0.155249 -0.987782
    outer loop
      vertex 9.70383 -3.29102 64.4863
      vertex 8.19122 -3.06643 64.5008
      vertex 9.73603 -3.20158 64.5008
    endloop
  endfacet
  facet normal 0.0136349 0.1556 -0.987726
    outer loop
      vertex 8.19122 -3.06643 64.5008
      vertex 9.70383 -3.29102 64.4863
      vertex 8.15533 -3.16612 64.4846
    endloop
  endfacet
  facet normal 0.0136599 0.155912 -0.987677
    outer loop
      vertex 9.68017 -3.35673 64.4756
      vertex 8.15533 -3.16612 64.4846
      vertex 9.70383 -3.29102 64.4863
    endloop
  endfacet
  facet normal 0.013552 0.155054 -0.987813
    outer loop
      vertex 9.68017 -3.35673 64.4756
      vertex 8.13554 -3.22109 64.4757
      vertex 8.15533 -3.16612 64.4846
    endloop
  endfacet
  facet normal 0.0172097 0.196702 -0.980312
    outer loop
      vertex 8.13554 -3.22109 64.4757
      vertex 9.68017 -3.35673 64.4756
      vertex 8.13533 -3.22157 64.4756
    endloop
  endfacet
  facet normal 0.0708174 0.321116 -0.944388
    outer loop
      vertex 9.51499 -3.80845 64.3407
      vertex 9.53972 -3.74685 64.3635
      vertex 9.53021 -3.77328 64.3538
    endloop
  endfacet
  facet normal 0.029462 0.336541 -0.941208
    outer loop
      vertex 9.51499 -3.80845 64.3407
      vertex 7.96327 -3.61919 64.3598
      vertex 9.53972 -3.74685 64.3635
    endloop
  endfacet
  facet normal 0.0294023 0.336069 -0.941378
    outer loop
      vertex 7.96327 -3.61919 64.3598
      vertex 9.51499 -3.80845 64.3407
      vertex 7.94096 -3.67074 64.3407
    endloop
  endfacet
  facet normal 0.0347162 0.396808 -0.917245
    outer loop
      vertex 9.48916 -3.86814 64.3139
      vertex 7.94096 -3.67074 64.3407
      vertex 9.51499 -3.80845 64.3407
    endloop
  endfacet
  facet normal 0.0345482 0.395563 -0.917789
    outer loop
      vertex 7.94096 -3.67074 64.3407
      vertex 9.48916 -3.86814 64.3139
      vertex 7.91929 -3.72082 64.3183
    endloop
  endfacet
  facet normal 0.0820095 0.937304 0.338727
    outer loop
      vertex 7.13121 -5.06614 57.017
      vertex 8.79806 -5.24924 57.1201
      vertex 8.8168 -5.21756 57.0279
    endloop
  endfacet
  facet normal 0.0819996 0.937269 0.338826
    outer loop
      vertex 8.79806 -5.24924 57.1201
      vertex 7.13121 -5.06614 57.017
      vertex 7.10731 -5.10132 57.1201
    endloop
  endfacet
  facet normal 0.0395467 0.452016 0.891133
    outer loop
      vertex 7.87246 -3.81345 55.5892
      vertex 9.41772 -4.03322 55.6321
      vertex 9.45299 -3.95173 55.5892
    endloop
  endfacet
  facet normal 0.0395728 0.452183 0.891047
    outer loop
      vertex 9.41772 -4.03322 55.6321
      vertex 7.87246 -3.81345 55.5892
      vertex 7.82642 -3.90381 55.6371
    endloop
  endfacet
  facet normal 0.0346143 0.395644 0.917751
    outer loop
      vertex 7.91929 -3.72082 55.5475
      vertex 9.45299 -3.95173 55.5892
      vertex 9.48916 -3.86814 55.5518
    endloop
  endfacet
  facet normal 0.0339917 0.39181 0.919418
    outer loop
      vertex 7.91724 -3.72557 55.5496
      vertex 9.45299 -3.95173 55.5892
      vertex 7.91929 -3.72082 55.5475
    endloop
  endfacet
  facet normal 0.0346338 0.395862 0.917657
    outer loop
      vertex 9.45299 -3.95173 55.5892
      vertex 7.91724 -3.72557 55.5496
      vertex 7.87246 -3.81345 55.5892
    endloop
  endfacet
  facet normal -0.0534084 -0.610449 0.790253
    outer loop
      vertex 9.85258 2.80859 55.9343
      vertex 8.28063 2.81809 55.8354
      vertex 9.89075 2.67722 55.8354
    endloop
  endfacet
  facet normal -0.0534091 -0.610432 0.790266
    outer loop
      vertex 8.28063 2.81809 55.8354
      vertex 9.85258 2.80859 55.9343
      vertex 8.23304 2.95029 55.9343
    endloop
  endfacet
  facet normal -0.0224882 0.104152 -0.994307
    outer loop
      vertex 9.73603 -3.20158 64.5008
      vertex 9.7646 -3.1114 64.5096
      vertex 9.74833 -3.16742 64.5041
    endloop
  endfacet
  facet normal 0.00827378 0.0945211 -0.995488
    outer loop
      vertex 9.73603 -3.20158 64.5008
      vertex 8.22727 -2.9663 64.5106
      vertex 9.7646 -3.1114 64.5096
    endloop
  endfacet
  facet normal 0.00826368 0.0944566 -0.995495
    outer loop
      vertex 8.22727 -2.9663 64.5106
      vertex 9.73603 -3.20158 64.5008
      vertex 8.19122 -3.06643 64.5008
    endloop
  endfacet
  facet normal 0.0799772 0.914178 0.397343
    outer loop
      vertex 7.1838 -4.98877 56.8201
      vertex 8.84319 -5.17293 56.9098
      vertex 8.86511 -5.13586 56.8201
    endloop
  endfacet
  facet normal 0.0799846 0.914209 0.39727
    outer loop
      vertex 8.84319 -5.17293 56.9098
      vertex 7.1838 -4.98877 56.8201
      vertex 7.15581 -5.02995 56.9205
    endloop
  endfacet
  facet normal 0.0799914 0.914316 0.397022
    outer loop
      vertex 8.82893 -5.19704 56.9682
      vertex 7.15581 -5.02995 56.9205
      vertex 7.14252 -5.0495 56.9682
    endloop
  endfacet
  facet normal 0.0799927 0.914324 0.397004
    outer loop
      vertex 7.15581 -5.02995 56.9205
      vertex 8.82893 -5.19704 56.9682
      vertex 8.84319 -5.17293 56.9098
    endloop
  endfacet
  facet normal 0.0836738 -0.956336 0.280036
    outer loop
      vertex 7.0789 5.14312 26.2568
      vertex 8.77264 5.29222 26.2599
      vertex 7.07824 5.14397 26.2599
    endloop
  endfacet
  facet normal 0.0837036 -0.956652 0.278944
    outer loop
      vertex 7.08758 5.13035 26.2104
      vertex 8.77264 5.29222 26.2599
      vertex 7.0789 5.14312 26.2568
    endloop
  endfacet
  facet normal 0.0836845 -0.956556 0.27928
    outer loop
      vertex 8.77264 5.29222 26.2599
      vertex 7.08758 5.13035 26.2104
      vertex 8.78261 5.27537 26.1992
    endloop
  endfacet
  facet normal -0.0871136 0.995701 0.0314641
    outer loop
      vertex 9.5307 -3.77191 26.8989
      vertex 7.8181 -3.92013 26.8478
      vertex 7.81724 -3.92182 26.8989
    endloop
  endfacet
  facet normal -0.0871125 0.995703 0.0314265
    outer loop
      vertex 7.8181 -3.92013 26.8478
      vertex 9.5307 -3.77191 26.8989
      vertex 9.53144 -3.76986 26.836
    endloop
  endfacet
  facet normal -0.0871567 0.996195 0
    outer loop
      vertex 9.5307 -3.77191 26.8989
      vertex 7.81724 -3.92182 30.9365
      vertex 9.5307 -3.77191 30.9365
    endloop
  endfacet
  facet normal -0.0871567 0.996195 0
    outer loop
      vertex 7.81724 -3.92182 30.9365
      vertex 9.5307 -3.77191 26.8989
      vertex 7.81724 -3.92182 26.8989
    endloop
  endfacet
  facet normal -0.0871091 0.995705 0.0313626
    outer loop
      vertex 7.81995 -3.91649 26.7376
      vertex 9.53144 -3.76986 26.836
      vertex 9.53259 -3.76666 26.7376
    endloop
  endfacet
  facet normal -0.0871125 0.995703 0.0314265
    outer loop
      vertex 9.53144 -3.76986 26.836
      vertex 7.81995 -3.91649 26.7376
      vertex 7.8181 -3.92013 26.8478
    endloop
  endfacet
  facet normal -0.0867673 0.991766 0.0941904
    outer loop
      vertex 7.82551 -3.90559 26.6279
      vertex 9.53259 -3.76666 26.7376
      vertex 9.53605 -3.75705 26.6396
    endloop
  endfacet
  facet normal -0.0867648 0.99177 0.0941466
    outer loop
      vertex 9.53259 -3.76666 26.7376
      vertex 7.82551 -3.90559 26.6279
      vertex 7.81995 -3.91649 26.7376
    endloop
  endfacet
  facet normal -0.0860812 0.98393 0.156434
    outer loop
      vertex 7.8416 -3.87401 26.4175
      vertex 9.54194 -3.74069 26.5146
      vertex 9.54768 -3.72475 26.4175
    endloop
  endfacet
  facet normal -0.0860856 0.983914 0.156533
    outer loop
      vertex 9.54194 -3.74069 26.5146
      vertex 7.8416 -3.87401 26.4175
      vertex 7.83238 -3.89211 26.5262
    endloop
  endfacet
  facet normal -0.0836914 0.956627 0.279034
    outer loop
      vertex 7.87685 -3.80483 26.1545
      vertex 9.56082 -3.68825 26.2599
      vertex 9.57103 -3.65988 26.1657
    endloop
  endfacet
  facet normal -0.083692 0.956623 0.279047
    outer loop
      vertex 9.56082 -3.68825 26.2599
      vertex 7.87685 -3.80483 26.1545
      vertex 7.86045 -3.83701 26.2599
    endloop
  endfacet
  facet normal -0.0837078 0.956626 -0.279032
    outer loop
      vertex 9.56082 -3.68825 31.5755
      vertex 7.87685 -3.80483 31.681
      vertex 9.57103 -3.65988 31.6697
    endloop
  endfacet
  facet normal -0.0836981 0.956694 -0.278803
    outer loop
      vertex 7.87685 -3.80483 31.681
      vertex 9.56082 -3.68825 31.5755
      vertex 7.86045 -3.83701 31.5755
    endloop
  endfacet
  facet normal -0.0189715 0.216604 0.976075
    outer loop
      vertex 8.54481 -1.86419 24.3977
      vertex 10.0899 -1.78519 24.4102
      vertex 10.1006 -1.71756 24.3954
    endloop
  endfacet
  facet normal -0.0189985 0.217152 0.975953
    outer loop
      vertex 10.0899 -1.78519 24.4102
      vertex 8.54481 -1.86419 24.3977
      vertex 8.532 -1.92149 24.4102
    endloop
  endfacet
  facet normal -0.0688785 0.787207 0.61283
    outer loop
      vertex 8.09912 -3.30526 25.2611
      vertex 9.72859 -3.22224 25.3376
      vertex 9.74833 -3.16742 25.2694
    endloop
  endfacet
  facet normal -0.0689117 0.787638 0.612272
    outer loop
      vertex 8.09912 -3.30526 25.2611
      vertex 9.74833 -3.16742 25.2694
      vertex 9.75025 -3.1608 25.2611
    endloop
  endfacet
  facet normal -0.0688793 0.787124 0.612936
    outer loop
      vertex 9.72859 -3.22224 25.3376
      vertex 8.09912 -3.30526 25.2611
      vertex 8.06917 -3.37446 25.3466
    endloop
  endfacet
  facet normal -0.03461 0.395608 -0.917767
    outer loop
      vertex 9.99477 -2.25027 33.2614
      vertex 8.44218 -2.28936 33.3031
      vertex 10.0145 -2.16178 33.2988
    endloop
  endfacet
  facet normal -0.0346097 0.395583 -0.917778
    outer loop
      vertex 8.44218 -2.28936 33.3031
      vertex 9.99477 -2.25027 33.2614
      vertex 8.41334 -2.38863 33.2614
    endloop
  endfacet
  facet normal 0.0217242 -0.340698 0.939922
    outer loop
      vertex 9.51499 3.80845 24.51
      vertex 9.53972 3.74685 24.4871
      vertex 9.53021 3.77328 24.4969
    endloop
  endfacet
  facet normal 0.0295669 -0.337851 0.940735
    outer loop
      vertex 9.51499 3.80845 24.51
      vertex 7.96327 3.61919 24.4908
      vertex 9.53972 3.74685 24.4871
    endloop
  endfacet
  facet normal 0.0295386 -0.337627 0.940816
    outer loop
      vertex 7.96327 3.61919 24.4908
      vertex 9.51499 3.80845 24.51
      vertex 7.94096 3.67074 24.51
    endloop
  endfacet
  facet normal 0.0799914 -0.914316 0.397022
    outer loop
      vertex 7.15581 5.02995 25.9054
      vertex 8.82893 5.19704 25.9531
      vertex 7.14252 5.0495 25.9531
    endloop
  endfacet
  facet normal 0.0799927 -0.914324 0.397004
    outer loop
      vertex 8.82893 5.19704 25.9531
      vertex 7.15581 5.02995 25.9054
      vertex 8.84319 5.17293 25.8947
    endloop
  endfacet
  facet normal -0.0653788 0.747623 -0.660897
    outer loop
      vertex 9.75025 -3.1608 32.5743
      vertex 8.13128 -3.23095 32.6551
      vertex 9.76933 -3.09513 32.6467
    endloop
  endfacet
  facet normal -0.0653829 0.747305 -0.661257
    outer loop
      vertex 8.13128 -3.23095 32.6551
      vertex 9.75025 -3.1608 32.5743
      vertex 8.09912 -3.30526 32.5743
    endloop
  endfacet
  facet normal 0.029516 -0.33737 -0.940909
    outer loop
      vertex 8.00453 3.52385 33.3802
      vertex 9.53972 3.74685 33.3484
      vertex 9.57068 3.66087 33.3802
    endloop
  endfacet
  facet normal 0.0295421 -0.337541 -0.940847
    outer loop
      vertex 9.53972 3.74685 33.3484
      vertex 8.00453 3.52385 33.3802
      vertex 7.96327 3.61919 33.3447
    endloop
  endfacet
  facet normal -0.0395484 0.452031 -0.891125
    outer loop
      vertex 9.97548 -2.33653 33.2185
      vertex 8.41334 -2.38863 33.2614
      vertex 9.99477 -2.25027 33.2614
    endloop
  endfacet
  facet normal -0.0395514 0.452185 -0.891047
    outer loop
      vertex 8.41334 -2.38863 33.2614
      vertex 9.97548 -2.33653 33.2185
      vertex 8.3852 -2.48548 33.2135
    endloop
  endfacet
  facet normal -0.00273159 0.0312241 -0.999509
    outer loop
      vertex 10.1744 -1.22922 33.503
      vertex 8.65364 -1.26943 33.5059
      vertex 10.1833 -1.13561 33.5059
    endloop
  endfacet
  facet normal -0.00272339 0.0309132 -0.999518
    outer loop
      vertex 8.65364 -1.26943 33.5059
      vertex 10.1744 -1.22922 33.503
      vertex 8.63702 -1.37436 33.5027
    endloop
  endfacet
  facet normal -0.0867673 0.991766 -0.0941904
    outer loop
      vertex 9.53259 -3.76666 31.0979
      vertex 7.82551 -3.90559 31.2076
      vertex 9.53605 -3.75705 31.1959
    endloop
  endfacet
  facet normal -0.0867648 0.99177 -0.0941466
    outer loop
      vertex 7.82551 -3.90559 31.2076
      vertex 9.53259 -3.76666 31.0979
      vertex 7.81995 -3.91649 31.0979
    endloop
  endfacet
  facet normal -0.0860808 0.983947 -0.156327
    outer loop
      vertex 9.53826 -3.75091 31.2586
      vertex 7.83238 -3.89211 31.3092
      vertex 9.54194 -3.74069 31.3209
    endloop
  endfacet
  facet normal -0.0860825 0.98393 -0.156431
    outer loop
      vertex 7.83238 -3.89211 31.3092
      vertex 9.53826 -3.75091 31.2586
      vertex 7.82809 -3.90053 31.2586
    endloop
  endfacet
  facet normal -0.086769 0.991778 -0.0940631
    outer loop
      vertex 9.53605 -3.75705 31.1959
      vertex 7.82809 -3.90053 31.2586
      vertex 9.53826 -3.75091 31.2586
    endloop
  endfacet
  facet normal -0.0867675 0.991783 -0.094011
    outer loop
      vertex 7.82809 -3.90053 31.2586
      vertex 9.53605 -3.75705 31.1959
      vertex 7.82551 -3.90559 31.2076
    endloop
  endfacet
  facet normal -0.0836961 0.956673 -0.278874
    outer loop
      vertex 9.57103 -3.65988 31.6697
      vertex 7.88456 -3.7897 31.7305
      vertex 9.57762 -3.64158 31.7305
    endloop
  endfacet
  facet normal -0.0837023 0.956538 -0.279335
    outer loop
      vertex 7.88456 -3.7897 31.7305
      vertex 9.57103 -3.65988 31.6697
      vertex 7.87685 -3.80483 31.681
    endloop
  endfacet
  facet normal -0.0720836 0.823949 0.562061
    outer loop
      vertex 8.05445 -3.40848 25.3887
      vertex 9.67995 -3.35734 25.5222
      vertex 9.71381 -3.26331 25.3887
    endloop
  endfacet
  facet normal -0.0720858 0.823924 0.562097
    outer loop
      vertex 9.67995 -3.35734 25.5222
      vertex 8.05445 -3.40848 25.3887
      vertex 8.01349 -3.50314 25.5222
    endloop
  endfacet
  facet normal 0.0867683 -0.991759 -0.0942577
    outer loop
      vertex 8.73517 5.35558 31.1959
      vertex 7.03415 5.2008 31.2586
      vertex 7.03064 5.20534 31.2076
    endloop
  endfacet
  facet normal 0.0867725 -0.991768 -0.0941642
    outer loop
      vertex 7.03415 5.2008 31.2586
      vertex 8.73517 5.35558 31.1959
      vertex 8.73852 5.34992 31.2586
    endloop
  endfacet
  facet normal 0.0860804 -0.983921 0.156494
    outer loop
      vertex 7.05256 5.17708 26.4175
      vertex 8.74408 5.34051 26.5146
      vertex 7.04 5.19327 26.5262
    endloop
  endfacet
  facet normal 0.0860829 -0.983926 0.156458
    outer loop
      vertex 8.74408 5.34051 26.5146
      vertex 7.05256 5.17708 26.4175
      vertex 8.75277 5.32583 26.4175
    endloop
  endfacet
  facet normal 0.0217242 -0.340698 -0.939922
    outer loop
      vertex 9.53972 3.74685 33.3484
      vertex 9.51499 3.80845 33.3255
      vertex 9.53021 3.77328 33.3386
    endloop
  endfacet
  facet normal 0.0295669 -0.337851 -0.940735
    outer loop
      vertex 7.96327 3.61919 33.3447
      vertex 9.51499 3.80845 33.3255
      vertex 9.53972 3.74685 33.3484
    endloop
  endfacet
  facet normal 0.0295386 -0.337627 -0.940816
    outer loop
      vertex 9.51499 3.80845 33.3255
      vertex 7.96327 3.61919 33.3447
      vertex 7.94096 3.67074 33.3255
    endloop
  endfacet
  facet normal -0.0799831 0.914161 -0.397382
    outer loop
      vertex 9.60746 -3.55871 31.9408
      vertex 7.94331 -3.66532 32.0305
      vertex 9.62195 -3.51845 32.0305
    endloop
  endfacet
  facet normal -0.0799772 0.91426 -0.397154
    outer loop
      vertex 7.94331 -3.66532 32.0305
      vertex 9.60746 -3.55871 31.9408
      vertex 7.92369 -3.71065 31.9301
    endloop
  endfacet
  facet normal -0.0720836 0.823949 -0.562061
    outer loop
      vertex 9.67995 -3.35734 32.3133
      vertex 8.05445 -3.40848 32.4468
      vertex 9.71381 -3.26331 32.4468
    endloop
  endfacet
  facet normal -0.0720858 0.823924 -0.562097
    outer loop
      vertex 8.05445 -3.40848 32.4468
      vertex 9.67995 -3.35734 32.3133
      vertex 8.01349 -3.50314 32.3133
    endloop
  endfacet
  facet normal -0.0190503 0.217741 0.975821
    outer loop
      vertex 8.56805 -1.76022 24.375
      vertex 10.1006 -1.71756 24.3954
      vertex 10.1153 -1.62485 24.375
    endloop
  endfacet
  facet normal -0.0190401 0.217329 0.975913
    outer loop
      vertex 10.1006 -1.71756 24.3954
      vertex 8.56805 -1.76022 24.375
      vertex 8.54481 -1.86419 24.3977
    endloop
  endfacet
  facet normal -0.0860866 0.983978 0.15613
    outer loop
      vertex 9.53826 -3.75091 26.5769
      vertex 7.83238 -3.89211 26.5262
      vertex 7.82809 -3.90053 26.5769
    endloop
  endfacet
  facet normal -0.0860899 0.983946 0.156326
    outer loop
      vertex 7.83238 -3.89211 26.5262
      vertex 9.53826 -3.75091 26.5769
      vertex 9.54194 -3.74069 26.5146
    endloop
  endfacet
  facet normal -0.0395484 0.452031 0.891125
    outer loop
      vertex 8.41334 -2.38863 24.5741
      vertex 9.97548 -2.33653 24.617
      vertex 9.99477 -2.25027 24.5741
    endloop
  endfacet
  facet normal -0.0395514 0.452185 0.891047
    outer loop
      vertex 9.97548 -2.33653 24.617
      vertex 8.41334 -2.38863 24.5741
      vertex 8.3852 -2.48548 24.622
    endloop
  endfacet
  facet normal 0.029516 -0.33737 0.940909
    outer loop
      vertex 9.53972 3.74685 24.4871
      vertex 8.00453 3.52385 24.4553
      vertex 9.57068 3.66087 24.4553
    endloop
  endfacet
  facet normal 0.0295421 -0.337541 0.940847
    outer loop
      vertex 8.00453 3.52385 24.4553
      vertex 9.53972 3.74685 24.4871
      vertex 7.96327 3.61919 24.4908
    endloop
  endfacet
  facet normal 0.0867677 -0.991771 0.0941349
    outer loop
      vertex 7.03064 5.20534 26.6279
      vertex 8.72994 5.36442 26.7376
      vertex 7.02307 5.21509 26.7376
    endloop
  endfacet
  facet normal 0.0867708 -0.991775 0.0940929
    outer loop
      vertex 8.72994 5.36442 26.7376
      vertex 7.03064 5.20534 26.6279
      vertex 8.73517 5.35558 26.6396
    endloop
  endfacet
  facet normal 0.0867683 -0.991759 0.0942577
    outer loop
      vertex 7.03415 5.2008 26.5769
      vertex 8.73517 5.35558 26.6396
      vertex 7.03064 5.20534 26.6279
    endloop
  endfacet
  facet normal 0.0867725 -0.991768 0.0941642
    outer loop
      vertex 8.73517 5.35558 26.6396
      vertex 7.03415 5.2008 26.5769
      vertex 8.73852 5.34992 26.5769
    endloop
  endfacet
  facet normal 0.0836915 -0.956668 0.278894
    outer loop
      vertex 7.10731 5.10132 26.1049
      vertex 8.78261 5.27537 26.1992
      vertex 7.08758 5.13035 26.2104
    endloop
  endfacet
  facet normal 0.0836989 -0.956693 0.278807
    outer loop
      vertex 8.78261 5.27537 26.1992
      vertex 7.10731 5.10132 26.1049
      vertex 8.79806 5.24924 26.1049
    endloop
  endfacet
  facet normal 0.0860916 -0.983986 0.156076
    outer loop
      vertex 7.04 5.19327 26.5262
      vertex 8.73852 5.34992 26.5769
      vertex 7.03415 5.2008 26.5769
    endloop
  endfacet
  facet normal 0.0860817 -0.983951 0.156302
    outer loop
      vertex 8.73852 5.34992 26.5769
      vertex 7.04 5.19327 26.5262
      vertex 8.74408 5.34051 26.5146
    endloop
  endfacet
  facet normal -0.0189614 0.216724 -0.976049
    outer loop
      vertex 10.1006 -1.71756 33.4401
      vertex 8.56805 -1.76022 33.4604
      vertex 10.1153 -1.62485 33.4604
    endloop
  endfacet
  facet normal -0.0189761 0.217316 -0.975917
    outer loop
      vertex 8.56805 -1.76022 33.4604
      vertex 10.1006 -1.71756 33.4401
      vertex 8.54481 -1.86419 33.4377
    endloop
  endfacet
  facet normal 0.0871161 -0.995704 0.0313764
    outer loop
      vertex 7.02307 5.21509 26.7376
      vertex 8.72708 5.36926 26.8989
      vertex 7.01938 5.21985 26.8989
    endloop
  endfacet
  facet normal 0.0871117 -0.995703 0.0314218
    outer loop
      vertex 8.72708 5.36926 26.8989
      vertex 7.02307 5.21509 26.7376
      vertex 8.72994 5.36442 26.7376
    endloop
  endfacet
  facet normal -0.0850525 0.972175 -0.218271
    outer loop
      vertex 9.55568 -3.70253 31.5139
      vertex 7.86045 -3.83701 31.5755
      vertex 9.56082 -3.68825 31.5755
    endloop
  endfacet
  facet normal -0.0850506 0.972199 -0.218166
    outer loop
      vertex 7.86045 -3.83701 31.5755
      vertex 9.55568 -3.70253 31.5139
      vertex 7.85445 -3.8488 31.5253
    endloop
  endfacet
  facet normal -0.0860812 0.98393 -0.156434
    outer loop
      vertex 9.54194 -3.74069 31.3209
      vertex 7.8416 -3.87401 31.418
      vertex 9.54768 -3.72475 31.418
    endloop
  endfacet
  facet normal -0.0860794 0.983937 -0.156393
    outer loop
      vertex 7.8416 -3.87401 31.418
      vertex 9.54194 -3.74069 31.3209
      vertex 7.83238 -3.89211 31.3092
    endloop
  endfacet
  facet normal -0.0871091 0.995705 -0.0313626
    outer loop
      vertex 9.53144 -3.76986 30.9995
      vertex 7.81995 -3.91649 31.0979
      vertex 9.53259 -3.76666 31.0979
    endloop
  endfacet
  facet normal -0.0871125 0.995703 -0.0314265
    outer loop
      vertex 7.81995 -3.91649 31.0979
      vertex 9.53144 -3.76986 30.9995
      vertex 7.8181 -3.92013 30.9877
    endloop
  endfacet
  facet normal 0.00162733 0.27382 -0.96178
    outer loop
      vertex 10.0634 -1.94311 33.3802
      vertex 10.0794 -1.85153 33.4063
      vertex 10.0684 -1.92066 33.3866
    endloop
  endfacet
  facet normal -0.0243152 0.277929 -0.960294
    outer loop
      vertex 10.0634 -1.94311 33.3802
      vertex 8.51945 -1.97764 33.4093
      vertex 10.0794 -1.85153 33.4063
    endloop
  endfacet
  facet normal -0.0243148 0.277908 -0.9603
    outer loop
      vertex 8.51945 -1.97764 33.4093
      vertex 10.0634 -1.94311 33.3802
      vertex 8.49652 -2.0802 33.3802
    endloop
  endfacet
  facet normal -0.0850633 0.972198 0.218162
    outer loop
      vertex 7.85445 -3.8488 26.3101
      vertex 9.54768 -3.72475 26.4175
      vertex 9.55568 -3.70253 26.3216
    endloop
  endfacet
  facet normal -0.0850574 0.972228 0.218034
    outer loop
      vertex 9.54768 -3.72475 26.4175
      vertex 7.85445 -3.8488 26.3101
      vertex 7.8416 -3.87401 26.4175
    endloop
  endfacet
  facet normal -0.0819989 0.937236 0.338917
    outer loop
      vertex 7.91384 -3.73224 25.9531
      vertex 9.59001 -3.60718 26.0128
      vertex 9.59803 -3.58489 25.9531
    endloop
  endfacet
  facet normal -0.0820012 0.937137 0.33919
    outer loop
      vertex 9.59001 -3.60718 26.0128
      vertex 7.91384 -3.73224 25.9531
      vertex 7.90443 -3.75069 26.0018
    endloop
  endfacet
  facet normal -0.086769 0.991778 0.0940631
    outer loop
      vertex 7.82809 -3.90053 26.5769
      vertex 9.53605 -3.75705 26.6396
      vertex 9.53826 -3.75091 26.5769
    endloop
  endfacet
  facet normal -0.0867675 0.991783 0.094011
    outer loop
      vertex 9.53605 -3.75705 26.6396
      vertex 7.82809 -3.90053 26.5769
      vertex 7.82551 -3.90559 26.6279
    endloop
  endfacet
  facet normal 0.00162733 0.27382 0.96178
    outer loop
      vertex 10.0794 -1.85153 24.4292
      vertex 10.0634 -1.94311 24.4553
      vertex 10.0684 -1.92066 24.4489
    endloop
  endfacet
  facet normal -0.0243152 0.277929 0.960294
    outer loop
      vertex 8.51945 -1.97764 24.4262
      vertex 10.0634 -1.94311 24.4553
      vertex 10.0794 -1.85153 24.4292
    endloop
  endfacet
  facet normal -0.0243148 0.277908 0.9603
    outer loop
      vertex 10.0634 -1.94311 24.4553
      vertex 8.51945 -1.97764 24.4262
      vertex 8.49652 -2.0802 24.4553
    endloop
  endfacet
  facet normal -0.0534421 0.610834 0.789953
    outer loop
      vertex 8.28063 -2.81809 24.8202
      vertex 9.85258 -2.80859 24.9192
      vertex 9.89075 -2.67722 24.8202
    endloop
  endfacet
  facet normal -0.0534428 0.610817 0.789966
    outer loop
      vertex 9.85258 -2.80859 24.9192
      vertex 8.28063 -2.81809 24.8202
      vertex 8.23304 -2.95029 24.9192
    endloop
  endfacet
  facet normal 0.0616416 -0.704593 -0.706929
    outer loop
      vertex 7.52845 4.45078 32.8096
      vertex 9.10187 4.70301 32.6954
      vertex 9.15775 4.59332 32.8096
    endloop
  endfacet
  facet normal 0.0616499 -0.704628 -0.706894
    outer loop
      vertex 9.10187 4.70301 32.6954
      vertex 7.52845 4.45078 32.8096
      vertex 7.46402 4.55971 32.6954
    endloop
  endfacet
  facet normal 0.0490138 -0.560258 -0.826866
    outer loop
      vertex 7.73401 4.08518 33.106
      vertex 9.27876 4.35433 33.0152
      vertex 9.33464 4.22521 33.106
    endloop
  endfacet
  facet normal 0.0490137 -0.560258 -0.826867
    outer loop
      vertex 9.27876 4.35433 33.0152
      vertex 7.73401 4.08518 33.106
      vertex 7.66864 4.21347 33.0152
    endloop
  endfacet
  facet normal 0.0653758 -0.747252 0.661317
    outer loop
      vertex 7.44399 4.5936 25.1803
      vertex 9.0496 4.80558 25.2611
      vertex 7.40378 4.66159 25.2611
    endloop
  endfacet
  facet normal 0.0653505 -0.747119 0.661471
    outer loop
      vertex 9.0496 4.80558 25.2611
      vertex 7.44399 4.5936 25.1803
      vertex 9.08083 4.7443 25.1888
    endloop
  endfacet
  facet normal 0.0396221 -0.452802 -0.89073
    outer loop
      vertex 7.82642 3.90381 33.2135
      vertex 9.39279 4.09084 33.1881
      vertex 9.41772 4.03322 33.2185
    endloop
  endfacet
  facet normal 0.0395964 -0.4526 -0.890834
    outer loop
      vertex 9.39279 4.09084 33.1881
      vertex 7.82642 3.90381 33.2135
      vertex 7.80203 3.95167 33.1881
    endloop
  endfacet
  facet normal -0.00812231 0.0928376 0.995648
    outer loop
      vertex 8.62763 -1.43365 24.3346
      vertex 10.1559 -1.36858 24.341
      vertex 10.1669 -1.29898 24.3346
    endloop
  endfacet
  facet normal -0.00818478 0.0943184 0.995508
    outer loop
      vertex 10.1559 -1.36858 24.341
      vertex 8.62763 -1.43365 24.3346
      vertex 8.61831 -1.49251 24.3401
    endloop
  endfacet
  facet normal 0.087159 -0.996194 0
    outer loop
      vertex 7.01938 5.21985 26.8989
      vertex 8.72708 5.36926 30.9365
      vertex 7.01938 5.21985 30.9365
    endloop
  endfacet
  facet normal 0.087159 -0.996194 0
    outer loop
      vertex 8.72708 5.36926 30.9365
      vertex 7.01938 5.21985 26.8989
      vertex 8.72708 5.36926 26.8989
    endloop
  endfacet
  facet normal -0.0616224 0.704369 -0.707154
    outer loop
      vertex 9.79599 -3.00336 32.7416
      vertex 8.18786 -3.07578 32.8096
      vertex 9.81635 -2.93331 32.8096
    endloop
  endfacet
  facet normal -0.0616227 0.704468 -0.707056
    outer loop
      vertex 8.18786 -3.07578 32.8096
      vertex 9.79599 -3.00336 32.7416
      vertex 8.1595 -3.15454 32.7336
    endloop
  endfacet
  facet normal -0.087113 0.995704 -0.0313767
    outer loop
      vertex 9.5307 -3.77191 30.9365
      vertex 7.8181 -3.92013 30.9877
      vertex 9.53144 -3.76986 30.9995
    endloop
  endfacet
  facet normal -0.0871137 0.995703 -0.0314027
    outer loop
      vertex 7.8181 -3.92013 30.9877
      vertex 9.5307 -3.77191 30.9365
      vertex 7.81724 -3.92182 30.9365
    endloop
  endfacet
  facet normal -0.0850506 0.972199 -0.218163
    outer loop
      vertex 9.54768 -3.72475 31.418
      vertex 7.85445 -3.8488 31.5253
      vertex 9.55568 -3.70253 31.5139
    endloop
  endfacet
  facet normal -0.0850536 0.972184 -0.218228
    outer loop
      vertex 7.85445 -3.8488 31.5253
      vertex 9.54768 -3.72475 31.418
      vertex 7.8416 -3.87401 31.418
    endloop
  endfacet
  facet normal -0.0776652 0.887716 0.453794
    outer loop
      vertex 7.97639 -3.58887 25.6611
      vertex 9.63276 -3.48843 25.7481
      vertex 9.64929 -3.44251 25.6611
    endloop
  endfacet
  facet normal -0.0776657 0.887702 0.453821
    outer loop
      vertex 9.63276 -3.48843 25.7481
      vertex 7.97639 -3.58887 25.6611
      vertex 7.95402 -3.64057 25.7584
    endloop
  endfacet
  facet normal -0.0800146 0.914556 0.396465
    outer loop
      vertex 9.59803 -3.58489 25.9531
      vertex 7.91724 -3.72557 25.9384
      vertex 7.91384 -3.73224 25.9531
    endloop
  endfacet
  facet normal -0.0800104 0.91449 0.39662
    outer loop
      vertex 9.59803 -3.58489 25.9531
      vertex 7.92369 -3.71065 25.9053
      vertex 7.91724 -3.72557 25.9384
    endloop
  endfacet
  facet normal -0.080009 0.914339 0.396968
    outer loop
      vertex 7.92369 -3.71065 25.9053
      vertex 9.59803 -3.58489 25.9531
      vertex 9.60746 -3.55871 25.8947
    endloop
  endfacet
  facet normal -0.0850591 0.97225 0.217934
    outer loop
      vertex 7.86045 -3.83701 26.2599
      vertex 9.55568 -3.70253 26.3216
      vertex 9.56082 -3.68825 26.2599
    endloop
  endfacet
  facet normal -0.0850633 0.972198 0.218164
    outer loop
      vertex 9.55568 -3.70253 26.3216
      vertex 7.86045 -3.83701 26.2599
      vertex 7.85445 -3.8488 26.3101
    endloop
  endfacet
  facet normal -0.0750147 0.857359 0.509223
    outer loop
      vertex 8.00139 -3.5311 25.5675
      vertex 9.64929 -3.44251 25.6611
      vertex 9.66777 -3.39118 25.5774
    endloop
  endfacet
  facet normal -0.075013 0.857401 0.509153
    outer loop
      vertex 9.64929 -3.44251 25.6611
      vertex 8.00139 -3.5311 25.5675
      vertex 7.97639 -3.58887 25.6611
    endloop
  endfacet
  facet normal -0.0836961 0.956673 0.278874
    outer loop
      vertex 7.88456 -3.7897 26.1049
      vertex 9.57103 -3.65988 26.1657
      vertex 9.57762 -3.64158 26.1049
    endloop
  endfacet
  facet normal -0.0836953 0.95669 0.278819
    outer loop
      vertex 9.57103 -3.65988 26.1657
      vertex 7.88456 -3.7897 26.1049
      vertex 7.87685 -3.80483 26.1545
    endloop
  endfacet
  facet normal -0.0820054 0.937199 0.339018
    outer loop
      vertex 7.90443 -3.75069 26.0018
      vertex 9.57762 -3.64158 26.1049
      vertex 9.59001 -3.60718 26.0128
    endloop
  endfacet
  facet normal -0.0819983 0.937267 0.338831
    outer loop
      vertex 9.57762 -3.64158 26.1049
      vertex 7.90443 -3.75069 26.0018
      vertex 7.88456 -3.7897 26.1049
    endloop
  endfacet
  facet normal -0.0799972 0.914322 0.397009
    outer loop
      vertex 7.94331 -3.66532 25.8049
      vertex 9.60746 -3.55871 25.8947
      vertex 9.62195 -3.51845 25.8049
    endloop
  endfacet
  facet normal -0.0800008 0.91426 0.39715
    outer loop
      vertex 9.60746 -3.55871 25.8947
      vertex 7.94331 -3.66532 25.8049
      vertex 7.92369 -3.71065 25.9053
    endloop
  endfacet
  facet normal -0.0295434 0.337862 0.940732
    outer loop
      vertex 8.47362 -2.18113 24.4908
      vertex 10.0287 -2.09861 24.51
      vertex 10.0432 -2.03358 24.4871
    endloop
  endfacet
  facet normal -0.0295258 0.3375 0.940862
    outer loop
      vertex 10.0287 -2.09861 24.51
      vertex 8.47362 -2.18113 24.4908
      vertex 8.45767 -2.23605 24.51
    endloop
  endfacet
  facet normal -0.048948 0.559437 0.827426
    outer loop
      vertex 8.3134 -2.72708 24.7606
      vertex 9.89075 -2.67722 24.8202
      vertex 9.91429 -2.59618 24.7668
    endloop
  endfacet
  facet normal -0.0489482 0.55947 0.827404
    outer loop
      vertex 9.89075 -2.67722 24.8202
      vertex 8.3134 -2.72708 24.7606
      vertex 8.28063 -2.81809 24.8202
    endloop
  endfacet
  facet normal -0.0295132 0.337323 0.940926
    outer loop
      vertex 8.49652 -2.0802 24.4553
      vertex 10.0432 -2.03358 24.4871
      vertex 10.0634 -1.94311 24.4553
    endloop
  endfacet
  facet normal -0.0295158 0.337438 0.940885
    outer loop
      vertex 8.4751 -2.17604 24.489
      vertex 10.0432 -2.03358 24.4871
      vertex 8.49652 -2.0802 24.4553
    endloop
  endfacet
  facet normal -0.0298367 0.340953 0.939607
    outer loop
      vertex 10.0432 -2.03358 24.4871
      vertex 8.4751 -2.17604 24.489
      vertex 8.47362 -2.18113 24.4908
    endloop
  endfacet
  facet normal -0.0653846 0.747175 0.661403
    outer loop
      vertex 8.13128 -3.23095 25.1803
      vertex 9.75025 -3.1608 25.2611
      vertex 9.76933 -3.09513 25.1888
    endloop
  endfacet
  facet normal -0.0653829 0.747305 0.661257
    outer loop
      vertex 9.75025 -3.1608 25.2611
      vertex 8.13128 -3.23095 25.1803
      vertex 8.09912 -3.30526 25.2611
    endloop
  endfacet
  facet normal 0.0860851 -0.983951 -0.156301
    outer loop
      vertex 7.05256 5.17708 31.418
      vertex 8.74408 5.34051 31.3208
      vertex 8.75277 5.32583 31.418
    endloop
  endfacet
  facet normal 0.0860813 -0.983943 -0.156353
    outer loop
      vertex 8.74408 5.34051 31.3208
      vertex 7.05256 5.17708 31.418
      vertex 7.04 5.19327 31.3092
    endloop
  endfacet
  facet normal 0.0799914 -0.914316 -0.397022
    outer loop
      vertex 8.82893 5.19704 31.8824
      vertex 7.15581 5.02995 31.9301
      vertex 7.14252 5.0495 31.8824
    endloop
  endfacet
  facet normal 0.0799927 -0.914324 -0.397004
    outer loop
      vertex 7.15581 5.02995 31.9301
      vertex 8.82893 5.19704 31.8824
      vertex 8.84319 5.17293 31.9408
    endloop
  endfacet
  facet normal 0.0136599 -0.155912 0.987677
    outer loop
      vertex 9.68017 3.35673 24.375
      vertex 8.15533 3.16612 24.366
      vertex 9.70383 3.29102 24.3643
    endloop
  endfacet
  facet normal 0.013552 -0.155054 0.987813
    outer loop
      vertex 9.68017 3.35673 24.375
      vertex 8.13554 3.22109 24.3749
      vertex 8.15533 3.16612 24.366
    endloop
  endfacet
  facet normal 0.0172097 -0.196702 0.980312
    outer loop
      vertex 8.13554 3.22109 24.3749
      vertex 9.68017 3.35673 24.375
      vertex 8.13533 3.22157 24.375
    endloop
  endfacet
  facet normal 0 0 1
    outer loop
      vertex 10.2298 0.643602 24.3295
      vertex 8.73273 0.549417 24.3295
      vertex 8.75 0 24.3295
    endloop
  endfacet
  facet normal 0 0 1
    outer loop
      vertex 9.92798 2.54907 24.3295
      vertex 8.681 1.09667 24.3295
      vertex 8.73273 0.549417 24.3295
    endloop
  endfacet
  facet normal 0 0 1
    outer loop
      vertex 9.92798 2.54907 24.3295
      vertex 8.59501 1.63959 24.3295
      vertex 8.681 1.09667 24.3295
    endloop
  endfacet
  facet normal 0 0 1
    outer loop
      vertex 9.92798 2.54907 24.3295
      vertex 8.4751 2.17604 24.3295
      vertex 8.59501 1.63959 24.3295
    endloop
  endfacet
  facet normal 0 0 1
    outer loop
      vertex 9.82994 2.88653 24.3295
      vertex 8.32174 2.7039 24.3295
      vertex 8.4751 2.17604 24.3295
    endloop
  endfacet
  facet normal 0 -0 1
    outer loop
      vertex 8.32174 2.7039 24.3295
      vertex 9.82994 2.88653 24.3295
      vertex 8.30405 2.75304 24.3295
    endloop
  endfacet
  facet normal 0 0 1
    outer loop
      vertex 8.75 0 24.3295
      vertex 10.25 0 24.3295
      vertex 10.2298 0.643602 24.3295
    endloop
  endfacet
  facet normal 0 0 1
    outer loop
      vertex 10.25 0 24.3295
      vertex 8.75 0 24.3295
      vertex 10.2298 -0.643602 24.3295
    endloop
  endfacet
  facet normal 0 0 1
    outer loop
      vertex 8.73273 0.549417 24.3295
      vertex 10.2298 0.643602 24.3295
      vertex 10.1692 1.28467 24.3295
    endloop
  endfacet
  facet normal 0 0 1
    outer loop
      vertex 8.73273 0.549417 24.3295
      vertex 10.1692 1.28467 24.3295
      vertex 10.0684 1.92066 24.3295
    endloop
  endfacet
  facet normal 0 0 1
    outer loop
      vertex 8.73273 0.549417 24.3295
      vertex 10.0684 1.92066 24.3295
      vertex 9.92798 2.54907 24.3295
    endloop
  endfacet
  facet normal 0 0 1
    outer loop
      vertex 8.4751 2.17604 24.3295
      vertex 9.92798 2.54907 24.3295
      vertex 9.82994 2.88653 24.3295
    endloop
  endfacet
  facet normal -0 0 1
    outer loop
      vertex 8.73273 -0.549417 24.3295
      vertex 10.2298 -0.643602 24.3295
      vertex 8.75 0 24.3295
    endloop
  endfacet
  facet normal 0 0 1
    outer loop
      vertex 10.2298 -0.643602 24.3295
      vertex 8.73273 -0.549417 24.3295
      vertex 10.1833 -1.13561 24.3295
    endloop
  endfacet
  facet normal -0 0 1
    outer loop
      vertex 8.681 -1.09667 24.3295
      vertex 10.1833 -1.13561 24.3295
      vertex 8.73273 -0.549417 24.3295
    endloop
  endfacet
  facet normal 0 0 1
    outer loop
      vertex 10.1833 -1.13561 24.3295
      vertex 8.681 -1.09667 24.3295
      vertex 8.65364 -1.26943 24.3295
    endloop
  endfacet
  facet normal 0.00300291 -0.0950848 0.995465
    outer loop
      vertex 9.73603 3.20158 24.3498
      vertex 9.7646 3.1114 24.3411
      vertex 9.74833 3.16742 24.3465
    endloop
  endfacet
  facet normal 0.00817344 -0.0934588 0.99559
    outer loop
      vertex 9.73603 3.20158 24.3498
      vertex 8.22727 2.9663 24.3401
      vertex 9.7646 3.1114 24.3411
    endloop
  endfacet
  facet normal 0.0081801 -0.0935013 0.995586
    outer loop
      vertex 8.22727 2.9663 24.3401
      vertex 9.73603 3.20158 24.3498
      vertex 8.19122 3.06643 24.3498
    endloop
  endfacet
  facet normal -0.00819978 0.0945047 0.995491
    outer loop
      vertex 8.61831 -1.49251 24.3401
      vertex 10.141 -1.46257 24.3498
      vertex 10.1559 -1.36858 24.341
    endloop
  endfacet
  facet normal -0.00818075 0.0935061 0.995585
    outer loop
      vertex 10.141 -1.46257 24.3498
      vertex 8.61831 -1.49251 24.3401
      vertex 8.60172 -1.59724 24.3498
    endloop
  endfacet
  facet normal -0.0082481 0.0942752 -0.995512
    outer loop
      vertex 10.1559 -1.36858 33.4944
      vertex 8.62763 -1.43365 33.5009
      vertex 10.1669 -1.29898 33.5009
    endloop
  endfacet
  facet normal -0.00825035 0.0943286 -0.995507
    outer loop
      vertex 8.62763 -1.43365 33.5009
      vertex 10.1559 -1.36858 33.4944
      vertex 8.61831 -1.49251 33.4954
    endloop
  endfacet
  facet normal 0.0819996 -0.937269 -0.338826
    outer loop
      vertex 8.79806 5.24924 31.7305
      vertex 7.13121 5.06614 31.8336
      vertex 7.10731 5.10132 31.7305
    endloop
  endfacet
  facet normal 0.0820095 -0.937304 -0.338727
    outer loop
      vertex 7.13121 5.06614 31.8336
      vertex 8.79806 5.24924 31.7305
      vertex 8.8168 5.21756 31.8227
    endloop
  endfacet
  facet normal 0.0532175 -0.60831 -0.791914
    outer loop
      vertex 7.66864 4.21347 33.0152
      vertex 9.27448 4.36424 33.0073
      vertex 9.27876 4.35433 33.0152
    endloop
  endfacet
  facet normal 0.053441 -0.610598 -0.790136
    outer loop
      vertex 9.27448 4.36424 33.0073
      vertex 7.66864 4.21347 33.0152
      vertex 9.21704 4.47697 32.9163
    endloop
  endfacet
  facet normal 0.0529058 -0.608168 -0.792043
    outer loop
      vertex 7.66768 4.21534 33.0137
      vertex 9.21704 4.47697 32.9163
      vertex 7.66864 4.21347 33.0152
    endloop
  endfacet
  facet normal 0.0534078 -0.610469 -0.790237
    outer loop
      vertex 9.21704 4.47697 32.9163
      vertex 7.66768 4.21534 33.0137
      vertex 7.59679 4.33522 32.9163
    endloop
  endfacet
  facet normal 0.0819996 -0.937269 0.338826
    outer loop
      vertex 7.13121 5.06614 26.0018
      vertex 8.79806 5.24924 26.1049
      vertex 7.10731 5.10132 26.1049
    endloop
  endfacet
  facet normal 0.0819771 -0.93719 0.339049
    outer loop
      vertex 8.79806 5.24924 26.1049
      vertex 7.13121 5.06614 26.0018
      vertex 8.8168 5.21756 26.0128
    endloop
  endfacet
  facet normal 0.0689007 -0.787542 0.612398
    outer loop
      vertex 7.36331 4.72462 25.3466
      vertex 9.00116 4.90065 25.3887
      vertex 7.34231 4.75552 25.3887
    endloop
  endfacet
  facet normal 0.068868 -0.78731 0.612699
    outer loop
      vertex 9.00116 4.90065 25.3887
      vertex 7.36331 4.72462 25.3466
      vertex 9.02056 4.86258 25.3376
    endloop
  endfacet
  facet normal 0.0489769 -0.559836 0.827154
    outer loop
      vertex 9.27876 4.35433 24.8202
      vertex 7.73401 4.08518 24.7295
      vertex 9.33464 4.22521 24.7295
    endloop
  endfacet
  facet normal 0.0489768 -0.559836 0.827155
    outer loop
      vertex 7.73401 4.08518 24.7295
      vertex 9.27876 4.35433 24.8202
      vertex 7.66864 4.21347 24.8202
    endloop
  endfacet
  facet normal 0.0750157 -0.857412 -0.509133
    outer loop
      vertex 8.90647 5.06593 32.1744
      vertex 7.28389 4.84149 32.3133
      vertex 7.23098 4.91934 32.1744
    endloop
  endfacet
  facet normal 0.0750093 -0.85739 -0.509172
    outer loop
      vertex 7.28389 4.84149 32.3133
      vertex 8.90647 5.06593 32.1744
      vertex 8.95285 4.9875 32.3133
    endloop
  endfacet
  facet normal 0.0750157 -0.857412 0.509133
    outer loop
      vertex 7.28389 4.84149 25.5222
      vertex 8.90647 5.06593 25.6611
      vertex 7.23098 4.91934 25.6611
    endloop
  endfacet
  facet normal 0.0750093 -0.85739 0.509172
    outer loop
      vertex 8.90647 5.06593 25.6611
      vertex 7.28389 4.84149 25.5222
      vertex 8.95285 4.9875 25.5222
    endloop
  endfacet
  facet normal 0.0242993 -0.277733 -0.960351
    outer loop
      vertex 8.06941 3.37392 33.4252
      vertex 9.57068 3.66087 33.3802
      vertex 9.62499 3.51002 33.4252
    endloop
  endfacet
  facet normal 0.0242978 -0.277726 -0.960353
    outer loop
      vertex 9.57068 3.66087 33.3802
      vertex 8.06941 3.37392 33.4252
      vertex 8.00453 3.52385 33.3802
    endloop
  endfacet
  facet normal 0 0 -1
    outer loop
      vertex 8.75 0 33.5059
      vertex 10.25 0 33.5059
      vertex 10.2298 -0.643602 33.5059
    endloop
  endfacet
  facet normal 0 0 -1
    outer loop
      vertex 8.73273 -0.549417 33.5059
      vertex 10.2298 -0.643602 33.5059
      vertex 10.1833 -1.13561 33.5059
    endloop
  endfacet
  facet normal 0 0 -1
    outer loop
      vertex 10.25 0 33.5059
      vertex 8.75 0 33.5059
      vertex 10.2298 0.643602 33.5059
    endloop
  endfacet
  facet normal 0 0 -1
    outer loop
      vertex 8.73273 0.549417 33.5059
      vertex 10.2298 0.643602 33.5059
      vertex 8.75 0 33.5059
    endloop
  endfacet
  facet normal 0 0 -1
    outer loop
      vertex 8.681 1.09667 33.5059
      vertex 10.1692 1.28467 33.5059
      vertex 8.73273 0.549417 33.5059
    endloop
  endfacet
  facet normal -0 0 -1
    outer loop
      vertex 10.1692 1.28467 33.5059
      vertex 8.681 1.09667 33.5059
      vertex 10.0684 1.92066 33.5059
    endloop
  endfacet
  facet normal -0 0 -1
    outer loop
      vertex 10.2298 0.643602 33.5059
      vertex 8.73273 0.549417 33.5059
      vertex 10.1692 1.28467 33.5059
    endloop
  endfacet
  facet normal 0 0 -1
    outer loop
      vertex 10.2298 -0.643602 33.5059
      vertex 8.73273 -0.549417 33.5059
      vertex 8.75 0 33.5059
    endloop
  endfacet
  facet normal 0 0 -1
    outer loop
      vertex 10.1833 -1.13561 33.5059
      vertex 8.681 -1.09667 33.5059
      vertex 8.73273 -0.549417 33.5059
    endloop
  endfacet
  facet normal 0 -0 -1
    outer loop
      vertex 8.681 -1.09667 33.5059
      vertex 10.1833 -1.13561 33.5059
      vertex 8.65364 -1.26943 33.5059
    endloop
  endfacet
  facet normal 0 0 -1
    outer loop
      vertex 8.59501 1.63959 33.5059
      vertex 10.0684 1.92066 33.5059
      vertex 8.681 1.09667 33.5059
    endloop
  endfacet
  facet normal -0 0 -1
    outer loop
      vertex 10.0684 1.92066 33.5059
      vertex 8.59501 1.63959 33.5059
      vertex 9.92798 2.54907 33.5059
    endloop
  endfacet
  facet normal 0 0 -1
    outer loop
      vertex 8.4751 2.17604 33.5059
      vertex 9.92798 2.54907 33.5059
      vertex 8.59501 1.63959 33.5059
    endloop
  endfacet
  facet normal -0 0 -1
    outer loop
      vertex 9.92798 2.54907 33.5059
      vertex 8.4751 2.17604 33.5059
      vertex 9.82994 2.88653 33.5059
    endloop
  endfacet
  facet normal 0 0 -1
    outer loop
      vertex 8.32174 2.7039 33.5059
      vertex 9.82994 2.88653 33.5059
      vertex 8.4751 2.17604 33.5059
    endloop
  endfacet
  facet normal 0 0 -1
    outer loop
      vertex 9.82994 2.88653 33.5059
      vertex 8.32174 2.7039 33.5059
      vertex 8.30405 2.75304 33.5059
    endloop
  endfacet
  facet normal 0.00300291 -0.0950848 -0.995465
    outer loop
      vertex 9.7646 3.1114 33.4944
      vertex 9.73603 3.20158 33.4857
      vertex 9.74833 3.16742 33.489
    endloop
  endfacet
  facet normal 0.00817344 -0.0934588 -0.99559
    outer loop
      vertex 8.22727 2.9663 33.4954
      vertex 9.73603 3.20158 33.4857
      vertex 9.7646 3.1114 33.4944
    endloop
  endfacet
  facet normal 0.0081801 -0.0935013 -0.995586
    outer loop
      vertex 9.73603 3.20158 33.4857
      vertex 8.22727 2.9663 33.4954
      vertex 8.19122 3.06643 33.4857
    endloop
  endfacet
  facet normal 0.0867677 -0.991771 -0.0941349
    outer loop
      vertex 8.72994 5.36442 31.0979
      vertex 7.03064 5.20534 31.2076
      vertex 7.02307 5.21509 31.0979
    endloop
  endfacet
  facet normal 0.0867708 -0.991775 -0.0940929
    outer loop
      vertex 7.03064 5.20534 31.2076
      vertex 8.72994 5.36442 31.0979
      vertex 8.73517 5.35558 31.1959
    endloop
  endfacet
  facet normal -0.0396066 0.452765 -0.89075
    outer loop
      vertex 9.96185 -2.39753 33.1881
      vertex 8.3852 -2.48548 33.2135
      vertex 9.97548 -2.33653 33.2185
    endloop
  endfacet
  facet normal -0.0396012 0.452653 -0.890807
    outer loop
      vertex 8.3852 -2.48548 33.2135
      vertex 9.96185 -2.39753 33.1881
      vertex 8.3703 -2.53677 33.1881
    endloop
  endfacet
  facet normal -0.0616722 0.704976 -0.706544
    outer loop
      vertex 9.78219 -3.05087 32.6954
      vertex 8.1595 -3.15454 32.7336
      vertex 9.79599 -3.00336 32.7416
    endloop
  endfacet
  facet normal -0.0616685 0.704883 -0.706637
    outer loop
      vertex 8.1595 -3.15454 32.7336
      vertex 9.78219 -3.05087 32.6954
      vertex 8.14527 -3.19408 32.6954
    endloop
  endfacet
  facet normal -0.0750178 0.857436 0.509093
    outer loop
      vertex 8.01349 -3.50314 25.5222
      vertex 9.66777 -3.39118 25.5774
      vertex 9.67995 -3.35734 25.5222
    endloop
  endfacet
  facet normal -0.0750173 0.857395 0.509162
    outer loop
      vertex 9.66777 -3.39118 25.5774
      vertex 8.01349 -3.50314 25.5222
      vertex 8.00139 -3.5311 25.5675
    endloop
  endfacet
  facet normal -0.0243937 0.278818 0.960034
    outer loop
      vertex 8.532 -1.92149 24.4102
      vertex 10.0794 -1.85153 24.4292
      vertex 10.0899 -1.78519 24.4102
    endloop
  endfacet
  facet normal -0.0244013 0.279001 0.959981
    outer loop
      vertex 10.0794 -1.85153 24.4292
      vertex 8.532 -1.92149 24.4102
      vertex 8.51945 -1.97764 24.4262
    endloop
  endfacet
  facet normal -0.0346157 0.39568 0.917736
    outer loop
      vertex 8.45767 -2.23605 24.51
      vertex 10.0145 -2.16178 24.5367
      vertex 10.0287 -2.09861 24.51
    endloop
  endfacet
  facet normal -0.0346155 0.395676 0.917737
    outer loop
      vertex 10.0145 -2.16178 24.5367
      vertex 8.45767 -2.23605 24.51
      vertex 8.44218 -2.28936 24.5324
    endloop
  endfacet
  facet normal -0.0616224 0.704369 0.707154
    outer loop
      vertex 8.18786 -3.07578 25.0259
      vertex 9.79599 -3.00336 25.0939
      vertex 9.81635 -2.93331 25.0259
    endloop
  endfacet
  facet normal -0.0616227 0.704468 0.707056
    outer loop
      vertex 9.79599 -3.00336 25.0939
      vertex 8.18786 -3.07578 25.0259
      vertex 8.1595 -3.15454 25.1019
    endloop
  endfacet
  facet normal -0.0394937 0.45158 0.891356
    outer loop
      vertex 8.3852 -2.48548 24.622
      vertex 9.96185 -2.39753 24.6473
      vertex 9.97548 -2.33653 24.617
    endloop
  endfacet
  facet normal -0.0394774 0.451237 0.891531
    outer loop
      vertex 9.96185 -2.39753 24.6473
      vertex 8.3852 -2.48548 24.622
      vertex 8.3703 -2.53677 24.6473
    endloop
  endfacet
  facet normal -0.0443763 0.507232 0.860666
    outer loop
      vertex 8.3703 -2.53677 24.6473
      vertex 9.94316 -2.48112 24.6956
      vertex 9.96185 -2.39753 24.6473
    endloop
  endfacet
  facet normal -0.044373 0.507044 0.860777
    outer loop
      vertex 9.94316 -2.48112 24.6956
      vertex 8.3703 -2.53677 24.6473
      vertex 8.34302 -2.63066 24.7012
    endloop
  endfacet
  facet normal -0.0242753 0.277465 -0.960429
    outer loop
      vertex 10.0794 -1.85153 33.4063
      vertex 8.532 -1.92149 33.4252
      vertex 10.0899 -1.78519 33.4252
    endloop
  endfacet
  facet normal -0.0242724 0.277396 -0.960449
    outer loop
      vertex 8.532 -1.92149 33.4252
      vertex 10.0794 -1.85153 33.4063
      vertex 8.51945 -1.97764 33.4093
    endloop
  endfacet
  facet normal 0.0653052 -0.746657 -0.661996
    outer loop
      vertex 9.08083 4.7443 32.6467
      vertex 7.46402 4.55971 32.6954
      vertex 7.44399 4.5936 32.6552
    endloop
  endfacet
  facet normal 0.0653583 -0.747014 -0.661588
    outer loop
      vertex 7.46402 4.55971 32.6954
      vertex 9.08083 4.7443 32.6467
      vertex 9.10187 4.70301 32.6954
    endloop
  endfacet
  facet normal 0.0850566 -0.972195 0.218179
    outer loop
      vertex 7.07005 5.15453 26.3102
      vertex 8.75277 5.32583 26.4175
      vertex 7.05256 5.17708 26.4175
    endloop
  endfacet
  facet normal 0.0850592 -0.972202 0.218149
    outer loop
      vertex 8.75277 5.32583 26.4175
      vertex 7.07005 5.15453 26.3102
      vertex 8.76487 5.30537 26.3216
    endloop
  endfacet
  facet normal 0.0850641 -0.972243 0.217963
    outer loop
      vertex 7.07824 5.14397 26.2599
      vertex 8.76487 5.30537 26.3216
      vertex 7.07005 5.15453 26.3102
    endloop
  endfacet
  facet normal 0.0850662 -0.972251 0.217926
    outer loop
      vertex 8.76487 5.30537 26.3216
      vertex 7.07824 5.14397 26.2599
      vertex 8.77264 5.29222 26.2599
    endloop
  endfacet
  facet normal 0.0860875 -0.983939 -0.156377
    outer loop
      vertex 8.73852 5.34992 31.2586
      vertex 7.04 5.19327 31.3092
      vertex 7.03415 5.2008 31.2586
    endloop
  endfacet
  facet normal 0.08608 -0.983912 -0.156547
    outer loop
      vertex 7.04 5.19327 31.3092
      vertex 8.73852 5.34992 31.2586
      vertex 8.74408 5.34051 31.3208
    endloop
  endfacet
  facet normal 0.0190084 -0.21726 0.975929
    outer loop
      vertex 9.62499 3.51002 24.4102
      vertex 8.13533 3.22157 24.375
      vertex 9.68017 3.35673 24.375
    endloop
  endfacet
  facet normal 0.0190084 -0.217261 0.975929
    outer loop
      vertex 8.13533 3.22157 24.375
      vertex 9.62499 3.51002 24.4102
      vertex 8.06941 3.37392 24.4102
    endloop
  endfacet
  facet normal -0.0136078 0.155538 0.987736
    outer loop
      vertex 8.60172 -1.59724 24.3498
      vertex 10.1153 -1.62485 24.375
      vertex 10.141 -1.46257 24.3498
    endloop
  endfacet
  facet normal -0.0135967 0.156074 0.987652
    outer loop
      vertex 8.59501 -1.63959 24.3564
      vertex 10.1153 -1.62485 24.375
      vertex 8.60172 -1.59724 24.3498
    endloop
  endfacet
  facet normal -0.013591 0.155342 0.987767
    outer loop
      vertex 10.1153 -1.62485 24.375
      vertex 8.59501 -1.63959 24.3564
      vertex 8.56805 -1.76022 24.375
    endloop
  endfacet
  facet normal -0.00273159 0.0312241 0.999509
    outer loop
      vertex 8.65364 -1.26943 24.3295
      vertex 10.1744 -1.22922 24.3324
      vertex 10.1833 -1.13561 24.3295
    endloop
  endfacet
  facet normal -0.0027486 0.0318688 0.999488
    outer loop
      vertex 10.1744 -1.22922 24.3324
      vertex 8.65364 -1.26943 24.3295
      vertex 8.63702 -1.37436 24.3328
    endloop
  endfacet
  facet normal 0.063815 0.024602 0.997658
    outer loop
      vertex 10.1744 -1.22922 24.3324
      vertex 10.1669 -1.29898 24.3346
      vertex 10.1692 -1.28467 24.3341
    endloop
  endfacet
  facet normal -0.00274357 0.0318156 0.99949
    outer loop
      vertex 8.63702 -1.37436 24.3328
      vertex 10.1669 -1.29898 24.3346
      vertex 10.1744 -1.22922 24.3324
    endloop
  endfacet
  facet normal -0.00269215 0.0307711 0.999523
    outer loop
      vertex 10.1669 -1.29898 24.3346
      vertex 8.63702 -1.37436 24.3328
      vertex 8.62763 -1.43365 24.3346
    endloop
  endfacet
  facet normal 0.0136736 -0.156294 -0.987616
    outer loop
      vertex 8.19122 3.06643 33.4857
      vertex 9.70383 3.29102 33.4711
      vertex 9.73603 3.20158 33.4857
    endloop
  endfacet
  facet normal 0.0135729 -0.155622 -0.987723
    outer loop
      vertex 9.70383 3.29102 33.4711
      vertex 8.19122 3.06643 33.4857
      vertex 8.15533 3.16612 33.4695
    endloop
  endfacet
  facet normal 0.0819699 -0.937123 0.339236
    outer loop
      vertex 7.14252 5.0495 25.9531
      vertex 8.8168 5.21756 26.0128
      vertex 7.13121 5.06614 26.0018
    endloop
  endfacet
  facet normal 0.0819997 -0.937272 0.338819
    outer loop
      vertex 8.8168 5.21756 26.0128
      vertex 7.14252 5.0495 25.9531
      vertex 8.82893 5.19704 25.9531
    endloop
  endfacet
  facet normal 0.0443804 -0.507283 0.860636
    outer loop
      vertex 9.33464 4.22521 24.7295
      vertex 7.80203 3.95167 24.6473
      vertex 9.39279 4.09084 24.6473
    endloop
  endfacet
  facet normal 0.0443785 -0.507274 0.860642
    outer loop
      vertex 7.80203 3.95167 24.6473
      vertex 9.33464 4.22521 24.7295
      vertex 7.73401 4.08518 24.7295
    endloop
  endfacet
  facet normal 0.0616146 -0.704284 0.707239
    outer loop
      vertex 9.10187 4.70301 25.14
      vertex 7.52845 4.45078 25.0259
      vertex 9.15775 4.59332 25.0259
    endloop
  endfacet
  facet normal 0.0616229 -0.70432 0.707203
    outer loop
      vertex 7.52845 4.45078 25.0259
      vertex 9.10187 4.70301 25.14
      vertex 7.46402 4.55971 25.14
    endloop
  endfacet
  facet normal 0.0653845 -0.747466 0.661074
    outer loop
      vertex 7.46402 4.55971 25.14
      vertex 9.08083 4.7443 25.1888
      vertex 7.44399 4.5936 25.1803
    endloop
  endfacet
  facet normal 0.0654169 -0.747684 0.660825
    outer loop
      vertex 9.08083 4.7443 25.1888
      vertex 7.46402 4.55971 25.14
      vertex 9.10187 4.70301 25.14
    endloop
  endfacet
  facet normal 0.0720804 -0.823911 0.562117
    outer loop
      vertex 7.34231 4.75552 25.3887
      vertex 8.95285 4.9875 25.5222
      vertex 7.28389 4.84149 25.5222
    endloop
  endfacet
  facet normal 0.0721212 -0.824063 0.561888
    outer loop
      vertex 8.95285 4.9875 25.5222
      vertex 7.34231 4.75552 25.3887
      vertex 8.98214 4.93797 25.4458
    endloop
  endfacet
  facet normal 0.0720666 -0.823728 0.562386
    outer loop
      vertex 8.98214 4.93797 25.4458
      vertex 7.34231 4.75552 25.3887
      vertex 9.00116 4.90065 25.3887
    endloop
  endfacet
  facet normal 0.00824884 -0.0942833 -0.995511
    outer loop
      vertex 8.24753 2.91004 33.5009
      vertex 9.7646 3.1114 33.4944
      vertex 9.78405 3.04447 33.5009
    endloop
  endfacet
  facet normal 0.00825737 -0.0943474 -0.995505
    outer loop
      vertex 9.7646 3.1114 33.4944
      vertex 8.24753 2.91004 33.5009
      vertex 8.22727 2.9663 33.4954
    endloop
  endfacet
  facet normal -0.0403588 0.0343999 -0.998593
    outer loop
      vertex 10.1669 -1.29898 33.5009
      vertex 10.1744 -1.22922 33.503
      vertex 10.1692 -1.28467 33.5013
    endloop
  endfacet
  facet normal -0.00267272 0.0303766 -0.999535
    outer loop
      vertex 10.1669 -1.29898 33.5009
      vertex 8.63702 -1.37436 33.5027
      vertex 10.1744 -1.22922 33.503
    endloop
  endfacet
  facet normal -0.00269215 0.0307711 -0.999523
    outer loop
      vertex 8.63702 -1.37436 33.5027
      vertex 10.1669 -1.29898 33.5009
      vertex 8.62763 -1.43365 33.5009
    endloop
  endfacet
  facet normal -0.0136605 0.15614 -0.98764
    outer loop
      vertex 10.1153 -1.62485 33.4604
      vertex 8.60172 -1.59724 33.4857
      vertex 10.141 -1.46257 33.4857
    endloop
  endfacet
  facet normal -0.0136617 0.156084 -0.987649
    outer loop
      vertex 10.1153 -1.62485 33.4604
      vertex 8.59501 -1.63959 33.4791
      vertex 8.60172 -1.59724 33.4857
    endloop
  endfacet
  facet normal -0.0136622 0.156157 -0.987638
    outer loop
      vertex 8.59501 -1.63959 33.4791
      vertex 10.1153 -1.62485 33.4604
      vertex 8.56805 -1.76022 33.4604
    endloop
  endfacet
  facet normal 0.00269956 -0.030858 -0.99952
    outer loop
      vertex 8.30405 2.75304 33.5059
      vertex 9.78405 3.04447 33.5009
      vertex 9.82994 2.88653 33.5059
    endloop
  endfacet
  facet normal 0.00269993 -0.0308599 -0.99952
    outer loop
      vertex 9.78405 3.04447 33.5009
      vertex 8.30405 2.75304 33.5059
      vertex 8.24753 2.91004 33.5009
    endloop
  endfacet
  facet normal 0.0871161 -0.995705 -0.031357
    outer loop
      vertex 8.72708 5.36926 30.9365
      vertex 7.02307 5.21509 31.0979
      vertex 7.01938 5.21985 30.9365
    endloop
  endfacet
  facet normal 0.0871117 -0.995703 -0.0314024
    outer loop
      vertex 7.02307 5.21509 31.0979
      vertex 8.72708 5.36926 30.9365
      vertex 8.72994 5.36442 31.0979
    endloop
  endfacet
  facet normal -0.0490046 0.560153 -0.826939
    outer loop
      vertex 9.89075 -2.67722 33.0152
      vertex 8.3134 -2.72708 33.0749
      vertex 9.91429 -2.59618 33.0687
    endloop
  endfacet
  facet normal -0.0490044 0.560112 -0.826966
    outer loop
      vertex 8.3134 -2.72708 33.0749
      vertex 9.89075 -2.67722 33.0152
      vertex 8.28063 -2.81809 33.0152
    endloop
  endfacet
  facet normal -0.0653517 0.746983 -0.661623
    outer loop
      vertex 9.76933 -3.09513 32.6467
      vertex 8.14527 -3.19408 32.6954
      vertex 9.78219 -3.05087 32.6954
    endloop
  endfacet
  facet normal -0.0653417 0.746613 -0.662042
    outer loop
      vertex 8.14527 -3.19408 32.6954
      vertex 9.76933 -3.09513 32.6467
      vertex 8.13554 -3.22109 32.6659
    endloop
  endfacet
  facet normal -0.0655361 0.749664 -0.658565
    outer loop
      vertex 8.13554 -3.22109 32.6659
      vertex 9.76933 -3.09513 32.6467
      vertex 8.13128 -3.23095 32.6551
    endloop
  endfacet
  facet normal -0.0534084 0.610449 -0.790253
    outer loop
      vertex 9.85258 -2.80859 32.9163
      vertex 8.28063 -2.81809 33.0152
      vertex 9.89075 -2.67722 33.0152
    endloop
  endfacet
  facet normal -0.0534091 0.610432 -0.790266
    outer loop
      vertex 8.28063 -2.81809 33.0152
      vertex 9.85258 -2.80859 32.9163
      vertex 8.23304 -2.95029 32.9163
    endloop
  endfacet
  facet normal -0.0689025 0.787587 0.612339
    outer loop
      vertex 9.71381 -3.26331 25.3887
      vertex 8.06917 -3.37446 25.3466
      vertex 8.05445 -3.40848 25.3887
    endloop
  endfacet
  facet normal -0.0688904 0.787237 0.612791
    outer loop
      vertex 8.06917 -3.37446 25.3466
      vertex 9.71381 -3.26331 25.3887
      vertex 9.72859 -3.22224 25.3376
    endloop
  endfacet
  facet normal -0.0776407 0.887389 0.454437
    outer loop
      vertex 9.62195 -3.51845 25.8049
      vertex 7.95402 -3.64057 25.7584
      vertex 7.94331 -3.66532 25.8049
    endloop
  endfacet
  facet normal -0.0776423 0.887473 0.454272
    outer loop
      vertex 7.95402 -3.64057 25.7584
      vertex 9.62195 -3.51845 25.8049
      vertex 9.63276 -3.48843 25.7481
    endloop
  endfacet
  facet normal -0.0798434 0.565231 0.82106
    outer loop
      vertex 9.93006 -2.53977 24.7295
      vertex 9.91429 -2.59618 24.7668
      vertex 9.92798 -2.54907 24.7357
    endloop
  endfacet
  facet normal -0.0490285 0.560394 0.826774
    outer loop
      vertex 8.32872 -2.67987 24.7295
      vertex 9.91429 -2.59618 24.7668
      vertex 9.93006 -2.53977 24.7295
    endloop
  endfacet
  facet normal -0.0490515 0.56102 0.826348
    outer loop
      vertex 8.32174 -2.7039 24.7454
      vertex 9.91429 -2.59618 24.7668
      vertex 8.32872 -2.67987 24.7295
    endloop
  endfacet
  facet normal -0.0489898 0.559965 0.827067
    outer loop
      vertex 9.91429 -2.59618 24.7668
      vertex 8.32174 -2.7039 24.7454
      vertex 8.3134 -2.72708 24.7606
    endloop
  endfacet
  facet normal -0.0653434 0.746641 0.662011
    outer loop
      vertex 9.76933 -3.09513 25.1888
      vertex 8.13554 -3.22109 25.1696
      vertex 8.13128 -3.23095 25.1803
    endloop
  endfacet
  facet normal -0.0654103 0.747653 0.66086
    outer loop
      vertex 8.14527 -3.19408 25.14
      vertex 9.76933 -3.09513 25.1888
      vertex 9.78219 -3.05087 25.14
    endloop
  endfacet
  facet normal -0.065412 0.747716 0.660789
    outer loop
      vertex 9.76933 -3.09513 25.1888
      vertex 8.14527 -3.19408 25.14
      vertex 8.13554 -3.22109 25.1696
    endloop
  endfacet
  facet normal -0.0615979 0.704213 0.707312
    outer loop
      vertex 8.1595 -3.15454 25.1019
      vertex 9.78219 -3.05087 25.14
      vertex 9.79599 -3.00336 25.0939
    endloop
  endfacet
  facet normal -0.0615877 0.70396 0.707564
    outer loop
      vertex 9.78219 -3.05087 25.14
      vertex 8.1595 -3.15454 25.1019
      vertex 8.14527 -3.19408 25.14
    endloop
  endfacet
  facet normal -0.0750178 0.857436 -0.509093
    outer loop
      vertex 9.66777 -3.39118 32.2581
      vertex 8.01349 -3.50314 32.3133
      vertex 9.67995 -3.35734 32.3133
    endloop
  endfacet
  facet normal -0.0750173 0.857395 -0.509162
    outer loop
      vertex 8.01349 -3.50314 32.3133
      vertex 9.66777 -3.39118 32.2581
      vertex 8.00139 -3.5311 32.268
    endloop
  endfacet
  facet normal -0.0295132 0.337323 -0.940926
    outer loop
      vertex 10.0432 -2.03358 33.3484
      vertex 8.49652 -2.0802 33.3802
      vertex 10.0634 -1.94311 33.3802
    endloop
  endfacet
  facet normal -0.0295158 0.337438 -0.940885
    outer loop
      vertex 10.0432 -2.03358 33.3484
      vertex 8.4751 -2.17604 33.3465
      vertex 8.49652 -2.0802 33.3802
    endloop
  endfacet
  facet normal -0.0298367 0.340953 -0.939607
    outer loop
      vertex 8.4751 -2.17604 33.3465
      vertex 10.0432 -2.03358 33.3484
      vertex 8.47362 -2.18113 33.3447
    endloop
  endfacet
  facet normal 0.0027535 -0.0314746 0.999501
    outer loop
      vertex 9.78405 3.04447 24.3346
      vertex 8.30405 2.75304 24.3295
      vertex 9.82994 2.88653 24.3295
    endloop
  endfacet
  facet normal 0.00275387 -0.0314765 0.999501
    outer loop
      vertex 8.30405 2.75304 24.3295
      vertex 9.78405 3.04447 24.3346
      vertex 8.24753 2.91004 24.3346
    endloop
  endfacet
  facet normal 0.00824884 -0.0942833 0.995511
    outer loop
      vertex 9.7646 3.1114 24.3411
      vertex 8.24753 2.91004 24.3346
      vertex 9.78405 3.04447 24.3346
    endloop
  endfacet
  facet normal 0.00825737 -0.0943474 0.995505
    outer loop
      vertex 8.24753 2.91004 24.3346
      vertex 9.7646 3.1114 24.3411
      vertex 8.22727 2.9663 24.3401
    endloop
  endfacet
  facet normal 0.0243491 -0.278303 0.960185
    outer loop
      vertex 9.57068 3.66087 24.4553
      vertex 8.06941 3.37392 24.4102
      vertex 9.62499 3.51002 24.4102
    endloop
  endfacet
  facet normal 0.0243476 -0.278295 0.960187
    outer loop
      vertex 8.06941 3.37392 24.4102
      vertex 9.57068 3.66087 24.4553
      vertex 8.00453 3.52385 24.4553
    endloop
  endfacet
  facet normal 0.0135822 -0.155249 0.987782
    outer loop
      vertex 9.70383 3.29102 24.3643
      vertex 8.19122 3.06643 24.3498
      vertex 9.73603 3.20158 24.3498
    endloop
  endfacet
  facet normal 0.0136349 -0.1556 0.987726
    outer loop
      vertex 8.19122 3.06643 24.3498
      vertex 9.70383 3.29102 24.3643
      vertex 8.15533 3.16612 24.366
    endloop
  endfacet
  facet normal 0.0820134 -0.93734 -0.338625
    outer loop
      vertex 8.8168 5.21756 31.8227
      vertex 7.14252 5.0495 31.8824
      vertex 7.13121 5.06614 31.8336
    endloop
  endfacet
  facet normal 0.0819997 -0.937272 -0.338819
    outer loop
      vertex 7.14252 5.0495 31.8824
      vertex 8.8168 5.21756 31.8227
      vertex 8.82893 5.19704 31.8824
    endloop
  endfacet
  facet normal 0.0799772 -0.914178 -0.397343
    outer loop
      vertex 7.1838 4.98877 32.0305
      vertex 8.84319 5.17293 31.9408
      vertex 8.86511 5.13586 32.0305
    endloop
  endfacet
  facet normal 0.0799846 -0.914209 -0.39727
    outer loop
      vertex 8.84319 5.17293 31.9408
      vertex 7.1838 4.98877 32.0305
      vertex 7.15581 5.02995 31.9301
    endloop
  endfacet
  facet normal 0.0654112 -0.747656 -0.660857
    outer loop
      vertex 9.0496 4.80558 32.5743
      vertex 7.44399 4.5936 32.6552
      vertex 7.40378 4.66159 32.5743
    endloop
  endfacet
  facet normal 0.0653946 -0.747569 -0.660957
    outer loop
      vertex 7.44399 4.5936 32.6552
      vertex 9.0496 4.80558 32.5743
      vertex 9.08083 4.7443 32.6467
    endloop
  endfacet
  facet normal 0.083692 -0.956614 -0.27908
    outer loop
      vertex 7.10731 5.10132 31.7305
      vertex 8.78261 5.27537 31.6363
      vertex 8.79806 5.24924 31.7305
    endloop
  endfacet
  facet normal 0.0837078 -0.956666 -0.278896
    outer loop
      vertex 8.78261 5.27537 31.6363
      vertex 7.10731 5.10132 31.7305
      vertex 7.08758 5.13035 31.625
    endloop
  endfacet
  facet normal 0.0837036 -0.956652 -0.278944
    outer loop
      vertex 8.77264 5.29222 31.5755
      vertex 7.08758 5.13035 31.625
      vertex 7.0789 5.14312 31.5786
    endloop
  endfacet
  facet normal 0.0836738 -0.956336 -0.280036
    outer loop
      vertex 8.77264 5.29222 31.5755
      vertex 7.0789 5.14312 31.5786
      vertex 7.07824 5.14397 31.5755
    endloop
  endfacet
  facet normal 0.0837085 -0.956677 -0.278858
    outer loop
      vertex 7.08758 5.13035 31.625
      vertex 8.77264 5.29222 31.5755
      vertex 8.78261 5.27537 31.6363
    endloop
  endfacet
  facet normal 0.0850531 -0.972151 -0.218377
    outer loop
      vertex 8.76487 5.30537 31.5139
      vertex 7.07824 5.14397 31.5755
      vertex 7.07005 5.15453 31.5253
    endloop
  endfacet
  facet normal 0.0850597 -0.972176 -0.218263
    outer loop
      vertex 7.07824 5.14397 31.5755
      vertex 8.76487 5.30537 31.5139
      vertex 8.77264 5.29222 31.5755
    endloop
  endfacet
  facet normal 0.0776448 -0.887509 0.454202
    outer loop
      vertex 7.23098 4.91934 25.6611
      vertex 8.8901 5.09361 25.718
      vertex 7.21568 4.94185 25.7077
    endloop
  endfacet
  facet normal 0.077653 -0.887556 0.454108
    outer loop
      vertex 8.8901 5.09361 25.718
      vertex 7.23098 4.91934 25.6611
      vertex 8.90647 5.06593 25.6611
    endloop
  endfacet
  facet normal 0.0395276 -0.451615 0.891337
    outer loop
      vertex 9.39279 4.09084 24.6473
      vertex 7.82642 3.90381 24.622
      vertex 9.41772 4.03322 24.617
    endloop
  endfacet
  facet normal 0.0394725 -0.451184 0.891558
    outer loop
      vertex 7.82642 3.90381 24.622
      vertex 9.39279 4.09084 24.6473
      vertex 7.80203 3.95167 24.6473
    endloop
  endfacet
  facet normal 0.0576231 -0.658651 0.750239
    outer loop
      vertex 9.15775 4.59332 25.0259
      vertex 7.59679 4.33522 24.9192
      vertex 9.21704 4.47697 24.9192
    endloop
  endfacet
  facet normal 0.0576219 -0.658646 0.750244
    outer loop
      vertex 7.59679 4.33522 24.9192
      vertex 9.15775 4.59332 25.0259
      vertex 7.52845 4.45078 25.0259
    endloop
  endfacet
  facet normal 0.0688681 -0.78731 0.612699
    outer loop
      vertex 7.38787 4.68848 25.2974
      vertex 9.02056 4.86258 25.3376
      vertex 7.36331 4.72462 25.3466
    endloop
  endfacet
  facet normal 0.0688217 -0.786976 0.613133
    outer loop
      vertex 7.40378 4.66159 25.2611
      vertex 9.02056 4.86258 25.3376
      vertex 7.38787 4.68848 25.2974
    endloop
  endfacet
  facet normal 0.0688773 -0.787275 0.612743
    outer loop
      vertex 9.02056 4.86258 25.3376
      vertex 7.40378 4.66159 25.2611
      vertex 9.0496 4.80558 25.2611
    endloop
  endfacet
  facet normal 0.0346071 -0.395561 -0.917788
    outer loop
      vertex 7.94096 3.67074 33.3255
      vertex 9.48916 3.86814 33.2988
      vertex 9.51499 3.80845 33.3255
    endloop
  endfacet
  facet normal 0.0346046 -0.395542 -0.917796
    outer loop
      vertex 9.48916 3.86814 33.2988
      vertex 7.94096 3.67074 33.3255
      vertex 7.91929 3.72082 33.3031
    endloop
  endfacet
  facet normal 0.0190084 -0.21726 -0.975929
    outer loop
      vertex 8.13533 3.22157 33.4604
      vertex 9.62499 3.51002 33.4252
      vertex 9.68017 3.35673 33.4604
    endloop
  endfacet
  facet normal 0.0190084 -0.217261 -0.975929
    outer loop
      vertex 9.62499 3.51002 33.4252
      vertex 8.13533 3.22157 33.4604
      vertex 8.06941 3.37392 33.4252
    endloop
  endfacet
  facet normal 0.0135979 -0.155933 -0.987674
    outer loop
      vertex 8.15533 3.16612 33.4695
      vertex 9.68017 3.35673 33.4604
      vertex 9.70383 3.29102 33.4711
    endloop
  endfacet
  facet normal 0.0137012 -0.156753 -0.987543
    outer loop
      vertex 8.13554 3.22109 33.4605
      vertex 9.68017 3.35673 33.4604
      vertex 8.15533 3.16612 33.4695
    endloop
  endfacet
  facet normal 0.0172097 -0.196702 -0.980312
    outer loop
      vertex 9.68017 3.35673 33.4604
      vertex 8.13554 3.22109 33.4605
      vertex 8.13533 3.22157 33.4604
    endloop
  endfacet
  facet normal -0.0798434 0.565231 -0.82106
    outer loop
      vertex 9.91429 -2.59618 33.0687
      vertex 9.93006 -2.53977 33.106
      vertex 9.92798 -2.54907 33.0998
    endloop
  endfacet
  facet normal -0.0490285 0.560394 -0.826774
    outer loop
      vertex 9.91429 -2.59618 33.0687
      vertex 8.32872 -2.67987 33.106
      vertex 9.93006 -2.53977 33.106
    endloop
  endfacet
  facet normal -0.0490515 0.56102 -0.826348
    outer loop
      vertex 9.91429 -2.59618 33.0687
      vertex 8.32174 -2.7039 33.0901
      vertex 8.32872 -2.67987 33.106
    endloop
  endfacet
  facet normal -0.0489898 0.559965 -0.827067
    outer loop
      vertex 8.32174 -2.7039 33.0901
      vertex 9.91429 -2.59618 33.0687
      vertex 8.3134 -2.72708 33.0749
    endloop
  endfacet
  facet normal -0.0442958 0.506236 -0.861257
    outer loop
      vertex 9.93006 -2.53977 33.106
      vertex 8.34302 -2.63066 33.1342
      vertex 9.94316 -2.48112 33.1398
    endloop
  endfacet
  facet normal -0.0443023 0.506374 -0.861175
    outer loop
      vertex 8.34302 -2.63066 33.1342
      vertex 9.93006 -2.53977 33.106
      vertex 8.32872 -2.67987 33.106
    endloop
  endfacet
  facet normal -0.0443763 0.507232 -0.860666
    outer loop
      vertex 9.94316 -2.48112 33.1398
      vertex 8.3703 -2.53677 33.1881
      vertex 9.96185 -2.39753 33.1881
    endloop
  endfacet
  facet normal -0.044373 0.507044 -0.860777
    outer loop
      vertex 8.3703 -2.53677 33.1881
      vertex 9.94316 -2.48112 33.1398
      vertex 8.34302 -2.63066 33.1342
    endloop
  endfacet
  facet normal -0.0819932 0.937316 -0.338696
    outer loop
      vertex 9.57762 -3.64158 31.7305
      vertex 7.90443 -3.75069 31.8336
      vertex 9.59001 -3.60718 31.8227
    endloop
  endfacet
  facet normal -0.0819983 0.937267 -0.338831
    outer loop
      vertex 7.90443 -3.75069 31.8336
      vertex 9.57762 -3.64158 31.7305
      vertex 7.88456 -3.7897 31.7305
    endloop
  endfacet
  facet normal -0.0799854 0.914339 -0.396971
    outer loop
      vertex 9.59803 -3.58489 31.8824
      vertex 7.92369 -3.71065 31.9301
      vertex 9.60746 -3.55871 31.9408
    endloop
  endfacet
  facet normal -0.0799827 0.914053 -0.39763
    outer loop
      vertex 7.92369 -3.71065 31.9301
      vertex 9.59803 -3.58489 31.8824
      vertex 7.91724 -3.72557 31.8971
    endloop
  endfacet
  facet normal -0.0800146 0.914556 -0.396465
    outer loop
      vertex 7.91724 -3.72557 31.8971
      vertex 9.59803 -3.58489 31.8824
      vertex 7.91384 -3.73224 31.8824
    endloop
  endfacet
  facet normal -0.0750147 0.857359 -0.509223
    outer loop
      vertex 9.64929 -3.44251 32.1744
      vertex 8.00139 -3.5311 32.268
      vertex 9.66777 -3.39118 32.2581
    endloop
  endfacet
  facet normal -0.075013 0.857401 -0.509153
    outer loop
      vertex 8.00139 -3.5311 32.268
      vertex 9.64929 -3.44251 32.1744
      vertex 7.97639 -3.58887 32.1744
    endloop
  endfacet
  facet normal -0.044402 0.507347 0.860597
    outer loop
      vertex 8.34302 -2.63066 24.7012
      vertex 9.93006 -2.53977 24.7295
      vertex 9.94316 -2.48112 24.6956
    endloop
  endfacet
  facet normal -0.0444186 0.507704 0.860386
    outer loop
      vertex 9.93006 -2.53977 24.7295
      vertex 8.34302 -2.63066 24.7012
      vertex 8.32872 -2.67987 24.7295
    endloop
  endfacet
  facet normal -0.0576245 0.658611 0.750274
    outer loop
      vertex 8.23304 -2.95029 24.9192
      vertex 9.81635 -2.93331 25.0259
      vertex 9.85258 -2.80859 24.9192
    endloop
  endfacet
  facet normal -0.0576226 0.65865 0.75024
    outer loop
      vertex 9.81635 -2.93331 25.0259
      vertex 8.23304 -2.95029 24.9192
      vertex 8.18786 -3.07578 25.0259
    endloop
  endfacet
  facet normal -0.03461 0.395608 0.917767
    outer loop
      vertex 8.44218 -2.28936 24.5324
      vertex 9.99477 -2.25027 24.5741
      vertex 10.0145 -2.16178 24.5367
    endloop
  endfacet
  facet normal -0.0346097 0.395583 0.917778
    outer loop
      vertex 9.99477 -2.25027 24.5741
      vertex 8.44218 -2.28936 24.5324
      vertex 8.41334 -2.38863 24.5741
    endloop
  endfacet
  facet normal -0.0190398 0.21799 -0.975765
    outer loop
      vertex 10.0899 -1.78519 33.4252
      vertex 8.54481 -1.86419 33.4377
      vertex 10.1006 -1.71756 33.4401
    endloop
  endfacet
  facet normal -0.0189985 0.217152 -0.975953
    outer loop
      vertex 8.54481 -1.86419 33.4377
      vertex 10.0899 -1.78519 33.4252
      vertex 8.532 -1.92149 33.4252
    endloop
  endfacet
  facet normal -0.0295434 0.337862 -0.940732
    outer loop
      vertex 10.0287 -2.09861 33.3255
      vertex 8.47362 -2.18113 33.3447
      vertex 10.0432 -2.03358 33.3484
    endloop
  endfacet
  facet normal -0.0295258 0.3375 -0.940862
    outer loop
      vertex 8.47362 -2.18113 33.3447
      vertex 10.0287 -2.09861 33.3255
      vertex 8.45767 -2.23605 33.3255
    endloop
  endfacet
  facet normal -0.0346157 0.39568 -0.917736
    outer loop
      vertex 10.0145 -2.16178 33.2988
      vertex 8.45767 -2.23605 33.3255
      vertex 10.0287 -2.09861 33.3255
    endloop
  endfacet
  facet normal -0.0346155 0.395676 -0.917737
    outer loop
      vertex 8.45767 -2.23605 33.3255
      vertex 10.0145 -2.16178 33.2988
      vertex 8.44218 -2.28936 33.3031
    endloop
  endfacet
  facet normal -0.00817971 0.0934516 -0.99559
    outer loop
      vertex 10.141 -1.46257 33.4857
      vertex 8.61831 -1.49251 33.4954
      vertex 10.1559 -1.36858 33.4944
    endloop
  endfacet
  facet normal -0.00818075 0.0935061 -0.995585
    outer loop
      vertex 8.61831 -1.49251 33.4954
      vertex 10.141 -1.46257 33.4857
      vertex 8.60172 -1.59724 33.4857
    endloop
  endfacet
  facet normal 0.0443404 -0.506825 -0.860908
    outer loop
      vertex 7.80203 3.95167 33.1881
      vertex 9.33464 4.22521 33.106
      vertex 9.39279 4.09084 33.1881
    endloop
  endfacet
  facet normal 0.0443385 -0.506816 -0.860913
    outer loop
      vertex 9.33464 4.22521 33.106
      vertex 7.80203 3.95167 33.1881
      vertex 7.73401 4.08518 33.106
    endloop
  endfacet
  facet normal 0.068858 -0.786966 -0.613142
    outer loop
      vertex 9.02056 4.86258 32.4979
      vertex 7.40378 4.66159 32.5743
      vertex 7.38787 4.68848 32.538
    endloop
  endfacet
  facet normal 0.0688435 -0.786888 -0.613244
    outer loop
      vertex 7.40378 4.66159 32.5743
      vertex 9.02056 4.86258 32.4979
      vertex 9.0496 4.80558 32.5743
    endloop
  endfacet
  facet normal 0.0689042 -0.787299 -0.612709
    outer loop
      vertex 9.02056 4.86258 32.4979
      vertex 7.38787 4.68848 32.538
      vertex 7.36331 4.72462 32.4888
    endloop
  endfacet
  facet normal 0.0688392 -0.786838 -0.613308
    outer loop
      vertex 9.00116 4.90065 32.4468
      vertex 7.36331 4.72462 32.4888
      vertex 7.34231 4.75552 32.4468
    endloop
  endfacet
  facet normal 0.0689043 -0.787301 -0.612706
    outer loop
      vertex 7.36331 4.72462 32.4888
      vertex 9.00116 4.90065 32.4468
      vertex 9.02056 4.86258 32.4979
    endloop
  endfacet
  facet normal 0.0850566 -0.972195 -0.218179
    outer loop
      vertex 8.75277 5.32583 31.418
      vertex 7.07005 5.15453 31.5253
      vertex 7.05256 5.17708 31.418
    endloop
  endfacet
  facet normal 0.0850592 -0.972202 -0.218149
    outer loop
      vertex 7.07005 5.15453 31.5253
      vertex 8.75277 5.32583 31.418
      vertex 8.76487 5.30537 31.5139
    endloop
  endfacet
  facet normal 0.0799947 -0.914353 0.396937
    outer loop
      vertex 7.1838 4.98877 25.8049
      vertex 8.84319 5.17293 25.8947
      vertex 7.15581 5.02995 25.9054
    endloop
  endfacet
  facet normal 0.0799913 -0.914339 0.396971
    outer loop
      vertex 8.84319 5.17293 25.8947
      vertex 7.1838 4.98877 25.8049
      vertex 8.86511 5.13586 25.8049
    endloop
  endfacet
  facet normal 0.0776554 -0.887638 0.453947
    outer loop
      vertex 7.21568 4.94185 25.7077
      vertex 8.86511 5.13586 25.8049
      vertex 7.1838 4.98877 25.8049
    endloop
  endfacet
  facet normal 0.0776603 -0.887659 0.453905
    outer loop
      vertex 8.86511 5.13586 25.8049
      vertex 7.21568 4.94185 25.7077
      vertex 8.8901 5.09361 25.718
    endloop
  endfacet
  facet normal 0.0533934 -0.610614 0.790126
    outer loop
      vertex 7.66864 4.21347 24.8202
      vertex 9.27448 4.36424 24.8282
      vertex 9.21704 4.47697 24.9192
    endloop
  endfacet
  facet normal 0.0536369 -0.613104 0.788179
    outer loop
      vertex 9.27448 4.36424 24.8282
      vertex 7.66864 4.21347 24.8202
      vertex 9.27876 4.35433 24.8202
    endloop
  endfacet
  facet normal 0.0528581 -0.608185 0.792033
    outer loop
      vertex 9.21704 4.47697 24.9192
      vertex 7.66768 4.21534 24.8217
      vertex 7.66864 4.21347 24.8202
    endloop
  endfacet
  facet normal 0.053442 -0.61086 0.789933
    outer loop
      vertex 7.66768 4.21534 24.8217
      vertex 9.21704 4.47697 24.9192
      vertex 7.59679 4.33522 24.9192
    endloop
  endfacet
  facet normal 0.0346071 -0.395561 0.917788
    outer loop
      vertex 9.48916 3.86814 24.5367
      vertex 7.94096 3.67074 24.51
      vertex 9.51499 3.80845 24.51
    endloop
  endfacet
  facet normal 0.0346046 -0.395542 0.917796
    outer loop
      vertex 7.94096 3.67074 24.51
      vertex 9.48916 3.86814 24.5367
      vertex 7.91929 3.72082 24.5324
    endloop
  endfacet
  facet normal 0.077685 -0.8879 -0.45343
    outer loop
      vertex 8.8901 5.09361 32.1174
      vertex 7.23098 4.91934 32.1744
      vertex 7.21568 4.94185 32.1277
    endloop
  endfacet
  facet normal 0.0776811 -0.887877 -0.453475
    outer loop
      vertex 7.23098 4.91934 32.1744
      vertex 8.8901 5.09361 32.1174
      vertex 8.90647 5.06593 32.1744
    endloop
  endfacet
  facet normal 0.0776554 -0.887638 -0.453947
    outer loop
      vertex 8.86511 5.13586 32.0305
      vertex 7.21568 4.94185 32.1277
      vertex 7.1838 4.98877 32.0305
    endloop
  endfacet
  facet normal 0.0776603 -0.887659 -0.453905
    outer loop
      vertex 7.21568 4.94185 32.1277
      vertex 8.86511 5.13586 32.0305
      vertex 8.8901 5.09361 32.1174
    endloop
  endfacet
  facet normal 0.0395467 -0.452016 -0.891133
    outer loop
      vertex 7.87246 3.81345 33.2614
      vertex 9.41772 4.03322 33.2185
      vertex 9.45299 3.95173 33.2614
    endloop
  endfacet
  facet normal 0.0395728 -0.452183 -0.891047
    outer loop
      vertex 9.41772 4.03322 33.2185
      vertex 7.87246 3.81345 33.2614
      vertex 7.82642 3.90381 33.2135
    endloop
  endfacet
  facet normal 0.0346143 -0.395644 -0.917751
    outer loop
      vertex 7.91929 3.72082 33.3031
      vertex 9.45299 3.95173 33.2614
      vertex 9.48916 3.86814 33.2988
    endloop
  endfacet
  facet normal 0.0339917 -0.39181 -0.919418
    outer loop
      vertex 7.91724 3.72557 33.301
      vertex 9.45299 3.95173 33.2614
      vertex 7.91929 3.72082 33.3031
    endloop
  endfacet
  facet normal 0.0346338 -0.395862 -0.917657
    outer loop
      vertex 9.45299 3.95173 33.2614
      vertex 7.91724 3.72557 33.301
      vertex 7.87246 3.81345 33.2614
    endloop
  endfacet
  facet normal -0.0819989 0.937236 -0.338917
    outer loop
      vertex 9.59001 -3.60718 31.8227
      vertex 7.91384 -3.73224 31.8824
      vertex 9.59803 -3.58489 31.8824
    endloop
  endfacet
  facet normal -0.081996 0.937358 -0.338579
    outer loop
      vertex 7.91384 -3.73224 31.8824
      vertex 9.59001 -3.60718 31.8227
      vertex 7.90443 -3.75069 31.8336
    endloop
  endfacet
  facet normal -0.0688531 0.787234 -0.612799
    outer loop
      vertex 9.71381 -3.26331 32.4468
      vertex 8.06917 -3.37446 32.4888
      vertex 9.72859 -3.22224 32.4979
    endloop
  endfacet
  facet normal -0.068841 0.786884 -0.613249
    outer loop
      vertex 8.06917 -3.37446 32.4888
      vertex 9.71381 -3.26331 32.4468
      vertex 8.05445 -3.40848 32.4468
    endloop
  endfacet
  facet normal -0.068597 0.784041 -0.616908
    outer loop
      vertex 9.74833 -3.16742 32.5661
      vertex 8.09912 -3.30526 32.5743
      vertex 9.75025 -3.1608 32.5743
    endloop
  endfacet
  facet normal -0.0688411 0.787204 -0.612839
    outer loop
      vertex 9.72859 -3.22224 32.4979
      vertex 8.09912 -3.30526 32.5743
      vertex 9.74833 -3.16742 32.5661
    endloop
  endfacet
  facet normal -0.0688419 0.78712 -0.612946
    outer loop
      vertex 8.09912 -3.30526 32.5743
      vertex 9.72859 -3.22224 32.4979
      vertex 8.06917 -3.37446 32.4888
    endloop
  endfacet
  facet normal -0.0776652 0.887716 -0.453794
    outer loop
      vertex 9.63276 -3.48843 32.0874
      vertex 7.97639 -3.58887 32.1744
      vertex 9.64929 -3.44251 32.1744
    endloop
  endfacet
  facet normal -0.0776657 0.887702 -0.453821
    outer loop
      vertex 7.97639 -3.58887 32.1744
      vertex 9.63276 -3.48843 32.0874
      vertex 7.95402 -3.64057 32.0771
    endloop
  endfacet
  facet normal -0.0776753 0.887795 -0.453637
    outer loop
      vertex 9.62195 -3.51845 32.0305
      vertex 7.95402 -3.64057 32.0771
      vertex 9.63276 -3.48843 32.0874
    endloop
  endfacet
  facet normal -0.0776751 0.887782 -0.453663
    outer loop
      vertex 7.95402 -3.64057 32.0771
      vertex 9.62195 -3.51845 32.0305
      vertex 7.94331 -3.66532 32.0305
    endloop
  endfacet
  facet normal 0.0576231 -0.658651 -0.750239
    outer loop
      vertex 7.59679 4.33522 32.9163
      vertex 9.15775 4.59332 32.8096
      vertex 9.21704 4.47697 32.9163
    endloop
  endfacet
  facet normal 0.0576219 -0.658646 -0.750244
    outer loop
      vertex 9.15775 4.59332 32.8096
      vertex 7.59679 4.33522 32.9163
      vertex 7.52845 4.45078 32.8096
    endloop
  endfacet
  facet normal 0.0720666 -0.823728 -0.562386
    outer loop
      vertex 7.34231 4.75552 32.4468
      vertex 8.98214 4.93797 32.3897
      vertex 9.00116 4.90065 32.4468
    endloop
  endfacet
  facet normal 0.0720804 -0.823911 -0.562117
    outer loop
      vertex 8.95285 4.9875 32.3133
      vertex 7.34231 4.75552 32.4468
      vertex 7.28389 4.84149 32.3133
    endloop
  endfacet
  facet normal 0.0721212 -0.824063 -0.561888
    outer loop
      vertex 7.34231 4.75552 32.4468
      vertex 8.95285 4.9875 32.3133
      vertex 8.98214 4.93797 32.3897
    endloop
  endfacet
  facet normal 0.0395467 -0.452016 0.891133
    outer loop
      vertex 9.41772 4.03322 24.617
      vertex 7.87246 3.81345 24.5741
      vertex 9.45299 3.95173 24.5741
    endloop
  endfacet
  facet normal 0.0395728 -0.452183 0.891047
    outer loop
      vertex 7.87246 3.81345 24.5741
      vertex 9.41772 4.03322 24.617
      vertex 7.82642 3.90381 24.622
    endloop
  endfacet
  facet normal 0.0346143 -0.395644 0.917751
    outer loop
      vertex 9.45299 3.95173 24.5741
      vertex 7.91929 3.72082 24.5324
      vertex 9.48916 3.86814 24.5367
    endloop
  endfacet
  facet normal 0.0339917 -0.39181 0.919418
    outer loop
      vertex 9.45299 3.95173 24.5741
      vertex 7.91724 3.72557 24.5345
      vertex 7.91929 3.72082 24.5324
    endloop
  endfacet
  facet normal 0.0346338 -0.395862 0.917657
    outer loop
      vertex 7.91724 3.72557 24.5345
      vertex 9.45299 3.95173 24.5741
      vertex 7.87246 3.81345 24.5741
    endloop
  endfacet
  facet normal -0.0576245 0.658611 -0.750274
    outer loop
      vertex 9.81635 -2.93331 32.8096
      vertex 8.23304 -2.95029 32.9163
      vertex 9.85258 -2.80859 32.9163
    endloop
  endfacet
  facet normal -0.0576226 0.65865 -0.75024
    outer loop
      vertex 8.23304 -2.95029 32.9163
      vertex 9.81635 -2.93331 32.8096
      vertex 8.18786 -3.07578 32.8096
    endloop
  endfacet
  facet normal 0 -0.156316 -0.987707
    outer loop
      vertex 8.42722 2.34085 6.17189
      vertex 9.93888 2.50027 6.14666
      vertex 9.97452 2.34085 6.17189
    endloop
  endfacet
  facet normal -0 -0.156316 -0.987707
    outer loop
      vertex 9.93888 2.50027 6.14666
      vertex 8.42722 2.34085 6.17189
      vertex 8.3809 2.50027 6.14666
    endloop
  endfacet
  facet normal -0 -0.999509 -0.0313489
    outer loop
      vertex 9.16036 4.58821 3.62276
      vertex 7.45017 4.58315 3.78409
      vertex 7.44717 4.58821 3.62276
    endloop
  endfacet
  facet normal 0 -0.999509 -0.0313489
    outer loop
      vertex 7.45017 4.58315 3.78409
      vertex 9.16036 4.58821 3.62276
      vertex 9.16294 4.58315 3.78409
    endloop
  endfacet
  facet normal 0 -0.509074 -0.860723
    outer loop
      vertex 8.12016 3.25664 5.87435
      vertex 9.66619 3.39557 5.79218
      vertex 9.71621 3.25664 5.87435
    endloop
  endfacet
  facet normal -0 -0.509074 -0.860723
    outer loop
      vertex 9.66619 3.39557 5.79218
      vertex 8.12016 3.25664 5.87435
      vertex 8.06004 3.39557 5.79218
    endloop
  endfacet
  facet normal -4.75706e-07 0.453912 -0.891046
    outer loop
      vertex 8.17453 -3.11281 5.94762
      vertex 9.74833 -3.16742 5.9198
      vertex 9.71621 -3.25664 5.87435
    endloop
  endfacet
  facet normal 0 0.453923 -0.891041
    outer loop
      vertex 9.74833 -3.16742 5.9198
      vertex 8.17453 -3.11281 5.94762
      vertex 9.7642 -3.11281 5.94762
    endloop
  endfacet
  facet normal -6.61024e-08 0.453916 -0.891045
    outer loop
      vertex 9.71621 -3.25664 5.87435
      vertex 8.13554 -3.22109 5.89246
      vertex 8.17453 -3.11281 5.94762
    endloop
  endfacet
  facet normal 0 0.453918 -0.891043
    outer loop
      vertex 8.13554 -3.22109 5.89246
      vertex 9.71621 -3.25664 5.87435
      vertex 8.12016 -3.25664 5.87435
    endloop
  endfacet
  facet normal 0 0.999509 -0.0313489
    outer loop
      vertex 9.16036 -4.58821 3.62276
      vertex 7.45017 -4.58315 3.78409
      vertex 9.16294 -4.58315 3.78409
    endloop
  endfacet
  facet normal 0 0.999509 -0.0313489
    outer loop
      vertex 7.45017 -4.58315 3.78409
      vertex 9.16036 -4.58821 3.62276
      vertex 7.44717 -4.58821 3.62276
    endloop
  endfacet
  facet normal -0 -0.995557 -0.0941601
    outer loop
      vertex 9.16294 4.58315 3.78409
      vertex 7.45915 4.56795 3.9448
      vertex 7.45017 4.58315 3.78409
    endloop
  endfacet
  facet normal 0 -0.995557 -0.0941601
    outer loop
      vertex 7.45915 4.56795 3.9448
      vertex 9.16294 4.58315 3.78409
      vertex 9.17068 4.56795 3.9448
    endloop
  endfacet
  facet normal 0 -0.0941659 -0.995557
    outer loop
      vertex 8.47391 2.18015 6.18709
      vertex 9.97452 2.34085 6.17189
      vertex 10.0104 2.18015 6.18709
    endloop
  endfacet
  facet normal -0 -0.0941659 -0.995557
    outer loop
      vertex 9.97452 2.34085 6.17189
      vertex 8.47391 2.18015 6.18709
      vertex 8.42722 2.34085 6.17189
    endloop
  endfacet
  facet normal 0 -0.562098 -0.827071
    outer loop
      vertex 8.06004 3.39557 5.79218
      vertex 9.61813 3.52907 5.70145
      vertex 9.66619 3.39557 5.79218
    endloop
  endfacet
  facet normal -0 -0.562098 -0.827071
    outer loop
      vertex 9.61813 3.52907 5.70145
      vertex 8.06004 3.39557 5.79218
      vertex 8.00227 3.52907 5.70145
    endloop
  endfacet
  facet normal 0 0.338812 -0.940854
    outer loop
      vertex 9.80723 -2.96468 6.01172
      vertex 8.28254 -2.81281 6.06641
      vertex 9.85135 -2.81281 6.06641
    endloop
  endfacet
  facet normal 0 0.338812 -0.940854
    outer loop
      vertex 8.28254 -2.81281 6.06641
      vertex 9.80723 -2.96468 6.01172
      vertex 8.22786 -2.96468 6.01172
    endloop
  endfacet
  facet normal 0 1 -0
    outer loop
      vertex 9.16036 -4.58821 0
      vertex 7.44717 -4.58821 3.62276
      vertex 9.16036 -4.58821 3.62276
    endloop
  endfacet
  facet normal 0 1 0
    outer loop
      vertex 7.44717 -4.58821 3.62276
      vertex 9.16036 -4.58821 0
      vertex 7.44717 -4.58821 0
    endloop
  endfacet
  facet normal -0 -0.940874 -0.338757
    outer loop
      vertex 9.22443 4.46246 4.41675
      vertex 7.55388 4.40778 4.56862
      vertex 7.52154 4.46246 4.41675
    endloop
  endfacet
  facet normal 0 -0.940874 -0.338757
    outer loop
      vertex 7.55388 4.40778 4.56862
      vertex 9.22443 4.46246 4.41675
      vertex 9.25229 4.40778 4.56862
    endloop
  endfacet
  facet normal 0 0.562098 -0.827071
    outer loop
      vertex 9.61813 -3.52907 5.70145
      vertex 8.06004 -3.39557 5.79218
      vertex 9.66619 -3.39557 5.79218
    endloop
  endfacet
  facet normal 0 0.562098 -0.827071
    outer loop
      vertex 8.06004 -3.39557 5.79218
      vertex 9.61813 -3.52907 5.70145
      vertex 8.00227 -3.52907 5.70145
    endloop
  endfacet
  facet normal 0 -0.338812 -0.940854
    outer loop
      vertex 8.28254 2.81281 6.06641
      vertex 9.80723 2.96468 6.01172
      vertex 9.85135 2.81281 6.06641
    endloop
  endfacet
  facet normal -0 -0.338812 -0.940854
    outer loop
      vertex 9.80723 2.96468 6.01172
      vertex 8.28254 2.81281 6.06641
      vertex 8.22786 2.96468 6.01172
    endloop
  endfacet
  facet normal 0 0.0314088 -0.999507
    outer loop
      vertex 10.0104 -2.18015 6.18709
      vertex 8.51025 -2.01881 6.19216
      vertex 10.0465 -2.01881 6.19216
    endloop
  endfacet
  facet normal -5.64846e-07 0.0314036 -0.999507
    outer loop
      vertex 10.0104 -2.18015 6.18709
      vertex 8.4751 -2.17604 6.18722
      vertex 8.51025 -2.01881 6.19216
    endloop
  endfacet
  facet normal 0 0.0316144 -0.9995
    outer loop
      vertex 8.4751 -2.17604 6.18722
      vertex 10.0104 -2.18015 6.18709
      vertex 8.47391 -2.18015 6.18709
    endloop
  endfacet
  facet normal 0 0.39714 -0.917758
    outer loop
      vertex 9.7642 -3.11281 5.94762
      vertex 8.22786 -2.96468 6.01172
      vertex 9.80723 -2.96468 6.01172
    endloop
  endfacet
  facet normal 0 0.39714 -0.917758
    outer loop
      vertex 8.22786 -2.96468 6.01172
      vertex 9.7642 -3.11281 5.94762
      vertex 8.17453 -3.11281 5.94762
    endloop
  endfacet
  facet normal 0 0.987698 -0.156376
    outer loop
      vertex 9.17068 -4.56795 3.9448
      vertex 7.47408 -4.54271 4.10422
      vertex 9.18354 -4.54271 4.10422
    endloop
  endfacet
  facet normal 0 0.987698 -0.156376
    outer loop
      vertex 7.47408 -4.54271 4.10422
      vertex 9.17068 -4.56795 3.9448
      vertex 7.45915 -4.56795 3.9448
    endloop
  endfacet
  facet normal 0 0.278948 -0.960306
    outer loop
      vertex 9.85135 -2.81281 6.06641
      vertex 8.33514 -2.65779 6.11144
      vertex 9.89639 -2.65779 6.11144
    endloop
  endfacet
  facet normal -8.21064e-06 0.278874 -0.960328
    outer loop
      vertex 9.85135 -2.81281 6.06641
      vertex 8.32174 -2.7039 6.09805
      vertex 8.33514 -2.65779 6.11144
    endloop
  endfacet
  facet normal 0 0.278981 -0.960297
    outer loop
      vertex 8.32174 -2.7039 6.09805
      vertex 9.85135 -2.81281 6.06641
      vertex 8.28254 -2.81281 6.06641
    endloop
  endfacet
  facet normal -0 -0.891044 -0.453917
    outer loop
      vertex 9.28338 4.34367 4.71675
      vertex 7.63512 4.2704 4.86058
      vertex 7.59179 4.34367 4.71675
    endloop
  endfacet
  facet normal 0 -0.891044 -0.453917
    outer loop
      vertex 7.63512 4.2704 4.86058
      vertex 9.28338 4.34367 4.71675
      vertex 9.31508 4.2704 4.86058
    endloop
  endfacet
  facet normal 0 0 -1
    outer loop
      vertex 8.75 0 6.19216
      vertex 10.25 0 6.19216
      vertex 10.2298 -0.643602 6.19216
    endloop
  endfacet
  facet normal 0 0 -1
    outer loop
      vertex 8.73273 -0.549417 6.19216
      vertex 10.2298 -0.643602 6.19216
      vertex 10.1692 -1.28467 6.19216
    endloop
  endfacet
  facet normal 0 0 -1
    outer loop
      vertex 10.25 0 6.19216
      vertex 8.75 0 6.19216
      vertex 10.2298 0.643602 6.19216
    endloop
  endfacet
  facet normal 0 0 -1
    outer loop
      vertex 8.681 -1.09667 6.19216
      vertex 10.1692 -1.28467 6.19216
      vertex 10.0684 -1.92066 6.19216
    endloop
  endfacet
  facet normal 0 0 -1
    outer loop
      vertex 8.73273 0.549417 6.19216
      vertex 10.2298 0.643602 6.19216
      vertex 8.75 0 6.19216
    endloop
  endfacet
  facet normal 0 0 -1
    outer loop
      vertex 8.59501 -1.63959 6.19216
      vertex 10.0684 -1.92066 6.19216
      vertex 10.0465 -2.01881 6.19216
    endloop
  endfacet
  facet normal -0 0 -1
    outer loop
      vertex 10.2298 0.643602 6.19216
      vertex 8.73273 0.549417 6.19216
      vertex 10.1692 1.28467 6.19216
    endloop
  endfacet
  facet normal 0 0 -1
    outer loop
      vertex 8.681 1.09667 6.19216
      vertex 10.1692 1.28467 6.19216
      vertex 8.73273 0.549417 6.19216
    endloop
  endfacet
  facet normal 0 0 -1
    outer loop
      vertex 10.2298 -0.643602 6.19216
      vertex 8.73273 -0.549417 6.19216
      vertex 8.75 0 6.19216
    endloop
  endfacet
  facet normal 0 0 -1
    outer loop
      vertex 10.1692 -1.28467 6.19216
      vertex 8.681 -1.09667 6.19216
      vertex 8.73273 -0.549417 6.19216
    endloop
  endfacet
  facet normal 0 0 -1
    outer loop
      vertex 10.0684 -1.92066 6.19216
      vertex 8.59501 -1.63959 6.19216
      vertex 8.681 -1.09667 6.19216
    endloop
  endfacet
  facet normal 0 -0 -1
    outer loop
      vertex 8.59501 -1.63959 6.19216
      vertex 10.0465 -2.01881 6.19216
      vertex 8.51025 -2.01881 6.19216
    endloop
  endfacet
  facet normal -0 0 -1
    outer loop
      vertex 10.1692 1.28467 6.19216
      vertex 8.681 1.09667 6.19216
      vertex 10.0684 1.92066 6.19216
    endloop
  endfacet
  facet normal 0 0 -1
    outer loop
      vertex 8.59501 1.63959 6.19216
      vertex 10.0684 1.92066 6.19216
      vertex 8.681 1.09667 6.19216
    endloop
  endfacet
  facet normal -0 0 -1
    outer loop
      vertex 10.0684 1.92066 6.19216
      vertex 8.59501 1.63959 6.19216
      vertex 10.0465 2.01881 6.19216
    endloop
  endfacet
  facet normal -0 0 -1
    outer loop
      vertex 10.0465 2.01881 6.19216
      vertex 8.59501 1.63959 6.19216
      vertex 8.51025 2.01881 6.19216
    endloop
  endfacet
  facet normal -0 -0.987698 -0.156376
    outer loop
      vertex 9.17068 4.56795 3.9448
      vertex 7.47408 4.54271 4.10422
      vertex 7.45915 4.56795 3.9448
    endloop
  endfacet
  facet normal 0 -0.987698 -0.156376
    outer loop
      vertex 7.47408 4.54271 4.10422
      vertex 9.17068 4.56795 3.9448
      vertex 9.18354 4.54271 4.10422
    endloop
  endfacet
  facet normal 2.94587e-05 0.661502 -0.749943
    outer loop
      vertex 7.94707 -3.65662 5.60251
      vertex 9.53021 -3.77328 5.49967
      vertex 9.5283 -3.77769 5.49578
    endloop
  endfacet
  facet normal 0 0.661277 -0.750142
    outer loop
      vertex 9.53021 -3.77328 5.49967
      vertex 7.94707 -3.65662 5.60251
      vertex 9.57221 -3.65662 5.60251
    endloop
  endfacet
  facet normal -2.65663e-06 0.661266 -0.750152
    outer loop
      vertex 9.5283 -3.77769 5.49578
      vertex 7.91724 -3.72557 5.54173
      vertex 7.94707 -3.65662 5.60251
    endloop
  endfacet
  facet normal 0 0.661312 -0.750111
    outer loop
      vertex 7.91724 -3.72557 5.54173
      vertex 9.5283 -3.77769 5.49578
      vertex 7.89068 -3.77769 5.49578
    endloop
  endfacet
  facet normal 0 -0.453923 -0.891041
    outer loop
      vertex 8.17453 3.11281 5.94762
      vertex 9.74833 3.16742 5.9198
      vertex 9.7642 3.11281 5.94762
    endloop
  endfacet
  facet normal -4.75706e-07 -0.453912 -0.891046
    outer loop
      vertex 9.74833 3.16742 5.9198
      vertex 8.17453 3.11281 5.94762
      vertex 9.71621 3.25664 5.87435
    endloop
  endfacet
  facet normal -6.61024e-08 -0.453916 -0.891045
    outer loop
      vertex 8.13554 3.22109 5.89246
      vertex 9.71621 3.25664 5.87435
      vertex 8.17453 3.11281 5.94762
    endloop
  endfacet
  facet normal -0 -0.453918 -0.891043
    outer loop
      vertex 9.71621 3.25664 5.87435
      vertex 8.13554 3.22109 5.89246
      vertex 8.12016 3.25664 5.87435
    endloop
  endfacet
  facet normal 0 -0.278948 -0.960306
    outer loop
      vertex 8.33514 2.65779 6.11144
      vertex 9.85135 2.81281 6.06641
      vertex 9.89639 2.65779 6.11144
    endloop
  endfacet
  facet normal -8.21064e-06 -0.278874 -0.960328
    outer loop
      vertex 8.32174 2.7039 6.09805
      vertex 9.85135 2.81281 6.06641
      vertex 8.33514 2.65779 6.11144
    endloop
  endfacet
  facet normal -0 -0.278981 -0.960297
    outer loop
      vertex 9.85135 2.81281 6.06641
      vertex 8.32174 2.7039 6.09805
      vertex 8.28254 2.81281 6.06641
    endloop
  endfacet
  facet normal 0 -1 0
    outer loop
      vertex 7.44717 4.58821 0
      vertex 9.16036 4.58821 3.62276
      vertex 7.44717 4.58821 3.62276
    endloop
  endfacet
  facet normal 0 -1 -0
    outer loop
      vertex 9.16036 4.58821 3.62276
      vertex 7.44717 4.58821 0
      vertex 9.16036 4.58821 0
    endloop
  endfacet
  facet normal 0 0.612915 -0.790149
    outer loop
      vertex 9.57221 -3.65662 5.60251
      vertex 8.00227 -3.52907 5.70145
      vertex 9.61813 -3.52907 5.70145
    endloop
  endfacet
  facet normal 0 0.612915 -0.790149
    outer loop
      vertex 8.00227 -3.52907 5.70145
      vertex 9.57221 -3.65662 5.60251
      vertex 7.94707 -3.65662 5.60251
    endloop
  endfacet
  facet normal 0 0.995557 -0.0941601
    outer loop
      vertex 9.16294 -4.58315 3.78409
      vertex 7.45915 -4.56795 3.9448
      vertex 9.17068 -4.56795 3.9448
    endloop
  endfacet
  facet normal 0 0.995557 -0.0941601
    outer loop
      vertex 7.45915 -4.56795 3.9448
      vertex 9.16294 -4.58315 3.78409
      vertex 7.45017 -4.58315 3.78409
    endloop
  endfacet
  facet normal 0 -0.0314088 -0.999507
    outer loop
      vertex 8.51025 2.01881 6.19216
      vertex 10.0104 2.18015 6.18709
      vertex 10.0465 2.01881 6.19216
    endloop
  endfacet
  facet normal -5.64846e-07 -0.0314036 -0.999507
    outer loop
      vertex 8.4751 2.17604 6.18722
      vertex 10.0104 2.18015 6.18709
      vertex 8.51025 2.01881 6.19216
    endloop
  endfacet
  facet normal -0 -0.0316144 -0.9995
    outer loop
      vertex 10.0104 2.18015 6.18709
      vertex 8.4751 2.17604 6.18722
      vertex 8.47391 2.18015 6.18709
    endloop
  endfacet
  facet normal 0 0.975903 -0.218203
    outer loop
      vertex 9.18354 -4.54271 4.10422
      vertex 7.49491 -4.50749 4.26174
      vertex 9.20148 -4.50749 4.26174
    endloop
  endfacet
  facet normal 0 0.975903 -0.218203
    outer loop
      vertex 7.49491 -4.50749 4.26174
      vertex 9.18354 -4.54271 4.10422
      vertex 7.47408 -4.54271 4.10422
    endloop
  endfacet
  facet normal -0 -0.707107 -0.707107
    outer loop
      vertex 9.47891 3.89183 5.38164
      vertex 7.89068 3.77769 5.49578
      vertex 7.83252 3.89183 5.38164
    endloop
  endfacet
  facet normal 0 -0.707107 -0.707107
    outer loop
      vertex 7.89068 3.77769 5.49578
      vertex 9.47891 3.89183 5.38164
      vertex 9.5283 3.77769 5.49578
    endloop
  endfacet
  facet normal 0 0.707107 -0.707107
    outer loop
      vertex 9.47891 -3.89183 5.38164
      vertex 7.89068 -3.77769 5.49578
      vertex 9.5283 -3.77769 5.49578
    endloop
  endfacet
  facet normal 0 0.707107 -0.707107
    outer loop
      vertex 7.89068 -3.77769 5.49578
      vertex 9.47891 -3.89183 5.38164
      vertex 7.83252 -3.89183 5.38164
    endloop
  endfacet
  facet normal -0 -0.975903 -0.218203
    outer loop
      vertex 9.18354 4.54271 4.10422
      vertex 7.49491 4.50749 4.26174
      vertex 7.47408 4.54271 4.10422
    endloop
  endfacet
  facet normal 0 -0.975903 -0.218203
    outer loop
      vertex 7.49491 4.50749 4.26174
      vertex 9.18354 4.54271 4.10422
      vertex 9.20148 4.50749 4.26174
    endloop
  endfacet
  facet normal 0 -0.91768 -0.39732
    outer loop
      vertex 7.59179 4.34367 4.71675
      vertex 9.27448 4.36424 4.66924
      vertex 9.28338 4.34367 4.71675
    endloop
  endfacet
  facet normal -0 -0.917736 -0.397192
    outer loop
      vertex 9.25229 4.40778 4.56862
      vertex 7.59179 4.34367 4.71675
      vertex 7.55388 4.40778 4.56862
    endloop
  endfacet
  facet normal 6.29199e-06 -0.917761 -0.397132
    outer loop
      vertex 7.59179 4.34367 4.71675
      vertex 9.25229 4.40778 4.56862
      vertex 9.27448 4.36424 4.66924
    endloop
  endfacet
  facet normal 0 0.860739 -0.509047
    outer loop
      vertex 9.31508 -4.2704 4.86058
      vertex 7.6815 -4.18823 4.99952
      vertex 9.35064 -4.18823 4.99952
    endloop
  endfacet
  facet normal 9.3127e-06 0.860787 -0.508965
    outer loop
      vertex 7.6815 -4.18823 4.99952
      vertex 9.31508 -4.2704 4.86058
      vertex 7.66768 -4.21534 4.95367
    endloop
  endfacet
  facet normal 0 0.860715 -0.509087
    outer loop
      vertex 7.66768 -4.21534 4.95367
      vertex 9.31508 -4.2704 4.86058
      vertex 7.63512 -4.2704 4.86058
    endloop
  endfacet
  facet normal 0 0.509074 -0.860723
    outer loop
      vertex 9.66619 -3.39557 5.79218
      vertex 8.12016 -3.25664 5.87435
      vertex 9.71621 -3.25664 5.87435
    endloop
  endfacet
  facet normal 0 0.509074 -0.860723
    outer loop
      vertex 8.12016 -3.25664 5.87435
      vertex 9.66619 -3.39557 5.79218
      vertex 8.06004 -3.39557 5.79218
    endloop
  endfacet
  facet normal 0 0.0941659 -0.995557
    outer loop
      vertex 9.97452 -2.34085 6.17189
      vertex 8.47391 -2.18015 6.18709
      vertex 10.0104 -2.18015 6.18709
    endloop
  endfacet
  facet normal 0 0.0941659 -0.995557
    outer loop
      vertex 8.47391 -2.18015 6.18709
      vertex 9.97452 -2.34085 6.17189
      vertex 8.42722 -2.34085 6.17189
    endloop
  endfacet
  facet normal 0 -0.21818 -0.975909
    outer loop
      vertex 8.3809 2.50027 6.14666
      vertex 9.92798 2.54907 6.13575
      vertex 9.93888 2.50027 6.14666
    endloop
  endfacet
  facet normal 1.10848e-06 -0.218213 -0.975901
    outer loop
      vertex 9.92798 2.54907 6.13575
      vertex 8.3809 2.50027 6.14666
      vertex 9.89639 2.65779 6.11144
    endloop
  endfacet
  facet normal -0 -0.218203 -0.975903
    outer loop
      vertex 9.89639 2.65779 6.11144
      vertex 8.3809 2.50027 6.14666
      vertex 8.33514 2.65779 6.11144
    endloop
  endfacet
  facet normal -0 -0.960301 -0.278965
    outer loop
      vertex 9.20148 4.50749 4.26174
      vertex 7.52154 4.46246 4.41675
      vertex 7.49491 4.50749 4.26174
    endloop
  endfacet
  facet normal 0 -0.960301 -0.278965
    outer loop
      vertex 7.52154 4.46246 4.41675
      vertex 9.20148 4.50749 4.26174
      vertex 9.22443 4.46246 4.41675
    endloop
  endfacet
  facet normal 0 0.790179 -0.612876
    outer loop
      vertex 9.3899 -4.0975 5.13301
      vertex 7.77814 -3.99857 5.26056
      vertex 9.43272 -3.99857 5.26056
    endloop
  endfacet
  facet normal 0 0.790179 -0.612876
    outer loop
      vertex 7.77814 -3.99857 5.26056
      vertex 9.3899 -4.0975 5.13301
      vertex 7.72773 -4.0975 5.13301
    endloop
  endfacet
  facet normal 0 0.156316 -0.987707
    outer loop
      vertex 9.93888 -2.50027 6.14666
      vertex 8.42722 -2.34085 6.17189
      vertex 9.97452 -2.34085 6.17189
    endloop
  endfacet
  facet normal 0 0.156316 -0.987707
    outer loop
      vertex 8.42722 -2.34085 6.17189
      vertex 9.93888 -2.50027 6.14666
      vertex 8.3809 -2.50027 6.14666
    endloop
  endfacet
  facet normal -0 -0.750131 -0.66129
    outer loop
      vertex 9.43272 3.99857 5.26056
      vertex 7.83252 3.89183 5.38164
      vertex 7.77814 3.99857 5.26056
    endloop
  endfacet
  facet normal 0 -0.750131 -0.66129
    outer loop
      vertex 7.83252 3.89183 5.38164
      vertex 9.43272 3.99857 5.26056
      vertex 9.47891 3.89183 5.38164
    endloop
  endfacet
  facet normal 0 -0.661277 -0.750142
    outer loop
      vertex 7.94707 3.65662 5.60251
      vertex 9.53021 3.77328 5.49967
      vertex 9.57221 3.65662 5.60251
    endloop
  endfacet
  facet normal 2.94587e-05 -0.661502 -0.749943
    outer loop
      vertex 9.53021 3.77328 5.49967
      vertex 7.94707 3.65662 5.60251
      vertex 9.5283 3.77769 5.49578
    endloop
  endfacet
  facet normal -2.65663e-06 -0.661266 -0.750152
    outer loop
      vertex 7.91724 3.72557 5.54173
      vertex 9.5283 3.77769 5.49578
      vertex 7.94707 3.65662 5.60251
    endloop
  endfacet
  facet normal -0 -0.661312 -0.750111
    outer loop
      vertex 9.5283 3.77769 5.49578
      vertex 7.91724 3.72557 5.54173
      vertex 7.89068 3.77769 5.49578
    endloop
  endfacet
  facet normal 0 0.827051 -0.562127
    outer loop
      vertex 9.35064 -4.18823 4.99952
      vertex 7.72773 -4.0975 5.13301
      vertex 9.3899 -4.0975 5.13301
    endloop
  endfacet
  facet normal 0 0.827051 -0.562127
    outer loop
      vertex 7.72773 -4.0975 5.13301
      vertex 9.35064 -4.18823 4.99952
      vertex 7.6815 -4.18823 4.99952
    endloop
  endfacet
  facet normal 1.10848e-06 0.218213 -0.975901
    outer loop
      vertex 8.3809 -2.50027 6.14666
      vertex 9.92798 -2.54907 6.13575
      vertex 9.89639 -2.65779 6.11144
    endloop
  endfacet
  facet normal 0 0.21818 -0.975909
    outer loop
      vertex 9.92798 -2.54907 6.13575
      vertex 8.3809 -2.50027 6.14666
      vertex 9.93888 -2.50027 6.14666
    endloop
  endfacet
  facet normal 0 0.218203 -0.975903
    outer loop
      vertex 8.3809 -2.50027 6.14666
      vertex 9.89639 -2.65779 6.11144
      vertex 8.33514 -2.65779 6.11144
    endloop
  endfacet
  facet normal 0 0.960301 -0.278965
    outer loop
      vertex 9.20148 -4.50749 4.26174
      vertex 7.52154 -4.46246 4.41675
      vertex 9.22443 -4.46246 4.41675
    endloop
  endfacet
  facet normal 0 0.960301 -0.278965
    outer loop
      vertex 7.52154 -4.46246 4.41675
      vertex 9.20148 -4.50749 4.26174
      vertex 7.49491 -4.50749 4.26174
    endloop
  endfacet
  facet normal 0 -0.39714 -0.917758
    outer loop
      vertex 8.22786 2.96468 6.01172
      vertex 9.7642 3.11281 5.94762
      vertex 9.80723 2.96468 6.01172
    endloop
  endfacet
  facet normal -0 -0.39714 -0.917758
    outer loop
      vertex 9.7642 3.11281 5.94762
      vertex 8.22786 2.96468 6.01172
      vertex 8.17453 3.11281 5.94762
    endloop
  endfacet
  facet normal 9.3127e-06 -0.860787 -0.508965
    outer loop
      vertex 9.31508 4.2704 4.86058
      vertex 7.6815 4.18823 4.99952
      vertex 7.66768 4.21534 4.95367
    endloop
  endfacet
  facet normal -0 -0.860715 -0.509087
    outer loop
      vertex 9.31508 4.2704 4.86058
      vertex 7.66768 4.21534 4.95367
      vertex 7.63512 4.2704 4.86058
    endloop
  endfacet
  facet normal 0 -0.860739 -0.509047
    outer loop
      vertex 7.6815 4.18823 4.99952
      vertex 9.31508 4.2704 4.86058
      vertex 9.35064 4.18823 4.99952
    endloop
  endfacet
  facet normal -0 -0.827051 -0.562127
    outer loop
      vertex 9.35064 4.18823 4.99952
      vertex 7.72773 4.0975 5.13301
      vertex 7.6815 4.18823 4.99952
    endloop
  endfacet
  facet normal 0 -0.827051 -0.562127
    outer loop
      vertex 7.72773 4.0975 5.13301
      vertex 9.35064 4.18823 4.99952
      vertex 9.3899 4.0975 5.13301
    endloop
  endfacet
  facet normal 0 0.940874 -0.338757
    outer loop
      vertex 9.22443 -4.46246 4.41675
      vertex 7.55388 -4.40778 4.56862
      vertex 9.25229 -4.40778 4.56862
    endloop
  endfacet
  facet normal 0 0.940874 -0.338757
    outer loop
      vertex 7.55388 -4.40778 4.56862
      vertex 9.22443 -4.46246 4.41675
      vertex 7.52154 -4.46246 4.41675
    endloop
  endfacet
  facet normal 0 0.891044 -0.453917
    outer loop
      vertex 9.28338 -4.34367 4.71675
      vertex 7.63512 -4.2704 4.86058
      vertex 9.31508 -4.2704 4.86058
    endloop
  endfacet
  facet normal 0 0.891044 -0.453917
    outer loop
      vertex 7.63512 -4.2704 4.86058
      vertex 9.28338 -4.34367 4.71675
      vertex 7.59179 -4.34367 4.71675
    endloop
  endfacet
  facet normal 0 0.91768 -0.39732
    outer loop
      vertex 9.27448 -4.36424 4.66924
      vertex 7.59179 -4.34367 4.71675
      vertex 9.28338 -4.34367 4.71675
    endloop
  endfacet
  facet normal 6.29199e-06 0.917761 -0.397132
    outer loop
      vertex 9.25229 -4.40778 4.56862
      vertex 7.59179 -4.34367 4.71675
      vertex 9.27448 -4.36424 4.66924
    endloop
  endfacet
  facet normal 0 0.917736 -0.397192
    outer loop
      vertex 7.59179 -4.34367 4.71675
      vertex 9.25229 -4.40778 4.56862
      vertex 7.55388 -4.40778 4.56862
    endloop
  endfacet
  facet normal 0 0.750131 -0.66129
    outer loop
      vertex 9.43272 -3.99857 5.26056
      vertex 7.83252 -3.89183 5.38164
      vertex 9.47891 -3.89183 5.38164
    endloop
  endfacet
  facet normal 0 0.750131 -0.66129
    outer loop
      vertex 7.83252 -3.89183 5.38164
      vertex 9.43272 -3.99857 5.26056
      vertex 7.77814 -3.99857 5.26056
    endloop
  endfacet
  facet normal -0 -0.790179 -0.612876
    outer loop
      vertex 9.3899 4.0975 5.13301
      vertex 7.77814 3.99857 5.26056
      vertex 7.72773 4.0975 5.13301
    endloop
  endfacet
  facet normal 0 -0.790179 -0.612876
    outer loop
      vertex 7.77814 3.99857 5.26056
      vertex 9.3899 4.0975 5.13301
      vertex 9.43272 3.99857 5.26056
    endloop
  endfacet
  facet normal 0 -0.612915 -0.790149
    outer loop
      vertex 8.00227 3.52907 5.70145
      vertex 9.57221 3.65662 5.60251
      vertex 9.61813 3.52907 5.70145
    endloop
  endfacet
  facet normal -0 -0.612915 -0.790149
    outer loop
      vertex 9.57221 3.65662 5.60251
      vertex 8.00227 3.52907 5.70145
      vertex 7.94707 3.65662 5.60251
    endloop
  endfacet
  facet normal 0.999508 -0.0313704 0
    outer loop
      vertex 10.2298 -0.643602 24.3295
      vertex 10.25 0 6.19216
      vertex 10.25 0 24.3295
    endloop
  endfacet
  facet normal 0.999508 -0.0313704 0
    outer loop
      vertex 10.25 0 6.19216
      vertex 10.2298 -0.643602 24.3295
      vertex 10.2298 -0.643602 6.19216
    endloop
  endfacet
  facet normal 0.999508 -0.0313704 0
    outer loop
      vertex 10.2298 -0.643602 55.3447
      vertex 10.25 0 33.5059
      vertex 10.25 0 55.3447
    endloop
  endfacet
  facet normal 0.999508 -0.0313704 0
    outer loop
      vertex 10.25 0 33.5059
      vertex 10.2298 -0.643602 55.3447
      vertex 10.2298 -0.643602 33.5059
    endloop
  endfacet
  facet normal 0.999508 -0.0313704 0
    outer loop
      vertex 10.2298 -0.643602 82
      vertex 10.25 0 64.5211
      vertex 10.25 0 82
    endloop
  endfacet
  facet normal 0.999508 -0.0313704 0
    outer loop
      vertex 10.25 0 64.5211
      vertex 10.2298 -0.643602 82
      vertex 10.2298 -0.643602 64.5211
    endloop
  endfacet
  facet normal 0.987672 0.156539 0
    outer loop
      vertex 10.1692 1.28467 24.3295
      vertex 10.0684 1.92066 6.19216
      vertex 10.0684 1.92066 24.3295
    endloop
  endfacet
  facet normal 0.987672 0.156539 0
    outer loop
      vertex 10.0684 1.92066 6.19216
      vertex 10.1692 1.28467 24.3295
      vertex 10.1692 1.28467 6.19216
    endloop
  endfacet
  facet normal 0.987576 0.157144 0
    outer loop
      vertex 10.0794 1.85153 55.4443
      vertex 10.0684 1.92066 33.5059
      vertex 10.0684 1.92066 55.464
    endloop
  endfacet
  facet normal 0.987705 0.15633 -2.62742e-06
    outer loop
      vertex 10.0899 1.78519 55.4254
      vertex 10.0684 1.92066 33.5059
      vertex 10.0794 1.85153 55.4443
    endloop
  endfacet
  facet normal 0.987714 0.156271 -3.00486e-06
    outer loop
      vertex 10.1006 1.71756 55.4105
      vertex 10.0684 1.92066 33.5059
      vertex 10.0899 1.78519 55.4254
    endloop
  endfacet
  facet normal 0.987662 0.156603 1.49491e-07
    outer loop
      vertex 10.1153 1.62485 55.3902
      vertex 10.0684 1.92066 33.5059
      vertex 10.1006 1.71756 55.4105
    endloop
  endfacet
  facet normal 0.987691 0.156419 -2.39092e-06
    outer loop
      vertex 10.141 1.46257 55.3649
      vertex 10.0684 1.92066 33.5059
      vertex 10.1153 1.62485 55.3902
    endloop
  endfacet
  facet normal 0.987667 0.156572 8.95779e-07
    outer loop
      vertex 10.1559 1.36858 55.3562
      vertex 10.0684 1.92066 33.5059
      vertex 10.141 1.46257 55.3649
    endloop
  endfacet
  facet normal 0.98774 0.156109 -1.10932e-05
    outer loop
      vertex 10.1669 1.29898 55.3497
      vertex 10.0684 1.92066 33.5059
      vertex 10.1559 1.36858 55.3562
    endloop
  endfacet
  facet normal 0.987329 0.158688 6.416e-05
    outer loop
      vertex 10.1692 1.28467 55.3493
      vertex 10.0684 1.92066 33.5059
      vertex 10.1669 1.29898 55.3497
    endloop
  endfacet
  facet normal 0.987672 0.156539 0
    outer loop
      vertex 10.0684 1.92066 33.5059
      vertex 10.1692 1.28467 55.3493
      vertex 10.1692 1.28467 33.5059
    endloop
  endfacet
  facet normal 0.987576 0.157144 0
    outer loop
      vertex 10.0684 1.92066 82
      vertex 10.0794 1.85153 64.4214
      vertex 10.0684 1.92066 64.4017
    endloop
  endfacet
  facet normal 0.987705 0.15633 3.27831e-06
    outer loop
      vertex 10.0684 1.92066 82
      vertex 10.0899 1.78519 64.4404
      vertex 10.0794 1.85153 64.4214
    endloop
  endfacet
  facet normal 0.987714 0.156271 3.74972e-06
    outer loop
      vertex 10.0684 1.92066 82
      vertex 10.1006 1.71756 64.4552
      vertex 10.0899 1.78519 64.4404
    endloop
  endfacet
  facet normal 0.987662 0.156603 -1.86543e-07
    outer loop
      vertex 10.0684 1.92066 82
      vertex 10.1153 1.62485 64.4756
      vertex 10.1006 1.71756 64.4552
    endloop
  endfacet
  facet normal 0.987691 0.156419 2.98422e-06
    outer loop
      vertex 10.0684 1.92066 82
      vertex 10.141 1.46257 64.5008
      vertex 10.1153 1.62485 64.4756
    endloop
  endfacet
  facet normal 0.987667 0.156572 -1.11839e-06
    outer loop
      vertex 10.0684 1.92066 82
      vertex 10.1559 1.36858 64.5096
      vertex 10.141 1.46257 64.5008
    endloop
  endfacet
  facet normal 0.98774 0.15611 1.38509e-05
    outer loop
      vertex 10.0684 1.92066 82
      vertex 10.1669 1.29898 64.516
      vertex 10.1559 1.36858 64.5096
    endloop
  endfacet
  facet normal 0.987672 0.156539 -1.80567e-06
    outer loop
      vertex 10.1692 1.28467 82
      vertex 10.1669 1.29898 64.516
      vertex 10.0684 1.92066 82
    endloop
  endfacet
  facet normal 0.987328 0.15869 0
    outer loop
      vertex 10.1669 1.29898 64.516
      vertex 10.1692 1.28467 82
      vertex 10.1692 1.28467 64.5165
    endloop
  endfacet
  facet normal -0.987672 -0.156539 0
    outer loop
      vertex -10.0684 -1.92066 0
      vertex -10.1692 -1.28467 82
      vertex -10.1692 -1.28467 0
    endloop
  endfacet
  facet normal -0.987672 -0.156539 0
    outer loop
      vertex -10.1692 -1.28467 82
      vertex -10.0684 -1.92066 0
      vertex -10.0684 -1.92066 82
    endloop
  endfacet
  facet normal -0.612901 -0.790159 0
    outer loop
      vertex -6.5336 -7.89776 0
      vertex -6.0248 -8.29242 82
      vertex -6.5336 -7.89776 82
    endloop
  endfacet
  facet normal -0.612901 -0.790159 -0
    outer loop
      vertex -6.0248 -8.29242 82
      vertex -6.5336 -7.89776 0
      vertex -6.0248 -8.29242 0
    endloop
  endfacet
  facet normal -0.987672 0.156539 0
    outer loop
      vertex -10.1692 1.28467 0
      vertex -10.0684 1.92066 82
      vertex -10.0684 1.92066 0
    endloop
  endfacet
  facet normal -0.987672 0.156539 0
    outer loop
      vertex -10.0684 1.92066 82
      vertex -10.1692 1.28467 0
      vertex -10.1692 1.28467 82
    endloop
  endfacet
  facet normal 0.999508 0.0313704 0
    outer loop
      vertex 10.25 0 24.3295
      vertex 10.2298 0.643602 6.19216
      vertex 10.2298 0.643602 24.3295
    endloop
  endfacet
  facet normal 0.999508 0.0313704 0
    outer loop
      vertex 10.2298 0.643602 6.19216
      vertex 10.25 0 24.3295
      vertex 10.25 0 6.19216
    endloop
  endfacet
  facet normal 0.999508 0.0313704 0
    outer loop
      vertex 10.25 0 55.3447
      vertex 10.2298 0.643602 33.5059
      vertex 10.2298 0.643602 55.3447
    endloop
  endfacet
  facet normal 0.999508 0.0313704 0
    outer loop
      vertex 10.2298 0.643602 33.5059
      vertex 10.25 0 55.3447
      vertex 10.25 0 33.5059
    endloop
  endfacet
  facet normal 0.999508 0.0313704 0
    outer loop
      vertex 10.25 0 82
      vertex 10.2298 0.643602 64.5211
      vertex 10.2298 0.643602 82
    endloop
  endfacet
  facet normal 0.999508 0.0313704 0
    outer loop
      vertex 10.2298 0.643602 64.5211
      vertex 10.25 0 82
      vertex 10.25 0 64.5211
    endloop
  endfacet
  facet normal 0.454003 -0.891 0
    outer loop
      vertex 4.36424 -9.27448 0
      vertex 4.93797 -8.98214 82
      vertex 4.36424 -9.27448 82
    endloop
  endfacet
  facet normal 0.454003 -0.891 0
    outer loop
      vertex 4.93797 -8.98214 82
      vertex 4.36424 -9.27448 0
      vertex 4.93797 -8.98214 0
    endloop
  endfacet
  facet normal -0.790159 -0.612901 0
    outer loop
      vertex -7.89776 -6.5336 0
      vertex -8.29242 -6.0248 82
      vertex -8.29242 -6.0248 0
    endloop
  endfacet
  facet normal -0.790159 -0.612901 0
    outer loop
      vertex -8.29242 -6.0248 82
      vertex -7.89776 -6.5336 0
      vertex -7.89776 -6.5336 82
    endloop
  endfacet
  facet normal 0.827081 -0.562082 0
    outer loop
      vertex 8.29242 -6.0248 82
      vertex 8.65436 -5.49222 0
      vertex 8.65436 -5.49222 82
    endloop
  endfacet
  facet normal 0.827081 -0.562082 0
    outer loop
      vertex 8.65436 -5.49222 0
      vertex 8.29242 -6.0248 82
      vertex 8.29242 -6.0248 0
    endloop
  endfacet
  facet normal 0.960276 -0.279052 2.01461e-06
    outer loop
      vertex 9.74833 -3.16742 5.9198
      vertex 9.92798 -2.54907 24.7357
      vertex 9.91429 -2.59618 24.7668
    endloop
  endfacet
  facet normal 0.960284 -0.279023 0
    outer loop
      vertex 9.92798 -2.54907 24.7357
      vertex 9.89639 -2.65779 6.11144
      vertex 9.92798 -2.54907 6.13575
    endloop
  endfacet
  facet normal 0.960307 -0.278945 -1.48484e-06
    outer loop
      vertex 9.74833 -3.16742 5.9198
      vertex 9.91429 -2.59618 24.7668
      vertex 9.89075 -2.67722 24.8202
    endloop
  endfacet
  facet normal 0.960287 -0.279014 4.62262e-07
    outer loop
      vertex 9.74833 -3.16742 5.9198
      vertex 9.89075 -2.67722 24.8202
      vertex 9.85258 -2.80859 24.9192
    endloop
  endfacet
  facet normal 0.96029 -0.279006 -1.10947e-07
    outer loop
      vertex 9.92798 -2.54907 24.7357
      vertex 9.85135 -2.81281 6.06641
      vertex 9.89639 -2.65779 6.11144
    endloop
  endfacet
  facet normal 0.960303 -0.27896 -6.57685e-07
    outer loop
      vertex 9.74833 -3.16742 5.9198
      vertex 9.85258 -2.80859 24.9192
      vertex 9.81635 -2.93331 25.0259
    endloop
  endfacet
  facet normal 0.960298 -0.278977 -5.41037e-07
    outer loop
      vertex 9.92798 -2.54907 24.7357
      vertex 9.80723 -2.96468 6.01172
      vertex 9.85135 -2.81281 6.06641
    endloop
  endfacet
  facet normal 0.960262 -0.279099 1.1902e-06
    outer loop
      vertex 9.74833 -3.16742 5.9198
      vertex 9.81635 -2.93331 25.0259
      vertex 9.79599 -3.00336 25.0939
    endloop
  endfacet
  facet normal 0.960309 -0.278937 -3.12184e-07
    outer loop
      vertex 9.74833 -3.16742 5.9198
      vertex 9.79599 -3.00336 25.0939
      vertex 9.78219 -3.05087 25.14
    endloop
  endfacet
  facet normal 0.960286 -0.279017 2.12382e-07
    outer loop
      vertex 9.74833 -3.16742 5.9198
      vertex 9.78219 -3.05087 25.14
      vertex 9.76933 -3.09513 25.1888
    endloop
  endfacet
  facet normal 0.960304 -0.278956 -1.04849e-06
    outer loop
      vertex 9.92798 -2.54907 24.7357
      vertex 9.7642 -3.11281 5.94762
      vertex 9.80723 -2.96468 6.01172
    endloop
  endfacet
  facet normal 0.960289 -0.279006 1.68686e-07
    outer loop
      vertex 9.74833 -3.16742 5.9198
      vertex 9.76933 -3.09513 25.1888
      vertex 9.75025 -3.1608 25.2611
    endloop
  endfacet
  facet normal 0.960421 -0.278551 0
    outer loop
      vertex 9.74833 -3.16742 5.9198
      vertex 9.75025 -3.1608 25.2611
      vertex 9.74833 -3.16742 25.2694
    endloop
  endfacet
  facet normal 0.960273 -0.279062 2.40274e-06
    outer loop
      vertex 9.92798 -2.54907 24.7357
      vertex 9.74833 -3.16742 5.9198
      vertex 9.7642 -3.11281 5.94762
    endloop
  endfacet
  facet normal 0.960295 -0.278988 0
    outer loop
      vertex 9.82994 -2.88653 55.3447
      vertex 9.92798 -2.54907 33.0998
      vertex 9.92798 -2.54907 55.3447
    endloop
  endfacet
  facet normal 0.960287 -0.279015 -4.38021e-07
    outer loop
      vertex 9.78405 -3.04447 55.3497
      vertex 9.92798 -2.54907 33.0998
      vertex 9.82994 -2.88653 55.3447
    endloop
  endfacet
  facet normal 0.960274 -0.279058 -1.48316e-06
    outer loop
      vertex 9.7646 -3.1114 55.3562
      vertex 9.92798 -2.54907 33.0998
      vertex 9.78405 -3.04447 55.3497
    endloop
  endfacet
  facet normal 0.960318 -0.278907 2.65488e-06
    outer loop
      vertex 9.74833 -3.16742 55.3616
      vertex 9.92798 -2.54907 33.0998
      vertex 9.7646 -3.1114 55.3562
    endloop
  endfacet
  facet normal 0.960276 -0.279052 -1.70838e-06
    outer loop
      vertex 9.92798 -2.54907 33.0998
      vertex 9.74833 -3.16742 55.3616
      vertex 9.91429 -2.59618 33.0687
    endloop
  endfacet
  facet normal 0.960307 -0.278945 1.2591e-06
    outer loop
      vertex 9.91429 -2.59618 33.0687
      vertex 9.74833 -3.16742 55.3616
      vertex 9.89075 -2.67722 33.0152
    endloop
  endfacet
  facet normal 0.960287 -0.279014 -3.92143e-07
    outer loop
      vertex 9.89075 -2.67722 33.0152
      vertex 9.74833 -3.16742 55.3616
      vertex 9.85258 -2.80859 32.9163
    endloop
  endfacet
  facet normal 0.960303 -0.27896 5.58077e-07
    outer loop
      vertex 9.85258 -2.80859 32.9163
      vertex 9.74833 -3.16742 55.3616
      vertex 9.81635 -2.93331 32.8096
    endloop
  endfacet
  facet normal 0.960262 -0.279099 -1.01016e-06
    outer loop
      vertex 9.81635 -2.93331 32.8096
      vertex 9.74833 -3.16742 55.3616
      vertex 9.79599 -3.00336 32.7416
    endloop
  endfacet
  facet normal 0.960309 -0.278937 2.64954e-07
    outer loop
      vertex 9.79599 -3.00336 32.7416
      vertex 9.74833 -3.16742 55.3616
      vertex 9.78219 -3.05087 32.6954
    endloop
  endfacet
  facet normal 0.960286 -0.279017 -1.80277e-07
    outer loop
      vertex 9.78219 -3.05087 32.6954
      vertex 9.74833 -3.16742 55.3616
      vertex 9.76933 -3.09513 32.6467
    endloop
  endfacet
  facet normal 0.960289 -0.279006 -1.43185e-07
    outer loop
      vertex 9.76933 -3.09513 32.6467
      vertex 9.74833 -3.16742 55.3616
      vertex 9.75025 -3.1608 32.5743
    endloop
  endfacet
  facet normal 0.960421 -0.278551 0
    outer loop
      vertex 9.75025 -3.1608 32.5743
      vertex 9.74833 -3.16742 55.3616
      vertex 9.74833 -3.16742 32.5661
    endloop
  endfacet
  facet normal 0.960295 -0.278988 0
    outer loop
      vertex 9.92798 -2.54907 82
      vertex 9.82994 -2.88653 64.5211
      vertex 9.92798 -2.54907 64.5211
    endloop
  endfacet
  facet normal 0.960293 -0.278995 1.47046e-07
    outer loop
      vertex 9.74833 -3.16742 82
      vertex 9.82994 -2.88653 64.5211
      vertex 9.92798 -2.54907 82
    endloop
  endfacet
  facet normal 0.960287 -0.279015 -1.94244e-07
    outer loop
      vertex 9.82994 -2.88653 64.5211
      vertex 9.74833 -3.16742 82
      vertex 9.78405 -3.04447 64.516
    endloop
  endfacet
  facet normal 0.960274 -0.279058 -5.23112e-07
    outer loop
      vertex 9.78405 -3.04447 64.516
      vertex 9.74833 -3.16742 82
      vertex 9.7646 -3.1114 64.5096
    endloop
  endfacet
  facet normal 0.960318 -0.278907 0
    outer loop
      vertex 9.7646 -3.1114 64.5096
      vertex 9.74833 -3.16742 82
      vertex 9.74833 -3.16742 64.5041
    endloop
  endfacet
  facet normal 0.156539 0.987672 -0
    outer loop
      vertex 1.92066 10.0684 0
      vertex 1.28467 10.1692 82
      vertex 1.92066 10.0684 82
    endloop
  endfacet
  facet normal 0.156539 0.987672 0
    outer loop
      vertex 1.28467 10.1692 82
      vertex 1.92066 10.0684 0
      vertex 1.28467 10.1692 0
    endloop
  endfacet
  facet normal -0.397146 -0.917755 0
    outer loop
      vertex -4.36424 -9.27448 0
      vertex -3.77328 -9.53021 82
      vertex -4.36424 -9.27448 82
    endloop
  endfacet
  facet normal -0.397146 -0.917755 -0
    outer loop
      vertex -3.77328 -9.53021 82
      vertex -4.36424 -9.27448 0
      vertex -3.77328 -9.53021 0
    endloop
  endfacet
  facet normal -0.338734 0.940882 0
    outer loop
      vertex -3.16742 9.74833 0
      vertex -3.77328 9.53021 82
      vertex -3.16742 9.74833 82
    endloop
  endfacet
  facet normal -0.338734 0.940882 0
    outer loop
      vertex -3.77328 9.53021 82
      vertex -3.16742 9.74833 0
      vertex -3.77328 9.53021 0
    endloop
  endfacet
  facet normal 0.661311 0.750112 -0
    outer loop
      vertex 7.01661 7.47193 0
      vertex 6.5336 7.89776 82
      vertex 7.01661 7.47193 82
    endloop
  endfacet
  facet normal 0.661311 0.750112 0
    outer loop
      vertex 6.5336 7.89776 82
      vertex 7.01661 7.47193 0
      vertex 6.5336 7.89776 0
    endloop
  endfacet
  facet normal -0.218075 -0.975932 0
    outer loop
      vertex -2.54907 -9.92798 0
      vertex -1.92066 -10.0684 82
      vertex -2.54907 -9.92798 82
    endloop
  endfacet
  facet normal -0.218075 -0.975932 -0
    outer loop
      vertex -1.92066 -10.0684 82
      vertex -2.54907 -9.92798 0
      vertex -1.92066 -10.0684 0
    endloop
  endfacet
  facet normal 0.0313704 0.999508 -0
    outer loop
      vertex 0.643602 10.2298 0
      vertex 0 10.25 82
      vertex 0.643602 10.2298 82
    endloop
  endfacet
  facet normal 0.0313704 0.999508 0
    outer loop
      vertex 0 10.25 82
      vertex 0.643602 10.2298 0
      vertex 0 10.25 0
    endloop
  endfacet
  facet normal -0.940882 0.338734 0
    outer loop
      vertex -9.74833 3.16742 0
      vertex -9.53021 3.77328 82
      vertex -9.53021 3.77328 0
    endloop
  endfacet
  facet normal -0.940882 0.338734 0
    outer loop
      vertex -9.53021 3.77328 82
      vertex -9.74833 3.16742 0
      vertex -9.74833 3.16742 82
    endloop
  endfacet
  facet normal 0.562082 0.827081 -0
    outer loop
      vertex 6.0248 8.29242 0
      vertex 5.49222 8.65436 82
      vertex 6.0248 8.29242 82
    endloop
  endfacet
  facet normal 0.562082 0.827081 0
    outer loop
      vertex 5.49222 8.65436 82
      vertex 6.0248 8.29242 0
      vertex 5.49222 8.65436 0
    endloop
  endfacet
  facet normal 0.891055 0.453894 -1.37439e-05
    outer loop
      vertex 8.98214 4.93797 0
      vertex 9.16294 4.58315 3.78409
      vertex 9.16036 4.58821 3.62276
    endloop
  endfacet
  facet normal 0.891114 0.45378 1.41905e-06
    outer loop
      vertex 9.10187 4.70301 25.14
      vertex 9.17068 4.56795 3.9448
      vertex 9.16294 4.58315 3.78409
    endloop
  endfacet
  facet normal 0.891013 0.453978 -1.71639e-07
    outer loop
      vertex 9.10187 4.70301 25.14
      vertex 9.18354 4.54271 4.10422
      vertex 9.17068 4.56795 3.9448
    endloop
  endfacet
  facet normal 0.891061 0.453883 7.39013e-07
    outer loop
      vertex 9.10187 4.70301 25.14
      vertex 9.20148 4.50749 4.26174
      vertex 9.18354 4.54271 4.10422
    endloop
  endfacet
  facet normal 0.890986 0.454031 -2.34791e-07
    outer loop
      vertex 9.27448 4.36424 4.66924
      vertex 9.15775 4.59332 25.0259
      vertex 9.21704 4.47697 24.9192
    endloop
  endfacet
  facet normal 0.89096 0.454081 -1.6027e-06
    outer loop
      vertex 9.10187 4.70301 25.14
      vertex 9.22443 4.46246 4.41675
      vertex 9.20148 4.50749 4.26174
    endloop
  endfacet
  facet normal 0.891012 0.453979 -1.08322e-07
    outer loop
      vertex 9.10187 4.70301 25.14
      vertex 9.25229 4.40778 4.56862
      vertex 9.22443 4.46246 4.41675
    endloop
  endfacet
  facet normal 0.891003 0.453998 -0
    outer loop
      vertex 9.27448 4.36424 4.66924
      vertex 9.21704 4.47697 24.9192
      vertex 9.27448 4.36424 24.8282
    endloop
  endfacet
  facet normal 0.890965 0.454073 -1.79746e-06
    outer loop
      vertex 9.10187 4.70301 25.14
      vertex 9.27448 4.36424 4.66924
      vertex 9.25229 4.40778 4.56862
    endloop
  endfacet
  facet normal 0.890962 0.454078 -1.37959e-06
    outer loop
      vertex 9.16294 4.58315 3.78409
      vertex 8.98214 4.93797 25.4458
      vertex 9.00116 4.90065 25.3887
    endloop
  endfacet
  facet normal 0.890984 0.454035 -5.91659e-07
    outer loop
      vertex 9.16294 4.58315 3.78409
      vertex 9.00116 4.90065 25.3887
      vertex 9.02056 4.86258 25.3376
    endloop
  endfacet
  facet normal 0.891026 0.453953 7.47557e-07
    outer loop
      vertex 9.16294 4.58315 3.78409
      vertex 9.02056 4.86258 25.3376
      vertex 9.0496 4.80558 25.2611
    endloop
  endfacet
  facet normal 0.890969 0.454064 -6.94735e-07
    outer loop
      vertex 9.16294 4.58315 3.78409
      vertex 9.0496 4.80558 25.2611
      vertex 9.08083 4.7443 25.1888
    endloop
  endfacet
  facet normal 0.890992 0.45402 -2.78811e-07
    outer loop
      vertex 9.16294 4.58315 3.78409
      vertex 9.08083 4.7443 25.1888
      vertex 9.10187 4.70301 25.14
    endloop
  endfacet
  facet normal 0.891039 0.453926 1.2611e-06
    outer loop
      vertex 9.27448 4.36424 4.66924
      vertex 9.10187 4.70301 25.14
      vertex 9.15775 4.59332 25.0259
    endloop
  endfacet
  facet normal 0.890996 0.454011 0
    outer loop
      vertex 9.16294 4.58315 3.78409
      vertex 8.98214 4.93797 0
      vertex 8.98214 4.93797 25.4458
    endloop
  endfacet
  facet normal 0.890998 0.454007 0
    outer loop
      vertex 8.98214 4.93797 0
      vertex 9.16036 4.58821 3.62276
      vertex 9.16036 4.58821 0
    endloop
  endfacet
  facet normal 0.890963 0.454076 0
    outer loop
      vertex 8.98214 4.93797 82
      vertex 9.00116 4.90065 32.4468
      vertex 8.98214 4.93797 32.3897
    endloop
  endfacet
  facet normal 0.890984 0.454035 3.93498e-08
    outer loop
      vertex 8.98214 4.93797 82
      vertex 9.02056 4.86258 32.4979
      vertex 9.00116 4.90065 32.4468
    endloop
  endfacet
  facet normal 0.891025 0.453954 1.93623e-07
    outer loop
      vertex 8.98214 4.93797 82
      vertex 9.0496 4.80558 32.5743
      vertex 9.02056 4.86258 32.4979
    endloop
  endfacet
  facet normal 0.89097 0.454063 -1.73274e-07
    outer loop
      vertex 8.98214 4.93797 82
      vertex 9.08083 4.7443 32.6467
      vertex 9.0496 4.80558 32.5743
    endloop
  endfacet
  facet normal 0.890992 0.45402 4.06059e-08
    outer loop
      vertex 8.98214 4.93797 82
      vertex 9.10187 4.70301 32.6954
      vertex 9.08083 4.7443 32.6467
    endloop
  endfacet
  facet normal 0.891039 0.453927 5.93293e-07
    outer loop
      vertex 8.98214 4.93797 82
      vertex 9.15775 4.59332 32.8096
      vertex 9.10187 4.70301 32.6954
    endloop
  endfacet
  facet normal 0.890986 0.454031 -3.20967e-07
    outer loop
      vertex 8.98214 4.93797 82
      vertex 9.21704 4.47697 32.9163
      vertex 9.15775 4.59332 32.8096
    endloop
  endfacet
  facet normal 0.891 0.454003 -0
    outer loop
      vertex 9.27448 4.36424 33.0073
      vertex 8.98214 4.93797 82
      vertex 9.27448 4.36424 82
    endloop
  endfacet
  facet normal 0.891003 0.453998 6.98399e-08
    outer loop
      vertex 8.98214 4.93797 82
      vertex 9.27448 4.36424 33.0073
      vertex 9.21704 4.47697 32.9163
    endloop
  endfacet
  facet normal -0.750112 0.661311 0
    outer loop
      vertex -7.89776 6.5336 0
      vertex -7.47193 7.01661 82
      vertex -7.47193 7.01661 0
    endloop
  endfacet
  facet normal -0.750112 0.661311 0
    outer loop
      vertex -7.47193 7.01661 82
      vertex -7.89776 6.5336 0
      vertex -7.89776 6.5336 82
    endloop
  endfacet
  facet normal 0.707107 -0.707107 0
    outer loop
      vertex 7.01661 -7.47193 82
      vertex 7.47193 -7.01661 0
      vertex 7.47193 -7.01661 82
    endloop
  endfacet
  facet normal 0.707107 -0.707107 0
    outer loop
      vertex 7.47193 -7.01661 0
      vertex 7.01661 -7.47193 82
      vertex 7.01661 -7.47193 0
    endloop
  endfacet
  facet normal 0.0313704 -0.999508 0
    outer loop
      vertex 0 -10.25 0
      vertex 0.643602 -10.2298 82
      vertex 0 -10.25 82
    endloop
  endfacet
  facet normal 0.0313704 -0.999508 0
    outer loop
      vertex 0.643602 -10.2298 82
      vertex 0 -10.25 0
      vertex 0.643602 -10.2298 0
    endloop
  endfacet
  facet normal 0.454003 0.891 -0
    outer loop
      vertex 4.93797 8.98214 0
      vertex 4.36424 9.27448 82
      vertex 4.93797 8.98214 82
    endloop
  endfacet
  facet normal 0.454003 0.891 0
    outer loop
      vertex 4.36424 9.27448 82
      vertex 4.93797 8.98214 0
      vertex 4.36424 9.27448 0
    endloop
  endfacet
  facet normal -0.0313704 -0.999508 0
    outer loop
      vertex -0.643602 -10.2298 0
      vertex 0 -10.25 82
      vertex -0.643602 -10.2298 82
    endloop
  endfacet
  facet normal -0.0313704 -0.999508 -0
    outer loop
      vertex 0 -10.25 82
      vertex -0.643602 -10.2298 0
      vertex 0 -10.25 0
    endloop
  endfacet
  facet normal 0.860737 0.50905 0
    outer loop
      vertex 8.65436 5.49222 82
      vertex 8.72708 5.36926 30.9365
      vertex 8.65436 5.49222 0
    endloop
  endfacet
  facet normal 0.860912 0.508753 9.64763e-07
    outer loop
      vertex 8.65436 5.49222 82
      vertex 8.72994 5.36442 31.0979
      vertex 8.72708 5.36926 30.9365
    endloop
  endfacet
  facet normal 0.860657 0.509184 -4.96484e-07
    outer loop
      vertex 8.65436 5.49222 82
      vertex 8.73517 5.35558 31.1959
      vertex 8.72994 5.36442 31.0979
    endloop
  endfacet
  facet normal 0.860568 0.509335 -1.04447e-06
    outer loop
      vertex 8.65436 5.49222 82
      vertex 8.73852 5.34992 31.2586
      vertex 8.73517 5.35558 31.1959
    endloop
  endfacet
  facet normal 0.860941 0.508705 1.34117e-06
    outer loop
      vertex 8.65436 5.49222 82
      vertex 8.74408 5.34051 31.3208
      vertex 8.73852 5.34992 31.2586
    endloop
  endfacet
  facet normal 0.860534 0.509394 -1.44077e-06
    outer loop
      vertex 8.65436 5.49222 82
      vertex 8.75277 5.32583 31.418
      vertex 8.74408 5.34051 31.3208
    endloop
  endfacet
  facet normal 0.860742 0.509042 1.22534e-07
    outer loop
      vertex 8.65436 5.49222 82
      vertex 8.76487 5.30537 31.5139
      vertex 8.75277 5.32583 31.418
    endloop
  endfacet
  facet normal 0.860936 0.508713 1.76164e-06
    outer loop
      vertex 8.65436 5.49222 82
      vertex 8.77264 5.29222 31.5755
      vertex 8.76487 5.30537 31.5139
    endloop
  endfacet
  facet normal 0.860633 0.509226 -9.80656e-07
    outer loop
      vertex 8.65436 5.49222 82
      vertex 8.78261 5.27537 31.6363
      vertex 8.77264 5.29222 31.5755
    endloop
  endfacet
  facet normal 0.860788 0.508964 5.4104e-07
    outer loop
      vertex 8.65436 5.49222 82
      vertex 8.79806 5.24924 31.7305
      vertex 8.78261 5.27537 31.6363
    endloop
  endfacet
  facet normal 0.860689 0.509131 -5.48516e-07
    outer loop
      vertex 8.65436 5.49222 82
      vertex 8.8168 5.21756 31.8227
      vertex 8.79806 5.24924 31.7305
    endloop
  endfacet
  facet normal 0.860841 0.508874 1.35212e-06
    outer loop
      vertex 8.65436 5.49222 82
      vertex 8.82893 5.19704 31.8824
      vertex 8.8168 5.21756 31.8227
    endloop
  endfacet
  facet normal 0.860721 0.509078 -2.69753e-07
    outer loop
      vertex 8.65436 5.49222 82
      vertex 8.84319 5.17293 31.9408
      vertex 8.82893 5.19704 31.8824
    endloop
  endfacet
  facet normal 0.860773 0.508988 4.98511e-07
    outer loop
      vertex 8.65436 5.49222 82
      vertex 8.86511 5.13586 32.0305
      vertex 8.84319 5.17293 31.9408
    endloop
  endfacet
  facet normal 0.860712 0.509092 -5.01799e-07
    outer loop
      vertex 8.65436 5.49222 82
      vertex 8.8901 5.09361 32.1174
      vertex 8.86511 5.13586 32.0305
    endloop
  endfacet
  facet normal 0.860741 0.509044 2.29985e-08
    outer loop
      vertex 8.65436 5.49222 82
      vertex 8.90647 5.06593 32.1744
      vertex 8.8901 5.09361 32.1174
    endloop
  endfacet
  facet normal 0.860758 0.509014 3.59554e-07
    outer loop
      vertex 8.65436 5.49222 82
      vertex 8.95285 4.9875 32.3133
      vertex 8.90647 5.06593 32.1744
    endloop
  endfacet
  facet normal 0.860744 0.509038 -0
    outer loop
      vertex 8.98214 4.93797 32.3897
      vertex 8.65436 5.49222 82
      vertex 8.98214 4.93797 82
    endloop
  endfacet
  facet normal 0.860757 0.509017 3.30901e-07
    outer loop
      vertex 8.65436 5.49222 82
      vertex 8.98214 4.93797 32.3897
      vertex 8.95285 4.9875 32.3133
    endloop
  endfacet
  facet normal 0.860737 0.50905 -0
    outer loop
      vertex 8.72708 5.36926 26.8989
      vertex 8.65436 5.49222 0
      vertex 8.72708 5.36926 30.9365
    endloop
  endfacet
  facet normal 0.860901 0.508772 -1.71694e-06
    outer loop
      vertex 8.72994 5.36442 26.7376
      vertex 8.65436 5.49222 0
      vertex 8.72708 5.36926 26.8989
    endloop
  endfacet
  facet normal 0.86066 0.509181 9.22612e-07
    outer loop
      vertex 8.73517 5.35558 26.6396
      vertex 8.65436 5.49222 0
      vertex 8.72994 5.36442 26.7376
    endloop
  endfacet
  facet normal 0.860573 0.509328 1.94098e-06
    outer loop
      vertex 8.73852 5.34992 26.5769
      vertex 8.65436 5.49222 0
      vertex 8.73517 5.35558 26.6396
    endloop
  endfacet
  facet normal 0.860937 0.508711 -2.51877e-06
    outer loop
      vertex 8.74408 5.34051 26.5146
      vertex 8.65436 5.49222 0
      vertex 8.73852 5.34992 26.5769
    endloop
  endfacet
  facet normal 0.860537 0.509387 2.70603e-06
    outer loop
      vertex 8.75277 5.32583 26.4175
      vertex 8.65436 5.49222 0
      vertex 8.74408 5.34051 26.5146
    endloop
  endfacet
  facet normal 0.860742 0.509042 -2.31404e-07
    outer loop
      vertex 8.76487 5.30537 26.3216
      vertex 8.65436 5.49222 0
      vertex 8.75277 5.32583 26.4175
    endloop
  endfacet
  facet normal 0.860933 0.508719 -3.32667e-06
    outer loop
      vertex 8.77264 5.29222 26.2599
      vertex 8.65436 5.49222 0
      vertex 8.76487 5.30537 26.3216
    endloop
  endfacet
  facet normal 0.860634 0.509223 1.85901e-06
    outer loop
      vertex 8.78261 5.27537 26.1992
      vertex 8.65436 5.49222 0
      vertex 8.77264 5.29222 26.2599
    endloop
  endfacet
  facet normal 0.860787 0.508965 -1.02557e-06
    outer loop
      vertex 8.79806 5.24924 26.1049
      vertex 8.65436 5.49222 0
      vertex 8.78261 5.27537 26.1992
    endloop
  endfacet
  facet normal 0.86069 0.50913 1.0429e-06
    outer loop
      vertex 8.8168 5.21756 26.0128
      vertex 8.65436 5.49222 0
      vertex 8.79806 5.24924 26.1049
    endloop
  endfacet
  facet normal 0.86084 0.508876 -2.57072e-06
    outer loop
      vertex 8.82893 5.19704 25.9531
      vertex 8.65436 5.49222 0
      vertex 8.8168 5.21756 26.0128
    endloop
  endfacet
  facet normal 0.860721 0.509077 5.14183e-07
    outer loop
      vertex 8.84319 5.17293 25.8947
      vertex 8.65436 5.49222 0
      vertex 8.82893 5.19704 25.9531
    endloop
  endfacet
  facet normal 0.860773 0.508989 -9.50205e-07
    outer loop
      vertex 8.86511 5.13586 25.8049
      vertex 8.65436 5.49222 0
      vertex 8.84319 5.17293 25.8947
    endloop
  endfacet
  facet normal 0.860712 0.509092 9.58723e-07
    outer loop
      vertex 8.8901 5.09361 25.718
      vertex 8.65436 5.49222 0
      vertex 8.86511 5.13586 25.8049
    endloop
  endfacet
  facet normal 0.860741 0.509044 -4.39419e-08
    outer loop
      vertex 8.90647 5.06593 25.6611
      vertex 8.65436 5.49222 0
      vertex 8.8901 5.09361 25.718
    endloop
  endfacet
  facet normal 0.860758 0.509015 -6.88461e-07
    outer loop
      vertex 8.95285 4.9875 25.5222
      vertex 8.65436 5.49222 0
      vertex 8.90647 5.06593 25.6611
    endloop
  endfacet
  facet normal 0.860757 0.509017 -6.34925e-07
    outer loop
      vertex 8.98214 4.93797 25.4458
      vertex 8.65436 5.49222 0
      vertex 8.95285 4.9875 25.5222
    endloop
  endfacet
  facet normal 0.860744 0.509038 0
    outer loop
      vertex 8.65436 5.49222 0
      vertex 8.98214 4.93797 25.4458
      vertex 8.98214 4.93797 0
    endloop
  endfacet
  facet normal 0.940866 -0.338778 0
    outer loop
      vertex 9.73603 -3.20158 55.3649
      vertex 9.74833 -3.16742 32.5661
      vertex 9.74833 -3.16742 55.3616
    endloop
  endfacet
  facet normal 0.940882 -0.338734 7.38444e-08
    outer loop
      vertex 9.70383 -3.29102 55.3795
      vertex 9.74833 -3.16742 32.5661
      vertex 9.73603 -3.20158 55.3649
    endloop
  endfacet
  facet normal 0.940867 -0.338775 -1.76521e-07
    outer loop
      vertex 9.68017 -3.35673 55.3902
      vertex 9.74833 -3.16742 32.5661
      vertex 9.70383 -3.29102 55.3795
    endloop
  endfacet
  facet normal 0.940896 -0.338695 5.71375e-07
    outer loop
      vertex 9.62499 -3.51002 55.4254
      vertex 9.74833 -3.16742 32.5661
      vertex 9.68017 -3.35673 55.3902
    endloop
  endfacet
  facet normal 0.940879 -0.338742 -2.10217e-07
    outer loop
      vertex 9.57068 -3.66087 55.4704
      vertex 9.74833 -3.16742 32.5661
      vertex 9.62499 -3.51002 55.4254
    endloop
  endfacet
  facet normal 0.940862 -0.33879 -1.37978e-06
    outer loop
      vertex 9.53972 -3.74685 55.5022
      vertex 9.74833 -3.16742 32.5661
      vertex 9.57068 -3.66087 55.4704
    endloop
  endfacet
  facet normal 0.940942 -0.338567 4.98735e-06
    outer loop
      vertex 9.53021 -3.77328 55.512
      vertex 9.74833 -3.16742 32.5661
      vertex 9.53972 -3.74685 55.5022
    endloop
  endfacet
  facet normal 0.940862 -0.338791 -1.69313e-06
    outer loop
      vertex 9.74833 -3.16742 32.5661
      vertex 9.53021 -3.77328 55.512
      vertex 9.72859 -3.22224 32.4979
    endloop
  endfacet
  facet normal 0.940924 -0.338617 2.99229e-06
    outer loop
      vertex 9.72859 -3.22224 32.4979
      vertex 9.53021 -3.77328 55.512
      vertex 9.71381 -3.26331 32.4468
    endloop
  endfacet
  facet normal 0.940859 -0.338799 -1.54624e-06
    outer loop
      vertex 9.71381 -3.26331 32.4468
      vertex 9.53021 -3.77328 55.512
      vertex 9.67995 -3.35734 32.3133
    endloop
  endfacet
  facet normal 0.940908 -0.338662 1.2255e-06
    outer loop
      vertex 9.67995 -3.35734 32.3133
      vertex 9.53021 -3.77328 55.512
      vertex 9.66777 -3.39118 32.2581
    endloop
  endfacet
  facet normal 0.940881 -0.338739 -1.94378e-07
    outer loop
      vertex 9.66777 -3.39118 32.2581
      vertex 9.53021 -3.77328 55.512
      vertex 9.64929 -3.44251 32.1744
    endloop
  endfacet
  facet normal 0.940895 -0.338698 4.49312e-07
    outer loop
      vertex 9.64929 -3.44251 32.1744
      vertex 9.53021 -3.77328 55.512
      vertex 9.63276 -3.48843 32.0874
    endloop
  endfacet
  facet normal 0.94086 -0.338796 -8.86044e-07
    outer loop
      vertex 9.63276 -3.48843 32.0874
      vertex 9.53021 -3.77328 55.512
      vertex 9.62195 -3.51845 32.0305
    endloop
  endfacet
  facet normal 0.940914 -0.338647 9.38461e-07
    outer loop
      vertex 9.62195 -3.51845 32.0305
      vertex 9.53021 -3.77328 55.512
      vertex 9.60746 -3.55871 31.9408
    endloop
  endfacet
  facet normal 0.940829 -0.338882 -1.47948e-06
    outer loop
      vertex 9.60746 -3.55871 31.9408
      vertex 9.53021 -3.77328 55.512
      vertex 9.59803 -3.58489 31.8824
    endloop
  endfacet
  facet normal 0.940945 -0.338558 1.43429e-06
    outer loop
      vertex 9.59803 -3.58489 31.8824
      vertex 9.53021 -3.77328 55.512
      vertex 9.59001 -3.60718 31.8227
    endloop
  endfacet
  facet normal 0.940836 -0.338862 -9.73443e-07
    outer loop
      vertex 9.59001 -3.60718 31.8227
      vertex 9.53021 -3.77328 55.512
      vertex 9.57762 -3.64158 31.7305
    endloop
  endfacet
  facet normal 0.940855 -0.338809 -6.36848e-07
    outer loop
      vertex 9.57762 -3.64158 31.7305
      vertex 9.53021 -3.77328 55.512
      vertex 9.57103 -3.65988 31.6697
    endloop
  endfacet
  facet normal 0.940921 -0.338627 3.41536e-07
    outer loop
      vertex 9.57103 -3.65988 31.6697
      vertex 9.53021 -3.77328 55.512
      vertex 9.56082 -3.68825 31.5755
    endloop
  endfacet
  facet normal 0.940904 -0.338673 1.53451e-07
    outer loop
      vertex 9.56082 -3.68825 31.5755
      vertex 9.53021 -3.77328 55.512
      vertex 9.55568 -3.70253 31.5139
    endloop
  endfacet
  facet normal 0.940877 -0.338749 -9.86137e-08
    outer loop
      vertex 9.55568 -3.70253 31.5139
      vertex 9.53021 -3.77328 55.512
      vertex 9.54768 -3.72475 31.418
    endloop
  endfacet
  facet normal 0.940858 -0.338802 -2.18776e-07
    outer loop
      vertex 9.54768 -3.72475 31.418
      vertex 9.53021 -3.77328 55.512
      vertex 9.54194 -3.74069 31.3209
    endloop
  endfacet
  facet normal 0.940864 -0.338784 -1.90994e-07
    outer loop
      vertex 9.54194 -3.74069 31.3209
      vertex 9.53021 -3.77328 55.512
      vertex 9.53826 -3.75091 31.2586
    endloop
  endfacet
  facet normal 0.940907 -0.338665 -6.69758e-08
    outer loop
      vertex 9.53826 -3.75091 31.2586
      vertex 9.53021 -3.77328 55.512
      vertex 9.53605 -3.75705 31.1959
    endloop
  endfacet
  facet normal 0.940875 -0.338753 -1.33572e-07
    outer loop
      vertex 9.53605 -3.75705 31.1959
      vertex 9.53021 -3.77328 55.512
      vertex 9.53259 -3.76666 31.0979
    endloop
  endfacet
  facet normal 0.941074 -0.3382 3.58384e-08
    outer loop
      vertex 9.53259 -3.76666 31.0979
      vertex 9.53021 -3.77328 55.512
      vertex 9.53144 -3.76986 30.9995
    endloop
  endfacet
  facet normal 0.941586 -0.336772 0
    outer loop
      vertex 9.5307 -3.77191 30.9365
      vertex 9.53021 -3.77328 55.512
      vertex 9.5307 -3.77191 26.8989
    endloop
  endfacet
  facet normal 0.940596 -0.339527 -1.73335e-07
    outer loop
      vertex 9.53144 -3.76986 30.9995
      vertex 9.53021 -3.77328 55.512
      vertex 9.5307 -3.77191 30.9365
    endloop
  endfacet
  facet normal 0.940862 -0.33879 1.95515e-06
    outer loop
      vertex 9.53021 -3.77328 5.49967
      vertex 9.74833 -3.16742 25.2694
      vertex 9.72859 -3.22224 25.3376
    endloop
  endfacet
  facet normal 0.940885 -0.338727 0
    outer loop
      vertex 9.74833 -3.16742 25.2694
      vertex 9.71621 -3.25664 5.87435
      vertex 9.74833 -3.16742 5.9198
    endloop
  endfacet
  facet normal 0.940924 -0.338618 -3.45537e-06
    outer loop
      vertex 9.53021 -3.77328 5.49967
      vertex 9.72859 -3.22224 25.3376
      vertex 9.71381 -3.26331 25.3887
    endloop
  endfacet
  facet normal 0.940859 -0.338799 1.78449e-06
    outer loop
      vertex 9.53021 -3.77328 5.49967
      vertex 9.71381 -3.26331 25.3887
      vertex 9.67995 -3.35734 25.5222
    endloop
  endfacet
  facet normal 0.940908 -0.338662 -1.41353e-06
    outer loop
      vertex 9.53021 -3.77328 5.49967
      vertex 9.67995 -3.35734 25.5222
      vertex 9.66777 -3.39118 25.5774
    endloop
  endfacet
  facet normal 0.940876 -0.338751 1.23526e-07
    outer loop
      vertex 9.74833 -3.16742 25.2694
      vertex 9.66619 -3.39557 5.79218
      vertex 9.71621 -3.25664 5.87435
    endloop
  endfacet
  facet normal 0.940881 -0.338739 2.24202e-07
    outer loop
      vertex 9.53021 -3.77328 5.49967
      vertex 9.66777 -3.39118 25.5774
      vertex 9.64929 -3.44251 25.6611
    endloop
  endfacet
  facet normal 0.940895 -0.338699 -5.17961e-07
    outer loop
      vertex 9.53021 -3.77328 5.49967
      vertex 9.64929 -3.44251 25.6611
      vertex 9.63276 -3.48843 25.7481
    endloop
  endfacet
  facet normal 0.94086 -0.338795 1.02147e-06
    outer loop
      vertex 9.53021 -3.77328 5.49967
      vertex 9.63276 -3.48843 25.7481
      vertex 9.62195 -3.51845 25.8049
    endloop
  endfacet
  facet normal 0.940887 -0.338719 -2.92168e-07
    outer loop
      vertex 9.74833 -3.16742 25.2694
      vertex 9.61813 -3.52907 5.70145
      vertex 9.66619 -3.39557 5.79218
    endloop
  endfacet
  facet normal 0.940913 -0.338647 -1.08124e-06
    outer loop
      vertex 9.53021 -3.77328 5.49967
      vertex 9.62195 -3.51845 25.8049
      vertex 9.60746 -3.55871 25.8947
    endloop
  endfacet
  facet normal 0.940829 -0.338882 1.7046e-06
    outer loop
      vertex 9.53021 -3.77328 5.49967
      vertex 9.60746 -3.55871 25.8947
      vertex 9.59803 -3.58489 25.9531
    endloop
  endfacet
  facet normal 0.940945 -0.338559 -1.65165e-06
    outer loop
      vertex 9.53021 -3.77328 5.49967
      vertex 9.59803 -3.58489 25.9531
      vertex 9.59001 -3.60718 26.0128
    endloop
  endfacet
  facet normal 0.940836 -0.338862 1.12099e-06
    outer loop
      vertex 9.53021 -3.77328 5.49967
      vertex 9.59001 -3.60718 26.0128
      vertex 9.57762 -3.64158 26.1049
    endloop
  endfacet
  facet normal 0.940883 -0.338733 -1.60631e-08
    outer loop
      vertex 9.74833 -3.16742 25.2694
      vertex 9.57221 -3.65662 5.60251
      vertex 9.61813 -3.52907 5.70145
    endloop
  endfacet
  facet normal 0.940855 -0.338808 7.32976e-07
    outer loop
      vertex 9.53021 -3.77328 5.49967
      vertex 9.57762 -3.64158 26.1049
      vertex 9.57103 -3.65988 26.1657
    endloop
  endfacet
  facet normal 0.940921 -0.338627 -3.9309e-07
    outer loop
      vertex 9.53021 -3.77328 5.49967
      vertex 9.57103 -3.65988 26.1657
      vertex 9.56082 -3.68825 26.2599
    endloop
  endfacet
  facet normal 0.940904 -0.338673 -1.76516e-07
    outer loop
      vertex 9.53021 -3.77328 5.49967
      vertex 9.56082 -3.68825 26.2599
      vertex 9.55568 -3.70253 26.3216
    endloop
  endfacet
  facet normal 0.940877 -0.338749 1.13439e-07
    outer loop
      vertex 9.53021 -3.77328 5.49967
      vertex 9.55568 -3.70253 26.3216
      vertex 9.54768 -3.72475 26.4175
    endloop
  endfacet
  facet normal 0.940858 -0.338802 2.51532e-07
    outer loop
      vertex 9.53021 -3.77328 5.49967
      vertex 9.54768 -3.72475 26.4175
      vertex 9.54194 -3.74069 26.5146
    endloop
  endfacet
  facet normal 0.940864 -0.338783 2.1959e-07
    outer loop
      vertex 9.53021 -3.77328 5.49967
      vertex 9.54194 -3.74069 26.5146
      vertex 9.53826 -3.75091 26.5769
    endloop
  endfacet
  facet normal 0.940907 -0.338665 7.69604e-08
    outer loop
      vertex 9.53021 -3.77328 5.49967
      vertex 9.53826 -3.75091 26.5769
      vertex 9.53605 -3.75705 26.6396
    endloop
  endfacet
  facet normal 0.940875 -0.338753 1.53485e-07
    outer loop
      vertex 9.53021 -3.77328 5.49967
      vertex 9.53605 -3.75705 26.6396
      vertex 9.53259 -3.76666 26.7376
    endloop
  endfacet
  facet normal 0.941074 -0.3382 -4.11472e-08
    outer loop
      vertex 9.53021 -3.77328 5.49967
      vertex 9.53259 -3.76666 26.7376
      vertex 9.53144 -3.76986 26.836
    endloop
  endfacet
  facet normal 0.940597 -0.339526 1.99013e-07
    outer loop
      vertex 9.53021 -3.77328 5.49967
      vertex 9.53144 -3.76986 26.836
      vertex 9.5307 -3.77191 26.8989
    endloop
  endfacet
  facet normal 0.940881 -0.338737 1.00963e-07
    outer loop
      vertex 9.74833 -3.16742 25.2694
      vertex 9.53021 -3.77328 5.49967
      vertex 9.57221 -3.65662 5.60251
    endloop
  endfacet
  facet normal 0.941586 -0.336772 0
    outer loop
      vertex 9.53021 -3.77328 5.49967
      vertex 9.5307 -3.77191 26.8989
      vertex 9.53021 -3.77328 55.512
    endloop
  endfacet
  facet normal 0.940882 -0.338734 0
    outer loop
      vertex 9.53021 -3.77328 82
      vertex 9.74833 -3.16742 64.5041
      vertex 9.74833 -3.16742 82
    endloop
  endfacet
  facet normal 0.940866 -0.338778 -1.72402e-06
    outer loop
      vertex 9.74833 -3.16742 64.5041
      vertex 9.53021 -3.77328 82
      vertex 9.73603 -3.20158 64.5008
    endloop
  endfacet
  facet normal 0.940882 -0.338734 -1.19119e-07
    outer loop
      vertex 9.73603 -3.20158 64.5008
      vertex 9.53021 -3.77328 82
      vertex 9.70383 -3.29102 64.4863
    endloop
  endfacet
  facet normal 0.940867 -0.338775 -1.38479e-06
    outer loop
      vertex 9.70383 -3.29102 64.4863
      vertex 9.53021 -3.77328 82
      vertex 9.68017 -3.35673 64.4756
    endloop
  endfacet
  facet normal 0.940896 -0.338696 7.45268e-07
    outer loop
      vertex 9.68017 -3.35673 64.4756
      vertex 9.53021 -3.77328 82
      vertex 9.62499 -3.51002 64.4404
    endloop
  endfacet
  facet normal 0.940879 -0.338742 -3.09768e-08
    outer loop
      vertex 9.62499 -3.51002 64.4404
      vertex 9.53021 -3.77328 82
      vertex 9.57068 -3.66087 64.3953
    endloop
  endfacet
  facet normal 0.940862 -0.338789 -3.73932e-07
    outer loop
      vertex 9.57068 -3.66087 64.3953
      vertex 9.53021 -3.77328 82
      vertex 9.53972 -3.74685 64.3635
    endloop
  endfacet
  facet normal 0.940942 -0.338568 0
    outer loop
      vertex 9.53972 -3.74685 64.3635
      vertex 9.53021 -3.77328 82
      vertex 9.53021 -3.77328 64.3538
    endloop
  endfacet
  facet normal 0.975951 0.217989 0
    outer loop
      vertex 9.92798 2.54907 24.3295
      vertex 9.93888 2.50027 6.14666
      vertex 9.92798 2.54907 6.13575
    endloop
  endfacet
  facet normal 0.97591 0.218175 -5.22964e-07
    outer loop
      vertex 9.92798 2.54907 24.3295
      vertex 9.97452 2.34085 6.17189
      vertex 9.93888 2.50027 6.14666
    endloop
  endfacet
  facet normal 0.975969 0.217908 2.68772e-06
    outer loop
      vertex 9.92798 2.54907 24.3295
      vertex 10.0104 2.18015 6.18709
      vertex 9.97452 2.34085 6.17189
    endloop
  endfacet
  facet normal 0.97587 0.218352 -6.78659e-06
    outer loop
      vertex 9.92798 2.54907 24.3295
      vertex 10.0465 2.01881 6.19216
      vertex 10.0104 2.18015 6.18709
    endloop
  endfacet
  facet normal 0.975932 0.218075 1.71628e-06
    outer loop
      vertex 10.0684 1.92066 24.3295
      vertex 10.0465 2.01881 6.19216
      vertex 9.92798 2.54907 24.3295
    endloop
  endfacet
  facet normal 0.976 0.217773 0
    outer loop
      vertex 10.0465 2.01881 6.19216
      vertex 10.0684 1.92066 24.3295
      vertex 10.0684 1.92066 6.19216
    endloop
  endfacet
  facet normal 0.97589 0.218264 0
    outer loop
      vertex 9.93006 2.53977 55.7446
      vertex 9.92798 2.54907 33.5059
      vertex 9.92798 2.54907 55.7508
    endloop
  endfacet
  facet normal 0.975952 0.217988 -1.21188e-07
    outer loop
      vertex 9.94316 2.48112 55.7108
      vertex 9.92798 2.54907 33.5059
      vertex 9.93006 2.53977 55.7446
    endloop
  endfacet
  facet normal 0.975903 0.218203 5.71721e-07
    outer loop
      vertex 9.96185 2.39753 55.6625
      vertex 9.92798 2.54907 33.5059
      vertex 9.94316 2.48112 55.7108
    endloop
  endfacet
  facet normal 0.975934 0.218065 -4.17242e-07
    outer loop
      vertex 9.97548 2.33653 55.6321
      vertex 9.92798 2.54907 33.5059
      vertex 9.96185 2.39753 55.6625
    endloop
  endfacet
  facet normal 0.975896 0.218235 1.29592e-06
    outer loop
      vertex 9.99477 2.25027 55.5892
      vertex 9.92798 2.54907 33.5059
      vertex 9.97548 2.33653 55.6321
    endloop
  endfacet
  facet normal 0.976033 0.217622 -7.41121e-06
    outer loop
      vertex 10.0145 2.16178 55.5518
      vertex 9.92798 2.54907 33.5059
      vertex 9.99477 2.25027 55.5892
    endloop
  endfacet
  facet normal 0.975656 0.219308 2.36787e-05
    outer loop
      vertex 10.0287 2.09861 55.5251
      vertex 9.92798 2.54907 33.5059
      vertex 10.0145 2.16178 55.5518
    endloop
  endfacet
  facet normal 0.976031 0.217634 -1.22842e-05
    outer loop
      vertex 10.0432 2.03358 55.5022
      vertex 9.92798 2.54907 33.5059
      vertex 10.0287 2.09861 55.5251
    endloop
  endfacet
  facet normal 0.975968 0.217914 -5.37765e-06
    outer loop
      vertex 10.0634 1.94311 55.4704
      vertex 9.92798 2.54907 33.5059
      vertex 10.0432 2.03358 55.5022
    endloop
  endfacet
  facet normal 0.976083 0.217396 -2.03846e-05
    outer loop
      vertex 10.0684 1.92066 55.464
      vertex 9.92798 2.54907 33.5059
      vertex 10.0634 1.94311 55.4704
    endloop
  endfacet
  facet normal 0.975932 0.218075 0
    outer loop
      vertex 9.92798 2.54907 33.5059
      vertex 10.0684 1.92066 55.464
      vertex 10.0684 1.92066 33.5059
    endloop
  endfacet
  facet normal 0.97589 0.218264 0
    outer loop
      vertex 9.92798 2.54907 82
      vertex 9.93006 2.53977 64.1211
      vertex 9.92798 2.54907 64.1149
    endloop
  endfacet
  facet normal 0.975952 0.217988 1.50731e-07
    outer loop
      vertex 9.92798 2.54907 82
      vertex 9.94316 2.48112 64.155
      vertex 9.93006 2.53977 64.1211
    endloop
  endfacet
  facet normal 0.975903 0.218203 -7.11097e-07
    outer loop
      vertex 9.92798 2.54907 82
      vertex 9.96185 2.39753 64.2033
      vertex 9.94316 2.48112 64.155
    endloop
  endfacet
  facet normal 0.975934 0.218066 5.19035e-07
    outer loop
      vertex 9.92798 2.54907 82
      vertex 9.97548 2.33653 64.2336
      vertex 9.96185 2.39753 64.2033
    endloop
  endfacet
  facet normal 0.975896 0.218235 -1.61203e-06
    outer loop
      vertex 9.92798 2.54907 82
      vertex 9.99477 2.25027 64.2766
      vertex 9.97548 2.33653 64.2336
    endloop
  endfacet
  facet normal 0.976033 0.217623 9.22144e-06
    outer loop
      vertex 9.92798 2.54907 82
      vertex 10.0145 2.16178 64.314
      vertex 9.99477 2.25027 64.2766
    endloop
  endfacet
  facet normal 0.975656 0.219306 -2.94623e-05
    outer loop
      vertex 9.92798 2.54907 82
      vertex 10.0287 2.09861 64.3407
      vertex 10.0145 2.16178 64.314
    endloop
  endfacet
  facet normal 0.97603 0.217635 1.52906e-05
    outer loop
      vertex 9.92798 2.54907 82
      vertex 10.0432 2.03358 64.3635
      vertex 10.0287 2.09861 64.3407
    endloop
  endfacet
  facet normal 0.975968 0.217915 6.69351e-06
    outer loop
      vertex 9.92798 2.54907 82
      vertex 10.0634 1.94311 64.3953
      vertex 10.0432 2.03358 64.3635
    endloop
  endfacet
  facet normal 0.975932 0.218075 -0
    outer loop
      vertex 10.0684 1.92066 64.4017
      vertex 9.92798 2.54907 82
      vertex 10.0684 1.92066 82
    endloop
  endfacet
  facet normal 0.976083 0.217398 2.53838e-05
    outer loop
      vertex 9.92798 2.54907 82
      vertex 10.0684 1.92066 64.4017
      vertex 10.0634 1.94311 64.3953
    endloop
  endfacet
  facet normal 0.278995 0.960293 -0
    outer loop
      vertex 3.16742 9.74833 0
      vertex 2.54907 9.92798 82
      vertex 3.16742 9.74833 82
    endloop
  endfacet
  facet normal 0.278995 0.960293 0
    outer loop
      vertex 2.54907 9.92798 82
      vertex 3.16742 9.74833 0
      vertex 2.54907 9.92798 0
    endloop
  endfacet
  facet normal -0.999508 0.0313704 0
    outer loop
      vertex -10.25 0 0
      vertex -10.2298 0.643602 82
      vertex -10.2298 0.643602 0
    endloop
  endfacet
  facet normal -0.999508 0.0313704 0
    outer loop
      vertex -10.2298 0.643602 82
      vertex -10.25 0 0
      vertex -10.25 0 82
    endloop
  endfacet
  facet normal -0.999508 -0.0313704 0
    outer loop
      vertex -10.2298 -0.643602 0
      vertex -10.25 0 82
      vertex -10.25 0 0
    endloop
  endfacet
  facet normal -0.999508 -0.0313704 0
    outer loop
      vertex -10.25 0 82
      vertex -10.2298 -0.643602 0
      vertex -10.2298 -0.643602 82
    endloop
  endfacet
  facet normal -0.917755 -0.397146 0
    outer loop
      vertex -9.27448 -4.36424 0
      vertex -9.53021 -3.77328 82
      vertex -9.53021 -3.77328 0
    endloop
  endfacet
  facet normal -0.917755 -0.397146 0
    outer loop
      vertex -9.53021 -3.77328 82
      vertex -9.27448 -4.36424 0
      vertex -9.27448 -4.36424 82
    endloop
  endfacet
  facet normal -0.0313704 0.999508 0
    outer loop
      vertex 0 10.25 0
      vertex -0.643602 10.2298 82
      vertex 0 10.25 82
    endloop
  endfacet
  facet normal -0.0313704 0.999508 0
    outer loop
      vertex -0.643602 10.2298 82
      vertex 0 10.25 0
      vertex -0.643602 10.2298 0
    endloop
  endfacet
  facet normal 0.750112 0.661311 0
    outer loop
      vertex 7.89776 6.5336 82
      vertex 7.47193 7.01661 0
      vertex 7.47193 7.01661 82
    endloop
  endfacet
  facet normal 0.750112 0.661311 0
    outer loop
      vertex 7.47193 7.01661 0
      vertex 7.89776 6.5336 82
      vertex 7.89776 6.5336 0
    endloop
  endfacet
  facet normal -0.454003 -0.891 0
    outer loop
      vertex -4.93797 -8.98214 0
      vertex -4.36424 -9.27448 82
      vertex -4.93797 -8.98214 82
    endloop
  endfacet
  facet normal -0.454003 -0.891 -0
    outer loop
      vertex -4.36424 -9.27448 82
      vertex -4.93797 -8.98214 0
      vertex -4.36424 -9.27448 0
    endloop
  endfacet
  facet normal 0.397146 0.917755 -0
    outer loop
      vertex 4.36424 9.27448 0
      vertex 3.77328 9.53021 82
      vertex 4.36424 9.27448 82
    endloop
  endfacet
  facet normal 0.397146 0.917755 0
    outer loop
      vertex 3.77328 9.53021 82
      vertex 4.36424 9.27448 0
      vertex 3.77328 9.53021 0
    endloop
  endfacet
  facet normal -0.960293 0.278995 0
    outer loop
      vertex -9.92798 2.54907 0
      vertex -9.74833 3.16742 82
      vertex -9.74833 3.16742 0
    endloop
  endfacet
  facet normal -0.960293 0.278995 0
    outer loop
      vertex -9.74833 3.16742 82
      vertex -9.92798 2.54907 0
      vertex -9.92798 2.54907 82
    endloop
  endfacet
  facet normal -0.278995 -0.960293 0
    outer loop
      vertex -3.16742 -9.74833 0
      vertex -2.54907 -9.92798 82
      vertex -3.16742 -9.74833 82
    endloop
  endfacet
  facet normal -0.278995 -0.960293 -0
    outer loop
      vertex -2.54907 -9.92798 82
      vertex -3.16742 -9.74833 0
      vertex -2.54907 -9.92798 0
    endloop
  endfacet
  facet normal 0.278995 -0.960293 0
    outer loop
      vertex 2.54907 -9.92798 0
      vertex 3.16742 -9.74833 82
      vertex 2.54907 -9.92798 82
    endloop
  endfacet
  facet normal 0.278995 -0.960293 0
    outer loop
      vertex 3.16742 -9.74833 82
      vertex 2.54907 -9.92798 0
      vertex 3.16742 -9.74833 0
    endloop
  endfacet
  facet normal 0.218075 -0.975932 0
    outer loop
      vertex 1.92066 -10.0684 0
      vertex 2.54907 -9.92798 82
      vertex 1.92066 -10.0684 82
    endloop
  endfacet
  facet normal 0.218075 -0.975932 0
    outer loop
      vertex 2.54907 -9.92798 82
      vertex 1.92066 -10.0684 0
      vertex 2.54907 -9.92798 0
    endloop
  endfacet
  facet normal -0.827081 0.562082 0
    outer loop
      vertex -8.65436 5.49222 0
      vertex -8.29242 6.0248 82
      vertex -8.29242 6.0248 0
    endloop
  endfacet
  facet normal -0.827081 0.562082 0
    outer loop
      vertex -8.29242 6.0248 82
      vertex -8.65436 5.49222 0
      vertex -8.65436 5.49222 82
    endloop
  endfacet
  facet normal 0.509038 0.860744 -0
    outer loop
      vertex 5.49222 8.65436 0
      vertex 4.93797 8.98214 82
      vertex 5.49222 8.65436 82
    endloop
  endfacet
  facet normal 0.509038 0.860744 0
    outer loop
      vertex 4.93797 8.98214 82
      vertex 5.49222 8.65436 0
      vertex 4.93797 8.98214 0
    endloop
  endfacet
  facet normal 0.995562 0.0941102 0
    outer loop
      vertex 10.2298 0.643602 24.3295
      vertex 10.1692 1.28467 6.19216
      vertex 10.1692 1.28467 24.3295
    endloop
  endfacet
  facet normal 0.995562 0.0941102 0
    outer loop
      vertex 10.1692 1.28467 6.19216
      vertex 10.2298 0.643602 24.3295
      vertex 10.2298 0.643602 6.19216
    endloop
  endfacet
  facet normal 0.995632 0.0933685 0
    outer loop
      vertex 10.1744 1.22922 55.3476
      vertex 10.1692 1.28467 33.5059
      vertex 10.1692 1.28467 55.3493
    endloop
  endfacet
  facet normal 0.995511 0.0946484 3.27802e-06
    outer loop
      vertex 10.1833 1.13561 55.3447
      vertex 10.1692 1.28467 33.5059
      vertex 10.1744 1.22922 55.3476
    endloop
  endfacet
  facet normal 0.995564 0.0940914 -5.58042e-07
    outer loop
      vertex 10.2298 0.643602 55.3447
      vertex 10.1692 1.28467 33.5059
      vertex 10.1833 1.13561 55.3447
    endloop
  endfacet
  facet normal 0.995562 0.0941102 0
    outer loop
      vertex 10.1692 1.28467 33.5059
      vertex 10.2298 0.643602 55.3447
      vertex 10.2298 0.643602 33.5059
    endloop
  endfacet
  facet normal 0.995632 0.0933685 0
    outer loop
      vertex 10.1692 1.28467 82
      vertex 10.1744 1.22922 64.5182
      vertex 10.1692 1.28467 64.5165
    endloop
  endfacet
  facet normal 0.995511 0.0946484 -4.09547e-06
    outer loop
      vertex 10.1692 1.28467 82
      vertex 10.1833 1.13561 64.5211
      vertex 10.1744 1.22922 64.5182
    endloop
  endfacet
  facet normal 0.995562 0.0941102 5.35117e-07
    outer loop
      vertex 10.2298 0.643602 82
      vertex 10.1833 1.13561 64.5211
      vertex 10.1692 1.28467 82
    endloop
  endfacet
  facet normal 0.995564 0.0940914 0
    outer loop
      vertex 10.1833 1.13561 64.5211
      vertex 10.2298 0.643602 82
      vertex 10.2298 0.643602 64.5211
    endloop
  endfacet
  facet normal -0.707107 0.707107 0
    outer loop
      vertex -7.47193 7.01661 0
      vertex -7.01661 7.47193 82
      vertex -7.01661 7.47193 0
    endloop
  endfacet
  facet normal -0.707107 0.707107 0
    outer loop
      vertex -7.01661 7.47193 82
      vertex -7.47193 7.01661 0
      vertex -7.47193 7.01661 82
    endloop
  endfacet
  facet normal -0.0941102 0.995562 0
    outer loop
      vertex -0.643602 10.2298 0
      vertex -1.28467 10.1692 82
      vertex -0.643602 10.2298 82
    endloop
  endfacet
  facet normal -0.0941102 0.995562 0
    outer loop
      vertex -1.28467 10.1692 82
      vertex -0.643602 10.2298 0
      vertex -1.28467 10.1692 0
    endloop
  endfacet
  facet normal -0.860744 -0.509038 0
    outer loop
      vertex -8.65436 -5.49222 0
      vertex -8.98214 -4.93797 82
      vertex -8.98214 -4.93797 0
    endloop
  endfacet
  facet normal -0.860744 -0.509038 0
    outer loop
      vertex -8.98214 -4.93797 82
      vertex -8.65436 -5.49222 0
      vertex -8.65436 -5.49222 82
    endloop
  endfacet
  facet normal 0.960273 0.279061 0
    outer loop
      vertex 9.74833 3.16742 24.3465
      vertex 9.7642 3.11281 5.94762
      vertex 9.74833 3.16742 5.9198
    endloop
  endfacet
  facet normal 0.960318 0.278907 3.24741e-06
    outer loop
      vertex 9.92798 2.54907 6.13575
      vertex 9.74833 3.16742 24.3465
      vertex 9.7646 3.1114 24.3411
    endloop
  endfacet
  facet normal 0.960274 0.279058 -1.81419e-06
    outer loop
      vertex 9.92798 2.54907 6.13575
      vertex 9.7646 3.1114 24.3411
      vertex 9.78405 3.04447 24.3346
    endloop
  endfacet
  facet normal 0.960304 0.278957 3.35992e-07
    outer loop
      vertex 9.74833 3.16742 24.3465
      vertex 9.80723 2.96468 6.01172
      vertex 9.7642 3.11281 5.94762
    endloop
  endfacet
  facet normal 0.960287 0.279015 -5.35618e-07
    outer loop
      vertex 9.92798 2.54907 6.13575
      vertex 9.78405 3.04447 24.3346
      vertex 9.82994 2.88653 24.3295
    endloop
  endfacet
  facet normal 0.960298 0.278978 8.73188e-08
    outer loop
      vertex 9.74833 3.16742 24.3465
      vertex 9.85135 2.81281 6.06641
      vertex 9.80723 2.96468 6.01172
    endloop
  endfacet
  facet normal 0.96029 0.279005 -4.96699e-07
    outer loop
      vertex 9.74833 3.16742 24.3465
      vertex 9.89639 2.65779 6.11144
      vertex 9.85135 2.81281 6.06641
    endloop
  endfacet
  facet normal 0.960295 0.278988 -0
    outer loop
      vertex 9.92798 2.54907 6.13575
      vertex 9.82994 2.88653 24.3295
      vertex 9.92798 2.54907 24.3295
    endloop
  endfacet
  facet normal 0.960284 0.279023 -1.02459e-06
    outer loop
      vertex 9.74833 3.16742 24.3465
      vertex 9.92798 2.54907 6.13575
      vertex 9.89639 2.65779 6.11144
    endloop
  endfacet
  facet normal 0.960421 0.278551 0
    outer loop
      vertex 9.75025 3.1608 56.2763
      vertex 9.74833 3.16742 33.489
      vertex 9.74833 3.16742 56.2845
    endloop
  endfacet
  facet normal 0.960289 0.279006 1.43185e-07
    outer loop
      vertex 9.76933 3.09513 56.2039
      vertex 9.74833 3.16742 33.489
      vertex 9.75025 3.1608 56.2763
    endloop
  endfacet
  facet normal 0.960286 0.279017 1.80277e-07
    outer loop
      vertex 9.78219 3.05087 56.1552
      vertex 9.74833 3.16742 33.489
      vertex 9.76933 3.09513 56.2039
    endloop
  endfacet
  facet normal 0.960309 0.278937 -2.64957e-07
    outer loop
      vertex 9.79599 3.00336 56.1091
      vertex 9.74833 3.16742 33.489
      vertex 9.78219 3.05087 56.1552
    endloop
  endfacet
  facet normal 0.960262 0.279099 1.01014e-06
    outer loop
      vertex 9.81635 2.93331 56.041
      vertex 9.74833 3.16742 33.489
      vertex 9.79599 3.00336 56.1091
    endloop
  endfacet
  facet normal 0.960303 0.27896 -5.58077e-07
    outer loop
      vertex 9.85258 2.80859 55.9343
      vertex 9.74833 3.16742 33.489
      vertex 9.81635 2.93331 56.041
    endloop
  endfacet
  facet normal 0.960287 0.279014 3.92143e-07
    outer loop
      vertex 9.89075 2.67722 55.8354
      vertex 9.74833 3.16742 33.489
      vertex 9.85258 2.80859 55.9343
    endloop
  endfacet
  facet normal 0.960307 0.278945 -1.2591e-06
    outer loop
      vertex 9.91429 2.59618 55.7819
      vertex 9.74833 3.16742 33.489
      vertex 9.89075 2.67722 55.8354
    endloop
  endfacet
  facet normal 0.960276 0.279052 1.70838e-06
    outer loop
      vertex 9.92798 2.54907 55.7508
      vertex 9.74833 3.16742 33.489
      vertex 9.91429 2.59618 55.7819
    endloop
  endfacet
  facet normal 0.960318 0.278907 -2.65488e-06
    outer loop
      vertex 9.74833 3.16742 33.489
      vertex 9.92798 2.54907 55.7508
      vertex 9.7646 3.1114 33.4944
    endloop
  endfacet
  facet normal 0.960274 0.279058 1.48316e-06
    outer loop
      vertex 9.7646 3.1114 33.4944
      vertex 9.92798 2.54907 55.7508
      vertex 9.78405 3.04447 33.5009
    endloop
  endfacet
  facet normal 0.960287 0.279015 4.38021e-07
    outer loop
      vertex 9.78405 3.04447 33.5009
      vertex 9.92798 2.54907 55.7508
      vertex 9.82994 2.88653 33.5059
    endloop
  endfacet
  facet normal 0.960295 0.278988 0
    outer loop
      vertex 9.82994 2.88653 33.5059
      vertex 9.92798 2.54907 55.7508
      vertex 9.92798 2.54907 33.5059
    endloop
  endfacet
  facet normal 0.960421 0.278551 0
    outer loop
      vertex 9.74833 3.16742 82
      vertex 9.75025 3.1608 63.5895
      vertex 9.74833 3.16742 63.5812
    endloop
  endfacet
  facet normal 0.960289 0.279006 -1.77211e-07
    outer loop
      vertex 9.74833 3.16742 82
      vertex 9.76933 3.09513 63.6618
      vertex 9.75025 3.1608 63.5895
    endloop
  endfacet
  facet normal 0.960286 0.279017 -2.23115e-07
    outer loop
      vertex 9.74833 3.16742 82
      vertex 9.78219 3.05087 63.7106
      vertex 9.76933 3.09513 63.6618
    endloop
  endfacet
  facet normal 0.960309 0.278937 3.27974e-07
    outer loop
      vertex 9.74833 3.16742 82
      vertex 9.79599 3.00336 63.7567
      vertex 9.78219 3.05087 63.7106
    endloop
  endfacet
  facet normal 0.960262 0.279099 -1.25041e-06
    outer loop
      vertex 9.74833 3.16742 82
      vertex 9.81635 2.93331 63.8247
      vertex 9.79599 3.00336 63.7567
    endloop
  endfacet
  facet normal 0.960303 0.27896 6.91e-07
    outer loop
      vertex 9.74833 3.16742 82
      vertex 9.85258 2.80859 63.9314
      vertex 9.81635 2.93331 63.8247
    endloop
  endfacet
  facet normal 0.960287 0.279014 -4.85725e-07
    outer loop
      vertex 9.74833 3.16742 82
      vertex 9.89075 2.67722 64.0304
      vertex 9.85258 2.80859 63.9314
    endloop
  endfacet
  facet normal 0.960307 0.278945 1.56035e-06
    outer loop
      vertex 9.74833 3.16742 82
      vertex 9.91429 2.59618 64.0839
      vertex 9.89075 2.67722 64.0304
    endloop
  endfacet
  facet normal 0.960293 0.278995 -0
    outer loop
      vertex 9.92798 2.54907 64.1149
      vertex 9.74833 3.16742 82
      vertex 9.92798 2.54907 82
    endloop
  endfacet
  facet normal 0.960276 0.279051 -2.11727e-06
    outer loop
      vertex 9.74833 3.16742 82
      vertex 9.92798 2.54907 64.1149
      vertex 9.91429 2.59618 64.0839
    endloop
  endfacet
  facet normal 0.976083 -0.217397 -2.27756e-05
    outer loop
      vertex 9.93888 -2.50027 6.14666
      vertex 10.0684 -1.92066 24.4489
      vertex 10.0634 -1.94311 24.4553
    endloop
  endfacet
  facet normal 0.976 -0.217773 0
    outer loop
      vertex 10.0684 -1.92066 24.4489
      vertex 10.0465 -2.01881 6.19216
      vertex 10.0684 -1.92066 6.19216
    endloop
  endfacet
  facet normal 0.975968 -0.217915 -6.43532e-06
    outer loop
      vertex 9.92798 -2.54907 6.13575
      vertex 10.0634 -1.94311 24.4553
      vertex 10.0432 -2.03358 24.4871
    endloop
  endfacet
  facet normal 0.97603 -0.217635 -1.47001e-05
    outer loop
      vertex 9.92798 -2.54907 6.13575
      vertex 10.0432 -2.03358 24.4871
      vertex 10.0287 -2.09861 24.51
    endloop
  endfacet
  facet normal 0.975656 -0.219306 2.83277e-05
    outer loop
      vertex 9.92798 -2.54907 6.13575
      vertex 10.0287 -2.09861 24.51
      vertex 10.0145 -2.16178 24.5367
    endloop
  endfacet
  facet normal 0.97587 -0.218352 3.27019e-06
    outer loop
      vertex 10.0684 -1.92066 24.4489
      vertex 10.0104 -2.18015 6.18709
      vertex 10.0465 -2.01881 6.19216
    endloop
  endfacet
  facet normal 0.976033 -0.217623 -8.86631e-06
    outer loop
      vertex 9.92798 -2.54907 6.13575
      vertex 10.0145 -2.16178 24.5367
      vertex 9.99477 -2.25027 24.5741
    endloop
  endfacet
  facet normal 0.975896 -0.218235 1.55005e-06
    outer loop
      vertex 9.92798 -2.54907 6.13575
      vertex 9.99477 -2.25027 24.5741
      vertex 9.97548 -2.33653 24.617
    endloop
  endfacet
  facet normal 0.975969 -0.217907 -3.36303e-06
    outer loop
      vertex 10.0684 -1.92066 24.4489
      vertex 9.97452 -2.34085 6.17189
      vertex 10.0104 -2.18015 6.18709
    endloop
  endfacet
  facet normal 0.975934 -0.218066 -4.99073e-07
    outer loop
      vertex 9.92798 -2.54907 6.13575
      vertex 9.97548 -2.33653 24.617
      vertex 9.96185 -2.39753 24.6473
    endloop
  endfacet
  facet normal 0.975903 -0.218203 6.83766e-07
    outer loop
      vertex 9.92798 -2.54907 6.13575
      vertex 9.96185 -2.39753 24.6473
      vertex 9.94316 -2.48112 24.6956
    endloop
  endfacet
  facet normal 0.97591 -0.218175 3.10006e-06
    outer loop
      vertex 10.0684 -1.92066 24.4489
      vertex 9.93888 -2.50027 6.14666
      vertex 9.97452 -2.34085 6.17189
    endloop
  endfacet
  facet normal 0.975952 -0.217988 -1.44938e-07
    outer loop
      vertex 9.92798 -2.54907 6.13575
      vertex 9.94316 -2.48112 24.6956
      vertex 9.93006 -2.53977 24.7295
    endloop
  endfacet
  facet normal 0.97589 -0.218264 0
    outer loop
      vertex 9.92798 -2.54907 6.13575
      vertex 9.93006 -2.53977 24.7295
      vertex 9.92798 -2.54907 24.7357
    endloop
  endfacet
  facet normal 0.975951 -0.217988 -3.88452e-06
    outer loop
      vertex 10.0634 -1.94311 24.4553
      vertex 9.92798 -2.54907 6.13575
      vertex 9.93888 -2.50027 6.14666
    endloop
  endfacet
  facet normal 0.975932 -0.218075 0
    outer loop
      vertex 9.92798 -2.54907 55.3447
      vertex 10.0684 -1.92066 33.3866
      vertex 10.0684 -1.92066 55.3447
    endloop
  endfacet
  facet normal 0.976083 -0.217396 2.03846e-05
    outer loop
      vertex 10.0684 -1.92066 33.3866
      vertex 9.92798 -2.54907 55.3447
      vertex 10.0634 -1.94311 33.3802
    endloop
  endfacet
  facet normal 0.975968 -0.217914 5.37765e-06
    outer loop
      vertex 10.0634 -1.94311 33.3802
      vertex 9.92798 -2.54907 55.3447
      vertex 10.0432 -2.03358 33.3484
    endloop
  endfacet
  facet normal 0.976031 -0.217634 1.22842e-05
    outer loop
      vertex 10.0432 -2.03358 33.3484
      vertex 9.92798 -2.54907 55.3447
      vertex 10.0287 -2.09861 33.3255
    endloop
  endfacet
  facet normal 0.975656 -0.219308 -2.36787e-05
    outer loop
      vertex 10.0287 -2.09861 33.3255
      vertex 9.92798 -2.54907 55.3447
      vertex 10.0145 -2.16178 33.2988
    endloop
  endfacet
  facet normal 0.976033 -0.217622 7.41121e-06
    outer loop
      vertex 10.0145 -2.16178 33.2988
      vertex 9.92798 -2.54907 55.3447
      vertex 9.99477 -2.25027 33.2614
    endloop
  endfacet
  facet normal 0.975896 -0.218235 -1.29592e-06
    outer loop
      vertex 9.99477 -2.25027 33.2614
      vertex 9.92798 -2.54907 55.3447
      vertex 9.97548 -2.33653 33.2185
    endloop
  endfacet
  facet normal 0.975934 -0.218065 4.17242e-07
    outer loop
      vertex 9.97548 -2.33653 33.2185
      vertex 9.92798 -2.54907 55.3447
      vertex 9.96185 -2.39753 33.1881
    endloop
  endfacet
  facet normal 0.975903 -0.218203 -5.71721e-07
    outer loop
      vertex 9.96185 -2.39753 33.1881
      vertex 9.92798 -2.54907 55.3447
      vertex 9.94316 -2.48112 33.1398
    endloop
  endfacet
  facet normal 0.975952 -0.217988 1.21188e-07
    outer loop
      vertex 9.94316 -2.48112 33.1398
      vertex 9.92798 -2.54907 55.3447
      vertex 9.93006 -2.53977 33.106
    endloop
  endfacet
  facet normal 0.97589 -0.218264 0
    outer loop
      vertex 9.93006 -2.53977 33.106
      vertex 9.92798 -2.54907 55.3447
      vertex 9.92798 -2.54907 33.0998
    endloop
  endfacet
  facet normal 0.975932 -0.218075 0
    outer loop
      vertex 9.92798 -2.54907 82
      vertex 10.0684 -1.92066 64.5211
      vertex 10.0684 -1.92066 82
    endloop
  endfacet
  facet normal 0.975932 -0.218075 0
    outer loop
      vertex 10.0684 -1.92066 64.5211
      vertex 9.92798 -2.54907 82
      vertex 9.92798 -2.54907 64.5211
    endloop
  endfacet
  facet normal -0.940882 -0.338734 0
    outer loop
      vertex -9.53021 -3.77328 0
      vertex -9.74833 -3.16742 82
      vertex -9.74833 -3.16742 0
    endloop
  endfacet
  facet normal -0.940882 -0.338734 0
    outer loop
      vertex -9.74833 -3.16742 82
      vertex -9.53021 -3.77328 0
      vertex -9.53021 -3.77328 82
    endloop
  endfacet
  facet normal 0.397146 -0.917755 0
    outer loop
      vertex 3.77328 -9.53021 0
      vertex 4.36424 -9.27448 82
      vertex 3.77328 -9.53021 82
    endloop
  endfacet
  facet normal 0.397146 -0.917755 0
    outer loop
      vertex 4.36424 -9.27448 82
      vertex 3.77328 -9.53021 0
      vertex 4.36424 -9.27448 0
    endloop
  endfacet
  facet normal -0.891 0.454003 0
    outer loop
      vertex -9.27448 4.36424 0
      vertex -8.98214 4.93797 82
      vertex -8.98214 4.93797 0
    endloop
  endfacet
  facet normal -0.891 0.454003 0
    outer loop
      vertex -8.98214 4.93797 82
      vertex -9.27448 4.36424 0
      vertex -9.27448 4.36424 82
    endloop
  endfacet
  facet normal -0.790159 0.612901 0
    outer loop
      vertex -8.29242 6.0248 0
      vertex -7.89776 6.5336 82
      vertex -7.89776 6.5336 0
    endloop
  endfacet
  facet normal -0.790159 0.612901 0
    outer loop
      vertex -7.89776 6.5336 82
      vertex -8.29242 6.0248 0
      vertex -8.29242 6.0248 82
    endloop
  endfacet
  facet normal 0.509038 -0.860744 0
    outer loop
      vertex 4.93797 -8.98214 0
      vertex 5.49222 -8.65436 82
      vertex 4.93797 -8.98214 82
    endloop
  endfacet
  facet normal 0.509038 -0.860744 0
    outer loop
      vertex 5.49222 -8.65436 82
      vertex 4.93797 -8.98214 0
      vertex 5.49222 -8.65436 0
    endloop
  endfacet
  facet normal -0.975932 -0.218075 0
    outer loop
      vertex -9.92798 -2.54907 0
      vertex -10.0684 -1.92066 82
      vertex -10.0684 -1.92066 0
    endloop
  endfacet
  facet normal -0.975932 -0.218075 0
    outer loop
      vertex -10.0684 -1.92066 82
      vertex -9.92798 -2.54907 0
      vertex -9.92798 -2.54907 82
    endloop
  endfacet
  facet normal 0.995564 -0.0940914 0
    outer loop
      vertex 10.1833 -1.13561 24.3295
      vertex 10.2298 -0.643602 6.19216
      vertex 10.2298 -0.643602 24.3295
    endloop
  endfacet
  facet normal 0.995511 -0.0946484 3.94683e-06
    outer loop
      vertex 10.1692 -1.28467 6.19216
      vertex 10.1833 -1.13561 24.3295
      vertex 10.1744 -1.22922 24.3324
    endloop
  endfacet
  facet normal 0.995632 -0.0933685 0
    outer loop
      vertex 10.1692 -1.28467 6.19216
      vertex 10.1744 -1.22922 24.3324
      vertex 10.1692 -1.28467 24.3341
    endloop
  endfacet
  facet normal 0.995562 -0.0941102 -5.1569e-07
    outer loop
      vertex 10.1833 -1.13561 24.3295
      vertex 10.1692 -1.28467 6.19216
      vertex 10.2298 -0.643602 6.19216
    endloop
  endfacet
  facet normal 0.995564 -0.0940914 0
    outer loop
      vertex 10.2298 -0.643602 55.3447
      vertex 10.1833 -1.13561 33.5059
      vertex 10.2298 -0.643602 33.5059
    endloop
  endfacet
  facet normal 0.995562 -0.0941102 4.28286e-07
    outer loop
      vertex 10.1692 -1.28467 55.3447
      vertex 10.1833 -1.13561 33.5059
      vertex 10.2298 -0.643602 55.3447
    endloop
  endfacet
  facet normal 0.995511 -0.0946484 -3.27802e-06
    outer loop
      vertex 10.1833 -1.13561 33.5059
      vertex 10.1692 -1.28467 55.3447
      vertex 10.1744 -1.22922 33.503
    endloop
  endfacet
  facet normal 0.995632 -0.0933685 0
    outer loop
      vertex 10.1744 -1.22922 33.503
      vertex 10.1692 -1.28467 55.3447
      vertex 10.1692 -1.28467 33.5013
    endloop
  endfacet
  facet normal 0.995562 -0.0941102 0
    outer loop
      vertex 10.1692 -1.28467 82
      vertex 10.2298 -0.643602 64.5211
      vertex 10.2298 -0.643602 82
    endloop
  endfacet
  facet normal 0.995562 -0.0941102 0
    outer loop
      vertex 10.2298 -0.643602 64.5211
      vertex 10.1692 -1.28467 82
      vertex 10.1692 -1.28467 64.5211
    endloop
  endfacet
  facet normal 0.940943 0.338566 6.1746e-06
    outer loop
      vertex 9.74833 3.16742 5.9198
      vertex 9.53021 3.77328 24.4969
      vertex 9.53972 3.74685 24.4871
    endloop
  endfacet
  facet normal 0.940862 0.33879 -1.70823e-06
    outer loop
      vertex 9.74833 3.16742 5.9198
      vertex 9.53972 3.74685 24.4871
      vertex 9.57068 3.66087 24.4553
    endloop
  endfacet
  facet normal 0.940881 0.338737 0
    outer loop
      vertex 9.53021 3.77328 24.4969
      vertex 9.57221 3.65662 5.60251
      vertex 9.53021 3.77328 5.49967
    endloop
  endfacet
  facet normal 0.940883 0.338733 2.82865e-08
    outer loop
      vertex 9.53021 3.77328 24.4969
      vertex 9.61813 3.52907 5.70145
      vertex 9.57221 3.65662 5.60251
    endloop
  endfacet
  facet normal 0.940879 0.338742 -2.60166e-07
    outer loop
      vertex 9.74833 3.16742 5.9198
      vertex 9.57068 3.66087 24.4553
      vertex 9.62499 3.51002 24.4102
    endloop
  endfacet
  facet normal 0.940887 0.33872 2.18333e-07
    outer loop
      vertex 9.53021 3.77328 24.4969
      vertex 9.66619 3.39557 5.79218
      vertex 9.61813 3.52907 5.70145
    endloop
  endfacet
  facet normal 0.940896 0.338695 7.06955e-07
    outer loop
      vertex 9.74833 3.16742 5.9198
      vertex 9.62499 3.51002 24.4102
      vertex 9.68017 3.35673 24.375
    endloop
  endfacet
  facet normal 0.940867 0.338775 -2.18379e-07
    outer loop
      vertex 9.74833 3.16742 5.9198
      vertex 9.68017 3.35673 24.375
      vertex 9.70383 3.29102 24.3643
    endloop
  endfacet
  facet normal 0.940876 0.33875 -4.84019e-07
    outer loop
      vertex 9.53021 3.77328 24.4969
      vertex 9.71621 3.25664 5.87435
      vertex 9.66619 3.39557 5.79218
    endloop
  endfacet
  facet normal 0.940882 0.338734 9.13542e-08
    outer loop
      vertex 9.74833 3.16742 5.9198
      vertex 9.70383 3.29102 24.3643
      vertex 9.73603 3.20158 24.3498
    endloop
  endfacet
  facet normal 0.940866 0.338778 -0
    outer loop
      vertex 9.74833 3.16742 5.9198
      vertex 9.73603 3.20158 24.3498
      vertex 9.74833 3.16742 24.3465
    endloop
  endfacet
  facet normal 0.940885 0.338727 2.4748e-07
    outer loop
      vertex 9.53021 3.77328 24.4969
      vertex 9.74833 3.16742 5.9198
      vertex 9.71621 3.25664 5.87435
    endloop
  endfacet
  facet normal 0.941586 0.336772 0
    outer loop
      vertex 9.53021 3.77328 82
      vertex 9.5307 3.77191 61.9517
      vertex 9.53021 3.77328 33.3386
    endloop
  endfacet
  facet normal 0.940597 0.339526 -2.12396e-07
    outer loop
      vertex 9.53021 3.77328 82
      vertex 9.53144 3.76986 62.0146
      vertex 9.5307 3.77191 61.9517
    endloop
  endfacet
  facet normal 0.941074 0.3382 4.3914e-08
    outer loop
      vertex 9.53021 3.77328 82
      vertex 9.53259 3.76666 62.113
      vertex 9.53144 3.76986 62.0146
    endloop
  endfacet
  facet normal 0.940875 0.338753 -1.63876e-07
    outer loop
      vertex 9.53021 3.77328 82
      vertex 9.53605 3.75705 62.211
      vertex 9.53259 3.76666 62.113
    endloop
  endfacet
  facet normal 0.940907 0.338664 -8.21706e-08
    outer loop
      vertex 9.53021 3.77328 82
      vertex 9.53826 3.75091 62.2737
      vertex 9.53605 3.75705 62.211
    endloop
  endfacet
  facet normal 0.940864 0.338783 -2.34525e-07
    outer loop
      vertex 9.53021 3.77328 82
      vertex 9.54194 3.74069 62.336
      vertex 9.53826 3.75091 62.2737
    endloop
  endfacet
  facet normal 0.940858 0.338802 -2.68637e-07
    outer loop
      vertex 9.53021 3.77328 82
      vertex 9.54768 3.72475 62.4332
      vertex 9.54194 3.74069 62.336
    endloop
  endfacet
  facet normal 0.940877 0.338749 -1.2119e-07
    outer loop
      vertex 9.53021 3.77328 82
      vertex 9.55568 3.70253 62.529
      vertex 9.54768 3.72475 62.4332
    endloop
  endfacet
  facet normal 0.940904 0.338674 1.88573e-07
    outer loop
      vertex 9.53021 3.77328 82
      vertex 9.56082 3.68825 62.5907
      vertex 9.55568 3.70253 62.529
    endloop
  endfacet
  facet normal 0.940921 0.338627 4.20057e-07
    outer loop
      vertex 9.53021 3.77328 82
      vertex 9.57103 3.65988 62.6849
      vertex 9.56082 3.68825 62.5907
    endloop
  endfacet
  facet normal 0.940855 0.338808 -7.83261e-07
    outer loop
      vertex 9.53021 3.77328 82
      vertex 9.57762 3.64158 62.7457
      vertex 9.57103 3.65988 62.6849
    endloop
  endfacet
  facet normal 0.940836 0.338862 -1.19823e-06
    outer loop
      vertex 9.53021 3.77328 82
      vertex 9.59001 3.60718 62.8378
      vertex 9.57762 3.64158 62.7457
    endloop
  endfacet
  facet normal 0.940945 0.338559 1.76538e-06
    outer loop
      vertex 9.53021 3.77328 82
      vertex 9.59803 3.58489 62.8976
      vertex 9.59001 3.60718 62.8378
    endloop
  endfacet
  facet normal 0.940829 0.338881 -1.82263e-06
    outer loop
      vertex 9.53021 3.77328 82
      vertex 9.60746 3.55871 62.9559
      vertex 9.59803 3.58489 62.8976
    endloop
  endfacet
  facet normal 0.940913 0.338647 1.15605e-06
    outer loop
      vertex 9.53021 3.77328 82
      vertex 9.62195 3.51845 63.0457
      vertex 9.60746 3.55871 62.9559
    endloop
  endfacet
  facet normal 0.94086 0.338795 -1.09241e-06
    outer loop
      vertex 9.53021 3.77328 82
      vertex 9.63276 3.48843 63.1026
      vertex 9.62195 3.51845 63.0457
    endloop
  endfacet
  facet normal 0.940895 0.338699 5.53981e-07
    outer loop
      vertex 9.53021 3.77328 82
      vertex 9.64929 3.44251 63.1895
      vertex 9.63276 3.48843 63.1026
    endloop
  endfacet
  facet normal 0.940881 0.338739 -2.39847e-07
    outer loop
      vertex 9.53021 3.77328 82
      vertex 9.66777 3.39118 63.2733
      vertex 9.64929 3.44251 63.1895
    endloop
  endfacet
  facet normal 0.940908 0.338663 1.51232e-06
    outer loop
      vertex 9.53021 3.77328 82
      vertex 9.67995 3.35734 63.3284
      vertex 9.66777 3.39118 63.2733
    endloop
  endfacet
  facet normal 0.940859 0.338799 -1.90965e-06
    outer loop
      vertex 9.53021 3.77328 82
      vertex 9.71381 3.26331 63.4619
      vertex 9.67995 3.35734 63.3284
    endloop
  endfacet
  facet normal 0.940924 0.338618 3.69884e-06
    outer loop
      vertex 9.53021 3.77328 82
      vertex 9.72859 3.22224 63.513
      vertex 9.71381 3.26331 63.4619
    endloop
  endfacet
  facet normal 0.940882 0.338734 -0
    outer loop
      vertex 9.74833 3.16742 63.5812
      vertex 9.53021 3.77328 82
      vertex 9.74833 3.16742 82
    endloop
  endfacet
  facet normal 0.940862 0.33879 -2.09292e-06
    outer loop
      vertex 9.53021 3.77328 82
      vertex 9.74833 3.16742 63.5812
      vertex 9.72859 3.22224 63.513
    endloop
  endfacet
  facet normal 0.941586 0.336772 -0
    outer loop
      vertex 9.5307 3.77191 57.9141
      vertex 9.53021 3.77328 33.3386
      vertex 9.5307 3.77191 61.9517
    endloop
  endfacet
  facet normal 0.940596 0.339527 1.73335e-07
    outer loop
      vertex 9.53144 3.76986 57.8511
      vertex 9.53021 3.77328 33.3386
      vertex 9.5307 3.77191 57.9141
    endloop
  endfacet
  facet normal 0.941074 0.3382 -3.58384e-08
    outer loop
      vertex 9.53259 3.76666 57.7527
      vertex 9.53021 3.77328 33.3386
      vertex 9.53144 3.76986 57.8511
    endloop
  endfacet
  facet normal 0.940875 0.338753 1.33572e-07
    outer loop
      vertex 9.53605 3.75705 57.6548
      vertex 9.53021 3.77328 33.3386
      vertex 9.53259 3.76666 57.7527
    endloop
  endfacet
  facet normal 0.940907 0.338665 6.69748e-08
    outer loop
      vertex 9.53826 3.75091 57.592
      vertex 9.53021 3.77328 33.3386
      vertex 9.53605 3.75705 57.6548
    endloop
  endfacet
  facet normal 0.940864 0.338784 1.90995e-07
    outer loop
      vertex 9.54194 3.74069 57.5298
      vertex 9.53021 3.77328 33.3386
      vertex 9.53826 3.75091 57.592
    endloop
  endfacet
  facet normal 0.940858 0.338802 2.18773e-07
    outer loop
      vertex 9.54768 3.72475 57.4326
      vertex 9.53021 3.77328 33.3386
      vertex 9.54194 3.74069 57.5298
    endloop
  endfacet
  facet normal 0.940877 0.338749 9.86137e-08
    outer loop
      vertex 9.55568 3.70253 57.3367
      vertex 9.53021 3.77328 33.3386
      vertex 9.54768 3.72475 57.4326
    endloop
  endfacet
  facet normal 0.940904 0.338673 -1.53451e-07
    outer loop
      vertex 9.56082 3.68825 57.2751
      vertex 9.53021 3.77328 33.3386
      vertex 9.55568 3.70253 57.3367
    endloop
  endfacet
  facet normal 0.940921 0.338627 -3.41536e-07
    outer loop
      vertex 9.57103 3.65988 57.1809
      vertex 9.53021 3.77328 33.3386
      vertex 9.56082 3.68825 57.2751
    endloop
  endfacet
  facet normal 0.940855 0.338809 6.36848e-07
    outer loop
      vertex 9.57762 3.64158 57.1201
      vertex 9.53021 3.77328 33.3386
      vertex 9.57103 3.65988 57.1809
    endloop
  endfacet
  facet normal 0.940836 0.338862 9.73443e-07
    outer loop
      vertex 9.59001 3.60718 57.0279
      vertex 9.53021 3.77328 33.3386
      vertex 9.57762 3.64158 57.1201
    endloop
  endfacet
  facet normal 0.940945 0.338558 -1.43429e-06
    outer loop
      vertex 9.59803 3.58489 56.9682
      vertex 9.53021 3.77328 33.3386
      vertex 9.59001 3.60718 57.0279
    endloop
  endfacet
  facet normal 0.940829 0.338882 1.47948e-06
    outer loop
      vertex 9.60746 3.55871 56.9098
      vertex 9.53021 3.77328 33.3386
      vertex 9.59803 3.58489 56.9682
    endloop
  endfacet
  facet normal 0.940914 0.338647 -9.38461e-07
    outer loop
      vertex 9.62195 3.51845 56.8201
      vertex 9.53021 3.77328 33.3386
      vertex 9.60746 3.55871 56.9098
    endloop
  endfacet
  facet normal 0.94086 0.338796 8.86044e-07
    outer loop
      vertex 9.63276 3.48843 56.7632
      vertex 9.53021 3.77328 33.3386
      vertex 9.62195 3.51845 56.8201
    endloop
  endfacet
  facet normal 0.940895 0.338698 -4.49312e-07
    outer loop
      vertex 9.64929 3.44251 56.6762
      vertex 9.53021 3.77328 33.3386
      vertex 9.63276 3.48843 56.7632
    endloop
  endfacet
  facet normal 0.940881 0.338739 1.94378e-07
    outer loop
      vertex 9.66777 3.39118 56.5925
      vertex 9.53021 3.77328 33.3386
      vertex 9.64929 3.44251 56.6762
    endloop
  endfacet
  facet normal 0.940908 0.338662 -1.2255e-06
    outer loop
      vertex 9.67995 3.35734 56.5373
      vertex 9.53021 3.77328 33.3386
      vertex 9.66777 3.39118 56.5925
    endloop
  endfacet
  facet normal 0.940859 0.338799 1.54624e-06
    outer loop
      vertex 9.71381 3.26331 56.4038
      vertex 9.53021 3.77328 33.3386
      vertex 9.67995 3.35734 56.5373
    endloop
  endfacet
  facet normal 0.940924 0.338617 -2.99229e-06
    outer loop
      vertex 9.72859 3.22224 56.3527
      vertex 9.53021 3.77328 33.3386
      vertex 9.71381 3.26331 56.4038
    endloop
  endfacet
  facet normal 0.940862 0.338791 1.69313e-06
    outer loop
      vertex 9.74833 3.16742 56.2845
      vertex 9.53021 3.77328 33.3386
      vertex 9.72859 3.22224 56.3527
    endloop
  endfacet
  facet normal 0.940942 0.338567 -4.98735e-06
    outer loop
      vertex 9.53021 3.77328 33.3386
      vertex 9.74833 3.16742 56.2845
      vertex 9.53972 3.74685 33.3484
    endloop
  endfacet
  facet normal 0.940862 0.33879 1.37978e-06
    outer loop
      vertex 9.53972 3.74685 33.3484
      vertex 9.74833 3.16742 56.2845
      vertex 9.57068 3.66087 33.3802
    endloop
  endfacet
  facet normal 0.940879 0.338742 2.10217e-07
    outer loop
      vertex 9.57068 3.66087 33.3802
      vertex 9.74833 3.16742 56.2845
      vertex 9.62499 3.51002 33.4252
    endloop
  endfacet
  facet normal 0.940896 0.338695 -5.71375e-07
    outer loop
      vertex 9.62499 3.51002 33.4252
      vertex 9.74833 3.16742 56.2845
      vertex 9.68017 3.35673 33.4604
    endloop
  endfacet
  facet normal 0.940867 0.338775 1.76521e-07
    outer loop
      vertex 9.68017 3.35673 33.4604
      vertex 9.74833 3.16742 56.2845
      vertex 9.70383 3.29102 33.4711
    endloop
  endfacet
  facet normal 0.940882 0.338734 -7.38444e-08
    outer loop
      vertex 9.70383 3.29102 33.4711
      vertex 9.74833 3.16742 56.2845
      vertex 9.73603 3.20158 33.4857
    endloop
  endfacet
  facet normal 0.940866 0.338778 0
    outer loop
      vertex 9.73603 3.20158 33.4857
      vertex 9.74833 3.16742 56.2845
      vertex 9.74833 3.16742 33.489
    endloop
  endfacet
  facet normal -0.661311 0.750112 0
    outer loop
      vertex -6.5336 7.89776 0
      vertex -7.01661 7.47193 82
      vertex -6.5336 7.89776 82
    endloop
  endfacet
  facet normal -0.661311 0.750112 0
    outer loop
      vertex -7.01661 7.47193 82
      vertex -6.5336 7.89776 0
      vertex -7.01661 7.47193 0
    endloop
  endfacet
  facet normal -0.975932 0.218075 0
    outer loop
      vertex -10.0684 1.92066 0
      vertex -9.92798 2.54907 82
      vertex -9.92798 2.54907 0
    endloop
  endfacet
  facet normal -0.975932 0.218075 0
    outer loop
      vertex -9.92798 2.54907 82
      vertex -10.0684 1.92066 0
      vertex -10.0684 1.92066 82
    endloop
  endfacet
  facet normal 0.790159 -0.612901 0
    outer loop
      vertex 7.89776 -6.5336 82
      vertex 8.29242 -6.0248 0
      vertex 8.29242 -6.0248 82
    endloop
  endfacet
  facet normal 0.790159 -0.612901 0
    outer loop
      vertex 8.29242 -6.0248 0
      vertex 7.89776 -6.5336 82
      vertex 7.89776 -6.5336 0
    endloop
  endfacet
  facet normal -0.750112 -0.661311 0
    outer loop
      vertex -7.47193 -7.01661 0
      vertex -7.89776 -6.5336 82
      vertex -7.89776 -6.5336 0
    endloop
  endfacet
  facet normal -0.750112 -0.661311 0
    outer loop
      vertex -7.89776 -6.5336 82
      vertex -7.47193 -7.01661 0
      vertex -7.47193 -7.01661 82
    endloop
  endfacet
  facet normal 0.917749 -0.397161 0
    outer loop
      vertex 9.51499 -3.80845 55.5251
      vertex 9.53021 -3.77328 5.49967
      vertex 9.53021 -3.77328 55.512
    endloop
  endfacet
  facet normal 0.917756 -0.397146 1.25131e-08
    outer loop
      vertex 9.48916 -3.86814 55.5518
      vertex 9.53021 -3.77328 5.49967
      vertex 9.51499 -3.80845 55.5251
    endloop
  endfacet
  facet normal 0.917765 -0.397124 6.2197e-08
    outer loop
      vertex 9.45299 -3.95173 55.5892
      vertex 9.53021 -3.77328 5.49967
      vertex 9.48916 -3.86814 55.5518
    endloop
  endfacet
  facet normal 0.917729 -0.397206 -2.8691e-07
    outer loop
      vertex 9.41772 -4.03322 55.6321
      vertex 9.53021 -3.77328 5.49967
      vertex 9.45299 -3.95173 55.5892
    endloop
  endfacet
  facet normal 0.91778 -0.397089 4.36345e-07
    outer loop
      vertex 9.39279 -4.09084 55.6625
      vertex 9.53021 -3.77328 5.49967
      vertex 9.41772 -4.03322 55.6321
    endloop
  endfacet
  facet normal 0.917747 -0.397165 -1.35127e-07
    outer loop
      vertex 9.33464 -4.22521 55.7446
      vertex 9.53021 -3.77328 5.49967
      vertex 9.39279 -4.09084 55.6625
    endloop
  endfacet
  facet normal 0.917742 -0.397177 -2.63368e-07
    outer loop
      vertex 9.27876 -4.35433 55.8354
      vertex 9.53021 -3.77328 5.49967
      vertex 9.33464 -4.22521 55.7446
    endloop
  endfacet
  facet normal 0.918042 -0.396483 9.24196e-06
    outer loop
      vertex 9.27448 -4.36424 55.8433
      vertex 9.53021 -3.77328 5.49967
      vertex 9.27876 -4.35433 55.8354
    endloop
  endfacet
  facet normal 0.917633 -0.397429 -3.94479e-06
    outer loop
      vertex 9.53021 -3.77328 5.49967
      vertex 9.27448 -4.36424 55.8433
      vertex 9.5283 -3.77769 5.49578
    endloop
  endfacet
  facet normal 0.917763 -0.397129 2.0685e-07
    outer loop
      vertex 9.5283 -3.77769 5.49578
      vertex 9.27448 -4.36424 55.8433
      vertex 9.47891 -3.89183 5.38164
    endloop
  endfacet
  facet normal 0.917756 -0.397144 4.0514e-08
    outer loop
      vertex 9.47891 -3.89183 5.38164
      vertex 9.27448 -4.36424 55.8433
      vertex 9.43272 -3.99857 5.26056
    endloop
  endfacet
  facet normal 0.917724 -0.397219 -6.00733e-07
    outer loop
      vertex 9.43272 -3.99857 5.26056
      vertex 9.27448 -4.36424 55.8433
      vertex 9.3899 -4.0975 5.13301
    endloop
  endfacet
  facet normal 0.917763 -0.397128 -3.08392e-08
    outer loop
      vertex 9.3899 -4.0975 5.13301
      vertex 9.27448 -4.36424 55.8433
      vertex 9.35064 -4.18823 4.99952
    endloop
  endfacet
  facet normal 0.917747 -0.397165 -1.85284e-07
    outer loop
      vertex 9.35064 -4.18823 4.99952
      vertex 9.27448 -4.36424 55.8433
      vertex 9.31508 -4.2704 4.86058
    endloop
  endfacet
  facet normal 0.917785 -0.397077 8.32347e-09
    outer loop
      vertex 9.31508 -4.2704 4.86058
      vertex 9.27448 -4.36424 55.8433
      vertex 9.28338 -4.34367 4.71675
    endloop
  endfacet
  facet normal 0.917778 -0.397094 0
    outer loop
      vertex 9.28338 -4.34367 4.71675
      vertex 9.27448 -4.36424 55.8433
      vertex 9.27448 -4.36424 4.66924
    endloop
  endfacet
  facet normal 0.917755 -0.397146 0
    outer loop
      vertex 9.27448 -4.36424 82
      vertex 9.53021 -3.77328 64.3538
      vertex 9.53021 -3.77328 82
    endloop
  endfacet
  facet normal 0.917749 -0.397161 -5.65379e-07
    outer loop
      vertex 9.53021 -3.77328 64.3538
      vertex 9.27448 -4.36424 82
      vertex 9.51499 -3.80845 64.3407
    endloop
  endfacet
  facet normal 0.917756 -0.397146 -1.18478e-08
    outer loop
      vertex 9.51499 -3.80845 64.3407
      vertex 9.27448 -4.36424 82
      vertex 9.48916 -3.86814 64.3139
    endloop
  endfacet
  facet normal 0.917765 -0.397124 7.1379e-07
    outer loop
      vertex 9.48916 -3.86814 64.3139
      vertex 9.27448 -4.36424 82
      vertex 9.45299 -3.95173 64.2766
    endloop
  endfacet
  facet normal 0.91773 -0.397205 -1.53652e-06
    outer loop
      vertex 9.45299 -3.95173 64.2766
      vertex 9.27448 -4.36424 82
      vertex 9.41772 -4.03322 64.2336
    endloop
  endfacet
  facet normal 0.91778 -0.397089 1.03006e-06
    outer loop
      vertex 9.41772 -4.03322 64.2336
      vertex 9.27448 -4.36424 82
      vertex 9.39279 -4.09084 64.2033
    endloop
  endfacet
  facet normal 0.917747 -0.397164 -3.40398e-07
    outer loop
      vertex 9.39279 -4.09084 64.2033
      vertex 9.27448 -4.36424 82
      vertex 9.33464 -4.22521 64.1211
    endloop
  endfacet
  facet normal 0.917742 -0.397176 -4.49632e-07
    outer loop
      vertex 9.33464 -4.22521 64.1211
      vertex 9.27448 -4.36424 82
      vertex 9.27876 -4.35433 64.0304
    endloop
  endfacet
  facet normal 0.918039 -0.396489 0
    outer loop
      vertex 9.27876 -4.35433 64.0304
      vertex 9.27448 -4.36424 82
      vertex 9.27448 -4.36424 64.0224
    endloop
  endfacet
  facet normal -0.338734 -0.940882 0
    outer loop
      vertex -3.77328 -9.53021 0
      vertex -3.16742 -9.74833 82
      vertex -3.77328 -9.53021 82
    endloop
  endfacet
  facet normal -0.338734 -0.940882 -0
    outer loop
      vertex -3.16742 -9.74833 82
      vertex -3.77328 -9.53021 0
      vertex -3.16742 -9.74833 0
    endloop
  endfacet
  facet normal -0.156539 0.987672 0
    outer loop
      vertex -1.28467 10.1692 0
      vertex -1.92066 10.0684 82
      vertex -1.28467 10.1692 82
    endloop
  endfacet
  facet normal -0.156539 0.987672 0
    outer loop
      vertex -1.92066 10.0684 82
      vertex -1.28467 10.1692 0
      vertex -1.92066 10.0684 0
    endloop
  endfacet
  facet normal -0.509038 -0.860744 0
    outer loop
      vertex -5.49222 -8.65436 0
      vertex -4.93797 -8.98214 82
      vertex -5.49222 -8.65436 82
    endloop
  endfacet
  facet normal -0.509038 -0.860744 -0
    outer loop
      vertex -4.93797 -8.98214 82
      vertex -5.49222 -8.65436 0
      vertex -4.93797 -8.98214 0
    endloop
  endfacet
  facet normal 0.790159 0.612901 0
    outer loop
      vertex 8.29242 6.0248 82
      vertex 7.89776 6.5336 0
      vertex 7.89776 6.5336 82
    endloop
  endfacet
  facet normal 0.790159 0.612901 0
    outer loop
      vertex 7.89776 6.5336 0
      vertex 8.29242 6.0248 82
      vertex 8.29242 6.0248 0
    endloop
  endfacet
  facet normal 0.750112 -0.661311 0
    outer loop
      vertex 7.47193 -7.01661 82
      vertex 7.89776 -6.5336 0
      vertex 7.89776 -6.5336 82
    endloop
  endfacet
  facet normal 0.750112 -0.661311 0
    outer loop
      vertex 7.89776 -6.5336 0
      vertex 7.47193 -7.01661 82
      vertex 7.47193 -7.01661 0
    endloop
  endfacet
  facet normal -0.562082 0.827081 0
    outer loop
      vertex -5.49222 8.65436 0
      vertex -6.0248 8.29242 82
      vertex -5.49222 8.65436 82
    endloop
  endfacet
  facet normal -0.562082 0.827081 0
    outer loop
      vertex -6.0248 8.29242 82
      vertex -5.49222 8.65436 0
      vertex -6.0248 8.29242 0
    endloop
  endfacet
  facet normal -0.707107 -0.707107 0
    outer loop
      vertex -7.01661 -7.47193 0
      vertex -7.47193 -7.01661 82
      vertex -7.47193 -7.01661 0
    endloop
  endfacet
  facet normal -0.707107 -0.707107 0
    outer loop
      vertex -7.47193 -7.01661 82
      vertex -7.01661 -7.47193 0
      vertex -7.01661 -7.47193 82
    endloop
  endfacet
  facet normal 0.338734 -0.940882 0
    outer loop
      vertex 3.16742 -9.74833 0
      vertex 3.77328 -9.53021 82
      vertex 3.16742 -9.74833 82
    endloop
  endfacet
  facet normal 0.338734 -0.940882 0
    outer loop
      vertex 3.77328 -9.53021 82
      vertex 3.16742 -9.74833 0
      vertex 3.77328 -9.53021 0
    endloop
  endfacet
  facet normal -0.509038 0.860744 0
    outer loop
      vertex -4.93797 8.98214 0
      vertex -5.49222 8.65436 82
      vertex -4.93797 8.98214 82
    endloop
  endfacet
  facet normal -0.509038 0.860744 0
    outer loop
      vertex -5.49222 8.65436 82
      vertex -4.93797 8.98214 0
      vertex -5.49222 8.65436 0
    endloop
  endfacet
  facet normal -0.612901 0.790159 0
    outer loop
      vertex -6.0248 8.29242 0
      vertex -6.5336 7.89776 82
      vertex -6.0248 8.29242 82
    endloop
  endfacet
  facet normal -0.612901 0.790159 0
    outer loop
      vertex -6.5336 7.89776 82
      vertex -6.0248 8.29242 0
      vertex -6.5336 7.89776 0
    endloop
  endfacet
  facet normal -0.397146 0.917755 0
    outer loop
      vertex -3.77328 9.53021 0
      vertex -4.36424 9.27448 82
      vertex -3.77328 9.53021 82
    endloop
  endfacet
  facet normal -0.397146 0.917755 0
    outer loop
      vertex -4.36424 9.27448 82
      vertex -3.77328 9.53021 0
      vertex -4.36424 9.27448 0
    endloop
  endfacet
  facet normal 0.0941102 0.995562 -0
    outer loop
      vertex 1.28467 10.1692 0
      vertex 0.643602 10.2298 82
      vertex 1.28467 10.1692 82
    endloop
  endfacet
  facet normal 0.0941102 0.995562 0
    outer loop
      vertex 0.643602 10.2298 82
      vertex 1.28467 10.1692 0
      vertex 0.643602 10.2298 0
    endloop
  endfacet
  facet normal -0.661311 -0.750112 0
    outer loop
      vertex -7.01661 -7.47193 0
      vertex -6.5336 -7.89776 82
      vertex -7.01661 -7.47193 82
    endloop
  endfacet
  facet normal -0.661311 -0.750112 -0
    outer loop
      vertex -6.5336 -7.89776 82
      vertex -7.01661 -7.47193 0
      vertex -6.5336 -7.89776 0
    endloop
  endfacet
  facet normal -0.860744 0.509038 0
    outer loop
      vertex -8.98214 4.93797 0
      vertex -8.65436 5.49222 82
      vertex -8.65436 5.49222 0
    endloop
  endfacet
  facet normal -0.860744 0.509038 0
    outer loop
      vertex -8.65436 5.49222 82
      vertex -8.98214 4.93797 0
      vertex -8.98214 4.93797 82
    endloop
  endfacet
  facet normal 0.827081 0.562082 0
    outer loop
      vertex 8.65436 5.49222 82
      vertex 8.29242 6.0248 0
      vertex 8.29242 6.0248 82
    endloop
  endfacet
  facet normal 0.827081 0.562082 0
    outer loop
      vertex 8.29242 6.0248 0
      vertex 8.65436 5.49222 82
      vertex 8.65436 5.49222 0
    endloop
  endfacet
  facet normal 0.987328 -0.15869 0
    outer loop
      vertex 10.1669 -1.29898 24.3346
      vertex 10.1692 -1.28467 6.19216
      vertex 10.1692 -1.28467 24.3341
    endloop
  endfacet
  facet normal 0.98774 -0.15611 -1.33498e-05
    outer loop
      vertex 10.0684 -1.92066 6.19216
      vertex 10.1669 -1.29898 24.3346
      vertex 10.1559 -1.36858 24.341
    endloop
  endfacet
  facet normal 0.987667 -0.156572 1.07793e-06
    outer loop
      vertex 10.0684 -1.92066 6.19216
      vertex 10.1559 -1.36858 24.341
      vertex 10.141 -1.46257 24.3498
    endloop
  endfacet
  facet normal 0.987691 -0.156419 -2.87643e-06
    outer loop
      vertex 10.0684 -1.92066 6.19216
      vertex 10.141 -1.46257 24.3498
      vertex 10.1153 -1.62485 24.375
    endloop
  endfacet
  facet normal 0.987662 -0.156603 1.79812e-07
    outer loop
      vertex 10.0684 -1.92066 6.19216
      vertex 10.1153 -1.62485 24.375
      vertex 10.1006 -1.71756 24.3954
    endloop
  endfacet
  facet normal 0.987714 -0.156271 -3.61442e-06
    outer loop
      vertex 10.0684 -1.92066 6.19216
      vertex 10.1006 -1.71756 24.3954
      vertex 10.0899 -1.78519 24.4102
    endloop
  endfacet
  facet normal 0.987705 -0.15633 -3.16008e-06
    outer loop
      vertex 10.0684 -1.92066 6.19216
      vertex 10.0899 -1.78519 24.4102
      vertex 10.0794 -1.85153 24.4292
    endloop
  endfacet
  facet normal 0.987576 -0.157144 0
    outer loop
      vertex 10.0684 -1.92066 6.19216
      vertex 10.0794 -1.85153 24.4292
      vertex 10.0684 -1.92066 24.4489
    endloop
  endfacet
  facet normal 0.987672 -0.156539 1.74013e-06
    outer loop
      vertex 10.1669 -1.29898 24.3346
      vertex 10.0684 -1.92066 6.19216
      vertex 10.1692 -1.28467 6.19216
    endloop
  endfacet
  facet normal 0.987328 -0.15869 0
    outer loop
      vertex 10.1692 -1.28467 55.3447
      vertex 10.1669 -1.29898 33.5009
      vertex 10.1692 -1.28467 33.5013
    endloop
  endfacet
  facet normal 0.987672 -0.156539 -1.44527e-06
    outer loop
      vertex 10.0684 -1.92066 55.3447
      vertex 10.1669 -1.29898 33.5009
      vertex 10.1692 -1.28467 55.3447
    endloop
  endfacet
  facet normal 0.98774 -0.156109 1.10932e-05
    outer loop
      vertex 10.1669 -1.29898 33.5009
      vertex 10.0684 -1.92066 55.3447
      vertex 10.1559 -1.36858 33.4944
    endloop
  endfacet
  facet normal 0.987667 -0.156572 -8.95779e-07
    outer loop
      vertex 10.1559 -1.36858 33.4944
      vertex 10.0684 -1.92066 55.3447
      vertex 10.141 -1.46257 33.4857
    endloop
  endfacet
  facet normal 0.987691 -0.156419 2.39092e-06
    outer loop
      vertex 10.141 -1.46257 33.4857
      vertex 10.0684 -1.92066 55.3447
      vertex 10.1153 -1.62485 33.4604
    endloop
  endfacet
  facet normal 0.987662 -0.156603 -1.49491e-07
    outer loop
      vertex 10.1153 -1.62485 33.4604
      vertex 10.0684 -1.92066 55.3447
      vertex 10.1006 -1.71756 33.4401
    endloop
  endfacet
  facet normal 0.987714 -0.156271 3.00486e-06
    outer loop
      vertex 10.1006 -1.71756 33.4401
      vertex 10.0684 -1.92066 55.3447
      vertex 10.0899 -1.78519 33.4252
    endloop
  endfacet
  facet normal 0.987705 -0.15633 2.62742e-06
    outer loop
      vertex 10.0899 -1.78519 33.4252
      vertex 10.0684 -1.92066 55.3447
      vertex 10.0794 -1.85153 33.4063
    endloop
  endfacet
  facet normal 0.987576 -0.157144 0
    outer loop
      vertex 10.0794 -1.85153 33.4063
      vertex 10.0684 -1.92066 55.3447
      vertex 10.0684 -1.92066 33.3866
    endloop
  endfacet
  facet normal 0.987672 -0.156539 0
    outer loop
      vertex 10.0684 -1.92066 82
      vertex 10.1692 -1.28467 64.5211
      vertex 10.1692 -1.28467 82
    endloop
  endfacet
  facet normal 0.987672 -0.156539 0
    outer loop
      vertex 10.1692 -1.28467 64.5211
      vertex 10.0684 -1.92066 82
      vertex 10.0684 -1.92066 64.5211
    endloop
  endfacet
  facet normal 0.661311 -0.750112 0
    outer loop
      vertex 6.5336 -7.89776 0
      vertex 7.01661 -7.47193 82
      vertex 6.5336 -7.89776 82
    endloop
  endfacet
  facet normal 0.661311 -0.750112 0
    outer loop
      vertex 7.01661 -7.47193 82
      vertex 6.5336 -7.89776 0
      vertex 7.01661 -7.47193 0
    endloop
  endfacet
  facet normal -0.960293 -0.278995 0
    outer loop
      vertex -9.74833 -3.16742 0
      vertex -9.92798 -2.54907 82
      vertex -9.92798 -2.54907 0
    endloop
  endfacet
  facet normal -0.960293 -0.278995 0
    outer loop
      vertex -9.92798 -2.54907 82
      vertex -9.74833 -3.16742 0
      vertex -9.74833 -3.16742 82
    endloop
  endfacet
  facet normal -0.995562 -0.0941102 0
    outer loop
      vertex -10.1692 -1.28467 0
      vertex -10.2298 -0.643602 82
      vertex -10.2298 -0.643602 0
    endloop
  endfacet
  facet normal -0.995562 -0.0941102 0
    outer loop
      vertex -10.2298 -0.643602 82
      vertex -10.1692 -1.28467 0
      vertex -10.1692 -1.28467 82
    endloop
  endfacet
  facet normal 0.612901 0.790159 -0
    outer loop
      vertex 6.5336 7.89776 0
      vertex 6.0248 8.29242 82
      vertex 6.5336 7.89776 82
    endloop
  endfacet
  facet normal 0.612901 0.790159 0
    outer loop
      vertex 6.0248 8.29242 82
      vertex 6.5336 7.89776 0
      vertex 6.0248 8.29242 0
    endloop
  endfacet
  facet normal 0.860744 -0.509038 0
    outer loop
      vertex 8.65436 -5.49222 82
      vertex 8.98214 -4.93797 63.4048
      vertex 8.98214 -4.93797 82
    endloop
  endfacet
  facet normal 0.860756 -0.509017 8.58554e-07
    outer loop
      vertex 8.98214 -4.93797 63.4048
      vertex 8.65436 -5.49222 82
      vertex 8.95285 -4.9875 63.3284
    endloop
  endfacet
  facet normal 0.860758 -0.509015 9.29517e-07
    outer loop
      vertex 8.95285 -4.9875 63.3284
      vertex 8.65436 -5.49222 82
      vertex 8.90647 -5.06593 63.1895
    endloop
  endfacet
  facet normal 0.860741 -0.509044 5.92328e-08
    outer loop
      vertex 8.90647 -5.06593 63.1895
      vertex 8.65436 -5.49222 82
      vertex 8.8901 -5.09361 63.1326
    endloop
  endfacet
  facet normal 0.860713 -0.509091 -1.29233e-06
    outer loop
      vertex 8.8901 -5.09361 63.1326
      vertex 8.65436 -5.49222 82
      vertex 8.86511 -5.13586 63.0457
    endloop
  endfacet
  facet normal 0.860773 -0.50899 1.27867e-06
    outer loop
      vertex 8.86511 -5.13586 63.0457
      vertex 8.65436 -5.49222 82
      vertex 8.84319 -5.17293 62.9559
    endloop
  endfacet
  facet normal 0.860721 -0.509077 -6.91974e-07
    outer loop
      vertex 8.84319 -5.17293 62.9559
      vertex 8.65436 -5.49222 82
      vertex 8.82893 -5.19704 62.8976
    endloop
  endfacet
  facet normal 0.860839 -0.508878 3.45299e-06
    outer loop
      vertex 8.82893 -5.19704 62.8976
      vertex 8.65436 -5.49222 82
      vertex 8.8168 -5.21756 62.8379
    endloop
  endfacet
  facet normal 0.86069 -0.509129 -1.40078e-06
    outer loop
      vertex 8.8168 -5.21756 62.8379
      vertex 8.65436 -5.49222 82
      vertex 8.79806 -5.24924 62.7457
    endloop
  endfacet
  facet normal 0.860787 -0.508966 1.37457e-06
    outer loop
      vertex 8.79806 -5.24924 62.7457
      vertex 8.65436 -5.49222 82
      vertex 8.78261 -5.27537 62.6514
    endloop
  endfacet
  facet normal 0.860635 -0.509222 -2.49168e-06
    outer loop
      vertex 8.78261 -5.27537 62.6514
      vertex 8.65436 -5.49222 82
      vertex 8.77264 -5.29222 62.5907
    endloop
  endfacet
  facet normal 0.86093 -0.508723 4.44667e-06
    outer loop
      vertex 8.77264 -5.29222 62.5907
      vertex 8.65436 -5.49222 82
      vertex 8.76487 -5.30537 62.529
    endloop
  endfacet
  facet normal 0.860742 -0.509042 3.0933e-07
    outer loop
      vertex 8.76487 -5.30537 62.529
      vertex 8.65436 -5.49222 82
      vertex 8.75277 -5.32583 62.4332
    endloop
  endfacet
  facet normal 0.86054 -0.509383 -3.60282e-06
    outer loop
      vertex 8.75277 -5.32583 62.4332
      vertex 8.65436 -5.49222 82
      vertex 8.74408 -5.34051 62.336
    endloop
  endfacet
  facet normal 0.860935 -0.508715 3.35362e-06
    outer loop
      vertex 8.74408 -5.34051 62.336
      vertex 8.65436 -5.49222 82
      vertex 8.73852 -5.34992 62.2737
    endloop
  endfacet
  facet normal 0.860576 -0.509323 -2.56517e-06
    outer loop
      vertex 8.73852 -5.34992 62.2737
      vertex 8.65436 -5.49222 82
      vertex 8.73517 -5.35558 62.211
    endloop
  endfacet
  facet normal 0.860661 -0.509178 -1.2193e-06
    outer loop
      vertex 8.73517 -5.35558 62.211
      vertex 8.65436 -5.49222 82
      vertex 8.72994 -5.36442 62.113
    endloop
  endfacet
  facet normal 0.860737 -0.50905 0
    outer loop
      vertex 8.72708 -5.36926 61.9517
      vertex 8.65436 -5.49222 82
      vertex 8.72708 -5.36926 57.9141
    endloop
  endfacet
  facet normal 0.860894 -0.508784 2.20404e-06
    outer loop
      vertex 8.72994 -5.36442 62.113
      vertex 8.65436 -5.49222 82
      vertex 8.72708 -5.36926 61.9517
    endloop
  endfacet
  facet normal 0.860757 -0.509017 -2.91356e-07
    outer loop
      vertex 8.65436 -5.49222 0
      vertex 8.98214 -4.93797 56.461
      vertex 8.95285 -4.9875 56.5373
    endloop
  endfacet
  facet normal 0.860758 -0.509014 -3.16665e-07
    outer loop
      vertex 8.65436 -5.49222 0
      vertex 8.95285 -4.9875 56.5373
      vertex 8.90647 -5.06593 56.6762
    endloop
  endfacet
  facet normal 0.860741 -0.509044 -2.0261e-08
    outer loop
      vertex 8.65436 -5.49222 0
      vertex 8.90647 -5.06593 56.6762
      vertex 8.8901 -5.09361 56.7332
    endloop
  endfacet
  facet normal 0.860712 -0.509092 4.42069e-07
    outer loop
      vertex 8.65436 -5.49222 0
      vertex 8.8901 -5.09361 56.7332
      vertex 8.86511 -5.13586 56.8201
    endloop
  endfacet
  facet normal 0.860773 -0.508988 -4.39306e-07
    outer loop
      vertex 8.65436 -5.49222 0
      vertex 8.86511 -5.13586 56.8201
      vertex 8.84319 -5.17293 56.9098
    endloop
  endfacet
  facet normal 0.860721 -0.509078 2.37717e-07
    outer loop
      vertex 8.65436 -5.49222 0
      vertex 8.84319 -5.17293 56.9098
      vertex 8.82893 -5.19704 56.9682
    endloop
  endfacet
  facet normal 0.860841 -0.508873 -1.19194e-06
    outer loop
      vertex 8.65436 -5.49222 0
      vertex 8.82893 -5.19704 56.9682
      vertex 8.8168 -5.21756 57.0279
    endloop
  endfacet
  facet normal 0.860689 -0.509131 4.83535e-07
    outer loop
      vertex 8.65436 -5.49222 0
      vertex 8.8168 -5.21756 57.0279
      vertex 8.79806 -5.24924 57.1201
    endloop
  endfacet
  facet normal 0.860788 -0.508964 -4.77131e-07
    outer loop
      vertex 8.65436 -5.49222 0
      vertex 8.79806 -5.24924 57.1201
      vertex 8.78261 -5.27537 57.2143
    endloop
  endfacet
  facet normal 0.860633 -0.509226 8.6482e-07
    outer loop
      vertex 8.65436 -5.49222 0
      vertex 8.78261 -5.27537 57.2143
      vertex 8.77264 -5.29222 57.2751
    endloop
  endfacet
  facet normal 0.860936 -0.508713 -1.55432e-06
    outer loop
      vertex 8.65436 -5.49222 0
      vertex 8.77264 -5.29222 57.2751
      vertex 8.76487 -5.30537 57.3367
    endloop
  endfacet
  facet normal 0.860742 -0.509041 -1.08114e-07
    outer loop
      vertex 8.65436 -5.49222 0
      vertex 8.76487 -5.30537 57.3367
      vertex 8.75277 -5.32583 57.4326
    endloop
  endfacet
  facet normal 0.860533 -0.509394 1.27215e-06
    outer loop
      vertex 8.65436 -5.49222 0
      vertex 8.75277 -5.32583 57.4326
      vertex 8.74408 -5.34051 57.5298
    endloop
  endfacet
  facet normal 0.860941 -0.508704 -1.1842e-06
    outer loop
      vertex 8.65436 -5.49222 0
      vertex 8.74408 -5.34051 57.5298
      vertex 8.73852 -5.34992 57.592
    endloop
  endfacet
  facet normal 0.860568 -0.509336 9.23543e-07
    outer loop
      vertex 8.65436 -5.49222 0
      vertex 8.73852 -5.34992 57.592
      vertex 8.73517 -5.35558 57.6547
    endloop
  endfacet
  facet normal 0.860657 -0.509185 4.39001e-07
    outer loop
      vertex 8.65436 -5.49222 0
      vertex 8.73517 -5.35558 57.6547
      vertex 8.72994 -5.36442 57.7527
    endloop
  endfacet
  facet normal 0.860914 -0.508751 -8.58189e-07
    outer loop
      vertex 8.65436 -5.49222 0
      vertex 8.72994 -5.36442 57.7527
      vertex 8.72708 -5.36926 57.9141
    endloop
  endfacet
  facet normal 0.860744 -0.509038 0
    outer loop
      vertex 8.98214 -4.93797 56.461
      vertex 8.65436 -5.49222 0
      vertex 8.98214 -4.93797 0
    endloop
  endfacet
  facet normal 0.860737 -0.50905 0
    outer loop
      vertex 8.65436 -5.49222 0
      vertex 8.72708 -5.36926 57.9141
      vertex 8.65436 -5.49222 82
    endloop
  endfacet
  facet normal -0.995562 0.0941102 0
    outer loop
      vertex -10.2298 0.643602 0
      vertex -10.1692 1.28467 82
      vertex -10.1692 1.28467 0
    endloop
  endfacet
  facet normal -0.995562 0.0941102 0
    outer loop
      vertex -10.1692 1.28467 82
      vertex -10.2298 0.643602 0
      vertex -10.2298 0.643602 82
    endloop
  endfacet
  facet normal 0.156539 -0.987672 0
    outer loop
      vertex 1.28467 -10.1692 0
      vertex 1.92066 -10.0684 82
      vertex 1.28467 -10.1692 82
    endloop
  endfacet
  facet normal 0.156539 -0.987672 0
    outer loop
      vertex 1.92066 -10.0684 82
      vertex 1.28467 -10.1692 0
      vertex 1.92066 -10.0684 0
    endloop
  endfacet
  facet normal -0.156539 -0.987672 0
    outer loop
      vertex -1.92066 -10.0684 0
      vertex -1.28467 -10.1692 82
      vertex -1.92066 -10.0684 82
    endloop
  endfacet
  facet normal -0.156539 -0.987672 -0
    outer loop
      vertex -1.28467 -10.1692 82
      vertex -1.92066 -10.0684 0
      vertex -1.28467 -10.1692 0
    endloop
  endfacet
  facet normal -0.0941102 -0.995562 0
    outer loop
      vertex -1.28467 -10.1692 0
      vertex -0.643602 -10.2298 82
      vertex -1.28467 -10.1692 82
    endloop
  endfacet
  facet normal -0.0941102 -0.995562 -0
    outer loop
      vertex -0.643602 -10.2298 82
      vertex -1.28467 -10.1692 0
      vertex -0.643602 -10.2298 0
    endloop
  endfacet
  facet normal 0.918046 0.396473 2.41787e-05
    outer loop
      vertex 9.5283 3.77769 5.49578
      vertex 9.27448 4.36424 24.8282
      vertex 9.27876 4.35433 24.8202
    endloop
  endfacet
  facet normal 0.917778 0.397094 0
    outer loop
      vertex 9.27448 4.36424 24.8282
      vertex 9.28338 4.34367 4.71675
      vertex 9.27448 4.36424 4.66924
    endloop
  endfacet
  facet normal 0.917785 0.397077 2.11339e-08
    outer loop
      vertex 9.27448 4.36424 24.8282
      vertex 9.31508 4.2704 4.86058
      vertex 9.28338 4.34367 4.71675
    endloop
  endfacet
  facet normal 0.917742 0.397177 -6.95269e-07
    outer loop
      vertex 9.53021 3.77328 5.49967
      vertex 9.27876 4.35433 24.8202
      vertex 9.33464 4.22521 24.7295
    endloop
  endfacet
  facet normal 0.917747 0.397165 -4.70811e-07
    outer loop
      vertex 9.27448 4.36424 24.8282
      vertex 9.35064 4.18823 4.99952
      vertex 9.31508 4.2704 4.86058
    endloop
  endfacet
  facet normal 0.917763 0.397128 -7.84546e-08
    outer loop
      vertex 9.27448 4.36424 24.8282
      vertex 9.3899 4.0975 5.13301
      vertex 9.35064 4.18823 4.99952
    endloop
  endfacet
  facet normal 0.917747 0.397165 -3.5625e-07
    outer loop
      vertex 9.53021 3.77328 5.49967
      vertex 9.33464 4.22521 24.7295
      vertex 9.39279 4.09084 24.6473
    endloop
  endfacet
  facet normal 0.91778 0.397088 1.14934e-06
    outer loop
      vertex 9.53021 3.77328 5.49967
      vertex 9.39279 4.09084 24.6473
      vertex 9.41772 4.03322 24.617
    endloop
  endfacet
  facet normal 0.917724 0.397218 -1.53051e-06
    outer loop
      vertex 9.27448 4.36424 24.8282
      vertex 9.43272 3.99857 5.26056
      vertex 9.3899 4.0975 5.13301
    endloop
  endfacet
  facet normal 0.917729 0.397206 -7.55736e-07
    outer loop
      vertex 9.53021 3.77328 5.49967
      vertex 9.41772 4.03322 24.617
      vertex 9.45299 3.95173 24.5741
    endloop
  endfacet
  facet normal 0.917756 0.397144 1.03396e-07
    outer loop
      vertex 9.27448 4.36424 24.8282
      vertex 9.47891 3.89183 5.38164
      vertex 9.43272 3.99857 5.26056
    endloop
  endfacet
  facet normal 0.917765 0.397124 1.63755e-07
    outer loop
      vertex 9.53021 3.77328 5.49967
      vertex 9.45299 3.95173 24.5741
      vertex 9.48916 3.86814 24.5367
    endloop
  endfacet
  facet normal 0.917756 0.397146 3.2945e-08
    outer loop
      vertex 9.53021 3.77328 5.49967
      vertex 9.48916 3.86814 24.5367
      vertex 9.51499 3.80845 24.51
    endloop
  endfacet
  facet normal 0.917763 0.397129 5.28928e-07
    outer loop
      vertex 9.27448 4.36424 24.8282
      vertex 9.5283 3.77769 5.49578
      vertex 9.47891 3.89183 5.38164
    endloop
  endfacet
  facet normal 0.917749 0.397161 -0
    outer loop
      vertex 9.53021 3.77328 5.49967
      vertex 9.51499 3.80845 24.51
      vertex 9.53021 3.77328 24.4969
    endloop
  endfacet
  facet normal 0.917635 0.397425 -9.55784e-06
    outer loop
      vertex 9.27876 4.35433 24.8202
      vertex 9.53021 3.77328 5.49967
      vertex 9.5283 3.77769 5.49578
    endloop
  endfacet
  facet normal 0.918039 0.396489 0
    outer loop
      vertex 9.27448 4.36424 82
      vertex 9.27876 4.35433 33.0152
      vertex 9.27448 4.36424 33.0073
    endloop
  endfacet
  facet normal 0.917742 0.397176 -1.64984e-07
    outer loop
      vertex 9.27448 4.36424 82
      vertex 9.33464 4.22521 33.106
      vertex 9.27876 4.35433 33.0152
    endloop
  endfacet
  facet normal 0.917747 0.397165 -1.24848e-07
    outer loop
      vertex 9.27448 4.36424 82
      vertex 9.39279 4.09084 33.1881
      vertex 9.33464 4.22521 33.106
    endloop
  endfacet
  facet normal 0.91778 0.397089 3.77477e-07
    outer loop
      vertex 9.27448 4.36424 82
      vertex 9.41772 4.03322 33.2185
      vertex 9.39279 4.09084 33.1881
    endloop
  endfacet
  facet normal 0.91773 0.397206 -5.63096e-07
    outer loop
      vertex 9.27448 4.36424 82
      vertex 9.45299 3.95173 33.2614
      vertex 9.41772 4.03322 33.2185
    endloop
  endfacet
  facet normal 0.917765 0.397124 2.6127e-07
    outer loop
      vertex 9.27448 4.36424 82
      vertex 9.48916 3.86814 33.2988
      vertex 9.45299 3.95173 33.2614
    endloop
  endfacet
  facet normal 0.917756 0.397146 -4.33701e-09
    outer loop
      vertex 9.27448 4.36424 82
      vertex 9.51499 3.80845 33.3255
      vertex 9.48916 3.86814 33.2988
    endloop
  endfacet
  facet normal 0.917755 0.397146 -0
    outer loop
      vertex 9.53021 3.77328 33.3386
      vertex 9.27448 4.36424 82
      vertex 9.53021 3.77328 82
    endloop
  endfacet
  facet normal 0.917749 0.397161 -2.06647e-07
    outer loop
      vertex 9.27448 4.36424 82
      vertex 9.53021 3.77328 33.3386
      vertex 9.51499 3.80845 33.3255
    endloop
  endfacet
  facet normal -0.827081 -0.562082 0
    outer loop
      vertex -8.29242 -6.0248 0
      vertex -8.65436 -5.49222 82
      vertex -8.65436 -5.49222 0
    endloop
  endfacet
  facet normal -0.827081 -0.562082 0
    outer loop
      vertex -8.65436 -5.49222 82
      vertex -8.29242 -6.0248 0
      vertex -8.29242 -6.0248 82
    endloop
  endfacet
  facet normal -0.917755 0.397146 0
    outer loop
      vertex -9.53021 3.77328 0
      vertex -9.27448 4.36424 82
      vertex -9.27448 4.36424 0
    endloop
  endfacet
  facet normal -0.917755 0.397146 0
    outer loop
      vertex -9.27448 4.36424 82
      vertex -9.53021 3.77328 0
      vertex -9.53021 3.77328 82
    endloop
  endfacet
  facet normal 0.0941102 -0.995562 0
    outer loop
      vertex 0.643602 -10.2298 0
      vertex 1.28467 -10.1692 82
      vertex 0.643602 -10.2298 82
    endloop
  endfacet
  facet normal 0.0941102 -0.995562 0
    outer loop
      vertex 1.28467 -10.1692 82
      vertex 0.643602 -10.2298 0
      vertex 1.28467 -10.1692 0
    endloop
  endfacet
  facet normal -0.454003 0.891 0
    outer loop
      vertex -4.36424 9.27448 0
      vertex -4.93797 8.98214 82
      vertex -4.36424 9.27448 82
    endloop
  endfacet
  facet normal -0.454003 0.891 0
    outer loop
      vertex -4.93797 8.98214 82
      vertex -4.36424 9.27448 0
      vertex -4.93797 8.98214 0
    endloop
  endfacet
  facet normal 0.707107 0.707107 0
    outer loop
      vertex 7.47193 7.01661 82
      vertex 7.01661 7.47193 0
      vertex 7.01661 7.47193 82
    endloop
  endfacet
  facet normal 0.707107 0.707107 0
    outer loop
      vertex 7.01661 7.47193 0
      vertex 7.47193 7.01661 82
      vertex 7.47193 7.01661 0
    endloop
  endfacet
  facet normal 0.338734 0.940882 -0
    outer loop
      vertex 3.77328 9.53021 0
      vertex 3.16742 9.74833 82
      vertex 3.77328 9.53021 82
    endloop
  endfacet
  facet normal 0.338734 0.940882 0
    outer loop
      vertex 3.16742 9.74833 82
      vertex 3.77328 9.53021 0
      vertex 3.16742 9.74833 0
    endloop
  endfacet
  facet normal -0.278995 0.960293 0
    outer loop
      vertex -2.54907 9.92798 0
      vertex -3.16742 9.74833 82
      vertex -2.54907 9.92798 82
    endloop
  endfacet
  facet normal -0.278995 0.960293 0
    outer loop
      vertex -3.16742 9.74833 82
      vertex -2.54907 9.92798 0
      vertex -3.16742 9.74833 0
    endloop
  endfacet
  facet normal -0.218075 0.975932 0
    outer loop
      vertex -1.92066 10.0684 0
      vertex -2.54907 9.92798 82
      vertex -1.92066 10.0684 82
    endloop
  endfacet
  facet normal -0.218075 0.975932 0
    outer loop
      vertex -2.54907 9.92798 82
      vertex -1.92066 10.0684 0
      vertex -2.54907 9.92798 0
    endloop
  endfacet
  facet normal 0.891003 -0.453998 0
    outer loop
      vertex 9.21704 -4.47697 55.9343
      vertex 9.27448 -4.36424 4.66924
      vertex 9.27448 -4.36424 55.8433
    endloop
  endfacet
  facet normal 0.890986 -0.454031 -9.24564e-08
    outer loop
      vertex 9.15775 -4.59332 56.041
      vertex 9.27448 -4.36424 4.66924
      vertex 9.21704 -4.47697 55.9343
    endloop
  endfacet
  facet normal 0.891039 -0.453927 4.96181e-07
    outer loop
      vertex 9.10187 -4.70301 56.1552
      vertex 9.27448 -4.36424 4.66924
      vertex 9.15775 -4.59332 56.041
    endloop
  endfacet
  facet normal 0.890992 -0.45402 -2.76207e-07
    outer loop
      vertex 9.08083 -4.7443 56.2039
      vertex 9.27448 -4.36424 4.66924
      vertex 9.10187 -4.70301 56.1552
    endloop
  endfacet
  facet normal 0.890969 -0.454064 -6.83568e-07
    outer loop
      vertex 9.0496 -4.80558 56.2763
      vertex 9.27448 -4.36424 4.66924
      vertex 9.08083 -4.7443 56.2039
    endloop
  endfacet
  facet normal 0.891025 -0.453953 5.04485e-07
    outer loop
      vertex 9.02056 -4.86258 56.3527
      vertex 9.27448 -4.36424 4.66924
      vertex 9.0496 -4.80558 56.2763
    endloop
  endfacet
  facet normal 0.890984 -0.454035 -4.87028e-07
    outer loop
      vertex 9.00116 -4.90065 56.4038
      vertex 9.27448 -4.36424 4.66924
      vertex 9.02056 -4.86258 56.3527
    endloop
  endfacet
  facet normal 0.890962 -0.454077 -1.03902e-06
    outer loop
      vertex 8.98214 -4.93797 56.461
      vertex 9.27448 -4.36424 4.66924
      vertex 9.00116 -4.90065 56.4038
    endloop
  endfacet
  facet normal 0.890964 -0.454074 -9.95887e-07
    outer loop
      vertex 9.27448 -4.36424 4.66924
      vertex 8.98214 -4.93797 56.461
      vertex 9.25229 -4.40778 4.56862
    endloop
  endfacet
  facet normal 0.891012 -0.45398 2.16372e-07
    outer loop
      vertex 9.25229 -4.40778 4.56862
      vertex 8.98214 -4.93797 56.461
      vertex 9.22443 -4.46246 4.41675
    endloop
  endfacet
  facet normal 0.890959 -0.454083 -9.71509e-07
    outer loop
      vertex 9.22443 -4.46246 4.41675
      vertex 8.98214 -4.93797 56.461
      vertex 9.20148 -4.50749 4.26174
    endloop
  endfacet
  facet normal 0.891061 -0.453884 1.09549e-06
    outer loop
      vertex 9.20148 -4.50749 4.26174
      vertex 8.98214 -4.93797 56.461
      vertex 9.18354 -4.54271 4.10422
    endloop
  endfacet
  facet normal 0.891012 -0.45398 1.88178e-07
    outer loop
      vertex 9.18354 -4.54271 4.10422
      vertex 8.98214 -4.93797 56.461
      vertex 9.17068 -4.56795 3.9448
    endloop
  endfacet
  facet normal 0.891112 -0.453784 1.92536e-06
    outer loop
      vertex 9.17068 -4.56795 3.9448
      vertex 8.98214 -4.93797 56.461
      vertex 9.16294 -4.58315 3.78409
    endloop
  endfacet
  facet normal 0.890996 -0.454011 0
    outer loop
      vertex 8.98214 -4.93797 0
      vertex 9.16294 -4.58315 3.78409
      vertex 8.98214 -4.93797 56.461
    endloop
  endfacet
  facet normal 0.891055 -0.453894 -1.37439e-05
    outer loop
      vertex 9.16294 -4.58315 3.78409
      vertex 8.98214 -4.93797 0
      vertex 9.16036 -4.58821 3.62276
    endloop
  endfacet
  facet normal 0.890998 -0.454007 0
    outer loop
      vertex 9.16036 -4.58821 3.62276
      vertex 8.98214 -4.93797 0
      vertex 9.16036 -4.58821 0
    endloop
  endfacet
  facet normal 0.891 -0.454003 0
    outer loop
      vertex 8.98214 -4.93797 82
      vertex 9.27448 -4.36424 64.0224
      vertex 9.27448 -4.36424 82
    endloop
  endfacet
  facet normal 0.891003 -0.453998 1.87302e-07
    outer loop
      vertex 9.27448 -4.36424 64.0224
      vertex 8.98214 -4.93797 82
      vertex 9.21704 -4.47697 63.9314
    endloop
  endfacet
  facet normal 0.890986 -0.454031 -8.59317e-07
    outer loop
      vertex 9.21704 -4.47697 63.9314
      vertex 8.98214 -4.93797 82
      vertex 9.15775 -4.59332 63.8247
    endloop
  endfacet
  facet normal 0.891038 -0.453928 1.58614e-06
    outer loop
      vertex 9.15775 -4.59332 63.8247
      vertex 8.98214 -4.93797 82
      vertex 9.10187 -4.70301 63.7106
    endloop
  endfacet
  facet normal 0.890992 -0.45402 1.08434e-07
    outer loop
      vertex 9.10187 -4.70301 63.7106
      vertex 8.98214 -4.93797 82
      vertex 9.08083 -4.7443 63.6618
    endloop
  endfacet
  facet normal 0.89097 -0.454063 -4.62726e-07
    outer loop
      vertex 9.08083 -4.7443 63.6618
      vertex 8.98214 -4.93797 82
      vertex 9.0496 -4.80558 63.5895
    endloop
  endfacet
  facet normal 0.891025 -0.453954 5.16689e-07
    outer loop
      vertex 9.0496 -4.80558 63.5895
      vertex 8.98214 -4.93797 82
      vertex 9.02056 -4.86258 63.513
    endloop
  endfacet
  facet normal 0.890984 -0.454035 1.05006e-07
    outer loop
      vertex 9.02056 -4.86258 63.513
      vertex 8.98214 -4.93797 82
      vertex 9.00116 -4.90065 63.4619
    endloop
  endfacet
  facet normal 0.890963 -0.454076 0
    outer loop
      vertex 9.00116 -4.90065 63.4619
      vertex 8.98214 -4.93797 82
      vertex 8.98214 -4.93797 63.4048
    endloop
  endfacet
  facet normal 0.218075 0.975932 -0
    outer loop
      vertex 2.54907 9.92798 0
      vertex 1.92066 10.0684 82
      vertex 2.54907 9.92798 82
    endloop
  endfacet
  facet normal 0.218075 0.975932 0
    outer loop
      vertex 1.92066 10.0684 82
      vertex 2.54907 9.92798 0
      vertex 1.92066 10.0684 0
    endloop
  endfacet
  facet normal -0.562082 -0.827081 0
    outer loop
      vertex -6.0248 -8.29242 0
      vertex -5.49222 -8.65436 82
      vertex -6.0248 -8.29242 82
    endloop
  endfacet
  facet normal -0.562082 -0.827081 -0
    outer loop
      vertex -5.49222 -8.65436 82
      vertex -6.0248 -8.29242 0
      vertex -5.49222 -8.65436 0
    endloop
  endfacet
  facet normal 0.562082 -0.827081 0
    outer loop
      vertex 5.49222 -8.65436 0
      vertex 6.0248 -8.29242 82
      vertex 5.49222 -8.65436 82
    endloop
  endfacet
  facet normal 0.562082 -0.827081 0
    outer loop
      vertex 6.0248 -8.29242 82
      vertex 5.49222 -8.65436 0
      vertex 6.0248 -8.29242 0
    endloop
  endfacet
  facet normal 0.612901 -0.790159 0
    outer loop
      vertex 6.0248 -8.29242 0
      vertex 6.5336 -7.89776 82
      vertex 6.0248 -8.29242 82
    endloop
  endfacet
  facet normal 0.612901 -0.790159 0
    outer loop
      vertex 6.5336 -7.89776 82
      vertex 6.0248 -8.29242 0
      vertex 6.5336 -7.89776 0
    endloop
  endfacet
  facet normal -0.891 -0.454003 0
    outer loop
      vertex -8.98214 -4.93797 0
      vertex -9.27448 -4.36424 82
      vertex -9.27448 -4.36424 0
    endloop
  endfacet
  facet normal -0.891 -0.454003 0
    outer loop
      vertex -9.27448 -4.36424 82
      vertex -8.98214 -4.93797 0
      vertex -8.98214 -4.93797 82
    endloop
  endfacet
  facet normal -0.91779 -0.397066 0
    outer loop
      vertex 7.94707 3.65662 5.60251
      vertex 7.91724 3.72557 24.5345
      vertex 7.91724 3.72557 5.54173
    endloop
  endfacet
  facet normal -0.917744 -0.397173 4.63685e-07
    outer loop
      vertex 8.00227 3.52907 5.70145
      vertex 7.91724 3.72557 24.5345
      vertex 7.94707 3.65662 5.60251
    endloop
  endfacet
  facet normal -0.917756 -0.397144 1.08737e-07
    outer loop
      vertex 8.06004 3.39557 5.79218
      vertex 7.91724 3.72557 24.5345
      vertex 8.00227 3.52907 5.70145
    endloop
  endfacet
  facet normal -0.917756 -0.397146 1.38135e-07
    outer loop
      vertex 8.12016 3.25664 5.87435
      vertex 7.91724 3.72557 24.5345
      vertex 8.06004 3.39557 5.79218
    endloop
  endfacet
  facet normal -0.918147 -0.396241 -2.68527e-05
    outer loop
      vertex 7.91724 3.72557 24.5345
      vertex 8.12016 3.25664 5.87435
      vertex 7.91929 3.72082 24.5324
    endloop
  endfacet
  facet normal -0.917765 -0.397124 -7.83678e-07
    outer loop
      vertex 7.91929 3.72082 24.5324
      vertex 8.12016 3.25664 5.87435
      vertex 7.94096 3.67074 24.51
    endloop
  endfacet
  facet normal -0.91779 -0.397065 -2.33147e-06
    outer loop
      vertex 8.13554 3.22109 5.89246
      vertex 7.94096 3.67074 24.51
      vertex 8.12016 3.25664 5.87435
    endloop
  endfacet
  facet normal -0.917739 -0.397183 1.05418e-06
    outer loop
      vertex 7.94096 3.67074 24.51
      vertex 8.13554 3.22109 5.89246
      vertex 7.96327 3.61919 24.4908
    endloop
  endfacet
  facet normal -0.917745 -0.39717 7.22182e-07
    outer loop
      vertex 7.96327 3.61919 24.4908
      vertex 8.13554 3.22109 5.89246
      vertex 8.00453 3.52385 24.4553
    endloop
  endfacet
  facet normal -0.917756 -0.397145 2.45058e-07
    outer loop
      vertex 8.00453 3.52385 24.4553
      vertex 8.13554 3.22109 5.89246
      vertex 8.06941 3.37392 24.4102
    endloop
  endfacet
  facet normal -0.917772 -0.397109 -1.14697e-07
    outer loop
      vertex 8.06941 3.37392 24.4102
      vertex 8.13554 3.22109 5.89246
      vertex 8.13533 3.22157 24.375
    endloop
  endfacet
  facet normal -0.916157 -0.400819 0
    outer loop
      vertex 8.13533 3.22157 24.375
      vertex 8.13554 3.22109 5.89246
      vertex 8.13554 3.22109 24.3749
    endloop
  endfacet
  facet normal -0.918146 -0.396242 2.33805e-05
    outer loop
      vertex 8.13554 3.22109 56.1847
      vertex 7.91724 3.72557 33.301
      vertex 7.91929 3.72082 33.3031
    endloop
  endfacet
  facet normal -0.917899 -0.396813 0
    outer loop
      vertex 7.91724 3.72557 33.301
      vertex 7.92369 3.71065 56.9205
      vertex 7.91724 3.72557 56.9535
    endloop
  endfacet
  facet normal -0.917765 -0.397124 5.26452e-07
    outer loop
      vertex 8.13554 3.22109 56.1847
      vertex 7.91929 3.72082 33.3031
      vertex 7.94096 3.67074 33.3255
    endloop
  endfacet
  facet normal -0.917726 -0.397215 -3.01209e-07
    outer loop
      vertex 7.91724 3.72557 33.301
      vertex 7.94331 3.66532 56.8201
      vertex 7.92369 3.71065 56.9205
    endloop
  endfacet
  facet normal -0.917758 -0.397139 -7.06082e-08
    outer loop
      vertex 7.91724 3.72557 33.301
      vertex 7.95402 3.64057 56.7735
      vertex 7.94331 3.66532 56.8201
    endloop
  endfacet
  facet normal -0.917739 -0.397183 -8.57126e-07
    outer loop
      vertex 8.13554 3.22109 56.1847
      vertex 7.94096 3.67074 33.3255
      vertex 7.96327 3.61919 33.3447
    endloop
  endfacet
  facet normal -0.917771 -0.397109 5.70885e-08
    outer loop
      vertex 7.91724 3.72557 33.301
      vertex 7.97639 3.58887 56.6762
      vertex 7.95402 3.64057 56.7735
    endloop
  endfacet
  facet normal -0.917751 -0.397157 -2.72327e-07
    outer loop
      vertex 7.91724 3.72557 33.301
      vertex 8.00139 3.5311 56.5826
      vertex 7.97639 3.58887 56.6762
    endloop
  endfacet
  facet normal -0.917745 -0.39717 -5.87188e-07
    outer loop
      vertex 8.13554 3.22109 56.1847
      vertex 7.96327 3.61919 33.3447
      vertex 8.00453 3.52385 33.3802
    endloop
  endfacet
  facet normal -0.917747 -0.397165 -3.5193e-07
    outer loop
      vertex 7.91724 3.72557 33.301
      vertex 8.01349 3.50314 56.5373
      vertex 8.00139 3.5311 56.5826
    endloop
  endfacet
  facet normal -0.917765 -0.397123 1.20297e-07
    outer loop
      vertex 7.91724 3.72557 33.301
      vertex 8.05445 3.40848 56.4038
      vertex 8.01349 3.50314 56.5373
    endloop
  endfacet
  facet normal -0.917772 -0.397108 3.66753e-07
    outer loop
      vertex 7.91724 3.72557 33.301
      vertex 8.06917 3.37446 56.3618
      vertex 8.05445 3.40848 56.4038
    endloop
  endfacet
  facet normal -0.917756 -0.397145 -1.99292e-07
    outer loop
      vertex 8.13554 3.22109 56.1847
      vertex 8.00453 3.52385 33.3802
      vertex 8.06941 3.37392 33.4252
    endloop
  endfacet
  facet normal -0.917733 -0.397197 -1.23535e-06
    outer loop
      vertex 7.91724 3.72557 33.301
      vertex 8.09912 3.30526 56.2763
      vertex 8.06917 3.37446 56.3618
    endloop
  endfacet
  facet normal -0.917741 -0.39718 -8.78498e-07
    outer loop
      vertex 7.91724 3.72557 33.301
      vertex 8.13128 3.23095 56.1955
      vertex 8.09912 3.30526 56.2763
    endloop
  endfacet
  facet normal -0.917772 -0.397109 9.32874e-08
    outer loop
      vertex 8.13554 3.22109 56.1847
      vertex 8.06941 3.37392 33.4252
      vertex 8.13533 3.22157 33.4604
    endloop
  endfacet
  facet normal -0.916157 -0.400819 -0
    outer loop
      vertex 8.13554 3.22109 56.1847
      vertex 8.13533 3.22157 33.4604
      vertex 8.13554 3.22109 33.4605
    endloop
  endfacet
  facet normal -0.91798 -0.396627 1.33207e-05
    outer loop
      vertex 7.91724 3.72557 33.301
      vertex 8.13554 3.22109 56.1847
      vertex 8.13128 3.23095 56.1955
    endloop
  endfacet
  facet normal -0.917899 -0.396813 0
    outer loop
      vertex 7.92369 3.71065 62.9453
      vertex 7.91724 3.72557 82
      vertex 7.91724 3.72557 62.9122
    endloop
  endfacet
  facet normal -0.917726 -0.397215 3.73243e-07
    outer loop
      vertex 7.94331 3.66532 63.0457
      vertex 7.91724 3.72557 82
      vertex 7.92369 3.71065 62.9453
    endloop
  endfacet
  facet normal -0.917758 -0.397139 8.75129e-08
    outer loop
      vertex 7.95402 3.64057 63.0922
      vertex 7.91724 3.72557 82
      vertex 7.94331 3.66532 63.0457
    endloop
  endfacet
  facet normal -0.917771 -0.397109 -7.07551e-08
    outer loop
      vertex 7.97639 3.58887 63.1895
      vertex 7.91724 3.72557 82
      vertex 7.95402 3.64057 63.0922
    endloop
  endfacet
  facet normal -0.917751 -0.397157 3.37642e-07
    outer loop
      vertex 8.00139 3.5311 63.2831
      vertex 7.91724 3.72557 82
      vertex 7.97639 3.58887 63.1895
    endloop
  endfacet
  facet normal -0.917747 -0.397165 4.36338e-07
    outer loop
      vertex 8.01349 3.50314 63.3284
      vertex 7.91724 3.72557 82
      vertex 8.00139 3.5311 63.2831
    endloop
  endfacet
  facet normal -0.917765 -0.397123 -1.4922e-07
    outer loop
      vertex 8.05445 3.40848 63.4619
      vertex 7.91724 3.72557 82
      vertex 8.01349 3.50314 63.3284
    endloop
  endfacet
  facet normal -0.917772 -0.397108 -4.5517e-07
    outer loop
      vertex 8.06917 3.37446 63.504
      vertex 7.91724 3.72557 82
      vertex 8.05445 3.40848 63.4619
    endloop
  endfacet
  facet normal -0.917734 -0.397196 1.53324e-06
    outer loop
      vertex 8.09912 3.30526 63.5895
      vertex 7.91724 3.72557 82
      vertex 8.06917 3.37446 63.504
    endloop
  endfacet
  facet normal -0.917741 -0.39718 1.09104e-06
    outer loop
      vertex 8.13128 3.23095 63.6703
      vertex 7.91724 3.72557 82
      vertex 8.09912 3.30526 63.5895
    endloop
  endfacet
  facet normal -0.917979 -0.396629 -1.65472e-05
    outer loop
      vertex 8.13554 3.22109 63.681
      vertex 7.91724 3.72557 82
      vertex 8.13128 3.23095 63.6703
    endloop
  endfacet
  facet normal -0.91776 -0.397136 0
    outer loop
      vertex 7.91724 3.72557 82
      vertex 8.13554 3.22109 63.681
      vertex 8.13554 3.22109 82
    endloop
  endfacet
  facet normal -0.397136 -0.91776 0
    outer loop
      vertex 3.22109 8.13554 0
      vertex 3.72557 7.91724 82
      vertex 3.22109 8.13554 82
    endloop
  endfacet
  facet normal -0.397136 -0.91776 -0
    outer loop
      vertex 3.72557 7.91724 82
      vertex 3.22109 8.13554 0
      vertex 3.72557 7.91724 0
    endloop
  endfacet
  facet normal 0.960292 0.278995 0
    outer loop
      vertex -8.32174 -2.7039 82
      vertex -8.4751 -2.17604 0
      vertex -8.4751 -2.17604 82
    endloop
  endfacet
  facet normal 0.960292 0.278995 0
    outer loop
      vertex -8.4751 -2.17604 0
      vertex -8.32174 -2.7039 82
      vertex -8.32174 -2.7039 0
    endloop
  endfacet
  facet normal 0.995562 0.0941072 0
    outer loop
      vertex -8.681 -1.09667 82
      vertex -8.73273 -0.549417 0
      vertex -8.73273 -0.549417 82
    endloop
  endfacet
  facet normal 0.995562 0.0941072 0
    outer loop
      vertex -8.73273 -0.549417 0
      vertex -8.681 -1.09667 82
      vertex -8.681 -1.09667 0
    endloop
  endfacet
  facet normal 0.156434 -0.987688 0
    outer loop
      vertex -1.63959 8.59501 0
      vertex -1.09667 8.681 82
      vertex -1.63959 8.59501 82
    endloop
  endfacet
  facet normal 0.156434 -0.987688 0
    outer loop
      vertex -1.09667 8.681 82
      vertex -1.63959 8.59501 0
      vertex -1.09667 8.681 0
    endloop
  endfacet
  facet normal -0.0314178 0.999506 0
    outer loop
      vertex 0.549417 -8.73273 0
      vertex 0 -8.75 82
      vertex 0.549417 -8.73273 82
    endloop
  endfacet
  facet normal -0.0314178 0.999506 0
    outer loop
      vertex 0 -8.75 82
      vertex 0.549417 -8.73273 0
      vertex 0 -8.75 0
    endloop
  endfacet
  facet normal 0.790154 -0.612909 0
    outer loop
      vertex -7.0789 5.14312 82
      vertex -6.74199 5.57746 0
      vertex -6.74199 5.57746 82
    endloop
  endfacet
  facet normal 0.790154 -0.612909 0
    outer loop
      vertex -6.74199 5.57746 0
      vertex -7.0789 5.14312 82
      vertex -7.0789 5.14312 0
    endloop
  endfacet
  facet normal 0.0314178 -0.999506 0
    outer loop
      vertex -0.549417 8.73273 0
      vertex 0 8.75 82
      vertex -0.549417 8.73273 82
    endloop
  endfacet
  facet normal 0.0314178 -0.999506 0
    outer loop
      vertex 0 8.75 82
      vertex -0.549417 8.73273 0
      vertex 0 8.75 0
    endloop
  endfacet
  facet normal -0.612909 -0.790154 0
    outer loop
      vertex 5.14312 7.0789 0
      vertex 5.57746 6.74199 82
      vertex 5.14312 7.0789 82
    endloop
  endfacet
  facet normal -0.612909 -0.790154 -0
    outer loop
      vertex 5.57746 6.74199 82
      vertex 5.14312 7.0789 0
      vertex 5.57746 6.74199 0
    endloop
  endfacet
  facet normal -0.995562 0.0941072 0
    outer loop
      vertex 8.681 -1.09667 6.19216
      vertex 8.73273 -0.549417 24.3295
      vertex 8.73273 -0.549417 6.19216
    endloop
  endfacet
  facet normal -0.995562 0.0941072 0
    outer loop
      vertex 8.73273 -0.549417 24.3295
      vertex 8.681 -1.09667 6.19216
      vertex 8.681 -1.09667 24.3295
    endloop
  endfacet
  facet normal -0.995562 0.0941072 0
    outer loop
      vertex 8.681 -1.09667 33.5059
      vertex 8.73273 -0.549417 55.3447
      vertex 8.73273 -0.549417 33.5059
    endloop
  endfacet
  facet normal -0.995562 0.0941072 0
    outer loop
      vertex 8.73273 -0.549417 55.3447
      vertex 8.681 -1.09667 33.5059
      vertex 8.681 -1.09667 55.3447
    endloop
  endfacet
  facet normal -0.995562 0.0941072 0
    outer loop
      vertex 8.681 -1.09667 64.5211
      vertex 8.73273 -0.549417 82
      vertex 8.73273 -0.549417 64.5211
    endloop
  endfacet
  facet normal -0.995562 0.0941072 0
    outer loop
      vertex 8.73273 -0.549417 82
      vertex 8.681 -1.09667 64.5211
      vertex 8.681 -1.09667 82
    endloop
  endfacet
  facet normal 0.218142 0.975917 -0
    outer loop
      vertex -1.63959 -8.59501 0
      vertex -2.17604 -8.4751 82
      vertex -1.63959 -8.59501 82
    endloop
  endfacet
  facet normal 0.218142 0.975917 0
    outer loop
      vertex -2.17604 -8.4751 82
      vertex -1.63959 -8.59501 0
      vertex -2.17604 -8.4751 0
    endloop
  endfacet
  facet normal -0.995562 -0.0941072 0
    outer loop
      vertex 8.73273 0.549417 6.19216
      vertex 8.681 1.09667 24.3295
      vertex 8.681 1.09667 6.19216
    endloop
  endfacet
  facet normal -0.995562 -0.0941072 0
    outer loop
      vertex 8.681 1.09667 24.3295
      vertex 8.73273 0.549417 6.19216
      vertex 8.73273 0.549417 24.3295
    endloop
  endfacet
  facet normal -0.995562 -0.0941072 0
    outer loop
      vertex 8.73273 0.549417 33.5059
      vertex 8.681 1.09667 55.3447
      vertex 8.681 1.09667 33.5059
    endloop
  endfacet
  facet normal -0.995562 -0.0941072 0
    outer loop
      vertex 8.681 1.09667 55.3447
      vertex 8.73273 0.549417 33.5059
      vertex 8.73273 0.549417 55.3447
    endloop
  endfacet
  facet normal -0.995562 -0.0941072 0
    outer loop
      vertex 8.73273 0.549417 64.5211
      vertex 8.681 1.09667 82
      vertex 8.681 1.09667 64.5211
    endloop
  endfacet
  facet normal -0.995562 -0.0941072 0
    outer loop
      vertex 8.681 1.09667 82
      vertex 8.73273 0.549417 64.5211
      vertex 8.73273 0.549417 82
    endloop
  endfacet
  facet normal -0.0941072 -0.995562 0
    outer loop
      vertex 0.549417 8.73273 0
      vertex 1.09667 8.681 82
      vertex 0.549417 8.73273 82
    endloop
  endfacet
  facet normal -0.0941072 -0.995562 -0
    outer loop
      vertex 1.09667 8.681 82
      vertex 0.549417 8.73273 0
      vertex 1.09667 8.681 0
    endloop
  endfacet
  facet normal -0.999506 -0.0314178 0
    outer loop
      vertex 8.75 0 6.19216
      vertex 8.73273 0.549417 24.3295
      vertex 8.73273 0.549417 6.19216
    endloop
  endfacet
  facet normal -0.999506 -0.0314178 0
    outer loop
      vertex 8.73273 0.549417 24.3295
      vertex 8.75 0 6.19216
      vertex 8.75 0 24.3295
    endloop
  endfacet
  facet normal -0.999506 -0.0314178 0
    outer loop
      vertex 8.75 0 33.5059
      vertex 8.73273 0.549417 55.3447
      vertex 8.73273 0.549417 33.5059
    endloop
  endfacet
  facet normal -0.999506 -0.0314178 0
    outer loop
      vertex 8.73273 0.549417 55.3447
      vertex 8.75 0 33.5059
      vertex 8.75 0 55.3447
    endloop
  endfacet
  facet normal -0.999506 -0.0314178 0
    outer loop
      vertex 8.75 0 64.5211
      vertex 8.73273 0.549417 82
      vertex 8.73273 0.549417 64.5211
    endloop
  endfacet
  facet normal -0.999506 -0.0314178 0
    outer loop
      vertex 8.73273 0.549417 82
      vertex 8.75 0 64.5211
      vertex 8.75 0 82
    endloop
  endfacet
  facet normal 0.750118 0.661304 0
    outer loop
      vertex -6.37848 -5.98979 82
      vertex -6.74199 -5.57746 0
      vertex -6.74199 -5.57746 82
    endloop
  endfacet
  facet normal 0.750118 0.661304 0
    outer loop
      vertex -6.74199 -5.57746 0
      vertex -6.37848 -5.98979 82
      vertex -6.37848 -5.98979 0
    endloop
  endfacet
  facet normal 0.707107 -0.707107 0
    outer loop
      vertex -6.37848 5.98979 82
      vertex -5.98979 6.37848 0
      vertex -5.98979 6.37848 82
    endloop
  endfacet
  facet normal 0.707107 -0.707107 0
    outer loop
      vertex -5.98979 6.37848 0
      vertex -6.37848 5.98979 82
      vertex -6.37848 5.98979 0
    endloop
  endfacet
  facet normal 0.940881 0.338738 0
    outer loop
      vertex -8.13554 -3.22109 82
      vertex -8.32174 -2.7039 0
      vertex -8.32174 -2.7039 82
    endloop
  endfacet
  facet normal 0.940881 0.338738 0
    outer loop
      vertex -8.32174 -2.7039 0
      vertex -8.13554 -3.22109 82
      vertex -8.13554 -3.22109 0
    endloop
  endfacet
  facet normal -0.987691 0.156421 0
    outer loop
      vertex 8.681 -1.09667 6.19216
      vertex 8.65364 -1.26943 24.3295
      vertex 8.681 -1.09667 24.3295
    endloop
  endfacet
  facet normal -0.987688 0.156434 1.34525e-07
    outer loop
      vertex 8.59501 -1.63959 6.19216
      vertex 8.65364 -1.26943 24.3295
      vertex 8.681 -1.09667 6.19216
    endloop
  endfacet
  facet normal -0.987687 0.156441 -6.89794e-09
    outer loop
      vertex 8.65364 -1.26943 24.3295
      vertex 8.59501 -1.63959 6.19216
      vertex 8.63702 -1.37436 24.3328
    endloop
  endfacet
  facet normal -0.98769 0.156425 2.4159e-07
    outer loop
      vertex 8.63702 -1.37436 24.3328
      vertex 8.59501 -1.63959 6.19216
      vertex 8.62763 -1.43365 24.3346
    endloop
  endfacet
  facet normal -0.987695 0.156393 6.02782e-07
    outer loop
      vertex 8.62763 -1.43365 24.3346
      vertex 8.59501 -1.63959 6.19216
      vertex 8.61831 -1.49251 24.3401
    endloop
  endfacet
  facet normal -0.987685 0.156457 7.88253e-08
    outer loop
      vertex 8.61831 -1.49251 24.3401
      vertex 8.59501 -1.63959 6.19216
      vertex 8.60172 -1.59724 24.3498
    endloop
  endfacet
  facet normal -0.98768 0.156489 0
    outer loop
      vertex 8.60172 -1.59724 24.3498
      vertex 8.59501 -1.63959 6.19216
      vertex 8.59501 -1.63959 24.3564
    endloop
  endfacet
  facet normal -0.987691 0.156421 0
    outer loop
      vertex 8.65364 -1.26943 33.5059
      vertex 8.681 -1.09667 55.3447
      vertex 8.681 -1.09667 33.5059
    endloop
  endfacet
  facet normal -0.987687 0.156441 5.72952e-09
    outer loop
      vertex 8.59501 -1.63959 55.3447
      vertex 8.65364 -1.26943 33.5059
      vertex 8.63702 -1.37436 33.5027
    endloop
  endfacet
  facet normal -0.98769 0.156425 -2.00665e-07
    outer loop
      vertex 8.59501 -1.63959 55.3447
      vertex 8.63702 -1.37436 33.5027
      vertex 8.62763 -1.43365 33.5009
    endloop
  endfacet
  facet normal -0.987695 0.156393 -5.00733e-07
    outer loop
      vertex 8.59501 -1.63959 55.3447
      vertex 8.62763 -1.43365 33.5009
      vertex 8.61831 -1.49251 33.4954
    endloop
  endfacet
  facet normal -0.987685 0.156457 -6.54803e-08
    outer loop
      vertex 8.59501 -1.63959 55.3447
      vertex 8.61831 -1.49251 33.4954
      vertex 8.60172 -1.59724 33.4857
    endloop
  endfacet
  facet normal -0.98768 0.156489 0
    outer loop
      vertex 8.59501 -1.63959 55.3447
      vertex 8.60172 -1.59724 33.4857
      vertex 8.59501 -1.63959 33.4791
    endloop
  endfacet
  facet normal -0.987688 0.156434 -1.11725e-07
    outer loop
      vertex 8.65364 -1.26943 33.5059
      vertex 8.59501 -1.63959 55.3447
      vertex 8.681 -1.09667 55.3447
    endloop
  endfacet
  facet normal -0.987688 0.156434 0
    outer loop
      vertex 8.59501 -1.63959 64.5211
      vertex 8.681 -1.09667 82
      vertex 8.681 -1.09667 64.5211
    endloop
  endfacet
  facet normal -0.987688 0.156434 0
    outer loop
      vertex 8.681 -1.09667 82
      vertex 8.59501 -1.63959 64.5211
      vertex 8.59501 -1.63959 82
    endloop
  endfacet
  facet normal -0.827035 -0.562151 0
    outer loop
      vertex 7.0789 5.14312 0
      vertex 7.08758 5.13035 26.2104
      vertex 7.0789 5.14312 26.2568
    endloop
  endfacet
  facet normal -0.827064 -0.562107 3.0707e-08
    outer loop
      vertex 7.0789 5.14312 0
      vertex 7.10731 5.10132 26.1049
      vertex 7.08758 5.13035 26.2104
    endloop
  endfacet
  facet normal -0.827171 -0.561951 3.97861e-07
    outer loop
      vertex 7.0789 5.14312 0
      vertex 7.13121 5.06614 26.0018
      vertex 7.10731 5.10132 26.1049
    endloop
  endfacet
  facet normal -0.827047 -0.562132 -3.89249e-07
    outer loop
      vertex 7.0789 5.14312 0
      vertex 7.14252 5.0495 25.9531
      vertex 7.13121 5.06614 26.0018
    endloop
  endfacet
  facet normal -0.827006 -0.562193 -7.08979e-07
    outer loop
      vertex 7.0789 5.14312 0
      vertex 7.15581 5.02995 25.9054
      vertex 7.14252 5.0495 25.9531
    endloop
  endfacet
  facet normal -0.827043 -0.562139 -3.63984e-07
    outer loop
      vertex 7.0789 5.14312 0
      vertex 7.1838 4.98877 25.8049
      vertex 7.15581 5.02995 25.9054
    endloop
  endfacet
  facet normal -0.827135 -0.562003 8.29991e-07
    outer loop
      vertex 7.0789 5.14312 0
      vertex 7.21568 4.94185 25.7077
      vertex 7.1838 4.98877 25.8049
    endloop
  endfacet
  facet normal -0.827043 -0.562138 -7.21761e-07
    outer loop
      vertex 7.0789 5.14312 0
      vertex 7.23098 4.91934 25.6611
      vertex 7.21568 4.94185 25.7077
    endloop
  endfacet
  facet normal -0.827065 -0.562106 -3.14634e-07
    outer loop
      vertex 7.0789 5.14312 0
      vertex 7.28389 4.84149 25.5222
      vertex 7.23098 4.91934 25.6611
    endloop
  endfacet
  facet normal -0.827103 -0.56205 6.53602e-07
    outer loop
      vertex 7.0789 5.14312 0
      vertex 7.34231 4.75552 25.3887
      vertex 7.28389 4.84149 25.5222
    endloop
  endfacet
  facet normal -0.827076 -0.56209 -2.38571e-07
    outer loop
      vertex 7.0789 5.14312 0
      vertex 7.36331 4.72462 25.3466
      vertex 7.34231 4.75552 25.3887
    endloop
  endfacet
  facet normal -0.827083 -0.56208 -0
    outer loop
      vertex 7.38787 4.68848 25.2974
      vertex 7.0789 5.14312 0
      vertex 7.38787 4.68848 0
    endloop
  endfacet
  facet normal -0.827088 -0.562072 1.91977e-07
    outer loop
      vertex 7.0789 5.14312 0
      vertex 7.38787 4.68848 25.2974
      vertex 7.36331 4.72462 25.3466
    endloop
  endfacet
  facet normal -0.827035 -0.562151 0
    outer loop
      vertex 7.08758 5.13035 31.625
      vertex 7.0789 5.14312 82
      vertex 7.0789 5.14312 31.5786
    endloop
  endfacet
  facet normal -0.827064 -0.562107 -1.59906e-08
    outer loop
      vertex 7.10731 5.10132 31.7305
      vertex 7.0789 5.14312 82
      vertex 7.08758 5.13035 31.625
    endloop
  endfacet
  facet normal -0.827171 -0.56195 -2.07074e-07
    outer loop
      vertex 7.13121 5.06614 31.8336
      vertex 7.0789 5.14312 82
      vertex 7.10731 5.10132 31.7305
    endloop
  endfacet
  facet normal -0.827047 -0.562133 2.02588e-07
    outer loop
      vertex 7.14252 5.0495 31.8824
      vertex 7.0789 5.14312 82
      vertex 7.13121 5.06614 31.8336
    endloop
  endfacet
  facet normal -0.827006 -0.562194 3.68692e-07
    outer loop
      vertex 7.15581 5.02995 31.9301
      vertex 7.0789 5.14312 82
      vertex 7.14252 5.0495 31.8824
    endloop
  endfacet
  facet normal -0.827042 -0.562139 1.89284e-07
    outer loop
      vertex 7.1838 4.98877 32.0305
      vertex 7.0789 5.14312 82
      vertex 7.15581 5.02995 31.9301
    endloop
  endfacet
  facet normal -0.827136 -0.562002 -4.3117e-07
    outer loop
      vertex 7.21568 4.94185 32.1277
      vertex 7.0789 5.14312 82
      vertex 7.1838 4.98877 32.0305
    endloop
  endfacet
  facet normal -0.827043 -0.562139 3.74937e-07
    outer loop
      vertex 7.23098 4.91934 32.1744
      vertex 7.0789 5.14312 82
      vertex 7.21568 4.94185 32.1277
    endloop
  endfacet
  facet normal -0.827065 -0.562106 1.63255e-07
    outer loop
      vertex 7.28389 4.84149 32.3133
      vertex 7.0789 5.14312 82
      vertex 7.23098 4.91934 32.1744
    endloop
  endfacet
  facet normal -0.827103 -0.56205 -3.387e-07
    outer loop
      vertex 7.34231 4.75552 32.4468
      vertex 7.0789 5.14312 82
      vertex 7.28389 4.84149 32.3133
    endloop
  endfacet
  facet normal -0.827076 -0.56209 1.23462e-07
    outer loop
      vertex 7.36331 4.72462 32.4888
      vertex 7.0789 5.14312 82
      vertex 7.34231 4.75552 32.4468
    endloop
  endfacet
  facet normal -0.827088 -0.562072 -9.93461e-08
    outer loop
      vertex 7.38787 4.68848 32.538
      vertex 7.0789 5.14312 82
      vertex 7.36331 4.72462 32.4888
    endloop
  endfacet
  facet normal -0.827083 -0.56208 0
    outer loop
      vertex 7.0789 5.14312 82
      vertex 7.38787 4.68848 32.538
      vertex 7.38787 4.68848 82
    endloop
  endfacet
  facet normal 0.156434 0.987688 -0
    outer loop
      vertex -1.09667 -8.681 0
      vertex -1.63959 -8.59501 82
      vertex -1.09667 -8.681 82
    endloop
  endfacet
  facet normal 0.156434 0.987688 0
    outer loop
      vertex -1.63959 -8.59501 82
      vertex -1.09667 -8.681 0
      vertex -1.63959 -8.59501 0
    endloop
  endfacet
  facet normal -0.790156 -0.612906 0
    outer loop
      vertex 6.74199 5.57746 0
      vertex 7.01938 5.21985 26.8989
      vertex 6.74199 5.57746 82
    endloop
  endfacet
  facet normal -0.790279 -0.612747 3.385e-06
    outer loop
      vertex 6.74199 5.57746 0
      vertex 7.02307 5.21509 26.7376
      vertex 7.01938 5.21985 26.8989
    endloop
  endfacet
  facet normal -0.789913 -0.613219 -6.86446e-06
    outer loop
      vertex 6.74199 5.57746 0
      vertex 7.03064 5.20534 26.6279
      vertex 7.02307 5.21509 26.7376
    endloop
  endfacet
  facet normal -0.790999 -0.611818 2.44863e-05
    outer loop
      vertex 6.74199 5.57746 0
      vertex 7.03415 5.2008 26.5769
      vertex 7.03064 5.20534 26.6279
    endloop
  endfacet
  facet normal -0.789732 -0.613452 -1.25949e-05
    outer loop
      vertex 6.74199 5.57746 0
      vertex 7.04 5.19327 26.5262
      vertex 7.03415 5.2008 26.5769
    endloop
  endfacet
  facet normal -0.790117 -0.612956 -1.08066e-06
    outer loop
      vertex 6.74199 5.57746 0
      vertex 7.05256 5.17708 26.4175
      vertex 7.04 5.19327 26.5262
    endloop
  endfacet
  facet normal -0.79018 -0.612875 8.75083e-07
    outer loop
      vertex 6.74199 5.57746 0
      vertex 7.07005 5.15453 26.3102
      vertex 7.05256 5.17708 26.4175
    endloop
  endfacet
  facet normal -0.790194 -0.612856 1.36556e-06
    outer loop
      vertex 6.74199 5.57746 0
      vertex 7.07824 5.14397 26.2599
      vertex 7.07005 5.15453 26.3102
    endloop
  endfacet
  facet normal -0.790154 -0.612909 -0
    outer loop
      vertex 7.0789 5.14312 26.2568
      vertex 6.74199 5.57746 0
      vertex 7.0789 5.14312 0
    endloop
  endfacet
  facet normal -0.789869 -0.613275 -9.70951e-06
    outer loop
      vertex 6.74199 5.57746 0
      vertex 7.0789 5.14312 26.2568
      vertex 7.07824 5.14397 26.2599
    endloop
  endfacet
  facet normal -0.790156 -0.612906 -0
    outer loop
      vertex 7.01938 5.21985 30.9365
      vertex 6.74199 5.57746 82
      vertex 7.01938 5.21985 26.8989
    endloop
  endfacet
  facet normal -0.7903 -0.61272 -2.09018e-06
    outer loop
      vertex 7.02307 5.21509 31.0979
      vertex 6.74199 5.57746 82
      vertex 7.01938 5.21985 30.9365
    endloop
  endfacet
  facet normal -0.789896 -0.61324 3.84731e-06
    outer loop
      vertex 7.03064 5.20534 31.2076
      vertex 6.74199 5.57746 82
      vertex 7.02307 5.21509 31.0979
    endloop
  endfacet
  facet normal -0.791057 -0.611742 -1.37238e-05
    outer loop
      vertex 7.03415 5.2008 31.2586
      vertex 6.74199 5.57746 82
      vertex 7.03064 5.20534 31.2076
    endloop
  endfacet
  facet normal -0.789713 -0.613476 6.88284e-06
    outer loop
      vertex 7.04 5.19327 31.3092
      vertex 6.74199 5.57746 82
      vertex 7.03415 5.2008 31.2586
    endloop
  endfacet
  facet normal -0.790116 -0.612958 5.90422e-07
    outer loop
      vertex 7.05256 5.17708 31.418
      vertex 6.74199 5.57746 82
      vertex 7.04 5.19327 31.3092
    endloop
  endfacet
  facet normal -0.790181 -0.612874 -4.72205e-07
    outer loop
      vertex 7.07005 5.15453 31.5253
      vertex 6.74199 5.57746 82
      vertex 7.05256 5.17708 31.418
    endloop
  endfacet
  facet normal -0.790196 -0.612854 -7.36954e-07
    outer loop
      vertex 7.07824 5.14397 31.5755
      vertex 6.74199 5.57746 82
      vertex 7.07005 5.15453 31.5253
    endloop
  endfacet
  facet normal -0.789861 -0.613285 5.19789e-06
    outer loop
      vertex 7.0789 5.14312 31.5786
      vertex 6.74199 5.57746 82
      vertex 7.07824 5.14397 31.5755
    endloop
  endfacet
  facet normal -0.790154 -0.612909 0
    outer loop
      vertex 6.74199 5.57746 82
      vertex 7.0789 5.14312 31.5786
      vertex 7.0789 5.14312 82
    endloop
  endfacet
  facet normal 0.987688 -0.156434 0
    outer loop
      vertex -8.681 1.09667 82
      vertex -8.59501 1.63959 0
      vertex -8.59501 1.63959 82
    endloop
  endfacet
  facet normal 0.987688 -0.156434 0
    outer loop
      vertex -8.59501 1.63959 0
      vertex -8.681 1.09667 82
      vertex -8.681 1.09667 0
    endloop
  endfacet
  facet normal 0.278995 -0.960292 0
    outer loop
      vertex -2.7039 8.32174 0
      vertex -2.17604 8.4751 82
      vertex -2.7039 8.32174 82
    endloop
  endfacet
  facet normal 0.278995 -0.960292 0
    outer loop
      vertex -2.17604 8.4751 82
      vertex -2.7039 8.32174 0
      vertex -2.17604 8.4751 0
    endloop
  endfacet
  facet normal -0.156434 -0.987688 0
    outer loop
      vertex 1.09667 8.681 0
      vertex 1.63959 8.59501 82
      vertex 1.09667 8.681 82
    endloop
  endfacet
  facet normal -0.156434 -0.987688 -0
    outer loop
      vertex 1.63959 8.59501 82
      vertex 1.09667 8.681 0
      vertex 1.63959 8.59501 0
    endloop
  endfacet
  facet normal -0.509036 -0.860745 0
    outer loop
      vertex 4.21534 7.66768 0
      vertex 4.68848 7.38787 82
      vertex 4.21534 7.66768 82
    endloop
  endfacet
  facet normal -0.509036 -0.860745 -0
    outer loop
      vertex 4.68848 7.38787 82
      vertex 4.21534 7.66768 0
      vertex 4.68848 7.38787 0
    endloop
  endfacet
  facet normal 0.509036 0.860745 -0
    outer loop
      vertex -4.21534 -7.66768 0
      vertex -4.68848 -7.38787 82
      vertex -4.21534 -7.66768 82
    endloop
  endfacet
  facet normal 0.509036 0.860745 0
    outer loop
      vertex -4.68848 -7.38787 82
      vertex -4.21534 -7.66768 0
      vertex -4.68848 -7.38787 0
    endloop
  endfacet
  facet normal 0.975917 -0.218142 0
    outer loop
      vertex -8.59501 1.63959 82
      vertex -8.4751 2.17604 0
      vertex -8.4751 2.17604 82
    endloop
  endfacet
  facet normal 0.975917 -0.218142 0
    outer loop
      vertex -8.4751 2.17604 0
      vertex -8.59501 1.63959 82
      vertex -8.59501 1.63959 0
    endloop
  endfacet
  facet normal -0.890917 -0.454167 0
    outer loop
      vertex 7.6815 4.18823 4.99952
      vertex 7.66768 4.21534 24.8217
      vertex 7.66768 4.21534 4.95367
    endloop
  endfacet
  facet normal -0.891003 -0.453997 -2.93345e-07
    outer loop
      vertex 7.72773 4.0975 5.13301
      vertex 7.66768 4.21534 24.8217
      vertex 7.6815 4.18823 4.99952
    endloop
  endfacet
  facet normal -0.890997 -0.45401 -1.96145e-07
    outer loop
      vertex 7.77814 3.99857 5.26056
      vertex 7.66768 4.21534 24.8217
      vertex 7.72773 4.0975 5.13301
    endloop
  endfacet
  facet normal -0.891029 -0.453947 -1.07377e-06
    outer loop
      vertex 7.83252 3.89183 5.38164
      vertex 7.66768 4.21534 24.8217
      vertex 7.77814 3.99857 5.26056
    endloop
  endfacet
  facet normal -0.890998 -0.454007 1.99069e-07
    outer loop
      vertex 7.89068 3.77769 5.49578
      vertex 7.66768 4.21534 24.8217
      vertex 7.83252 3.89183 5.38164
    endloop
  endfacet
  facet normal -0.889594 -0.456753 7.85725e-05
    outer loop
      vertex 7.66768 4.21534 24.8217
      vertex 7.89068 3.77769 5.49578
      vertex 7.66864 4.21347 24.8202
    endloop
  endfacet
  facet normal -0.890983 -0.454037 1.38087e-06
    outer loop
      vertex 7.91724 3.72557 5.54173
      vertex 7.66864 4.21347 24.8202
      vertex 7.89068 3.77769 5.49578
    endloop
  endfacet
  facet normal -0.890998 -0.454007 4.14139e-07
    outer loop
      vertex 7.66864 4.21347 24.8202
      vertex 7.91724 3.72557 5.54173
      vertex 7.73401 4.08518 24.7295
    endloop
  endfacet
  facet normal -0.891025 -0.453954 -8.32226e-07
    outer loop
      vertex 7.73401 4.08518 24.7295
      vertex 7.91724 3.72557 5.54173
      vertex 7.80203 3.95167 24.6473
    endloop
  endfacet
  facet normal -0.890975 -0.454052 6.16162e-07
    outer loop
      vertex 7.80203 3.95167 24.6473
      vertex 7.91724 3.72557 5.54173
      vertex 7.82642 3.90381 24.622
    endloop
  endfacet
  facet normal -0.891009 -0.453985 -1.69107e-07
    outer loop
      vertex 7.82642 3.90381 24.622
      vertex 7.91724 3.72557 5.54173
      vertex 7.87246 3.81345 24.5741
    endloop
  endfacet
  facet normal -0.890995 -0.454014 0
    outer loop
      vertex 7.87246 3.81345 24.5741
      vertex 7.91724 3.72557 5.54173
      vertex 7.91724 3.72557 24.5345
    endloop
  endfacet
  facet normal -0.891178 -0.453654 5.13704e-06
    outer loop
      vertex 7.66768 4.21534 33.0137
      vertex 7.8181 3.92013 57.8629
      vertex 7.81724 3.92182 57.9141
    endloop
  endfacet
  facet normal -0.891394 -0.453229 6.13255e-06
    outer loop
      vertex 7.73401 4.08518 33.106
      vertex 7.81995 3.91649 57.7527
      vertex 7.8181 3.92013 57.8629
    endloop
  endfacet
  facet normal -0.890817 -0.454362 -3.63084e-06
    outer loop
      vertex 7.73401 4.08518 33.106
      vertex 7.82551 3.90559 57.643
      vertex 7.81995 3.91649 57.7527
    endloop
  endfacet
  facet normal -0.890975 -0.454051 -4.94746e-07
    outer loop
      vertex 7.91724 3.72557 56.9535
      vertex 7.80203 3.95167 33.1881
      vertex 7.82642 3.90381 33.2135
    endloop
  endfacet
  facet normal -0.890888 -0.454223 -2.35358e-06
    outer loop
      vertex 7.73401 4.08518 33.106
      vertex 7.82809 3.90053 57.592
      vertex 7.82551 3.90559 57.643
    endloop
  endfacet
  facet normal -0.891015 -0.453973 2.10852e-08
    outer loop
      vertex 7.73401 4.08518 33.106
      vertex 7.83238 3.89211 57.5414
      vertex 7.82809 3.90053 57.592
    endloop
  endfacet
  facet normal -0.891053 -0.4539 7.53176e-07
    outer loop
      vertex 7.73401 4.08518 33.106
      vertex 7.8416 3.87401 57.4326
      vertex 7.83238 3.89211 57.5414
    endloop
  endfacet
  facet normal -0.89094 -0.454121 -1.66803e-06
    outer loop
      vertex 7.73401 4.08518 33.106
      vertex 7.85445 3.8488 57.3253
      vertex 7.8416 3.87401 57.4326
    endloop
  endfacet
  facet normal -0.891221 -0.453569 5.11698e-06
    outer loop
      vertex 7.73401 4.08518 33.106
      vertex 7.86045 3.83701 57.2751
      vertex 7.85445 3.8488 57.3253
    endloop
  endfacet
  facet normal -0.891009 -0.453985 1.35782e-07
    outer loop
      vertex 7.91724 3.72557 56.9535
      vertex 7.82642 3.90381 33.2135
      vertex 7.87246 3.81345 33.2614
    endloop
  endfacet
  facet normal -0.890969 -0.454063 -1.27316e-06
    outer loop
      vertex 7.73401 4.08518 33.106
      vertex 7.87685 3.80483 57.1696
      vertex 7.86045 3.83701 57.2751
    endloop
  endfacet
  facet normal -0.890987 -0.45403 -7.76278e-07
    outer loop
      vertex 7.73401 4.08518 33.106
      vertex 7.88456 3.7897 57.1201
      vertex 7.87685 3.80483 57.1696
    endloop
  endfacet
  facet normal -0.891066 -0.453874 1.62865e-06
    outer loop
      vertex 7.73401 4.08518 33.106
      vertex 7.90443 3.75069 57.017
      vertex 7.88456 3.7897 57.1201
    endloop
  endfacet
  facet normal -0.890833 -0.454332 -6.42964e-06
    outer loop
      vertex 7.73401 4.08518 33.106
      vertex 7.91384 3.73224 56.9682
      vertex 7.90443 3.75069 57.017
    endloop
  endfacet
  facet normal -0.890995 -0.454014 -0
    outer loop
      vertex 7.91724 3.72557 56.9535
      vertex 7.87246 3.81345 33.2614
      vertex 7.91724 3.72557 33.301
    endloop
  endfacet
  facet normal -0.89093 -0.454141 -2.87257e-06
    outer loop
      vertex 7.73401 4.08518 33.106
      vertex 7.91724 3.72557 56.9535
      vertex 7.91384 3.73224 56.9682
    endloop
  endfacet
  facet normal -0.889606 -0.456729 -4.09033e-05
    outer loop
      vertex 7.8181 3.92013 57.8629
      vertex 7.66768 4.21534 33.0137
      vertex 7.66864 4.21347 33.0152
    endloop
  endfacet
  facet normal -0.890998 -0.454007 -3.98107e-07
    outer loop
      vertex 7.8181 3.92013 57.8629
      vertex 7.66864 4.21347 33.0152
      vertex 7.73401 4.08518 33.106
    endloop
  endfacet
  facet normal -0.891025 -0.453954 6.6808e-07
    outer loop
      vertex 7.91724 3.72557 56.9535
      vertex 7.73401 4.08518 33.106
      vertex 7.80203 3.95167 33.1881
    endloop
  endfacet
  facet normal -0.891002 -0.454 0
    outer loop
      vertex 7.66768 4.21534 33.0137
      vertex 7.81724 3.92182 57.9141
      vertex 7.66768 4.21534 82
    endloop
  endfacet
  facet normal -0.891002 -0.454 -0
    outer loop
      vertex 7.81724 3.92182 61.9517
      vertex 7.66768 4.21534 82
      vertex 7.81724 3.92182 57.9141
    endloop
  endfacet
  facet normal -0.891167 -0.453675 -6.00183e-06
    outer loop
      vertex 7.8181 3.92013 62.0028
      vertex 7.66768 4.21534 82
      vertex 7.81724 3.92182 61.9517
    endloop
  endfacet
  facet normal -0.891325 -0.453365 -1.17659e-05
    outer loop
      vertex 7.81995 3.91649 62.113
      vertex 7.66768 4.21534 82
      vertex 7.8181 3.92013 62.0028
    endloop
  endfacet
  facet normal -0.890829 -0.454338 6.65037e-06
    outer loop
      vertex 7.82551 3.90559 62.2227
      vertex 7.66768 4.21534 82
      vertex 7.81995 3.91649 62.113
    endloop
  endfacet
  facet normal -0.890895 -0.454209 4.115e-06
    outer loop
      vertex 7.82809 3.90053 62.2737
      vertex 7.66768 4.21534 82
      vertex 7.82551 3.90559 62.2227
    endloop
  endfacet
  facet normal -0.891014 -0.453976 -5.74086e-07
    outer loop
      vertex 7.83238 3.89211 62.3244
      vertex 7.66768 4.21534 82
      vertex 7.82809 3.90053 62.2737
    endloop
  endfacet
  facet normal -0.89105 -0.453906 -2.02532e-06
    outer loop
      vertex 7.8416 3.87401 62.4332
      vertex 7.66768 4.21534 82
      vertex 7.83238 3.89211 62.3244
    endloop
  endfacet
  facet normal -0.890942 -0.454118 2.63514e-06
    outer loop
      vertex 7.85445 3.8488 62.5405
      vertex 7.66768 4.21534 82
      vertex 7.8416 3.87401 62.4332
    endloop
  endfacet
  facet normal -0.891213 -0.453586 -9.99103e-06
    outer loop
      vertex 7.86045 3.83701 62.5907
      vertex 7.66768 4.21534 82
      vertex 7.85445 3.8488 62.5405
    endloop
  endfacet
  facet normal -0.89097 -0.454062 1.70747e-06
    outer loop
      vertex 7.87685 3.80483 62.6961
      vertex 7.66768 4.21534 82
      vertex 7.86045 3.83701 62.5907
    endloop
  endfacet
  facet normal -0.890987 -0.454029 8.27023e-07
    outer loop
      vertex 7.88456 3.7897 62.7457
      vertex 7.66768 4.21534 82
      vertex 7.87685 3.80483 62.6961
    endloop
  endfacet
  facet normal -0.891064 -0.453878 -3.38719e-06
    outer loop
      vertex 7.90443 3.75069 62.8488
      vertex 7.66768 4.21534 82
      vertex 7.88456 3.7897 62.7457
    endloop
  endfacet
  facet normal -0.890837 -0.454324 1.02324e-05
    outer loop
      vertex 7.91384 3.73224 62.8976
      vertex 7.66768 4.21534 82
      vertex 7.90443 3.75069 62.8488
    endloop
  endfacet
  facet normal -0.890931 -0.454138 4.32525e-06
    outer loop
      vertex 7.91724 3.72557 62.9122
      vertex 7.66768 4.21534 82
      vertex 7.91384 3.73224 62.8976
    endloop
  endfacet
  facet normal -0.890999 -0.454005 0
    outer loop
      vertex 7.66768 4.21534 82
      vertex 7.91724 3.72557 62.9122
      vertex 7.91724 3.72557 82
    endloop
  endfacet
  facet normal 0.397136 -0.91776 0
    outer loop
      vertex -3.72557 7.91724 0
      vertex -3.22109 8.13554 82
      vertex -3.72557 7.91724 82
    endloop
  endfacet
  facet normal 0.397136 -0.91776 0
    outer loop
      vertex -3.22109 8.13554 82
      vertex -3.72557 7.91724 0
      vertex -3.22109 8.13554 0
    endloop
  endfacet
  facet normal 0.987688 0.156434 0
    outer loop
      vertex -8.59501 -1.63959 82
      vertex -8.681 -1.09667 0
      vertex -8.681 -1.09667 82
    endloop
  endfacet
  facet normal 0.987688 0.156434 0
    outer loop
      vertex -8.681 -1.09667 0
      vertex -8.59501 -1.63959 82
      vertex -8.59501 -1.63959 0
    endloop
  endfacet
  facet normal -0.890982 0.454038 0
    outer loop
      vertex 7.89068 -3.77769 5.49578
      vertex 7.91724 -3.72557 25.9384
      vertex 7.91724 -3.72557 5.54173
    endloop
  endfacet
  facet normal -0.890998 0.454008 9.92307e-08
    outer loop
      vertex 7.83252 -3.89183 5.38164
      vertex 7.91724 -3.72557 25.9384
      vertex 7.89068 -3.77769 5.49578
    endloop
  endfacet
  facet normal -0.89103 0.453945 7.35251e-07
    outer loop
      vertex 7.77814 -3.99857 5.26056
      vertex 7.91724 -3.72557 25.9384
      vertex 7.83252 -3.89183 5.38164
    endloop
  endfacet
  facet normal -0.890997 0.45401 -3.39856e-07
    outer loop
      vertex 7.72773 -4.0975 5.13301
      vertex 7.91724 -3.72557 25.9384
      vertex 7.77814 -3.99857 5.26056
    endloop
  endfacet
  facet normal -0.891003 0.453996 -3.95565e-08
    outer loop
      vertex 7.6815 -4.18823 4.99952
      vertex 7.91724 -3.72557 25.9384
      vertex 7.72773 -4.0975 5.13301
    endloop
  endfacet
  facet normal -0.890913 0.454174 -4.97238e-06
    outer loop
      vertex 7.66768 -4.21534 4.95367
      vertex 7.91724 -3.72557 25.9384
      vertex 7.6815 -4.18823 4.99952
    endloop
  endfacet
  facet normal -0.890931 0.454139 -3.95195e-06
    outer loop
      vertex 7.91724 -3.72557 25.9384
      vertex 7.66768 -4.21534 4.95367
      vertex 7.91384 -3.73224 25.9531
    endloop
  endfacet
  facet normal -0.890836 0.454326 -9.36213e-06
    outer loop
      vertex 7.91384 -3.73224 25.9531
      vertex 7.66768 -4.21534 4.95367
      vertex 7.90443 -3.75069 26.0018
    endloop
  endfacet
  facet normal -0.891064 0.453878 3.09875e-06
    outer loop
      vertex 7.90443 -3.75069 26.0018
      vertex 7.66768 -4.21534 4.95367
      vertex 7.88456 -3.7897 26.1049
    endloop
  endfacet
  facet normal -0.890987 0.45403 -7.57442e-07
    outer loop
      vertex 7.88456 -3.7897 26.1049
      vertex 7.66768 -4.21534 4.95367
      vertex 7.87685 -3.80483 26.1545
    endloop
  endfacet
  facet normal -0.89097 0.454063 -1.56381e-06
    outer loop
      vertex 7.87685 -3.80483 26.1545
      vertex 7.66768 -4.21534 4.95367
      vertex 7.86045 -3.83701 26.2599
    endloop
  endfacet
  facet normal -0.891214 0.453583 9.16405e-06
    outer loop
      vertex 7.86045 -3.83701 26.2599
      vertex 7.66768 -4.21534 4.95367
      vertex 7.85445 -3.8488 26.3101
    endloop
  endfacet
  facet normal -0.890941 0.454119 -2.41686e-06
    outer loop
      vertex 7.85445 -3.8488 26.3101
      vertex 7.66768 -4.21534 4.95367
      vertex 7.8416 -3.87401 26.4175
    endloop
  endfacet
  facet normal -0.89105 0.453905 1.86209e-06
    outer loop
      vertex 7.8416 -3.87401 26.4175
      vertex 7.66768 -4.21534 4.95367
      vertex 7.83238 -3.89211 26.5262
    endloop
  endfacet
  facet normal -0.891014 0.453976 5.27782e-07
    outer loop
      vertex 7.83238 -3.89211 26.5262
      vertex 7.66768 -4.21534 4.95367
      vertex 7.82809 -3.90053 26.5769
    endloop
  endfacet
  facet normal -0.891002 0.454 0
    outer loop
      vertex 7.66768 -4.21534 55.8369
      vertex 7.81724 -3.92182 30.9365
      vertex 7.81724 -3.92182 26.8989
    endloop
  endfacet
  facet normal -0.890894 0.454212 -3.8002e-06
    outer loop
      vertex 7.82809 -3.90053 26.5769
      vertex 7.66768 -4.21534 4.95367
      vertex 7.82551 -3.90559 26.6279
    endloop
  endfacet
  facet normal -0.890827 0.454342 -6.14151e-06
    outer loop
      vertex 7.82551 -3.90559 26.6279
      vertex 7.66768 -4.21534 4.95367
      vertex 7.81995 -3.91649 26.7376
    endloop
  endfacet
  facet normal -0.891025 0.453955 -7.83596e-08
    outer loop
      vertex 7.81724 -3.92182 30.9365
      vertex 7.73401 -4.08518 55.7446
      vertex 7.80203 -3.95167 55.6625
    endloop
  endfacet
  facet normal -0.891334 0.453347 1.10421e-05
    outer loop
      vertex 7.81995 -3.91649 26.7376
      vertex 7.66768 -4.21534 4.95367
      vertex 7.8181 -3.92013 26.8478
    endloop
  endfacet
  facet normal -0.891172 0.453666 5.63245e-06
    outer loop
      vertex 7.8181 -3.92013 26.8478
      vertex 7.66768 -4.21534 4.95367
      vertex 7.81724 -3.92182 26.8989
    endloop
  endfacet
  facet normal -0.890998 0.454007 3.56225e-07
    outer loop
      vertex 7.81724 -3.92182 30.9365
      vertex 7.66864 -4.21347 55.8354
      vertex 7.73401 -4.08518 55.7446
    endloop
  endfacet
  facet normal -0.891002 0.454 0
    outer loop
      vertex 7.81724 -3.92182 26.8989
      vertex 7.66768 -4.21534 4.95367
      vertex 7.66768 -4.21534 55.8369
    endloop
  endfacet
  facet normal -0.889606 0.456729 4.05423e-05
    outer loop
      vertex 7.81724 -3.92182 30.9365
      vertex 7.66768 -4.21534 55.8369
      vertex 7.66864 -4.21347 55.8354
    endloop
  endfacet
  facet normal -0.890929 0.454143 1.59261e-06
    outer loop
      vertex 7.80203 -3.95167 55.6625
      vertex 7.91724 -3.72557 31.8971
      vertex 7.91384 -3.73224 31.8824
    endloop
  endfacet
  facet normal -0.89083 0.454337 3.84872e-06
    outer loop
      vertex 7.80203 -3.95167 55.6625
      vertex 7.91384 -3.73224 31.8824
      vertex 7.90443 -3.75069 31.8336
    endloop
  endfacet
  facet normal -0.891066 0.453873 -1.07965e-06
    outer loop
      vertex 7.80203 -3.95167 55.6625
      vertex 7.90443 -3.75069 31.8336
      vertex 7.88456 -3.7897 31.7305
    endloop
  endfacet
  facet normal -0.890986 0.454031 2.64328e-07
    outer loop
      vertex 7.80203 -3.95167 55.6625
      vertex 7.88456 -3.7897 31.7305
      vertex 7.87685 -3.80483 31.681
    endloop
  endfacet
  facet normal -0.890995 0.454014 0
    outer loop
      vertex 7.91724 -3.72557 31.8971
      vertex 7.87246 -3.81345 55.5892
      vertex 7.91724 -3.72557 55.5496
    endloop
  endfacet
  facet normal -0.890968 0.454065 5.30133e-07
    outer loop
      vertex 7.80203 -3.95167 55.6625
      vertex 7.87685 -3.80483 31.681
      vertex 7.86045 -3.83701 31.5755
    endloop
  endfacet
  facet normal -0.891225 0.45356 -2.49704e-06
    outer loop
      vertex 7.80203 -3.95167 55.6625
      vertex 7.86045 -3.83701 31.5755
      vertex 7.85445 -3.8488 31.5253
    endloop
  endfacet
  facet normal -0.890938 0.454125 5.33956e-07
    outer loop
      vertex 7.80203 -3.95167 55.6625
      vertex 7.85445 -3.8488 31.5253
      vertex 7.8416 -3.87401 31.418
    endloop
  endfacet
  facet normal -0.891054 0.453898 -3.82101e-07
    outer loop
      vertex 7.80203 -3.95167 55.6625
      vertex 7.8416 -3.87401 31.418
      vertex 7.83238 -3.89211 31.3092
    endloop
  endfacet
  facet normal -0.891015 0.453974 -1.48168e-07
    outer loop
      vertex 7.80203 -3.95167 55.6625
      vertex 7.83238 -3.89211 31.3092
      vertex 7.82809 -3.90053 31.2586
    endloop
  endfacet
  facet normal -0.891009 0.453985 -1.35782e-07
    outer loop
      vertex 7.91724 -3.72557 31.8971
      vertex 7.82642 -3.90381 55.6371
      vertex 7.87246 -3.81345 55.5892
    endloop
  endfacet
  facet normal -0.89088 0.454238 5.48269e-07
    outer loop
      vertex 7.80203 -3.95167 55.6625
      vertex 7.82809 -3.90053 31.2586
      vertex 7.82551 -3.90559 31.2076
    endloop
  endfacet
  facet normal -0.890806 0.454384 8.94698e-07
    outer loop
      vertex 7.80203 -3.95167 55.6625
      vertex 7.82551 -3.90559 31.2076
      vertex 7.81995 -3.91649 31.0979
    endloop
  endfacet
  facet normal -0.891452 0.453115 -1.39319e-06
    outer loop
      vertex 7.80203 -3.95167 55.6625
      vertex 7.81995 -3.91649 31.0979
      vertex 7.8181 -3.92013 30.9877
    endloop
  endfacet
  facet normal -0.891232 0.453548 -6.97509e-07
    outer loop
      vertex 7.80203 -3.95167 55.6625
      vertex 7.8181 -3.92013 30.9877
      vertex 7.81724 -3.92182 30.9365
    endloop
  endfacet
  facet normal -0.890975 0.454051 4.94746e-07
    outer loop
      vertex 7.91724 -3.72557 31.8971
      vertex 7.80203 -3.95167 55.6625
      vertex 7.82642 -3.90381 55.6371
    endloop
  endfacet
  facet normal -0.890995 0.454014 3.21536e-07
    outer loop
      vertex 7.66768 -4.21534 82
      vertex 7.91724 -3.72557 64.3161
      vertex 7.87246 -3.81345 64.2766
    endloop
  endfacet
  facet normal -0.891009 0.453985 -4.97639e-07
    outer loop
      vertex 7.66768 -4.21534 82
      vertex 7.87246 -3.81345 64.2766
      vertex 7.82642 -3.90381 64.2287
    endloop
  endfacet
  facet normal -0.890976 0.454051 9.55172e-07
    outer loop
      vertex 7.66768 -4.21534 82
      vertex 7.82642 -3.90381 64.2287
      vertex 7.80203 -3.95167 64.2033
    endloop
  endfacet
  facet normal -0.891025 0.453955 -8.30596e-07
    outer loop
      vertex 7.66768 -4.21534 82
      vertex 7.80203 -3.95167 64.2033
      vertex 7.73401 -4.08518 64.1211
    endloop
  endfacet
  facet normal -0.890998 0.454007 -3.54198e-07
    outer loop
      vertex 7.66768 -4.21534 82
      vertex 7.73401 -4.08518 64.1211
      vertex 7.66864 -4.21347 64.0304
    endloop
  endfacet
  facet normal -0.889619 0.456703 0
    outer loop
      vertex 7.66768 -4.21534 82
      vertex 7.66864 -4.21347 64.0304
      vertex 7.66768 -4.21534 64.0289
    endloop
  endfacet
  facet normal -0.890999 0.454005 0
    outer loop
      vertex 7.91724 -3.72557 64.3161
      vertex 7.66768 -4.21534 82
      vertex 7.91724 -3.72557 82
    endloop
  endfacet
  facet normal -0.86074 -0.509045 0
    outer loop
      vertex 7.44717 4.58821 3.62276
      vertex 7.38787 4.68848 25.2974
      vertex 7.38787 4.68848 0
    endloop
  endfacet
  facet normal -0.860253 -0.509868 5.14032e-06
    outer loop
      vertex 7.45017 4.58315 3.78409
      vertex 7.38787 4.68848 25.2974
      vertex 7.44717 4.58821 3.62276
    endloop
  endfacet
  facet normal -0.86074 -0.509045 -0
    outer loop
      vertex 7.44717 4.58821 3.62276
      vertex 7.38787 4.68848 0
      vertex 7.44717 4.58821 0
    endloop
  endfacet
  facet normal -0.860959 -0.508674 -2.74512e-06
    outer loop
      vertex 7.45915 4.56795 3.9448
      vertex 7.38787 4.68848 25.2974
      vertex 7.45017 4.58315 3.78409
    endloop
  endfacet
  facet normal -0.860697 -0.509117 6.25606e-07
    outer loop
      vertex 7.47408 4.54271 4.10422
      vertex 7.38787 4.68848 25.2974
      vertex 7.45915 4.56795 3.9448
    endloop
  endfacet
  facet normal -0.860732 -0.509058 8.15552e-08
    outer loop
      vertex 7.49491 4.50749 4.26174
      vertex 7.38787 4.68848 25.2974
      vertex 7.47408 4.54271 4.10422
    endloop
  endfacet
  facet normal -0.860747 -0.509033 -2.18432e-07
    outer loop
      vertex 7.52154 4.46246 4.41675
      vertex 7.38787 4.68848 25.2974
      vertex 7.49491 4.50749 4.26174
    endloop
  endfacet
  facet normal -0.860726 -0.509068 3.00941e-07
    outer loop
      vertex 7.55388 4.40778 4.56862
      vertex 7.38787 4.68848 25.2974
      vertex 7.52154 4.46246 4.41675
    endloop
  endfacet
  facet normal -0.860768 -0.508998 -9.8236e-07
    outer loop
      vertex 7.59179 4.34367 4.71675
      vertex 7.38787 4.68848 25.2974
      vertex 7.55388 4.40778 4.56862
    endloop
  endfacet
  facet normal -0.860751 -0.509027 -3.32189e-07
    outer loop
      vertex 7.63512 4.2704 4.86058
      vertex 7.38787 4.68848 25.2974
      vertex 7.59179 4.34367 4.71675
    endloop
  endfacet
  facet normal -0.860758 -0.509015 -6.65585e-07
    outer loop
      vertex 7.66768 4.21534 4.95367
      vertex 7.38787 4.68848 25.2974
      vertex 7.63512 4.2704 4.86058
    endloop
  endfacet
  facet normal -0.860636 -0.50922 5.79288e-06
    outer loop
      vertex 7.38787 4.68848 25.2974
      vertex 7.66768 4.21534 4.95367
      vertex 7.40378 4.66159 25.2611
    endloop
  endfacet
  facet normal -0.860737 -0.50905 7.37101e-07
    outer loop
      vertex 7.40378 4.66159 25.2611
      vertex 7.66768 4.21534 4.95367
      vertex 7.44399 4.5936 25.1803
    endloop
  endfacet
  facet normal -0.860884 -0.508801 -5.53122e-06
    outer loop
      vertex 7.44399 4.5936 25.1803
      vertex 7.66768 4.21534 4.95367
      vertex 7.46402 4.55971 25.14
    endloop
  endfacet
  facet normal -0.86071 -0.509095 1.22566e-06
    outer loop
      vertex 7.46402 4.55971 25.14
      vertex 7.66768 4.21534 4.95367
      vertex 7.52845 4.45078 25.0259
    endloop
  endfacet
  facet normal -0.860748 -0.509031 2.06631e-07
    outer loop
      vertex 7.52845 4.45078 25.0259
      vertex 7.66768 4.21534 4.95367
      vertex 7.59679 4.33522 24.9192
    endloop
  endfacet
  facet normal -0.860764 -0.509005 0
    outer loop
      vertex 7.59679 4.33522 24.9192
      vertex 7.66768 4.21534 4.95367
      vertex 7.66768 4.21534 24.8217
    endloop
  endfacet
  facet normal -0.86064 -0.509214 0
    outer loop
      vertex 7.40378 4.66159 32.5743
      vertex 7.38787 4.68848 82
      vertex 7.38787 4.68848 32.538
    endloop
  endfacet
  facet normal -0.860737 -0.509049 -1.21331e-07
    outer loop
      vertex 7.44399 4.5936 32.6552
      vertex 7.38787 4.68848 82
      vertex 7.40378 4.66159 32.5743
    endloop
  endfacet
  facet normal -0.860881 -0.508807 -7.50088e-07
    outer loop
      vertex 7.46402 4.55971 32.6954
      vertex 7.38787 4.68848 82
      vertex 7.44399 4.5936 32.6552
    endloop
  endfacet
  facet normal -0.860711 -0.509094 2.60765e-07
    outer loop
      vertex 7.52845 4.45078 32.8096
      vertex 7.38787 4.68848 82
      vertex 7.46402 4.55971 32.6954
    endloop
  endfacet
  facet normal -0.860748 -0.509031 -1.51774e-07
    outer loop
      vertex 7.59679 4.33522 32.9163
      vertex 7.38787 4.68848 82
      vertex 7.52845 4.45078 32.8096
    endloop
  endfacet
  facet normal -0.860763 -0.509005 -3.96775e-07
    outer loop
      vertex 7.66768 4.21534 33.0137
      vertex 7.38787 4.68848 82
      vertex 7.59679 4.33522 32.9163
    endloop
  endfacet
  facet normal -0.860745 -0.509036 0
    outer loop
      vertex 7.38787 4.68848 82
      vertex 7.66768 4.21534 33.0137
      vertex 7.66768 4.21534 82
    endloop
  endfacet
  facet normal 0.860745 -0.509036 0
    outer loop
      vertex -7.66768 4.21534 82
      vertex -7.38787 4.68848 0
      vertex -7.38787 4.68848 82
    endloop
  endfacet
  facet normal 0.860745 -0.509036 0
    outer loop
      vertex -7.38787 4.68848 0
      vertex -7.66768 4.21534 82
      vertex -7.66768 4.21534 0
    endloop
  endfacet
  facet normal -0.97591 -0.218172 0
    outer loop
      vertex 8.51025 2.01881 6.19216
      vertex 8.4751 2.17604 24.3295
      vertex 8.4751 2.17604 6.18722
    endloop
  endfacet
  facet normal -0.97592 -0.218129 -3.92778e-07
    outer loop
      vertex 8.59501 1.63959 6.19216
      vertex 8.4751 2.17604 24.3295
      vertex 8.51025 2.01881 6.19216
    endloop
  endfacet
  facet normal -0.975917 -0.218142 0
    outer loop
      vertex 8.4751 2.17604 24.3295
      vertex 8.59501 1.63959 6.19216
      vertex 8.59501 1.63959 24.3295
    endloop
  endfacet
  facet normal -0.975923 -0.218116 0
    outer loop
      vertex 8.4751 2.17604 33.5059
      vertex 8.49652 2.0802 55.4704
      vertex 8.4751 2.17604 55.5041
    endloop
  endfacet
  facet normal -0.975906 -0.21819 -3.35763e-07
    outer loop
      vertex 8.4751 2.17604 33.5059
      vertex 8.51945 1.97764 55.4413
      vertex 8.49652 2.0802 55.4704
    endloop
  endfacet
  facet normal -0.97592 -0.218127 2.62785e-07
    outer loop
      vertex 8.4751 2.17604 33.5059
      vertex 8.532 1.92149 55.4254
      vertex 8.51945 1.97764 55.4413
    endloop
  endfacet
  facet normal -0.97591 -0.218175 -3.2203e-07
    outer loop
      vertex 8.4751 2.17604 33.5059
      vertex 8.54481 1.86419 55.4129
      vertex 8.532 1.92149 55.4254
    endloop
  endfacet
  facet normal -0.975917 -0.218143 1.51508e-07
    outer loop
      vertex 8.4751 2.17604 33.5059
      vertex 8.56805 1.76022 55.3902
      vertex 8.54481 1.86419 55.4129
    endloop
  endfacet
  facet normal -0.975917 -0.218142 -0
    outer loop
      vertex 8.59501 1.63959 55.3715
      vertex 8.4751 2.17604 33.5059
      vertex 8.59501 1.63959 33.5059
    endloop
  endfacet
  facet normal -0.975924 -0.218113 7.56101e-07
    outer loop
      vertex 8.4751 2.17604 33.5059
      vertex 8.59501 1.63959 55.3715
      vertex 8.56805 1.76022 55.3902
    endloop
  endfacet
  facet normal -0.975923 -0.218116 0
    outer loop
      vertex 8.49652 2.0802 64.3953
      vertex 8.4751 2.17604 82
      vertex 8.4751 2.17604 64.3616
    endloop
  endfacet
  facet normal -0.975906 -0.21819 4.18787e-07
    outer loop
      vertex 8.51945 1.97764 64.4244
      vertex 8.4751 2.17604 82
      vertex 8.49652 2.0802 64.3953
    endloop
  endfacet
  facet normal -0.97592 -0.218127 -3.27757e-07
    outer loop
      vertex 8.532 1.92149 64.4404
      vertex 8.4751 2.17604 82
      vertex 8.51945 1.97764 64.4244
    endloop
  endfacet
  facet normal -0.97591 -0.218175 4.01736e-07
    outer loop
      vertex 8.54481 1.86419 64.4529
      vertex 8.4751 2.17604 82
      vertex 8.532 1.92149 64.4404
    endloop
  endfacet
  facet normal -0.975917 -0.218143 -1.89007e-07
    outer loop
      vertex 8.56805 1.76022 64.4756
      vertex 8.4751 2.17604 82
      vertex 8.54481 1.86419 64.4529
    endloop
  endfacet
  facet normal -0.975924 -0.218113 -9.4354e-07
    outer loop
      vertex 8.59501 1.63959 64.4942
      vertex 8.4751 2.17604 82
      vertex 8.56805 1.76022 64.4756
    endloop
  endfacet
  facet normal -0.975917 -0.218142 0
    outer loop
      vertex 8.4751 2.17604 82
      vertex 8.59501 1.63959 64.4942
      vertex 8.59501 1.63959 82
    endloop
  endfacet
  facet normal -0.56208 -0.827083 0
    outer loop
      vertex 4.68848 7.38787 0
      vertex 5.14312 7.0789 82
      vertex 4.68848 7.38787 82
    endloop
  endfacet
  facet normal -0.56208 -0.827083 -0
    outer loop
      vertex 5.14312 7.0789 82
      vertex 4.68848 7.38787 0
      vertex 5.14312 7.0789 0
    endloop
  endfacet
  facet normal -0.509036 0.860745 0
    outer loop
      vertex 4.68848 -7.38787 0
      vertex 4.21534 -7.66768 82
      vertex 4.68848 -7.38787 82
    endloop
  endfacet
  facet normal -0.509036 0.860745 0
    outer loop
      vertex 4.21534 -7.66768 82
      vertex 4.68848 -7.38787 0
      vertex 4.21534 -7.66768 0
    endloop
  endfacet
  facet normal 0.278995 0.960292 -0
    outer loop
      vertex -2.17604 -8.4751 0
      vertex -2.7039 -8.32174 82
      vertex -2.17604 -8.4751 82
    endloop
  endfacet
  facet normal 0.278995 0.960292 0
    outer loop
      vertex -2.7039 -8.32174 82
      vertex -2.17604 -8.4751 0
      vertex -2.7039 -8.32174 0
    endloop
  endfacet
  facet normal -0.56208 0.827083 0
    outer loop
      vertex 5.14312 -7.0789 0
      vertex 4.68848 -7.38787 82
      vertex 5.14312 -7.0789 82
    endloop
  endfacet
  facet normal -0.56208 0.827083 0
    outer loop
      vertex 4.68848 -7.38787 82
      vertex 5.14312 -7.0789 0
      vertex 4.68848 -7.38787 0
    endloop
  endfacet
  facet normal -0.940908 0.338661 0
    outer loop
      vertex 8.28254 -2.81281 6.06641
      vertex 8.32174 -2.7039 24.7454
      vertex 8.32174 -2.7039 6.09805
    endloop
  endfacet
  facet normal -0.940874 0.338757 -6.2977e-07
    outer loop
      vertex 8.22786 -2.96468 6.01172
      vertex 8.32174 -2.7039 24.7454
      vertex 8.28254 -2.81281 6.06641
    endloop
  endfacet
  facet normal -0.940881 0.338738 -3.25076e-07
    outer loop
      vertex 8.17453 -3.11281 5.94762
      vertex 8.32174 -2.7039 24.7454
      vertex 8.22786 -2.96468 6.01172
    endloop
  endfacet
  facet normal -0.940862 0.338791 -1.63696e-06
    outer loop
      vertex 8.13554 -3.22109 5.89246
      vertex 8.32174 -2.7039 24.7454
      vertex 8.17453 -3.11281 5.94762
    endloop
  endfacet
  facet normal -0.940948 0.33855 5.81948e-06
    outer loop
      vertex 8.32174 -2.7039 24.7454
      vertex 8.13554 -3.22109 5.89246
      vertex 8.3134 -2.72708 24.7606
    endloop
  endfacet
  facet normal -0.940867 0.338778 -8.99102e-07
    outer loop
      vertex 8.3134 -2.72708 24.7606
      vertex 8.13554 -3.22109 5.89246
      vertex 8.28063 -2.81809 24.8202
    endloop
  endfacet
  facet normal -0.940892 0.338707 7.8761e-07
    outer loop
      vertex 8.28063 -2.81809 24.8202
      vertex 8.13554 -3.22109 5.89246
      vertex 8.23304 -2.95029 24.9192
    endloop
  endfacet
  facet normal -0.940879 0.338744 2.06743e-07
    outer loop
      vertex 8.23304 -2.95029 24.9192
      vertex 8.13554 -3.22109 5.89246
      vertex 8.18786 -3.07578 25.0259
    endloop
  endfacet
  facet normal -0.940863 0.338787 -1.66356e-07
    outer loop
      vertex 8.18786 -3.07578 25.0259
      vertex 8.13554 -3.22109 5.89246
      vertex 8.1595 -3.15454 25.1019
    endloop
  endfacet
  facet normal -0.940921 0.338627 4.59177e-07
    outer loop
      vertex 8.1595 -3.15454 25.1019
      vertex 8.13554 -3.22109 5.89246
      vertex 8.14527 -3.19408 25.14
    endloop
  endfacet
  facet normal -0.940816 0.338917 0
    outer loop
      vertex 8.14527 -3.19408 25.14
      vertex 8.13554 -3.22109 5.89246
      vertex 8.13554 -3.22109 25.1696
    endloop
  endfacet
  facet normal -0.940948 0.33855 -4.9334e-06
    outer loop
      vertex 8.13554 -3.22109 55.3901
      vertex 8.32174 -2.7039 33.0901
      vertex 8.3134 -2.72708 33.0749
    endloop
  endfacet
  facet normal -0.94089 0.338713 0
    outer loop
      vertex 8.32174 -2.7039 33.0901
      vertex 8.30405 -2.75304 55.3447
      vertex 8.32174 -2.7039 55.3447
    endloop
  endfacet
  facet normal -0.940866 0.338778 7.62183e-07
    outer loop
      vertex 8.13554 -3.22109 55.3901
      vertex 8.3134 -2.72708 33.0749
      vertex 8.28063 -2.81809 33.0152
    endloop
  endfacet
  facet normal -0.940887 0.338719 1.69125e-08
    outer loop
      vertex 8.32174 -2.7039 33.0901
      vertex 8.24753 -2.91004 55.3497
      vertex 8.30405 -2.75304 55.3447
    endloop
  endfacet
  facet normal -0.940892 0.338707 -6.67892e-07
    outer loop
      vertex 8.13554 -3.22109 55.3901
      vertex 8.28063 -2.81809 33.0152
      vertex 8.23304 -2.95029 32.9163
    endloop
  endfacet
  facet normal -0.940853 0.338814 1.00899e-06
    outer loop
      vertex 8.32174 -2.7039 33.0901
      vertex 8.22727 -2.9663 55.3552
      vertex 8.24753 -2.91004 55.3497
    endloop
  endfacet
  facet normal -0.940878 0.338746 1.00938e-07
    outer loop
      vertex 8.32174 -2.7039 33.0901
      vertex 8.19122 -3.06643 55.3649
      vertex 8.22727 -2.9663 55.3552
    endloop
  endfacet
  facet normal -0.940879 0.338743 -1.75354e-07
    outer loop
      vertex 8.13554 -3.22109 55.3901
      vertex 8.23304 -2.95029 32.9163
      vertex 8.18786 -3.07578 32.8096
    endloop
  endfacet
  facet normal -0.940863 0.338787 1.41118e-07
    outer loop
      vertex 8.13554 -3.22109 55.3901
      vertex 8.18786 -3.07578 32.8096
      vertex 8.1595 -3.15454 32.7336
    endloop
  endfacet
  facet normal -0.940883 0.338733 -1.43212e-07
    outer loop
      vertex 8.32174 -2.7039 33.0901
      vertex 8.15533 -3.16612 55.3811
      vertex 8.19122 -3.06643 55.3649
    endloop
  endfacet
  facet normal -0.940921 0.338627 -3.8951e-07
    outer loop
      vertex 8.13554 -3.22109 55.3901
      vertex 8.1595 -3.15454 32.7336
      vertex 8.14527 -3.19408 32.6954
    endloop
  endfacet
  facet normal -0.940816 0.338917 0
    outer loop
      vertex 8.13554 -3.22109 55.3901
      vertex 8.14527 -3.19408 32.6954
      vertex 8.13554 -3.22109 32.6659
    endloop
  endfacet
  facet normal -0.940883 0.338732 -1.72509e-07
    outer loop
      vertex 8.32174 -2.7039 33.0901
      vertex 8.13554 -3.22109 55.3901
      vertex 8.15533 -3.16612 55.3811
    endloop
  endfacet
  facet normal -0.94089 0.338713 0
    outer loop
      vertex 8.30405 -2.75304 64.5211
      vertex 8.32174 -2.7039 82
      vertex 8.32174 -2.7039 64.5211
    endloop
  endfacet
  facet normal -0.940887 0.338719 -6.45397e-07
    outer loop
      vertex 8.13554 -3.22109 82
      vertex 8.30405 -2.75304 64.5211
      vertex 8.24753 -2.91004 64.516
    endloop
  endfacet
  facet normal -0.940853 0.338814 1.25622e-06
    outer loop
      vertex 8.13554 -3.22109 82
      vertex 8.24753 -2.91004 64.516
      vertex 8.22727 -2.9663 64.5106
    endloop
  endfacet
  facet normal -0.940878 0.338746 1.36595e-07
    outer loop
      vertex 8.13554 -3.22109 82
      vertex 8.22727 -2.9663 64.5106
      vertex 8.19122 -3.06643 64.5008
    endloop
  endfacet
  facet normal -0.940883 0.338733 4.41628e-09
    outer loop
      vertex 8.13554 -3.22109 82
      vertex 8.19122 -3.06643 64.5008
      vertex 8.15533 -3.16612 64.4846
    endloop
  endfacet
  facet normal -0.940883 0.338732 0
    outer loop
      vertex 8.13554 -3.22109 82
      vertex 8.15533 -3.16612 64.4846
      vertex 8.13554 -3.22109 64.4757
    endloop
  endfacet
  facet normal -0.940881 0.338738 -8.08603e-08
    outer loop
      vertex 8.30405 -2.75304 64.5211
      vertex 8.13554 -3.22109 82
      vertex 8.32174 -2.7039 82
    endloop
  endfacet
  facet normal -0.917791 0.397064 0
    outer loop
      vertex 8.12016 -3.25664 5.87435
      vertex 8.13554 -3.22109 25.1696
      vertex 8.13554 -3.22109 5.89246
    endloop
  endfacet
  facet normal -0.917756 0.397146 -1.79111e-07
    outer loop
      vertex 8.06004 -3.39557 5.79218
      vertex 8.13554 -3.22109 25.1696
      vertex 8.12016 -3.25664 5.87435
    endloop
  endfacet
  facet normal -0.917756 0.397144 -1.64057e-07
    outer loop
      vertex 8.00227 -3.52907 5.70145
      vertex 8.13554 -3.22109 25.1696
      vertex 8.06004 -3.39557 5.79218
    endloop
  endfacet
  facet normal -0.917743 0.397174 -7.13745e-07
    outer loop
      vertex 7.94707 -3.65662 5.60251
      vertex 8.13554 -3.22109 25.1696
      vertex 8.00227 -3.52907 5.70145
    endloop
  endfacet
  facet normal -0.917791 0.397064 2.18339e-06
    outer loop
      vertex 7.91724 -3.72557 5.54173
      vertex 8.13554 -3.22109 25.1696
      vertex 7.94707 -3.65662 5.60251
    endloop
  endfacet
  facet normal -0.917979 0.396628 1.54737e-05
    outer loop
      vertex 8.13554 -3.22109 25.1696
      vertex 7.91724 -3.72557 5.54173
      vertex 8.13128 -3.23095 25.1803
    endloop
  endfacet
  facet normal -0.917741 0.39718 -1.02026e-06
    outer loop
      vertex 8.13128 -3.23095 25.1803
      vertex 7.91724 -3.72557 5.54173
      vertex 8.09912 -3.30526 25.2611
    endloop
  endfacet
  facet normal -0.917734 0.397197 -1.43408e-06
    outer loop
      vertex 8.09912 -3.30526 25.2611
      vertex 7.91724 -3.72557 5.54173
      vertex 8.06917 -3.37446 25.3466
    endloop
  endfacet
  facet normal -0.917772 0.397108 4.25734e-07
    outer loop
      vertex 8.06917 -3.37446 25.3466
      vertex 7.91724 -3.72557 5.54173
      vertex 8.05445 -3.40848 25.3887
    endloop
  endfacet
  facet normal -0.917765 0.397123 1.39596e-07
    outer loop
      vertex 8.05445 -3.40848 25.3887
      vertex 7.91724 -3.72557 5.54173
      vertex 8.01349 -3.50314 25.5222
    endloop
  endfacet
  facet normal -0.917747 0.397165 -4.08261e-07
    outer loop
      vertex 8.01349 -3.50314 25.5222
      vertex 7.91724 -3.72557 5.54173
      vertex 8.00139 -3.5311 25.5675
    endloop
  endfacet
  facet normal -0.917751 0.397157 -3.15916e-07
    outer loop
      vertex 8.00139 -3.5311 25.5675
      vertex 7.91724 -3.72557 5.54173
      vertex 7.97639 -3.58887 25.6611
    endloop
  endfacet
  facet normal -0.917771 0.397109 6.62102e-08
    outer loop
      vertex 7.97639 -3.58887 25.6611
      vertex 7.91724 -3.72557 5.54173
      vertex 7.95402 -3.64057 25.7584
    endloop
  endfacet
  facet normal -0.917758 0.397139 -8.18915e-08
    outer loop
      vertex 7.95402 -3.64057 25.7584
      vertex 7.91724 -3.72557 5.54173
      vertex 7.94331 -3.66532 25.8049
    endloop
  endfacet
  facet normal -0.917726 0.397215 -3.49292e-07
    outer loop
      vertex 7.94331 -3.66532 25.8049
      vertex 7.91724 -3.72557 5.54173
      vertex 7.92369 -3.71065 25.9053
    endloop
  endfacet
  facet normal -0.917899 0.396813 0
    outer loop
      vertex 7.92369 -3.71065 25.9053
      vertex 7.91724 -3.72557 5.54173
      vertex 7.91724 -3.72557 25.9384
    endloop
  endfacet
  facet normal -0.916167 0.400797 0.000125243
    outer loop
      vertex 7.91724 -3.72557 82
      vertex 8.13554 -3.22109 64.4757
      vertex 8.13533 -3.22157 64.4756
    endloop
  endfacet
  facet normal -0.917772 0.397109 -7.96174e-07
    outer loop
      vertex 7.91724 -3.72557 82
      vertex 8.13533 -3.22157 64.4756
      vertex 8.06941 -3.37392 64.4404
    endloop
  endfacet
  facet normal -0.917756 0.397145 7.06534e-08
    outer loop
      vertex 7.91724 -3.72557 82
      vertex 8.06941 -3.37392 64.4404
      vertex 8.00453 -3.52385 64.3953
    endloop
  endfacet
  facet normal -0.917745 0.39717 4.02141e-07
    outer loop
      vertex 7.91724 -3.72557 82
      vertex 8.00453 -3.52385 64.3953
      vertex 7.96327 -3.61919 64.3598
    endloop
  endfacet
  facet normal -0.91774 0.397183 4.94726e-07
    outer loop
      vertex 7.91724 -3.72557 82
      vertex 7.96327 -3.61919 64.3598
      vertex 7.94096 -3.67074 64.3407
    endloop
  endfacet
  facet normal -0.917765 0.397124 2.7825e-07
    outer loop
      vertex 7.91724 -3.72557 82
      vertex 7.94096 -3.67074 64.3407
      vertex 7.91929 -3.72082 64.3183
    endloop
  endfacet
  facet normal -0.918142 0.396251 0
    outer loop
      vertex 7.91724 -3.72557 82
      vertex 7.91929 -3.72082 64.3183
      vertex 7.91724 -3.72557 64.3161
    endloop
  endfacet
  facet normal -0.91776 0.397136 0
    outer loop
      vertex 8.13554 -3.22109 64.4757
      vertex 7.91724 -3.72557 82
      vertex 8.13554 -3.22109 82
    endloop
  endfacet
  facet normal -0.916157 0.400819 0
    outer loop
      vertex 8.13554 -3.22109 32.6659
      vertex 8.13533 -3.22157 55.3902
      vertex 8.13554 -3.22109 55.3901
    endloop
  endfacet
  facet normal -0.91798 0.396627 -1.33207e-05
    outer loop
      vertex 7.91724 -3.72557 55.5496
      vertex 8.13554 -3.22109 32.6659
      vertex 8.13128 -3.23095 32.6551
    endloop
  endfacet
  facet normal -0.917741 0.39718 8.78498e-07
    outer loop
      vertex 7.91724 -3.72557 55.5496
      vertex 8.13128 -3.23095 32.6551
      vertex 8.09912 -3.30526 32.5743
    endloop
  endfacet
  facet normal -0.917772 0.397109 -9.32874e-08
    outer loop
      vertex 8.13554 -3.22109 32.6659
      vertex 8.06941 -3.37392 55.4254
      vertex 8.13533 -3.22157 55.3902
    endloop
  endfacet
  facet normal -0.917733 0.397197 1.23535e-06
    outer loop
      vertex 7.91724 -3.72557 55.5496
      vertex 8.09912 -3.30526 32.5743
      vertex 8.06917 -3.37446 32.4888
    endloop
  endfacet
  facet normal -0.917772 0.397108 -3.66753e-07
    outer loop
      vertex 7.91724 -3.72557 55.5496
      vertex 8.06917 -3.37446 32.4888
      vertex 8.05445 -3.40848 32.4468
    endloop
  endfacet
  facet normal -0.917765 0.397123 -1.20297e-07
    outer loop
      vertex 7.91724 -3.72557 55.5496
      vertex 8.05445 -3.40848 32.4468
      vertex 8.01349 -3.50314 32.3133
    endloop
  endfacet
  facet normal -0.917756 0.397145 1.99292e-07
    outer loop
      vertex 8.13554 -3.22109 32.6659
      vertex 8.00453 -3.52385 55.4704
      vertex 8.06941 -3.37392 55.4254
    endloop
  endfacet
  facet normal -0.917747 0.397165 3.5193e-07
    outer loop
      vertex 7.91724 -3.72557 55.5496
      vertex 8.01349 -3.50314 32.3133
      vertex 8.00139 -3.5311 32.268
    endloop
  endfacet
  facet normal -0.917751 0.397157 2.72327e-07
    outer loop
      vertex 7.91724 -3.72557 55.5496
      vertex 8.00139 -3.5311 32.268
      vertex 7.97639 -3.58887 32.1744
    endloop
  endfacet
  facet normal -0.917745 0.39717 5.87188e-07
    outer loop
      vertex 8.13554 -3.22109 32.6659
      vertex 7.96327 -3.61919 55.5059
      vertex 8.00453 -3.52385 55.4704
    endloop
  endfacet
  facet normal -0.917771 0.397109 -5.70885e-08
    outer loop
      vertex 7.91724 -3.72557 55.5496
      vertex 7.97639 -3.58887 32.1744
      vertex 7.95402 -3.64057 32.0771
    endloop
  endfacet
  facet normal -0.917758 0.397139 7.06082e-08
    outer loop
      vertex 7.91724 -3.72557 55.5496
      vertex 7.95402 -3.64057 32.0771
      vertex 7.94331 -3.66532 32.0305
    endloop
  endfacet
  facet normal -0.917739 0.397183 8.57126e-07
    outer loop
      vertex 8.13554 -3.22109 32.6659
      vertex 7.94096 -3.67074 55.5251
      vertex 7.96327 -3.61919 55.5059
    endloop
  endfacet
  facet normal -0.917726 0.397215 3.01209e-07
    outer loop
      vertex 7.91724 -3.72557 55.5496
      vertex 7.94331 -3.66532 32.0305
      vertex 7.92369 -3.71065 31.9301
    endloop
  endfacet
  facet normal -0.917765 0.397124 -5.26452e-07
    outer loop
      vertex 8.13554 -3.22109 32.6659
      vertex 7.91929 -3.72082 55.5475
      vertex 7.94096 -3.67074 55.5251
    endloop
  endfacet
  facet normal -0.917899 0.396813 0
    outer loop
      vertex 7.91724 -3.72557 55.5496
      vertex 7.92369 -3.71065 31.9301
      vertex 7.91724 -3.72557 31.8971
    endloop
  endfacet
  facet normal -0.918146 0.396242 -2.33805e-05
    outer loop
      vertex 8.13554 -3.22109 32.6659
      vertex 7.91724 -3.72557 55.5496
      vertex 7.91929 -3.72082 55.5475
    endloop
  endfacet
  facet normal -0.338738 0.940881 0
    outer loop
      vertex 3.22109 -8.13554 0
      vertex 2.7039 -8.32174 82
      vertex 3.22109 -8.13554 82
    endloop
  endfacet
  facet normal -0.338738 0.940881 0
    outer loop
      vertex 2.7039 -8.32174 82
      vertex 3.22109 -8.13554 0
      vertex 2.7039 -8.32174 0
    endloop
  endfacet
  facet normal -0.278995 0.960292 0
    outer loop
      vertex 2.7039 -8.32174 0
      vertex 2.17604 -8.4751 82
      vertex 2.7039 -8.32174 82
    endloop
  endfacet
  facet normal -0.278995 0.960292 0
    outer loop
      vertex 2.17604 -8.4751 82
      vertex 2.7039 -8.32174 0
      vertex 2.17604 -8.4751 0
    endloop
  endfacet
  facet normal 0.661304 0.750118 -0
    outer loop
      vertex -5.57746 -6.74199 0
      vertex -5.98979 -6.37848 82
      vertex -5.57746 -6.74199 82
    endloop
  endfacet
  facet normal 0.661304 0.750118 0
    outer loop
      vertex -5.98979 -6.37848 82
      vertex -5.57746 -6.74199 0
      vertex -5.98979 -6.37848 0
    endloop
  endfacet
  facet normal 0.56208 -0.827083 0
    outer loop
      vertex -5.14312 7.0789 0
      vertex -4.68848 7.38787 82
      vertex -5.14312 7.0789 82
    endloop
  endfacet
  facet normal 0.56208 -0.827083 0
    outer loop
      vertex -4.68848 7.38787 82
      vertex -5.14312 7.0789 0
      vertex -4.68848 7.38787 0
    endloop
  endfacet
  facet normal 0.0941072 -0.995562 0
    outer loop
      vertex -1.09667 8.681 0
      vertex -0.549417 8.73273 82
      vertex -1.09667 8.681 82
    endloop
  endfacet
  facet normal 0.0941072 -0.995562 0
    outer loop
      vertex -0.549417 8.73273 82
      vertex -1.09667 8.681 0
      vertex -0.549417 8.73273 0
    endloop
  endfacet
  facet normal -0.960272 -0.279064 0
    outer loop
      vertex 8.33514 2.65779 6.11144
      vertex 8.32174 2.7039 24.3295
      vertex 8.32174 2.7039 6.09805
    endloop
  endfacet
  facet normal -0.9603 -0.27897 -2.58993e-07
    outer loop
      vertex 8.3809 2.50027 6.14666
      vertex 8.32174 2.7039 24.3295
      vertex 8.33514 2.65779 6.11144
    endloop
  endfacet
  facet normal -0.960287 -0.279014 2.82546e-07
    outer loop
      vertex 8.42722 2.34085 6.17189
      vertex 8.32174 2.7039 24.3295
      vertex 8.3809 2.50027 6.14666
    endloop
  endfacet
  facet normal -0.96029 -0.279004 5.53487e-08
    outer loop
      vertex 8.47391 2.18015 6.18709
      vertex 8.32174 2.7039 24.3295
      vertex 8.42722 2.34085 6.17189
    endloop
  endfacet
  facet normal -0.960548 -0.278116 -2.77508e-05
    outer loop
      vertex 8.4751 2.17604 6.18722
      vertex 8.32174 2.7039 24.3295
      vertex 8.47391 2.18015 6.18709
    endloop
  endfacet
  facet normal -0.960292 -0.278995 0
    outer loop
      vertex 8.32174 2.7039 24.3295
      vertex 8.4751 2.17604 6.18722
      vertex 8.4751 2.17604 24.3295
    endloop
  endfacet
  facet normal -0.960308 -0.278941 0
    outer loop
      vertex 8.32174 2.7039 33.5059
      vertex 8.32872 2.67987 55.7446
      vertex 8.32174 2.7039 55.7605
    endloop
  endfacet
  facet normal -0.960277 -0.279048 -1.25576e-07
    outer loop
      vertex 8.32174 2.7039 33.5059
      vertex 8.34302 2.63066 55.7164
      vertex 8.32872 2.67987 55.7446
    endloop
  endfacet
  facet normal -0.960287 -0.279014 -3.67699e-09
    outer loop
      vertex 8.32174 2.7039 33.5059
      vertex 8.3703 2.53677 55.6625
      vertex 8.34302 2.63066 55.7164
    endloop
  endfacet
  facet normal -0.960299 -0.278972 3.41299e-07
    outer loop
      vertex 8.32174 2.7039 33.5059
      vertex 8.3852 2.48548 55.6371
      vertex 8.3703 2.53677 55.6625
    endloop
  endfacet
  facet normal -0.960287 -0.279014 -1.06021e-07
    outer loop
      vertex 8.32174 2.7039 33.5059
      vertex 8.41334 2.38863 55.5892
      vertex 8.3852 2.48548 55.6371
    endloop
  endfacet
  facet normal -0.960295 -0.278986 3.24488e-07
    outer loop
      vertex 8.32174 2.7039 33.5059
      vertex 8.44218 2.28936 55.5475
      vertex 8.41334 2.38863 55.5892
    endloop
  endfacet
  facet normal -0.960284 -0.279024 -4.60713e-07
    outer loop
      vertex 8.32174 2.7039 33.5059
      vertex 8.45767 2.23605 55.5251
      vertex 8.44218 2.28936 55.5475
    endloop
  endfacet
  facet normal -0.96032 -0.278899 2.41846e-06
    outer loop
      vertex 8.32174 2.7039 33.5059
      vertex 8.47362 2.18113 55.5059
      vertex 8.45767 2.23605 55.5251
    endloop
  endfacet
  facet normal -0.960292 -0.278995 -0
    outer loop
      vertex 8.4751 2.17604 55.5041
      vertex 8.32174 2.7039 33.5059
      vertex 8.4751 2.17604 33.5059
    endloop
  endfacet
  facet normal -0.960233 -0.279201 -5.36066e-06
    outer loop
      vertex 8.32174 2.7039 33.5059
      vertex 8.4751 2.17604 55.5041
      vertex 8.47362 2.18113 55.5059
    endloop
  endfacet
  facet normal -0.960308 -0.278941 0
    outer loop
      vertex 8.32872 2.67987 64.1211
      vertex 8.32174 2.7039 82
      vertex 8.32174 2.7039 64.1053
    endloop
  endfacet
  facet normal -0.960277 -0.279048 1.56174e-07
    outer loop
      vertex 8.34302 2.63066 64.1494
      vertex 8.32174 2.7039 82
      vertex 8.32872 2.67987 64.1211
    endloop
  endfacet
  facet normal -0.960287 -0.279014 4.57296e-09
    outer loop
      vertex 8.3703 2.53677 64.2033
      vertex 8.32174 2.7039 82
      vertex 8.34302 2.63066 64.1494
    endloop
  endfacet
  facet normal -0.960299 -0.278972 -4.24533e-07
    outer loop
      vertex 8.3852 2.48548 64.2286
      vertex 8.32174 2.7039 82
      vertex 8.3703 2.53677 64.2033
    endloop
  endfacet
  facet normal -0.960287 -0.279014 1.31873e-07
    outer loop
      vertex 8.41334 2.38863 64.2766
      vertex 8.32174 2.7039 82
      vertex 8.3852 2.48548 64.2286
    endloop
  endfacet
  facet normal -0.960295 -0.278986 -4.03719e-07
    outer loop
      vertex 8.44218 2.28936 64.3183
      vertex 8.32174 2.7039 82
      vertex 8.41334 2.38863 64.2766
    endloop
  endfacet
  facet normal -0.960284 -0.279024 5.73206e-07
    outer loop
      vertex 8.45767 2.23605 64.3407
      vertex 8.32174 2.7039 82
      vertex 8.44218 2.28936 64.3183
    endloop
  endfacet
  facet normal -0.96032 -0.2789 -3.01008e-06
    outer loop
      vertex 8.47362 2.18113 64.3599
      vertex 8.32174 2.7039 82
      vertex 8.45767 2.23605 64.3407
    endloop
  endfacet
  facet normal -0.960233 -0.279201 6.67569e-06
    outer loop
      vertex 8.4751 2.17604 64.3616
      vertex 8.32174 2.7039 82
      vertex 8.47362 2.18113 64.3599
    endloop
  endfacet
  facet normal -0.960292 -0.278995 0
    outer loop
      vertex 8.32174 2.7039 82
      vertex 8.4751 2.17604 64.3616
      vertex 8.4751 2.17604 82
    endloop
  endfacet
  facet normal 0.509036 -0.860745 0
    outer loop
      vertex -4.68848 7.38787 0
      vertex -4.21534 7.66768 82
      vertex -4.68848 7.38787 82
    endloop
  endfacet
  facet normal 0.509036 -0.860745 0
    outer loop
      vertex -4.21534 7.66768 82
      vertex -4.68848 7.38787 0
      vertex -4.21534 7.66768 0
    endloop
  endfacet
  facet normal 0.827083 -0.56208 0
    outer loop
      vertex -7.38787 4.68848 82
      vertex -7.0789 5.14312 0
      vertex -7.0789 5.14312 82
    endloop
  endfacet
  facet normal 0.827083 -0.56208 0
    outer loop
      vertex -7.0789 5.14312 0
      vertex -7.38787 4.68848 82
      vertex -7.38787 4.68848 0
    endloop
  endfacet
  facet normal -0.960548 0.278115 0
    outer loop
      vertex 8.47391 -2.18015 6.18709
      vertex 8.4751 -2.17604 24.489
      vertex 8.4751 -2.17604 6.18722
    endloop
  endfacet
  facet normal -0.96029 0.279004 -2.16445e-07
    outer loop
      vertex 8.42722 -2.34085 6.17189
      vertex 8.4751 -2.17604 24.489
      vertex 8.47391 -2.18015 6.18709
    endloop
  endfacet
  facet normal -0.960287 0.279015 -3.1931e-07
    outer loop
      vertex 8.3809 -2.50027 6.14666
      vertex 8.4751 -2.17604 24.489
      vertex 8.42722 -2.34085 6.17189
    endloop
  endfacet
  facet normal -0.9603 0.27897 5.40302e-07
    outer loop
      vertex 8.33514 -2.65779 6.11144
      vertex 8.4751 -2.17604 24.489
      vertex 8.3809 -2.50027 6.14666
    endloop
  endfacet
  facet normal -0.960233 0.279201 -6.0375e-06
    outer loop
      vertex 8.4751 -2.17604 24.489
      vertex 8.33514 -2.65779 6.11144
      vertex 8.47362 -2.18113 24.4908
    endloop
  endfacet
  facet normal -0.96032 0.278899 2.44628e-06
    outer loop
      vertex 8.47362 -2.18113 24.4908
      vertex 8.33514 -2.65779 6.11144
      vertex 8.45767 -2.23605 24.51
    endloop
  endfacet
  facet normal -0.960272 0.279065 -1.66106e-06
    outer loop
      vertex 8.32174 -2.7039 6.09805
      vertex 8.45767 -2.23605 24.51
      vertex 8.33514 -2.65779 6.11144
    endloop
  endfacet
  facet normal -0.960284 0.279024 -5.50022e-07
    outer loop
      vertex 8.45767 -2.23605 24.51
      vertex 8.32174 -2.7039 6.09805
      vertex 8.44218 -2.28936 24.5324
    endloop
  endfacet
  facet normal -0.960295 0.278986 3.8739e-07
    outer loop
      vertex 8.44218 -2.28936 24.5324
      vertex 8.32174 -2.7039 6.09805
      vertex 8.41334 -2.38863 24.5741
    endloop
  endfacet
  facet normal -0.960287 0.279014 -1.26548e-07
    outer loop
      vertex 8.41334 -2.38863 24.5741
      vertex 8.32174 -2.7039 6.09805
      vertex 8.3852 -2.48548 24.622
    endloop
  endfacet
  facet normal -0.960299 0.278972 4.07385e-07
    outer loop
      vertex 8.3852 -2.48548 24.622
      vertex 8.32174 -2.7039 6.09805
      vertex 8.3703 -2.53677 24.6473
    endloop
  endfacet
  facet normal -0.960287 0.279014 -4.38839e-09
    outer loop
      vertex 8.3703 -2.53677 24.6473
      vertex 8.32174 -2.7039 6.09805
      vertex 8.34302 -2.63066 24.7012
    endloop
  endfacet
  facet normal -0.960277 0.279048 -1.49871e-07
    outer loop
      vertex 8.34302 -2.63066 24.7012
      vertex 8.32174 -2.7039 6.09805
      vertex 8.32872 -2.67987 24.7295
    endloop
  endfacet
  facet normal -0.960308 0.278941 0
    outer loop
      vertex 8.32872 -2.67987 24.7295
      vertex 8.32174 -2.7039 6.09805
      vertex 8.32174 -2.7039 24.7454
    endloop
  endfacet
  facet normal -0.960233 0.279201 5.36066e-06
    outer loop
      vertex 8.32174 -2.7039 55.3447
      vertex 8.4751 -2.17604 33.3465
      vertex 8.47362 -2.18113 33.3447
    endloop
  endfacet
  facet normal -0.96032 0.278899 -2.41846e-06
    outer loop
      vertex 8.32174 -2.7039 55.3447
      vertex 8.47362 -2.18113 33.3447
      vertex 8.45767 -2.23605 33.3255
    endloop
  endfacet
  facet normal -0.960284 0.279024 4.60713e-07
    outer loop
      vertex 8.32174 -2.7039 55.3447
      vertex 8.45767 -2.23605 33.3255
      vertex 8.44218 -2.28936 33.3031
    endloop
  endfacet
  facet normal -0.960295 0.278986 -3.24488e-07
    outer loop
      vertex 8.32174 -2.7039 55.3447
      vertex 8.44218 -2.28936 33.3031
      vertex 8.41334 -2.38863 33.2614
    endloop
  endfacet
  facet normal -0.960287 0.279014 1.06021e-07
    outer loop
      vertex 8.32174 -2.7039 55.3447
      vertex 8.41334 -2.38863 33.2614
      vertex 8.3852 -2.48548 33.2135
    endloop
  endfacet
  facet normal -0.960299 0.278972 -3.41299e-07
    outer loop
      vertex 8.32174 -2.7039 55.3447
      vertex 8.3852 -2.48548 33.2135
      vertex 8.3703 -2.53677 33.1881
    endloop
  endfacet
  facet normal -0.960287 0.279014 3.67699e-09
    outer loop
      vertex 8.32174 -2.7039 55.3447
      vertex 8.3703 -2.53677 33.1881
      vertex 8.34302 -2.63066 33.1342
    endloop
  endfacet
  facet normal -0.960277 0.279048 1.25576e-07
    outer loop
      vertex 8.32174 -2.7039 55.3447
      vertex 8.34302 -2.63066 33.1342
      vertex 8.32872 -2.67987 33.106
    endloop
  endfacet
  facet normal -0.960308 0.278941 0
    outer loop
      vertex 8.32174 -2.7039 55.3447
      vertex 8.32872 -2.67987 33.106
      vertex 8.32174 -2.7039 33.0901
    endloop
  endfacet
  facet normal -0.960292 0.278995 0
    outer loop
      vertex 8.4751 -2.17604 33.3465
      vertex 8.32174 -2.7039 55.3447
      vertex 8.4751 -2.17604 55.3447
    endloop
  endfacet
  facet normal -0.960292 0.278995 0
    outer loop
      vertex 8.32174 -2.7039 64.5211
      vertex 8.4751 -2.17604 82
      vertex 8.4751 -2.17604 64.5211
    endloop
  endfacet
  facet normal -0.960292 0.278995 0
    outer loop
      vertex 8.4751 -2.17604 82
      vertex 8.32174 -2.7039 64.5211
      vertex 8.32174 -2.7039 82
    endloop
  endfacet
  facet normal 0.612909 0.790154 -0
    outer loop
      vertex -5.14312 -7.0789 0
      vertex -5.57746 -6.74199 82
      vertex -5.14312 -7.0789 82
    endloop
  endfacet
  facet normal 0.612909 0.790154 0
    outer loop
      vertex -5.57746 -6.74199 82
      vertex -5.14312 -7.0789 0
      vertex -5.57746 -6.74199 0
    endloop
  endfacet
  facet normal 0.890999 -0.454005 0
    outer loop
      vertex -7.91724 3.72557 82
      vertex -7.66768 4.21534 0
      vertex -7.66768 4.21534 82
    endloop
  endfacet
  facet normal 0.890999 -0.454005 0
    outer loop
      vertex -7.66768 4.21534 0
      vertex -7.91724 3.72557 82
      vertex -7.91724 3.72557 0
    endloop
  endfacet
  facet normal -0.707107 0.707107 0
    outer loop
      vertex 5.98979 -6.37848 0
      vertex 6.37848 -5.98979 82
      vertex 6.37848 -5.98979 0
    endloop
  endfacet
  facet normal -0.707107 0.707107 0
    outer loop
      vertex 6.37848 -5.98979 82
      vertex 5.98979 -6.37848 0
      vertex 5.98979 -6.37848 82
    endloop
  endfacet
  facet normal 0.827083 0.56208 0
    outer loop
      vertex -7.0789 -5.14312 82
      vertex -7.38787 -4.68848 0
      vertex -7.38787 -4.68848 82
    endloop
  endfacet
  facet normal 0.827083 0.56208 0
    outer loop
      vertex -7.38787 -4.68848 0
      vertex -7.0789 -5.14312 82
      vertex -7.0789 -5.14312 0
    endloop
  endfacet
  facet normal 0.338738 -0.940881 0
    outer loop
      vertex -3.22109 8.13554 0
      vertex -2.7039 8.32174 82
      vertex -3.22109 8.13554 82
    endloop
  endfacet
  facet normal 0.338738 -0.940881 0
    outer loop
      vertex -2.7039 8.32174 82
      vertex -3.22109 8.13554 0
      vertex -2.7039 8.32174 0
    endloop
  endfacet
  facet normal -0.987688 -0.156434 0
    outer loop
      vertex 8.681 1.09667 6.19216
      vertex 8.59501 1.63959 24.3295
      vertex 8.59501 1.63959 6.19216
    endloop
  endfacet
  facet normal -0.987688 -0.156434 0
    outer loop
      vertex 8.59501 1.63959 24.3295
      vertex 8.681 1.09667 6.19216
      vertex 8.681 1.09667 24.3295
    endloop
  endfacet
  facet normal -0.98768 -0.156489 0
    outer loop
      vertex 8.59501 1.63959 33.5059
      vertex 8.60172 1.59724 55.3649
      vertex 8.59501 1.63959 55.3715
    endloop
  endfacet
  facet normal -0.987685 -0.156457 6.54803e-08
    outer loop
      vertex 8.59501 1.63959 33.5059
      vertex 8.61831 1.49251 55.3552
      vertex 8.60172 1.59724 55.3649
    endloop
  endfacet
  facet normal -0.987695 -0.156393 5.00733e-07
    outer loop
      vertex 8.59501 1.63959 33.5059
      vertex 8.62763 1.43365 55.3497
      vertex 8.61831 1.49251 55.3552
    endloop
  endfacet
  facet normal -0.98769 -0.156425 2.00665e-07
    outer loop
      vertex 8.59501 1.63959 33.5059
      vertex 8.63702 1.37436 55.3479
      vertex 8.62763 1.43365 55.3497
    endloop
  endfacet
  facet normal -0.987687 -0.156441 -5.72952e-09
    outer loop
      vertex 8.59501 1.63959 33.5059
      vertex 8.65364 1.26943 55.3447
      vertex 8.63702 1.37436 55.3479
    endloop
  endfacet
  facet normal -0.987688 -0.156434 1.11725e-07
    outer loop
      vertex 8.681 1.09667 33.5059
      vertex 8.65364 1.26943 55.3447
      vertex 8.59501 1.63959 33.5059
    endloop
  endfacet
  facet normal -0.987691 -0.156421 0
    outer loop
      vertex 8.65364 1.26943 55.3447
      vertex 8.681 1.09667 33.5059
      vertex 8.681 1.09667 55.3447
    endloop
  endfacet
  facet normal -0.98768 -0.156489 0
    outer loop
      vertex 8.60172 1.59724 64.5008
      vertex 8.59501 1.63959 82
      vertex 8.59501 1.63959 64.4942
    endloop
  endfacet
  facet normal -0.987685 -0.156457 -8.17904e-08
    outer loop
      vertex 8.61831 1.49251 64.5106
      vertex 8.59501 1.63959 82
      vertex 8.60172 1.59724 64.5008
    endloop
  endfacet
  facet normal -0.987695 -0.156393 -6.2547e-07
    outer loop
      vertex 8.62763 1.43365 64.516
      vertex 8.59501 1.63959 82
      vertex 8.61831 1.49251 64.5106
    endloop
  endfacet
  facet normal -0.98769 -0.156425 -2.5068e-07
    outer loop
      vertex 8.63702 1.37436 64.5179
      vertex 8.59501 1.63959 82
      vertex 8.62763 1.43365 64.516
    endloop
  endfacet
  facet normal -0.987687 -0.156441 7.15776e-09
    outer loop
      vertex 8.65364 1.26943 64.5211
      vertex 8.59501 1.63959 82
      vertex 8.63702 1.37436 64.5179
    endloop
  endfacet
  facet normal -0.987691 -0.156421 -0
    outer loop
      vertex 8.681 1.09667 82
      vertex 8.65364 1.26943 64.5211
      vertex 8.681 1.09667 64.5211
    endloop
  endfacet
  facet normal -0.987688 -0.156434 -1.39593e-07
    outer loop
      vertex 8.65364 1.26943 64.5211
      vertex 8.681 1.09667 82
      vertex 8.59501 1.63959 82
    endloop
  endfacet
  facet normal 0.218142 -0.975917 0
    outer loop
      vertex -2.17604 8.4751 0
      vertex -1.63959 8.59501 82
      vertex -2.17604 8.4751 82
    endloop
  endfacet
  facet normal 0.218142 -0.975917 0
    outer loop
      vertex -1.63959 8.59501 82
      vertex -2.17604 8.4751 0
      vertex -1.63959 8.59501 0
    endloop
  endfacet
  facet normal 0.397136 0.91776 -0
    outer loop
      vertex -3.22109 -8.13554 0
      vertex -3.72557 -7.91724 82
      vertex -3.22109 -8.13554 82
    endloop
  endfacet
  facet normal 0.397136 0.91776 0
    outer loop
      vertex -3.72557 -7.91724 82
      vertex -3.22109 -8.13554 0
      vertex -3.72557 -7.91724 0
    endloop
  endfacet
  facet normal -0.0941072 0.995562 0
    outer loop
      vertex 1.09667 -8.681 0
      vertex 0.549417 -8.73273 82
      vertex 1.09667 -8.681 82
    endloop
  endfacet
  facet normal -0.0941072 0.995562 0
    outer loop
      vertex 0.549417 -8.73273 82
      vertex 1.09667 -8.681 0
      vertex 0.549417 -8.73273 0
    endloop
  endfacet
  facet normal 0.999506 -0.0314178 0
    outer loop
      vertex -8.75 0 82
      vertex -8.73273 0.549417 0
      vertex -8.73273 0.549417 82
    endloop
  endfacet
  facet normal 0.999506 -0.0314178 0
    outer loop
      vertex -8.73273 0.549417 0
      vertex -8.75 0 82
      vertex -8.75 0 0
    endloop
  endfacet
  facet normal 0.860745 0.509036 0
    outer loop
      vertex -7.38787 -4.68848 82
      vertex -7.66768 -4.21534 0
      vertex -7.66768 -4.21534 82
    endloop
  endfacet
  facet normal 0.860745 0.509036 0
    outer loop
      vertex -7.66768 -4.21534 0
      vertex -7.38787 -4.68848 82
      vertex -7.38787 -4.68848 0
    endloop
  endfacet
  facet normal 0.975917 0.218142 0
    outer loop
      vertex -8.4751 -2.17604 82
      vertex -8.59501 -1.63959 0
      vertex -8.59501 -1.63959 82
    endloop
  endfacet
  facet normal 0.975917 0.218142 0
    outer loop
      vertex -8.59501 -1.63959 0
      vertex -8.4751 -2.17604 82
      vertex -8.4751 -2.17604 0
    endloop
  endfacet
  facet normal 0.91776 -0.397136 0
    outer loop
      vertex -8.13554 3.22109 82
      vertex -7.91724 3.72557 0
      vertex -7.91724 3.72557 82
    endloop
  endfacet
  facet normal 0.91776 -0.397136 0
    outer loop
      vertex -7.91724 3.72557 0
      vertex -8.13554 3.22109 82
      vertex -8.13554 3.22109 0
    endloop
  endfacet
  facet normal -0.940862 -0.33879 0
    outer loop
      vertex 8.17453 3.11281 5.94762
      vertex 8.13554 3.22109 24.3749
      vertex 8.13554 3.22109 5.89246
    endloop
  endfacet
  facet normal -0.940881 -0.338738 -3.49421e-07
    outer loop
      vertex 8.22786 2.96468 6.01172
      vertex 8.13554 3.22109 24.3749
      vertex 8.17453 3.11281 5.94762
    endloop
  endfacet
  facet normal -0.940874 -0.338757 -4.68618e-08
    outer loop
      vertex 8.28254 2.81281 6.06641
      vertex 8.13554 3.22109 24.3749
      vertex 8.22786 2.96468 6.01172
    endloop
  endfacet
  facet normal -0.940908 -0.338662 -2.43514e-06
    outer loop
      vertex 8.32174 2.7039 6.09805
      vertex 8.13554 3.22109 24.3749
      vertex 8.28254 2.81281 6.06641
    endloop
  endfacet
  facet normal -0.940883 -0.338732 -2.10648e-07
    outer loop
      vertex 8.13554 3.22109 24.3749
      vertex 8.32174 2.7039 6.09805
      vertex 8.15533 3.16612 24.366
    endloop
  endfacet
  facet normal -0.940883 -0.338733 -1.74881e-07
    outer loop
      vertex 8.15533 3.16612 24.366
      vertex 8.32174 2.7039 6.09805
      vertex 8.19122 3.06643 24.3498
    endloop
  endfacet
  facet normal -0.940878 -0.338746 1.2323e-07
    outer loop
      vertex 8.19122 3.06643 24.3498
      vertex 8.32174 2.7039 6.09805
      vertex 8.22727 2.9663 24.3401
    endloop
  endfacet
  facet normal -0.940853 -0.338814 1.23182e-06
    outer loop
      vertex 8.22727 2.9663 24.3401
      vertex 8.32174 2.7039 6.09805
      vertex 8.24753 2.91004 24.3346
    endloop
  endfacet
  facet normal -0.940887 -0.338719 2.0645e-08
    outer loop
      vertex 8.24753 2.91004 24.3346
      vertex 8.32174 2.7039 6.09805
      vertex 8.30405 2.75304 24.3295
    endloop
  endfacet
  facet normal -0.94089 -0.338713 0
    outer loop
      vertex 8.30405 2.75304 24.3295
      vertex 8.32174 2.7039 6.09805
      vertex 8.32174 2.7039 24.3295
    endloop
  endfacet
  facet normal -0.940816 -0.338917 0
    outer loop
      vertex 8.13554 3.22109 33.4605
      vertex 8.14527 3.19408 56.1552
      vertex 8.13554 3.22109 56.1847
    endloop
  endfacet
  facet normal -0.940883 -0.338732 1.72509e-07
    outer loop
      vertex 8.32174 2.7039 55.7605
      vertex 8.13554 3.22109 33.4605
      vertex 8.15533 3.16612 33.4695
    endloop
  endfacet
  facet normal -0.940921 -0.338627 3.8951e-07
    outer loop
      vertex 8.13554 3.22109 33.4605
      vertex 8.1595 3.15454 56.117
      vertex 8.14527 3.19408 56.1552
    endloop
  endfacet
  facet normal -0.940863 -0.338787 -1.41118e-07
    outer loop
      vertex 8.13554 3.22109 33.4605
      vertex 8.18786 3.07578 56.041
      vertex 8.1595 3.15454 56.117
    endloop
  endfacet
  facet normal -0.940883 -0.338733 1.43212e-07
    outer loop
      vertex 8.32174 2.7039 55.7605
      vertex 8.15533 3.16612 33.4695
      vertex 8.19122 3.06643 33.4857
    endloop
  endfacet
  facet normal -0.940878 -0.338746 -1.00938e-07
    outer loop
      vertex 8.32174 2.7039 55.7605
      vertex 8.19122 3.06643 33.4857
      vertex 8.22727 2.9663 33.4954
    endloop
  endfacet
  facet normal -0.940879 -0.338743 1.75354e-07
    outer loop
      vertex 8.13554 3.22109 33.4605
      vertex 8.23304 2.95029 55.9343
      vertex 8.18786 3.07578 56.041
    endloop
  endfacet
  facet normal -0.940853 -0.338814 -1.00899e-06
    outer loop
      vertex 8.32174 2.7039 55.7605
      vertex 8.22727 2.9663 33.4954
      vertex 8.24753 2.91004 33.5009
    endloop
  endfacet
  facet normal -0.940892 -0.338707 6.67892e-07
    outer loop
      vertex 8.13554 3.22109 33.4605
      vertex 8.28063 2.81809 55.8354
      vertex 8.23304 2.95029 55.9343
    endloop
  endfacet
  facet normal -0.940887 -0.338719 -1.69125e-08
    outer loop
      vertex 8.32174 2.7039 55.7605
      vertex 8.24753 2.91004 33.5009
      vertex 8.30405 2.75304 33.5059
    endloop
  endfacet
  facet normal -0.940866 -0.338778 -7.62183e-07
    outer loop
      vertex 8.13554 3.22109 33.4605
      vertex 8.3134 2.72708 55.7757
      vertex 8.28063 2.81809 55.8354
    endloop
  endfacet
  facet normal -0.94089 -0.338713 -0
    outer loop
      vertex 8.32174 2.7039 55.7605
      vertex 8.30405 2.75304 33.5059
      vertex 8.32174 2.7039 33.5059
    endloop
  endfacet
  facet normal -0.940948 -0.33855 4.9334e-06
    outer loop
      vertex 8.13554 3.22109 33.4605
      vertex 8.32174 2.7039 55.7605
      vertex 8.3134 2.72708 55.7757
    endloop
  endfacet
  facet normal -0.940816 -0.338917 0
    outer loop
      vertex 8.14527 3.19408 63.7106
      vertex 8.13554 3.22109 82
      vertex 8.13554 3.22109 63.681
    endloop
  endfacet
  facet normal -0.940921 -0.338627 -4.83198e-07
    outer loop
      vertex 8.1595 3.15454 63.7487
      vertex 8.13554 3.22109 82
      vertex 8.14527 3.19408 63.7106
    endloop
  endfacet
  facet normal -0.940863 -0.338787 1.75059e-07
    outer loop
      vertex 8.18786 3.07578 63.8247
      vertex 8.13554 3.22109 82
      vertex 8.1595 3.15454 63.7487
    endloop
  endfacet
  facet normal -0.940879 -0.338744 -2.17568e-07
    outer loop
      vertex 8.23304 2.95029 63.9314
      vertex 8.13554 3.22109 82
      vertex 8.18786 3.07578 63.8247
    endloop
  endfacet
  facet normal -0.940892 -0.338707 -8.28912e-07
    outer loop
      vertex 8.28063 2.81809 64.0304
      vertex 8.13554 3.22109 82
      vertex 8.23304 2.95029 63.9314
    endloop
  endfacet
  facet normal -0.940867 -0.338777 9.46348e-07
    outer loop
      vertex 8.3134 2.72708 64.09
      vertex 8.13554 3.22109 82
      vertex 8.28063 2.81809 64.0304
    endloop
  endfacet
  facet normal -0.940948 -0.338551 -6.12456e-06
    outer loop
      vertex 8.32174 2.7039 64.1053
      vertex 8.13554 3.22109 82
      vertex 8.3134 2.72708 64.09
    endloop
  endfacet
  facet normal -0.940881 -0.338738 0
    outer loop
      vertex 8.13554 3.22109 82
      vertex 8.32174 2.7039 64.1053
      vertex 8.32174 2.7039 82
    endloop
  endfacet
  facet normal -0.999506 0.0314178 0
    outer loop
      vertex 8.73273 -0.549417 6.19216
      vertex 8.75 0 24.3295
      vertex 8.75 0 6.19216
    endloop
  endfacet
  facet normal -0.999506 0.0314178 0
    outer loop
      vertex 8.75 0 24.3295
      vertex 8.73273 -0.549417 6.19216
      vertex 8.73273 -0.549417 24.3295
    endloop
  endfacet
  facet normal -0.999506 0.0314178 0
    outer loop
      vertex 8.73273 -0.549417 33.5059
      vertex 8.75 0 55.3447
      vertex 8.75 0 33.5059
    endloop
  endfacet
  facet normal -0.999506 0.0314178 0
    outer loop
      vertex 8.75 0 55.3447
      vertex 8.73273 -0.549417 33.5059
      vertex 8.73273 -0.549417 55.3447
    endloop
  endfacet
  facet normal -0.999506 0.0314178 0
    outer loop
      vertex 8.73273 -0.549417 64.5211
      vertex 8.75 0 82
      vertex 8.75 0 64.5211
    endloop
  endfacet
  facet normal -0.999506 0.0314178 0
    outer loop
      vertex 8.75 0 82
      vertex 8.73273 -0.549417 64.5211
      vertex 8.73273 -0.549417 82
    endloop
  endfacet
  facet normal -0.827083 0.56208 0
    outer loop
      vertex 7.0789 -5.14312 0
      vertex 7.38787 -4.68848 56.3126
      vertex 7.38787 -4.68848 0
    endloop
  endfacet
  facet normal -0.827088 0.562072 8.73917e-08
    outer loop
      vertex 7.38787 -4.68848 56.3126
      vertex 7.0789 -5.14312 0
      vertex 7.36331 -4.72462 56.3618
    endloop
  endfacet
  facet normal -0.827076 0.56209 -1.08606e-07
    outer loop
      vertex 7.36331 -4.72462 56.3618
      vertex 7.0789 -5.14312 0
      vertex 7.34231 -4.75552 56.4038
    endloop
  endfacet
  facet normal -0.827103 0.56205 2.97997e-07
    outer loop
      vertex 7.34231 -4.75552 56.4038
      vertex 7.0789 -5.14312 0
      vertex 7.28389 -4.84149 56.5373
    endloop
  endfacet
  facet normal -0.827065 0.562106 -1.4366e-07
    outer loop
      vertex 7.28389 -4.84149 56.5373
      vertex 7.0789 -5.14312 0
      vertex 7.23098 -4.91934 56.6762
    endloop
  endfacet
  facet normal -0.827043 0.562139 -3.29986e-07
    outer loop
      vertex 7.23098 -4.91934 56.6762
      vertex 7.0789 -5.14312 0
      vertex 7.21568 -4.94185 56.7229
    endloop
  endfacet
  facet normal -0.827136 0.562002 3.79476e-07
    outer loop
      vertex 7.21568 -4.94185 56.7229
      vertex 7.0789 -5.14312 0
      vertex 7.1838 -4.98877 56.8201
    endloop
  endfacet
  facet normal -0.827042 0.562139 -1.66613e-07
    outer loop
      vertex 7.1838 -4.98877 56.8201
      vertex 7.0789 -5.14312 0
      vertex 7.15581 -5.02995 56.9205
    endloop
  endfacet
  facet normal -0.827006 0.562194 -3.24532e-07
    outer loop
      vertex 7.15581 -5.02995 56.9205
      vertex 7.0789 -5.14312 0
      vertex 7.14252 -5.0495 56.9682
    endloop
  endfacet
  facet normal -0.827047 0.562133 -1.78343e-07
    outer loop
      vertex 7.14252 -5.0495 56.9682
      vertex 7.0789 -5.14312 0
      vertex 7.13121 -5.06614 57.017
    endloop
  endfacet
  facet normal -0.827171 0.56195 1.82292e-07
    outer loop
      vertex 7.13121 -5.06614 57.017
      vertex 7.0789 -5.14312 0
      vertex 7.10731 -5.10132 57.1201
    endloop
  endfacet
  facet normal -0.827064 0.562107 1.40778e-08
    outer loop
      vertex 7.10731 -5.10132 57.1201
      vertex 7.0789 -5.14312 0
      vertex 7.08758 -5.13035 57.2256
    endloop
  endfacet
  facet normal -0.827035 0.562151 0
    outer loop
      vertex 7.08758 -5.13035 57.2256
      vertex 7.0789 -5.14312 0
      vertex 7.0789 -5.14312 57.272
    endloop
  endfacet
  facet normal -0.827088 0.562072 -2.60957e-07
    outer loop
      vertex 7.0789 -5.14312 82
      vertex 7.38787 -4.68848 63.5532
      vertex 7.36331 -4.72462 63.504
    endloop
  endfacet
  facet normal -0.827076 0.56209 3.24291e-07
    outer loop
      vertex 7.0789 -5.14312 82
      vertex 7.36331 -4.72462 63.504
      vertex 7.34231 -4.75552 63.4619
    endloop
  endfacet
  facet normal -0.827103 0.56205 -8.8754e-07
    outer loop
      vertex 7.0789 -5.14312 82
      vertex 7.34231 -4.75552 63.4619
      vertex 7.28389 -4.84149 63.3284
    endloop
  endfacet
  facet normal -0.827065 0.562106 4.26839e-07
    outer loop
      vertex 7.0789 -5.14312 82
      vertex 7.28389 -4.84149 63.3284
      vertex 7.23098 -4.91934 63.1895
    endloop
  endfacet
  facet normal -0.827044 0.562138 9.78302e-07
    outer loop
      vertex 7.0789 -5.14312 82
      vertex 7.23098 -4.91934 63.1895
      vertex 7.21568 -4.94185 63.1429
    endloop
  endfacet
  facet normal -0.827135 0.562003 -1.12499e-06
    outer loop
      vertex 7.0789 -5.14312 82
      vertex 7.21568 -4.94185 63.1429
      vertex 7.1838 -4.98877 63.0457
    endloop
  endfacet
  facet normal -0.827043 0.562139 4.92983e-07
    outer loop
      vertex 7.0789 -5.14312 82
      vertex 7.1838 -4.98877 63.0457
      vertex 7.15581 -5.02995 62.9453
    endloop
  endfacet
  facet normal -0.827006 0.562193 9.60237e-07
    outer loop
      vertex 7.0789 -5.14312 82
      vertex 7.15581 -5.02995 62.9453
      vertex 7.14252 -5.0495 62.8976
    endloop
  endfacet
  facet normal -0.827047 0.562132 5.26856e-07
    outer loop
      vertex 7.0789 -5.14312 82
      vertex 7.14252 -5.0495 62.8976
      vertex 7.13121 -5.06614 62.8488
    endloop
  endfacet
  facet normal -0.827171 0.561951 -5.38523e-07
    outer loop
      vertex 7.0789 -5.14312 82
      vertex 7.13121 -5.06614 62.8488
      vertex 7.10731 -5.10132 62.7457
    endloop
  endfacet
  facet normal -0.827064 0.562107 -4.15468e-08
    outer loop
      vertex 7.0789 -5.14312 82
      vertex 7.10731 -5.10132 62.7457
      vertex 7.08758 -5.13035 62.6402
    endloop
  endfacet
  facet normal -0.827035 0.562151 0
    outer loop
      vertex 7.0789 -5.14312 82
      vertex 7.08758 -5.13035 62.6402
      vertex 7.0789 -5.14312 62.5938
    endloop
  endfacet
  facet normal -0.827083 0.56208 0
    outer loop
      vertex 7.38787 -4.68848 63.5532
      vertex 7.0789 -5.14312 82
      vertex 7.38787 -4.68848 82
    endloop
  endfacet
  facet normal -0.97592 0.218129 0
    outer loop
      vertex 8.51025 -2.01881 6.19216
      vertex 8.59501 -1.63959 24.3564
      vertex 8.59501 -1.63959 6.19216
    endloop
  endfacet
  facet normal -0.97591 0.218172 -9.46541e-07
    outer loop
      vertex 8.4751 -2.17604 6.18722
      vertex 8.59501 -1.63959 24.3564
      vertex 8.51025 -2.01881 6.19216
    endloop
  endfacet
  facet normal -0.975924 0.218113 9.09247e-07
    outer loop
      vertex 8.59501 -1.63959 24.3564
      vertex 8.4751 -2.17604 6.18722
      vertex 8.56805 -1.76022 24.375
    endloop
  endfacet
  facet normal -0.975917 0.218143 1.82148e-07
    outer loop
      vertex 8.56805 -1.76022 24.375
      vertex 8.4751 -2.17604 6.18722
      vertex 8.54481 -1.86419 24.3977
    endloop
  endfacet
  facet normal -0.97591 0.218175 -3.87155e-07
    outer loop
      vertex 8.54481 -1.86419 24.3977
      vertex 8.4751 -2.17604 6.18722
      vertex 8.532 -1.92149 24.4102
    endloop
  endfacet
  facet normal -0.97592 0.218127 3.15872e-07
    outer loop
      vertex 8.532 -1.92149 24.4102
      vertex 8.4751 -2.17604 6.18722
      vertex 8.51945 -1.97764 24.4262
    endloop
  endfacet
  facet normal -0.975906 0.21819 -4.03602e-07
    outer loop
      vertex 8.51945 -1.97764 24.4262
      vertex 8.4751 -2.17604 6.18722
      vertex 8.49652 -2.0802 24.4553
    endloop
  endfacet
  facet normal -0.975923 0.218116 0
    outer loop
      vertex 8.49652 -2.0802 24.4553
      vertex 8.4751 -2.17604 6.18722
      vertex 8.4751 -2.17604 24.489
    endloop
  endfacet
  facet normal -0.975924 0.218113 -7.56101e-07
    outer loop
      vertex 8.4751 -2.17604 55.3447
      vertex 8.59501 -1.63959 33.4791
      vertex 8.56805 -1.76022 33.4604
    endloop
  endfacet
  facet normal -0.975917 0.218143 -1.51508e-07
    outer loop
      vertex 8.4751 -2.17604 55.3447
      vertex 8.56805 -1.76022 33.4604
      vertex 8.54481 -1.86419 33.4377
    endloop
  endfacet
  facet normal -0.97591 0.218175 3.2203e-07
    outer loop
      vertex 8.4751 -2.17604 55.3447
      vertex 8.54481 -1.86419 33.4377
      vertex 8.532 -1.92149 33.4252
    endloop
  endfacet
  facet normal -0.97592 0.218127 -2.62785e-07
    outer loop
      vertex 8.4751 -2.17604 55.3447
      vertex 8.532 -1.92149 33.4252
      vertex 8.51945 -1.97764 33.4093
    endloop
  endfacet
  facet normal -0.975906 0.21819 3.35763e-07
    outer loop
      vertex 8.4751 -2.17604 55.3447
      vertex 8.51945 -1.97764 33.4093
      vertex 8.49652 -2.0802 33.3802
    endloop
  endfacet
  facet normal -0.975923 0.218116 0
    outer loop
      vertex 8.4751 -2.17604 55.3447
      vertex 8.49652 -2.0802 33.3802
      vertex 8.4751 -2.17604 33.3465
    endloop
  endfacet
  facet normal -0.975917 0.218142 0
    outer loop
      vertex 8.59501 -1.63959 33.4791
      vertex 8.4751 -2.17604 55.3447
      vertex 8.59501 -1.63959 55.3447
    endloop
  endfacet
  facet normal -0.975917 0.218142 0
    outer loop
      vertex 8.4751 -2.17604 64.5211
      vertex 8.59501 -1.63959 82
      vertex 8.59501 -1.63959 64.5211
    endloop
  endfacet
  facet normal -0.975917 0.218142 0
    outer loop
      vertex 8.59501 -1.63959 82
      vertex 8.4751 -2.17604 64.5211
      vertex 8.4751 -2.17604 82
    endloop
  endfacet
  facet normal -0.397136 0.91776 0
    outer loop
      vertex 3.72557 -7.91724 0
      vertex 3.22109 -8.13554 82
      vertex 3.72557 -7.91724 82
    endloop
  endfacet
  facet normal -0.397136 0.91776 0
    outer loop
      vertex 3.22109 -8.13554 82
      vertex 3.72557 -7.91724 0
      vertex 3.22109 -8.13554 0
    endloop
  endfacet
  facet normal 0.661304 -0.750118 0
    outer loop
      vertex -5.98979 6.37848 0
      vertex -5.57746 6.74199 82
      vertex -5.98979 6.37848 82
    endloop
  endfacet
  facet normal 0.661304 -0.750118 0
    outer loop
      vertex -5.57746 6.74199 82
      vertex -5.98979 6.37848 0
      vertex -5.57746 6.74199 0
    endloop
  endfacet
  facet normal -0.454005 -0.890999 0
    outer loop
      vertex 3.72557 7.91724 0
      vertex 4.21534 7.66768 82
      vertex 3.72557 7.91724 82
    endloop
  endfacet
  facet normal -0.454005 -0.890999 -0
    outer loop
      vertex 4.21534 7.66768 82
      vertex 3.72557 7.91724 0
      vertex 4.21534 7.66768 0
    endloop
  endfacet
  facet normal 0.960292 -0.278995 0
    outer loop
      vertex -8.4751 2.17604 82
      vertex -8.32174 2.7039 0
      vertex -8.32174 2.7039 82
    endloop
  endfacet
  facet normal 0.960292 -0.278995 0
    outer loop
      vertex -8.32174 2.7039 0
      vertex -8.4751 2.17604 82
      vertex -8.4751 2.17604 0
    endloop
  endfacet
  facet normal -0.278995 -0.960292 0
    outer loop
      vertex 2.17604 8.4751 0
      vertex 2.7039 8.32174 82
      vertex 2.17604 8.4751 82
    endloop
  endfacet
  facet normal -0.278995 -0.960292 -0
    outer loop
      vertex 2.7039 8.32174 82
      vertex 2.17604 8.4751 0
      vertex 2.7039 8.32174 0
    endloop
  endfacet
  facet normal -0.707107 -0.707107 0
    outer loop
      vertex 6.37848 5.98979 0
      vertex 5.98979 6.37848 82
      vertex 5.98979 6.37848 0
    endloop
  endfacet
  facet normal -0.707107 -0.707107 0
    outer loop
      vertex 5.98979 6.37848 82
      vertex 6.37848 5.98979 0
      vertex 6.37848 5.98979 82
    endloop
  endfacet
  facet normal -0.156434 0.987688 0
    outer loop
      vertex 1.63959 -8.59501 0
      vertex 1.09667 -8.681 82
      vertex 1.63959 -8.59501 82
    endloop
  endfacet
  facet normal -0.156434 0.987688 0
    outer loop
      vertex 1.09667 -8.681 82
      vertex 1.63959 -8.59501 0
      vertex 1.09667 -8.681 0
    endloop
  endfacet
  facet normal 0.454005 -0.890999 0
    outer loop
      vertex -4.21534 7.66768 0
      vertex -3.72557 7.91724 82
      vertex -4.21534 7.66768 82
    endloop
  endfacet
  facet normal 0.454005 -0.890999 0
    outer loop
      vertex -3.72557 7.91724 82
      vertex -4.21534 7.66768 0
      vertex -3.72557 7.91724 0
    endloop
  endfacet
  facet normal -0.0314178 -0.999506 0
    outer loop
      vertex 0 8.75 0
      vertex 0.549417 8.73273 82
      vertex 0 8.75 82
    endloop
  endfacet
  facet normal -0.0314178 -0.999506 -0
    outer loop
      vertex 0.549417 8.73273 82
      vertex 0 8.75 0
      vertex 0.549417 8.73273 0
    endloop
  endfacet
  facet normal 0.612909 -0.790154 0
    outer loop
      vertex -5.57746 6.74199 0
      vertex -5.14312 7.0789 82
      vertex -5.57746 6.74199 82
    endloop
  endfacet
  facet normal 0.612909 -0.790154 0
    outer loop
      vertex -5.14312 7.0789 82
      vertex -5.57746 6.74199 0
      vertex -5.14312 7.0789 0
    endloop
  endfacet
  facet normal 0.338738 0.940881 -0
    outer loop
      vertex -2.7039 -8.32174 0
      vertex -3.22109 -8.13554 82
      vertex -2.7039 -8.32174 82
    endloop
  endfacet
  facet normal 0.338738 0.940881 0
    outer loop
      vertex -3.22109 -8.13554 82
      vertex -2.7039 -8.32174 0
      vertex -3.22109 -8.13554 0
    endloop
  endfacet
  facet normal -0.661304 -0.750118 0
    outer loop
      vertex 5.57746 6.74199 0
      vertex 5.98979 6.37848 82
      vertex 5.57746 6.74199 82
    endloop
  endfacet
  facet normal -0.661304 -0.750118 -0
    outer loop
      vertex 5.98979 6.37848 82
      vertex 5.57746 6.74199 0
      vertex 5.98979 6.37848 0
    endloop
  endfacet
  facet normal 0.995562 -0.0941072 0
    outer loop
      vertex -8.73273 0.549417 82
      vertex -8.681 1.09667 0
      vertex -8.681 1.09667 82
    endloop
  endfacet
  facet normal 0.995562 -0.0941072 0
    outer loop
      vertex -8.681 1.09667 0
      vertex -8.73273 0.549417 82
      vertex -8.73273 0.549417 0
    endloop
  endfacet
  facet normal -0.454005 0.890999 0
    outer loop
      vertex 4.21534 -7.66768 0
      vertex 3.72557 -7.91724 82
      vertex 4.21534 -7.66768 82
    endloop
  endfacet
  facet normal -0.454005 0.890999 0
    outer loop
      vertex 3.72557 -7.91724 82
      vertex 4.21534 -7.66768 0
      vertex 3.72557 -7.91724 0
    endloop
  endfacet
  facet normal -0.86074 0.509045 0
    outer loop
      vertex 7.38787 -4.68848 0
      vertex 7.44717 -4.58821 3.62276
      vertex 7.44717 -4.58821 0
    endloop
  endfacet
  facet normal -0.86074 0.509045 0
    outer loop
      vertex 7.38787 -4.68848 56.3126
      vertex 7.44717 -4.58821 3.62276
      vertex 7.38787 -4.68848 0
    endloop
  endfacet
  facet normal -0.860737 0.509049 1.26125e-07
    outer loop
      vertex 7.44717 -4.58821 3.62276
      vertex 7.40378 -4.66159 56.2763
      vertex 7.44399 -4.5936 56.1955
    endloop
  endfacet
  facet normal -0.860639 0.509215 4.37692e-07
    outer loop
      vertex 7.44717 -4.58821 3.62276
      vertex 7.38787 -4.68848 56.3126
      vertex 7.40378 -4.66159 56.2763
    endloop
  endfacet
  facet normal -0.860758 0.509014 -6.8039e-08
    outer loop
      vertex 7.44399 -4.5936 56.1955
      vertex 7.66768 -4.21534 4.95367
      vertex 7.63512 -4.2704 4.86058
    endloop
  endfacet
  facet normal -0.860764 0.509005 0
    outer loop
      vertex 7.66768 -4.21534 4.95367
      vertex 7.59679 -4.33522 55.9343
      vertex 7.66768 -4.21534 55.8369
    endloop
  endfacet
  facet normal -0.860751 0.509026 3.63714e-08
    outer loop
      vertex 7.44399 -4.5936 56.1955
      vertex 7.63512 -4.2704 4.86058
      vertex 7.59179 -4.34367 4.71675
    endloop
  endfacet
  facet normal -0.860769 0.508996 -1.57771e-07
    outer loop
      vertex 7.44399 -4.5936 56.1955
      vertex 7.59179 -4.34367 4.71675
      vertex 7.55388 -4.40778 4.56862
    endloop
  endfacet
  facet normal -0.860749 0.50903 8.06495e-08
    outer loop
      vertex 7.66768 -4.21534 4.95367
      vertex 7.52845 -4.45078 56.041
      vertex 7.59679 -4.33522 55.9343
    endloop
  endfacet
  facet normal -0.860726 0.509068 1.91274e-07
    outer loop
      vertex 7.44399 -4.5936 56.1955
      vertex 7.55388 -4.40778 4.56862
      vertex 7.52154 -4.46246 4.41675
    endloop
  endfacet
  facet normal -0.860748 0.509032 6.64978e-08
    outer loop
      vertex 7.44399 -4.5936 56.1955
      vertex 7.52154 -4.46246 4.41675
      vertex 7.49491 -4.50749 4.26174
    endloop
  endfacet
  facet normal -0.860732 0.509058 1.25606e-07
    outer loop
      vertex 7.44399 -4.5936 56.1955
      vertex 7.49491 -4.50749 4.26174
      vertex 7.47408 -4.54271 4.10422
    endloop
  endfacet
  facet normal -0.860711 0.509094 4.77955e-07
    outer loop
      vertex 7.66768 -4.21534 4.95367
      vertex 7.46402 -4.55971 56.1552
      vertex 7.52845 -4.45078 56.041
    endloop
  endfacet
  facet normal -0.860696 0.509119 2.05659e-07
    outer loop
      vertex 7.44399 -4.5936 56.1955
      vertex 7.47408 -4.54271 4.10422
      vertex 7.45915 -4.56795 3.9448
    endloop
  endfacet
  facet normal -0.860971 0.508654 -1.02454e-07
    outer loop
      vertex 7.44399 -4.5936 56.1955
      vertex 7.45915 -4.56795 3.9448
      vertex 7.45017 -4.58315 3.78409
    endloop
  endfacet
  facet normal -0.860185 0.509983 2.55263e-07
    outer loop
      vertex 7.44399 -4.5936 56.1955
      vertex 7.45017 -4.58315 3.78409
      vertex 7.44717 -4.58821 3.62276
    endloop
  endfacet
  facet normal -0.860882 0.508804 -2.15368e-06
    outer loop
      vertex 7.66768 -4.21534 4.95367
      vertex 7.44399 -4.5936 56.1955
      vertex 7.46402 -4.55971 56.1552
    endloop
  endfacet
  facet normal -0.860763 0.509006 -1.06718e-06
    outer loop
      vertex 7.38787 -4.68848 82
      vertex 7.66768 -4.21534 64.0289
      vertex 7.59679 -4.33522 63.9314
    endloop
  endfacet
  facet normal -0.860748 0.509031 -4.07678e-07
    outer loop
      vertex 7.38787 -4.68848 82
      vertex 7.59679 -4.33522 63.9314
      vertex 7.52845 -4.45078 63.8247
    endloop
  endfacet
  facet normal -0.860711 0.509093 6.99734e-07
    outer loop
      vertex 7.38787 -4.68848 82
      vertex 7.52845 -4.45078 63.8247
      vertex 7.46402 -4.55971 63.7106
    endloop
  endfacet
  facet normal -0.86088 0.508808 -2.01151e-06
    outer loop
      vertex 7.38787 -4.68848 82
      vertex 7.46402 -4.55971 63.7106
      vertex 7.44399 -4.5936 63.6703
    endloop
  endfacet
  facet normal -0.860737 0.509049 -3.25376e-07
    outer loop
      vertex 7.38787 -4.68848 82
      vertex 7.44399 -4.5936 63.6703
      vertex 7.40378 -4.66159 63.5895
    endloop
  endfacet
  facet normal -0.86064 0.509214 0
    outer loop
      vertex 7.38787 -4.68848 82
      vertex 7.40378 -4.66159 63.5895
      vertex 7.38787 -4.68848 63.5532
    endloop
  endfacet
  facet normal -0.860745 0.509036 0
    outer loop
      vertex 7.66768 -4.21534 64.0289
      vertex 7.38787 -4.68848 82
      vertex 7.66768 -4.21534 82
    endloop
  endfacet
  facet normal 0.750118 -0.661304 0
    outer loop
      vertex -6.74199 5.57746 82
      vertex -6.37848 5.98979 0
      vertex -6.37848 5.98979 82
    endloop
  endfacet
  facet normal 0.750118 -0.661304 0
    outer loop
      vertex -6.37848 5.98979 0
      vertex -6.74199 5.57746 82
      vertex -6.74199 5.57746 0
    endloop
  endfacet
  facet normal 0.890999 0.454005 0
    outer loop
      vertex -7.66768 -4.21534 82
      vertex -7.91724 -3.72557 0
      vertex -7.91724 -3.72557 82
    endloop
  endfacet
  facet normal 0.890999 0.454005 0
    outer loop
      vertex -7.91724 -3.72557 0
      vertex -7.66768 -4.21534 82
      vertex -7.66768 -4.21534 0
    endloop
  endfacet
  facet normal -0.218142 0.975917 0
    outer loop
      vertex 2.17604 -8.4751 0
      vertex 1.63959 -8.59501 82
      vertex 2.17604 -8.4751 82
    endloop
  endfacet
  facet normal -0.218142 0.975917 0
    outer loop
      vertex 1.63959 -8.59501 82
      vertex 2.17604 -8.4751 0
      vertex 1.63959 -8.59501 0
    endloop
  endfacet
  facet normal 0.790154 0.612909 0
    outer loop
      vertex -6.74199 -5.57746 82
      vertex -7.0789 -5.14312 0
      vertex -7.0789 -5.14312 82
    endloop
  endfacet
  facet normal 0.790154 0.612909 0
    outer loop
      vertex -7.0789 -5.14312 0
      vertex -6.74199 -5.57746 82
      vertex -6.74199 -5.57746 0
    endloop
  endfacet
  facet normal 0.91776 0.397136 0
    outer loop
      vertex -7.91724 -3.72557 82
      vertex -8.13554 -3.22109 0
      vertex -8.13554 -3.22109 82
    endloop
  endfacet
  facet normal 0.91776 0.397136 0
    outer loop
      vertex -8.13554 -3.22109 0
      vertex -7.91724 -3.72557 82
      vertex -7.91724 -3.72557 0
    endloop
  endfacet
  facet normal 0.999506 0.0314178 0
    outer loop
      vertex -8.73273 -0.549417 82
      vertex -8.75 0 0
      vertex -8.75 0 82
    endloop
  endfacet
  facet normal 0.999506 0.0314178 0
    outer loop
      vertex -8.75 0 0
      vertex -8.73273 -0.549417 82
      vertex -8.73273 -0.549417 0
    endloop
  endfacet
  facet normal -0.750118 0.661304 0
    outer loop
      vertex 6.37848 -5.98979 0
      vertex 6.74199 -5.57746 82
      vertex 6.74199 -5.57746 0
    endloop
  endfacet
  facet normal -0.750118 0.661304 0
    outer loop
      vertex 6.74199 -5.57746 82
      vertex 6.37848 -5.98979 0
      vertex 6.37848 -5.98979 82
    endloop
  endfacet
  facet normal -0.790154 0.612909 0
    outer loop
      vertex 6.74199 -5.57746 0
      vertex 7.0789 -5.14312 57.272
      vertex 7.0789 -5.14312 0
    endloop
  endfacet
  facet normal -0.78986 0.613287 -4.59287e-06
    outer loop
      vertex 7.0789 -5.14312 57.272
      vertex 6.74199 -5.57746 0
      vertex 7.07824 -5.14397 57.2751
    endloop
  endfacet
  facet normal -0.790196 0.612854 6.51869e-07
    outer loop
      vertex 7.07824 -5.14397 57.2751
      vertex 6.74199 -5.57746 0
      vertex 7.07005 -5.15453 57.3253
    endloop
  endfacet
  facet normal -0.790181 0.612874 4.17689e-07
    outer loop
      vertex 7.07005 -5.15453 57.3253
      vertex 6.74199 -5.57746 0
      vertex 7.05256 -5.17708 57.4326
    endloop
  endfacet
  facet normal -0.790115 0.612958 -5.23148e-07
    outer loop
      vertex 7.05256 -5.17708 57.4326
      vertex 6.74199 -5.57746 0
      vertex 7.04 -5.19327 57.5414
    endloop
  endfacet
  facet normal -0.789711 0.613479 -6.09857e-06
    outer loop
      vertex 7.04 -5.19327 57.5414
      vertex 6.74199 -5.57746 0
      vertex 7.03415 -5.2008 57.592
    endloop
  endfacet
  facet normal -0.791065 0.611732 1.22032e-05
    outer loop
      vertex 7.03415 -5.2008 57.592
      vertex 6.74199 -5.57746 0
      vertex 7.03064 -5.20534 57.643
    endloop
  endfacet
  facet normal -0.789894 0.613243 -3.42103e-06
    outer loop
      vertex 7.03064 -5.20534 57.643
      vertex 6.74199 -5.57746 0
      vertex 7.02307 -5.21509 57.7527
    endloop
  endfacet
  facet normal -0.790156 0.612906 0
    outer loop
      vertex 6.74199 -5.57746 82
      vertex 7.01938 -5.21985 57.9141
      vertex 6.74199 -5.57746 0
    endloop
  endfacet
  facet normal -0.790304 0.612715 1.88574e-06
    outer loop
      vertex 7.02307 -5.21509 57.7527
      vertex 6.74199 -5.57746 0
      vertex 7.01938 -5.21985 57.9141
    endloop
  endfacet
  facet normal -0.789875 0.613268 1.28785e-05
    outer loop
      vertex 6.74199 -5.57746 82
      vertex 7.0789 -5.14312 62.5938
      vertex 7.07824 -5.14397 62.5907
    endloop
  endfacet
  facet normal -0.790193 0.612857 -1.80119e-06
    outer loop
      vertex 6.74199 -5.57746 82
      vertex 7.07824 -5.14397 62.5907
      vertex 7.07005 -5.15453 62.5404
    endloop
  endfacet
  facet normal -0.790179 0.612876 -1.15438e-06
    outer loop
      vertex 6.74199 -5.57746 82
      vertex 7.07005 -5.15453 62.5404
      vertex 7.05256 -5.17708 62.4332
    endloop
  endfacet
  facet normal -0.790118 0.612954 1.41317e-06
    outer loop
      vertex 6.74199 -5.57746 82
      vertex 7.05256 -5.17708 62.4332
      vertex 7.04 -5.19327 62.3244
    endloop
  endfacet
  facet normal -0.789745 0.613436 1.64709e-05
    outer loop
      vertex 6.74199 -5.57746 82
      vertex 7.04 -5.19327 62.3244
      vertex 7.03415 -5.2008 62.2737
    endloop
  endfacet
  facet normal -0.79096 0.611867 -3.14866e-05
    outer loop
      vertex 6.74199 -5.57746 82
      vertex 7.03415 -5.2008 62.2737
      vertex 7.03064 -5.20534 62.2227
    endloop
  endfacet
  facet normal -0.789924 0.613205 8.82692e-06
    outer loop
      vertex 6.74199 -5.57746 82
      vertex 7.03064 -5.20534 62.2227
      vertex 7.02307 -5.21509 62.113
    endloop
  endfacet
  facet normal -0.790267 0.612762 -4.10586e-06
    outer loop
      vertex 6.74199 -5.57746 82
      vertex 7.02307 -5.21509 62.113
      vertex 7.01938 -5.21985 61.9517
    endloop
  endfacet
  facet normal -0.790156 0.612906 0
    outer loop
      vertex 7.01938 -5.21985 57.9141
      vertex 6.74199 -5.57746 82
      vertex 7.01938 -5.21985 61.9517
    endloop
  endfacet
  facet normal -0.790154 0.612909 0
    outer loop
      vertex 7.0789 -5.14312 62.5938
      vertex 6.74199 -5.57746 82
      vertex 7.0789 -5.14312 82
    endloop
  endfacet
  facet normal -0.750118 -0.661304 0
    outer loop
      vertex 6.74199 5.57746 0
      vertex 6.37848 5.98979 82
      vertex 6.37848 5.98979 0
    endloop
  endfacet
  facet normal -0.750118 -0.661304 0
    outer loop
      vertex 6.37848 5.98979 82
      vertex 6.74199 5.57746 0
      vertex 6.74199 5.57746 82
    endloop
  endfacet
  facet normal 0.707107 0.707107 0
    outer loop
      vertex -5.98979 -6.37848 82
      vertex -6.37848 -5.98979 0
      vertex -6.37848 -5.98979 82
    endloop
  endfacet
  facet normal 0.707107 0.707107 0
    outer loop
      vertex -6.37848 -5.98979 0
      vertex -5.98979 -6.37848 82
      vertex -5.98979 -6.37848 0
    endloop
  endfacet
  facet normal 0.940881 -0.338738 0
    outer loop
      vertex -8.32174 2.7039 82
      vertex -8.13554 3.22109 0
      vertex -8.13554 3.22109 82
    endloop
  endfacet
  facet normal 0.940881 -0.338738 0
    outer loop
      vertex -8.13554 3.22109 0
      vertex -8.32174 2.7039 82
      vertex -8.32174 2.7039 0
    endloop
  endfacet
  facet normal -0.661304 0.750118 0
    outer loop
      vertex 5.98979 -6.37848 0
      vertex 5.57746 -6.74199 82
      vertex 5.98979 -6.37848 82
    endloop
  endfacet
  facet normal -0.661304 0.750118 0
    outer loop
      vertex 5.57746 -6.74199 82
      vertex 5.98979 -6.37848 0
      vertex 5.57746 -6.74199 0
    endloop
  endfacet
  facet normal -0.218142 -0.975917 0
    outer loop
      vertex 1.63959 8.59501 0
      vertex 2.17604 8.4751 82
      vertex 1.63959 8.59501 82
    endloop
  endfacet
  facet normal -0.218142 -0.975917 -0
    outer loop
      vertex 2.17604 8.4751 82
      vertex 1.63959 8.59501 0
      vertex 2.17604 8.4751 0
    endloop
  endfacet
  facet normal 0.454005 0.890999 -0
    outer loop
      vertex -3.72557 -7.91724 0
      vertex -4.21534 -7.66768 82
      vertex -3.72557 -7.91724 82
    endloop
  endfacet
  facet normal 0.454005 0.890999 0
    outer loop
      vertex -4.21534 -7.66768 82
      vertex -3.72557 -7.91724 0
      vertex -4.21534 -7.66768 0
    endloop
  endfacet
  facet normal 0.0941072 0.995562 -0
    outer loop
      vertex -0.549417 -8.73273 0
      vertex -1.09667 -8.681 82
      vertex -0.549417 -8.73273 82
    endloop
  endfacet
  facet normal 0.0941072 0.995562 0
    outer loop
      vertex -1.09667 -8.681 82
      vertex -0.549417 -8.73273 0
      vertex -1.09667 -8.681 0
    endloop
  endfacet
  facet normal 0.0314178 0.999506 -0
    outer loop
      vertex 0 -8.75 0
      vertex -0.549417 -8.73273 82
      vertex 0 -8.75 82
    endloop
  endfacet
  facet normal 0.0314178 0.999506 0
    outer loop
      vertex -0.549417 -8.73273 82
      vertex 0 -8.75 0
      vertex -0.549417 -8.73273 0
    endloop
  endfacet
  facet normal 0.56208 0.827083 -0
    outer loop
      vertex -4.68848 -7.38787 0
      vertex -5.14312 -7.0789 82
      vertex -4.68848 -7.38787 82
    endloop
  endfacet
  facet normal 0.56208 0.827083 0
    outer loop
      vertex -5.14312 -7.0789 82
      vertex -4.68848 -7.38787 0
      vertex -5.14312 -7.0789 0
    endloop
  endfacet
  facet normal -0.612909 0.790154 0
    outer loop
      vertex 5.57746 -6.74199 0
      vertex 5.14312 -7.0789 82
      vertex 5.57746 -6.74199 82
    endloop
  endfacet
  facet normal -0.612909 0.790154 0
    outer loop
      vertex 5.14312 -7.0789 82
      vertex 5.57746 -6.74199 0
      vertex 5.14312 -7.0789 0
    endloop
  endfacet
  facet normal -0.338738 -0.940881 0
    outer loop
      vertex 2.7039 8.32174 0
      vertex 3.22109 8.13554 82
      vertex 2.7039 8.32174 82
    endloop
  endfacet
  facet normal -0.338738 -0.940881 -0
    outer loop
      vertex 3.22109 8.13554 82
      vertex 2.7039 8.32174 0
      vertex 3.22109 8.13554 0
    endloop
  endfacet
  facet normal 0 0 1
    outer loop
      vertex 8.75 0 82
      vertex 10.25 0 82
      vertex 10.2298 0.643602 82
    endloop
  endfacet
  facet normal 0 0 1
    outer loop
      vertex 8.73273 0.549417 82
      vertex 10.2298 0.643602 82
      vertex 10.1692 1.28467 82
    endloop
  endfacet
  facet normal 0 0 1
    outer loop
      vertex 10.25 0 82
      vertex 8.75 0 82
      vertex 10.2298 -0.643602 82
    endloop
  endfacet
  facet normal 0 0 1
    outer loop
      vertex 8.681 1.09667 82
      vertex 10.1692 1.28467 82
      vertex 10.0684 1.92066 82
    endloop
  endfacet
  facet normal -0 0 1
    outer loop
      vertex 8.73273 -0.549417 82
      vertex 10.2298 -0.643602 82
      vertex 8.75 0 82
    endloop
  endfacet
  facet normal 0 0 1
    outer loop
      vertex 8.59501 1.63959 82
      vertex 10.0684 1.92066 82
      vertex 9.92798 2.54907 82
    endloop
  endfacet
  facet normal 0 0 1
    outer loop
      vertex 10.2298 -0.643602 82
      vertex 8.73273 -0.549417 82
      vertex 10.1692 -1.28467 82
    endloop
  endfacet
  facet normal 0 0 1
    outer loop
      vertex 8.4751 2.17604 82
      vertex 9.92798 2.54907 82
      vertex 9.74833 3.16742 82
    endloop
  endfacet
  facet normal -0 0 1
    outer loop
      vertex 8.681 -1.09667 82
      vertex 10.1692 -1.28467 82
      vertex 8.73273 -0.549417 82
    endloop
  endfacet
  facet normal 0 0 1
    outer loop
      vertex 8.32174 2.7039 82
      vertex 9.74833 3.16742 82
      vertex 9.53021 3.77328 82
    endloop
  endfacet
  facet normal 0 0 1
    outer loop
      vertex 10.1692 -1.28467 82
      vertex 8.681 -1.09667 82
      vertex 10.0684 -1.92066 82
    endloop
  endfacet
  facet normal 0 0 1
    outer loop
      vertex 8.13554 3.22109 82
      vertex 9.53021 3.77328 82
      vertex 9.27448 4.36424 82
    endloop
  endfacet
  facet normal -0 0 1
    outer loop
      vertex 8.59501 -1.63959 82
      vertex 10.0684 -1.92066 82
      vertex 8.681 -1.09667 82
    endloop
  endfacet
  facet normal 0 0 1
    outer loop
      vertex 7.91724 3.72557 82
      vertex 9.27448 4.36424 82
      vertex 8.98214 4.93797 82
    endloop
  endfacet
  facet normal 0 0 1
    outer loop
      vertex 10.0684 -1.92066 82
      vertex 8.59501 -1.63959 82
      vertex 9.92798 -2.54907 82
    endloop
  endfacet
  facet normal -0 0 1
    outer loop
      vertex 8.4751 -2.17604 82
      vertex 9.92798 -2.54907 82
      vertex 8.59501 -1.63959 82
    endloop
  endfacet
  facet normal 0 0 1
    outer loop
      vertex 10.2298 0.643602 82
      vertex 8.73273 0.549417 82
      vertex 8.75 0 82
    endloop
  endfacet
  facet normal 0 0 1
    outer loop
      vertex 10.1692 1.28467 82
      vertex 8.681 1.09667 82
      vertex 8.73273 0.549417 82
    endloop
  endfacet
  facet normal 0 0 1
    outer loop
      vertex 7.66768 4.21534 82
      vertex 8.98214 4.93797 82
      vertex 8.65436 5.49222 82
    endloop
  endfacet
  facet normal 0 0 1
    outer loop
      vertex 10.0684 1.92066 82
      vertex 8.59501 1.63959 82
      vertex 8.681 1.09667 82
    endloop
  endfacet
  facet normal 0 0 1
    outer loop
      vertex 9.92798 2.54907 82
      vertex 8.4751 2.17604 82
      vertex 8.59501 1.63959 82
    endloop
  endfacet
  facet normal 0 0 1
    outer loop
      vertex 9.74833 3.16742 82
      vertex 8.32174 2.7039 82
      vertex 8.4751 2.17604 82
    endloop
  endfacet
  facet normal 0 0 1
    outer loop
      vertex 7.38787 4.68848 82
      vertex 8.65436 5.49222 82
      vertex 8.29242 6.0248 82
    endloop
  endfacet
  facet normal 0 0 1
    outer loop
      vertex 9.53021 3.77328 82
      vertex 8.13554 3.22109 82
      vertex 8.32174 2.7039 82
    endloop
  endfacet
  facet normal 0 0 1
    outer loop
      vertex 9.27448 4.36424 82
      vertex 7.91724 3.72557 82
      vertex 8.13554 3.22109 82
    endloop
  endfacet
  facet normal 0 0 1
    outer loop
      vertex 7.0789 5.14312 82
      vertex 8.29242 6.0248 82
      vertex 7.89776 6.5336 82
    endloop
  endfacet
  facet normal 0 0 1
    outer loop
      vertex 8.98214 4.93797 82
      vertex 7.66768 4.21534 82
      vertex 7.91724 3.72557 82
    endloop
  endfacet
  facet normal 0 0 1
    outer loop
      vertex 6.74199 5.57746 82
      vertex 7.89776 6.5336 82
      vertex 7.47193 7.01661 82
    endloop
  endfacet
  facet normal 0 0 1
    outer loop
      vertex 8.65436 5.49222 82
      vertex 7.38787 4.68848 82
      vertex 7.66768 4.21534 82
    endloop
  endfacet
  facet normal 0 0 1
    outer loop
      vertex 8.29242 6.0248 82
      vertex 7.0789 5.14312 82
      vertex 7.38787 4.68848 82
    endloop
  endfacet
  facet normal 0 0 1
    outer loop
      vertex 6.37848 5.98979 82
      vertex 7.47193 7.01661 82
      vertex 7.01661 7.47193 82
    endloop
  endfacet
  facet normal 0 0 1
    outer loop
      vertex 7.89776 6.5336 82
      vertex 6.74199 5.57746 82
      vertex 7.0789 5.14312 82
    endloop
  endfacet
  facet normal 0 0 1
    outer loop
      vertex 5.98979 6.37848 82
      vertex 7.01661 7.47193 82
      vertex 6.5336 7.89776 82
    endloop
  endfacet
  facet normal 0 0 1
    outer loop
      vertex 7.47193 7.01661 82
      vertex 6.37848 5.98979 82
      vertex 6.74199 5.57746 82
    endloop
  endfacet
  facet normal 0 0 1
    outer loop
      vertex 5.57746 6.74199 82
      vertex 6.5336 7.89776 82
      vertex 6.0248 8.29242 82
    endloop
  endfacet
  facet normal 0 0 1
    outer loop
      vertex 7.01661 7.47193 82
      vertex 5.98979 6.37848 82
      vertex 6.37848 5.98979 82
    endloop
  endfacet
  facet normal 0 0 1
    outer loop
      vertex 6.5336 7.89776 82
      vertex 5.57746 6.74199 82
      vertex 5.98979 6.37848 82
    endloop
  endfacet
  facet normal 0 0 1
    outer loop
      vertex 5.14312 7.0789 82
      vertex 6.0248 8.29242 82
      vertex 5.49222 8.65436 82
    endloop
  endfacet
  facet normal 0 0 1
    outer loop
      vertex 6.0248 8.29242 82
      vertex 5.14312 7.0789 82
      vertex 5.57746 6.74199 82
    endloop
  endfacet
  facet normal 0 0 1
    outer loop
      vertex 4.68848 7.38787 82
      vertex 5.49222 8.65436 82
      vertex 4.93797 8.98214 82
    endloop
  endfacet
  facet normal 0 0 1
    outer loop
      vertex 5.49222 8.65436 82
      vertex 4.68848 7.38787 82
      vertex 5.14312 7.0789 82
    endloop
  endfacet
  facet normal 0 0 1
    outer loop
      vertex 4.21534 7.66768 82
      vertex 4.93797 8.98214 82
      vertex 4.36424 9.27448 82
    endloop
  endfacet
  facet normal 0 0 1
    outer loop
      vertex 4.93797 8.98214 82
      vertex 4.21534 7.66768 82
      vertex 4.68848 7.38787 82
    endloop
  endfacet
  facet normal 0 0 1
    outer loop
      vertex 3.72557 7.91724 82
      vertex 4.36424 9.27448 82
      vertex 3.77328 9.53021 82
    endloop
  endfacet
  facet normal 0 0 1
    outer loop
      vertex 4.36424 9.27448 82
      vertex 3.72557 7.91724 82
      vertex 4.21534 7.66768 82
    endloop
  endfacet
  facet normal 0 0 1
    outer loop
      vertex 3.77328 9.53021 82
      vertex 3.22109 8.13554 82
      vertex 3.72557 7.91724 82
    endloop
  endfacet
  facet normal 0 0 1
    outer loop
      vertex 3.16742 9.74833 82
      vertex 3.22109 8.13554 82
      vertex 3.77328 9.53021 82
    endloop
  endfacet
  facet normal 0 0 1
    outer loop
      vertex 3.16742 9.74833 82
      vertex 2.7039 8.32174 82
      vertex 3.22109 8.13554 82
    endloop
  endfacet
  facet normal 0 0 1
    outer loop
      vertex 2.54907 9.92798 82
      vertex 2.7039 8.32174 82
      vertex 3.16742 9.74833 82
    endloop
  endfacet
  facet normal 0 0 1
    outer loop
      vertex 2.54907 9.92798 82
      vertex 2.17604 8.4751 82
      vertex 2.7039 8.32174 82
    endloop
  endfacet
  facet normal 0 0 1
    outer loop
      vertex 1.92066 10.0684 82
      vertex 2.17604 8.4751 82
      vertex 2.54907 9.92798 82
    endloop
  endfacet
  facet normal 0 0 1
    outer loop
      vertex 1.92066 10.0684 82
      vertex 1.63959 8.59501 82
      vertex 2.17604 8.4751 82
    endloop
  endfacet
  facet normal 0 0 1
    outer loop
      vertex 1.28467 10.1692 82
      vertex 1.63959 8.59501 82
      vertex 1.92066 10.0684 82
    endloop
  endfacet
  facet normal 0 0 1
    outer loop
      vertex 1.28467 10.1692 82
      vertex 1.09667 8.681 82
      vertex 1.63959 8.59501 82
    endloop
  endfacet
  facet normal 0 0 1
    outer loop
      vertex 0.643602 10.2298 82
      vertex 1.09667 8.681 82
      vertex 1.28467 10.1692 82
    endloop
  endfacet
  facet normal 0 0 1
    outer loop
      vertex 0.643602 10.2298 82
      vertex 0.549417 8.73273 82
      vertex 1.09667 8.681 82
    endloop
  endfacet
  facet normal 0 0 1
    outer loop
      vertex 0 10.25 82
      vertex 0.549417 8.73273 82
      vertex 0.643602 10.2298 82
    endloop
  endfacet
  facet normal 0 0 1
    outer loop
      vertex 0 10.25 82
      vertex 0 8.75 82
      vertex 0.549417 8.73273 82
    endloop
  endfacet
  facet normal 0 0 1
    outer loop
      vertex 0 10.25 82
      vertex -0.549417 8.73273 82
      vertex 0 8.75 82
    endloop
  endfacet
  facet normal -0 0 1
    outer loop
      vertex -0.643602 10.2298 82
      vertex -0.549417 8.73273 82
      vertex 0 10.25 82
    endloop
  endfacet
  facet normal 0 0 1
    outer loop
      vertex -0.643602 10.2298 82
      vertex -1.09667 8.681 82
      vertex -0.549417 8.73273 82
    endloop
  endfacet
  facet normal -0 0 1
    outer loop
      vertex -1.28467 10.1692 82
      vertex -1.09667 8.681 82
      vertex -0.643602 10.2298 82
    endloop
  endfacet
  facet normal 0 0 1
    outer loop
      vertex -1.28467 10.1692 82
      vertex -1.63959 8.59501 82
      vertex -1.09667 8.681 82
    endloop
  endfacet
  facet normal -0 0 1
    outer loop
      vertex -1.92066 10.0684 82
      vertex -1.63959 8.59501 82
      vertex -1.28467 10.1692 82
    endloop
  endfacet
  facet normal 0 0 1
    outer loop
      vertex -1.92066 10.0684 82
      vertex -2.17604 8.4751 82
      vertex -1.63959 8.59501 82
    endloop
  endfacet
  facet normal -0 0 1
    outer loop
      vertex -2.54907 9.92798 82
      vertex -2.17604 8.4751 82
      vertex -1.92066 10.0684 82
    endloop
  endfacet
  facet normal 0 0 1
    outer loop
      vertex -2.54907 9.92798 82
      vertex -2.7039 8.32174 82
      vertex -2.17604 8.4751 82
    endloop
  endfacet
  facet normal -0 0 1
    outer loop
      vertex -3.16742 9.74833 82
      vertex -2.7039 8.32174 82
      vertex -2.54907 9.92798 82
    endloop
  endfacet
  facet normal 0 0 1
    outer loop
      vertex -3.16742 9.74833 82
      vertex -3.22109 8.13554 82
      vertex -2.7039 8.32174 82
    endloop
  endfacet
  facet normal -0 0 1
    outer loop
      vertex -3.77328 9.53021 82
      vertex -3.22109 8.13554 82
      vertex -3.16742 9.74833 82
    endloop
  endfacet
  facet normal 0 0 1
    outer loop
      vertex -3.22109 8.13554 82
      vertex -3.77328 9.53021 82
      vertex -3.72557 7.91724 82
    endloop
  endfacet
  facet normal -0 0 1
    outer loop
      vertex -4.36424 9.27448 82
      vertex -3.72557 7.91724 82
      vertex -3.77328 9.53021 82
    endloop
  endfacet
  facet normal 0 0 1
    outer loop
      vertex -3.72557 7.91724 82
      vertex -4.36424 9.27448 82
      vertex -4.21534 7.66768 82
    endloop
  endfacet
  facet normal -0 0 1
    outer loop
      vertex -4.93797 8.98214 82
      vertex -4.21534 7.66768 82
      vertex -4.36424 9.27448 82
    endloop
  endfacet
  facet normal 0 0 1
    outer loop
      vertex -4.21534 7.66768 82
      vertex -4.93797 8.98214 82
      vertex -4.68848 7.38787 82
    endloop
  endfacet
  facet normal -0 0 1
    outer loop
      vertex -5.49222 8.65436 82
      vertex -4.68848 7.38787 82
      vertex -4.93797 8.98214 82
    endloop
  endfacet
  facet normal 0 0 1
    outer loop
      vertex -4.68848 7.38787 82
      vertex -5.49222 8.65436 82
      vertex -5.14312 7.0789 82
    endloop
  endfacet
  facet normal -0 0 1
    outer loop
      vertex -6.0248 8.29242 82
      vertex -5.14312 7.0789 82
      vertex -5.49222 8.65436 82
    endloop
  endfacet
  facet normal 0 0 1
    outer loop
      vertex -5.14312 7.0789 82
      vertex -6.0248 8.29242 82
      vertex -5.57746 6.74199 82
    endloop
  endfacet
  facet normal -0 0 1
    outer loop
      vertex -6.5336 7.89776 82
      vertex -5.57746 6.74199 82
      vertex -6.0248 8.29242 82
    endloop
  endfacet
  facet normal 0 0 1
    outer loop
      vertex -5.57746 6.74199 82
      vertex -6.5336 7.89776 82
      vertex -5.98979 6.37848 82
    endloop
  endfacet
  facet normal -0 0 1
    outer loop
      vertex -7.01661 7.47193 82
      vertex -5.98979 6.37848 82
      vertex -6.5336 7.89776 82
    endloop
  endfacet
  facet normal 0 0 1
    outer loop
      vertex -5.98979 6.37848 82
      vertex -7.01661 7.47193 82
      vertex -6.37848 5.98979 82
    endloop
  endfacet
  facet normal -0 0 1
    outer loop
      vertex -7.47193 7.01661 82
      vertex -6.37848 5.98979 82
      vertex -7.01661 7.47193 82
    endloop
  endfacet
  facet normal 0 0 1
    outer loop
      vertex -6.37848 5.98979 82
      vertex -7.47193 7.01661 82
      vertex -6.74199 5.57746 82
    endloop
  endfacet
  facet normal -0 0 1
    outer loop
      vertex -7.89776 6.5336 82
      vertex -6.74199 5.57746 82
      vertex -7.47193 7.01661 82
    endloop
  endfacet
  facet normal 0 0 1
    outer loop
      vertex -6.74199 5.57746 82
      vertex -7.89776 6.5336 82
      vertex -7.0789 5.14312 82
    endloop
  endfacet
  facet normal -0 0 1
    outer loop
      vertex -8.29242 6.0248 82
      vertex -7.0789 5.14312 82
      vertex -7.89776 6.5336 82
    endloop
  endfacet
  facet normal 0 0 1
    outer loop
      vertex -7.0789 5.14312 82
      vertex -8.29242 6.0248 82
      vertex -7.38787 4.68848 82
    endloop
  endfacet
  facet normal -0 0 1
    outer loop
      vertex -8.65436 5.49222 82
      vertex -7.38787 4.68848 82
      vertex -8.29242 6.0248 82
    endloop
  endfacet
  facet normal 0 0 1
    outer loop
      vertex -7.38787 4.68848 82
      vertex -8.65436 5.49222 82
      vertex -7.66768 4.21534 82
    endloop
  endfacet
  facet normal -0 0 1
    outer loop
      vertex -8.98214 4.93797 82
      vertex -7.66768 4.21534 82
      vertex -8.65436 5.49222 82
    endloop
  endfacet
  facet normal 0 0 1
    outer loop
      vertex -7.66768 4.21534 82
      vertex -8.98214 4.93797 82
      vertex -7.91724 3.72557 82
    endloop
  endfacet
  facet normal -0 0 1
    outer loop
      vertex -9.27448 4.36424 82
      vertex -7.91724 3.72557 82
      vertex -8.98214 4.93797 82
    endloop
  endfacet
  facet normal 0 0 1
    outer loop
      vertex -7.91724 3.72557 82
      vertex -9.27448 4.36424 82
      vertex -8.13554 3.22109 82
    endloop
  endfacet
  facet normal -0 0 1
    outer loop
      vertex -9.53021 3.77328 82
      vertex -8.13554 3.22109 82
      vertex -9.27448 4.36424 82
    endloop
  endfacet
  facet normal 0 0 1
    outer loop
      vertex -8.13554 3.22109 82
      vertex -9.53021 3.77328 82
      vertex -8.32174 2.7039 82
    endloop
  endfacet
  facet normal -0 0 1
    outer loop
      vertex -9.74833 3.16742 82
      vertex -8.32174 2.7039 82
      vertex -9.53021 3.77328 82
    endloop
  endfacet
  facet normal 0 0 1
    outer loop
      vertex -8.32174 2.7039 82
      vertex -9.74833 3.16742 82
      vertex -8.4751 2.17604 82
    endloop
  endfacet
  facet normal -0 0 1
    outer loop
      vertex -9.92798 2.54907 82
      vertex -8.4751 2.17604 82
      vertex -9.74833 3.16742 82
    endloop
  endfacet
  facet normal 0 0 1
    outer loop
      vertex 9.92798 -2.54907 82
      vertex 8.4751 -2.17604 82
      vertex 9.74833 -3.16742 82
    endloop
  endfacet
  facet normal -0 0 1
    outer loop
      vertex 8.32174 -2.7039 82
      vertex 9.74833 -3.16742 82
      vertex 8.4751 -2.17604 82
    endloop
  endfacet
  facet normal 0 0 1
    outer loop
      vertex 9.74833 -3.16742 82
      vertex 8.32174 -2.7039 82
      vertex 9.53021 -3.77328 82
    endloop
  endfacet
  facet normal -0 0 1
    outer loop
      vertex 8.13554 -3.22109 82
      vertex 9.53021 -3.77328 82
      vertex 8.32174 -2.7039 82
    endloop
  endfacet
  facet normal 0 0 1
    outer loop
      vertex 9.53021 -3.77328 82
      vertex 8.13554 -3.22109 82
      vertex 9.27448 -4.36424 82
    endloop
  endfacet
  facet normal -0 0 1
    outer loop
      vertex 7.91724 -3.72557 82
      vertex 9.27448 -4.36424 82
      vertex 8.13554 -3.22109 82
    endloop
  endfacet
  facet normal 0 0 1
    outer loop
      vertex 9.27448 -4.36424 82
      vertex 7.91724 -3.72557 82
      vertex 8.98214 -4.93797 82
    endloop
  endfacet
  facet normal -0 0 1
    outer loop
      vertex 7.66768 -4.21534 82
      vertex 8.98214 -4.93797 82
      vertex 7.91724 -3.72557 82
    endloop
  endfacet
  facet normal 0 0 1
    outer loop
      vertex 8.98214 -4.93797 82
      vertex 7.66768 -4.21534 82
      vertex 8.65436 -5.49222 82
    endloop
  endfacet
  facet normal -0 0 1
    outer loop
      vertex 7.38787 -4.68848 82
      vertex 8.65436 -5.49222 82
      vertex 7.66768 -4.21534 82
    endloop
  endfacet
  facet normal 0 0 1
    outer loop
      vertex 8.65436 -5.49222 82
      vertex 7.38787 -4.68848 82
      vertex 8.29242 -6.0248 82
    endloop
  endfacet
  facet normal -0 0 1
    outer loop
      vertex 7.0789 -5.14312 82
      vertex 8.29242 -6.0248 82
      vertex 7.38787 -4.68848 82
    endloop
  endfacet
  facet normal 0 0 1
    outer loop
      vertex 8.29242 -6.0248 82
      vertex 7.0789 -5.14312 82
      vertex 7.89776 -6.5336 82
    endloop
  endfacet
  facet normal -0 0 1
    outer loop
      vertex 6.74199 -5.57746 82
      vertex 7.89776 -6.5336 82
      vertex 7.0789 -5.14312 82
    endloop
  endfacet
  facet normal 0 0 1
    outer loop
      vertex 7.89776 -6.5336 82
      vertex 6.74199 -5.57746 82
      vertex 7.47193 -7.01661 82
    endloop
  endfacet
  facet normal -0 0 1
    outer loop
      vertex 6.37848 -5.98979 82
      vertex 7.47193 -7.01661 82
      vertex 6.74199 -5.57746 82
    endloop
  endfacet
  facet normal 0 0 1
    outer loop
      vertex 7.47193 -7.01661 82
      vertex 6.37848 -5.98979 82
      vertex 7.01661 -7.47193 82
    endloop
  endfacet
  facet normal -0 0 1
    outer loop
      vertex 5.98979 -6.37848 82
      vertex 7.01661 -7.47193 82
      vertex 6.37848 -5.98979 82
    endloop
  endfacet
  facet normal 0 0 1
    outer loop
      vertex 7.01661 -7.47193 82
      vertex 5.98979 -6.37848 82
      vertex 6.5336 -7.89776 82
    endloop
  endfacet
  facet normal -0 0 1
    outer loop
      vertex 5.57746 -6.74199 82
      vertex 6.5336 -7.89776 82
      vertex 5.98979 -6.37848 82
    endloop
  endfacet
  facet normal 0 0 1
    outer loop
      vertex 6.5336 -7.89776 82
      vertex 5.57746 -6.74199 82
      vertex 6.0248 -8.29242 82
    endloop
  endfacet
  facet normal -0 0 1
    outer loop
      vertex 5.14312 -7.0789 82
      vertex 6.0248 -8.29242 82
      vertex 5.57746 -6.74199 82
    endloop
  endfacet
  facet normal 0 0 1
    outer loop
      vertex 6.0248 -8.29242 82
      vertex 5.14312 -7.0789 82
      vertex 5.49222 -8.65436 82
    endloop
  endfacet
  facet normal -0 0 1
    outer loop
      vertex 4.68848 -7.38787 82
      vertex 5.49222 -8.65436 82
      vertex 5.14312 -7.0789 82
    endloop
  endfacet
  facet normal 0 0 1
    outer loop
      vertex 5.49222 -8.65436 82
      vertex 4.68848 -7.38787 82
      vertex 4.93797 -8.98214 82
    endloop
  endfacet
  facet normal -0 0 1
    outer loop
      vertex 4.21534 -7.66768 82
      vertex 4.93797 -8.98214 82
      vertex 4.68848 -7.38787 82
    endloop
  endfacet
  facet normal 0 0 1
    outer loop
      vertex 4.93797 -8.98214 82
      vertex 4.21534 -7.66768 82
      vertex 4.36424 -9.27448 82
    endloop
  endfacet
  facet normal -0 0 1
    outer loop
      vertex 3.72557 -7.91724 82
      vertex 4.36424 -9.27448 82
      vertex 4.21534 -7.66768 82
    endloop
  endfacet
  facet normal 0 0 1
    outer loop
      vertex 4.36424 -9.27448 82
      vertex 3.72557 -7.91724 82
      vertex 3.77328 -9.53021 82
    endloop
  endfacet
  facet normal -0 0 1
    outer loop
      vertex 3.22109 -8.13554 82
      vertex 3.77328 -9.53021 82
      vertex 3.72557 -7.91724 82
    endloop
  endfacet
  facet normal 0 0 1
    outer loop
      vertex 3.22109 -8.13554 82
      vertex 3.16742 -9.74833 82
      vertex 3.77328 -9.53021 82
    endloop
  endfacet
  facet normal -0 0 1
    outer loop
      vertex 2.7039 -8.32174 82
      vertex 3.16742 -9.74833 82
      vertex 3.22109 -8.13554 82
    endloop
  endfacet
  facet normal 0 0 1
    outer loop
      vertex 2.7039 -8.32174 82
      vertex 2.54907 -9.92798 82
      vertex 3.16742 -9.74833 82
    endloop
  endfacet
  facet normal -0 0 1
    outer loop
      vertex 2.17604 -8.4751 82
      vertex 2.54907 -9.92798 82
      vertex 2.7039 -8.32174 82
    endloop
  endfacet
  facet normal 0 0 1
    outer loop
      vertex 2.17604 -8.4751 82
      vertex 1.92066 -10.0684 82
      vertex 2.54907 -9.92798 82
    endloop
  endfacet
  facet normal -0 0 1
    outer loop
      vertex 1.63959 -8.59501 82
      vertex 1.92066 -10.0684 82
      vertex 2.17604 -8.4751 82
    endloop
  endfacet
  facet normal 0 0 1
    outer loop
      vertex 1.63959 -8.59501 82
      vertex 1.28467 -10.1692 82
      vertex 1.92066 -10.0684 82
    endloop
  endfacet
  facet normal -0 0 1
    outer loop
      vertex 1.09667 -8.681 82
      vertex 1.28467 -10.1692 82
      vertex 1.63959 -8.59501 82
    endloop
  endfacet
  facet normal 0 0 1
    outer loop
      vertex 1.09667 -8.681 82
      vertex 0.643602 -10.2298 82
      vertex 1.28467 -10.1692 82
    endloop
  endfacet
  facet normal -0 0 1
    outer loop
      vertex 0.549417 -8.73273 82
      vertex 0.643602 -10.2298 82
      vertex 1.09667 -8.681 82
    endloop
  endfacet
  facet normal -0 0 1
    outer loop
      vertex 0 -8.75 82
      vertex 0.643602 -10.2298 82
      vertex 0.549417 -8.73273 82
    endloop
  endfacet
  facet normal 0 0 1
    outer loop
      vertex 0 -8.75 82
      vertex 0 -10.25 82
      vertex 0.643602 -10.2298 82
    endloop
  endfacet
  facet normal 0 0 1
    outer loop
      vertex -0.549417 -8.73273 82
      vertex 0 -10.25 82
      vertex 0 -8.75 82
    endloop
  endfacet
  facet normal 0 0 1
    outer loop
      vertex -0.549417 -8.73273 82
      vertex -0.643602 -10.2298 82
      vertex 0 -10.25 82
    endloop
  endfacet
  facet normal 0 0 1
    outer loop
      vertex -1.09667 -8.681 82
      vertex -0.643602 -10.2298 82
      vertex -0.549417 -8.73273 82
    endloop
  endfacet
  facet normal 0 0 1
    outer loop
      vertex -1.09667 -8.681 82
      vertex -1.28467 -10.1692 82
      vertex -0.643602 -10.2298 82
    endloop
  endfacet
  facet normal 0 0 1
    outer loop
      vertex -1.63959 -8.59501 82
      vertex -1.28467 -10.1692 82
      vertex -1.09667 -8.681 82
    endloop
  endfacet
  facet normal 0 0 1
    outer loop
      vertex -1.63959 -8.59501 82
      vertex -1.92066 -10.0684 82
      vertex -1.28467 -10.1692 82
    endloop
  endfacet
  facet normal 0 0 1
    outer loop
      vertex -2.17604 -8.4751 82
      vertex -1.92066 -10.0684 82
      vertex -1.63959 -8.59501 82
    endloop
  endfacet
  facet normal 0 0 1
    outer loop
      vertex -2.17604 -8.4751 82
      vertex -2.54907 -9.92798 82
      vertex -1.92066 -10.0684 82
    endloop
  endfacet
  facet normal 0 0 1
    outer loop
      vertex -2.7039 -8.32174 82
      vertex -2.54907 -9.92798 82
      vertex -2.17604 -8.4751 82
    endloop
  endfacet
  facet normal 0 0 1
    outer loop
      vertex -2.7039 -8.32174 82
      vertex -3.16742 -9.74833 82
      vertex -2.54907 -9.92798 82
    endloop
  endfacet
  facet normal 0 0 1
    outer loop
      vertex -3.22109 -8.13554 82
      vertex -3.16742 -9.74833 82
      vertex -2.7039 -8.32174 82
    endloop
  endfacet
  facet normal 0 0 1
    outer loop
      vertex -3.77328 -9.53021 82
      vertex -3.22109 -8.13554 82
      vertex -3.72557 -7.91724 82
    endloop
  endfacet
  facet normal 0 0 1
    outer loop
      vertex -3.22109 -8.13554 82
      vertex -3.77328 -9.53021 82
      vertex -3.16742 -9.74833 82
    endloop
  endfacet
  facet normal 0 0 1
    outer loop
      vertex -4.36424 -9.27448 82
      vertex -3.72557 -7.91724 82
      vertex -4.21534 -7.66768 82
    endloop
  endfacet
  facet normal 0 0 1
    outer loop
      vertex -3.72557 -7.91724 82
      vertex -4.36424 -9.27448 82
      vertex -3.77328 -9.53021 82
    endloop
  endfacet
  facet normal 0 0 1
    outer loop
      vertex -4.93797 -8.98214 82
      vertex -4.21534 -7.66768 82
      vertex -4.68848 -7.38787 82
    endloop
  endfacet
  facet normal 0 0 1
    outer loop
      vertex -4.21534 -7.66768 82
      vertex -4.93797 -8.98214 82
      vertex -4.36424 -9.27448 82
    endloop
  endfacet
  facet normal 0 0 1
    outer loop
      vertex -5.49222 -8.65436 82
      vertex -4.68848 -7.38787 82
      vertex -5.14312 -7.0789 82
    endloop
  endfacet
  facet normal 0 0 1
    outer loop
      vertex -4.68848 -7.38787 82
      vertex -5.49222 -8.65436 82
      vertex -4.93797 -8.98214 82
    endloop
  endfacet
  facet normal 0 0 1
    outer loop
      vertex -6.0248 -8.29242 82
      vertex -5.14312 -7.0789 82
      vertex -5.57746 -6.74199 82
    endloop
  endfacet
  facet normal 0 0 1
    outer loop
      vertex -6.5336 -7.89776 82
      vertex -5.57746 -6.74199 82
      vertex -5.98979 -6.37848 82
    endloop
  endfacet
  facet normal 0 0 1
    outer loop
      vertex -5.14312 -7.0789 82
      vertex -6.0248 -8.29242 82
      vertex -5.49222 -8.65436 82
    endloop
  endfacet
  facet normal 0 0 1
    outer loop
      vertex -7.01661 -7.47193 82
      vertex -5.98979 -6.37848 82
      vertex -6.37848 -5.98979 82
    endloop
  endfacet
  facet normal 0 0 1
    outer loop
      vertex -5.57746 -6.74199 82
      vertex -6.5336 -7.89776 82
      vertex -6.0248 -8.29242 82
    endloop
  endfacet
  facet normal 0 0 1
    outer loop
      vertex -7.47193 -7.01661 82
      vertex -6.37848 -5.98979 82
      vertex -6.74199 -5.57746 82
    endloop
  endfacet
  facet normal 0 0 1
    outer loop
      vertex -5.98979 -6.37848 82
      vertex -7.01661 -7.47193 82
      vertex -6.5336 -7.89776 82
    endloop
  endfacet
  facet normal 0 0 1
    outer loop
      vertex -7.89776 -6.5336 82
      vertex -6.74199 -5.57746 82
      vertex -7.0789 -5.14312 82
    endloop
  endfacet
  facet normal 0 0 1
    outer loop
      vertex -8.29242 -6.0248 82
      vertex -7.0789 -5.14312 82
      vertex -7.38787 -4.68848 82
    endloop
  endfacet
  facet normal 0 0 1
    outer loop
      vertex -6.37848 -5.98979 82
      vertex -7.47193 -7.01661 82
      vertex -7.01661 -7.47193 82
    endloop
  endfacet
  facet normal 0 0 1
    outer loop
      vertex -8.65436 -5.49222 82
      vertex -7.38787 -4.68848 82
      vertex -7.66768 -4.21534 82
    endloop
  endfacet
  facet normal 0 0 1
    outer loop
      vertex -6.74199 -5.57746 82
      vertex -7.89776 -6.5336 82
      vertex -7.47193 -7.01661 82
    endloop
  endfacet
  facet normal 0 0 1
    outer loop
      vertex -8.98214 -4.93797 82
      vertex -7.66768 -4.21534 82
      vertex -7.91724 -3.72557 82
    endloop
  endfacet
  facet normal 0 0 1
    outer loop
      vertex -9.27448 -4.36424 82
      vertex -7.91724 -3.72557 82
      vertex -8.13554 -3.22109 82
    endloop
  endfacet
  facet normal 0 0 1
    outer loop
      vertex -7.0789 -5.14312 82
      vertex -8.29242 -6.0248 82
      vertex -7.89776 -6.5336 82
    endloop
  endfacet
  facet normal 0 0 1
    outer loop
      vertex -9.53021 -3.77328 82
      vertex -8.13554 -3.22109 82
      vertex -8.32174 -2.7039 82
    endloop
  endfacet
  facet normal 0 0 1
    outer loop
      vertex -9.74833 -3.16742 82
      vertex -8.32174 -2.7039 82
      vertex -8.4751 -2.17604 82
    endloop
  endfacet
  facet normal 0 0 1
    outer loop
      vertex -9.92798 -2.54907 82
      vertex -8.4751 -2.17604 82
      vertex -8.59501 -1.63959 82
    endloop
  endfacet
  facet normal 0 0 1
    outer loop
      vertex -7.38787 -4.68848 82
      vertex -8.65436 -5.49222 82
      vertex -8.29242 -6.0248 82
    endloop
  endfacet
  facet normal 0 0 1
    outer loop
      vertex -10.0684 -1.92066 82
      vertex -8.59501 -1.63959 82
      vertex -8.681 -1.09667 82
    endloop
  endfacet
  facet normal 0 0 1
    outer loop
      vertex -10.1692 -1.28467 82
      vertex -8.681 -1.09667 82
      vertex -8.73273 -0.549417 82
    endloop
  endfacet
  facet normal 0 0 1
    outer loop
      vertex -10.2298 -0.643602 82
      vertex -8.73273 -0.549417 82
      vertex -8.75 0 82
    endloop
  endfacet
  facet normal 0 0 1
    outer loop
      vertex -8.4751 2.17604 82
      vertex -9.92798 2.54907 82
      vertex -8.59501 1.63959 82
    endloop
  endfacet
  facet normal 0 0 1
    outer loop
      vertex -7.66768 -4.21534 82
      vertex -8.98214 -4.93797 82
      vertex -8.65436 -5.49222 82
    endloop
  endfacet
  facet normal -0 0 1
    outer loop
      vertex -10.0684 1.92066 82
      vertex -8.59501 1.63959 82
      vertex -9.92798 2.54907 82
    endloop
  endfacet
  facet normal 0 0 1
    outer loop
      vertex -7.91724 -3.72557 82
      vertex -9.27448 -4.36424 82
      vertex -8.98214 -4.93797 82
    endloop
  endfacet
  facet normal 0 0 1
    outer loop
      vertex -8.59501 1.63959 82
      vertex -10.0684 1.92066 82
      vertex -8.681 1.09667 82
    endloop
  endfacet
  facet normal 0 0 1
    outer loop
      vertex -8.13554 -3.22109 82
      vertex -9.53021 -3.77328 82
      vertex -9.27448 -4.36424 82
    endloop
  endfacet
  facet normal -0 0 1
    outer loop
      vertex -10.1692 1.28467 82
      vertex -8.681 1.09667 82
      vertex -10.0684 1.92066 82
    endloop
  endfacet
  facet normal 0 0 1
    outer loop
      vertex -8.32174 -2.7039 82
      vertex -9.74833 -3.16742 82
      vertex -9.53021 -3.77328 82
    endloop
  endfacet
  facet normal 0 0 1
    outer loop
      vertex -8.681 1.09667 82
      vertex -10.1692 1.28467 82
      vertex -8.73273 0.549417 82
    endloop
  endfacet
  facet normal 0 0 1
    outer loop
      vertex -8.4751 -2.17604 82
      vertex -9.92798 -2.54907 82
      vertex -9.74833 -3.16742 82
    endloop
  endfacet
  facet normal -0 0 1
    outer loop
      vertex -10.2298 0.643602 82
      vertex -8.73273 0.549417 82
      vertex -10.1692 1.28467 82
    endloop
  endfacet
  facet normal 0 0 1
    outer loop
      vertex -8.59501 -1.63959 82
      vertex -10.0684 -1.92066 82
      vertex -9.92798 -2.54907 82
    endloop
  endfacet
  facet normal 0 0 1
    outer loop
      vertex -8.73273 0.549417 82
      vertex -10.2298 0.643602 82
      vertex -8.75 0 82
    endloop
  endfacet
  facet normal 0 0 1
    outer loop
      vertex -8.681 -1.09667 82
      vertex -10.1692 -1.28467 82
      vertex -10.0684 -1.92066 82
    endloop
  endfacet
  facet normal 0 0 1
    outer loop
      vertex -10.25 0 82
      vertex -8.75 0 82
      vertex -10.2298 0.643602 82
    endloop
  endfacet
  facet normal 0 0 1
    outer loop
      vertex -8.73273 -0.549417 82
      vertex -10.2298 -0.643602 82
      vertex -10.1692 -1.28467 82
    endloop
  endfacet
  facet normal 0 0 1
    outer loop
      vertex -8.75 0 82
      vertex -10.25 0 82
      vertex -10.2298 -0.643602 82
    endloop
  endfacet
  facet normal 0 0 -1
    outer loop
      vertex 7.44717 -4.58821 0
      vertex 8.98214 -4.93797 0
      vertex 8.65436 -5.49222 0
    endloop
  endfacet
  facet normal 0 0 -1
    outer loop
      vertex 7.38787 -4.68848 0
      vertex 8.65436 -5.49222 0
      vertex 8.29242 -6.0248 0
    endloop
  endfacet
  facet normal 0 0 -1
    outer loop
      vertex 7.0789 -5.14312 0
      vertex 8.29242 -6.0248 0
      vertex 7.89776 -6.5336 0
    endloop
  endfacet
  facet normal 0 0 -1
    outer loop
      vertex 6.74199 -5.57746 0
      vertex 7.89776 -6.5336 0
      vertex 7.47193 -7.01661 0
    endloop
  endfacet
  facet normal 0 0 -1
    outer loop
      vertex 8.29242 -6.0248 0
      vertex 7.0789 -5.14312 0
      vertex 7.38787 -4.68848 0
    endloop
  endfacet
  facet normal 0 0 -1
    outer loop
      vertex 8.98214 -4.93797 0
      vertex 7.44717 -4.58821 0
      vertex 9.16036 -4.58821 0
    endloop
  endfacet
  facet normal 0 0 -1
    outer loop
      vertex 8.65436 -5.49222 0
      vertex 7.38787 -4.68848 0
      vertex 7.44717 -4.58821 0
    endloop
  endfacet
  facet normal 0 0 -1
    outer loop
      vertex 6.37848 -5.98979 0
      vertex 7.47193 -7.01661 0
      vertex 7.01661 -7.47193 0
    endloop
  endfacet
  facet normal 0 0 -1
    outer loop
      vertex 7.89776 -6.5336 0
      vertex 6.74199 -5.57746 0
      vertex 7.0789 -5.14312 0
    endloop
  endfacet
  facet normal 0 0 -1
    outer loop
      vertex 5.98979 -6.37848 0
      vertex 7.01661 -7.47193 0
      vertex 6.5336 -7.89776 0
    endloop
  endfacet
  facet normal 0 0 -1
    outer loop
      vertex 7.47193 -7.01661 0
      vertex 6.37848 -5.98979 0
      vertex 6.74199 -5.57746 0
    endloop
  endfacet
  facet normal 0 0 -1
    outer loop
      vertex 5.57746 -6.74199 0
      vertex 6.5336 -7.89776 0
      vertex 6.0248 -8.29242 0
    endloop
  endfacet
  facet normal 0 0 -1
    outer loop
      vertex 7.01661 -7.47193 0
      vertex 5.98979 -6.37848 0
      vertex 6.37848 -5.98979 0
    endloop
  endfacet
  facet normal 0 0 -1
    outer loop
      vertex 6.5336 -7.89776 0
      vertex 5.57746 -6.74199 0
      vertex 5.98979 -6.37848 0
    endloop
  endfacet
  facet normal 0 0 -1
    outer loop
      vertex 5.14312 -7.0789 0
      vertex 6.0248 -8.29242 0
      vertex 5.49222 -8.65436 0
    endloop
  endfacet
  facet normal 0 0 -1
    outer loop
      vertex 6.0248 -8.29242 0
      vertex 5.14312 -7.0789 0
      vertex 5.57746 -6.74199 0
    endloop
  endfacet
  facet normal 0 0 -1
    outer loop
      vertex 4.68848 -7.38787 0
      vertex 5.49222 -8.65436 0
      vertex 4.93797 -8.98214 0
    endloop
  endfacet
  facet normal 0 0 -1
    outer loop
      vertex 5.49222 -8.65436 0
      vertex 4.68848 -7.38787 0
      vertex 5.14312 -7.0789 0
    endloop
  endfacet
  facet normal 0 0 -1
    outer loop
      vertex 4.21534 -7.66768 0
      vertex 4.93797 -8.98214 0
      vertex 4.36424 -9.27448 0
    endloop
  endfacet
  facet normal 0 0 -1
    outer loop
      vertex 4.93797 -8.98214 0
      vertex 4.21534 -7.66768 0
      vertex 4.68848 -7.38787 0
    endloop
  endfacet
  facet normal 0 0 -1
    outer loop
      vertex 3.72557 -7.91724 0
      vertex 4.36424 -9.27448 0
      vertex 3.77328 -9.53021 0
    endloop
  endfacet
  facet normal 0 0 -1
    outer loop
      vertex 4.36424 -9.27448 0
      vertex 3.72557 -7.91724 0
      vertex 4.21534 -7.66768 0
    endloop
  endfacet
  facet normal 0 0 -1
    outer loop
      vertex 3.77328 -9.53021 0
      vertex 3.22109 -8.13554 0
      vertex 3.72557 -7.91724 0
    endloop
  endfacet
  facet normal 0 0 -1
    outer loop
      vertex 3.16742 -9.74833 0
      vertex 3.22109 -8.13554 0
      vertex 3.77328 -9.53021 0
    endloop
  endfacet
  facet normal 0 0 -1
    outer loop
      vertex 3.16742 -9.74833 0
      vertex 2.7039 -8.32174 0
      vertex 3.22109 -8.13554 0
    endloop
  endfacet
  facet normal 0 0 -1
    outer loop
      vertex 2.54907 -9.92798 0
      vertex 2.7039 -8.32174 0
      vertex 3.16742 -9.74833 0
    endloop
  endfacet
  facet normal 0 0 -1
    outer loop
      vertex 2.54907 -9.92798 0
      vertex 2.17604 -8.4751 0
      vertex 2.7039 -8.32174 0
    endloop
  endfacet
  facet normal 0 0 -1
    outer loop
      vertex 1.92066 -10.0684 0
      vertex 2.17604 -8.4751 0
      vertex 2.54907 -9.92798 0
    endloop
  endfacet
  facet normal 0 0 -1
    outer loop
      vertex 1.92066 -10.0684 0
      vertex 1.63959 -8.59501 0
      vertex 2.17604 -8.4751 0
    endloop
  endfacet
  facet normal 0 0 -1
    outer loop
      vertex 1.28467 -10.1692 0
      vertex 1.63959 -8.59501 0
      vertex 1.92066 -10.0684 0
    endloop
  endfacet
  facet normal 0 0 -1
    outer loop
      vertex 1.28467 -10.1692 0
      vertex 1.09667 -8.681 0
      vertex 1.63959 -8.59501 0
    endloop
  endfacet
  facet normal 0 0 -1
    outer loop
      vertex 0.643602 -10.2298 0
      vertex 1.09667 -8.681 0
      vertex 1.28467 -10.1692 0
    endloop
  endfacet
  facet normal 0 0 -1
    outer loop
      vertex 0.643602 -10.2298 0
      vertex 0.549417 -8.73273 0
      vertex 1.09667 -8.681 0
    endloop
  endfacet
  facet normal 0 0 -1
    outer loop
      vertex 0 -10.25 0
      vertex 0.549417 -8.73273 0
      vertex 0.643602 -10.2298 0
    endloop
  endfacet
  facet normal 0 0 -1
    outer loop
      vertex 0 -10.25 0
      vertex 0 -8.75 0
      vertex 0.549417 -8.73273 0
    endloop
  endfacet
  facet normal 0 0 -1
    outer loop
      vertex 0 -10.25 0
      vertex -0.549417 -8.73273 0
      vertex 0 -8.75 0
    endloop
  endfacet
  facet normal 0 0 -1
    outer loop
      vertex -0.643602 -10.2298 0
      vertex -0.549417 -8.73273 0
      vertex 0 -10.25 0
    endloop
  endfacet
  facet normal 0 0 -1
    outer loop
      vertex -0.643602 -10.2298 0
      vertex -1.09667 -8.681 0
      vertex -0.549417 -8.73273 0
    endloop
  endfacet
  facet normal 0 0 -1
    outer loop
      vertex -1.28467 -10.1692 0
      vertex -1.09667 -8.681 0
      vertex -0.643602 -10.2298 0
    endloop
  endfacet
  facet normal 0 0 -1
    outer loop
      vertex -1.28467 -10.1692 0
      vertex -1.63959 -8.59501 0
      vertex -1.09667 -8.681 0
    endloop
  endfacet
  facet normal 0 0 -1
    outer loop
      vertex -1.92066 -10.0684 0
      vertex -1.63959 -8.59501 0
      vertex -1.28467 -10.1692 0
    endloop
  endfacet
  facet normal 0 0 -1
    outer loop
      vertex -1.92066 -10.0684 0
      vertex -2.17604 -8.4751 0
      vertex -1.63959 -8.59501 0
    endloop
  endfacet
  facet normal 0 0 -1
    outer loop
      vertex -2.54907 -9.92798 0
      vertex -2.17604 -8.4751 0
      vertex -1.92066 -10.0684 0
    endloop
  endfacet
  facet normal 0 0 -1
    outer loop
      vertex -2.54907 -9.92798 0
      vertex -2.7039 -8.32174 0
      vertex -2.17604 -8.4751 0
    endloop
  endfacet
  facet normal 0 0 -1
    outer loop
      vertex -3.16742 -9.74833 0
      vertex -2.7039 -8.32174 0
      vertex -2.54907 -9.92798 0
    endloop
  endfacet
  facet normal 0 0 -1
    outer loop
      vertex -3.16742 -9.74833 0
      vertex -3.22109 -8.13554 0
      vertex -2.7039 -8.32174 0
    endloop
  endfacet
  facet normal 0 0 -1
    outer loop
      vertex -3.77328 -9.53021 0
      vertex -3.22109 -8.13554 0
      vertex -3.16742 -9.74833 0
    endloop
  endfacet
  facet normal -0 0 -1
    outer loop
      vertex -3.22109 -8.13554 0
      vertex -3.77328 -9.53021 0
      vertex -3.72557 -7.91724 0
    endloop
  endfacet
  facet normal 0 0 -1
    outer loop
      vertex -4.36424 -9.27448 0
      vertex -3.72557 -7.91724 0
      vertex -3.77328 -9.53021 0
    endloop
  endfacet
  facet normal -0 0 -1
    outer loop
      vertex -3.72557 -7.91724 0
      vertex -4.36424 -9.27448 0
      vertex -4.21534 -7.66768 0
    endloop
  endfacet
  facet normal 0 0 -1
    outer loop
      vertex -4.93797 -8.98214 0
      vertex -4.21534 -7.66768 0
      vertex -4.36424 -9.27448 0
    endloop
  endfacet
  facet normal -0 0 -1
    outer loop
      vertex -4.21534 -7.66768 0
      vertex -4.93797 -8.98214 0
      vertex -4.68848 -7.38787 0
    endloop
  endfacet
  facet normal 0 0 -1
    outer loop
      vertex -5.49222 -8.65436 0
      vertex -4.68848 -7.38787 0
      vertex -4.93797 -8.98214 0
    endloop
  endfacet
  facet normal -0 0 -1
    outer loop
      vertex -4.68848 -7.38787 0
      vertex -5.49222 -8.65436 0
      vertex -5.14312 -7.0789 0
    endloop
  endfacet
  facet normal 0 0 -1
    outer loop
      vertex -6.0248 -8.29242 0
      vertex -5.14312 -7.0789 0
      vertex -5.49222 -8.65436 0
    endloop
  endfacet
  facet normal -0 0 -1
    outer loop
      vertex -5.14312 -7.0789 0
      vertex -6.0248 -8.29242 0
      vertex -5.57746 -6.74199 0
    endloop
  endfacet
  facet normal 0 0 -1
    outer loop
      vertex -6.5336 -7.89776 0
      vertex -5.57746 -6.74199 0
      vertex -6.0248 -8.29242 0
    endloop
  endfacet
  facet normal -0 0 -1
    outer loop
      vertex -5.57746 -6.74199 0
      vertex -6.5336 -7.89776 0
      vertex -5.98979 -6.37848 0
    endloop
  endfacet
  facet normal 0 0 -1
    outer loop
      vertex -7.01661 -7.47193 0
      vertex -5.98979 -6.37848 0
      vertex -6.5336 -7.89776 0
    endloop
  endfacet
  facet normal -0 0 -1
    outer loop
      vertex -5.98979 -6.37848 0
      vertex -7.01661 -7.47193 0
      vertex -6.37848 -5.98979 0
    endloop
  endfacet
  facet normal 0 0 -1
    outer loop
      vertex -7.47193 -7.01661 0
      vertex -6.37848 -5.98979 0
      vertex -7.01661 -7.47193 0
    endloop
  endfacet
  facet normal -0 0 -1
    outer loop
      vertex -6.37848 -5.98979 0
      vertex -7.47193 -7.01661 0
      vertex -6.74199 -5.57746 0
    endloop
  endfacet
  facet normal 0 0 -1
    outer loop
      vertex -7.89776 -6.5336 0
      vertex -6.74199 -5.57746 0
      vertex -7.47193 -7.01661 0
    endloop
  endfacet
  facet normal -0 0 -1
    outer loop
      vertex -6.74199 -5.57746 0
      vertex -7.89776 -6.5336 0
      vertex -7.0789 -5.14312 0
    endloop
  endfacet
  facet normal 0 0 -1
    outer loop
      vertex -8.29242 -6.0248 0
      vertex -7.0789 -5.14312 0
      vertex -7.89776 -6.5336 0
    endloop
  endfacet
  facet normal -0 0 -1
    outer loop
      vertex -7.0789 -5.14312 0
      vertex -8.29242 -6.0248 0
      vertex -7.38787 -4.68848 0
    endloop
  endfacet
  facet normal 0 0 -1
    outer loop
      vertex -8.65436 -5.49222 0
      vertex -7.38787 -4.68848 0
      vertex -8.29242 -6.0248 0
    endloop
  endfacet
  facet normal -0 0 -1
    outer loop
      vertex -7.38787 -4.68848 0
      vertex -8.65436 -5.49222 0
      vertex -7.66768 -4.21534 0
    endloop
  endfacet
  facet normal 0 0 -1
    outer loop
      vertex -8.98214 -4.93797 0
      vertex -7.66768 -4.21534 0
      vertex -8.65436 -5.49222 0
    endloop
  endfacet
  facet normal -0 0 -1
    outer loop
      vertex -7.66768 -4.21534 0
      vertex -8.98214 -4.93797 0
      vertex -7.91724 -3.72557 0
    endloop
  endfacet
  facet normal 0 0 -1
    outer loop
      vertex -9.27448 -4.36424 0
      vertex -7.91724 -3.72557 0
      vertex -8.98214 -4.93797 0
    endloop
  endfacet
  facet normal -0 0 -1
    outer loop
      vertex -7.91724 -3.72557 0
      vertex -9.27448 -4.36424 0
      vertex -8.13554 -3.22109 0
    endloop
  endfacet
  facet normal 0 0 -1
    outer loop
      vertex -9.53021 -3.77328 0
      vertex -8.13554 -3.22109 0
      vertex -9.27448 -4.36424 0
    endloop
  endfacet
  facet normal -0 0 -1
    outer loop
      vertex -8.13554 -3.22109 0
      vertex -9.53021 -3.77328 0
      vertex -8.32174 -2.7039 0
    endloop
  endfacet
  facet normal 0 0 -1
    outer loop
      vertex -9.74833 -3.16742 0
      vertex -8.32174 -2.7039 0
      vertex -9.53021 -3.77328 0
    endloop
  endfacet
  facet normal -0 0 -1
    outer loop
      vertex -8.32174 -2.7039 0
      vertex -9.74833 -3.16742 0
      vertex -8.4751 -2.17604 0
    endloop
  endfacet
  facet normal 0 0 -1
    outer loop
      vertex -9.92798 -2.54907 0
      vertex -8.4751 -2.17604 0
      vertex -9.74833 -3.16742 0
    endloop
  endfacet
  facet normal 0 0 -1
    outer loop
      vertex 7.44717 4.58821 0
      vertex 8.98214 4.93797 0
      vertex 9.16036 4.58821 0
    endloop
  endfacet
  facet normal -0 0 -1
    outer loop
      vertex 8.98214 4.93797 0
      vertex 7.44717 4.58821 0
      vertex 8.65436 5.49222 0
    endloop
  endfacet
  facet normal 0 0 -1
    outer loop
      vertex 7.38787 4.68848 0
      vertex 8.65436 5.49222 0
      vertex 7.44717 4.58821 0
    endloop
  endfacet
  facet normal 0 0 -1
    outer loop
      vertex 7.0789 5.14312 0
      vertex 8.29242 6.0248 0
      vertex 7.38787 4.68848 0
    endloop
  endfacet
  facet normal -0 0 -1
    outer loop
      vertex 8.65436 5.49222 0
      vertex 7.38787 4.68848 0
      vertex 8.29242 6.0248 0
    endloop
  endfacet
  facet normal -0 0 -1
    outer loop
      vertex 8.29242 6.0248 0
      vertex 7.0789 5.14312 0
      vertex 7.89776 6.5336 0
    endloop
  endfacet
  facet normal 0 0 -1
    outer loop
      vertex 6.74199 5.57746 0
      vertex 7.89776 6.5336 0
      vertex 7.0789 5.14312 0
    endloop
  endfacet
  facet normal -0 0 -1
    outer loop
      vertex 7.89776 6.5336 0
      vertex 6.74199 5.57746 0
      vertex 7.47193 7.01661 0
    endloop
  endfacet
  facet normal 0 0 -1
    outer loop
      vertex 6.37848 5.98979 0
      vertex 7.47193 7.01661 0
      vertex 6.74199 5.57746 0
    endloop
  endfacet
  facet normal -0 0 -1
    outer loop
      vertex 7.47193 7.01661 0
      vertex 6.37848 5.98979 0
      vertex 7.01661 7.47193 0
    endloop
  endfacet
  facet normal 0 0 -1
    outer loop
      vertex 5.98979 6.37848 0
      vertex 7.01661 7.47193 0
      vertex 6.37848 5.98979 0
    endloop
  endfacet
  facet normal -0 0 -1
    outer loop
      vertex 7.01661 7.47193 0
      vertex 5.98979 6.37848 0
      vertex 6.5336 7.89776 0
    endloop
  endfacet
  facet normal 0 0 -1
    outer loop
      vertex 5.57746 6.74199 0
      vertex 6.5336 7.89776 0
      vertex 5.98979 6.37848 0
    endloop
  endfacet
  facet normal -0 0 -1
    outer loop
      vertex 6.5336 7.89776 0
      vertex 5.57746 6.74199 0
      vertex 6.0248 8.29242 0
    endloop
  endfacet
  facet normal 0 0 -1
    outer loop
      vertex 5.14312 7.0789 0
      vertex 6.0248 8.29242 0
      vertex 5.57746 6.74199 0
    endloop
  endfacet
  facet normal -0 0 -1
    outer loop
      vertex 6.0248 8.29242 0
      vertex 5.14312 7.0789 0
      vertex 5.49222 8.65436 0
    endloop
  endfacet
  facet normal 0 0 -1
    outer loop
      vertex 4.68848 7.38787 0
      vertex 5.49222 8.65436 0
      vertex 5.14312 7.0789 0
    endloop
  endfacet
  facet normal -0 0 -1
    outer loop
      vertex 5.49222 8.65436 0
      vertex 4.68848 7.38787 0
      vertex 4.93797 8.98214 0
    endloop
  endfacet
  facet normal 0 0 -1
    outer loop
      vertex 4.21534 7.66768 0
      vertex 4.93797 8.98214 0
      vertex 4.68848 7.38787 0
    endloop
  endfacet
  facet normal -0 0 -1
    outer loop
      vertex 4.93797 8.98214 0
      vertex 4.21534 7.66768 0
      vertex 4.36424 9.27448 0
    endloop
  endfacet
  facet normal 0 0 -1
    outer loop
      vertex 3.72557 7.91724 0
      vertex 4.36424 9.27448 0
      vertex 4.21534 7.66768 0
    endloop
  endfacet
  facet normal -0 0 -1
    outer loop
      vertex 4.36424 9.27448 0
      vertex 3.72557 7.91724 0
      vertex 3.77328 9.53021 0
    endloop
  endfacet
  facet normal 0 0 -1
    outer loop
      vertex 3.22109 8.13554 0
      vertex 3.77328 9.53021 0
      vertex 3.72557 7.91724 0
    endloop
  endfacet
  facet normal 0 0 -1
    outer loop
      vertex 3.22109 8.13554 0
      vertex 3.16742 9.74833 0
      vertex 3.77328 9.53021 0
    endloop
  endfacet
  facet normal 0 0 -1
    outer loop
      vertex 2.7039 8.32174 0
      vertex 3.16742 9.74833 0
      vertex 3.22109 8.13554 0
    endloop
  endfacet
  facet normal 0 0 -1
    outer loop
      vertex 2.7039 8.32174 0
      vertex 2.54907 9.92798 0
      vertex 3.16742 9.74833 0
    endloop
  endfacet
  facet normal 0 0 -1
    outer loop
      vertex 2.17604 8.4751 0
      vertex 2.54907 9.92798 0
      vertex 2.7039 8.32174 0
    endloop
  endfacet
  facet normal 0 0 -1
    outer loop
      vertex 2.17604 8.4751 0
      vertex 1.92066 10.0684 0
      vertex 2.54907 9.92798 0
    endloop
  endfacet
  facet normal 0 0 -1
    outer loop
      vertex 1.63959 8.59501 0
      vertex 1.92066 10.0684 0
      vertex 2.17604 8.4751 0
    endloop
  endfacet
  facet normal 0 0 -1
    outer loop
      vertex 1.63959 8.59501 0
      vertex 1.28467 10.1692 0
      vertex 1.92066 10.0684 0
    endloop
  endfacet
  facet normal 0 0 -1
    outer loop
      vertex 1.09667 8.681 0
      vertex 1.28467 10.1692 0
      vertex 1.63959 8.59501 0
    endloop
  endfacet
  facet normal 0 0 -1
    outer loop
      vertex 1.09667 8.681 0
      vertex 0.643602 10.2298 0
      vertex 1.28467 10.1692 0
    endloop
  endfacet
  facet normal 0 0 -1
    outer loop
      vertex 0.549417 8.73273 0
      vertex 0.643602 10.2298 0
      vertex 1.09667 8.681 0
    endloop
  endfacet
  facet normal 0 0 -1
    outer loop
      vertex 0 8.75 0
      vertex 0.643602 10.2298 0
      vertex 0.549417 8.73273 0
    endloop
  endfacet
  facet normal 0 0 -1
    outer loop
      vertex 0 8.75 0
      vertex 0 10.25 0
      vertex 0.643602 10.2298 0
    endloop
  endfacet
  facet normal 0 0 -1
    outer loop
      vertex -0.549417 8.73273 0
      vertex 0 10.25 0
      vertex 0 8.75 0
    endloop
  endfacet
  facet normal 0 0 -1
    outer loop
      vertex -0.549417 8.73273 0
      vertex -0.643602 10.2298 0
      vertex 0 10.25 0
    endloop
  endfacet
  facet normal 0 0 -1
    outer loop
      vertex -1.09667 8.681 0
      vertex -0.643602 10.2298 0
      vertex -0.549417 8.73273 0
    endloop
  endfacet
  facet normal 0 0 -1
    outer loop
      vertex -1.09667 8.681 0
      vertex -1.28467 10.1692 0
      vertex -0.643602 10.2298 0
    endloop
  endfacet
  facet normal 0 0 -1
    outer loop
      vertex -1.63959 8.59501 0
      vertex -1.28467 10.1692 0
      vertex -1.09667 8.681 0
    endloop
  endfacet
  facet normal 0 0 -1
    outer loop
      vertex -1.63959 8.59501 0
      vertex -1.92066 10.0684 0
      vertex -1.28467 10.1692 0
    endloop
  endfacet
  facet normal 0 0 -1
    outer loop
      vertex -2.17604 8.4751 0
      vertex -1.92066 10.0684 0
      vertex -1.63959 8.59501 0
    endloop
  endfacet
  facet normal 0 0 -1
    outer loop
      vertex -2.17604 8.4751 0
      vertex -2.54907 9.92798 0
      vertex -1.92066 10.0684 0
    endloop
  endfacet
  facet normal 0 0 -1
    outer loop
      vertex -2.7039 8.32174 0
      vertex -2.54907 9.92798 0
      vertex -2.17604 8.4751 0
    endloop
  endfacet
  facet normal 0 0 -1
    outer loop
      vertex -2.7039 8.32174 0
      vertex -3.16742 9.74833 0
      vertex -2.54907 9.92798 0
    endloop
  endfacet
  facet normal 0 0 -1
    outer loop
      vertex -3.22109 8.13554 0
      vertex -3.16742 9.74833 0
      vertex -2.7039 8.32174 0
    endloop
  endfacet
  facet normal 0 0 -1
    outer loop
      vertex -3.77328 9.53021 0
      vertex -3.22109 8.13554 0
      vertex -3.72557 7.91724 0
    endloop
  endfacet
  facet normal 0 0 -1
    outer loop
      vertex -3.22109 8.13554 0
      vertex -3.77328 9.53021 0
      vertex -3.16742 9.74833 0
    endloop
  endfacet
  facet normal 0 0 -1
    outer loop
      vertex -4.36424 9.27448 0
      vertex -3.72557 7.91724 0
      vertex -4.21534 7.66768 0
    endloop
  endfacet
  facet normal 0 0 -1
    outer loop
      vertex -3.72557 7.91724 0
      vertex -4.36424 9.27448 0
      vertex -3.77328 9.53021 0
    endloop
  endfacet
  facet normal 0 0 -1
    outer loop
      vertex -4.93797 8.98214 0
      vertex -4.21534 7.66768 0
      vertex -4.68848 7.38787 0
    endloop
  endfacet
  facet normal 0 0 -1
    outer loop
      vertex -4.21534 7.66768 0
      vertex -4.93797 8.98214 0
      vertex -4.36424 9.27448 0
    endloop
  endfacet
  facet normal 0 0 -1
    outer loop
      vertex -5.49222 8.65436 0
      vertex -4.68848 7.38787 0
      vertex -5.14312 7.0789 0
    endloop
  endfacet
  facet normal 0 0 -1
    outer loop
      vertex -4.68848 7.38787 0
      vertex -5.49222 8.65436 0
      vertex -4.93797 8.98214 0
    endloop
  endfacet
  facet normal 0 0 -1
    outer loop
      vertex -6.0248 8.29242 0
      vertex -5.14312 7.0789 0
      vertex -5.57746 6.74199 0
    endloop
  endfacet
  facet normal 0 0 -1
    outer loop
      vertex -6.5336 7.89776 0
      vertex -5.57746 6.74199 0
      vertex -5.98979 6.37848 0
    endloop
  endfacet
  facet normal 0 0 -1
    outer loop
      vertex -5.14312 7.0789 0
      vertex -6.0248 8.29242 0
      vertex -5.49222 8.65436 0
    endloop
  endfacet
  facet normal 0 0 -1
    outer loop
      vertex -7.01661 7.47193 0
      vertex -5.98979 6.37848 0
      vertex -6.37848 5.98979 0
    endloop
  endfacet
  facet normal 0 0 -1
    outer loop
      vertex -5.57746 6.74199 0
      vertex -6.5336 7.89776 0
      vertex -6.0248 8.29242 0
    endloop
  endfacet
  facet normal 0 0 -1
    outer loop
      vertex -7.47193 7.01661 0
      vertex -6.37848 5.98979 0
      vertex -6.74199 5.57746 0
    endloop
  endfacet
  facet normal 0 0 -1
    outer loop
      vertex -5.98979 6.37848 0
      vertex -7.01661 7.47193 0
      vertex -6.5336 7.89776 0
    endloop
  endfacet
  facet normal 0 0 -1
    outer loop
      vertex -7.89776 6.5336 0
      vertex -6.74199 5.57746 0
      vertex -7.0789 5.14312 0
    endloop
  endfacet
  facet normal 0 0 -1
    outer loop
      vertex -8.29242 6.0248 0
      vertex -7.0789 5.14312 0
      vertex -7.38787 4.68848 0
    endloop
  endfacet
  facet normal 0 0 -1
    outer loop
      vertex -6.37848 5.98979 0
      vertex -7.47193 7.01661 0
      vertex -7.01661 7.47193 0
    endloop
  endfacet
  facet normal 0 0 -1
    outer loop
      vertex -8.65436 5.49222 0
      vertex -7.38787 4.68848 0
      vertex -7.66768 4.21534 0
    endloop
  endfacet
  facet normal 0 0 -1
    outer loop
      vertex -6.74199 5.57746 0
      vertex -7.89776 6.5336 0
      vertex -7.47193 7.01661 0
    endloop
  endfacet
  facet normal 0 0 -1
    outer loop
      vertex -8.98214 4.93797 0
      vertex -7.66768 4.21534 0
      vertex -7.91724 3.72557 0
    endloop
  endfacet
  facet normal 0 0 -1
    outer loop
      vertex -9.27448 4.36424 0
      vertex -7.91724 3.72557 0
      vertex -8.13554 3.22109 0
    endloop
  endfacet
  facet normal 0 0 -1
    outer loop
      vertex -7.0789 5.14312 0
      vertex -8.29242 6.0248 0
      vertex -7.89776 6.5336 0
    endloop
  endfacet
  facet normal 0 0 -1
    outer loop
      vertex -9.53021 3.77328 0
      vertex -8.13554 3.22109 0
      vertex -8.32174 2.7039 0
    endloop
  endfacet
  facet normal 0 0 -1
    outer loop
      vertex -9.74833 3.16742 0
      vertex -8.32174 2.7039 0
      vertex -8.4751 2.17604 0
    endloop
  endfacet
  facet normal 0 0 -1
    outer loop
      vertex -9.92798 2.54907 0
      vertex -8.4751 2.17604 0
      vertex -8.59501 1.63959 0
    endloop
  endfacet
  facet normal 0 0 -1
    outer loop
      vertex -7.38787 4.68848 0
      vertex -8.65436 5.49222 0
      vertex -8.29242 6.0248 0
    endloop
  endfacet
  facet normal 0 0 -1
    outer loop
      vertex -10.0684 1.92066 0
      vertex -8.59501 1.63959 0
      vertex -8.681 1.09667 0
    endloop
  endfacet
  facet normal 0 0 -1
    outer loop
      vertex -10.1692 1.28467 0
      vertex -8.681 1.09667 0
      vertex -8.73273 0.549417 0
    endloop
  endfacet
  facet normal 0 0 -1
    outer loop
      vertex -10.2298 0.643602 0
      vertex -8.73273 0.549417 0
      vertex -8.75 0 0
    endloop
  endfacet
  facet normal -0 0 -1
    outer loop
      vertex -8.4751 -2.17604 0
      vertex -9.92798 -2.54907 0
      vertex -8.59501 -1.63959 0
    endloop
  endfacet
  facet normal 0 0 -1
    outer loop
      vertex -7.66768 4.21534 0
      vertex -8.98214 4.93797 0
      vertex -8.65436 5.49222 0
    endloop
  endfacet
  facet normal 0 0 -1
    outer loop
      vertex -10.0684 -1.92066 0
      vertex -8.59501 -1.63959 0
      vertex -9.92798 -2.54907 0
    endloop
  endfacet
  facet normal 0 0 -1
    outer loop
      vertex -7.91724 3.72557 0
      vertex -9.27448 4.36424 0
      vertex -8.98214 4.93797 0
    endloop
  endfacet
  facet normal -0 0 -1
    outer loop
      vertex -8.59501 -1.63959 0
      vertex -10.0684 -1.92066 0
      vertex -8.681 -1.09667 0
    endloop
  endfacet
  facet normal 0 0 -1
    outer loop
      vertex -8.13554 3.22109 0
      vertex -9.53021 3.77328 0
      vertex -9.27448 4.36424 0
    endloop
  endfacet
  facet normal 0 0 -1
    outer loop
      vertex -10.1692 -1.28467 0
      vertex -8.681 -1.09667 0
      vertex -10.0684 -1.92066 0
    endloop
  endfacet
  facet normal 0 0 -1
    outer loop
      vertex -8.32174 2.7039 0
      vertex -9.74833 3.16742 0
      vertex -9.53021 3.77328 0
    endloop
  endfacet
  facet normal -0 0 -1
    outer loop
      vertex -8.681 -1.09667 0
      vertex -10.1692 -1.28467 0
      vertex -8.73273 -0.549417 0
    endloop
  endfacet
  facet normal 0 0 -1
    outer loop
      vertex -8.4751 2.17604 0
      vertex -9.92798 2.54907 0
      vertex -9.74833 3.16742 0
    endloop
  endfacet
  facet normal 0 0 -1
    outer loop
      vertex -10.2298 -0.643602 0
      vertex -8.73273 -0.549417 0
      vertex -10.1692 -1.28467 0
    endloop
  endfacet
  facet normal 0 0 -1
    outer loop
      vertex -8.59501 1.63959 0
      vertex -10.0684 1.92066 0
      vertex -9.92798 2.54907 0
    endloop
  endfacet
  facet normal -0 0 -1
    outer loop
      vertex -8.73273 -0.549417 0
      vertex -10.2298 -0.643602 0
      vertex -8.75 0 0
    endloop
  endfacet
  facet normal 0 0 -1
    outer loop
      vertex -8.681 1.09667 0
      vertex -10.1692 1.28467 0
      vertex -10.0684 1.92066 0
    endloop
  endfacet
  facet normal 0 0 -1
    outer loop
      vertex -10.25 0 0
      vertex -8.75 0 0
      vertex -10.2298 -0.643602 0
    endloop
  endfacet
  facet normal 0 0 -1
    outer loop
      vertex -8.73273 0.549417 0
      vertex -10.2298 0.643602 0
      vertex -10.1692 1.28467 0
    endloop
  endfacet
  facet normal 0 0 -1
    outer loop
      vertex -8.75 0 0
      vertex -10.25 0 0
      vertex -10.2298 0.643602 0
    endloop
  endfacet
endsolid OpenSCAD_Model
