solid OpenSCAD_Model
  facet normal 0.7337193555076358 0.15595686343746482 0.6613118508693212
    outer loop
      vertex -5.331667816890762 6.932646765124497 75.89745864272118
      vertex -5.613349159393119 7.726112296280749 76.02285887180443
      vertex -5.472220295806113 6.823623087002627 76.07911131531
    endloop
  endfacet
  facet normal 0.7337193555077731 0.1559568634374766 0.6613118508691663
    outer loop
      vertex -5.472220295806113 6.823623087002627 76.07911131531
      vertex -5.613349159393119 7.726112296280749 76.02285887180443
      vertex -5.656874092261279 7.692350897635107 76.07911131531
    endloop
  endfacet
  facet normal 0.7337193555075852 0.15595686343743692 0.661311850869384
    outer loop
      vertex -5.331667816890762 6.932646765124497 75.89745864272118
      vertex -5.514590181312075 7.793228828477997 75.89745864272118
      vertex -5.613349159393119 7.726112296280749 76.02285887180443
    endloop
  endfacet
  facet normal 0.6916548014802257 0.1470157664651985 0.7071067811865475
    outer loop
      vertex -5.331667816890762 6.932646765124497 75.89745864272118
      vertex -5.361622834803095 7.897185329816769 75.72622022777796
      vertex -5.514590181312075 7.793228828477997 75.89745864272118
    endloop
  endfacet
  facet normal 0.6916548014802258 0.14701576646519848 0.7071067811865472
    outer loop
      vertex -5.331667816890762 6.932646765124497 75.89745864272118
      vertex -5.1813822778389405 7.049220178574042 75.72622022777796
      vertex -5.361622834803095 7.897185329816769 75.72622022777796
    endloop
  endfacet
  facet normal 0.6468606002647076 0.13749446507207283 0.750111082373622
    outer loop
      vertex -5.14312095755914 7.07889870078079 75.68778542283303
      vertex -5.361622834803095 7.897185329816769 75.72622022777796
      vertex -5.1813822778389405 7.049220178574042 75.72622022777796
    endloop
  endfacet
  facet normal 0.6468606002646377 0.1374944650720575 0.7501110823736852
    outer loop
      vertex -5.14312095755914 7.07889870078079 75.68778542283303
      vertex -5.019794634280352 7.162711183533666 75.56607186049223
      vertex -5.1993524276553105 8.00746418463701 75.56607186049223
    endloop
  endfacet
  facet normal 0.6468606002646553 0.13749446507205657 0.75011108237367
    outer loop
      vertex -5.14312095755914 7.07889870078079 75.68778542283303
      vertex -5.1993524276553105 8.00746418463701 75.56607186049223
      vertex -5.361622834803095 7.897185329816769 75.72622022777796
    endloop
  endfacet
  facet normal 0.5995135886919851 0.12743054708682378 0.7901549927974956
    outer loop
      vertex -5.019794634280352 7.162711183533666 75.56607186049223
      vertex -5.117145892049418 8.063331688544245 75.49468945795547
      vertex -5.1993524276553105 8.00746418463701 75.56607186049223
    endloop
  endfacet
  facet normal 0.5995135886917888 0.12743054708681448 0.7901549927976459
    outer loop
      vertex -4.848861588938421 7.278877161191423 75.41764556616545
      vertex -5.117145892049418 8.063331688544245 75.49468945795547
      vertex -5.019794634280352 7.162711183533666 75.56607186049223
    endloop
  endfacet
  facet normal 0.5498005101522929 0.11686370604242512 0.8270805724028997
    outer loop
      vertex -4.688484456066221 7.387869348142632 75.2956348894142
      vertex -4.845040836274715 8.224254169936865 75.28152713179588
      vertex -4.848861588938421 7.278877161191423 75.41764556616545
    endloop
  endfacet
  facet normal 0.599513588691635 0.1274305470867494 0.7901549927977731
    outer loop
      vertex -4.848861588938421 7.278877161191423 75.41764556616545
      vertex -5.02694171612918 8.116678289472823 75.41764556616545
      vertex -5.117145892049418 8.063331688544245 75.49468945795547
    endloop
  endfacet
  facet normal 0.5498005101523896 0.11686370604241564 0.8270805724028367
    outer loop
      vertex -4.848861588938421 7.278877161191423 75.41764556616545
      vertex -4.845040836274715 8.224254169936865 75.28152713179588
      vertex -5.02694171612918 8.116678289472823 75.41764556616545
    endloop
  endfacet
  facet normal 0.5498005101530933 0.11686370604256563 0.8270805724023478
    outer loop
      vertex -4.66963165677106 7.399018862565056 75.28152713179588
      vertex -4.845040836274715 8.224254169936865 75.28152713179588
      vertex -4.688484456066221 7.387869348142632 75.2956348894142
    endloop
  endfacet
  facet normal 0.4979176126479495 0.10583565573939398 0.8607420432331507
    outer loop
      vertex -4.66963165677106 7.399018862565056 75.28152713179588
      vertex -4.480327563041069 7.510972991510143 75.15825375169516
      vertex -4.6557367425447245 8.336208298881953 75.15825375169516
    endloop
  endfacet
  facet normal 0.497917612647949 0.10583565573939398 0.860742043233151
    outer loop
      vertex -4.66963165677106 7.399018862565056 75.28152713179588
      vertex -4.6557367425447245 8.336208298881953 75.15825375169516
      vertex -4.845040836274715 8.224254169936865 75.28152713179588
    endloop
  endfacet
  facet normal 0.4440697213941619 0.09438993312130764 0.8910065224600023
    outer loop
      vertex -4.480327563041069 7.510972991510143 75.15825375169516
      vertex -4.600747587671382 8.368728794418898 75.12740254534572
      vertex -4.6557367425447245 8.336208298881953 75.15825375169516
    endloop
  endfacet
  facet normal 0.4440697213938128 0.09438993312126503 0.8910065224601809
    outer loop
      vertex -4.284367366279341 7.626863528814945 75.04831191897392
      vertex -4.600747587671382 8.368728794418898 75.12740254534572
      vertex -4.480327563041069 7.510972991510143 75.15825375169516
    endloop
  endfacet
  facet normal 0.3884692718554836 0.08257169274005847 0.9177546188290809
    outer loop
      vertex -4.215344648390009 7.667683450383806 75.01542319865354
      vertex -4.4575630122293 8.441684979581694 75.04831191897392
      vertex -4.284367366279341 7.626863528814945 75.04831191897392
    endloop
  endfacet
  facet normal 0.38846927185600244 0.08257169274016915 0.9177546188288515
    outer loop
      vertex -4.080438875340779 7.736421375036109 74.95213552564383
      vertex -4.252550723512353 8.546143958142078 74.95213552564383
      vertex -4.215344648390009 7.667683450383806 75.01542319865354
    endloop
  endfacet
  facet normal 0.4440697213936961 0.09438993312120848 0.8910065224602449
    outer loop
      vertex -4.284367366279341 7.626863528814945 75.04831191897392
      vertex -4.4575630122293 8.441684979581694 75.04831191897392
      vertex -4.600747587671382 8.368728794418898 75.12740254534572
    endloop
  endfacet
  facet normal 0.3884692718558098 0.08257169274016689 0.9177546188289332
    outer loop
      vertex -4.215344648390009 7.667683450383806 75.01542319865354
      vertex -4.252550723512353 8.546143958142078 74.95213552564383
      vertex -4.4575630122293 8.441684979581694 75.04831191897392
    endloop
  endfacet
  facet normal 0.3313356744322489 0.07042757171593682 0.9408807724630806
    outer loop
      vertex -4.080438875340779 7.736421375036109 74.95213552564383
      vertex -4.0661922344464445 8.641098351050488 74.87940088701583
      vertex -4.252550723512353 8.546143958142078 74.95213552564383
    endloop
  endfacet
  facet normal 0.33133567443222667 0.07042757171593779 0.9408807724630883
    outer loop
      vertex -4.080438875340779 7.736421375036109 74.95213552564383
      vertex -3.8702605655464746 7.843512572808031 74.87010414898396
      vertex -4.0661922344464445 8.641098351050488 74.87940088701583
    endloop
  endfacet
  facet normal 0.27289447498031716 0.05800551130051275 0.9602936874644045
    outer loop
      vertex -3.8702605655464746 7.843512572808031 74.87010414898396
      vertex -3.725568801194386 7.917236709077671 74.82453268490207
      vertex -3.824295227115109 8.745776533566765 74.80254151672125
    endloop
  endfacet
  facet normal 0.272894474979829 0.05800551130045834 0.9602936874645464
    outer loop
      vertex -3.654702074257769 7.947903480272742 74.80254151672125
      vertex -3.824295227115109 8.745776533566765 74.80254151672125
      vertex -3.725568801194386 7.917236709077671 74.82453268490207
    endloop
  endfacet
  facet normal 0.33133567443206224 0.0704275717158967 0.9408807724631494
    outer loop
      vertex -3.8702605655464746 7.843512572808031 74.87010414898396
      vertex -4.042016385550454 8.651560175076918 74.87010414898396
      vertex -4.0661922344464445 8.641098351050488 74.87940088701583
    endloop
  endfacet
  facet normal 0.2728944749801446 0.05800551130052515 0.9602936874644528
    outer loop
      vertex -3.8702605655464746 7.843512572808031 74.87010414898396
      vertex -3.824295227115109 8.745776533566765 74.80254151672125
      vertex -4.042016385550454 8.651560175076918 74.87010414898396
    endloop
  endfacet
  facet normal 0.21337629389237164 0.04535453137165466 0.9759167606352572
    outer loop
      vertex -3.654702074257769 7.947903480272742 74.80254151672125
      vertex -3.6030319565244637 8.841525700861386 74.74971427023411
      vertex -3.824295227115109 8.745776533566765 74.80254151672125
    endloop
  endfacet
  facet normal 0.21337629389237187 0.045354531371654655 0.9759167606352571
    outer loop
      vertex -3.433438803667124 8.043652647567363 74.74971427023411
      vertex -3.6030319565244637 8.841525700861386 74.74971427023411
      vertex -3.654702074257769 7.947903480272742 74.80254151672125
    endloop
  endfacet
  facet normal 0.1530160177625557 0.03252455861606136 0.9876883371767228
    outer loop
      vertex -3.433438803667124 8.043652647567363 74.74971427023411
      vertex -3.221089835990932 8.1355442515222 74.71379046114026
      vertex -3.5155894781386747 8.879365440232801 74.73492132381858
    endloop
  endfacet
  facet normal 0.1530160177626712 0.03252455861607239 0.9876883371767045
    outer loop
      vertex -3.433438803667124 8.043652647567363 74.74971427023411
      vertex -3.5155894781386747 8.879365440232801 74.73492132381858
      vertex -3.6030319565244637 8.841525700861386 74.74971427023411
    endloop
  endfacet
  facet normal 0.15301601776236992 0.03252455861598692 0.987688337176754
    outer loop
      vertex -3.221089835990932 8.1355442515222 74.71379046114026
      vertex -3.3771401212140906 8.929210275807513 74.7118308916688
      vertex -3.5155894781386747 8.879365440232801 74.73492132381858
    endloop
  endfacet
  facet normal 0.15301601776105903 0.0325245586157297 0.9876883371769657
    outer loop
      vertex -3.2093403316327604 8.139774333379037 74.7118308916688
      vertex -3.3771401212140906 8.929210275807513 74.7118308916688
      vertex -3.221089835990932 8.1355442515222 74.71379046114026
    endloop
  endfacet
  facet normal 0.09205181570109898 0.01956621744090813 0.9955619651037227
    outer loop
      vertex -2.9803822546947156 8.222204313206936 74.68904089927673
      vertex -3.1481820442760458 9.011640255635411 74.68904089927673
      vertex -3.2093403316327604 8.139774333379037 74.7118308916688
    endloop
  endfacet
  facet normal 0.09205181570109897 0.01956621744090813 0.9955619651037227
    outer loop
      vertex -3.2093403316327604 8.139774333379037 74.7118308916688
      vertex -3.1481820442760458 9.011640255635411 74.68904089927673
      vertex -3.3771401212140906 8.929210275807513 74.7118308916688
    endloop
  endfacet
  facet normal 0.030724355571213575 0.0065306633797443375 0.9995065604639891
    outer loop
      vertex -2.9803822546947156 8.222204313206936 74.68904089927673
      vertex -2.9511122962807477 9.082589730618716 74.68251949320933
      vertex -3.1481820442760458 9.011640255635411 74.68904089927673
    endloop
  endfacet
  facet normal 0.03072435557116469 0.006530663379746013 0.9995065604639907
    outer loop
      vertex -2.750517011553297 8.304960892964587 74.6814342290163
      vertex -2.9511122962807477 9.082589730618716 74.68251949320933
      vertex -2.9803822546947156 8.222204313206936 74.68904089927673
    endloop
  endfacet
  facet normal 0 0 1
    outer loop
      vertex -2.750517011553297 8.304960892964587 74.6814342290163
      vertex -2.7038987007807895 8.321744517582593 74.6814342290163
      vertex -2.917860532658983 9.09225026098454 74.6814342290163
    endloop
  endfacet
  facet normal 0.03072435557089937 0.006530663379677558 0.9995065604639993
    outer loop
      vertex -2.750517011553297 8.304960892964587 74.6814342290163
      vertex -2.917860532658983 9.09225026098454 74.6814342290163
      vertex -2.9511122962807477 9.082589730618716 74.68251949320933
    endloop
  endfacet
  facet normal 0 0 1
    outer loop
      vertex -2.3749884224243636 9.249969188778428 74.6814342290163
      vertex -2.917860532658983 9.09225026098454 74.6814342290163
      vertex -2.7038987007807895 8.321744517582593 74.6814342290163
    endloop
  endfacet
  facet normal 0 0 1
    outer loop
      vertex -2.1760365126924794 8.475102659875521 74.6814342290163
      vertex -2.3749884224243636 9.249969188778428 74.6814342290163
      vertex -2.7038987007807895 8.321744517582593 74.6814342290163
    endloop
  endfacet
  facet normal 0 0 1
    outer loop
      vertex -1.6395865026250904 8.595013443876026 74.6814342290163
      vertex -1.7894915542936702 9.380843244458978 74.6814342290163
      vertex -2.1760365126924794 8.475102659875521 74.6814342290163
    endloop
  endfacet
  facet normal 0 0 1
    outer loop
      vertex -2.1760365126924794 8.475102659875521 74.6814342290163
      vertex -1.7894915542936702 9.380843244458978 74.6814342290163
      vertex -2.3749884224243636 9.249969188778428 74.6814342290163
    endloop
  endfacet
  facet normal 0 0 1
    outer loop
      vertex -1.0966657936876623 8.681003636501682 74.6814342290163
      vertex -1.1969323805391057 9.474695397553264 74.6814342290163
      vertex -1.6395865026250904 8.595013443876026 74.6814342290163
    endloop
  endfacet
  facet normal 0 0 1
    outer loop
      vertex -1.6395865026250904 8.595013443876026 74.6814342290163
      vertex -1.1969323805391057 9.474695397553264 74.6814342290163
      vertex -1.7894915542936702 9.380843244458978 74.6814342290163
    endloop
  endfacet
  facet normal 0 0 1
    outer loop
      vertex -1.0966657936876623 8.681003636501682 74.6814342290163
      vertex -1.0319799065944801 9.490287997162905 74.6814342290163
      vertex -1.1969323805391057 9.474695397553264 74.6814342290163
    endloop
  endfacet
  facet normal 0 0 1
    outer loop
      vertex -0.8646235174158564 8.70293808961956 74.6814342290163
      vertex -1.0319799065944801 9.490287997162905 74.6814342290163
      vertex -1.0966657936876623 8.681003636501682 74.6814342290163
    endloop
  endfacet
  facet normal -0.030724355571168697 -0.006530663379734818 0.9995065604639907
    outer loop
      vertex -0.8646235174158564 8.70293808961956 74.6814342290163
      vertex -0.7893982832849955 9.5132187118983 74.68904089927673
      vertex -1.0319799065944801 9.490287997162905 74.6814342290163
    endloop
  endfacet
  facet normal -0.03072435557116871 -0.006530663379734816 0.9995065604639907
    outer loop
      vertex -0.6220418941063719 8.725868804354954 74.68904089927673
      vertex -0.7893982832849955 9.5132187118983 74.68904089927673
      vertex -0.8646235174158564 8.70293808961956 74.6814342290163
    endloop
  endfacet
  facet normal -0.09205181570115704 -0.019566217440920516 0.9955619651037171
    outer loop
      vertex -0.6220418941063719 8.725868804354954 74.68904089927673
      vertex -0.5996494615049428 9.531155256489994 74.70693800114299
      vertex -0.7893982832849955 9.5132187118983 74.68904089927673
    endloop
  endfacet
  facet normal -0.09205181570069045 -0.019566217440934442 0.9955619651037599
    outer loop
      vertex -0.549417045881492 8.732733873747376 74.69589087228053
      vertex -0.5996494615049428 9.531155256489994 74.70693800114299
      vertex -0.6220418941063719 8.725868804354954 74.68904089927673
    endloop
  endfacet
  facet normal -0.0920518157012699 -0.019566217440944483 0.9955619651037061
    outer loop
      vertex -0.37816593292106937 8.73811565678349 74.7118308916688
      vertex -0.5470828411181046 9.53280722908727 74.7118308916688
      vertex -0.549417045881492 8.732733873747376 74.69589087228053
    endloop
  endfacet
  facet normal -0.09205181570088329 -0.019566217440946325 0.995561965103742
    outer loop
      vertex -0.549417045881492 8.732733873747376 74.69589087228053
      vertex -0.5470828411181046 9.53280722908727 74.7118308916688
      vertex -0.5996494615049428 9.531155256489994 74.70693800114299
    endloop
  endfacet
  facet normal -0.15301601776248325 -0.03252455861603248 0.987688337176735
    outer loop
      vertex -0.37816593292106937 8.73811565678349 74.7118308916688
      vertex -0.30417565978078226 9.540440894791818 74.74971427023411
      vertex -0.5470828411181046 9.53280722908727 74.7118308916688
    endloop
  endfacet
  facet normal -0.15301601776248325 -0.03252455861603248 0.987688337176735
    outer loop
      vertex -0.13525875158374703 8.745749322488038 74.74971427023411
      vertex -0.30417565978078226 9.540440894791818 74.74971427023411
      vertex -0.37816593292106937 8.73811565678349 74.7118308916688
    endloop
  endfacet
  facet normal -0.21337629389266877 -0.04535453137162417 0.9759167606351936
    outer loop
      vertex 0 8.75 74.77948504555837
      vertex -0.06416352265502655 9.547983580066765 74.80254151672125
      vertex -0.13525875158374703 8.745749322488038 74.74971427023411
    endloop
  endfacet
  facet normal -0.21337629389237173 -0.04535453137165468 0.975916760635257
    outer loop
      vertex -0.13525875158374703 8.745749322488038 74.74971427023411
      vertex -0.06416352265502655 9.547983580066765 74.80254151672125
      vertex -0.30417565978078226 9.540440894791818 74.74971427023411
    endloop
  endfacet
  facet normal 0.9776649440355507 0.20780909896951147 0.031410755951480275
    outer loop
      vertex -6.22436463071007 6.143898036103307 78.29423864930868
      vertex -6.420158290149078 7.065034781545031 78.29423864930868
      vertex -6.230778028686558 6.1374846381268195 78.53628684580326
    endloop
  endfacet
  facet normal 0.9738065475480396 0.20698897147856563 0.09410830802226325
    outer loop
      vertex -6.22436463071007 6.143898036103307 78.29423864930868
      vertex -6.2051497461301865 6.163112920683191 78.05314569920301
      vertex -6.4005362119038995 7.082333970546785 78.05314569920301
    endloop
  endfacet
  facet normal 0.9781476007338057 0.20791169081775904 0
    outer loop
      vertex -6.230778028686558 6.1374846381268195 78.53628684580326
      vertex -6.4267075981289885 7.0592607898628295 78.53628684580326
      vertex -6.230778028686558 6.1374846381268195 80.46371315419674
    endloop
  endfacet
  facet normal 0.9776649440355507 0.20780909896951094 -0.03141075595148026
    outer loop
      vertex -6.230778028686558 6.1374846381268195 80.46371315419674
      vertex -6.4267075981289885 7.0592607898628295 80.46371315419674
      vertex -6.22436463071007 6.143898036103307 80.70576135069132
    endloop
  endfacet
  facet normal 0.9738065475480394 0.2069889714785664 -0.09410830802226329
    outer loop
      vertex -6.22436463071007 6.143898036103307 80.70576135069132
      vertex -6.420158290149078 7.065034781545031 80.70576135069132
      vertex -6.2051497461301865 6.163112920683191 80.94685430079699
    endloop
  endfacet
  facet normal 0.9661049772821854 0.20535195218339602 0.15643448662317483
    outer loop
      vertex -6.2051497461301865 6.163112920683191 78.05314569920301
      vertex -6.173209202486914 6.195053464326463 77.81395949423313
      vertex -6.367918797838455 7.1110900892216895 77.81395949423313
    endloop
  endfacet
  facet normal 0.9545906379312842 0.20290450380106678 0.2181432472280239
    outer loop
      vertex -6.173209202486914 6.195053464326463 77.81395949423313
      vertex -6.128669062829955 6.2395936039834226 77.57762398570776
      vertex -6.322434782477002 7.15118964281968 77.57762398570776
    endloop
  endfacet
  facet normal 0.9661049772821856 0.20535195218339555 -0.1564344866231748
    outer loop
      vertex -6.2051497461301865 6.163112920683191 80.94685430079699
      vertex -6.4005362119038995 7.082333970546785 80.94685430079699
      vertex -6.173209202486914 6.195053464326463 81.18604050576687
    endloop
  endfacet
  facet normal 0.9545906379312843 0.20290450380106667 -0.21814324722802386
    outer loop
      vertex -6.173209202486914 6.195053464326463 81.18604050576687
      vertex -6.367918797838455 7.1110900892216895 81.18604050576687
      vertex -6.128669062829955 6.2395936039834226 81.42237601429224
    endloop
  endfacet
  facet normal 0.9393089663931733 0.19965628424235532 -0.2789910998865811
    outer loop
      vertex -6.128669062829955 6.2395936039834226 81.42237601429224
      vertex -6.322434782477002 7.15118964281968 81.42237601429224
      vertex -6.071705104329766 6.296557562483612 81.65492812544107
    endloop
  endfacet
  facet normal 0.9738065475480392 0.20698897147856635 0.0941083080222665
    outer loop
      vertex -6.22436463071007 6.143898036103307 78.29423864930868
      vertex -6.4005362119038995 7.082333970546785 78.05314569920301
      vertex -6.420158290149078 7.065034781545031 78.29423864930868
    endloop
  endfacet
  facet normal 0.9776649440355508 0.20780909896951097 0.031410755951478166
    outer loop
      vertex -6.230778028686558 6.1374846381268195 78.53628684580326
      vertex -6.420158290149078 7.065034781545031 78.29423864930868
      vertex -6.4267075981289885 7.0592607898628295 78.53628684580326
    endloop
  endfacet
  facet normal 0.9661049772821859 0.20535195218339564 0.1564344866231729
    outer loop
      vertex -6.2051497461301865 6.163112920683191 78.05314569920301
      vertex -6.367918797838455 7.1110900892216895 77.81395949423313
      vertex -6.4005362119038995 7.082333970546785 78.05314569920301
    endloop
  endfacet
  facet normal 0.9545906379312844 0.2029045038010667 0.2181432472280234
    outer loop
      vertex -6.173209202486914 6.195053464326463 77.81395949423313
      vertex -6.322434782477002 7.15118964281968 77.57762398570776
      vertex -6.367918797838455 7.1110900892216895 77.81395949423313
    endloop
  endfacet
  facet normal 0.9781476007338057 0.20791169081775904 0
    outer loop
      vertex -6.230778028686558 6.1374846381268195 80.46371315419674
      vertex -6.4267075981289885 7.0592607898628295 78.53628684580326
      vertex -6.4267075981289885 7.0592607898628295 80.46371315419674
    endloop
  endfacet
  facet normal 0.9776649440355507 0.20780909896951147 -0.03141075595147818
    outer loop
      vertex -6.22436463071007 6.143898036103307 80.70576135069132
      vertex -6.4267075981289885 7.0592607898628295 80.46371315419674
      vertex -6.420158290149078 7.065034781545031 80.70576135069132
    endloop
  endfacet
  facet normal 0.9393089663931734 0.19965628424235482 0.27899109988658105
    outer loop
      vertex -6.128669062829955 6.2395936039834226 77.57762398570776
      vertex -6.071705104329766 6.296557562483612 77.34507187455893
      vertex -6.264263667985065 7.202474378894259 77.34507187455893
    endloop
  endfacet
  facet normal 0.9203202701613393 0.19562011226072024 0.33873791049905005
    outer loop
      vertex -6.071705104329766 6.296557562483612 77.34507187455893
      vertex -6.002542139843767 6.365720526969611 77.11722095310688
      vertex -6.193635031358568 7.2647418980974425 77.11722095310688
    endloop
  endfacet
  facet normal 0.89769947846988 0.1908119145565298 0.3971479064758833
    outer loop
      vertex -6.002542139843767 6.365720526969611 77.11722095310688
      vertex -5.9897871768760265 6.378475489937351 77.08226188047519
      vertex -6.193635031358568 7.2647418980974425 77.11722095310688
    endloop
  endfacet
  facet normal 0.8976994784698864 0.19081191455653157 0.39714790647586806
    outer loop
      vertex -5.920005006913951 6.439996748391365 76.89497043192387
      vertex -6.11082760067599 7.3377464685730285 76.89497043192387
      vertex -5.9897871768760265 6.378475489937351 77.08226188047519
    endloop
  endfacet
  facet normal 0.9203202701613402 0.19562011226071988 0.33873791049904806
    outer loop
      vertex -6.071705104329766 6.296557562483612 77.34507187455893
      vertex -6.193635031358568 7.2647418980974425 77.11722095310688
      vertex -6.264263667985065 7.202474378894259 77.34507187455893
    endloop
  endfacet
  facet normal 0.9393089663931729 0.1996562842423552 0.27899109988658294
    outer loop
      vertex -6.128669062829955 6.2395936039834226 77.57762398570776
      vertex -6.264263667985065 7.202474378894259 77.34507187455893
      vertex -6.322434782477002 7.15118964281968 77.57762398570776
    endloop
  endfacet
  facet normal 0.897699478469886 0.1908119145565317 0.39714790647586923
    outer loop
      vertex -5.9897871768760265 6.378475489937351 77.08226188047519
      vertex -6.11082760067599 7.3377464685730285 76.89497043192387
      vertex -6.193635031358568 7.2647418980974425 77.11722095310688
    endloop
  endfacet
  facet normal 0.8715358921825234 0.1852506726143327 0.4539905031314536
    outer loop
      vertex -5.920005006913951 6.439996748391365 76.89497043192387
      vertex -6.087399102099988 7.358401468508787 76.84156594466555
      vertex -6.11082760067599 7.3377464685730285 76.89497043192387
    endloop
  endfacet
  facet normal 0.8715358921826172 0.18525067261435282 0.45399050313126516
    outer loop
      vertex -5.825345596460367 6.523450244589383 76.67919743806124
      vertex -6.014791235654516 7.414721902851566 76.67919743806124
      vertex -6.087399102099988 7.358401468508787 76.84156594466555
    endloop
  endfacet
  facet normal 0.9738065475480393 0.20698897147856551 -0.09410830802226655
    outer loop
      vertex -6.2051497461301865 6.163112920683191 80.94685430079699
      vertex -6.420158290149078 7.065034781545031 80.70576135069132
      vertex -6.4005362119038995 7.082333970546785 80.94685430079699
    endloop
  endfacet
  facet normal 0.9661049772821856 0.2053519521833961 -0.15643448662317302
    outer loop
      vertex -6.173209202486914 6.195053464326463 81.18604050576687
      vertex -6.4005362119038995 7.082333970546785 80.94685430079699
      vertex -6.367918797838455 7.1110900892216895 81.18604050576687
    endloop
  endfacet
  facet normal 0.9545906379312843 0.2029045038010668 -0.21814324722802336
    outer loop
      vertex -6.128669062829955 6.2395936039834226 81.42237601429224
      vertex -6.367918797838455 7.1110900892216895 81.18604050576687
      vertex -6.322434782477002 7.15118964281968 81.42237601429224
    endloop
  endfacet
  facet normal 0.9203202701613395 0.19562011226071974 -0.33873791049905005
    outer loop
      vertex -6.071705104329766 6.296557562483612 81.65492812544107
      vertex -6.264263667985065 7.202474378894259 81.65492812544107
      vertex -6.002542139843767 6.365720526969611 81.88277904689312
    endloop
  endfacet
  facet normal 0.89769947846988 0.1908119145565298 -0.3971479064758833
    outer loop
      vertex -6.002542139843767 6.365720526969611 81.88277904689312
      vertex -6.193635031358568 7.2647418980974425 81.88277904689312
      vertex -5.9897871768760265 6.378475489937351 81.91773811952481
    endloop
  endfacet
  facet normal 0.8976994784698863 0.19081191455653188 -0.3971479064758681
    outer loop
      vertex -5.920005006913951 6.439996748391365 82.10502956807613
      vertex -5.9897871768760265 6.378475489937351 81.91773811952481
      vertex -6.193635031358568 7.2647418980974425 81.88277904689312
    endloop
  endfacet
  facet normal 0.939308966393173 0.1996562842423547 -0.2789910998865829
    outer loop
      vertex -6.071705104329766 6.296557562483612 81.65492812544107
      vertex -6.322434782477002 7.15118964281968 81.42237601429224
      vertex -6.264263667985065 7.202474378894259 81.65492812544107
    endloop
  endfacet
  facet normal 0.9203202701613401 0.1956201122607204 -0.33873791049904817
    outer loop
      vertex -6.002542139843767 6.365720526969611 81.88277904689312
      vertex -6.264263667985065 7.202474378894259 81.65492812544107
      vertex -6.193635031358568 7.2647418980974425 81.88277904689312
    endloop
  endfacet
  facet normal 0.897699478469886 0.19081191455653146 -0.3971479064758692
    outer loop
      vertex -5.920005006913951 6.439996748391365 82.10502956807613
      vertex -6.193635031358568 7.2647418980974425 81.88277904689312
      vertex -6.11082760067599 7.3377464685730285 82.10502956807613
    endloop
  endfacet
  facet normal 0.8715358921825366 0.18525067261429284 -0.4539905031314444
    outer loop
      vertex -5.825345596460367 6.523450244589383 82.32080256193876
      vertex -6.11082760067599 7.3377464685730285 82.10502956807613
      vertex -6.087399102099988 7.358401468508787 82.15843405533445
    endloop
  endfacet
  facet normal 0.8715358921826172 0.18525067261435282 -0.45399050313126516
    outer loop
      vertex -5.825345596460367 6.523450244589383 82.32080256193876
      vertex -6.087399102099988 7.358401468508787 82.15843405533445
      vertex -6.014791235654516 7.414721902851566 82.32080256193876
    endloop
  endfacet
  facet normal 0.8715358921825971 0.18525067261433778 0.4539905031313101
    outer loop
      vertex -5.920005006913951 6.439996748391365 76.89497043192387
      vertex -5.825345596460367 6.523450244589383 76.67919743806124
      vertex -6.087399102099988 7.358401468508787 76.84156594466555
    endloop
  endfacet
  facet normal 0.841932764439217 0.1789583335665373 0.5090413883082846
    outer loop
      vertex -5.825345596460367 6.523450244589383 76.67919743806124
      vertex -5.906601689603642 7.498642317032988 76.47075352072716
      vertex -6.014791235654516 7.414721902851566 76.67919743806124
    endloop
  endfacet
  facet normal 0.8419327644392194 0.17895833356653662 0.5090413883082808
    outer loop
      vertex -5.825345596460367 6.523450244589383 76.67919743806124
      vertex -5.719207785254844 6.617023312300906 76.47075352072716
      vertex -5.906601689603642 7.498642317032988 76.47075352072716
    endloop
  endfacet
  facet normal 0.8090068775093789 0.17195972025079423 0.5620833806062883
    outer loop
      vertex -5.602010441619883 6.720346669425065 76.27046132832766
      vertex -5.787138820884008 7.5913072166300175 76.27046132832766
      vertex -5.719207785254844 6.617023312300906 76.47075352072716
    endloop
  endfacet
  facet normal 0.7728882104126229 0.16428246056060364 0.6129070788931443
    outer loop
      vertex -5.577459910301036 6.741990874288155 76.23370114032627
      vertex -5.787138820884008 7.5913072166300175 76.27046132832766
      vertex -5.602010441619883 6.720346669425065 76.27046132832766
    endloop
  endfacet
  facet normal 0.7728882104129033 0.1642824605606631 0.6129070788927746
    outer loop
      vertex -5.472220295806113 6.823623087002627 76.07911131531
      vertex -5.656874092261279 7.692350897635107 76.07911131531
      vertex -5.577459910301036 6.741990874288155 76.23370114032627
    endloop
  endfacet
  facet normal 0.8715358921825938 0.1852506726143477 -0.45399050313131245
    outer loop
      vertex -5.920005006913951 6.439996748391365 82.10502956807613
      vertex -6.11082760067599 7.3377464685730285 82.10502956807613
      vertex -5.825345596460367 6.523450244589383 82.32080256193876
    endloop
  endfacet
  facet normal 0.841932764439219 0.1789583335665377 -0.5090413883082812
    outer loop
      vertex -5.825345596460367 6.523450244589383 82.32080256193876
      vertex -6.014791235654516 7.414721902851566 82.32080256193876
      vertex -5.719207785254844 6.617023312300906 82.52924647927284
    endloop
  endfacet
  facet normal 0.8090068775093789 0.17195972025079384 -0.5620833806062882
    outer loop
      vertex -5.602010441619883 6.720346669425065 82.72953867167234
      vertex -5.719207785254844 6.617023312300906 82.52924647927284
      vertex -5.906601689603642 7.498642317032988 82.52924647927284
    endloop
  endfacet
  facet normal 0.7728882104126229 0.16428246056060364 -0.6129070788931443
    outer loop
      vertex -5.577459910301036 6.741990874288155 82.76629885967373
      vertex -5.602010441619883 6.720346669425065 82.72953867167234
      vertex -5.787138820884008 7.5913072166300175 82.72953867167234
    endloop
  endfacet
  facet normal 0.7728882104128938 0.16428246056068624 -0.6129070788927803
    outer loop
      vertex -5.472220295806113 6.823623087002627 82.92088868469
      vertex -5.577459910301036 6.741990874288155 82.76629885967373
      vertex -5.787138820884008 7.5913072166300175 82.72953867167234
    endloop
  endfacet
  facet normal 0.7337193555076429 0.15595686343744894 -0.6613118508693172
    outer loop
      vertex -5.331667816890762 6.932646765124497 83.10254135727882
      vertex -5.472220295806113 6.823623087002627 82.92088868469
      vertex -5.656874092261279 7.692350897635107 82.92088868469
    endloop
  endfacet
  facet normal 0.8090068775093798 0.171959720250794 0.5620833806062869
    outer loop
      vertex -5.719207785254844 6.617023312300906 76.47075352072716
      vertex -5.787138820884008 7.5913072166300175 76.27046132832766
      vertex -5.906601689603642 7.498642317032988 76.47075352072716
    endloop
  endfacet
  facet normal 0.7728882104128415 0.16428246056067028 0.6129070788928506
    outer loop
      vertex -5.577459910301036 6.741990874288155 76.23370114032627
      vertex -5.656874092261279 7.692350897635107 76.07911131531
      vertex -5.787138820884008 7.5913072166300175 76.27046132832766
    endloop
  endfacet
  facet normal 0.8419327644392174 0.1789583335665362 -0.5090413883082844
    outer loop
      vertex -5.719207785254844 6.617023312300906 82.52924647927284
      vertex -6.014791235654516 7.414721902851566 82.32080256193876
      vertex -5.906601689603642 7.498642317032988 82.52924647927284
    endloop
  endfacet
  facet normal 0.8090068775093796 0.17195972025079437 -0.562083380606287
    outer loop
      vertex -5.602010441619883 6.720346669425065 82.72953867167234
      vertex -5.906601689603642 7.498642317032988 82.52924647927284
      vertex -5.787138820884008 7.5913072166300175 82.72953867167234
    endloop
  endfacet
  facet normal 0.772888210412849 0.16428246056065157 -0.612907078892846
    outer loop
      vertex -5.472220295806113 6.823623087002627 82.92088868469
      vertex -5.787138820884008 7.5913072166300175 82.72953867167234
      vertex -5.656874092261279 7.692350897635107 82.92088868469
    endloop
  endfacet
  facet normal 0.7337193555077501 0.15595686343752782 -0.6613118508691795
    outer loop
      vertex -5.331667816890762 6.932646765124497 83.10254135727882
      vertex -5.656874092261279 7.692350897635107 82.92088868469
      vertex -5.613349159393119 7.726112296280749 82.97714112819557
    endloop
  endfacet
  facet normal 0.7337193555075852 0.15595686343743692 -0.661311850869384
    outer loop
      vertex -5.331667816890762 6.932646765124497 83.10254135727882
      vertex -5.613349159393119 7.726112296280749 82.97714112819557
      vertex -5.514590181312075 7.793228828477997 83.10254135727882
    endloop
  endfacet
  facet normal 0.6916548014802257 0.14701576646519854 -0.7071067811865472
    outer loop
      vertex -5.331667816890762 6.932646765124497 83.10254135727882
      vertex -5.514590181312075 7.793228828477997 83.10254135727882
      vertex -5.1813822778389405 7.049220178574042 83.27377977222204
    endloop
  endfacet
  facet normal 0.6468606002647076 0.13749446507207283 -0.750111082373622
    outer loop
      vertex -5.14312095755914 7.07889870078079 83.31221457716697
      vertex -5.1813822778389405 7.049220178574042 83.27377977222204
      vertex -5.361622834803095 7.897185329816769 83.27377977222204
    endloop
  endfacet
  facet normal 0.6468606002646401 0.1374944650720519 -0.7501110823736841
    outer loop
      vertex -5.14312095755914 7.07889870078079 83.31221457716697
      vertex -5.361622834803095 7.897185329816769 83.27377977222204
      vertex -5.019794634280352 7.162711183533666 83.43392813950777
    endloop
  endfacet
  facet normal 0.6916548014802258 0.14701576646519848 -0.7071067811865474
    outer loop
      vertex -5.1813822778389405 7.049220178574042 83.27377977222204
      vertex -5.514590181312075 7.793228828477997 83.10254135727882
      vertex -5.361622834803095 7.897185329816769 83.27377977222204
    endloop
  endfacet
  facet normal 0.6468606002646532 0.13749446507206084 -0.7501110823736711
    outer loop
      vertex -5.019794634280352 7.162711183533666 83.43392813950777
      vertex -5.361622834803095 7.897185329816769 83.27377977222204
      vertex -5.1993524276553105 8.00746418463701 83.43392813950777
    endloop
  endfacet
  facet normal 0.5995135886918034 0.1274305470867851 -0.7901549927976396
    outer loop
      vertex -4.848861588938421 7.278877161191423 83.58235443383455
      vertex -5.019794634280352 7.162711183533666 83.43392813950777
      vertex -5.1993524276553105 8.00746418463701 83.43392813950777
    endloop
  endfacet
  facet normal 0.5498005101523069 0.11686370604239808 -0.827080572402894
    outer loop
      vertex -4.688484456066221 7.387869348142632 83.7043651105858
      vertex -4.848861588938421 7.278877161191423 83.58235443383455
      vertex -5.02694171612918 8.116678289472823 83.58235443383455
    endloop
  endfacet
  facet normal 0.5498005101529851 0.11686370604279794 -0.8270805724023867
    outer loop
      vertex -4.66963165677106 7.399018862565056 83.71847286820412
      vertex -4.688484456066221 7.387869348142632 83.7043651105858
      vertex -5.02694171612918 8.116678289472823 83.58235443383455
    endloop
  endfacet
  facet normal 0.5995135886917062 0.12743054708672136 -0.7901549927977236
    outer loop
      vertex -4.848861588938421 7.278877161191423 83.58235443383455
      vertex -5.1993524276553105 8.00746418463701 83.43392813950777
      vertex -5.117145892049418 8.063331688544245 83.50531054204447
    endloop
  endfacet
  facet normal 0.5995135886919112 0.1274305470868081 -0.7901549927975541
    outer loop
      vertex -4.848861588938421 7.278877161191423 83.58235443383455
      vertex -5.117145892049418 8.063331688544245 83.50531054204447
      vertex -5.02694171612918 8.116678289472823 83.58235443383455
    endloop
  endfacet
  facet normal 0.5498005101523894 0.11686370604241603 -0.8270805724028366
    outer loop
      vertex -4.66963165677106 7.399018862565056 83.71847286820412
      vertex -5.02694171612918 8.116678289472823 83.58235443383455
      vertex -4.845040836274715 8.224254169936865 83.71847286820412
    endloop
  endfacet
  facet normal 0.49791761264794937 0.10583565573939406 -0.8607420432331508
    outer loop
      vertex -4.66963165677106 7.399018862565056 83.71847286820412
      vertex -4.845040836274715 8.224254169936865 83.71847286820412
      vertex -4.480327563041069 7.510972991510143 83.84174624830484
    endloop
  endfacet
  facet normal 0.49791761264794904 0.10583565573939387 -0.860742043233151
    outer loop
      vertex -4.480327563041069 7.510972991510143 83.84174624830484
      vertex -4.845040836274715 8.224254169936865 83.71847286820412
      vertex -4.6557367425447245 8.336208298881953 83.84174624830484
    endloop
  endfacet
  facet normal 0.4440697213941102 0.09438993312140936 -0.8910065224600173
    outer loop
      vertex -4.284367366279341 7.626863528814945 83.95168808102608
      vertex -4.6557367425447245 8.336208298881953 83.84174624830484
      vertex -4.600747587671382 8.368728794418898 83.87259745465428
    endloop
  endfacet
  facet normal 0.4440697213938272 0.09438993312123652 -0.8910065224601765
    outer loop
      vertex -4.284367366279341 7.626863528814945 83.95168808102608
      vertex -4.480327563041069 7.510972991510143 83.84174624830484
      vertex -4.6557367425447245 8.336208298881953 83.84174624830484
    endloop
  endfacet
  facet normal 0.3884692718554836 0.08257169274005847 -0.9177546188290809
    outer loop
      vertex -4.215344648390009 7.667683450383806 83.98457680134646
      vertex -4.284367366279341 7.626863528814945 83.95168808102608
      vertex -4.4575630122293 8.441684979581694 83.95168808102608
    endloop
  endfacet
  facet normal 0.3884692718559778 0.08257169274022265 -0.917754618828857
    outer loop
      vertex -4.080438875340779 7.736421375036109 84.04786447435617
      vertex -4.215344648390009 7.667683450383806 83.98457680134646
      vertex -4.4575630122293 8.441684979581694 83.95168808102608
    endloop
  endfacet
  facet normal 0.4440697213936961 0.09438993312120848 -0.8910065224602449
    outer loop
      vertex -4.284367366279341 7.626863528814945 83.95168808102608
      vertex -4.600747587671382 8.368728794418898 83.87259745465428
      vertex -4.4575630122293 8.441684979581694 83.95168808102608
    endloop
  endfacet
  facet normal 0.3884692718558261 0.08257169274013167 -0.9177546188289294
    outer loop
      vertex -4.080438875340779 7.736421375036109 84.04786447435617
      vertex -4.4575630122293 8.441684979581694 83.95168808102608
      vertex -4.252550723512353 8.546143958142078 84.04786447435617
    endloop
  endfacet
  facet normal 0.3313356744322291 0.07042757171593263 -0.9408807724630879
    outer loop
      vertex -4.080438875340779 7.736421375036109 84.04786447435617
      vertex -4.252550723512353 8.546143958142078 84.04786447435617
      vertex -3.8702605655464746 7.843512572808031 84.12989585101604
    endloop
  endfacet
  facet normal 0.3313356744322461 0.07042757171594265 -0.9408807724630812
    outer loop
      vertex -3.8702605655464746 7.843512572808031 84.12989585101604
      vertex -4.252550723512353 8.546143958142078 84.04786447435617
      vertex -4.0661922344464445 8.641098351050488 84.12059911298417
    endloop
  endfacet
  facet normal 0.2728944749802955 0.058005511300557235 -0.960293687464408
    outer loop
      vertex -3.8702605655464746 7.843512572808031 84.12989585101604
      vertex -4.042016385550454 8.651560175076918 84.12989585101604
      vertex -3.725568801194386 7.917236709077671 84.17546731509793
    endloop
  endfacet
  facet normal 0.27289447497986785 0.05800551130036467 -0.9602936874645409
    outer loop
      vertex -3.654702074257769 7.947903480272742 84.19745848327875
      vertex -3.725568801194386 7.917236709077671 84.17546731509793
      vertex -4.042016385550454 8.651560175076918 84.12989585101604
    endloop
  endfacet
  facet normal 0.21337629389237184 0.04535453137165472 -0.9759167606352572
    outer loop
      vertex -3.433438803667124 8.043652647567363 84.25028572976589
      vertex -3.654702074257769 7.947903480272742 84.19745848327875
      vertex -3.824295227115109 8.745776533566765 84.19745848327875
    endloop
  endfacet
  facet normal 0.33133567443206224 0.0704275717158967 -0.9408807724631494
    outer loop
      vertex -3.8702605655464746 7.843512572808031 84.12989585101604
      vertex -4.0661922344464445 8.641098351050488 84.12059911298417
      vertex -4.042016385550454 8.651560175076918 84.12989585101604
    endloop
  endfacet
  facet normal 0.27289447498014446 0.058005511300525406 -0.9602936874644528
    outer loop
      vertex -3.654702074257769 7.947903480272742 84.19745848327875
      vertex -4.042016385550454 8.651560175076918 84.12989585101604
      vertex -3.824295227115109 8.745776533566765 84.19745848327875
    endloop
  endfacet
  facet normal 0.21337629389237164 0.045354531371654606 -0.9759167606352571
    outer loop
      vertex -3.433438803667124 8.043652647567363 84.25028572976589
      vertex -3.824295227115109 8.745776533566765 84.19745848327875
      vertex -3.6030319565244637 8.841525700861386 84.25028572976589
    endloop
  endfacet
  facet normal 0.15301601776256094 0.03252455861604895 -0.9876883371767223
    outer loop
      vertex -3.433438803667124 8.043652647567363 84.25028572976589
      vertex -3.6030319565244637 8.841525700861386 84.25028572976589
      vertex -3.221089835990932 8.1355442515222 84.28620953885974
    endloop
  endfacet
  facet normal 0.1530160177626584 0.03252455861610252 -0.9876883371767056
    outer loop
      vertex -3.221089835990932 8.1355442515222 84.28620953885974
      vertex -3.6030319565244637 8.841525700861386 84.25028572976589
      vertex -3.5155894781386747 8.879365440232801 84.26507867618142
    endloop
  endfacet
  facet normal 0.1530160177611426 0.03252455861549513 -0.9876883371769604
    outer loop
      vertex -3.2093403316327604 8.139774333379037 84.2881691083312
      vertex -3.221089835990932 8.1355442515222 84.28620953885974
      vertex -3.5155894781386747 8.879365440232801 84.26507867618142
    endloop
  endfacet
  facet normal 0.15301601776236282 0.03252455861600683 -0.9876883371767545
    outer loop
      vertex -3.2093403316327604 8.139774333379037 84.2881691083312
      vertex -3.5155894781386747 8.879365440232801 84.26507867618142
      vertex -3.3771401212140906 8.929210275807513 84.2881691083312
    endloop
  endfacet
  facet normal 0.092051815701099 0.019566217440908133 -0.9955619651037227
    outer loop
      vertex -2.9803822546947156 8.222204313206936 84.31095910072327
      vertex -3.2093403316327604 8.139774333379037 84.2881691083312
      vertex -3.3771401212140906 8.929210275807513 84.2881691083312
    endloop
  endfacet
  facet normal 0.09205181570109898 0.01956621744090813 -0.9955619651037227
    outer loop
      vertex -2.9803822546947156 8.222204313206936 84.31095910072327
      vertex -3.3771401212140906 8.929210275807513 84.2881691083312
      vertex -3.1481820442760458 9.011640255635411 84.31095910072327
    endloop
  endfacet
  facet normal 0.03072435557116873 0.006530663379734804 -0.9995065604639907
    outer loop
      vertex -2.750517011553297 8.304960892964587 84.3185657709837
      vertex -2.9803822546947156 8.222204313206936 84.31095910072327
      vertex -3.1481820442760458 9.011640255635411 84.31095910072327
    endloop
  endfacet
  facet normal 0 0 -1
    outer loop
      vertex -2.750517011553297 8.304960892964587 84.3185657709837
      vertex -2.917860532658983 9.09225026098454 84.3185657709837
      vertex -2.7038987007807895 8.321744517582593 84.3185657709837
    endloop
  endfacet
  facet normal 0.030724355570969402 0.006530663379622564 -0.9995065604639976
    outer loop
      vertex -2.750517011553297 8.304960892964587 84.3185657709837
      vertex -3.1481820442760458 9.011640255635411 84.31095910072327
      vertex -2.9511122962807477 9.082589730618716 84.31748050679062
    endloop
  endfacet
  facet normal 0.030724355572507044 0.006530663380019279 -0.9995065604639476
    outer loop
      vertex -2.750517011553297 8.304960892964587 84.3185657709837
      vertex -2.9511122962807477 9.082589730618716 84.31748050679062
      vertex -2.917860532658983 9.09225026098454 84.3185657709837
    endloop
  endfacet
  facet normal 0 0 -1
    outer loop
      vertex -2.1760365126924794 8.475102659875521 84.3185657709837
      vertex -2.7038987007807895 8.321744517582593 84.3185657709837
      vertex -2.917860532658983 9.09225026098454 84.3185657709837
    endloop
  endfacet
  facet normal 0 0 -1
    outer loop
      vertex -2.1760365126924794 8.475102659875521 84.3185657709837
      vertex -2.917860532658983 9.09225026098454 84.3185657709837
      vertex -2.3749884224243636 9.249969188778428 84.3185657709837
    endloop
  endfacet
  facet normal 0 0 -1
    outer loop
      vertex -1.6395865026250904 8.595013443876026 84.3185657709837
      vertex -2.1760365126924794 8.475102659875521 84.3185657709837
      vertex -2.3749884224243636 9.249969188778428 84.3185657709837
    endloop
  endfacet
  facet normal 0 0 -1
    outer loop
      vertex -1.6395865026250904 8.595013443876026 84.3185657709837
      vertex -2.3749884224243636 9.249969188778428 84.3185657709837
      vertex -1.7894915542936702 9.380843244458978 84.3185657709837
    endloop
  endfacet
  facet normal 0 0 -1
    outer loop
      vertex -1.0966657936876623 8.681003636501682 84.3185657709837
      vertex -1.6395865026250904 8.595013443876026 84.3185657709837
      vertex -1.7894915542936702 9.380843244458978 84.3185657709837
    endloop
  endfacet
  facet normal 0 0 -1
    outer loop
      vertex -1.0966657936876623 8.681003636501682 84.3185657709837
      vertex -1.7894915542936702 9.380843244458978 84.3185657709837
      vertex -1.1969323805391057 9.474695397553264 84.3185657709837
    endloop
  endfacet
  facet normal 0 0 -1
    outer loop
      vertex -1.0966657936876623 8.681003636501682 84.3185657709837
      vertex -1.1969323805391057 9.474695397553264 84.3185657709837
      vertex -1.0319799065944801 9.490287997162905 84.3185657709837
    endloop
  endfacet
  facet normal 0 0 -1
    outer loop
      vertex -0.8646235174158564 8.70293808961956 84.3185657709837
      vertex -1.0966657936876623 8.681003636501682 84.3185657709837
      vertex -1.0319799065944801 9.490287997162905 84.3185657709837
    endloop
  endfacet
  facet normal -0.03072435557116871 -0.006530663379734821 -0.9995065604639907
    outer loop
      vertex -0.6220418941063719 8.725868804354954 84.31095910072327
      vertex -0.8646235174158564 8.70293808961956 84.3185657709837
      vertex -1.0319799065944801 9.490287997162905 84.3185657709837
    endloop
  endfacet
  facet normal -0.030724355571168697 -0.006530663379734814 -0.9995065604639907
    outer loop
      vertex -0.6220418941063719 8.725868804354954 84.31095910072327
      vertex -1.0319799065944801 9.490287997162905 84.3185657709837
      vertex -0.7893982832849955 9.5132187118983 84.31095910072327
    endloop
  endfacet
  facet normal -0.09205181570145815 -0.019566217440984517 -0.995561965103688
    outer loop
      vertex -0.549417045881492 8.732733873747376 84.30410912771941
      vertex -0.6220418941063719 8.725868804354954 84.31095910072327
      vertex -0.7893982832849955 9.5132187118983 84.31095910072327
    endloop
  endfacet
  facet normal -0.09205181570115972 -0.019566217440892503 -0.9955619651037174
    outer loop
      vertex -0.549417045881492 8.732733873747376 84.30410912771941
      vertex -0.7893982832849955 9.5132187118983 84.31095910072327
      vertex -0.5996494615049428 9.531155256489994 84.29306199885701
    endloop
  endfacet
  facet normal -0.09205181570094442 -0.019566217440879233 -0.9955619651037376
    outer loop
      vertex -0.37816593292106937 8.73811565678349 84.2881691083312
      vertex -0.549417045881492 8.732733873747376 84.30410912771941
      vertex -0.5996494615049428 9.531155256489994 84.29306199885701
    endloop
  endfacet
  facet normal -0.15301601776248325 -0.03252455861603248 -0.987688337176735
    outer loop
      vertex -0.13525875158374703 8.745749322488038 84.25028572976589
      vertex -0.37816593292106937 8.73811565678349 84.2881691083312
      vertex -0.5470828411181046 9.53280722908727 84.2881691083312
    endloop
  endfacet
  facet normal -0.0920518157008861 -0.019566217440862906 -0.9955619651037432
    outer loop
      vertex -0.37816593292106937 8.73811565678349 84.2881691083312
      vertex -0.5996494615049428 9.531155256489994 84.29306199885701
      vertex -0.5470828411181046 9.53280722908727 84.2881691083312
    endloop
  endfacet
  facet normal -0.15301601776248322 -0.03252455861603247 -0.987688337176735
    outer loop
      vertex -0.13525875158374703 8.745749322488038 84.25028572976589
      vertex -0.5470828411181046 9.53280722908727 84.2881691083312
      vertex -0.30417565978078226 9.540440894791818 84.25028572976589
    endloop
  endfacet
  facet normal -0.2133762938926651 -0.04535453137171705 -0.9759167606351901
    outer loop
      vertex 0 8.75 84.22051495444163
      vertex -0.13525875158374703 8.745749322488038 84.25028572976589
      vertex -0.30417565978078226 9.540440894791818 84.25028572976589
    endloop
  endfacet
  facet normal -0.2133762938919904 -0.04535453137145136 -0.97591676063535
    outer loop
      vertex 0.1061622724098946 8.74666371618348 84.19745848327875
      vertex 0 8.75 84.22051495444163
      vertex -0.30417565978078226 9.540440894791818 84.25028572976589
    endloop
  endfacet
  facet normal -0.21337629389237175 -0.045354531371654704 -0.9759167606352572
    outer loop
      vertex 0.1061622724098946 8.74666371618348 84.19745848327875
      vertex -0.30417565978078226 9.540440894791818 84.25028572976589
      vertex -0.06416352265502655 9.547983580066765 84.19745848327875
    endloop
  endfacet
  facet normal -0.2133762938919928 -0.045354531371574164 0.9759167606353437
    outer loop
      vertex 0.1061622724098946 8.74666371618348 74.80254151672125
      vertex -0.06416352265502655 9.547983580066765 74.80254151672125
      vertex 0 8.75 74.77948504555837
    endloop
  endfacet
  facet normal -0.2728944749801442 -0.058005511300525385 0.9602936874644528
    outer loop
      vertex 0.34550853536107856 8.739141956847494 74.87010414898396
      vertex 0.17431976919504932 9.54452178055666 74.87010414898396
      vertex 0.1061622724098946 8.74666371618348 74.80254151672125
    endloop
  endfacet
  facet normal -0.27289447498035274 -0.05800551130056968 0.9602936874643908
    outer loop
      vertex 0.1061622724098946 8.74666371618348 74.80254151672125
      vertex 0 9.55 74.82089718699916
      vertex -0.06416352265502655 9.547983580066765 74.80254151672125
    endloop
  endfacet
  facet normal -0.27289447498006686 -0.05800551130053381 0.9602936874644743
    outer loop
      vertex 0.1061622724098946 8.74666371618348 74.80254151672125
      vertex 0.17431976919504932 9.54452178055666 74.87010414898396
      vertex 0 9.55 74.82089718699916
    endloop
  endfacet
  facet normal -0.33133567443228745 -0.0704275717159256 0.940880772463068
    outer loop
      vertex 0.5494170458814954 8.732733873747376 74.9414318454231
      vertex 0.40882749432435644 9.537152078397527 74.95213552564383
      vertex 0.34550853536107856 8.739141956847494 74.87010414898396
    endloop
  endfacet
  facet normal -0.33133567443183737 -0.07042757171584912 0.9408807724632322
    outer loop
      vertex 0.5804350924852505 8.729801805074505 74.95213552564383
      vertex 0.40882749432435644 9.537152078397527 74.95213552564383
      vertex 0.5494170458814954 8.732733873747376 74.9414318454231
    endloop
  endfacet
  facet normal -0.3313356744322283 -0.07042757171593236 0.9408807724630881
    outer loop
      vertex 0.34550853536107856 8.739141956847494 74.87010414898396
      vertex 0.40882749432435644 9.537152078397527 74.95213552564383
      vertex 0.17431976919504932 9.54452178055666 74.87010414898396
    endloop
  endfacet
  facet normal -0.3884692718559416 -0.08257169274015595 0.9177546188288783
    outer loop
      vertex 0.5804350924852505 8.729801805074505 74.95213552564383
      vertex 0.5996494615049465 9.531155256489994 75.03236754125902
      vertex 0.40882749432435644 9.537152078397527 74.95213552564383
    endloop
  endfacet
  facet normal -0.49791761264806855 -0.10583565573937809 0.8607420432330838
    outer loop
      vertex 1.0966657936876605 8.681003636501682 75.19183370072312
      vertex 1.0806771107772462 9.485684756067014 75.28152713179588
      vertex 1.0374264165254274 8.68660340634524 75.15825375169516
    endloop
  endfacet
  facet normal -0.49791761264790757 -0.10583565573938515 0.8607420432331759
    outer loop
      vertex 1.257119128949204 8.655590324798077 75.28152713179588
      vertex 1.0806771107772462 9.485684756067014 75.28152713179588
      vertex 1.0966657936876605 8.681003636501682 75.19183370072312
    endloop
  endfacet
  facet normal -0.38846927185582486 -0.08257169274013121 0.9177546188289301
    outer loop
      vertex 0.8123097669155979 8.707883194995203 75.04831191897392
      vertex 0.6380902603707853 9.527521531144407 75.04831191897392
      vertex 0.5804350924852505 8.729801805074505 74.95213552564383
    endloop
  endfacet
  facet normal -0.44406972139382633 -0.09438993312123636 0.8910065224601771
    outer loop
      vertex 0.8123097669155979 8.707883194995203 75.04831191897392
      vertex 0.863206909980615 9.506241742494444 75.15825375169516
      vertex 0.6380902603707853 9.527521531144407 75.04831191897392
    endloop
  endfacet
  facet normal -0.3884692718552476 -0.08257169274020158 0.917754618829168
    outer loop
      vertex 0.5804350924852505 8.729801805074505 74.95213552564383
      vertex 0.6380902603707853 9.527521531144407 75.04831191897392
      vertex 0.5996494615049465 9.531155256489994 75.03236754125902
    endloop
  endfacet
  facet normal -0.44406972139382656 -0.09438993312123636 0.891006522460177
    outer loop
      vertex 1.0374264165254274 8.68660340634524 75.15825375169516
      vertex 0.863206909980615 9.506241742494444 75.15825375169516
      vertex 0.8123097669155979 8.707883194995203 75.04831191897392
    endloop
  endfacet
  facet normal -0.4979176126479518 -0.10583565573939448 0.8607420432331492
    outer loop
      vertex 1.0374264165254274 8.68660340634524 75.15825375169516
      vertex 1.0806771107772462 9.485684756067014 75.28152713179588
      vertex 0.863206909980615 9.506241742494444 75.15825375169516
    endloop
  endfacet
  facet normal -0.5498005101522148 -0.11686370604237886 0.8270805724029582
    outer loop
      vertex 1.257119128949204 8.655590324798077 75.28152713179588
      vertex 1.196932380539104 9.474695397553264 75.35725488015544
      vertex 1.0806771107772462 9.485684756067014 75.28152713179588
    endloop
  endfacet
  facet normal -0.5498005101523863 -0.11686370604241535 0.8270805724028389
    outer loop
      vertex 1.469019740327135 8.622028565060557 75.41764556616545
      vertex 1.2909447995499101 9.459805293184681 75.41764556616545
      vertex 1.257119128949204 8.655590324798077 75.28152713179588
    endloop
  endfacet
  facet normal -0.5995135886917894 -0.12743054708678803 0.7901549927976497
    outer loop
      vertex 1.6395865026250922 8.595013443876026 75.54270272710897
      vertex 1.4933849658882001 9.427741920739985 75.56607186049223
      vertex 1.469019740327135 8.622028565060557 75.41764556616545
    endloop
  endfacet
  facet normal -0.5995135886918822 -0.1274305470868023 0.790154992797577
    outer loop
      vertex 1.6719232520410179 8.587785324010758 75.56607186049223
      vertex 1.4933849658882001 9.427741920739985 75.56607186049223
      vertex 1.6395865026250922 8.595013443876026 75.54270272710897
    endloop
  endfacet
  facet normal -0.6468606002646543 -0.13749446507206156 0.75011108237367
    outer loop
      vertex 1.8668977875510548 8.544203351833694 75.72622022777796
      vertex 1.6855657589529165 9.397303473389304 75.72622022777796
      vertex 1.6719232520410179 8.587785324010758 75.56607186049223
    endloop
  endfacet
  facet normal -0.5498005101525981 -0.11686370604238339 0.8270805724027026
    outer loop
      vertex 1.257119128949204 8.655590324798077 75.28152713179588
      vertex 1.2909447995499101 9.459805293184681 75.41764556616545
      vertex 1.196932380539104 9.474695397553264 75.35725488015544
    endloop
  endfacet
  facet normal -0.5995135886918036 -0.12743054708678567 0.7901549927976391
    outer loop
      vertex 1.469019740327135 8.622028565060557 75.41764556616545
      vertex 1.4933849658882001 9.427741920739985 75.56607186049223
      vertex 1.2909447995499101 9.459805293184681 75.41764556616545
    endloop
  endfacet
  facet normal -0.6468606002646546 -0.13749446507206153 0.7501110823736697
    outer loop
      vertex 1.6719232520410179 8.587785324010758 75.56607186049223
      vertex 1.6855657589529165 9.397303473389304 75.72622022777796
      vertex 1.4933849658882001 9.427741920739985 75.56607186049223
    endloop
  endfacet
  facet normal -0.691654801480358 -0.14701576646522668 0.7071067811864121
    outer loop
      vertex 1.8668977875510548 8.544203351833694 75.72622022777796
      vertex 1.7894915542936722 9.380843244458976 75.82445272111676
      vertex 1.6855657589529165 9.397303473389304 75.72622022777796
    endloop
  endfacet
  facet normal -0.6916548014802244 -0.14701576646519823 0.7071067811865487
    outer loop
      vertex 2.0506943149525627 8.503119960494924 75.89745864272118
      vertex 1.867851511521117 9.363327718819955 75.89745864272118
      vertex 1.8668977875510548 8.544203351833694 75.72622022777796
    endloop
  endfacet
  facet normal -0.7337193555076748 -0.1559568634374428 0.6613118508692833
    outer loop
      vertex 2.1760365126924763 8.475102659875523 76.02991733993326
      vertex 2.0397446803868666 9.324905043349348 76.07911131531
      vertex 2.0506943149525627 8.503119960494924 75.89745864272118
    endloop
  endfacet
  facet normal -0.7337193555075628 -0.15595686343743217 0.6613118508694098
    outer loop
      vertex 2.223294067305199 8.461373071077052 76.07911131531
      vertex 2.0397446803868666 9.324905043349348 76.07911131531
      vertex 2.1760365126924763 8.475102659875523 76.02991733993326
    endloop
  endfacet
  facet normal -0.6916548014800457 -0.14701576646523348 0.7071067811867163
    outer loop
      vertex 1.8668977875510548 8.544203351833694 75.72622022777796
      vertex 1.867851511521117 9.363327718819955 75.89745864272118
      vertex 1.7894915542936722 9.380843244458976 75.82445272111676
    endloop
  endfacet
  facet normal -0.7337193555076443 -0.1559568634374495 0.6613118508693153
    outer loop
      vertex 2.0506943149525627 8.503119960494924 75.89745864272118
      vertex 2.0397446803868666 9.324905043349348 76.07911131531
      vertex 1.867851511521117 9.363327718819955 75.89745864272118
    endloop
  endfacet
  facet normal -0.2728944749801444 -0.05800551130054354 -0.9602936874644517
    outer loop
      vertex 0.34550853536107856 8.739141956847494 84.12989585101604
      vertex 0.1061622724098946 8.74666371618348 84.19745848327875
      vertex 0 9.55 84.17910281300084
    endloop
  endfacet
  facet normal -0.27289447498035274 -0.05800551130056968 -0.9602936874643908
    outer loop
      vertex 0.1061622724098946 8.74666371618348 84.19745848327875
      vertex -0.06416352265502655 9.547983580066765 84.19745848327875
      vertex 0 9.55 84.17910281300084
    endloop
  endfacet
  facet normal -0.27289447498006647 -0.05800551130050885 -0.9602936874644757
    outer loop
      vertex 0.34550853536107856 8.739141956847494 84.12989585101604
      vertex 0 9.55 84.17910281300084
      vertex 0.17431976919504932 9.54452178055666 84.12989585101604
    endloop
  endfacet
  facet normal -0.33133567443228745 -0.07042757171594495 -0.9408807724630665
    outer loop
      vertex 0.5494170458814954 8.732733873747376 84.0585681545769
      vertex 0.34550853536107856 8.739141956847494 84.12989585101604
      vertex 0.17431976919504932 9.54452178055666 84.12989585101604
    endloop
  endfacet
  facet normal -0.33133567443183737 -0.07042757171584912 -0.9408807724632322
    outer loop
      vertex 0.5804350924852505 8.729801805074505 84.04786447435617
      vertex 0.5494170458814954 8.732733873747376 84.0585681545769
      vertex 0.40882749432435644 9.537152078397527 84.04786447435617
    endloop
  endfacet
  facet normal -0.3313356744322282 -0.07042757171591554 -0.9408807724630894
    outer loop
      vertex 0.5494170458814954 8.732733873747376 84.0585681545769
      vertex 0.17431976919504932 9.54452178055666 84.12989585101604
      vertex 0.40882749432435644 9.537152078397527 84.04786447435617
    endloop
  endfacet
  facet normal -0.3884692718559416 -0.08257169274015595 -0.9177546188288783
    outer loop
      vertex 0.5804350924852505 8.729801805074505 84.04786447435617
      vertex 0.40882749432435644 9.537152078397527 84.04786447435617
      vertex 0.5996494615049465 9.531155256489994 83.96763245874098
    endloop
  endfacet
  facet normal -0.49791761264790657 -0.10583565573936929 -0.8607420432331786
    outer loop
      vertex 1.257119128949204 8.655590324798077 83.71847286820412
      vertex 1.0966657936876605 8.681003636501682 83.80816629927688
      vertex 0.863206909980615 9.506241742494444 83.84174624830484
    endloop
  endfacet
  facet normal -0.38846927185582636 -0.08257169274016353 -0.9177546188289264
    outer loop
      vertex 0.8123097669155979 8.707883194995203 83.95168808102608
      vertex 0.5804350924852505 8.729801805074505 84.04786447435617
      vertex 0.5996494615049465 9.531155256489994 83.96763245874098
    endloop
  endfacet
  facet normal -0.4440697213938265 -0.09438993312123642 -0.891006522460177
    outer loop
      vertex 1.0374264165254274 8.68660340634524 83.84174624830484
      vertex 0.8123097669155979 8.707883194995203 83.95168808102608
      vertex 0.6380902603707853 9.527521531144407 83.95168808102608
    endloop
  endfacet
  facet normal -0.4440697213938264 -0.09438993312123632 -0.8910065224601771
    outer loop
      vertex 1.0374264165254274 8.68660340634524 83.84174624830484
      vertex 0.6380902603707853 9.527521531144407 83.95168808102608
      vertex 0.863206909980615 9.506241742494444 83.84174624830484
    endloop
  endfacet
  facet normal -0.388469271855238 -0.08257169274000646 -0.9177546188291897
    outer loop
      vertex 0.8123097669155979 8.707883194995203 83.95168808102608
      vertex 0.5996494615049465 9.531155256489994 83.96763245874098
      vertex 0.6380902603707853 9.527521531144407 83.95168808102608
    endloop
  endfacet
  facet normal -0.4979176126480692 -0.10583565573941943 -0.8607420432330782
    outer loop
      vertex 1.0966657936876605 8.681003636501682 83.80816629927688
      vertex 1.0374264165254274 8.68660340634524 83.84174624830484
      vertex 0.863206909980615 9.506241742494444 83.84174624830484
    endloop
  endfacet
  facet normal -0.49791761264795187 -0.10583565573939459 -0.8607420432331493
    outer loop
      vertex 1.257119128949204 8.655590324798077 83.71847286820412
      vertex 0.863206909980615 9.506241742494444 83.84174624830484
      vertex 1.0806771107772462 9.485684756067014 83.71847286820412
    endloop
  endfacet
  facet normal -0.5498005101522148 -0.11686370604237886 -0.8270805724029582
    outer loop
      vertex 1.257119128949204 8.655590324798077 83.71847286820412
      vertex 1.0806771107772462 9.485684756067014 83.71847286820412
      vertex 1.196932380539104 9.474695397553264 83.64274511984456
    endloop
  endfacet
  facet normal -0.5498005101523846 -0.11686370604238086 -0.8270805724028448
    outer loop
      vertex 1.469019740327135 8.622028565060557 83.58235443383455
      vertex 1.257119128949204 8.655590324798077 83.71847286820412
      vertex 1.196932380539104 9.474695397553264 83.64274511984456
    endloop
  endfacet
  facet normal -0.5995135886917893 -0.12743054708678264 -0.7901549927976507
    outer loop
      vertex 1.6395865026250922 8.595013443876026 83.45729727289103
      vertex 1.469019740327135 8.622028565060557 83.58235443383455
      vertex 1.2909447995499101 9.459805293184681 83.58235443383455
    endloop
  endfacet
  facet normal -0.5995135886918822 -0.1274305470868023 -0.790154992797577
    outer loop
      vertex 1.6719232520410179 8.587785324010758 83.43392813950777
      vertex 1.6395865026250922 8.595013443876026 83.45729727289103
      vertex 1.4933849658882001 9.427741920739985 83.43392813950777
    endloop
  endfacet
  facet normal -0.6468606002646543 -0.1374944650720615 -0.7501110823736701
    outer loop
      vertex 1.8668977875510548 8.544203351833694 83.27377977222204
      vertex 1.6719232520410179 8.587785324010758 83.43392813950777
      vertex 1.4933849658882001 9.427741920739985 83.43392813950777
    endloop
  endfacet
  facet normal -0.5498005101526018 -0.11686370604246116 -0.8270805724026893
    outer loop
      vertex 1.469019740327135 8.622028565060557 83.58235443383455
      vertex 1.196932380539104 9.474695397553264 83.64274511984456
      vertex 1.2909447995499101 9.459805293184681 83.58235443383455
    endloop
  endfacet
  facet normal -0.5995135886918039 -0.12743054708679027 -0.7901549927976383
    outer loop
      vertex 1.6395865026250922 8.595013443876026 83.45729727289103
      vertex 1.2909447995499101 9.459805293184681 83.58235443383455
      vertex 1.4933849658882001 9.427741920739985 83.43392813950777
    endloop
  endfacet
  facet normal -0.6468606002646545 -0.13749446507206162 -0.7501110823736697
    outer loop
      vertex 1.8668977875510548 8.544203351833694 83.27377977222204
      vertex 1.4933849658882001 9.427741920739985 83.43392813950777
      vertex 1.6855657589529165 9.397303473389304 83.27377977222204
    endloop
  endfacet
  facet normal -0.6916548014801579 -0.14701576646518413 -0.7071067811866166
    outer loop
      vertex 1.8668977875510548 8.544203351833694 83.27377977222204
      vertex 1.6855657589529165 9.397303473389304 83.27377977222204
      vertex 1.7894915542936722 9.380843244458976 83.1755472788833
    endloop
  endfacet
  facet normal -0.7728882104128489 -0.16428246056065143 0.6129070788928462
    outer loop
      vertex 2.223294067305199 8.461373071077052 76.07911131531
      vertex 2.385023642852039 8.41438628585284 76.27046132832766
      vertex 2.199056114572838 9.289294718780457 76.27046132832766
    endloop
  endfacet
  facet normal -0.6916548014802243 -0.14701576646518272 -0.7071067811865521
    outer loop
      vertex 2.0506943149525627 8.503119960494924 83.10254135727882
      vertex 1.8668977875510548 8.544203351833694 83.27377977222204
      vertex 1.7894915542936722 9.380843244458976 83.1755472788833
    endloop
  endfacet
  facet normal -0.733719355507537 -0.15595686343742668 -0.66131185086944
    outer loop
      vertex 2.1760365126924763 8.475102659875523 82.9700826600668
      vertex 2.0506943149525627 8.503119960494924 83.10254135727882
      vertex 1.867851511521117 9.363327718819955 83.10254135727882
    endloop
  endfacet
  facet normal -0.7337193555079363 -0.15595686343763876 -0.6613118508689467
    outer loop
      vertex 2.223294067305199 8.461373071077052 82.92088868469
      vertex 2.1760365126924763 8.475102659875523 82.9700826600668
      vertex 1.867851511521117 9.363327718819955 83.10254135727882
    endloop
  endfacet
  facet normal -0.772888210412849 -0.16428246056065177 -0.6129070788928461
    outer loop
      vertex 2.385023642852039 8.41438628585284 82.72953867167234
      vertex 2.223294067305199 8.461373071077052 82.92088868469
      vertex 2.0397446803868666 9.324905043349348 82.92088868469
    endloop
  endfacet
  facet normal -0.8090068775093788 -0.171959720250794 -0.5620833806062885
    outer loop
      vertex 2.533342218846547 8.371295756174202 82.52924647927284
      vertex 2.385023642852039 8.41438628585284 82.72953867167234
      vertex 2.199056114572838 9.289294718780457 82.72953867167234
    endloop
  endfacet
  facet normal -0.7728882104128482 -0.1642824605606516 0.612907078892847
    outer loop
      vertex 2.223294067305199 8.461373071077052 76.07911131531
      vertex 2.199056114572838 9.289294718780457 76.27046132832766
      vertex 2.0397446803868666 9.324905043349348 76.07911131531
    endloop
  endfacet
  facet normal -0.8090068775093793 -0.17195972025079406 0.5620833806062877
    outer loop
      vertex 2.385023642852039 8.41438628585284 76.27046132832766
      vertex 2.3451570672168556 9.256637286688017 76.47075352072716
      vertex 2.199056114572838 9.289294718780457 76.27046132832766
    endloop
  endfacet
  facet normal -0.6916548014803138 -0.1470157664652172 -0.7071067811864573
    outer loop
      vertex 2.0506943149525627 8.503119960494924 83.10254135727882
      vertex 1.7894915542936722 9.380843244458976 83.1755472788833
      vertex 1.867851511521117 9.363327718819955 83.10254135727882
    endloop
  endfacet
  facet normal -0.7337193555076446 -0.15595686343744952 -0.6613118508693153
    outer loop
      vertex 2.223294067305199 8.461373071077052 82.92088868469
      vertex 1.867851511521117 9.363327718819955 83.10254135727882
      vertex 2.0397446803868666 9.324905043349348 82.92088868469
    endloop
  endfacet
  facet normal -0.7728882104128483 -0.16428246056065127 -0.6129070788928471
    outer loop
      vertex 2.385023642852039 8.41438628585284 82.72953867167234
      vertex 2.0397446803868666 9.324905043349348 82.92088868469
      vertex 2.199056114572838 9.289294718780457 82.72953867167234
    endloop
  endfacet
  facet normal -0.8090068775093793 -0.1719597202507943 -0.5620833806062876
    outer loop
      vertex 2.533342218846547 8.371295756174202 82.52924647927284
      vertex 2.199056114572838 9.289294718780457 82.72953867167234
      vertex 2.3451570672168556 9.256637286688017 82.52924647927284
    endloop
  endfacet
  facet normal -0.8419327644392196 -0.17895833356653706 0.5090413883082803
    outer loop
      vertex 2.6676644528573266 8.33227153973784 76.67919743806124
      vertex 2.479026499868796 9.219743333158064 76.67919743806124
      vertex 2.533342218846547 8.371295756174202 76.47075352072716
    endloop
  endfacet
  facet normal -0.8715358921826176 -0.18525067261433817 0.4539905031312705
    outer loop
      vertex 2.7038987007807895 8.321744517582593 76.74446159987144
      vertex 2.598822294956826 9.184939437361438 76.89497043192387
      vertex 2.6676644528573266 8.33227153973784 76.67919743806124
    endloop
  endfacet
  facet normal -0.8090068775093786 -0.1719597202507942 0.5620833806062884
    outer loop
      vertex 2.533342218846547 8.371295756174202 76.47075352072716
      vertex 2.3451570672168556 9.256637286688017 76.47075352072716
      vertex 2.385023642852039 8.41438628585284 76.27046132832766
    endloop
  endfacet
  facet normal -0.8419327644392769 -0.17895833356651902 0.509041388308192
    outer loop
      vertex 2.533342218846547 8.371295756174202 76.47075352072716
      vertex 2.479026499868796 9.219743333158064 76.67919743806124
      vertex 2.37498842242436 9.249969188778428 76.51774907789854
    endloop
  endfacet
  facet normal -0.8715358921825935 -0.18525067261434702 0.4539905031313132
    outer loop
      vertex 2.6676644528573266 8.33227153973784 76.67919743806124
      vertex 2.598822294956826 9.184939437361438 76.89497043192387
      vertex 2.479026499868796 9.219743333158064 76.67919743806124
    endloop
  endfacet
  facet normal -0.871535892182584 -0.18525067261434489 0.4539905031313325
    outer loop
      vertex 2.7887968782105315 8.291179292950432 76.89497043192387
      vertex 2.598822294956826 9.184939437361438 76.89497043192387
      vertex 2.7038987007807895 8.321744517582593 76.74446159987144
    endloop
  endfacet
  facet normal -0.8976994784698847 -0.19081191455653077 0.39714790647587206
    outer loop
      vertex 2.895269753737496 8.252846699056917 77.11722095310688
      vertex 2.7036188698592287 9.154493217858771 77.11722095310688
      vertex 2.7887968782105315 8.291179292950432 76.89497043192387
    endloop
  endfacet
  facet normal -0.9203202701613401 -0.19562011226072032 0.33873791049904806
    outer loop
      vertex 2.9860832710050276 8.220151821040062 77.34507187455893
      vertex 2.793002626213845 9.128524836082173 77.34507187455893
      vertex 2.895269753737496 8.252846699056917 77.11722095310688
    endloop
  endfacet
  facet normal -0.939308966393173 -0.19965628424235526 0.2789910998865823
    outer loop
      vertex 3.060879044542629 8.193223685608592 77.57762398570776
      vertex 2.8666208209429933 9.107136773369236 77.57762398570776
      vertex 2.9860832710050276 8.220151821040062 77.34507187455893
    endloop
  endfacet
  facet normal -0.8976994784698852 -0.1908119145565306 0.3971479064758711
    outer loop
      vertex 2.7887968782105315 8.291179292950432 76.89497043192387
      vertex 2.7036188698592287 9.154493217858771 77.11722095310688
      vertex 2.598822294956826 9.184939437361438 76.89497043192387
    endloop
  endfacet
  facet normal -0.9203202701613402 -0.19562011226072035 0.3387379104990481
    outer loop
      vertex 2.895269753737496 8.252846699056917 77.11722095310688
      vertex 2.793002626213845 9.128524836082173 77.34507187455893
      vertex 2.7036188698592287 9.154493217858771 77.11722095310688
    endloop
  endfacet
  facet normal -0.9545906379312843 -0.20290450380106687 0.21814324722802314
    outer loop
      vertex 3.060879044542629 8.193223685608592 77.57762398570776
      vertex 2.9241829139025017 9.0904134394348 77.81395949423313
      vertex 2.8666208209429933 9.107136773369236 77.57762398570776
    endloop
  endfacet
  facet normal -0.939308966393173 -0.19965628424235524 0.27899109988658216
    outer loop
      vertex 2.9860832710050276 8.220151821040062 77.34507187455893
      vertex 2.8666208209429933 9.107136773369236 77.57762398570776
      vertex 2.793002626213845 9.128524836082173 77.34507187455893
    endloop
  endfacet
  facet normal -0.841932764439219 -0.17895833356654614 -0.5090413883082782
    outer loop
      vertex 2.6676644528573266 8.33227153973784 82.32080256193876
      vertex 2.533342218846547 8.371295756174202 82.52924647927284
      vertex 2.37498842242436 9.249969188778428 82.4822509221014
    endloop
  endfacet
  facet normal -0.8715358921826162 -0.18525067261435185 -0.4539905031312675
    outer loop
      vertex 2.7038987007807895 8.321744517582593 82.25553840012856
      vertex 2.6676644528573266 8.33227153973784 82.32080256193876
      vertex 2.479026499868796 9.219743333158064 82.32080256193876
    endloop
  endfacet
  facet normal -0.8715358921825842 -0.18525067261433906 -0.45399050313133393
    outer loop
      vertex 2.7887968782105315 8.291179292950432 82.10502956807613
      vertex 2.7038987007807895 8.321744517582593 82.25553840012856
      vertex 2.479026499868796 9.219743333158064 82.32080256193876
    endloop
  endfacet
  facet normal -0.841932764439198 -0.17895833356653246 -0.5090413883083179
    outer loop
      vertex 2.6676644528573266 8.33227153973784 82.32080256193876
      vertex 2.37498842242436 9.249969188778428 82.4822509221014
      vertex 2.479026499868796 9.219743333158064 82.32080256193876
    endloop
  endfacet
  facet normal -0.8715358921825934 -0.18525067261434694 -0.4539905031313132
    outer loop
      vertex 2.7887968782105315 8.291179292950432 82.10502956807613
      vertex 2.479026499868796 9.219743333158064 82.32080256193876
      vertex 2.598822294956826 9.184939437361438 82.10502956807613
    endloop
  endfacet
  facet normal -0.8976994784698848 -0.1908119145565305 -0.39714790647587206
    outer loop
      vertex 2.895269753737496 8.252846699056917 81.88277904689312
      vertex 2.7887968782105315 8.291179292950432 82.10502956807613
      vertex 2.598822294956826 9.184939437361438 82.10502956807613
    endloop
  endfacet
  facet normal -0.9203202701613402 -0.19562011226072032 -0.3387379104990481
    outer loop
      vertex 2.9860832710050276 8.220151821040062 81.65492812544107
      vertex 2.895269753737496 8.252846699056917 81.88277904689312
      vertex 2.7036188698592287 9.154493217858771 81.88277904689312
    endloop
  endfacet
  facet normal -0.939308966393173 -0.1996562842423552 -0.27899109988658227
    outer loop
      vertex 3.060879044542629 8.193223685608592 81.42237601429224
      vertex 2.9860832710050276 8.220151821040062 81.65492812544107
      vertex 2.793002626213845 9.128524836082173 81.65492812544107
    endloop
  endfacet
  facet normal -0.8976994784698853 -0.19081191455653088 -0.3971479064758711
    outer loop
      vertex 2.895269753737496 8.252846699056917 81.88277904689312
      vertex 2.598822294956826 9.184939437361438 82.10502956807613
      vertex 2.7036188698592287 9.154493217858771 81.88277904689312
    endloop
  endfacet
  facet normal -0.9203202701613401 -0.19562011226072032 -0.338737910499048
    outer loop
      vertex 2.9860832710050276 8.220151821040062 81.65492812544107
      vertex 2.7036188698592287 9.154493217858771 81.88277904689312
      vertex 2.793002626213845 9.128524836082173 81.65492812544107
    endloop
  endfacet
  facet normal -0.9545906379312845 -0.2029045038010668 -0.2181432472280231
    outer loop
      vertex 3.119361886796367 8.172168566821242 81.18604050576687
      vertex 2.8666208209429933 9.107136773369236 81.42237601429224
      vertex 2.9241829139025017 9.0904134394348 81.18604050576687
    endloop
  endfacet
  facet normal -0.9393089663931731 -0.1996562842423553 -0.2789910998865821
    outer loop
      vertex 3.060879044542629 8.193223685608592 81.42237601429224
      vertex 2.793002626213845 9.128524836082173 81.65492812544107
      vertex 2.8666208209429933 9.107136773369236 81.42237601429224
    endloop
  endfacet
  facet normal -0.8419327644390302 -0.17895833356649682 0.5090413883086078
    outer loop
      vertex 2.533342218846547 8.371295756174202 76.47075352072716
      vertex 2.37498842242436 9.249969188778428 76.51774907789854
      vertex 2.3451570672168556 9.256637286688017 76.47075352072716
    endloop
  endfacet
  facet normal -0.8419327644392941 -0.17895833356655294 -0.5090413883081516
    outer loop
      vertex 2.533342218846547 8.371295756174202 82.52924647927284
      vertex 2.3451570672168556 9.256637286688017 82.52924647927284
      vertex 2.37498842242436 9.249969188778428 82.4822509221014
    endloop
  endfacet
  facet normal -0.9545906379312845 -0.2029045038010668 0.21814324722802286
    outer loop
      vertex 3.119361886796367 8.172168566821242 77.81395949423313
      vertex 2.9241829139025017 9.0904134394348 77.81395949423313
      vertex 3.060879044542629 8.193223685608592 77.57762398570776
    endloop
  endfacet
  facet normal -0.9661049772821849 -0.20535195218339858 0.15643448662317463
    outer loop
      vertex 3.1613009958735936 8.157069558472342 78.05314569920301
      vertex 2.9511122962807477 9.082589730618716 77.96999923328929
      vertex 3.119361886796367 8.172168566821242 77.81395949423313
    endloop
  endfacet
  facet normal -0.9738065475480393 -0.20698897147856588 0.0941083080222667
    outer loop
      vertex 3.186530846351478 8.14798625338101 78.29423864930868
      vertex 2.9909211175808896 9.068257673062035 78.29423864930868
      vertex 3.1613009958735936 8.157069558472342 78.05314569920301
    endloop
  endfacet
  facet normal -0.9776649440355508 -0.20780909896951147 0.03141075595147493
    outer loop
      vertex 3.194951873879862 8.144954496918961 78.53628684580326
      vertex 2.999342145109273 9.065225916599987 78.53628684580326
      vertex 3.186530846351478 8.14798625338101 78.29423864930868
    endloop
  endfacet
  facet normal -0.9781476007338056 -0.20791169081775954 0
    outer loop
      vertex 3.194951873879862 8.144954496918961 78.53628684580326
      vertex 3.194951873879862 8.144954496918961 80.46371315419674
      vertex 2.999342145109273 9.065225916599987 80.46371315419674
    endloop
  endfacet
  facet normal -0.9776649440355509 -0.20780909896951105 -0.03141075595147494
    outer loop
      vertex 3.194951873879862 8.144954496918961 80.46371315419674
      vertex 3.186530846351478 8.14798625338101 80.70576135069132
      vertex 2.9909211175808896 9.068257673062035 80.70576135069132
    endloop
  endfacet
  facet normal -0.9661049772821876 -0.2053519521833966 0.1564344866231604
    outer loop
      vertex 3.119361886796367 8.172168566821242 77.81395949423313
      vertex 2.9511122962807477 9.082589730618716 77.96999923328929
      vertex 2.9241829139025017 9.0904134394348 77.81395949423313
    endloop
  endfacet
  facet normal -0.977664944035551 -0.20780909896951108 0.0314107559514732
    outer loop
      vertex 3.186530846351478 8.14798625338101 78.29423864930868
      vertex 2.999342145109273 9.065225916599987 78.53628684580326
      vertex 2.9909211175808896 9.068257673062035 78.29423864930868
    endloop
  endfacet
  facet normal -0.9661049772821808 -0.20535195218339491 0.156434486623205
    outer loop
      vertex 3.1613009958735936 8.157069558472342 78.05314569920301
      vertex 2.965691267103005 9.077340978153368 78.05314569920301
      vertex 2.9511122962807477 9.082589730618716 77.96999923328929
    endloop
  endfacet
  facet normal -0.9738065475480393 -0.20698897147856588 0.09410830802226663
    outer loop
      vertex 3.1613009958735936 8.157069558472342 78.05314569920301
      vertex 2.9909211175808896 9.068257673062035 78.29423864930868
      vertex 2.965691267103005 9.077340978153368 78.05314569920301
    endloop
  endfacet
  facet normal -0.9781476007338056 -0.20791169081775954 0
    outer loop
      vertex 3.194951873879862 8.144954496918961 78.53628684580326
      vertex 2.999342145109273 9.065225916599987 80.46371315419674
      vertex 2.999342145109273 9.065225916599987 78.53628684580326
    endloop
  endfacet
  facet normal -0.9738065475480393 -0.20698897147856588 -0.09410830802226676
    outer loop
      vertex 3.186530846351478 8.14798625338101 80.70576135069132
      vertex 2.965691267103005 9.077340978153368 80.94685430079699
      vertex 2.9909211175808896 9.068257673062035 80.70576135069132
    endloop
  endfacet
  facet normal -0.9776649440355509 -0.2078090989695115 -0.031410755951473066
    outer loop
      vertex 3.194951873879862 8.144954496918961 80.46371315419674
      vertex 2.9909211175808896 9.068257673062035 80.70576135069132
      vertex 2.999342145109273 9.065225916599987 80.46371315419674
    endloop
  endfacet
  facet normal -0.9545906379312844 -0.20290450380106684 -0.21814324722802284
    outer loop
      vertex 3.119361886796367 8.172168566821242 81.18604050576687
      vertex 3.060879044542629 8.193223685608592 81.42237601429224
      vertex 2.8666208209429933 9.107136773369236 81.42237601429224
    endloop
  endfacet
  facet normal -0.9661049772821849 -0.20535195218339858 -0.15643448662317463
    outer loop
      vertex 3.1613009958735936 8.157069558472342 80.94685430079699
      vertex 3.119361886796367 8.172168566821242 81.18604050576687
      vertex 2.9511122962807477 9.082589730618716 81.03000076671071
    endloop
  endfacet
  facet normal -0.9738065475480393 -0.20698897147856585 -0.09410830802226669
    outer loop
      vertex 3.186530846351478 8.14798625338101 80.70576135069132
      vertex 3.1613009958735936 8.157069558472342 80.94685430079699
      vertex 2.965691267103005 9.077340978153368 80.94685430079699
    endloop
  endfacet
  facet normal -0.9661049772821876 -0.2053519521833966 -0.1564344866231604
    outer loop
      vertex 3.119361886796367 8.172168566821242 81.18604050576687
      vertex 2.9241829139025017 9.0904134394348 81.18604050576687
      vertex 2.9511122962807477 9.082589730618716 81.03000076671071
    endloop
  endfacet
  facet normal -0.9661049772821808 -0.20535195218339491 -0.156434486623205
    outer loop
      vertex 3.1613009958735936 8.157069558472342 80.94685430079699
      vertex 2.9511122962807477 9.082589730618716 81.03000076671071
      vertex 2.965691267103005 9.077340978153368 80.94685430079699
    endloop
  endfacet
  facet normal 0.8090068763310304 -0.17195972000040938 0.5620833823788868
    outer loop
      vertex -2.3749884224243636 9.249969188778428 47.300421227473066
      vertex -2.715568309076213 8.31754320007829 47.50535836298468
      vertex -2.7038987007807895 8.321744517582593 47.4898476109384
    endloop
  endfacet
  facet normal 0.8090068763308763 -0.17195972000030338 0.5620833823791409
    outer loop
      vertex -2.3749884224243636 9.249969188778428 47.300421227473066
      vertex -2.7038987007807895 8.321744517582593 47.4898476109384
      vertex -2.5611920033052944 8.36320464583474 47.297133805644535
    endloop
  endfacet
  facet normal 0.8090068763308729 -0.17195972000029475 0.5620833823791485
    outer loop
      vertex -2.3749884224243636 9.249969188778428 47.300421227473066
      vertex -2.526746630687413 9.205879353548497 47.50535836298468
      vertex -2.715568309076213 8.31754320007829 47.50535836298468
    endloop
  endfacet
  facet normal 0.8090068763318384 -0.17195972000050003 0.5620833823776961
    outer loop
      vertex -2.3749884224243636 9.249969188778428 47.300421227473066
      vertex -2.5611920033052944 8.36320464583474 47.297133805644535
      vertex -2.37259044845768 9.25050519946528 47.297133805644535
    endloop
  endfacet
  facet normal 0.9738065458636764 -0.2069889711205437 0.09410832623904333
    outer loop
      vertex -3.3737887172365326 8.069465544979277 49.15041954298022
      vertex -3.175623239672717 9.00176081738518 49.15041954298022
      vertex -3.40046424762695 8.057922012176899 49.40106072504523
    endloop
  endfacet
  facet normal 0.9776649446339022 -0.20780909909669443 0.03141073648626095
    outer loop
      vertex -3.4093677960243283 8.054069102732234 49.65269498754742
      vertex -3.40046424762695 8.057922012176899 49.40106072504523
      vertex -3.201852296886332 8.992317775733463 49.40106072504523
    endloop
  endfacet
  facet normal 0.9781476007338057 -0.2079116908177591 0
    outer loop
      vertex -3.4093677960243283 8.054069102732234 49.65269498754742
      vertex -3.210606824983847 8.989165951678459 49.65269498754742
      vertex -3.4093677960243283 8.054069102732234 51.656455012452625
    endloop
  endfacet
  facet normal 0.9776649446339021 -0.20780909909669454 -0.03141073648626095
    outer loop
      vertex -3.4093677960243283 8.054069102732234 51.656455012452625
      vertex -3.210606824983847 8.989165951678459 51.656455012452625
      vertex -3.40046424762695 8.057922012176899 51.90808927495482
    endloop
  endfacet
  facet normal 0.9738065458636764 -0.20698897112054343 -0.09410832623904335
    outer loop
      vertex -3.3737887172365326 8.069465544979277 52.15873045701983
      vertex -3.40046424762695 8.057922012176899 51.90808927495482
      vertex -3.201852296886332 8.992317775733463 51.90808927495482
    endloop
  endfacet
  facet normal 0.9661049829757685 -0.20535195339360454 -0.15643444987221003
    outer loop
      vertex -3.329446498926454 8.08865413632502 52.407389389765285
      vertex -3.3737887172365326 8.069465544979277 52.15873045701983
      vertex -3.175623239672717 9.00176081738518 52.15873045701983
    endloop
  endfacet
  facet normal 0.9545906382155477 -0.2029045038614888 0.21814324592789142
    outer loop
      vertex -3.2676125795012587 8.115412062661916 48.65606528003218
      vertex -3.071224191158221 9.039346787612518 48.65606528003218
      vertex -3.329446498926454 8.08865413632502 48.90176061023476
    endloop
  endfacet
  facet normal 0.9393089643121655 -0.19965628380002315 0.27899110720948034
    outer loop
      vertex -3.189075935823257 8.147069964789559 48.41430318583252
      vertex -2.9934662070526685 9.067341384470584 48.41430318583252
      vertex -3.221089835990932 8.1355442515222 48.513839556753965
    endloop
  endfacet
  facet normal 0.939308964312196 -0.1996562838000432 0.2789911072093627
    outer loop
      vertex -3.2676125795012587 8.115412062661916 48.65606528003218
      vertex -3.221089835990932 8.1355442515222 48.513839556753965
      vertex -2.9934662070526685 9.067341384470584 48.41430318583252
    endloop
  endfacet
  facet normal 0.9661049829757685 -0.20535195339360446 0.15643444987221003
    outer loop
      vertex -3.329446498926454 8.08865413632502 48.90176061023476
      vertex -3.132023185090431 9.017457802910988 48.90176061023476
      vertex -3.3737887172365326 8.069465544979277 49.15041954298022
    endloop
  endfacet
  facet normal 0.9203202633031595 -0.19562011080296798 0.33873792997395147
    outer loop
      vertex -3.0946658368361897 8.181059691900867 48.17742846388819
      vertex -2.9511122962807477 9.082589730618716 48.30803732079272
      vertex -3.189075935823257 8.147069964789559 48.41430318583252
    endloop
  endfacet
  facet normal 0.9738065458636763 -0.2069889711205434 0.0941083262390444
    outer loop
      vertex -3.40046424762695 8.057922012176899 49.40106072504523
      vertex -3.175623239672717 9.00176081738518 49.15041954298022
      vertex -3.201852296886332 8.992317775733463 49.40106072504523
    endloop
  endfacet
  facet normal 0.9661049829757685 -0.20535195339360454 0.15643444987220959
    outer loop
      vertex -3.3737887172365326 8.069465544979277 49.15041954298022
      vertex -3.132023185090431 9.017457802910988 48.90176061023476
      vertex -3.175623239672717 9.00176081738518 49.15041954298022
    endloop
  endfacet
  facet normal 0.9776649446339021 -0.20780909909669454 0.0314107364862606
    outer loop
      vertex -3.4093677960243283 8.054069102732234 49.65269498754742
      vertex -3.201852296886332 8.992317775733463 49.40106072504523
      vertex -3.210606824983847 8.989165951678459 49.65269498754742
    endloop
  endfacet
  facet normal 0.9545906382155475 -0.20290450386148864 0.21814324592789208
    outer loop
      vertex -3.329446498926454 8.08865413632502 48.90176061023476
      vertex -3.071224191158221 9.039346787612518 48.65606528003218
      vertex -3.132023185090431 9.017457802910988 48.90176061023476
    endloop
  endfacet
  facet normal 0.9393089643121848 -0.1996562838000275 0.27899110720941167
    outer loop
      vertex -3.2676125795012587 8.115412062661916 48.65606528003218
      vertex -2.9934662070526685 9.067341384470584 48.41430318583252
      vertex -3.071224191158221 9.039346787612518 48.65606528003218
    endloop
  endfacet
  facet normal 0.9203202633031615 -0.1956201108029692 0.33873792997394536
    outer loop
      vertex -3.189075935823257 8.147069964789559 48.41430318583252
      vertex -2.9511122962807477 9.082589730618716 48.30803732079272
      vertex -2.9934662070526685 9.067341384470584 48.41430318583252
    endloop
  endfacet
  facet normal 0.9781476007338057 -0.2079116908177591 0
    outer loop
      vertex -3.4093677960243283 8.054069102732234 51.656455012452625
      vertex -3.210606824983847 8.989165951678459 49.65269498754742
      vertex -3.210606824983847 8.989165951678459 51.656455012452625
    endloop
  endfacet
  facet normal 0.9776649446339022 -0.20780909909669443 -0.03141073648626057
    outer loop
      vertex -3.40046424762695 8.057922012176899 51.90808927495482
      vertex -3.210606824983847 8.989165951678459 51.656455012452625
      vertex -3.201852296886332 8.992317775733463 51.90808927495482
    endloop
  endfacet
  facet normal 0.9738065458636763 -0.20698897112054368 -0.09410832623904435
    outer loop
      vertex -3.3737887172365326 8.069465544979277 52.15873045701983
      vertex -3.201852296886332 8.992317775733463 51.90808927495482
      vertex -3.175623239672717 9.00176081738518 52.15873045701983
    endloop
  endfacet
  facet normal 0.9545906382155476 -0.2029045038614887 -0.21814324592789142
    outer loop
      vertex -3.2676125795012587 8.115412062661916 52.653084719967865
      vertex -3.329446498926454 8.08865413632502 52.407389389765285
      vertex -3.132023185090431 9.017457802910988 52.407389389765285
    endloop
  endfacet
  facet normal 0.9393089643121981 -0.19965628380003037 -0.27899110720936515
    outer loop
      vertex -3.2676125795012587 8.115412062661916 52.653084719967865
      vertex -3.071224191158221 9.039346787612518 52.653084719967865
      vertex -3.221089835990932 8.1355442515222 52.79531044324608
    endloop
  endfacet
  facet normal 0.9393089643121623 -0.19965628380004202 -0.2789911072094771
    outer loop
      vertex -3.189075935823257 8.147069964789559 52.89484681416752
      vertex -3.221089835990932 8.1355442515222 52.79531044324608
      vertex -3.071224191158221 9.039346787612518 52.653084719967865
    endloop
  endfacet
  facet normal 0.9203202633031594 -0.19562011080296876 -0.33873792997395136
    outer loop
      vertex -3.0946658368361897 8.181059691900867 53.131721536111854
      vertex -3.189075935823257 8.147069964789559 52.89484681416752
      vertex -2.9934662070526685 9.067341384470584 52.89484681416752
    endloop
  endfacet
  facet normal 0.897699488652359 -0.19081191672088268 -0.3971478824198814
    outer loop
      vertex -2.9839762201335227 8.220910406031503 53.362774061453365
      vertex -3.0946658368361897 8.181059691900867 53.131721536111854
      vertex -2.8998756766213054 9.097475344677942 53.131721536111854
    endloop
  endfacet
  facet normal 0.9661049829757686 -0.20535195339360449 -0.15643444987220972
    outer loop
      vertex -3.329446498926454 8.08865413632502 52.407389389765285
      vertex -3.175623239672717 9.00176081738518 52.15873045701983
      vertex -3.132023185090431 9.017457802910988 52.407389389765285
    endloop
  endfacet
  facet normal 0.9545906382155476 -0.2029045038614888 -0.218143245927892
    outer loop
      vertex -3.2676125795012587 8.115412062661916 52.653084719967865
      vertex -3.132023185090431 9.017457802910988 52.407389389765285
      vertex -3.071224191158221 9.039346787612518 52.653084719967865
    endloop
  endfacet
  facet normal 0.9393089643121849 -0.19965628380002728 -0.27899110720941167
    outer loop
      vertex -3.189075935823257 8.147069964789559 52.89484681416752
      vertex -3.071224191158221 9.039346787612518 52.653084719967865
      vertex -2.9934662070526685 9.067341384470584 52.89484681416752
    endloop
  endfacet
  facet normal 0.9203202633031619 -0.19562011080296748 -0.3387379299739457
    outer loop
      vertex -3.0946658368361897 8.181059691900867 53.131721536111854
      vertex -2.9934662070526685 9.067341384470584 52.89484681416752
      vertex -2.9511122962807477 9.082589730618716 53.001112679207324
    endloop
  endfacet
  facet normal 0.897699488652359 -0.19081191672088232 0.39714788241988147
    outer loop
      vertex -2.9839762201335227 8.220910406031503 47.94637593854668
      vertex -2.790928748586459 9.129127353230505 47.94637593854668
      vertex -3.0946658368361897 8.181059691900867 48.17742846388819
    endloop
  endfacet
  facet normal 0.8715358892361764 -0.1852506719880673 0.4539905090431704
    outer loop
      vertex -2.8574439200743624 8.266464837134961 47.72205747891667
      vertex -2.666388563162754 9.165309621838464 47.72205747891667
      vertex -2.9839762201335227 8.220910406031503 47.94637593854668
    endloop
  endfacet
  facet normal 0.8419327489309498 -0.17895833027015232 0.5090414151171722
    outer loop
      vertex -2.715568309076213 8.31754320007829 47.50535836298468
      vertex -2.526746630687413 9.205879353548497 47.50535836298468
      vertex -2.8574439200743624 8.266464837134961 47.72205747891667
    endloop
  endfacet
  facet normal 0.8976994886523597 -0.19081191672088282 0.3971478824198802
    outer loop
      vertex -3.0946658368361897 8.181059691900867 48.17742846388819
      vertex -2.790928748586459 9.129127353230505 47.94637593854668
      vertex -2.8998756766213054 9.097475344677942 48.17742846388819
    endloop
  endfacet
  facet normal 0.9203202633031567 -0.19562011080296862 0.338737929973959
    outer loop
      vertex -3.0946658368361897 8.181059691900867 48.17742846388819
      vertex -2.8998756766213054 9.097475344677942 48.17742846388819
      vertex -2.9511122962807477 9.082589730618716 48.30803732079272
    endloop
  endfacet
  facet normal 0.8715358892361753 -0.1852506719880665 0.4539905090431723
    outer loop
      vertex -2.9839762201335227 8.220910406031503 47.94637593854668
      vertex -2.666388563162754 9.165309621838464 47.72205747891667
      vertex -2.790928748586459 9.129127353230505 47.94637593854668
    endloop
  endfacet
  facet normal 0.8419327489309513 -0.17895833027015343 0.5090414151171696
    outer loop
      vertex -2.8574439200743624 8.266464837134961 47.72205747891667
      vertex -2.526746630687413 9.205879353548497 47.50535836298468
      vertex -2.666388563162754 9.165309621838464 47.72205747891667
    endloop
  endfacet
  facet normal 0.8715358892361764 -0.18525067198806672 -0.4539905090431705
    outer loop
      vertex -2.8574439200743624 8.266464837134961 53.58709252108338
      vertex -2.9839762201335227 8.220910406031503 53.362774061453365
      vertex -2.790928748586459 9.129127353230505 53.362774061453365
    endloop
  endfacet
  facet normal 0.8419327489309498 -0.17895833027015312 -0.5090414151171719
    outer loop
      vertex -2.715568309076213 8.31754320007829 53.803791637015365
      vertex -2.8574439200743624 8.266464837134961 53.58709252108338
      vertex -2.666388563162754 9.165309621838464 53.58709252108338
    endloop
  endfacet
  facet normal 0.9203202633031567 -0.19562011080296862 -0.338737929973959
    outer loop
      vertex -3.0946658368361897 8.181059691900867 53.131721536111854
      vertex -2.9511122962807477 9.082589730618716 53.001112679207324
      vertex -2.8998756766213054 9.097475344677942 53.131721536111854
    endloop
  endfacet
  facet normal 0.8976994886523596 -0.19081191672088244 -0.3971478824198802
    outer loop
      vertex -2.9839762201335227 8.220910406031503 53.362774061453365
      vertex -2.8998756766213054 9.097475344677942 53.131721536111854
      vertex -2.790928748586459 9.129127353230505 53.362774061453365
    endloop
  endfacet
  facet normal 0.8715358892361753 -0.18525067198806708 -0.4539905090431723
    outer loop
      vertex -2.8574439200743624 8.266464837134961 53.58709252108338
      vertex -2.790928748586459 9.129127353230505 53.362774061453365
      vertex -2.666388563162754 9.165309621838464 53.58709252108338
    endloop
  endfacet
  facet normal 0.809006876331031 -0.1719597200003284 -0.5620833823789105
    outer loop
      vertex -2.715568309076213 8.31754320007829 53.803791637015365
      vertex -2.526746630687413 9.205879353548497 53.803791637015365
      vertex -2.7038987007807895 8.321744517582593 53.81930238906165
    endloop
  endfacet
  facet normal 0.8090068763308763 -0.17195972000030146 -0.5620833823791413
    outer loop
      vertex -2.7038987007807895 8.321744517582593 53.81930238906165
      vertex -2.526746630687413 9.205879353548497 53.803791637015365
      vertex -2.5611920033052944 8.36320464583474 54.01201619435551
    endloop
  endfacet
  facet normal 0.8419327489309512 -0.1789583302701526 -0.5090414151171697
    outer loop
      vertex -2.715568309076213 8.31754320007829 53.803791637015365
      vertex -2.666388563162754 9.165309621838464 53.58709252108338
      vertex -2.526746630687413 9.205879353548497 53.803791637015365
    endloop
  endfacet
  facet normal 0.7728882315040504 -0.16428246504372468 -0.6129070510947796
    outer loop
      vertex -2.37259044845768 9.25050519946528 54.01201619435551
      vertex -2.3930573035289573 8.412052291668324 54.210944431316875
      vertex -2.5611920033052944 8.36320464583474 54.01201619435551
    endloop
  endfacet
  facet normal 0.8090068763308881 -0.17195972000029802 -0.5620833823791255
    outer loop
      vertex -2.37259044845768 9.25050519946528 54.01201619435551
      vertex -2.5611920033052944 8.36320464583474 54.01201619435551
      vertex -2.526746630687413 9.205879353548497 53.803791637015365
    endloop
  endfacet
  facet normal 0.80900687632919 -0.1719597200406992 -0.5620833823692097
    outer loop
      vertex -2.3749884224243636 9.249969188778428 54.00872877252698
      vertex -2.37259044845768 9.25050519946528 54.01201619435551
      vertex -2.526746630687413 9.205879353548497 53.803791637015365
    endloop
  endfacet
  facet normal 0.7728882315040503 -0.1642824650437248 0.6129070510947795
    outer loop
      vertex -2.2069696579051308 9.287525832272136 47.09820556868317
      vertex -2.5611920033052944 8.36320464583474 47.297133805644535
      vertex -2.3930573035289573 8.412052291668324 47.09820556868317
    endloop
  endfacet
  facet normal 0.7337193396001033 -0.1559568600561975 0.6613118693159831
    outer loop
      vertex -2.211644039132998 8.464757717142758 46.909358742129825
      vertex -2.028268840608366 9.327470197453328 46.909358742129825
      vertex -2.3930573035289573 8.412052291668324 47.09820556868317
    endloop
  endfacet
  facet normal 0.6916548014802395 -0.14701576646520162 0.7071067811865333
    outer loop
      vertex -2.211644039132998 8.464757717142758 46.909358742129825
      vertex -2.1760365126924794 8.475102659875521 46.87668016010895
      vertex -2.028268840608366 9.327470197453328 46.909358742129825
    endloop
  endfacet
  facet normal 0.6916548014802235 -0.14701576646519807 0.7071067811865497
    outer loop
      vertex -2.020036038011649 8.509972897311213 46.73133860011103
      vertex -1.837193234580203 9.370180655636245 46.73133860011103
      vertex -2.1760365126924794 8.475102659875521 46.87668016010895
    endloop
  endfacet
  facet normal 0.6468606183082164 -0.13749446890735392 0.750111066110744
    outer loop
      vertex -1.8173397508332787 8.555280885480505 46.564847724926494
      vertex -1.7894915542936702 9.380843244458978 46.69215734716738
      vertex -2.020036038011649 8.509972897311213 46.73133860011103
    endloop
  endfacet
  facet normal 0.7728882315040503 -0.16428246504372462 0.6129070510947799
    outer loop
      vertex -2.37259044845768 9.25050519946528 47.297133805644535
      vertex -2.5611920033052944 8.36320464583474 47.297133805644535
      vertex -2.2069696579051308 9.287525832272136 47.09820556868317
    endloop
  endfacet
  facet normal 0.7337193396001024 -0.1559568600561968 0.6613118693159842
    outer loop
      vertex -2.028268840608366 9.327470197453328 46.909358742129825
      vertex -2.2069696579051308 9.287525832272136 47.09820556868317
      vertex -2.3930573035289573 8.412052291668324 47.09820556868317
    endloop
  endfacet
  facet normal 0.6916548014802268 -0.14701576646519993 0.707106781186546
    outer loop
      vertex -2.1760365126924794 8.475102659875521 46.87668016010895
      vertex -1.837193234580203 9.370180655636245 46.73133860011103
      vertex -2.028268840608366 9.327470197453328 46.909358742129825
    endloop
  endfacet
  facet normal 0.6468606183080579 -0.13749446890730538 0.7501110661108896
    outer loop
      vertex -2.020036038011649 8.509972897311213 46.73133860011103
      vertex -1.7894915542936702 9.380843244458978 46.69215734716738
      vertex -1.837193234580203 9.370180655636245 46.73133860011103
    endloop
  endfacet
  facet normal 0.5995135615012197 -0.1274305413072592 0.7901550143600065
    outer loop
      vertex -1.6395865026250904 8.595013443876026 46.436388954643235
      vertex -1.4262602226258079 9.438373435633528 46.4105431683779
      vertex -1.8173397508332787 8.555280885480505 46.564847724926494
    endloop
  endfacet
  facet normal 0.5995135615010553 -0.1274305413072136 0.7901550143601387
    outer loop
      vertex -1.6395865026250904 8.595013443876026 46.436388954643235
      vertex -1.604335163403033 8.600596707509402 46.4105431683779
      vertex -1.4262602226258079 9.438373435633528 46.4105431683779
    endloop
  endfacet
  facet normal 0.5498005118864829 -0.11686370641100888 0.8270805711980198
    outer loop
      vertex -1.3840424476676718 8.635487645998719 46.26903390367033
      vertex -1.2059675068904467 9.473264374122845 46.26903390367033
      vertex -1.604335163403033 8.600596707509402 46.4105431683779
    endloop
  endfacet
  facet normal 0.6468606183082644 -0.13749446890734932 0.7501110661107032
    outer loop
      vertex -1.8173397508332787 8.555280885480505 46.564847724926494
      vertex -1.636717827225635 9.405040225716942 46.564847724926494
      vertex -1.7894915542936702 9.380843244458978 46.69215734716738
    endloop
  endfacet
  facet normal 0.599513561501192 -0.12743054130724277 0.7901550143600302
    outer loop
      vertex -1.8173397508332787 8.555280885480505 46.564847724926494
      vertex -1.4262602226258079 9.438373435633528 46.4105431683779
      vertex -1.636717827225635 9.405040225716942 46.564847724926494
    endloop
  endfacet
  facet normal 0.5498005118864829 -0.11686370641100888 0.8270805711980198
    outer loop
      vertex -1.604335163403033 8.600596707509402 46.4105431683779
      vertex -1.2059675068904467 9.473264374122845 46.26903390367033
      vertex -1.4262602226258079 9.438373435633528 46.4105431683779
    endloop
  endfacet
  facet normal 0.7337193396001034 -0.15595686005619705 -0.6613118693159832
    outer loop
      vertex -2.211644039132998 8.464757717142758 54.39979125787022
      vertex -2.3930573035289573 8.412052291668324 54.210944431316875
      vertex -2.2069696579051308 9.287525832272136 54.210944431316875
    endloop
  endfacet
  facet normal 0.6916548014802395 -0.14701576646520162 -0.7071067811865333
    outer loop
      vertex -2.211644039132998 8.464757717142758 54.39979125787022
      vertex -2.028268840608366 9.327470197453328 54.39979125787022
      vertex -2.1760365126924794 8.475102659875521 54.4324698398911
    endloop
  endfacet
  facet normal 0.6916548014802236 -0.14701576646519948 -0.7071067811865492
    outer loop
      vertex -2.020036038011649 8.509972897311213 54.577811399889015
      vertex -2.1760365126924794 8.475102659875521 54.4324698398911
      vertex -2.028268840608366 9.327470197453328 54.39979125787022
    endloop
  endfacet
  facet normal 0.6468606183082157 -0.13749446890733896 -0.7501110661107472
    outer loop
      vertex -1.8173397508332787 8.555280885480505 54.74430227507355
      vertex -2.020036038011649 8.509972897311213 54.577811399889015
      vertex -1.837193234580203 9.370180655636245 54.577811399889015
    endloop
  endfacet
  facet normal 0.7728882315040501 -0.16428246504372476 -0.6129070510947798
    outer loop
      vertex -2.37259044845768 9.25050519946528 54.01201619435551
      vertex -2.2069696579051308 9.287525832272136 54.210944431316875
      vertex -2.3930573035289573 8.412052291668324 54.210944431316875
    endloop
  endfacet
  facet normal 0.7337193396001024 -0.1559568600561973 -0.6613118693159843
    outer loop
      vertex -2.211644039132998 8.464757717142758 54.39979125787022
      vertex -2.2069696579051308 9.287525832272136 54.210944431316875
      vertex -2.028268840608366 9.327470197453328 54.39979125787022
    endloop
  endfacet
  facet normal 0.6916548014802268 -0.1470157664651988 -0.7071067811865462
    outer loop
      vertex -2.020036038011649 8.509972897311213 54.577811399889015
      vertex -2.028268840608366 9.327470197453328 54.39979125787022
      vertex -1.837193234580203 9.370180655636245 54.577811399889015
    endloop
  endfacet
  facet normal 0.6468606183080603 -0.137494468907369 -0.7501110661108756
    outer loop
      vertex -1.8173397508332787 8.555280885480505 54.74430227507355
      vertex -1.837193234580203 9.370180655636245 54.577811399889015
      vertex -1.7894915542936702 9.380843244458978 54.616992652832664
    endloop
  endfacet
  facet normal 0.599513561501219 -0.1274305413072485 -0.7901550143600088
    outer loop
      vertex -1.6395865026250904 8.595013443876026 54.87276104535681
      vertex -1.8173397508332787 8.555280885480505 54.74430227507355
      vertex -1.636717827225635 9.405040225716942 54.74430227507355
    endloop
  endfacet
  facet normal 0.5995135615010567 -0.127430541307267 -0.7901550143601289
    outer loop
      vertex -1.6395865026250904 8.595013443876026 54.87276104535681
      vertex -1.636717827225635 9.405040225716942 54.74430227507355
      vertex -1.604335163403033 8.600596707509402 54.898606831622146
    endloop
  endfacet
  facet normal 0.549800511886483 -0.11686370641100888 -0.8270805711980198
    outer loop
      vertex -1.3840424476676718 8.635487645998719 55.04011609632971
      vertex -1.604335163403033 8.600596707509402 54.898606831622146
      vertex -1.4262602226258079 9.438373435633528 54.898606831622146
    endloop
  endfacet
  facet normal 0.49791763887100154 -0.10583566131327578 -0.8607420273784175
    outer loop
      vertex -1.1547840097778106 8.671798615373584 55.16827159602644
      vertex -1.3840424476676718 8.635487645998719 55.04011609632971
      vertex -1.2059675068904467 9.473264374122845 55.04011609632971
    endloop
  endfacet
  facet normal 0.6468606183082644 -0.13749446890734932 -0.7501110661107032
    outer loop
      vertex -1.8173397508332787 8.555280885480505 54.74430227507355
      vertex -1.7894915542936702 9.380843244458978 54.616992652832664
      vertex -1.636717827225635 9.405040225716942 54.74430227507355
    endloop
  endfacet
  facet normal 0.599513561501192 -0.12743054130724263 -0.7901550143600303
    outer loop
      vertex -1.604335163403033 8.600596707509402 54.898606831622146
      vertex -1.636717827225635 9.405040225716942 54.74430227507355
      vertex -1.4262602226258079 9.438373435633528 54.898606831622146
    endloop
  endfacet
  facet normal 0.5498005118864829 -0.11686370641100888 -0.8270805711980198
    outer loop
      vertex -1.3840424476676718 8.635487645998719 55.04011609632971
      vertex -1.4262602226258079 9.438373435633528 54.898606831622146
      vertex -1.2059675068904467 9.473264374122845 55.04011609632971
    endloop
  endfacet
  facet normal 0.4979176388710015 -0.1058356613132758 0.8607420273784175
    outer loop
      vertex -1.1547840097778106 8.671798615373584 46.1408784039736
      vertex -0.9797594815686075 9.495224280683862 46.1408784039736
      vertex -1.3840424476676718 8.635487645998719 46.26903390367033
    endloop
  endfacet
  facet normal 0.4440697271763336 -0.09438993435034622 0.8910065194480195
    outer loop
      vertex -1.0966657936876623 8.681003636501682 46.11288794769882
      vertex -0.9797594815686075 9.495224280683862 46.1408784039736
      vertex -1.1547840097778106 8.671798615373584 46.1408784039736
    endloop
  endfacet
  facet normal 0.4979176388710015 -0.10583566131327578 0.8607420273784177
    outer loop
      vertex -0.9797594815686075 9.495224280683862 46.1408784039736
      vertex -1.2059675068904467 9.473264374122845 46.26903390367033
      vertex -1.3840424476676718 8.635487645998719 46.26903390367033
    endloop
  endfacet
  facet normal 0.44406972717655085 -0.09438993435039242 0.8910065194479063
    outer loop
      vertex -0.9199468269352914 8.697708497157027 46.026582437050365
      vertex -0.7457273203904788 9.517346833306231 46.026582437050365
      vertex -1.0966657936876623 8.681003636501682 46.11288794769882
    endloop
  endfacet
  facet normal 0.4440697271764972 -0.09438993435036681 0.8910065194479357
    outer loop
      vertex -1.0966657936876623 8.681003636501682 46.11288794769882
      vertex -0.7457273203904788 9.517346833306231 46.026582437050365
      vertex -0.9797594815686075 9.495224280683862 46.1408784039736
    endloop
  endfacet
  facet normal 0.4979176388706639 -0.10583566129692902 0.8607420273806228
    outer loop
      vertex -0.9797594815686075 9.495224280683862 46.1408784039736
      vertex -1.1969323805391057 9.474695397553264 46.263983266742684
      vertex -1.2059675068904467 9.473264374122845 46.26903390367033
    endloop
  endfacet
  facet normal 0.38846924832551166 -0.08257168773860873 0.9177546292388886
    outer loop
      vertex -0.9199468269352914 8.697708497157027 46.026582437050365
      vertex -0.5996494615049428 9.531155256489994 45.96599263509307
      vertex -0.7457273203904788 9.517346833306231 46.026582437050365
    endloop
  endfacet
  facet normal 0.3884692483255189 -0.08257168773861179 0.9177546292388852
    outer loop
      vertex -0.6788889936186461 8.720495171329226 45.9265970834017
      vertex -0.5996494615049428 9.531155256489994 45.96599263509307
      vertex -0.9199468269352914 8.697708497157027 46.026582437050365
    endloop
  endfacet
  facet normal 0.33133569348151226 -0.0704275757649678 0.9408807654517097
    outer loop
      vertex -0.549417045881492 8.732733873747376 45.88191901473283
      vertex -0.26215682585400096 9.541761389845632 45.84131693322661
      vertex -0.6788889936186461 8.720495171329226 45.9265970834017
    endloop
  endfacet
  facet normal 0.33133569348160363 -0.070427575765002 0.940880765451675
    outer loop
      vertex -0.43334559202003 8.736381566136465 45.84131693322661
      vertex -0.26215682585400096 9.541761389845632 45.84131693322661
      vertex -0.549417045881492 8.732733873747376 45.88191901473283
    endloop
  endfacet
  facet normal 0.3884692483255298 -0.0825716877386126 0.9177546292388804
    outer loop
      vertex -0.6788889936186461 8.720495171329226 45.9265970834017
      vertex -0.505951987312207 9.534099818241565 45.9265970834017
      vertex -0.5996494615049428 9.531155256489994 45.96599263509307
    endloop
  endfacet
  facet normal 0.3313356934815563 -0.07042757576499196 0.9408807654516924
    outer loop
      vertex -0.6788889936186461 8.720495171329226 45.9265970834017
      vertex -0.26215682585400096 9.541761389845632 45.84131693322661
      vertex -0.505951987312207 9.534099818241565 45.9265970834017
    endloop
  endfacet
  facet normal 0.27289448214295486 -0.05800551282302778 0.9602936853369733
    outer loop
      vertex -0.18452027074437669 8.744201216881196 45.771078551602386
      vertex -0.013331504578347477 9.549581040590363 45.771078551602386
      vertex -0.43334559202003 8.736381566136465 45.84131693322661
    endloop
  endfacet
  facet normal 0.27289448214295464 -0.05800551282302767 0.9602936853369735
    outer loop
      vertex -0.43334559202003 8.736381566136465 45.84131693322661
      vertex -0.013331504578347477 9.549581040590363 45.771078551602386
      vertex -0.26215682585400096 9.541761389845632 45.84131693322661
    endloop
  endfacet
  facet normal 0.4440697271763336 -0.09438993435034622 -0.8910065194480195
    outer loop
      vertex -1.0966657936876623 8.681003636501682 55.19626205230122
      vertex -1.1547840097778106 8.671798615373584 55.16827159602644
      vertex -0.9797594815686075 9.495224280683862 55.16827159602644
    endloop
  endfacet
  facet normal 0.4979176388717631 -0.10583566131315904 -0.8607420273779914
    outer loop
      vertex -1.1547840097778106 8.671798615373584 55.16827159602644
      vertex -1.2059675068904467 9.473264374122845 55.04011609632971
      vertex -1.1969323805391057 9.474695397553264 55.04516673325736
    endloop
  endfacet
  facet normal 0.4979176388709694 -0.10583566131326899 -0.8607420273784369
    outer loop
      vertex -1.1547840097778106 8.671798615373584 55.16827159602644
      vertex -1.1969323805391057 9.474695397553264 55.04516673325736
      vertex -0.9797594815686075 9.495224280683862 55.16827159602644
    endloop
  endfacet
  facet normal 0.4440697271765502 -0.0943899343503735 -0.8910065194479087
    outer loop
      vertex -0.9199468269352914 8.697708497157027 55.28256756294968
      vertex -1.0966657936876623 8.681003636501682 55.19626205230122
      vertex -0.9797594815686075 9.495224280683862 55.16827159602644
    endloop
  endfacet
  facet normal 0.3884692483255188 -0.08257168773861027 -0.9177546292388854
    outer loop
      vertex -0.6788889936186461 8.720495171329226 55.38255291659834
      vertex -0.9199468269352914 8.697708497157027 55.28256756294968
      vertex -0.7457273203904788 9.517346833306231 55.28256756294968
    endloop
  endfacet
  facet normal 0.44406972717649756 -0.0943899343503811 -0.8910065194479341
    outer loop
      vertex -0.9199468269352914 8.697708497157027 55.28256756294968
      vertex -0.9797594815686075 9.495224280683862 55.16827159602644
      vertex -0.7457273203904788 9.517346833306231 55.28256756294968
    endloop
  endfacet
  facet normal 0.38846924832551166 -0.0825716877386112 -0.9177546292388883
    outer loop
      vertex -0.6788889936186461 8.720495171329226 55.38255291659834
      vertex -0.7457273203904788 9.517346833306231 55.28256756294968
      vertex -0.5996494615049428 9.531155256489994 55.34315736490697
    endloop
  endfacet
  facet normal 0.3313356934815131 -0.07042757576498278 -0.9408807654517082
    outer loop
      vertex -0.549417045881492 8.732733873747376 55.427230985267215
      vertex -0.6788889936186461 8.720495171329226 55.38255291659834
      vertex -0.505951987312207 9.534099818241565 55.38255291659834
    endloop
  endfacet
  facet normal 0.3313356934816035 -0.0704275757649859 -0.9408807654516761
    outer loop
      vertex -0.43334559202003 8.736381566136465 55.46783306677344
      vertex -0.549417045881492 8.732733873747376 55.427230985267215
      vertex -0.505951987312207 9.534099818241565 55.38255291659834
    endloop
  endfacet
  facet normal 0.3884692483255298 -0.0825716877386126 -0.9177546292388804
    outer loop
      vertex -0.6788889936186461 8.720495171329226 55.38255291659834
      vertex -0.5996494615049428 9.531155256489994 55.34315736490697
      vertex -0.505951987312207 9.534099818241565 55.38255291659834
    endloop
  endfacet
  facet normal 0.3313356934815562 -0.07042757576499192 -0.9408807654516922
    outer loop
      vertex -0.43334559202003 8.736381566136465 55.46783306677344
      vertex -0.505951987312207 9.534099818241565 55.38255291659834
      vertex -0.26215682585400096 9.541761389845632 55.46783306677344
    endloop
  endfacet
  facet normal 0.27289448214295486 -0.058005512823027704 -0.9602936853369733
    outer loop
      vertex -0.18452027074437669 8.744201216881196 55.53807144839766
      vertex -0.43334559202003 8.736381566136465 55.46783306677344
      vertex -0.26215682585400096 9.541761389845632 55.46783306677344
    endloop
  endfacet
  facet normal 0.21337629262052138 -0.04535453110131458 -0.9759167609259005
    outer loop
      vertex 0 8.75 55.57814581924703
      vertex -0.18452027074437669 8.744201216881196 55.53807144839766
      vertex -0.013331504578347477 9.549581040590363 55.53807144839766
    endloop
  endfacet
  facet normal 0.27289448214295464 -0.05800551282302774 -0.9602936853369735
    outer loop
      vertex -0.18452027074437669 8.744201216881196 55.53807144839766
      vertex -0.26215682585400096 9.541761389845632 55.46783306677344
      vertex -0.013331504578347477 9.549581040590363 55.53807144839766
    endloop
  endfacet
  facet normal 0.2133762926212484 -0.04535453110129453 -0.9759167609257425
    outer loop
      vertex 0 8.75 55.57814581924703
      vertex -0.013331504578347477 9.549581040590363 55.53807144839766
      vertex 0 9.55 55.540966803234824
    endloop
  endfacet
  facet normal 0.2133762926205205 -0.04535453110127181 0.9759167609259028
    outer loop
      vertex 0.23636298659155094 9.542571993900573 45.716159137380146
      vertex -0.18452027074437669 8.744201216881196 45.771078551602386
      vertex 0 8.75 45.73100418075302
    endloop
  endfacet
  facet normal 0.2133762926209933 -0.045354531101414866 0.9759167609257928
    outer loop
      vertex 0.06744607839451569 8.747880421596793 45.716159137380146
      vertex 0.23636298659155094 9.542571993900573 45.716159137380146
      vertex 0 8.75 45.73100418075302
    endloop
  endfacet
  facet normal 0.1530159818146165 -0.032524550975077476 0.9876883429975158
    outer loop
      vertex 0.3199733530136809 8.739944432281408 45.67677543540003
      vertex 0.48889026121071627 9.53463600458519 45.67677543540003
      vertex 0.06744607839451569 8.747880421596793 45.716159137380146
    endloop
  endfacet
  facet normal 0.213376292620649 -0.04535453110134171 0.9759167609258714
    outer loop
      vertex 0.23636298659155094 9.542571993900573 45.716159137380146
      vertex -0.013331504578347477 9.549581040590363 45.771078551602386
      vertex -0.18452027074437669 8.744201216881196 45.771078551602386
    endloop
  endfacet
  facet normal 0.21337629262103439 -0.04535453109079643 0.9759167609262773
    outer loop
      vertex 0.23636298659155094 9.542571993900573 45.716159137380146
      vertex 0 9.55 45.76818319676522
      vertex -0.013331504578347477 9.549581040590363 45.771078551602386
    endloop
  endfacet
  facet normal 0.15301598181461668 -0.03252455097507757 0.9876883429975158
    outer loop
      vertex 0.06744607839451569 8.747880421596793 45.716159137380146
      vertex 0.48889026121071627 9.53463600458519 45.67677543540003
      vertex 0.23636298659155094 9.542571993900573 45.716159137380146
    endloop
  endfacet
  facet normal 0.09205183351982432 -0.01956622122839761 0.9955619633817274
    outer loop
      vertex 0.5494170458814954 8.732733873747376 45.65541885812655
      vertex 0.5996494615049465 9.531155256489994 45.6664659891465
      vertex 0.3199733530136809 8.739944432281408 45.67677543540003
    endloop
  endfacet
  facet normal 0.09205183351980682 -0.019566221228391405 0.9955619633817292
    outer loop
      vertex 0.3199733530136809 8.739944432281408 45.67677543540003
      vertex 0.5996494615049465 9.531155256489994 45.6664659891465
      vertex 0.48889026121071627 9.53463600458519 45.67677543540003
    endloop
  endfacet
  facet normal 0.0920518335195151 -0.019566221228329416 0.9955619633817573
    outer loop
      vertex 0.5741837317512205 8.730392732646612 45.653082864773296
      vertex 0.7415401209298443 9.51774264018996 45.653082864773296
      vertex 0.5494170458814954 8.732733873747376 45.65541885812655
    endloop
  endfacet
  facet normal 0.030724336531318137 -0.006530659332689628 0.9995065610757093
    outer loop
      vertex 0.8263725468801693 8.7065538709048 45.64517494518759
      vertex 0.9937289360587929 9.493903778448148 45.64517494518759
      vertex 0.5741837317512205 8.730392732646612 45.653082864773296
    endloop
  endfacet
  facet normal 0.030724336531318168 -0.0065306593326896435 0.9995065610757093
    outer loop
      vertex 0.5741837317512205 8.730392732646612 45.653082864773296
      vertex 0.9937289360587929 9.493903778448148 45.64517494518759
      vertex 0.7415401209298443 9.51774264018996 45.653082864773296
    endloop
  endfacet
  facet normal 0.09205183351978301 -0.01956622122839506 0.9955619633817313
    outer loop
      vertex 0.5494170458814954 8.732733873747376 45.65541885812655
      vertex 0.7415401209298443 9.51774264018996 45.653082864773296
      vertex 0.5996494615049465 9.531155256489994 45.6664659891465
    endloop
  endfacet
  facet normal 0 0 1
    outer loop
      vertex 1.196932380539104 9.474695397553264 45.64517494518759
      vertex 0.8263725468801693 8.7065538709048 45.64517494518759
      vertex 1.0966657936876605 8.681003636501682 45.64517494518759
    endloop
  endfacet
  facet normal 0 0 1
    outer loop
      vertex 1.196932380539104 9.474695397553264 45.64517494518759
      vertex 0.9937289360587929 9.493903778448148 45.64517494518759
      vertex 0.8263725468801693 8.7065538709048 45.64517494518759
    endloop
  endfacet
  facet normal 0.21337629262099803 -0.04535453110129708 -0.9759167609257973
    outer loop
      vertex 0.06744607839451569 8.747880421596793 55.5929908626199
      vertex 0 8.75 55.57814581924703
      vertex 0 9.55 55.540966803234824
    endloop
  endfacet
  facet normal 0.1530159818146165 -0.032524550975077525 -0.9876883429975158
    outer loop
      vertex 0.3199733530136809 8.739944432281408 55.63237456460001
      vertex 0.06744607839451569 8.747880421596793 55.5929908626199
      vertex 0.23636298659155094 9.542571993900573 55.5929908626199
    endloop
  endfacet
  facet normal 0.21337629262061544 -0.04535453110133455 -0.9759167609258792
    outer loop
      vertex 0.06744607839451569 8.747880421596793 55.5929908626199
      vertex 0 9.55 55.540966803234824
      vertex 0.23636298659155094 9.542571993900573 55.5929908626199
    endloop
  endfacet
  facet normal 0.09205183351982439 -0.019566221228395138 -0.9955619633817274
    outer loop
      vertex 0.5494170458814954 8.732733873747376 55.65373114187349
      vertex 0.3199733530136809 8.739944432281408 55.63237456460001
      vertex 0.48889026121071627 9.53463600458519 55.63237456460001
    endloop
  endfacet
  facet normal 0.09205183351951045 -0.01956622122837827 -0.9955619633817567
    outer loop
      vertex 0.5741837317512205 8.730392732646612 55.65606713522675
      vertex 0.5494170458814954 8.732733873747376 55.65373114187349
      vertex 0.5996494615049465 9.531155256489994 55.64268401085354
    endloop
  endfacet
  facet normal 0.15301598181461668 -0.03252455097507751 -0.9876883429975158
    outer loop
      vertex 0.3199733530136809 8.739944432281408 55.63237456460001
      vertex 0.23636298659155094 9.542571993900573 55.5929908626199
      vertex 0.48889026121071627 9.53463600458519 55.63237456460001
    endloop
  endfacet
  facet normal 0.09205183351980666 -0.01956622122839652 -0.995561963381729
    outer loop
      vertex 0.5494170458814954 8.732733873747376 55.65373114187349
      vertex 0.48889026121071627 9.53463600458519 55.63237456460001
      vertex 0.5996494615049465 9.531155256489994 55.64268401085354
    endloop
  endfacet
  facet normal 0.03072433653131814 -0.0065306593326896365 -0.9995065610757093
    outer loop
      vertex 0.8263725468801693 8.7065538709048 55.663975054812454
      vertex 0.5741837317512205 8.730392732646612 55.65606713522675
      vertex 0.7415401209298443 9.51774264018996 55.65606713522675
    endloop
  endfacet
  facet normal 0.030724336531318164 -0.006530659332689634 -0.9995065610757093
    outer loop
      vertex 0.8263725468801693 8.7065538709048 55.663975054812454
      vertex 0.7415401209298443 9.51774264018996 55.65606713522675
      vertex 0.9937289360587929 9.493903778448148 55.663975054812454
    endloop
  endfacet
  facet normal 0.09205183351978381 -0.019566221228386537 -0.9955619633817314
    outer loop
      vertex 0.5741837317512205 8.730392732646612 55.65606713522675
      vertex 0.5996494615049465 9.531155256489994 55.64268401085354
      vertex 0.7415401209298443 9.51774264018996 55.65606713522675
    endloop
  endfacet
  facet normal 0 0 -1
    outer loop
      vertex 1.0966657936876605 8.681003636501682 55.663975054812454
      vertex 0.8263725468801693 8.7065538709048 55.663975054812454
      vertex 0.9937289360587929 9.493903778448148 55.663975054812454
    endloop
  endfacet
  facet normal 0 0 -1
    outer loop
      vertex 1.196932380539104 9.474695397553264 55.663975054812454
      vertex 1.0966657936876605 8.681003636501682 55.663975054812454
      vertex 0.9937289360587929 9.493903778448148 55.663975054812454
    endloop
  endfacet
  facet normal 0 0 1
    outer loop
      vertex 1.6395865026250922 8.595013443876026 45.64517494518759
      vertex 1.7894915542936722 9.380843244458976 45.64517494518759
      vertex 1.0966657936876605 8.681003636501682 45.64517494518759
    endloop
  endfacet
  facet normal 0 0 1
    outer loop
      vertex 1.7894915542936722 9.380843244458976 45.64517494518759
      vertex 1.196932380539104 9.474695397553264 45.64517494518759
      vertex 1.0966657936876605 8.681003636501682 45.64517494518759
    endloop
  endfacet
  facet normal 0 0 1
    outer loop
      vertex 2.1760365126924763 8.475102659875523 45.64517494518759
      vertex 2.37498842242436 9.249969188778428 45.64517494518759
      vertex 1.6395865026250922 8.595013443876026 45.64517494518759
    endloop
  endfacet
  facet normal 0 0 1
    outer loop
      vertex 1.6395865026250922 8.595013443876026 45.64517494518759
      vertex 2.37498842242436 9.249969188778428 45.64517494518759
      vertex 1.7894915542936722 9.380843244458976 45.64517494518759
    endloop
  endfacet
  facet normal 0 0 -1
    outer loop
      vertex 1.6395865026250922 8.595013443876026 55.663975054812454
      vertex 1.0966657936876605 8.681003636501682 55.663975054812454
      vertex 1.196932380539104 9.474695397553264 55.663975054812454
    endloop
  endfacet
  facet normal 0 0 -1
    outer loop
      vertex 1.6395865026250922 8.595013443876026 55.663975054812454
      vertex 1.196932380539104 9.474695397553264 55.663975054812454
      vertex 1.7894915542936722 9.380843244458976 55.663975054812454
    endloop
  endfacet
  facet normal 0 0 -1
    outer loop
      vertex 2.1760365126924763 8.475102659875523 55.663975054812454
      vertex 1.6395865026250922 8.595013443876026 55.663975054812454
      vertex 1.7894915542936722 9.380843244458976 55.663975054812454
    endloop
  endfacet
  facet normal 0 0 -1
    outer loop
      vertex 2.1760365126924763 8.475102659875523 55.663975054812454
      vertex 1.7894915542936722 9.380843244458976 55.663975054812454
      vertex 2.37498842242436 9.249969188778428 55.663975054812454
    endloop
  endfacet
  facet normal -0.15301598181461631 0.03252455097507745 0.987688342997516
    outer loop
      vertex 3.4959541999176156 8.016599819874363 45.716159137380146
      vertex 3.6655473527749556 8.814472873168388 45.716159137380146
      vertex 3.263153428403704 8.117341709653447 45.67677543540003
    endloop
  endfacet
  facet normal -0.15301598181460718 0.03252455097509883 -0.9876883429975166
    outer loop
      vertex 3.4959541999176156 8.016599819874363 55.5929908626199
      vertex 3.263153428403704 8.117341709653447 55.63237456460001
      vertex 3.5155894781386787 8.8793654402328 55.61835974866716
    endloop
  endfacet
  facet normal 0 0 1
    outer loop
      vertex 2.7038987007807895 8.321744517582593 45.64517494518759
      vertex 2.9511122962807477 9.082589730618716 45.64517494518759
      vertex 2.1760365126924763 8.475102659875523 45.64517494518759
    endloop
  endfacet
  facet normal 0 0 1
    outer loop
      vertex 2.9511122962807477 9.082589730618716 45.64517494518759
      vertex 2.37498842242436 9.249969188778428 45.64517494518759
      vertex 2.1760365126924763 8.475102659875523 45.64517494518759
    endloop
  endfacet
  facet normal 0 0 1
    outer loop
      vertex 2.786762826560328 8.291911596605045 45.64517494518759
      vertex 2.9545626161416587 9.081347539033523 45.64517494518759
      vertex 2.7038987007807895 8.321744517582593 45.64517494518759
    endloop
  endfacet
  facet normal -0.030724336531318126 0.006530659332689629 0.9995065610757092
    outer loop
      vertex 2.786762826560328 8.291911596605045 45.64517494518759
      vertex 3.1935314321479926 8.995313471372178 45.653082864773296
      vertex 2.9545626161416587 9.081347539033523 45.64517494518759
    endloop
  endfacet
  facet normal 0 0 1
    outer loop
      vertex 2.7038987007807895 8.321744517582593 45.64517494518759
      vertex 2.9545626161416587 9.081347539033523 45.64517494518759
      vertex 2.9511122962807477 9.082589730618716 45.64517494518759
    endloop
  endfacet
  facet normal -0.03072433653131812 0.006530659332689624 0.9995065610757095
    outer loop
      vertex 3.0257316425666625 8.205877528943702 45.653082864773296
      vertex 3.1935314321479926 8.995313471372178 45.653082864773296
      vertex 2.786762826560328 8.291911596605045 45.64517494518759
    endloop
  endfacet
  facet normal -0.0920518335199174 0.01956622122846032 0.9955619633817177
    outer loop
      vertex 3.2210898359909357 8.135544251522198 45.672528401139346
      vertex 3.4315571521946873 8.9096189391488 45.67677543540003
      vertex 3.0257316425666625 8.205877528943702 45.653082864773296
    endloop
  endfacet
  facet normal -0.09205183351979386 0.01956622122838865 0.9955619633817304
    outer loop
      vertex 3.0257316425666625 8.205877528943702 45.653082864773296
      vertex 3.4315571521946873 8.9096189391488 45.67677543540003
      vertex 3.1935314321479926 8.995313471372178 45.653082864773296
    endloop
  endfacet
  facet normal -0.09205183351915935 0.019566221228253803 0.9955619633817916
    outer loop
      vertex 3.263153428403704 8.117341709653447 45.67677543540003
      vertex 3.4315571521946873 8.9096189391488 45.67677543540003
      vertex 3.2210898359909357 8.135544251522198 45.672528401139346
    endloop
  endfacet
  facet normal -0.1530159818144158 0.03252455097503486 0.9876883429975484
    outer loop
      vertex 3.263153428403704 8.117341709653447 45.67677543540003
      vertex 3.5155894781386787 8.8793654402328 45.690790251332885
      vertex 3.4315571521946873 8.9096189391488 45.67677543540003
    endloop
  endfacet
  facet normal -0.15301598181471293 0.032524550975134195 0.9876883429974991
    outer loop
      vertex 3.263153428403704 8.117341709653447 45.67677543540003
      vertex 3.6655473527749556 8.814472873168388 45.716159137380146
      vertex 3.5155894781386787 8.8793654402328 45.690790251332885
    endloop
  endfacet
  facet normal 0 0 -1
    outer loop
      vertex 2.7038987007807895 8.321744517582593 55.663975054812454
      vertex 2.1760365126924763 8.475102659875523 55.663975054812454
      vertex 2.37498842242436 9.249969188778428 55.663975054812454
    endloop
  endfacet
  facet normal 0 0 -1
    outer loop
      vertex 2.7038987007807895 8.321744517582593 55.663975054812454
      vertex 2.37498842242436 9.249969188778428 55.663975054812454
      vertex 2.9511122962807477 9.082589730618716 55.663975054812454
    endloop
  endfacet
  facet normal 0 0 -1
    outer loop
      vertex 2.786762826560328 8.291911596605045 55.663975054812454
      vertex 2.7038987007807895 8.321744517582593 55.663975054812454
      vertex 2.9545626161416587 9.081347539033523 55.663975054812454
    endloop
  endfacet
  facet normal -0.03072433653131812 0.006530659332689629 -0.9995065610757095
    outer loop
      vertex 3.0257316425666625 8.205877528943702 55.65606713522675
      vertex 2.786762826560328 8.291911596605045 55.663975054812454
      vertex 2.9545626161416587 9.081347539033523 55.663975054812454
    endloop
  endfacet
  facet normal 0 0 -1
    outer loop
      vertex 2.7038987007807895 8.321744517582593 55.663975054812454
      vertex 2.9511122962807477 9.082589730618716 55.663975054812454
      vertex 2.9545626161416587 9.081347539033523 55.663975054812454
    endloop
  endfacet
  facet normal -0.09205183351993251 0.01956622122841812 -0.995561963381717
    outer loop
      vertex 3.2210898359909357 8.135544251522198 55.6366215988607
      vertex 3.0257316425666625 8.205877528943702 55.65606713522675
      vertex 3.1935314321479926 8.995313471372178 55.65606713522675
    endloop
  endfacet
  facet normal -0.030724336531318133 0.006530659332689627 -0.9995065610757095
    outer loop
      vertex 3.0257316425666625 8.205877528943702 55.65606713522675
      vertex 2.9545626161416587 9.081347539033523 55.663975054812454
      vertex 3.1935314321479926 8.995313471372178 55.65606713522675
    endloop
  endfacet
  facet normal -0.09205183351978143 0.019566221228423275 -0.9955619633817309
    outer loop
      vertex 3.2210898359909357 8.135544251522198 55.6366215988607
      vertex 3.1935314321479926 8.995313471372178 55.65606713522675
      vertex 3.4315571521946873 8.9096189391488 55.63237456460001
    endloop
  endfacet
  facet normal -0.09205183351915935 0.019566221228253803 -0.9955619633817916
    outer loop
      vertex 3.263153428403704 8.117341709653447 55.63237456460001
      vertex 3.2210898359909357 8.135544251522198 55.6366215988607
      vertex 3.4315571521946873 8.9096189391488 55.63237456460001
    endloop
  endfacet
  facet normal -0.1530159818144158 0.03252455097503486 -0.9876883429975484
    outer loop
      vertex 3.263153428403704 8.117341709653447 55.63237456460001
      vertex 3.4315571521946873 8.9096189391488 55.63237456460001
      vertex 3.5155894781386787 8.8793654402328 55.61835974866716
    endloop
  endfacet
  facet normal -0.15301598181472717 0.03252455097510101 -0.987688342997498
    outer loop
      vertex 3.4959541999176156 8.016599819874363 55.5929908626199
      vertex 3.5155894781386787 8.8793654402328 55.61835974866716
      vertex 3.6655473527749556 8.814472873168388 55.5929908626199
    endloop
  endfacet
  facet normal -0.21337629262056723 0.04535453110129307 0.9759167609258916
    outer loop
      vertex 3.7255688011943837 7.917236709077671 45.7709802879055
      vertex 3.895573524756789 8.714931659823597 45.771078551602386
      vertex 3.4959541999176156 8.016599819874363 45.716159137380146
    endloop
  endfacet
  facet normal -0.21337629267313948 0.045354531112498736 0.9759167609138764
    outer loop
      vertex 3.72597431086041 7.917030091582815 45.771078551602386
      vertex 3.895573524756789 8.714931659823597 45.771078551602386
      vertex 3.7255688011943837 7.917236709077671 45.7709802879055
    endloop
  endfacet
  facet normal -0.33133569348155556 0.07042757576499159 0.9408807654516926
    outer loop
      vertex 4.167487017420361 7.692068131315354 45.9265970834017
      vertex 4.339598865591934 8.501790714421324 45.9265970834017
      vertex 3.948984812671832 7.803400565405372 45.84131693322661
    endloop
  endfacet
  facet normal -0.2728944821429552 0.05800551282302778 0.9602936853369732
    outer loop
      vertex 3.948984812671832 7.803400565405372 45.84131693322661
      vertex 4.121096660843405 8.613123148511342 45.84131693322661
      vertex 3.72597431086041 7.917030091582815 45.771078551602386
    endloop
  endfacet
  facet normal -0.33133569348155606 0.07042757576499188 0.9408807654516925
    outer loop
      vertex 3.948984812671832 7.803400565405372 45.84131693322661
      vertex 4.339598865591934 8.501790714421324 45.9265970834017
      vertex 4.121096660843405 8.613123148511342 45.84131693322661
    endloop
  endfacet
  facet normal -0.49791763887092383 0.10583566131322572 0.8607420273784686
    outer loop
      vertex 4.953995044565133 8.159818830775878 46.26903390367033
      vertex 4.58178458499415 7.45097147598919 46.1408784039736
      vertex 4.688484456066217 7.387869348142634 46.21036055007619
    endloop
  endfacet
  facet normal -0.3884692483256504 0.08257168773869128 0.9177546292388222
    outer loop
      vertex 4.215344648390009 7.667683450383805 45.94904829370614
      vertex 4.552730455934022 8.393194745050808 46.026582437050365
      vertex 4.167487017420361 7.692068131315354 45.9265970834017
    endloop
  endfacet
  facet normal -0.3884692483254753 0.08257168773860109 0.9177546292389046
    outer loop
      vertex 4.378063587757719 7.571451737900271 46.026582437050365
      vertex 4.552730455934022 8.393194745050808 46.026582437050365
      vertex 4.215344648390009 7.667683450383805 45.94904829370614
    endloop
  endfacet
  facet normal -0.3884692483255188 0.08257168773861003 0.9177546292388853
    outer loop
      vertex 4.167487017420361 7.692068131315354 45.9265970834017
      vertex 4.552730455934022 8.393194745050808 46.026582437050365
      vertex 4.339598865591934 8.501790714421324 45.9265970834017
    endloop
  endfacet
  facet normal -0.4440697271764973 0.09438993435038108 0.8910065194479343
    outer loop
      vertex 4.58178458499415 7.45097147598919 46.1408784039736
      vertex 4.7571937644978055 8.276206783361 46.1408784039736
      vertex 4.378063587757719 7.571451737900271 46.026582437050365
    endloop
  endfacet
  facet normal -0.49791763887100166 0.1058356613132759 0.8607420273784175
    outer loop
      vertex 4.953995044565133 8.159818830775878 46.26903390367033
      vertex 4.7571937644978055 8.276206783361 46.1408784039736
      vertex 4.58178458499415 7.45097147598919 46.1408784039736
    endloop
  endfacet
  facet normal -0.4440697271764555 0.09438993435037223 0.891006519447956
    outer loop
      vertex 4.378063587757719 7.571451737900271 46.026582437050365
      vertex 4.600747587671382 8.368728794418896 46.05310558087541
      vertex 4.552730455934022 8.393194745050808 46.026582437050365
    endloop
  endfacet
  facet normal -0.44406972717650806 0.09438993435038785 0.8910065194479281
    outer loop
      vertex 4.378063587757719 7.571451737900271 46.026582437050365
      vertex 4.7571937644978055 8.276206783361 46.1408784039736
      vertex 4.600747587671382 8.368728794418896 46.05310558087541
    endloop
  endfacet
  facet normal -0.21337629262055516 0.04535453110132168 -0.9759167609258929
    outer loop
      vertex 3.7255688011943837 7.917236709077671 55.53816971209454
      vertex 3.4959541999176156 8.016599819874363 55.5929908626199
      vertex 3.6655473527749556 8.814472873168388 55.5929908626199
    endloop
  endfacet
  facet normal -0.21337629267313948 0.045354531112498736 -0.9759167609138764
    outer loop
      vertex 3.72597431086041 7.917030091582815 55.53807144839766
      vertex 3.7255688011943837 7.917236709077671 55.53816971209454
      vertex 3.895573524756789 8.714931659823597 55.53807144839766
    endloop
  endfacet
  facet normal -0.3313356934815555 0.07042757576499177 -0.9408807654516926
    outer loop
      vertex 4.167487017420361 7.692068131315354 55.38255291659834
      vertex 3.948984812671832 7.803400565405372 55.46783306677344
      vertex 4.121096660843405 8.613123148511342 55.46783306677344
    endloop
  endfacet
  facet normal -0.27289448214296536 0.0580055128230068 -0.9602936853369717
    outer loop
      vertex 3.948984812671832 7.803400565405372 55.46783306677344
      vertex 3.72597431086041 7.917030091582815 55.53807144839766
      vertex 4.066192234446442 8.641098351050488 55.485125517231154
    endloop
  endfacet
  facet normal -0.2728944821426712 0.05800551282296742 -0.9602936853370576
    outer loop
      vertex 3.948984812671832 7.803400565405372 55.46783306677344
      vertex 4.066192234446442 8.641098351050488 55.485125517231154
      vertex 4.121096660843405 8.613123148511342 55.46783306677344
    endloop
  endfacet
  facet normal -0.49791763887090895 0.10583566131325621 -0.8607420273784736
    outer loop
      vertex 4.688484456066217 7.387869348142634 55.098789449923856
      vertex 4.58178458499415 7.45097147598919 55.16827159602644
      vertex 4.7571937644978055 8.276206783361 55.16827159602644
    endloop
  endfacet
  facet normal -0.4979176388711299 0.1058356613132632 -0.8607420273783449
    outer loop
      vertex 4.777109882338252 7.32763957064331 55.04011609632971
      vertex 4.688484456066217 7.387869348142634 55.098789449923856
      vertex 4.7571937644978055 8.276206783361 55.16827159602644
    endloop
  endfacet
  facet normal -0.38846924832567264 0.08257168773864272 -0.9177546292388172
    outer loop
      vertex 4.215344648390009 7.667683450383805 55.360101706293904
      vertex 4.167487017420361 7.692068131315354 55.38255291659834
      vertex 4.339598865591934 8.501790714421324 55.38255291659834
    endloop
  endfacet
  facet normal -0.3884692483254682 0.08257168773861467 -0.9177546292389064
    outer loop
      vertex 4.378063587757719 7.571451737900271 55.28256756294968
      vertex 4.215344648390009 7.667683450383805 55.360101706293904
      vertex 4.339598865591934 8.501790714421324 55.38255291659834
    endloop
  endfacet
  facet normal -0.33133569348155606 0.0704275757649917 -0.9408807654516924
    outer loop
      vertex 4.167487017420361 7.692068131315354 55.38255291659834
      vertex 4.121096660843405 8.613123148511342 55.46783306677344
      vertex 4.339598865591934 8.501790714421324 55.38255291659834
    endloop
  endfacet
  facet normal -0.38846924832551866 0.08257168773861032 -0.9177546292388853
    outer loop
      vertex 4.378063587757719 7.571451737900271 55.28256756294968
      vertex 4.339598865591934 8.501790714421324 55.38255291659834
      vertex 4.552730455934022 8.393194745050808 55.28256756294968
    endloop
  endfacet
  facet normal -0.44406972717649573 0.0943899343503842 -0.8910065194479347
    outer loop
      vertex 4.58178458499415 7.45097147598919 55.16827159602644
      vertex 4.378063587757719 7.571451737900271 55.28256756294968
      vertex 4.600747587671382 8.368728794418896 55.256044419124635
    endloop
  endfacet
  facet normal -0.44406972717651017 0.0943899343503838 -0.8910065194479275
    outer loop
      vertex 4.58178458499415 7.45097147598919 55.16827159602644
      vertex 4.600747587671382 8.368728794418896 55.256044419124635
      vertex 4.7571937644978055 8.276206783361 55.16827159602644
    endloop
  endfacet
  facet normal -0.4440697271764555 0.09438993435037223 -0.891006519447956
    outer loop
      vertex 4.378063587757719 7.571451737900271 55.28256756294968
      vertex 4.552730455934022 8.393194745050808 55.28256756294968
      vertex 4.600747587671382 8.368728794418896 55.256044419124635
    endloop
  endfacet
  facet normal -0.21337629262064953 0.045354531101341744 0.9759167609258714
    outer loop
      vertex 3.4959541999176156 8.016599819874363 45.716159137380146
      vertex 3.895573524756789 8.714931659823597 45.771078551602386
      vertex 3.6655473527749556 8.814472873168388 45.716159137380146
    endloop
  endfacet
  facet normal -0.2728944821430475 0.05800551282304726 0.9602936853369459
    outer loop
      vertex 3.72597431086041 7.917030091582815 45.771078551602386
      vertex 4.066192234446442 8.641098351050488 45.82402448276889
      vertex 3.895573524756789 8.714931659823597 45.771078551602386
    endloop
  endfacet
  facet normal -0.27289448214271256 0.05800551282288222 0.9602936853370511
    outer loop
      vertex 3.72597431086041 7.917030091582815 45.771078551602386
      vertex 4.121096660843405 8.613123148511342 45.84131693322661
      vertex 4.066192234446442 8.641098351050488 45.82402448276889
    endloop
  endfacet
  facet normal -0.2133762926206616 0.04535453110131317 -0.9759167609258701
    outer loop
      vertex 3.7255688011943837 7.917236709077671 55.53816971209454
      vertex 3.6655473527749556 8.814472873168388 55.5929908626199
      vertex 3.895573524756789 8.714931659823597 55.53807144839766
    endloop
  endfacet
  facet normal -0.2728944821430475 0.05800551282304726 -0.9602936853369459
    outer loop
      vertex 3.72597431086041 7.917030091582815 55.53807144839766
      vertex 3.895573524756789 8.714931659823597 55.53807144839766
      vertex 4.066192234446442 8.641098351050488 55.485125517231154
    endloop
  endfacet
  facet normal -0.6916548014802235 0.14701576646519782 0.7071067811865497
    outer loop
      vertex 5.462836806403092 6.830901667474702 46.909358742129825
      vertex 5.647490602858258 7.699629478107182 46.909358742129825
      vertex 5.306599358081417 6.952091854996498 46.73133860011103
    endloop
  endfacet
  facet normal -0.7337193396001441 0.15595686005622733 0.6613118693159309
    outer loop
      vertex 5.577459910301037 6.741990874288154 47.05749979443959
      vertex 5.793609515093076 7.586288031709777 47.09820556868317
      vertex 5.462836806403092 6.830901667474702 46.909358742129825
    endloop
  endfacet
  facet normal -0.7337193395999284 0.15595686005615977 0.6613118693161861
    outer loop
      vertex 5.608358423891735 6.714750170230208 47.09820556868317
      vertex 5.793609515093076 7.586288031709777 47.09820556868317
      vertex 5.577459910301037 6.741990874288154 47.05749979443959
    endloop
  endfacet
  facet normal -0.8090068763308872 0.1719597200002987 0.5620833823791266
    outer loop
      vertex 5.863052758441627 6.490206909521453 47.50535836298468
      vertex 6.053227309390009 7.384907827969752 47.50535836298468
      vertex 5.741213934771087 6.597622281741062 47.297133805644535
    endloop
  endfacet
  facet normal -0.7728882315040513 0.16428246504372512 0.6129070510947783
    outer loop
      vertex 5.741213934771087 6.597622281741062 47.297133805644535
      vertex 5.929033236848194 7.4812426254342475 47.297133805644535
      vertex 5.608358423891735 6.714750170230208 47.09820556868317
    endloop
  endfacet
  facet normal -0.8090068763308862 0.17195972000029788 0.5620833823791284
    outer loop
      vertex 5.741213934771087 6.597622281741062 47.297133805644535
      vertex 6.053227309390009 7.384907827969752 47.50535836298468
      vertex 5.929033236848194 7.4812426254342475 47.297133805644535
    endloop
  endfacet
  facet normal -0.7337193396001528 0.15595686005620754 -0.6613118693159257
    outer loop
      vertex 5.577459910301037 6.741990874288154 54.25165020556045
      vertex 5.462836806403092 6.830901667474702 54.39979125787022
      vertex 5.647490602858258 7.699629478107182 54.39979125787022
    endloop
  endfacet
  facet normal -0.7337193395999284 0.15595686005615977 -0.6613118693161861
    outer loop
      vertex 5.608358423891735 6.714750170230208 54.210944431316875
      vertex 5.577459910301037 6.741990874288154 54.25165020556045
      vertex 5.793609515093076 7.586288031709777 54.210944431316875
    endloop
  endfacet
  facet normal -0.8090068763308874 0.17195972000029813 -0.5620833823791265
    outer loop
      vertex 5.863052758441627 6.490206909521453 53.803791637015365
      vertex 5.741213934771087 6.597622281741062 54.01201619435551
      vertex 5.929033236848194 7.4812426254342475 54.01201619435551
    endloop
  endfacet
  facet normal -0.7728882315040515 0.16428246504372493 -0.6129070510947784
    outer loop
      vertex 5.741213934771087 6.597622281741062 54.01201619435551
      vertex 5.608358423891735 6.714750170230208 54.210944431316875
      vertex 5.793609515093076 7.586288031709777 54.210944431316875
    endloop
  endfacet
  facet normal -0.8090068763308859 0.17195972000029844 -0.5620833823791284
    outer loop
      vertex 5.863052758441627 6.490206909521453 53.803791637015365
      vertex 5.929033236848194 7.4812426254342475 54.01201619435551
      vertex 6.053227309390009 7.384907827969752 53.803791637015365
    endloop
  endfacet
  facet normal -0.8419327489309647 0.1789583302701564 0.5090414151171463
    outer loop
      vertex 5.863052758441627 6.490206909521453 47.50535836298468
      vertex 6.087399102099989 7.358401468508786 47.57119560963616
      vertex 6.053227309390009 7.384907827969752 47.50535836298468
    endloop
  endfacet
  facet normal -0.8976994886523602 0.19081191672088257 0.397147882419879
    outer loop
      vertex 6.154400856794187 6.21386181001919 48.17742846388819
      vertex 6.348711873679701 7.128023270662157 48.17742846388819
      vertex 6.070100388545366 6.298162278268011 47.94637593854668
    endloop
  endfacet
  facet normal -0.9393089643121855 0.1996562838000273 0.27899110720940984
    outer loop
      vertex 6.285522911911577 6.0827397549018 48.65606528003218
      vertex 6.482612611645907 7.009973890539999 48.65606528003218
      vertex 6.22630295374883 6.141959713064547 48.41430318583252
    endloop
  endfacet
  facet normal -0.9545906382155473 0.20290450386148914 0.21814324592789217
    outer loop
      vertex 6.331827017122369 6.036435649691008 48.90176061023476
      vertex 6.529897973769305 6.968286236145384 48.90176061023476
      vertex 6.285522911911577 6.0827397549018 48.65606528003218
    endloop
  endfacet
  facet normal -0.920320263303158 0.19562011080296804 0.33873792997395563
    outer loop
      vertex 6.22630295374883 6.141959713064547 48.41430318583252
      vertex 6.422137689305645 7.063289706446893 48.41430318583252
      vertex 6.154400856794187 6.21386181001919 48.17742846388819
    endloop
  endfacet
  facet normal -0.9738065458636758 0.20698897112054016 0.09410832623905827
    outer loop
      vertex 6.365032525700775 6.003230141112602 49.15041954298022
      vertex 6.378475489937352 5.989787176876025 49.31909103614021
      vertex 6.5832355526193025 6.915839700874155 49.40106072504523
    endloop
  endfacet
  facet normal -0.9661049829757685 0.20535195339360504 0.15643444987220914
    outer loop
      vertex 6.365032525700775 6.003230141112602 49.15041954298022
      vertex 6.563259678904134 6.9358155745893235 49.15041954298022
      vertex 6.331827017122369 6.036435649691008 48.90176061023476
    endloop
  endfacet
  facet normal -0.9738065458636788 0.20698897112054446 0.09410832623901717
    outer loop
      vertex 6.3848581621028995 5.982547456410921 49.40106072504523
      vertex 6.5832355526193025 6.915839700874155 49.40106072504523
      vertex 6.378475489937352 5.989787176876025 49.31909103614021
    endloop
  endfacet
  facet normal -0.9776649446339022 0.2078090990966948 0.031410736486257994
    outer loop
      vertex 6.3848581621028995 5.982547456410921 49.40106072504523
      vertex 6.391372221915569 5.975158705913715 49.65269498754742
      vertex 6.589902942388122 6.909172311105336 49.65269498754742
    endloop
  endfacet
  facet normal -0.9661049829757685 0.205351953393605 -0.1564344498722091
    outer loop
      vertex 6.365032525700775 6.003230141112602 52.15873045701983
      vertex 6.331827017122369 6.036435649691008 52.407389389765285
      vertex 6.537424861618976 6.961650391874482 52.352194083051415
    endloop
  endfacet
  facet normal -0.9781476007338057 0.20791169081775937 0
    outer loop
      vertex 6.391372221915569 5.975158705913715 49.65269498754742
      vertex 6.391372221915569 5.975158705913715 51.656455012452625
      vertex 6.589902942388122 6.909172311105336 51.656455012452625
    endloop
  endfacet
  facet normal -0.9776649446339021 0.20780909909669498 -0.031410736486258
    outer loop
      vertex 6.391372221915569 5.975158705913715 51.656455012452625
      vertex 6.3848581621028995 5.982547456410921 51.90808927495482
      vertex 6.5832355526193025 6.915839700874155 51.90808927495482
    endloop
  endfacet
  facet normal -0.9738065458636705 0.20698897112055292 -0.09410832623908254
    outer loop
      vertex 6.3848581621028995 5.982547456410921 51.90808927495482
      vertex 6.378475489937352 5.989787176876025 51.99005896385978
      vertex 6.563259678904134 6.9358155745893235 52.15873045701983
    endloop
  endfacet
  facet normal -0.9738065458636778 0.20698897112054446 -0.09410832623902705
    outer loop
      vertex 6.378475489937352 5.989787176876025 51.99005896385978
      vertex 6.365032525700775 6.003230141112602 52.15873045701983
      vertex 6.563259678904134 6.9358155745893235 52.15873045701983
    endloop
  endfacet
  facet normal -0.9203202633031579 0.1956201108029685 -0.3387379299739557
    outer loop
      vertex 6.22630295374883 6.141959713064547 52.89484681416752
      vertex 6.154400856794187 6.21386181001919 53.131721536111854
      vertex 6.348711873679701 7.128023270662157 53.131721536111854
    endloop
  endfacet
  facet normal -0.9545906382155476 0.20290450386148845 -0.21814324592789205
    outer loop
      vertex 6.331827017122369 6.036435649691008 52.407389389765285
      vertex 6.285522911911577 6.0827397549018 52.653084719967865
      vertex 6.482612611645907 7.009973890539999 52.653084719967865
    endloop
  endfacet
  facet normal -0.9393089643121856 0.19965628380002698 -0.2789911072094098
    outer loop
      vertex 6.285522911911577 6.0827397549018 52.653084719967865
      vertex 6.22630295374883 6.141959713064547 52.89484681416752
      vertex 6.422137689305645 7.063289706446893 52.89484681416752
    endloop
  endfacet
  facet normal -0.8715358892361543 0.18525067198806183 0.4539905090432147
    outer loop
      vertex 6.070100388545366 6.298162278268011 47.94637593854668
      vertex 6.262624945745967 7.203919106887967 47.94637593854668
      vertex 5.989787176876025 6.378475489937352 47.75942506382512
    endloop
  endfacet
  facet normal -0.8715358892362614 0.18525067198815207 0.4539905090429723
    outer loop
      vertex 5.989787176876025 6.378475489937352 47.75942506382512
      vertex 6.262624945745967 7.203919106887967 47.94637593854668
      vertex 5.973394052082207 6.392927973542512 47.72205747891667
    endloop
  endfacet
  facet normal -0.8419327489309508 0.17895833027015298 0.5090414151171703
    outer loop
      vertex 5.973394052082207 6.392927973542512 47.72205747891667
      vertex 6.164216645844246 7.290677693724177 47.72205747891667
      vertex 5.863052758441627 6.490206909521453 47.50535836298468
    endloop
  endfacet
  facet normal -0.8419327489309468 0.17895833027014935 0.5090414151171782
    outer loop
      vertex 5.863052758441627 6.490206909521453 47.50535836298468
      vertex 6.164216645844246 7.290677693724177 47.72205747891667
      vertex 6.087399102099989 7.358401468508786 47.57119560963616
    endloop
  endfacet
  facet normal -0.8715358892361763 0.18525067198806694 0.4539905090431705
    outer loop
      vertex 5.973394052082207 6.392927973542512 47.72205747891667
      vertex 6.262624945745967 7.203919106887967 47.94637593854668
      vertex 6.164216645844246 7.290677693724177 47.72205747891667
    endloop
  endfacet
  facet normal -0.8976994886523599 0.19081191672088224 0.39714788241987975
    outer loop
      vertex 6.070100388545366 6.298162278268011 47.94637593854668
      vertex 6.348711873679701 7.128023270662157 48.17742846388819
      vertex 6.262624945745967 7.203919106887967 47.94637593854668
    endloop
  endfacet
  facet normal -0.9203202633031584 0.19562011080296862 0.33873792997395397
    outer loop
      vertex 6.154400856794187 6.21386181001919 48.17742846388819
      vertex 6.422137689305645 7.063289706446893 48.41430318583252
      vertex 6.348711873679701 7.128023270662157 48.17742846388819
    endloop
  endfacet
  facet normal -0.9393089643121852 0.19965628380002692 0.2789911072094109
    outer loop
      vertex 6.22630295374883 6.141959713064547 48.41430318583252
      vertex 6.482612611645907 7.009973890539999 48.65606528003218
      vertex 6.422137689305645 7.063289706446893 48.41430318583252
    endloop
  endfacet
  facet normal -0.9545906382155469 0.2029045038614883 0.21814324592789464
    outer loop
      vertex 6.285522911911577 6.0827397549018 48.65606528003218
      vertex 6.529897973769305 6.968286236145384 48.90176061023476
      vertex 6.482612611645907 7.009973890539999 48.65606528003218
    endloop
  endfacet
  facet normal -0.9661049829757685 0.20535195339360496 0.15643444987220906
    outer loop
      vertex 6.331827017122369 6.036435649691008 48.90176061023476
      vertex 6.537424861618976 6.961650391874482 48.95695591694863
      vertex 6.529897973769305 6.968286236145384 48.90176061023476
    endloop
  endfacet
  facet normal -0.9661049829757685 0.20535195339360496 0.15643444987220928
    outer loop
      vertex 6.331827017122369 6.036435649691008 48.90176061023476
      vertex 6.563259678904134 6.9358155745893235 49.15041954298022
      vertex 6.537424861618976 6.961650391874482 48.95695591694863
    endloop
  endfacet
  facet normal -0.9738065458636763 0.20698897112054412 0.09410832623904425
    outer loop
      vertex 6.365032525700775 6.003230141112602 49.15041954298022
      vertex 6.5832355526193025 6.915839700874155 49.40106072504523
      vertex 6.563259678904134 6.9358155745893235 49.15041954298022
    endloop
  endfacet
  facet normal -0.9776649446339021 0.20780909909669495 0.0314107364862573
    outer loop
      vertex 6.3848581621028995 5.982547456410921 49.40106072504523
      vertex 6.589902942388122 6.909172311105336 49.65269498754742
      vertex 6.5832355526193025 6.915839700874155 49.40106072504523
    endloop
  endfacet
  facet normal -0.9781476007338057 0.20791169081775937 0
    outer loop
      vertex 6.391372221915569 5.975158705913715 49.65269498754742
      vertex 6.589902942388122 6.909172311105336 51.656455012452625
      vertex 6.589902942388122 6.909172311105336 49.65269498754742
    endloop
  endfacet
  facet normal -0.9661049829757685 0.205351953393605 -0.15643444987220928
    outer loop
      vertex 6.365032525700775 6.003230141112602 52.15873045701983
      vertex 6.537424861618976 6.961650391874482 52.352194083051415
      vertex 6.563259678904134 6.9358155745893235 52.15873045701983
    endloop
  endfacet
  facet normal -0.9776649446339022 0.2078090990966948 -0.031410736486257335
    outer loop
      vertex 6.391372221915569 5.975158705913715 51.656455012452625
      vertex 6.5832355526193025 6.915839700874155 51.90808927495482
      vertex 6.589902942388122 6.909172311105336 51.656455012452625
    endloop
  endfacet
  facet normal -0.9738065458636762 0.2069889711205439 -0.09410832623904423
    outer loop
      vertex 6.3848581621028995 5.982547456410921 51.90808927495482
      vertex 6.563259678904134 6.9358155745893235 52.15873045701983
      vertex 6.5832355526193025 6.915839700874155 51.90808927495482
    endloop
  endfacet
  facet normal -0.8715358892362157 0.1852506719880543 -0.4539905090430998
    outer loop
      vertex 6.070100388545366 6.298162278268011 53.362774061453365
      vertex 5.989787176876025 6.378475489937352 53.54972493617498
      vertex 6.164216645844246 7.290677693724177 53.58709252108338
    endloop
  endfacet
  facet normal -0.8715358892360092 0.18525067198803144 -0.45399050904350563
    outer loop
      vertex 5.989787176876025 6.378475489937352 53.54972493617498
      vertex 5.973394052082207 6.392927973542512 53.58709252108338
      vertex 6.164216645844246 7.290677693724177 53.58709252108338
    endloop
  endfacet
  facet normal -0.8419327489309515 0.17895833027015112 -0.5090414151171697
    outer loop
      vertex 5.973394052082207 6.392927973542512 53.58709252108338
      vertex 5.863052758441627 6.490206909521453 53.803791637015365
      vertex 6.087399102099989 7.358401468508786 53.73795439036388
    endloop
  endfacet
  facet normal -0.8976994886523603 0.19081191672088232 -0.397147882419879
    outer loop
      vertex 6.154400856794187 6.21386181001919 53.131721536111854
      vertex 6.070100388545366 6.298162278268011 53.362774061453365
      vertex 6.262624945745967 7.203919106887967 53.362774061453365
    endloop
  endfacet
  facet normal -0.8976994886523597 0.1908119167208825 -0.39714788241987986
    outer loop
      vertex 6.154400856794187 6.21386181001919 53.131721536111854
      vertex 6.262624945745967 7.203919106887967 53.362774061453365
      vertex 6.348711873679701 7.128023270662157 53.131721536111854
    endloop
  endfacet
  facet normal -0.8419327489309647 0.1789583302701564 -0.5090414151171463
    outer loop
      vertex 5.863052758441627 6.490206909521453 53.803791637015365
      vertex 6.053227309390009 7.384907827969752 53.803791637015365
      vertex 6.087399102099989 7.358401468508786 53.73795439036388
    endloop
  endfacet
  facet normal -0.841932748930946 0.17895833027015193 -0.5090414151171788
    outer loop
      vertex 5.973394052082207 6.392927973542512 53.58709252108338
      vertex 6.087399102099989 7.358401468508786 53.73795439036388
      vertex 6.164216645844246 7.290677693724177 53.58709252108338
    endloop
  endfacet
  facet normal -0.8715358892361765 0.1852506719880665 -0.45399050904317034
    outer loop
      vertex 6.070100388545366 6.298162278268011 53.362774061453365
      vertex 6.164216645844246 7.290677693724177 53.58709252108338
      vertex 6.262624945745967 7.203919106887967 53.362774061453365
    endloop
  endfacet
  facet normal -0.9203202633031585 0.19562011080296815 -0.33873792997395386
    outer loop
      vertex 6.22630295374883 6.141959713064547 52.89484681416752
      vertex 6.348711873679701 7.128023270662157 53.131721536111854
      vertex 6.422137689305645 7.063289706446893 52.89484681416752
    endloop
  endfacet
  facet normal -0.9393089643121852 0.19965628380002726 -0.2789911072094109
    outer loop
      vertex 6.285522911911577 6.0827397549018 52.653084719967865
      vertex 6.422137689305645 7.063289706446893 52.89484681416752
      vertex 6.482612611645907 7.009973890539999 52.653084719967865
    endloop
  endfacet
  facet normal -0.9545906382155468 0.20290450386148903 -0.2181432459278948
    outer loop
      vertex 6.331827017122369 6.036435649691008 52.407389389765285
      vertex 6.482612611645907 7.009973890539999 52.653084719967865
      vertex 6.529897973769305 6.968286236145384 52.407389389765285
    endloop
  endfacet
  facet normal -0.9661049829757685 0.20535195339360496 -0.15643444987220906
    outer loop
      vertex 6.331827017122369 6.036435649691008 52.407389389765285
      vertex 6.529897973769305 6.968286236145384 52.407389389765285
      vertex 6.537424861618976 6.961650391874482 52.352194083051415
    endloop
  endfacet
  facet normal -0.4979176388711103 0.10583566131329875 0.8607420273783517
    outer loop
      vertex 4.777109882338252 7.32763957064331 46.26903390367033
      vertex 4.953995044565133 8.159818830775878 46.26903390367033
      vertex 4.688484456066217 7.387869348142634 46.21036055007619
    endloop
  endfacet
  facet normal -0.5498005118864834 0.11686370641100895 0.8270805711980197
    outer loop
      vertex 4.963116965064933 7.2012292877574655 46.4105431683779
      vertex 5.142674758439893 8.045982288860811 46.4105431683779
      vertex 4.777109882338252 7.32763957064331 46.26903390367033
    endloop
  endfacet
  facet normal -0.5995135615011914 0.12743054130724266 0.7901550143600307
    outer loop
      vertex 5.140819640973139 7.080462673917629 46.564847724926494
      vertex 5.3203774343480985 7.925215675020974 46.564847724926494
      vertex 4.963116965064933 7.2012292877574655 46.4105431683779
    endloop
  endfacet
  facet normal -0.6468606183081583 0.1374944689073267 0.7501110661107989
    outer loop
      vertex 5.306599358081417 6.952091854996498 46.73133860011103
      vertex 5.489074382191756 7.8105693476538045 46.73133860011103
      vertex 5.14312095755914 7.07889870078079 46.56711894688624
    endloop
  endfacet
  facet normal -0.6468606183117545 0.1374944689098259 0.7501110661072397
    outer loop
      vertex 5.14312095755914 7.07889870078079 46.56711894688624
      vertex 5.489074382191756 7.8105693476538045 46.73133860011103
      vertex 5.140819640973139 7.080462673917629 46.564847724926494
    endloop
  endfacet
  facet normal -0.5995135615011912 0.12743054130724246 0.7901550143600309
    outer loop
      vertex 4.963116965064933 7.2012292877574655 46.4105431683779
      vertex 5.3203774343480985 7.925215675020974 46.564847724926494
      vertex 5.142674758439893 8.045982288860811 46.4105431683779
    endloop
  endfacet
  facet normal -0.6468606183082176 0.13749446890733935 0.7501110661107455
    outer loop
      vertex 5.140819640973139 7.080462673917629 46.564847724926494
      vertex 5.489074382191756 7.8105693476538045 46.73133860011103
      vertex 5.3203774343480985 7.925215675020974 46.564847724926494
    endloop
  endfacet
  facet normal -0.549800511886505 0.11686370641101342 0.8270805711980046
    outer loop
      vertex 4.777109882338252 7.32763957064331 46.26903390367033
      vertex 5.117145892049415 8.063331688544247 46.39112148260779
      vertex 4.953995044565133 8.159818830775878 46.26903390367033
    endloop
  endfacet
  facet normal -0.5498005118863679 0.11686370641093305 0.8270805711981071
    outer loop
      vertex 4.777109882338252 7.32763957064331 46.26903390367033
      vertex 5.142674758439893 8.045982288860811 46.4105431683779
      vertex 5.117145892049415 8.063331688544247 46.39112148260779
    endloop
  endfacet
  facet normal -0.6916548014803173 0.1470157664652659 0.7071067811864437
    outer loop
      vertex 5.306599358081417 6.952091854996498 46.73133860011103
      vertex 5.647490602858258 7.699629478107182 46.909358742129825
      vertex 5.613349159393119 7.726112296280749 46.87045728361471
    endloop
  endfacet
  facet normal -0.7337193396001047 0.15595686005619736 0.6613118693159816
    outer loop
      vertex 5.462836806403092 6.830901667474702 46.909358742129825
      vertex 5.793609515093076 7.586288031709777 47.09820556868317
      vertex 5.647490602858258 7.699629478107182 46.909358742129825
    endloop
  endfacet
  facet normal -0.6916548014801921 0.14701576646519138 0.7071067811865817
    outer loop
      vertex 5.306599358081417 6.952091854996498 46.73133860011103
      vertex 5.613349159393119 7.726112296280749 46.87045728361471
      vertex 5.489074382191756 7.8105693476538045 46.73133860011103
    endloop
  endfacet
  facet normal -0.7728882315040508 0.1642824650437248 0.612907051094779
    outer loop
      vertex 5.608358423891735 6.714750170230208 47.09820556868317
      vertex 5.929033236848194 7.4812426254342475 47.297133805644535
      vertex 5.793609515093076 7.586288031709777 47.09820556868317
    endloop
  endfacet
  facet normal -0.5498005118864866 0.11686370641100262 -0.8270805711980183
    outer loop
      vertex 4.963116965064933 7.2012292877574655 54.898606831622146
      vertex 4.777109882338252 7.32763957064331 55.04011609632971
      vertex 5.117145892049415 8.063331688544247 54.91802851739226
    endloop
  endfacet
  facet normal -0.6468606183081472 0.1374944689073484 -0.7501110661108045
    outer loop
      vertex 5.306599358081417 6.952091854996498 54.577811399889015
      vertex 5.14312095755914 7.07889870078079 54.742031053113806
      vertex 5.3203774343480985 7.925215675020974 54.74430227507355
    endloop
  endfacet
  facet normal -0.5995135615011916 0.12743054130724257 -0.7901550143600307
    outer loop
      vertex 5.140819640973139 7.080462673917629 54.74430227507355
      vertex 4.963116965064933 7.2012292877574655 54.898606831622146
      vertex 5.142674758439893 8.045982288860811 54.898606831622146
    endloop
  endfacet
  facet normal -0.6468606183124883 0.13749446890824712 -0.7501110661068962
    outer loop
      vertex 5.14312095755914 7.07889870078079 54.742031053113806
      vertex 5.140819640973139 7.080462673917629 54.74430227507355
      vertex 5.3203774343480985 7.925215675020974 54.74430227507355
    endloop
  endfacet
  facet normal -0.5995135615011911 0.1274305413072426 -0.790155014360031
    outer loop
      vertex 5.140819640973139 7.080462673917629 54.74430227507355
      vertex 5.142674758439893 8.045982288860811 54.898606831622146
      vertex 5.3203774343480985 7.925215675020974 54.74430227507355
    endloop
  endfacet
  facet normal -0.4979176388710018 0.1058356613132757 -0.8607420273784174
    outer loop
      vertex 4.777109882338252 7.32763957064331 55.04011609632971
      vertex 4.7571937644978055 8.276206783361 55.16827159602644
      vertex 4.953995044565133 8.159818830775878 55.04011609632971
    endloop
  endfacet
  facet normal -0.549800511886505 0.11686370641101342 -0.8270805711980046
    outer loop
      vertex 4.777109882338252 7.32763957064331 55.04011609632971
      vertex 4.953995044565133 8.159818830775878 55.04011609632971
      vertex 5.117145892049415 8.063331688544247 54.91802851739226
    endloop
  endfacet
  facet normal -0.5498005118863436 0.11686370641097926 -0.8270805711981166
    outer loop
      vertex 4.963116965064933 7.2012292877574655 54.898606831622146
      vertex 5.117145892049415 8.063331688544247 54.91802851739226
      vertex 5.142674758439893 8.045982288860811 54.898606831622146
    endloop
  endfacet
  facet normal -0.691654801480219 0.14701576646520736 -0.7071067811865521
    outer loop
      vertex 5.462836806403092 6.830901667474702 54.39979125787022
      vertex 5.306599358081417 6.952091854996498 54.577811399889015
      vertex 5.613349159393119 7.726112296280749 54.43869271638533
    endloop
  endfacet
  facet normal -0.6916548014803383 0.14701576646522221 -0.7071067811864322
    outer loop
      vertex 5.462836806403092 6.830901667474702 54.39979125787022
      vertex 5.613349159393119 7.726112296280749 54.43869271638533
      vertex 5.647490602858258 7.699629478107182 54.39979125787022
    endloop
  endfacet
  facet normal -0.6468606183082176 0.1374944689073393 -0.7501110661107455
    outer loop
      vertex 5.306599358081417 6.952091854996498 54.577811399889015
      vertex 5.3203774343480985 7.925215675020974 54.74430227507355
      vertex 5.489074382191756 7.8105693476538045 54.577811399889015
    endloop
  endfacet
  facet normal -0.6916548014801921 0.14701576646519138 -0.7071067811865817
    outer loop
      vertex 5.306599358081417 6.952091854996498 54.577811399889015
      vertex 5.489074382191756 7.8105693476538045 54.577811399889015
      vertex 5.613349159393119 7.726112296280749 54.43869271638533
    endloop
  endfacet
  facet normal -0.7337193396000977 0.15595686005621281 -0.6613118693159856
    outer loop
      vertex 5.577459910301037 6.741990874288154 54.25165020556045
      vertex 5.647490602858258 7.699629478107182 54.39979125787022
      vertex 5.793609515093076 7.586288031709777 54.210944431316875
    endloop
  endfacet
  facet normal -0.7728882315040508 0.164282465043725 -0.6129070510947789
    outer loop
      vertex 5.741213934771087 6.597622281741062 54.01201619435551
      vertex 5.793609515093076 7.586288031709777 54.210944431316875
      vertex 5.929033236848194 7.4812426254342475 54.01201619435551
    endloop
  endfacet
  facet normal 0.9995065600283588 0 0.03141076981350046
    outer loop
      vertex -4.644242696464062 7.414033851834361 18.336022451519966
      vertex -4.644242696464062 8.343005858784966 18.336022451519966
      vertex -4.6515857726335526 7.409691168693524 18.569682843983173
    endloop
  endfacet
  facet normal 0.9955619654859224 0 0.09410830397901836
    outer loop
      vertex -4.622242458164692 7.427044756495004 18.10328421741724
      vertex -4.622242458164692 8.35601676344561 18.10328421741724
      vertex -4.644242696464062 7.414033851834361 18.336022451519966
    endloop
  endfacet
  facet normal 0.9876883386270526 9.884925244234819e-16 0.15643447746623063
    outer loop
      vertex -4.5856718719005585 7.448672540921325 17.872386641800404
      vertex -4.600747587671382 8.368728794418898 17.96757095733284
      vertex -4.622242458164692 7.427044756495004 18.10328421741724
    endloop
  endfacet
  facet normal 0.9955619654859224 0 0.09410830397901836
    outer loop
      vertex -4.644242696464062 7.414033851834361 18.336022451519966
      vertex -4.622242458164692 8.35601676344561 18.10328421741724
      vertex -4.644242696464062 8.343005858784966 18.336022451519966
    endloop
  endfacet
  facet normal 0.9995065600283588 0 0.03141076981350046
    outer loop
      vertex -4.6515857726335526 7.409691168693524 18.569682843983173
      vertex -4.644242696464062 8.343005858784966 18.336022451519966
      vertex -4.6515857726335526 8.338663175644129 18.569682843983173
    endloop
  endfacet
  facet normal 0.9759167590443298 0 0.21814325434542198
    outer loop
      vertex -4.5856718719005585 7.448672540921325 17.872386641800404
      vertex -4.534675270318985 7.478831847023643 17.644240975379944
      vertex -4.534675270318985 8.402394321617017 17.644240975379944
    endloop
  endfacet
  facet normal 0.9602936865773153 0 0.27899110294012797
    outer loop
      vertex -4.469453915953636 7.51740364847135 17.419747598469257
      vertex -4.469453915953636 8.435626261516656 17.419747598469257
      vertex -4.534675270318985 7.478831847023643 17.644240975379944
    endloop
  endfacet
  facet normal 0.9876883386270539 0 0.15643447746622394
    outer loop
      vertex -4.622242458164692 7.427044756495004 18.10328421741724
      vertex -4.600747587671382 8.368728794418898 17.96757095733284
      vertex -4.622242458164692 8.35601676344561 18.10328421741724
    endloop
  endfacet
  facet normal 0.9759167590443298 0 0.21814325434542195
    outer loop
      vertex -4.5856718719005585 7.448672540921325 17.872386641800404
      vertex -4.534675270318985 8.402394321617017 17.644240975379944
      vertex -4.5856718719005585 8.376410255273477 17.872386641800404
    endloop
  endfacet
  facet normal 0.9602936865773152 0 0.27899110294012797
    outer loop
      vertex -4.534675270318985 7.478831847023643 17.644240975379944
      vertex -4.469453915953636 8.435626261516656 17.419747598469257
      vertex -4.534675270318985 8.402394321617017 17.644240975379944
    endloop
  endfacet
  facet normal 0.9876883386270512 0 0.15643447746623998
    outer loop
      vertex -4.5856718719005585 7.448672540921325 17.872386641800404
      vertex -4.5856718719005585 8.376410255273477 17.872386641800404
      vertex -4.600747587671382 8.368728794418898 17.96757095733284
    endloop
  endfacet
  facet normal 0.9408807754642173 0 0.33873790216309263
    outer loop
      vertex -4.469453915953636 7.51740364847135 17.419747598469257
      vertex -4.3902652114629745 7.5642357177565875 17.199792496860027
      vertex -4.3902652114629745 8.475974921767142 17.199792496860027
    endloop
  endfacet
  facet normal 0.917754617103453 0 0.3971479104632105
    outer loop
      vertex -4.3902652114629745 7.5642357177565875 17.199792496860027
      vertex -4.2974216639995575 7.619143238664531 16.98524373024702
      vertex -4.2974216639995575 8.523281072021097 16.98524373024702
    endloop
  endfacet
  facet normal 0.8910065277005346 0 0.4539904928465314
    outer loop
      vertex -4.215344648390009 7.667683450383806 16.82415851407046
      vertex -4.2974216639995575 8.523281072021097 16.98524373024702
      vertex -4.2974216639995575 7.619143238664531 16.98524373024702
    endloop
  endfacet
  facet normal 0.891006527700491 0 0.4539904928466169
    outer loop
      vertex -4.191289700567722 7.6799400584855215 16.776948019862175
      vertex -4.191289700567722 8.57735800839443 16.776948019862175
      vertex -4.215344648390009 7.667683450383806 16.82415851407046
    endloop
  endfacet
  facet normal 0.9408807754642174 0 0.33873790216309263
    outer loop
      vertex -4.469453915953636 7.51740364847135 17.419747598469257
      vertex -4.3902652114629745 8.475974921767142 17.199792496860027
      vertex -4.469453915953636 8.435626261516656 17.419747598469257
    endloop
  endfacet
  facet normal 0.9177546171034531 0 0.3971479104632105
    outer loop
      vertex -4.3902652114629745 7.5642357177565875 17.199792496860027
      vertex -4.2974216639995575 8.523281072021097 16.98524373024702
      vertex -4.3902652114629745 8.475974921767142 17.199792496860027
    endloop
  endfacet
  facet normal 0.8910065277005252 -4.380332004524674e-15 0.4539904928465499
    outer loop
      vertex -4.215344648390009 7.667683450383806 16.82415851407046
      vertex -4.191289700567722 8.57735800839443 16.776948019862175
      vertex -4.2974216639995575 8.523281072021097 16.98524373024702
    endloop
  endfacet
  facet normal 0.8607420251583005 0 0.5090414188711835
    outer loop
      vertex -4.072288163006306 7.740574370402031 16.57572741061449
      vertex -4.072288163006306 8.63799232031094 16.57572741061449
      vertex -4.191289700567722 7.6799400584855215 16.776948019862175
    endloop
  endfacet
  facet normal 0.8270805854593174 0 0.5620833613942622
    outer loop
      vertex -4.072288163006306 7.740574370402031 16.57572741061449
      vertex -3.9408867061138153 7.8075267567894 16.38237603008747
      vertex -3.9408867061138153 8.695322895247246 16.38237603008747
    endloop
  endfacet
  facet normal 0.8607420251583005 0 0.5090414188711836
    outer loop
      vertex -4.191289700567722 7.6799400584855215 16.776948019862175
      vertex -4.072288163006306 8.63799232031094 16.57572741061449
      vertex -4.191289700567722 8.57735800839443 16.776948019862175
    endloop
  endfacet
  facet normal 0.7901550074054359 0 0.6129070600605899
    outer loop
      vertex -3.7976039052009583 7.880532990329344 16.197656959295273
      vertex -3.7976039052009583 8.757326899971684 16.197656959295273
      vertex -3.9408867061138153 7.8075267567894 16.38237603008747
    endloop
  endfacet
  facet normal 0.7501110656358158 -3.848232838659549e-15 0.6613118698546859
    outer loop
      vertex -3.7976039052009583 7.880532990329344 16.197656959295273
      vertex -3.725568801194386 7.917236709077671 16.115949173464315
      vertex -3.6430052295327187 8.824227720973607 16.02229918539524
    endloop
  endfacet
  facet normal 0.7501110656357972 0 0.6613118698547069
    outer loop
      vertex -3.6430052295327187 7.952965156977639 16.02229918539524
      vertex -3.6430052295327187 8.824227720973607 16.02229918539524
      vertex -3.725568801194386 7.917236709077671 16.115949173464315
    endloop
  endfacet
  facet normal 0.8270805854593174 0 0.5620833613942622
    outer loop
      vertex -4.072288163006306 7.740574370402031 16.57572741061449
      vertex -3.9408867061138153 8.695322895247246 16.38237603008747
      vertex -4.072288163006306 8.63799232031094 16.57572741061449
    endloop
  endfacet
  facet normal 0.7901550074054359 0 0.6129070600605898
    outer loop
      vertex -3.9408867061138153 7.8075267567894 16.38237603008747
      vertex -3.7976039052009583 8.757326899971684 16.197656959295273
      vertex -3.9408867061138153 8.695322895247246 16.38237603008747
    endloop
  endfacet
  facet normal 0.8270805854579885 9.63981412808377e-12 0.5620833613962176
    outer loop
      vertex -4.0661922344464445 8.641098351050488 16.566757523746276
      vertex -4.072288163006306 8.63799232031094 16.57572741061449
      vertex -3.9408867061138153 8.695322895247246 16.38237603008747
    endloop
  endfacet
  facet normal 0.7501110656358053 0 0.6613118698546975
    outer loop
      vertex -3.7976039052009583 7.880532990329344 16.197656959295273
      vertex -3.6430052295327187 8.824227720973607 16.02229918539524
      vertex -3.7976039052009583 8.757326899971684 16.197656959295273
    endloop
  endfacet
  facet normal 0.7071067811865352 0 0.7071067811865598
    outer loop
      vertex -3.6430052295327187 7.952965156977639 16.02229918539524
      vertex -3.5155894781386747 8.879365440232801 15.894883434001201
      vertex -3.6430052295327187 8.824227720973607 16.02229918539524
    endloop
  endfacet
  facet normal 0.7071067811865483 -3.602650386037324e-15 0.7071067811865468
    outer loop
      vertex -3.477700814604759 8.024498765051069 15.856994770467281
      vertex -3.5155894781386747 8.879365440232801 15.894883434001201
      vertex -3.6430052295327187 7.952965156977639 16.02229918539524
    endloop
  endfacet
  facet normal 0.7071067811865889 0 0.7071067811865059
    outer loop
      vertex -3.477700814604759 8.024498765051069 15.856994770467281
      vertex -3.477700814604759 8.893006198456202 15.856994770467281
      vertex -3.5155894781386747 8.879365440232801 15.894883434001201
    endloop
  endfacet
  facet normal 0.6613118698546976 0 0.7501110656358054
    outer loop
      vertex -3.477700814604759 8.024498765051069 15.856994770467281
      vertex -3.302343040704727 8.1003828500361 15.702396094799042
      vertex -3.302343040704727 8.95613888177777 15.702396094799042
    endloop
  endfacet
  facet normal 0.6613118698546976 0 0.7501110656358053
    outer loop
      vertex -3.477700814604759 8.024498765051069 15.856994770467281
      vertex -3.302343040704727 8.95613888177777 15.702396094799042
      vertex -3.477700814604759 8.893006198456202 15.856994770467281
    endloop
  endfacet
  facet normal 0.6129070600605389 1.6382351080085482e-14 0.7901550074054756
    outer loop
      vertex -3.221089835990932 8.1355442515222 15.63936964764008
      vertex -3.117623969912529 9.022641839362224 15.559113293886185
      vertex -3.302343040704727 8.1003828500361 15.702396094799042
    endloop
  endfacet
  facet normal 0.6129070600606266 0 0.7901550074054076
    outer loop
      vertex -3.117623969912529 8.172794255399664 15.559113293886185
      vertex -3.117623969912529 9.022641839362224 15.559113293886185
      vertex -3.221089835990932 8.1355442515222 15.63936964764008
    endloop
  endfacet
  facet normal 0.5620833613942627 -2.294206393149243e-15 0.8270805854593171
    outer loop
      vertex -2.9242725893855095 8.242405035721038 15.427711836993694
      vertex -2.9511122962807477 9.082589730618716 15.44595208218351
      vertex -3.117623969912529 8.172794255399664 15.559113293886185
    endloop
  endfacet
  facet normal 0.6129070600605899 0 0.790155007405436
    outer loop
      vertex -3.302343040704727 8.1003828500361 15.702396094799042
      vertex -3.117623969912529 9.022641839362224 15.559113293886185
      vertex -3.302343040704727 8.95613888177777 15.702396094799042
    endloop
  endfacet
  facet normal 0.5620833613942542 0 0.8270805854593228
    outer loop
      vertex -3.117623969912529 8.172794255399664 15.559113293886185
      vertex -2.9511122962807477 9.082589730618716 15.44595208218351
      vertex -3.117623969912529 9.022641839362224 15.559113293886185
    endloop
  endfacet
  facet normal 0.5090414188711836 0 0.8607420251583005
    outer loop
      vertex -2.723051980137825 8.314848912709628 15.308710299432278
      vertex -2.723051980137825 9.148847377413007 15.308710299432278
      vertex -2.9242725893855095 8.242405035721038 15.427711836993694
    endloop
  endfacet
  facet normal 0.4539904928461396 0 0.8910065277007342
    outer loop
      vertex -2.723051980137825 8.314848912709628 15.308710299432278
      vertex -2.7038987007807895 8.321744517582593 15.298951216345245
      vertex -2.723051980137825 9.148847377413007 15.308710299432278
    endloop
  endfacet
  facet normal 0.5620833613943119 0 0.8270805854592838
    outer loop
      vertex -2.9242725893855095 8.242405035721038 15.427711836993694
      vertex -2.9242725893855095 9.090387386298596 15.427711836993694
      vertex -2.9511122962807477 9.082589730618716 15.44595208218351
    endloop
  endfacet
  facet normal 0.5090414188711835 0 0.8607420251583005
    outer loop
      vertex -2.9242725893855095 8.242405035721038 15.427711836993694
      vertex -2.723051980137825 9.148847377413007 15.308710299432278
      vertex -2.9242725893855095 9.090387386298596 15.427711836993694
    endloop
  endfacet
  facet normal 0.45399049284659243 0 0.8910065277005036
    outer loop
      vertex -2.7038987007807895 8.321744517582593 15.298951216345245
      vertex -2.5147562697529793 8.376695473543736 15.202578336000443
      vertex -2.5147562697529793 9.209362875421858 15.202578336000443
    endloop
  endfacet
  facet normal 0.4539904928465481 1.1914907081594059e-14 0.8910065277005261
    outer loop
      vertex -2.7038987007807895 8.321744517582593 15.298951216345245
      vertex -2.5147562697529793 9.209362875421858 15.202578336000443
      vertex -2.723051980137825 9.148847377413007 15.308710299432278
    endloop
  endfacet
  facet normal 0.39714791046321274 -9.419638502327748e-15 0.9177546171034521
    outer loop
      vertex -2.3002075031399727 8.439027652323523 15.109734788537025
      vertex -2.3749884224243636 9.249969188778428 15.1420953839324
      vertex -2.5147562697529793 8.376695473543736 15.202578336000443
    endloop
  endfacet
  facet normal 0.3971479104631632 0 0.9177546171034736
    outer loop
      vertex -2.3749884224243636 9.249969188778428 15.1420953839324
      vertex -2.5147562697529793 9.209362875421858 15.202578336000443
      vertex -2.5147562697529793 8.376695473543736 15.202578336000443
    endloop
  endfacet
  facet normal 1 0 0
    outer loop
      vertex -4.6515857726335526 7.409691168693524 18.569682843983173
      vertex -4.6515857726335526 8.338663175644129 18.569682843983173
      vertex -4.6515857726335526 7.409691168693524 20.430317156016827
    endloop
  endfacet
  facet normal 0.9995065600283588 0 -0.03141076981350046
    outer loop
      vertex -4.6515857726335526 7.409691168693524 20.430317156016827
      vertex -4.6515857726335526 8.338663175644129 20.430317156016827
      vertex -4.644242696464062 7.414033851834361 20.663977548480034
    endloop
  endfacet
  facet normal 0.9955619654859221 0 -0.09410830397901836
    outer loop
      vertex -4.622242458164692 7.427044756495004 20.89671578258276
      vertex -4.644242696464062 7.414033851834361 20.663977548480034
      vertex -4.644242696464062 8.343005858784966 20.663977548480034
    endloop
  endfacet
  facet normal 0.9876883386270526 0 -0.15643447746623054
    outer loop
      vertex -4.5856718719005585 7.448672540921325 21.127613358199596
      vertex -4.622242458164692 7.427044756495004 20.89671578258276
      vertex -4.622242458164692 8.35601676344561 20.89671578258276
    endloop
  endfacet
  facet normal 1 0 0
    outer loop
      vertex -4.6515857726335526 7.409691168693524 20.430317156016827
      vertex -4.6515857726335526 8.338663175644129 18.569682843983173
      vertex -4.6515857726335526 8.338663175644129 20.430317156016827
    endloop
  endfacet
  facet normal 0.9995065600283588 0 -0.03141076981350046
    outer loop
      vertex -4.644242696464062 7.414033851834361 20.663977548480034
      vertex -4.6515857726335526 8.338663175644129 20.430317156016827
      vertex -4.644242696464062 8.343005858784966 20.663977548480034
    endloop
  endfacet
  facet normal 0.9955619654859224 0 -0.09410830397901836
    outer loop
      vertex -4.622242458164692 7.427044756495004 20.89671578258276
      vertex -4.644242696464062 8.343005858784966 20.663977548480034
      vertex -4.622242458164692 8.35601676344561 20.89671578258276
    endloop
  endfacet
  facet normal 0.9759167590443298 0 -0.21814325434542195
    outer loop
      vertex -4.5856718719005585 7.448672540921325 21.127613358199596
      vertex -4.5856718719005585 8.376410255273477 21.127613358199596
      vertex -4.534675270318985 7.478831847023643 21.355759024620056
    endloop
  endfacet
  facet normal 0.9876883386270537 1.6817850169011082e-15 -0.15643447746622413
    outer loop
      vertex -4.5856718719005585 7.448672540921325 21.127613358199596
      vertex -4.622242458164692 8.35601676344561 20.89671578258276
      vertex -4.600747587671382 8.368728794418898 21.03242904266716
    endloop
  endfacet
  facet normal 0.9602936865773152 0 -0.27899110294012797
    outer loop
      vertex -4.469453915953636 7.51740364847135 21.580252401530743
      vertex -4.534675270318985 7.478831847023643 21.355759024620056
      vertex -4.534675270318985 8.402394321617017 21.355759024620056
    endloop
  endfacet
  facet normal 0.9876883386270512 0 -0.15643447746623998
    outer loop
      vertex -4.5856718719005585 7.448672540921325 21.127613358199596
      vertex -4.600747587671382 8.368728794418898 21.03242904266716
      vertex -4.5856718719005585 8.376410255273477 21.127613358199596
    endloop
  endfacet
  facet normal 0.9759167590443298 0 -0.21814325434542195
    outer loop
      vertex -4.534675270318985 7.478831847023643 21.355759024620056
      vertex -4.5856718719005585 8.376410255273477 21.127613358199596
      vertex -4.534675270318985 8.402394321617017 21.355759024620056
    endloop
  endfacet
  facet normal 0.9602936865773153 0 -0.27899110294012797
    outer loop
      vertex -4.469453915953636 7.51740364847135 21.580252401530743
      vertex -4.534675270318985 8.402394321617017 21.355759024620056
      vertex -4.469453915953636 8.435626261516656 21.580252401530743
    endloop
  endfacet
  facet normal 0.9408807754642174 0 -0.33873790216309263
    outer loop
      vertex -4.469453915953636 7.51740364847135 21.580252401530743
      vertex -4.469453915953636 8.435626261516656 21.580252401530743
      vertex -4.3902652114629745 7.5642357177565875 21.800207503139973
    endloop
  endfacet
  facet normal 0.9177546171034531 0 -0.3971479104632105
    outer loop
      vertex -4.3902652114629745 7.5642357177565875 21.800207503139973
      vertex -4.3902652114629745 8.475974921767142 21.800207503139973
      vertex -4.2974216639995575 7.619143238664531 22.01475626975298
    endloop
  endfacet
  facet normal 0.8910065277005346 0 -0.4539904928465314
    outer loop
      vertex -4.215344648390009 7.667683450383806 22.17584148592954
      vertex -4.2974216639995575 7.619143238664531 22.01475626975298
      vertex -4.2974216639995575 8.523281072021097 22.01475626975298
    endloop
  endfacet
  facet normal 0.891006527700493 -1.9335424558357058e-14 -0.4539904928466129
    outer loop
      vertex -4.191289700567722 7.6799400584855215 22.223051980137825
      vertex -4.215344648390009 7.667683450383806 22.17584148592954
      vertex -4.2974216639995575 8.523281072021097 22.01475626975298
    endloop
  endfacet
  facet normal 0.9408807754642173 0 -0.3387379021630926
    outer loop
      vertex -4.3902652114629745 7.5642357177565875 21.800207503139973
      vertex -4.469453915953636 8.435626261516656 21.580252401530743
      vertex -4.3902652114629745 8.475974921767142 21.800207503139973
    endloop
  endfacet
  facet normal 0.917754617103453 0 -0.3971479104632105
    outer loop
      vertex -4.2974216639995575 7.619143238664531 22.01475626975298
      vertex -4.3902652114629745 8.475974921767142 21.800207503139973
      vertex -4.2974216639995575 8.523281072021097 22.01475626975298
    endloop
  endfacet
  facet normal 0.8910065277005248 0 -0.45399049284655085
    outer loop
      vertex -4.191289700567722 7.6799400584855215 22.223051980137825
      vertex -4.2974216639995575 8.523281072021097 22.01475626975298
      vertex -4.191289700567722 8.57735800839443 22.223051980137825
    endloop
  endfacet
  facet normal 0.8607420251583005 0 -0.5090414188711836
    outer loop
      vertex -4.072288163006306 7.740574370402031 22.42427258938551
      vertex -4.191289700567722 7.6799400584855215 22.223051980137825
      vertex -4.191289700567722 8.57735800839443 22.223051980137825
    endloop
  endfacet
  facet normal 0.8607420251583005 0 -0.5090414188711835
    outer loop
      vertex -4.072288163006306 7.740574370402031 22.42427258938551
      vertex -4.191289700567722 8.57735800839443 22.223051980137825
      vertex -4.072288163006306 8.63799232031094 22.42427258938551
    endloop
  endfacet
  facet normal 0.8270805854593174 0 -0.5620833613942622
    outer loop
      vertex -4.072288163006306 7.740574370402031 22.42427258938551
      vertex -4.072288163006306 8.63799232031094 22.42427258938551
      vertex -3.9408867061138153 7.8075267567894 22.61762396991253
    endloop
  endfacet
  facet normal 0.7901550074054359 0 -0.6129070600605898
    outer loop
      vertex -3.7976039052009583 7.880532990329344 22.802343040704727
      vertex -3.9408867061138153 7.8075267567894 22.61762396991253
      vertex -3.9408867061138153 8.695322895247246 22.61762396991253
    endloop
  endfacet
  facet normal 0.7501110656358148 0 -0.6613118698546867
    outer loop
      vertex -3.7976039052009583 7.880532990329344 22.802343040704727
      vertex -3.7976039052009583 8.757326899971684 22.802343040704727
      vertex -3.725568801194386 7.917236709077671 22.884050826535685
    endloop
  endfacet
  facet normal 0.7501110656357979 -3.3330769013931318e-15 -0.6613118698547061
    outer loop
      vertex -3.6430052295327187 7.952965156977639 22.97770081460476
      vertex -3.725568801194386 7.917236709077671 22.884050826535685
      vertex -3.7976039052009583 8.757326899971684 22.802343040704727
    endloop
  endfacet
  facet normal 0.7071067811865475 0 -0.7071067811865475
    outer loop
      vertex -3.477700814604759 8.024498765051069 23.14300522953272
      vertex -3.6430052295327187 7.952965156977639 22.97770081460476
      vertex -3.6430052295327187 8.824227720973607 22.97770081460476
    endloop
  endfacet
  facet normal 0.8270805854595237 1.0337710320926406e-13 -0.5620833613939586
    outer loop
      vertex -3.9408867061138153 7.8075267567894 22.61762396991253
      vertex -4.072288163006306 8.63799232031094 22.42427258938551
      vertex -4.0661922344464445 8.641098351050488 22.433242476253724
    endloop
  endfacet
  facet normal 0.8270805854593065 0 -0.5620833613942781
    outer loop
      vertex -3.9408867061138153 7.8075267567894 22.61762396991253
      vertex -4.0661922344464445 8.641098351050488 22.433242476253724
      vertex -3.9408867061138153 8.695322895247246 22.61762396991253
    endloop
  endfacet
  facet normal 0.7901550074054359 0 -0.6129070600605899
    outer loop
      vertex -3.7976039052009583 7.880532990329344 22.802343040704727
      vertex -3.9408867061138153 8.695322895247246 22.61762396991253
      vertex -3.7976039052009583 8.757326899971684 22.802343040704727
    endloop
  endfacet
  facet normal 0.7501110656358055 0 -0.6613118698546975
    outer loop
      vertex -3.6430052295327187 7.952965156977639 22.97770081460476
      vertex -3.7976039052009583 8.757326899971684 22.802343040704727
      vertex -3.6430052295327187 8.824227720973607 22.97770081460476
    endloop
  endfacet
  facet normal 0.6613118698546976 0 -0.7501110656358053
    outer loop
      vertex -3.477700814604759 8.024498765051069 23.14300522953272
      vertex -3.477700814604759 8.893006198456202 23.14300522953272
      vertex -3.302343040704727 8.1003828500361 23.29760390520096
    endloop
  endfacet
  facet normal 0.7071067811866086 2.524813413756162e-14 -0.7071067811864864
    outer loop
      vertex -3.477700814604759 8.024498765051069 23.14300522953272
      vertex -3.6430052295327187 8.824227720973607 22.97770081460476
      vertex -3.5155894781386747 8.879365440232801 23.105116565998827
    endloop
  endfacet
  facet normal 0.7071067811863238 0 -0.7071067811867713
    outer loop
      vertex -3.477700814604759 8.024498765051069 23.14300522953272
      vertex -3.5155894781386747 8.879365440232801 23.105116565998827
      vertex -3.477700814604759 8.893006198456202 23.14300522953272
    endloop
  endfacet
  facet normal 0.6613118698546976 0 -0.7501110656358054
    outer loop
      vertex -3.302343040704727 8.1003828500361 23.29760390520096
      vertex -3.477700814604759 8.893006198456202 23.14300522953272
      vertex -3.302343040704727 8.95613888177777 23.29760390520096
    endloop
  endfacet
  facet normal 0.6129070600605433 0 -0.7901550074054721
    outer loop
      vertex -3.221089835990932 8.1355442515222 23.36063035235992
      vertex -3.302343040704727 8.1003828500361 23.29760390520096
      vertex -3.302343040704727 8.95613888177777 23.29760390520096
    endloop
  endfacet
  facet normal 0.6129070600606237 1.2751395456588359e-14 -0.7901550074054097
    outer loop
      vertex -3.221089835990932 8.1355442515222 23.36063035235992
      vertex -3.302343040704727 8.95613888177777 23.29760390520096
      vertex -3.117623969912529 8.172794255399664 23.440886706113815
    endloop
  endfacet
  facet normal 0.5620833613942621 0 -0.8270805854593174
    outer loop
      vertex -2.9242725893855095 8.242405035721038 23.572288163006306
      vertex -3.117623969912529 8.172794255399664 23.440886706113815
      vertex -3.117623969912529 9.022641839362224 23.440886706113815
    endloop
  endfacet
  facet normal 0.6129070600605899 0 -0.7901550074054359
    outer loop
      vertex -3.117623969912529 8.172794255399664 23.440886706113815
      vertex -3.302343040704727 8.95613888177777 23.29760390520096
      vertex -3.117623969912529 9.022641839362224 23.440886706113815
    endloop
  endfacet
  facet normal 0.5620833613942549 -2.6640052535311104e-15 -0.8270805854593225
    outer loop
      vertex -2.9242725893855095 8.242405035721038 23.572288163006306
      vertex -3.117623969912529 9.022641839362224 23.440886706113815
      vertex -2.9511122962807477 9.082589730618716 23.55404791781649
    endloop
  endfacet
  facet normal 0.5090414188711836 0 -0.8607420251583005
    outer loop
      vertex -2.723051980137825 8.314848912709628 23.691289700567722
      vertex -2.9242725893855095 8.242405035721038 23.572288163006306
      vertex -2.9242725893855095 9.090387386298596 23.572288163006306
    endloop
  endfacet
  facet normal 0.4539904928461396 0 -0.8910065277007342
    outer loop
      vertex -2.723051980137825 8.314848912709628 23.691289700567722
      vertex -2.723051980137825 9.148847377413007 23.691289700567722
      vertex -2.7038987007807895 8.321744517582593 23.701048783654755
    endloop
  endfacet
  facet normal 0.5620833613943119 0 -0.8270805854592838
    outer loop
      vertex -2.9242725893855095 8.242405035721038 23.572288163006306
      vertex -2.9511122962807477 9.082589730618716 23.55404791781649
      vertex -2.9242725893855095 9.090387386298596 23.572288163006306
    endloop
  endfacet
  facet normal 0.5090414188711836 0 -0.8607420251583005
    outer loop
      vertex -2.723051980137825 8.314848912709628 23.691289700567722
      vertex -2.9242725893855095 9.090387386298596 23.572288163006306
      vertex -2.723051980137825 9.148847377413007 23.691289700567722
    endloop
  endfacet
  facet normal 0.45399049284658943 1.312145572647892e-14 -0.8910065277005051
    outer loop
      vertex -2.7038987007807895 8.321744517582593 23.701048783654755
      vertex -2.723051980137825 9.148847377413007 23.691289700567722
      vertex -2.5147562697529793 8.376695473543736 23.797421663999557
    endloop
  endfacet
  facet normal 0.45399049284655085 0 -0.8910065277005248
    outer loop
      vertex -2.5147562697529793 8.376695473543736 23.797421663999557
      vertex -2.723051980137825 9.148847377413007 23.691289700567722
      vertex -2.5147562697529793 9.209362875421858 23.797421663999557
    endloop
  endfacet
  facet normal 0.39714791046321046 0 -0.9177546171034531
    outer loop
      vertex -2.3002075031399727 8.439027652323523 23.890265211462975
      vertex -2.5147562697529793 8.376695473543736 23.797421663999557
      vertex -2.5147562697529793 9.209362875421858 23.797421663999557
    endloop
  endfacet
  facet normal 0.3971479104631668 -1.4459490227843574e-14 -0.917754617103472
    outer loop
      vertex -2.3002075031399727 8.439027652323523 23.890265211462975
      vertex -2.5147562697529793 9.209362875421858 23.797421663999557
      vertex -2.3749884224243636 9.249969188778428 23.8579046160676
    endloop
  endfacet
  facet normal 0.33873790216309596 -9.45916442368487e-16 0.9408807754642162
    outer loop
      vertex -2.1760365126924794 8.475102659875521 15.065030483899761
      vertex -2.0802524015307426 9.31585049491188 15.030546084046364
      vertex -2.3002075031399727 8.439027652323523 15.109734788537025
    endloop
  endfacet
  facet normal 0.3387379021630885 0 0.9408807754642189
    outer loop
      vertex -2.0802524015307426 8.496512945360934 15.030546084046364
      vertex -2.0802524015307426 9.31585049491188 15.030546084046364
      vertex -2.1760365126924794 8.475102659875521 15.065030483899761
    endloop
  endfacet
  facet normal 0.27899110294012797 0 0.9602936865773153
    outer loop
      vertex -2.0802524015307426 8.496512945360934 15.030546084046364
      vertex -1.8557590246200562 8.546693160335485 14.965324729681015
      vertex -1.8557590246200562 9.366030709886429 14.965324729681015
    endloop
  endfacet
  facet normal 0.39714791046329884 0 0.9177546171034148
    outer loop
      vertex -2.3002075031399727 8.439027652323523 15.109734788537025
      vertex -2.3002075031399727 9.266684704653883 15.109734788537025
      vertex -2.3749884224243636 9.249969188778428 15.1420953839324
    endloop
  endfacet
  facet normal 0.3387379021630926 0 0.9408807754642174
    outer loop
      vertex -2.3002075031399727 8.439027652323523 15.109734788537025
      vertex -2.0802524015307426 9.31585049491188 15.030546084046364
      vertex -2.3002075031399727 9.266684704653883 15.109734788537025
    endloop
  endfacet
  facet normal 0.27899110294012797 0 0.9602936865773152
    outer loop
      vertex -2.0802524015307426 8.496512945360934 15.030546084046364
      vertex -1.8557590246200562 9.366030709886429 14.965324729681015
      vertex -2.0802524015307426 9.31585049491188 15.030546084046364
    endloop
  endfacet
  facet normal 0.2181432543452937 0 0.9759167590443586
    outer loop
      vertex -1.8557590246200562 8.546693160335485 14.965324729681015
      vertex -1.7894915542936702 9.380843244458978 14.95051219418528
      vertex -1.8557590246200562 9.366030709886429 14.965324729681015
    endloop
  endfacet
  facet normal 0.21814325434544835 -1.2903676077503432e-14 0.975916759044324
    outer loop
      vertex -1.6395865026250904 8.595013443876026 14.917004443128889
      vertex -1.7894915542936702 9.380843244458978 14.95051219418528
      vertex -1.8557590246200562 8.546693160335485 14.965324729681015
    endloop
  endfacet
  facet normal 0.21814325434499454 0 0.9759167590444254
    outer loop
      vertex -1.6276133581995964 8.596909803654782 14.914328128099442
      vertex -1.6276133581995964 9.406482231948083 14.914328128099442
      vertex -1.6395865026250904 8.595013443876026 14.917004443128889
    endloop
  endfacet
  facet normal 0.15643447746623057 0 0.9876883386270527
    outer loop
      vertex -1.3967157825827599 8.633480386941148 14.877757541835308
      vertex -1.3967157825827599 9.443052815234449 14.877757541835308
      vertex -1.6276133581995964 8.596909803654782 14.914328128099442
    endloop
  endfacet
  facet normal 0.09410830397901987 -9.592687080956761e-15 0.9955619654859221
    outer loop
      vertex -1.1639775484800339 8.67034250189163 14.855757303535938
      vertex -1.1969323805391057 9.474695397553264 14.858872452025452
      vertex -1.3967157825827599 8.633480386941148 14.877757541835308
    endloop
  endfacet
  facet normal 0.2181432543454756 -7.451730817578842e-15 0.975916759044318
    outer loop
      vertex -1.6395865026250904 8.595013443876026 14.917004443128889
      vertex -1.6276133581995964 9.406482231948083 14.914328128099442
      vertex -1.7894915542936702 9.380843244458978 14.95051219418528
    endloop
  endfacet
  facet normal 0.15643447746623057 0 0.9876883386270527
    outer loop
      vertex -1.6276133581995964 8.596909803654782 14.914328128099442
      vertex -1.3967157825827599 9.443052815234449 14.877757541835308
      vertex -1.6276133581995964 9.406482231948083 14.914328128099442
    endloop
  endfacet
  facet normal 0.09410830397897983 0 0.9955619654859259
    outer loop
      vertex -1.3967157825827599 8.633480386941148 14.877757541835308
      vertex -1.1969323805391057 9.474695397553264 14.858872452025452
      vertex -1.3967157825827599 9.443052815234449 14.877757541835308
    endloop
  endfacet
  facet normal 0.03141076981330616 0 0.9995065600283649
    outer loop
      vertex -1.0966657936876623 8.681003636501682 14.853641945698314
      vertex -1.1639775484800339 9.477810546354686 14.855757303535938
      vertex -1.1639775484800339 8.67034250189163 14.855757303535938
    endloop
  endfacet
  facet normal 0.09410830397925193 0 0.9955619654859003
    outer loop
      vertex -1.1639775484800339 8.67034250189163 14.855757303535938
      vertex -1.1639775484800339 9.477810546354686 14.855757303535938
      vertex -1.1969323805391057 9.474695397553264 14.858872452025452
    endloop
  endfacet
  facet normal 0.031410769813498926 1.6300715448529926e-14 0.9995065600283588
    outer loop
      vertex -1.0966657936876623 8.681003636501682 14.853641945698314
      vertex -0.9303171560168266 9.499897956486732 14.848414227366447
      vertex -1.1639775484800339 9.477810546354686 14.855757303535938
    endloop
  endfacet
  facet normal 0.03141076981357909 0 0.9995065600283564
    outer loop
      vertex -0.9303171560168266 8.696728212440334 14.848414227366447
      vertex -0.9303171560168266 9.499897956486732 14.848414227366447
      vertex -1.0966657936876623 8.681003636501682 14.853641945698314
    endloop
  endfacet
  facet normal 0 0 1
    outer loop
      vertex -0.9303171560168266 8.696728212440334 14.848414227366447
      vertex -0.5996494615049428 9.531155256489994 14.848414227366447
      vertex -0.9303171560168266 9.499897956486732 14.848414227366447
    endloop
  endfacet
  facet normal 0 0 1
    outer loop
      vertex -0.549417045881492 8.732733873747376 14.848414227366447
      vertex -0.5996494615049428 9.531155256489994 14.848414227366447
      vertex -0.9303171560168266 8.696728212440334 14.848414227366447
    endloop
  endfacet
  facet normal 0 0 1
    outer loop
      vertex -0.549417045881492 8.732733873747376 14.848414227366447
      vertex 0 9.55 14.848414227366447
      vertex -0.5996494615049428 9.531155256489994 14.848414227366447
    endloop
  endfacet
  facet normal 0 0 1
    outer loop
      vertex 0 8.75 14.848414227366447
      vertex 0 9.55 14.848414227366447
      vertex -0.549417045881492 8.732733873747376 14.848414227366447
    endloop
  endfacet
  facet normal 0.33873790216309574 0 -0.9408807754642163
    outer loop
      vertex -2.1760365126924794 8.475102659875521 23.93496951610024
      vertex -2.3002075031399727 8.439027652323523 23.890265211462975
      vertex -2.3002075031399727 9.266684704653883 23.890265211462975
    endloop
  endfacet
  facet normal 0.33873790216308886 -1.2270451132620455e-15 -0.9408807754642187
    outer loop
      vertex -2.0802524015307426 8.496512945360934 23.969453915953636
      vertex -2.1760365126924794 8.475102659875521 23.93496951610024
      vertex -2.3002075031399727 9.266684704653883 23.890265211462975
    endloop
  endfacet
  facet normal 0.27899110294012797 0 -0.9602936865773152
    outer loop
      vertex -2.0802524015307426 8.496512945360934 23.969453915953636
      vertex -2.0802524015307426 9.31585049491188 23.969453915953636
      vertex -1.8557590246200562 8.546693160335485 24.034675270318985
    endloop
  endfacet
  facet normal 0.39714791046329884 0 -0.9177546171034148
    outer loop
      vertex -2.3002075031399727 8.439027652323523 23.890265211462975
      vertex -2.3749884224243636 9.249969188778428 23.8579046160676
      vertex -2.3002075031399727 9.266684704653883 23.890265211462975
    endloop
  endfacet
  facet normal 0.33873790216309263 0 -0.9408807754642174
    outer loop
      vertex -2.0802524015307426 8.496512945360934 23.969453915953636
      vertex -2.3002075031399727 9.266684704653883 23.890265211462975
      vertex -2.0802524015307426 9.31585049491188 23.969453915953636
    endloop
  endfacet
  facet normal 0.278991102940128 0 -0.9602936865773153
    outer loop
      vertex -1.8557590246200562 8.546693160335485 24.034675270318985
      vertex -2.0802524015307426 9.31585049491188 23.969453915953636
      vertex -1.8557590246200562 9.366030709886429 24.034675270318985
    endloop
  endfacet
  facet normal 0.21814325434544563 0 -0.9759167590443245
    outer loop
      vertex -1.6395865026250904 8.595013443876026 24.08299555687111
      vertex -1.8557590246200562 8.546693160335485 24.034675270318985
      vertex -1.8557590246200562 9.366030709886429 24.034675270318985
    endloop
  endfacet
  facet normal 0.21814325434500975 -1.0074819944207276e-13 -0.975916759044422
    outer loop
      vertex -1.6276133581995964 8.596909803654782 24.08567187190056
      vertex -1.6395865026250904 8.595013443876026 24.08299555687111
      vertex -1.7894915542936702 9.380843244458978 24.04948780581472
    endloop
  endfacet
  facet normal 0.15643447746623057 0 -0.9876883386270527
    outer loop
      vertex -1.3967157825827599 8.633480386941148 24.122242458164692
      vertex -1.6276133581995964 8.596909803654782 24.08567187190056
      vertex -1.6276133581995964 9.406482231948083 24.08567187190056
    endloop
  endfacet
  facet normal 0.09410830397901836 0 -0.9955619654859222
    outer loop
      vertex -1.1639775484800339 8.67034250189163 24.14424269646406
      vertex -1.3967157825827599 8.633480386941148 24.122242458164692
      vertex -1.3967157825827599 9.443052815234449 24.122242458164692
    endloop
  endfacet
  facet normal 0.21814325434530266 -4.2093355713465924e-14 -0.9759167590443566
    outer loop
      vertex -1.6395865026250904 8.595013443876026 24.08299555687111
      vertex -1.8557590246200562 9.366030709886429 24.034675270318985
      vertex -1.7894915542936702 9.380843244458978 24.04948780581472
    endloop
  endfacet
  facet normal 0.2181432543454745 0 -0.9759167590443181
    outer loop
      vertex -1.6276133581995964 8.596909803654782 24.08567187190056
      vertex -1.7894915542936702 9.380843244458978 24.04948780581472
      vertex -1.6276133581995964 9.406482231948083 24.08567187190056
    endloop
  endfacet
  facet normal 0.15643447746623057 0 -0.9876883386270527
    outer loop
      vertex -1.3967157825827599 8.633480386941148 24.122242458164692
      vertex -1.6276133581995964 9.406482231948083 24.08567187190056
      vertex -1.3967157825827599 9.443052815234449 24.122242458164692
    endloop
  endfacet
  facet normal 0.09410830397911558 2.95415811345562e-14 -0.9955619654859131
    outer loop
      vertex -1.1639775484800339 8.67034250189163 24.14424269646406
      vertex -1.3967157825827599 9.443052815234449 24.122242458164692
      vertex -1.1969323805391057 9.474695397553264 24.141127547974577
    endloop
  endfacet
  facet normal 0.03141076981330616 0 -0.9995065600283649
    outer loop
      vertex -1.0966657936876623 8.681003636501682 24.146358054301686
      vertex -1.1639775484800339 8.67034250189163 24.14424269646406
      vertex -1.1639775484800339 9.477810546354686 24.14424269646406
    endloop
  endfacet
  facet normal 0.031410769813576926 2.2897085809468694e-14 -0.9995065600283564
    outer loop
      vertex -0.9303171560168266 8.696728212440334 24.151585772633553
      vertex -1.0966657936876623 8.681003636501682 24.146358054301686
      vertex -1.1639775484800339 9.477810546354686 24.14424269646406
    endloop
  endfacet
  facet normal 0.0941083039784009 0 -0.9955619654859806
    outer loop
      vertex -1.1639775484800339 8.67034250189163 24.14424269646406
      vertex -1.1969323805391057 9.474695397553264 24.141127547974577
      vertex -1.1639775484800339 9.477810546354686 24.14424269646406
    endloop
  endfacet
  facet normal 0.03141076981350046 0 -0.9995065600283588
    outer loop
      vertex -0.9303171560168266 8.696728212440334 24.151585772633553
      vertex -1.1639775484800339 9.477810546354686 24.14424269646406
      vertex -0.9303171560168266 9.499897956486732 24.151585772633553
    endloop
  endfacet
  facet normal 0 0 -1
    outer loop
      vertex -0.549417045881492 8.732733873747376 24.151585772633553
      vertex -0.9303171560168266 8.696728212440334 24.151585772633553
      vertex -0.9303171560168266 9.499897956486732 24.151585772633553
    endloop
  endfacet
  facet normal 0 0 -1
    outer loop
      vertex -0.549417045881492 8.732733873747376 24.151585772633553
      vertex -0.9303171560168266 9.499897956486732 24.151585772633553
      vertex -0.5996494615049428 9.531155256489994 24.151585772633553
    endloop
  endfacet
  facet normal 0 0 -1
    outer loop
      vertex 0 8.75 24.151585772633553
      vertex -0.549417045881492 8.732733873747376 24.151585772633553
      vertex -0.5996494615049428 9.531155256489994 24.151585772633553
    endloop
  endfacet
  facet normal 0 0 -1
    outer loop
      vertex 0 8.75 24.151585772633553
      vertex -0.5996494615049428 9.531155256489994 24.151585772633553
      vertex 0 9.55 24.151585772633553
    endloop
  endfacet
  facet normal 0 0 1
    outer loop
      vertex 0.5996494615049465 9.531155256489994 14.848414227366447
      vertex 0 9.55 14.848414227366447
      vertex 0 8.75 14.848414227366447
    endloop
  endfacet
  facet normal 0 0 1
    outer loop
      vertex 0.5494170458814954 8.732733873747376 14.848414227366447
      vertex 0.5996494615049465 9.531155256489994 14.848414227366447
      vertex 0 8.75 14.848414227366447
    endloop
  endfacet
  facet normal -0.03141076981357725 2.2994011128428605e-14 0.9995065600283564
    outer loop
      vertex 1.0966657936876605 8.681003636501682 14.853641945698314
      vertex 1.1639775484800339 9.477810546354686 14.855757303535938
      vertex 0.9303171560168266 8.696728212440334 14.848414227366447
    endloop
  endfacet
  facet normal -0.03141076981330533 0 0.999506560028365
    outer loop
      vertex 1.1639775484800339 8.67034250189163 14.855757303535938
      vertex 1.1639775484800339 9.477810546354686 14.855757303535938
      vertex 1.0966657936876605 8.681003636501682 14.853641945698314
    endloop
  endfacet
  facet normal 0 0 1
    outer loop
      vertex 0.9303171560168266 8.696728212440334 14.848414227366447
      vertex 0.9303171560168266 9.499897956486732 14.848414227366447
      vertex 0.5494170458814954 8.732733873747376 14.848414227366447
    endloop
  endfacet
  facet normal 0 0 1
    outer loop
      vertex 0.5494170458814954 8.732733873747376 14.848414227366447
      vertex 0.9303171560168266 9.499897956486732 14.848414227366447
      vertex 0.5996494615049465 9.531155256489994 14.848414227366447
    endloop
  endfacet
  facet normal -0.03141076981350046 0 0.9995065600283588
    outer loop
      vertex 0.9303171560168266 8.696728212440334 14.848414227366447
      vertex 1.1639775484800339 9.477810546354686 14.855757303535938
      vertex 0.9303171560168266 9.499897956486732 14.848414227366447
    endloop
  endfacet
  facet normal -0.09410830397840593 0 0.9955619654859801
    outer loop
      vertex 1.196932380539104 9.474695397553264 14.858872452025423
      vertex 1.1639775484800339 9.477810546354686 14.855757303535938
      vertex 1.1639775484800339 8.67034250189163 14.855757303535938
    endloop
  endfacet
  facet normal -0.09410830397901836 0 0.9955619654859222
    outer loop
      vertex 1.3967157825827599 8.633480386941148 14.877757541835308
      vertex 1.3967157825827599 9.443052815234447 14.877757541835308
      vertex 1.1639775484800339 8.67034250189163 14.855757303535938
    endloop
  endfacet
  facet normal -0.15643447746623057 0 0.9876883386270527
    outer loop
      vertex 1.6276133581995964 8.596909803654782 14.914328128099442
      vertex 1.6276133581995964 9.406482231948083 14.914328128099442
      vertex 1.3967157825827599 8.633480386941148 14.877757541835308
    endloop
  endfacet
  facet normal -0.2181432543449798 -1.0668098522642007e-13 0.9759167590444286
    outer loop
      vertex 1.6395865026250922 8.595013443876026 14.917004443128889
      vertex 1.7894915542936722 9.380843244458976 14.95051219418528
      vertex 1.6276133581995964 8.596909803654782 14.914328128099442
    endloop
  endfacet
  facet normal -0.21814325434544732 0 0.9759167590443242
    outer loop
      vertex 1.8557590246200562 8.546693160335485 14.965324729681015
      vertex 1.8557590246200562 9.366030709886429 14.965324729681015
      vertex 1.6395865026250922 8.595013443876026 14.917004443128889
    endloop
  endfacet
  facet normal -0.09410830397911478 2.930533390820541e-14 0.9955619654859131
    outer loop
      vertex 1.3967157825827599 9.443052815234447 14.877757541835308
      vertex 1.196932380539104 9.474695397553264 14.858872452025423
      vertex 1.1639775484800339 8.67034250189163 14.855757303535938
    endloop
  endfacet
  facet normal -0.15643447746623057 0 0.9876883386270526
    outer loop
      vertex 1.3967157825827599 8.633480386941148 14.877757541835308
      vertex 1.6276133581995964 9.406482231948083 14.914328128099442
      vertex 1.3967157825827599 9.443052815234447 14.877757541835308
    endloop
  endfacet
  facet normal -0.2181432543454719 0 0.9759167590443186
    outer loop
      vertex 1.6276133581995964 8.596909803654782 14.914328128099442
      vertex 1.7894915542936722 9.380843244458976 14.95051219418528
      vertex 1.6276133581995964 9.406482231948083 14.914328128099442
    endloop
  endfacet
  facet normal -0.2181432543453087 -4.083055504206336e-14 0.9759167590443552
    outer loop
      vertex 1.6395865026250922 8.595013443876026 14.917004443128889
      vertex 1.8557590246200562 9.366030709886429 14.965324729681015
      vertex 1.7894915542936722 9.380843244458976 14.95051219418528
    endloop
  endfacet
  facet normal -0.27899110294012797 0 0.9602936865773152
    outer loop
      vertex 2.0802524015307426 8.496512945360935 15.030546084046364
      vertex 2.0802524015307426 9.315850494911878 15.030546084046364
      vertex 1.8557590246200562 8.546693160335485 14.965324729681015
    endloop
  endfacet
  facet normal -0.338737902163098 1.7261821084873385e-15 0.9408807754642154
    outer loop
      vertex 2.1760365126924763 8.475102659875523 15.065030483899761
      vertex 2.3002075031399727 9.266684704653882 15.109734788537025
      vertex 2.0802524015307426 8.496512945360935 15.030546084046364
    endloop
  endfacet
  facet normal -0.3387379021630882 0 0.940880775464219
    outer loop
      vertex 2.3002075031399727 8.439027652323523 15.109734788537025
      vertex 2.3002075031399727 9.266684704653882 15.109734788537025
      vertex 2.1760365126924763 8.475102659875523 15.065030483899761
    endloop
  endfacet
  facet normal -0.278991102940128 0 0.9602936865773153
    outer loop
      vertex 1.8557590246200562 8.546693160335485 14.965324729681015
      vertex 2.0802524015307426 9.315850494911878 15.030546084046364
      vertex 1.8557590246200562 9.366030709886429 14.965324729681015
    endloop
  endfacet
  facet normal -0.3387379021630927 0 0.9408807754642174
    outer loop
      vertex 2.0802524015307426 8.496512945360935 15.030546084046364
      vertex 2.3002075031399727 9.266684704653882 15.109734788537025
      vertex 2.0802524015307426 9.315850494911878 15.030546084046364
    endloop
  endfacet
  facet normal -0.39714791046331477 0 0.9177546171034079
    outer loop
      vertex 2.3002075031399727 8.439027652323523 15.109734788537025
      vertex 2.37498842242436 9.249969188778428 15.1420953839324
      vertex 2.3002075031399727 9.266684704653882 15.109734788537025
    endloop
  endfacet
  facet normal 0 0 -1
    outer loop
      vertex 0.5494170458814954 8.732733873747376 24.151585772633553
      vertex 0 8.75 24.151585772633553
      vertex 0 9.55 24.151585772633553
    endloop
  endfacet
  facet normal 0 0 -1
    outer loop
      vertex 0.5494170458814954 8.732733873747376 24.151585772633553
      vertex 0 9.55 24.151585772633553
      vertex 0.5996494615049465 9.531155256489994 24.151585772633553
    endloop
  endfacet
  facet normal -0.03141076981330533 0 -0.999506560028365
    outer loop
      vertex 1.1639775484800339 8.67034250189163 24.14424269646406
      vertex 1.0966657936876605 8.681003636501682 24.146358054301686
      vertex 1.1639775484800339 9.477810546354686 24.14424269646406
    endloop
  endfacet
  facet normal 0 0 -1
    outer loop
      vertex 0.9303171560168266 8.696728212440334 24.151585772633553
      vertex 0.5494170458814954 8.732733873747376 24.151585772633553
      vertex 0.9303171560168266 9.499897956486732 24.151585772633553
    endloop
  endfacet
  facet normal 0 0 -1
    outer loop
      vertex 0.5494170458814954 8.732733873747376 24.151585772633553
      vertex 0.5996494615049465 9.531155256489994 24.151585772633553
      vertex 0.9303171560168266 9.499897956486732 24.151585772633553
    endloop
  endfacet
  facet normal -0.031410769813579424 0 -0.9995065600283564
    outer loop
      vertex 1.0966657936876605 8.681003636501682 24.146358054301686
      vertex 0.9303171560168266 8.696728212440334 24.151585772633553
      vertex 0.9303171560168266 9.499897956486732 24.151585772633553
    endloop
  endfacet
  facet normal -0.03141076981349892 1.6370007708535364e-14 -0.9995065600283588
    outer loop
      vertex 1.0966657936876605 8.681003636501682 24.146358054301686
      vertex 0.9303171560168266 9.499897956486732 24.151585772633553
      vertex 1.1639775484800339 9.477810546354686 24.14424269646406
    endloop
  endfacet
  facet normal -0.09410830397925694 0 -0.9955619654858997
    outer loop
      vertex 1.196932380539104 9.474695397553264 24.14112754797455
      vertex 1.1639775484800339 8.67034250189163 24.14424269646406
      vertex 1.1639775484800339 9.477810546354686 24.14424269646406
    endloop
  endfacet
  facet normal -0.09410830397901988 -9.798346959252582e-15 -0.9955619654859221
    outer loop
      vertex 1.3967157825827599 8.633480386941148 24.122242458164692
      vertex 1.1639775484800339 8.67034250189163 24.14424269646406
      vertex 1.196932380539104 9.474695397553264 24.14112754797455
    endloop
  endfacet
  facet normal -0.15643447746623057 0 -0.9876883386270526
    outer loop
      vertex 1.6276133581995964 8.596909803654782 24.08567187190056
      vertex 1.3967157825827599 8.633480386941148 24.122242458164692
      vertex 1.3967157825827599 9.443052815234447 24.122242458164692
    endloop
  endfacet
  facet normal -0.21814325434496373 0 -0.9759167590444323
    outer loop
      vertex 1.6395865026250922 8.595013443876026 24.08299555687111
      vertex 1.6276133581995964 8.596909803654782 24.08567187190056
      vertex 1.6276133581995964 9.406482231948083 24.08567187190056
    endloop
  endfacet
  facet normal -0.21814325434544996 -1.2516565795178447e-14 -0.9759167590443235
    outer loop
      vertex 1.8557590246200562 8.546693160335485 24.034675270318985
      vertex 1.6395865026250922 8.595013443876026 24.08299555687111
      vertex 1.7894915542936722 9.380843244458976 24.04948780581472
    endloop
  endfacet
  facet normal -0.094108303978979 0 -0.9955619654859259
    outer loop
      vertex 1.3967157825827599 8.633480386941148 24.122242458164692
      vertex 1.196932380539104 9.474695397553264 24.14112754797455
      vertex 1.3967157825827599 9.443052815234447 24.122242458164692
    endloop
  endfacet
  facet normal -0.15643447746623057 0 -0.9876883386270527
    outer loop
      vertex 1.6276133581995964 8.596909803654782 24.08567187190056
      vertex 1.3967157825827599 9.443052815234447 24.122242458164692
      vertex 1.6276133581995964 9.406482231948083 24.08567187190056
    endloop
  endfacet
  facet normal -0.21814325434547308 -7.890542854997259e-15 -0.9759167590443184
    outer loop
      vertex 1.6395865026250922 8.595013443876026 24.08299555687111
      vertex 1.6276133581995964 9.406482231948083 24.08567187190056
      vertex 1.7894915542936722 9.380843244458976 24.04948780581472
    endloop
  endfacet
  facet normal -0.278991102940128 0 -0.9602936865773153
    outer loop
      vertex 2.0802524015307426 8.496512945360935 23.969453915953636
      vertex 1.8557590246200562 8.546693160335485 24.034675270318985
      vertex 1.8557590246200562 9.366030709886429 24.034675270318985
    endloop
  endfacet
  facet normal -0.3387379021630983 0 -0.9408807754642153
    outer loop
      vertex 2.1760365126924763 8.475102659875523 23.93496951610024
      vertex 2.0802524015307426 8.496512945360935 23.969453915953636
      vertex 2.0802524015307426 9.315850494911878 23.969453915953636
    endloop
  endfacet
  facet normal -0.33873790216308786 1.3420694823347526e-15 -0.9408807754642191
    outer loop
      vertex 2.3002075031399727 8.439027652323523 23.890265211462975
      vertex 2.1760365126924763 8.475102659875523 23.93496951610024
      vertex 2.0802524015307426 9.315850494911878 23.969453915953636
    endloop
  endfacet
  facet normal -0.21814325434529994 0 -0.9759167590443572
    outer loop
      vertex 1.8557590246200562 8.546693160335485 24.034675270318985
      vertex 1.7894915542936722 9.380843244458976 24.04948780581472
      vertex 1.8557590246200562 9.366030709886429 24.034675270318985
    endloop
  endfacet
  facet normal -0.27899110294012797 0 -0.9602936865773152
    outer loop
      vertex 2.0802524015307426 8.496512945360935 23.969453915953636
      vertex 1.8557590246200562 9.366030709886429 24.034675270318985
      vertex 2.0802524015307426 9.315850494911878 23.969453915953636
    endloop
  endfacet
  facet normal -0.33873790216309263 0 -0.9408807754642174
    outer loop
      vertex 2.3002075031399727 8.439027652323523 23.890265211462975
      vertex 2.0802524015307426 9.315850494911878 23.969453915953636
      vertex 2.3002075031399727 9.266684704653882 23.890265211462975
    endloop
  endfacet
  facet normal -0.39714791046331477 0 -0.9177546171034079
    outer loop
      vertex 2.3002075031399727 8.439027652323523 23.890265211462975
      vertex 2.3002075031399727 9.266684704653882 23.890265211462975
      vertex 2.37498842242436 9.249969188778428 23.8579046160676
    endloop
  endfacet
  facet normal -0.6613118698546976 0 0.7501110656358053
    outer loop
      vertex 3.477700814604759 8.024498765051069 15.856994770467281
      vertex 3.477700814604759 8.893006198456202 15.856994770467281
      vertex 3.302343040704727 8.1003828500361 15.702396094799042
    endloop
  endfacet
  facet normal -0.45399049284658943 1.312145572647892e-14 0.8910065277005051
    outer loop
      vertex 2.7038987007807895 8.321744517582593 15.298951216345245
      vertex 2.723051980137825 9.148847377413007 15.308710299432278
      vertex 2.5147562697529793 8.376695473543736 15.202578336000443
    endloop
  endfacet
  facet normal -0.3971479104632105 0 0.9177546171034531
    outer loop
      vertex 2.5147562697529793 8.376695473543736 15.202578336000443
      vertex 2.5147562697529793 9.209362875421858 15.202578336000443
      vertex 2.3002075031399727 8.439027652323523 15.109734788537025
    endloop
  endfacet
  facet normal -0.45399049284655085 0 0.8910065277005248
    outer loop
      vertex 2.5147562697529793 8.376695473543736 15.202578336000443
      vertex 2.723051980137825 9.148847377413007 15.308710299432278
      vertex 2.5147562697529793 9.209362875421858 15.202578336000443
    endloop
  endfacet
  facet normal -0.4539904928461396 0 0.8910065277007342
    outer loop
      vertex 2.723051980137825 8.314848912709628 15.308710299432278
      vertex 2.723051980137825 9.148847377413007 15.308710299432278
      vertex 2.7038987007807895 8.321744517582593 15.298951216345245
    endloop
  endfacet
  facet normal -0.5090414188711836 0 0.8607420251583005
    outer loop
      vertex 2.9242725893855095 8.242405035721037 15.427711836993694
      vertex 2.9242725893855095 9.090387386298596 15.427711836993694
      vertex 2.723051980137825 8.314848912709628 15.308710299432278
    endloop
  endfacet
  facet normal -0.5090414188711836 0 0.8607420251583005
    outer loop
      vertex 2.723051980137825 8.314848912709628 15.308710299432278
      vertex 2.9242725893855095 9.090387386298596 15.427711836993694
      vertex 2.723051980137825 9.148847377413007 15.308710299432278
    endloop
  endfacet
  facet normal -0.5620833613943119 0 0.8270805854592838
    outer loop
      vertex 2.9242725893855095 8.242405035721037 15.427711836993694
      vertex 2.9511122962807477 9.082589730618716 15.44595208218351
      vertex 2.9242725893855095 9.090387386298596 15.427711836993694
    endloop
  endfacet
  facet normal -0.39714791046315895 -1.7058641735213416e-14 0.9177546171034755
    outer loop
      vertex 2.5147562697529793 9.209362875421858 15.202578336000443
      vertex 2.37498842242436 9.249969188778428 15.1420953839324
      vertex 2.3002075031399727 8.439027652323523 15.109734788537025
    endloop
  endfacet
  facet normal -0.5620833613942621 0 0.8270805854593174
    outer loop
      vertex 3.117623969912529 8.172794255399664 15.559113293886185
      vertex 3.117623969912529 9.022641839362224 15.559113293886185
      vertex 2.9242725893855095 8.242405035721037 15.427711836993694
    endloop
  endfacet
  facet normal -0.6129070600606116 8.176169825159458e-15 0.7901550074054191
    outer loop
      vertex 3.2210898359909357 8.135544251522198 15.63936964764008
      vertex 3.302343040704727 8.95613888177777 15.702396094799042
      vertex 3.117623969912529 8.172794255399664 15.559113293886185
    endloop
  endfacet
  facet normal -0.61290706006056 0 0.7901550074054591
    outer loop
      vertex 3.302343040704727 8.1003828500361 15.702396094799042
      vertex 3.302343040704727 8.95613888177777 15.702396094799042
      vertex 3.2210898359909357 8.135544251522198 15.63936964764008
    endloop
  endfacet
  facet normal -0.562083361394255 -2.664005253531105e-15 0.8270805854593224
    outer loop
      vertex 2.9242725893855095 8.242405035721037 15.427711836993694
      vertex 3.117623969912529 9.022641839362224 15.559113293886185
      vertex 2.9511122962807477 9.082589730618716 15.44595208218351
    endloop
  endfacet
  facet normal -0.6129070600605899 0 0.7901550074054359
    outer loop
      vertex 3.117623969912529 8.172794255399664 15.559113293886185
      vertex 3.302343040704727 8.95613888177777 15.702396094799042
      vertex 3.117623969912529 9.022641839362224 15.559113293886185
    endloop
  endfacet
  facet normal -0.6613118698546976 0 0.7501110656358054
    outer loop
      vertex 3.302343040704727 8.1003828500361 15.702396094799042
      vertex 3.477700814604759 8.893006198456202 15.856994770467281
      vertex 3.302343040704727 8.95613888177777 15.702396094799042
    endloop
  endfacet
  facet normal -0.7071067811865516 0 0.7071067811865434
    outer loop
      vertex 3.477700814604759 8.024498765051069 15.856994770467281
      vertex 3.5155894781386787 8.8793654402328 15.894883434001201
      vertex 3.477700814604759 8.893006198456202 15.856994770467281
    endloop
  endfacet
  facet normal -0.7071067811865465 -4.640794896182559e-16 0.7071067811865487
    outer loop
      vertex 3.477700814604759 8.024498765051069 15.856994770467281
      vertex 3.6430052295327187 8.824227720973607 16.02229918539524
      vertex 3.5155894781386787 8.8793654402328 15.894883434001201
    endloop
  endfacet
  facet normal -0.7071067811865476 0 0.7071067811865476
    outer loop
      vertex 3.6430052295327187 7.952965156977638 16.02229918539524
      vertex 3.6430052295327187 8.824227720973607 16.02229918539524
      vertex 3.477700814604759 8.024498765051069 15.856994770467281
    endloop
  endfacet
  facet normal -0.750111065635806 2.392160455545338e-16 0.6613118698546969
    outer loop
      vertex 3.7255688011943837 7.917236709077671 16.115949173464315
      vertex 3.7976039052009583 8.757326899971684 16.197656959295273
      vertex 3.6430052295327187 7.952965156977638 16.02229918539524
    endloop
  endfacet
  facet normal -0.7501110656358048 0 0.6613118698546981
    outer loop
      vertex 3.7976039052009583 7.8805329903293435 16.197656959295273
      vertex 3.7976039052009583 8.757326899971684 16.197656959295273
      vertex 3.7255688011943837 7.917236709077671 16.115949173464315
    endloop
  endfacet
  facet normal -0.8607420251583005 0 0.5090414188711835
    outer loop
      vertex 4.191289700567722 7.679940058485521 16.776948019862175
      vertex 4.191289700567722 8.577358008394429 16.776948019862175
      vertex 4.072288163006306 7.74057437040203 16.57572741061449
    endloop
  endfacet
  facet normal -0.7901550074054359 0 0.6129070600605899
    outer loop
      vertex 3.9408867061138153 7.807526756789399 16.38237603008747
      vertex 3.9408867061138153 8.695322895247244 16.38237603008747
      vertex 3.7976039052009583 7.8805329903293435 16.197656959295273
    endloop
  endfacet
  facet normal -0.8270805854593174 0 0.5620833613942622
    outer loop
      vertex 4.072288163006306 7.74057437040203 16.57572741061449
      vertex 4.072288163006306 8.637992320310937 16.57572741061449
      vertex 3.9408867061138153 7.807526756789399 16.38237603008747
    endloop
  endfacet
  facet normal -0.8607420251583005 0 0.5090414188711835
    outer loop
      vertex 4.072288163006306 7.74057437040203 16.57572741061449
      vertex 4.191289700567722 8.577358008394429 16.776948019862175
      vertex 4.072288163006306 8.637992320310937 16.57572741061449
    endloop
  endfacet
  facet normal -0.9876883386270526 0 0.15643447746623054
    outer loop
      vertex 4.622242458164692 7.427044756495003 18.10328421741724
      vertex 4.622242458164692 8.356016763445608 18.10328421741724
      vertex 4.5856718719005585 7.448672540921324 17.872386641800404
    endloop
  endfacet
  facet normal -0.9955619654859224 0 0.09410830397901836
    outer loop
      vertex 4.644242696464062 7.41403385183436 18.336022451519966
      vertex 4.644242696464062 8.343005858784965 18.336022451519966
      vertex 4.622242458164692 7.427044756495003 18.10328421741724
    endloop
  endfacet
  facet normal -0.9995065600283588 0 0.031410769813500466
    outer loop
      vertex 4.6515857726335526 7.409691168693523 18.569682843983173
      vertex 4.6515857726335526 8.338663175644127 18.569682843983173
      vertex 4.644242696464062 7.41403385183436 18.336022451519966
    endloop
  endfacet
  facet normal -0.891006527700493 -1.9335424558357077e-14 0.4539904928466129
    outer loop
      vertex 4.191289700567722 7.679940058485521 16.776948019862175
      vertex 4.215344648390009 7.667683450383805 16.82415851407046
      vertex 4.2974216639995575 8.523281072021096 16.98524373024702
    endloop
  endfacet
  facet normal -0.8910065277005346 0 0.4539904928465314
    outer loop
      vertex 4.2974216639995575 7.61914323866453 16.98524373024702
      vertex 4.2974216639995575 8.523281072021096 16.98524373024702
      vertex 4.215344648390009 7.667683450383805 16.82415851407046
    endloop
  endfacet
  facet normal -0.9177546171034531 0 0.3971479104632105
    outer loop
      vertex 4.3902652114629745 7.564235717756587 17.199792496860027
      vertex 4.3902652114629745 8.47597492176714 17.199792496860027
      vertex 4.2974216639995575 7.61914323866453 16.98524373024702
    endloop
  endfacet
  facet normal -0.9408807754642174 0 0.33873790216309263
    outer loop
      vertex 4.469453915953636 7.517403648471349 17.419747598469257
      vertex 4.469453915953636 8.435626261516655 17.419747598469257
      vertex 4.3902652114629745 7.564235717756587 17.199792496860027
    endloop
  endfacet
  facet normal -0.8910065277005247 0 0.4539904928465508
    outer loop
      vertex 4.191289700567722 7.679940058485521 16.776948019862175
      vertex 4.2974216639995575 8.523281072021096 16.98524373024702
      vertex 4.191289700567722 8.577358008394429 16.776948019862175
    endloop
  endfacet
  facet normal -0.9177546171034531 0 0.3971479104632105
    outer loop
      vertex 4.2974216639995575 7.61914323866453 16.98524373024702
      vertex 4.3902652114629745 8.47597492176714 17.199792496860027
      vertex 4.2974216639995575 8.523281072021096 16.98524373024702
    endloop
  endfacet
  facet normal -0.9408807754642174 0 0.3387379021630926
    outer loop
      vertex 4.3902652114629745 7.564235717756587 17.199792496860027
      vertex 4.469453915953636 8.435626261516655 17.419747598469257
      vertex 4.3902652114629745 8.47597492176714 17.199792496860027
    endloop
  endfacet
  facet normal -0.9602936865773152 0 0.27899110294012797
    outer loop
      vertex 4.534675270318985 7.478831847023642 17.644240975379944
      vertex 4.534675270318985 8.402394321617015 17.644240975379944
      vertex 4.469453915953636 7.517403648471349 17.419747598469257
    endloop
  endfacet
  facet normal -0.9759167590443298 0 0.21814325434542192
    outer loop
      vertex 4.5856718719005585 7.448672540921324 17.872386641800404
      vertex 4.5856718719005585 8.376410255273475 17.872386641800404
      vertex 4.534675270318985 7.478831847023642 17.644240975379944
    endloop
  endfacet
  facet normal -0.9876883386270535 1.6817850169011092e-15 0.15643447746622408
    outer loop
      vertex 4.5856718719005585 7.448672540921324 17.872386641800404
      vertex 4.622242458164692 8.356016763445608 18.10328421741724
      vertex 4.600747587671382 8.368728794418896 17.96757095733284
    endloop
  endfacet
  facet normal -0.9955619654859224 0 0.09410830397901836
    outer loop
      vertex 4.622242458164692 7.427044756495003 18.10328421741724
      vertex 4.644242696464062 8.343005858784965 18.336022451519966
      vertex 4.622242458164692 8.356016763445608 18.10328421741724
    endloop
  endfacet
  facet normal -0.9995065600283588 0 0.031410769813500466
    outer loop
      vertex 4.644242696464062 7.41403385183436 18.336022451519966
      vertex 4.6515857726335526 8.338663175644127 18.569682843983173
      vertex 4.644242696464062 8.343005858784965 18.336022451519966
    endloop
  endfacet
  facet normal -0.9602936865773152 0 0.27899110294012797
    outer loop
      vertex 4.469453915953636 7.517403648471349 17.419747598469257
      vertex 4.534675270318985 8.402394321617015 17.644240975379944
      vertex 4.469453915953636 8.435626261516655 17.419747598469257
    endloop
  endfacet
  facet normal -0.9759167590443298 0 0.21814325434542195
    outer loop
      vertex 4.534675270318985 7.478831847023642 17.644240975379944
      vertex 4.5856718719005585 8.376410255273475 17.872386641800404
      vertex 4.534675270318985 8.402394321617015 17.644240975379944
    endloop
  endfacet
  facet normal -0.9876883386270512 0 0.15643447746623995
    outer loop
      vertex 4.5856718719005585 7.448672540921324 17.872386641800404
      vertex 4.600747587671382 8.368728794418896 17.96757095733284
      vertex 4.5856718719005585 8.376410255273475 17.872386641800404
    endloop
  endfacet
  facet normal -0.7501110656358053 0 0.6613118698546975
    outer loop
      vertex 3.6430052295327187 7.952965156977638 16.02229918539524
      vertex 3.7976039052009583 8.757326899971684 16.197656959295273
      vertex 3.6430052295327187 8.824227720973607 16.02229918539524
    endloop
  endfacet
  facet normal -0.790155007405436 0 0.6129070600605899
    outer loop
      vertex 3.7976039052009583 7.8805329903293435 16.197656959295273
      vertex 3.9408867061138153 8.695322895247244 16.38237603008747
      vertex 3.7976039052009583 8.757326899971684 16.197656959295273
    endloop
  endfacet
  facet normal -0.8270805854593121 0 0.56208336139427
    outer loop
      vertex 3.9408867061138153 7.807526756789399 16.38237603008747
      vertex 4.066192234446442 8.641098351050488 16.566757523746276
      vertex 3.9408867061138153 8.695322895247244 16.38237603008747
    endloop
  endfacet
  facet normal -0.8270805854594186 5.0619133295562144e-14 0.5620833613941134
    outer loop
      vertex 3.9408867061138153 7.807526756789399 16.38237603008747
      vertex 4.072288163006306 8.637992320310937 16.57572741061449
      vertex 4.066192234446442 8.641098351050488 16.566757523746276
    endloop
  endfacet
  facet normal -0.7071067811865476 -3.5770996740796153e-16 -0.7071067811865475
    outer loop
      vertex 3.6430052295327187 7.952965156977638 22.97770081460476
      vertex 3.477700814604759 8.024498765051069 23.14300522953272
      vertex 3.5155894781386787 8.8793654402328 23.1051165659988
    endloop
  endfacet
  facet normal -0.45399049284659243 0 -0.8910065277005036
    outer loop
      vertex 2.7038987007807895 8.321744517582593 23.701048783654755
      vertex 2.5147562697529793 8.376695473543736 23.797421663999557
      vertex 2.5147562697529793 9.209362875421858 23.797421663999557
    endloop
  endfacet
  facet normal -0.4539904928465481 1.1914907081594059e-14 -0.8910065277005261
    outer loop
      vertex 2.7038987007807895 8.321744517582593 23.701048783654755
      vertex 2.5147562697529793 9.209362875421858 23.797421663999557
      vertex 2.723051980137825 9.148847377413007 23.691289700567722
    endloop
  endfacet
  facet normal -0.4539904928461396 0 -0.8910065277007342
    outer loop
      vertex 2.723051980137825 8.314848912709628 23.691289700567722
      vertex 2.7038987007807895 8.321744517582593 23.701048783654755
      vertex 2.723051980137825 9.148847377413007 23.691289700567722
    endloop
  endfacet
  facet normal -0.5090414188711836 0 -0.8607420251583005
    outer loop
      vertex 2.9242725893855095 8.242405035721037 23.572288163006306
      vertex 2.723051980137825 8.314848912709628 23.691289700567722
      vertex 2.723051980137825 9.148847377413007 23.691289700567722
    endloop
  endfacet
  facet normal -0.5090414188711836 0 -0.8607420251583005
    outer loop
      vertex 2.9242725893855095 8.242405035721037 23.572288163006306
      vertex 2.723051980137825 9.148847377413007 23.691289700567722
      vertex 2.9242725893855095 9.090387386298596 23.572288163006306
    endloop
  endfacet
  facet normal -0.5620833613943119 0 -0.8270805854592838
    outer loop
      vertex 2.9242725893855095 8.242405035721037 23.572288163006306
      vertex 2.9242725893855095 9.090387386298596 23.572288163006306
      vertex 2.9511122962807477 9.082589730618716 23.55404791781649
    endloop
  endfacet
  facet normal -0.39714791046321324 -1.1112856397731991e-14 -0.9177546171034519
    outer loop
      vertex 2.5147562697529793 8.376695473543736 23.797421663999557
      vertex 2.3002075031399727 8.439027652323523 23.890265211462975
      vertex 2.37498842242436 9.249969188778428 23.8579046160676
    endloop
  endfacet
  facet normal -0.3971479104631548 0 -0.9177546171034772
    outer loop
      vertex 2.5147562697529793 8.376695473543736 23.797421663999557
      vertex 2.37498842242436 9.249969188778428 23.8579046160676
      vertex 2.5147562697529793 9.209362875421858 23.797421663999557
    endloop
  endfacet
  facet normal -0.5620833613942627 -2.2876577545389173e-15 -0.827080585459317
    outer loop
      vertex 3.117623969912529 8.172794255399664 23.440886706113815
      vertex 2.9242725893855095 8.242405035721037 23.572288163006306
      vertex 2.9511122962807477 9.082589730618716 23.55404791781649
    endloop
  endfacet
  facet normal -0.6129070600606134 0 -0.7901550074054178
    outer loop
      vertex 3.2210898359909357 8.135544251522198 23.36063035235992
      vertex 3.117623969912529 8.172794255399664 23.440886706113815
      vertex 3.117623969912529 9.022641839362224 23.440886706113815
    endloop
  endfacet
  facet normal -0.6129070600605571 1.0494317806803185e-14 -0.7901550074054613
    outer loop
      vertex 3.302343040704727 8.1003828500361 23.29760390520096
      vertex 3.2210898359909357 8.135544251522198 23.36063035235992
      vertex 3.117623969912529 9.022641839362224 23.440886706113815
    endloop
  endfacet
  facet normal -0.5620833613942542 0 -0.8270805854593228
    outer loop
      vertex 3.117623969912529 8.172794255399664 23.440886706113815
      vertex 2.9511122962807477 9.082589730618716 23.55404791781649
      vertex 3.117623969912529 9.022641839362224 23.440886706113815
    endloop
  endfacet
  facet normal -0.6129070600605899 0 -0.790155007405436
    outer loop
      vertex 3.302343040704727 8.1003828500361 23.29760390520096
      vertex 3.117623969912529 9.022641839362224 23.440886706113815
      vertex 3.302343040704727 8.95613888177777 23.29760390520096
    endloop
  endfacet
  facet normal -0.6613118698546976 0 -0.7501110656358054
    outer loop
      vertex 3.477700814604759 8.024498765051069 23.14300522953272
      vertex 3.302343040704727 8.1003828500361 23.29760390520096
      vertex 3.302343040704727 8.95613888177777 23.29760390520096
    endloop
  endfacet
  facet normal -0.6613118698546976 0 -0.7501110656358053
    outer loop
      vertex 3.477700814604759 8.024498765051069 23.14300522953272
      vertex 3.302343040704727 8.95613888177777 23.29760390520096
      vertex 3.477700814604759 8.893006198456202 23.14300522953272
    endloop
  endfacet
  facet normal -0.7071067811865516 0 -0.7071067811865434
    outer loop
      vertex 3.477700814604759 8.024498765051069 23.14300522953272
      vertex 3.477700814604759 8.893006198456202 23.14300522953272
      vertex 3.5155894781386787 8.8793654402328 23.1051165659988
    endloop
  endfacet
  facet normal -0.750111065635806 0 -0.6613118698546969
    outer loop
      vertex 3.7255688011943837 7.917236709077671 22.884050826535685
      vertex 3.6430052295327187 7.952965156977638 22.97770081460476
      vertex 3.6430052295327187 8.824227720973607 22.97770081460476
    endloop
  endfacet
  facet normal -0.7501110656358047 2.761889597124041e-16 -0.6613118698546984
    outer loop
      vertex 3.7976039052009583 7.8805329903293435 22.802343040704727
      vertex 3.7255688011943837 7.917236709077671 22.884050826535685
      vertex 3.6430052295327187 8.824227720973607 22.97770081460476
    endloop
  endfacet
  facet normal -0.790155007405436 0 -0.6129070600605899
    outer loop
      vertex 3.9408867061138153 7.807526756789399 22.61762396991253
      vertex 3.7976039052009583 7.8805329903293435 22.802343040704727
      vertex 3.7976039052009583 8.757326899971684 22.802343040704727
    endloop
  endfacet
  facet normal -0.8607420251583005 0 -0.5090414188711835
    outer loop
      vertex 4.191289700567722 7.679940058485521 22.223051980137825
      vertex 4.072288163006306 7.74057437040203 22.42427258938551
      vertex 4.072288163006306 8.637992320310937 22.42427258938551
    endloop
  endfacet
  facet normal -0.8270805854593174 0 -0.5620833613942623
    outer loop
      vertex 4.072288163006306 7.74057437040203 22.42427258938551
      vertex 3.9408867061138153 7.807526756789399 22.61762396991253
      vertex 3.9408867061138153 8.695322895247244 22.61762396991253
    endloop
  endfacet
  facet normal -0.8607420251583005 0 -0.5090414188711835
    outer loop
      vertex 4.191289700567722 7.679940058485521 22.223051980137825
      vertex 4.072288163006306 8.637992320310937 22.42427258938551
      vertex 4.191289700567722 8.577358008394429 22.223051980137825
    endloop
  endfacet
  facet normal -0.9876883386270525 9.86495569828688e-16 -0.15643447746623063
    outer loop
      vertex 4.622242458164692 7.427044756495003 20.89671578258276
      vertex 4.5856718719005585 7.448672540921324 21.127613358199596
      vertex 4.600747587671382 8.368728794418896 21.03242904266716
    endloop
  endfacet
  facet normal -1 0 0
    outer loop
      vertex 4.6515857726335526 7.409691168693523 18.569682843983173
      vertex 4.6515857726335526 7.409691168693523 20.430317156016827
      vertex 4.6515857726335526 8.338663175644127 20.430317156016827
    endloop
  endfacet
  facet normal -0.9995065600283588 0 -0.031410769813500466
    outer loop
      vertex 4.6515857726335526 7.409691168693523 20.430317156016827
      vertex 4.644242696464062 7.41403385183436 20.663977548480034
      vertex 4.644242696464062 8.343005858784965 20.663977548480034
    endloop
  endfacet
  facet normal -0.9955619654859224 0 -0.09410830397901836
    outer loop
      vertex 4.644242696464062 7.41403385183436 20.663977548480034
      vertex 4.622242458164692 7.427044756495003 20.89671578258276
      vertex 4.622242458164692 8.356016763445608 20.89671578258276
    endloop
  endfacet
  facet normal -0.8910065277004909 0 -0.45399049284661686
    outer loop
      vertex 4.215344648390009 7.667683450383805 22.17584148592954
      vertex 4.191289700567722 7.679940058485521 22.223051980137825
      vertex 4.191289700567722 8.577358008394429 22.223051980137825
    endloop
  endfacet
  facet normal -0.8910065277005353 -5.67924641973499e-15 -0.45399049284653004
    outer loop
      vertex 4.2974216639995575 7.61914323866453 22.01475626975298
      vertex 4.215344648390009 7.667683450383805 22.17584148592954
      vertex 4.191289700567722 8.577358008394429 22.223051980137825
    endloop
  endfacet
  facet normal -0.9177546171034531 0 -0.3971479104632105
    outer loop
      vertex 4.3902652114629745 7.564235717756587 21.800207503139973
      vertex 4.2974216639995575 7.61914323866453 22.01475626975298
      vertex 4.2974216639995575 8.523281072021096 22.01475626975298
    endloop
  endfacet
  facet normal -0.9408807754642174 0 -0.3387379021630927
    outer loop
      vertex 4.469453915953636 7.517403648471349 21.580252401530743
      vertex 4.3902652114629745 7.564235717756587 21.800207503139973
      vertex 4.3902652114629745 8.47597492176714 21.800207503139973
    endloop
  endfacet
  facet normal -0.8910065277005247 0 -0.4539904928465508
    outer loop
      vertex 4.2974216639995575 7.61914323866453 22.01475626975298
      vertex 4.191289700567722 8.577358008394429 22.223051980137825
      vertex 4.2974216639995575 8.523281072021096 22.01475626975298
    endloop
  endfacet
  facet normal -0.9177546171034531 0 -0.3971479104632105
    outer loop
      vertex 4.3902652114629745 7.564235717756587 21.800207503139973
      vertex 4.2974216639995575 8.523281072021096 22.01475626975298
      vertex 4.3902652114629745 8.47597492176714 21.800207503139973
    endloop
  endfacet
  facet normal -0.9408807754642174 0 -0.33873790216309263
    outer loop
      vertex 4.469453915953636 7.517403648471349 21.580252401530743
      vertex 4.3902652114629745 8.47597492176714 21.800207503139973
      vertex 4.469453915953636 8.435626261516655 21.580252401530743
    endloop
  endfacet
  facet normal -0.9759167590443298 0 -0.21814325434542195
    outer loop
      vertex 4.5856718719005585 7.448672540921324 21.127613358199596
      vertex 4.534675270318985 7.478831847023642 21.355759024620056
      vertex 4.534675270318985 8.402394321617015 21.355759024620056
    endloop
  endfacet
  facet normal -0.9876883386270537 0 -0.156434477466224
    outer loop
      vertex 4.622242458164692 7.427044756495003 20.89671578258276
      vertex 4.600747587671382 8.368728794418896 21.03242904266716
      vertex 4.622242458164692 8.356016763445608 20.89671578258276
    endloop
  endfacet
  facet normal -1 0 0
    outer loop
      vertex 4.6515857726335526 7.409691168693523 18.569682843983173
      vertex 4.6515857726335526 8.338663175644127 20.430317156016827
      vertex 4.6515857726335526 8.338663175644127 18.569682843983173
    endloop
  endfacet
  facet normal -0.9995065600283588 0 -0.031410769813500466
    outer loop
      vertex 4.6515857726335526 7.409691168693523 20.430317156016827
      vertex 4.644242696464062 8.343005858784965 20.663977548480034
      vertex 4.6515857726335526 8.338663175644127 20.430317156016827
    endloop
  endfacet
  facet normal -0.9955619654859224 0 -0.09410830397901836
    outer loop
      vertex 4.644242696464062 7.41403385183436 20.663977548480034
      vertex 4.622242458164692 8.356016763445608 20.89671578258276
      vertex 4.644242696464062 8.343005858784965 20.663977548480034
    endloop
  endfacet
  facet normal -0.9602936865773152 0 -0.27899110294012797
    outer loop
      vertex 4.534675270318985 7.478831847023642 21.355759024620056
      vertex 4.469453915953636 7.517403648471349 21.580252401530743
      vertex 4.469453915953636 8.435626261516655 21.580252401530743
    endloop
  endfacet
  facet normal -0.9759167590443298 0 -0.21814325434542192
    outer loop
      vertex 4.5856718719005585 7.448672540921324 21.127613358199596
      vertex 4.534675270318985 8.402394321617015 21.355759024620056
      vertex 4.5856718719005585 8.376410255273475 21.127613358199596
    endloop
  endfacet
  facet normal -0.9876883386270512 0 -0.15643447746623995
    outer loop
      vertex 4.5856718719005585 7.448672540921324 21.127613358199596
      vertex 4.5856718719005585 8.376410255273475 21.127613358199596
      vertex 4.600747587671382 8.368728794418896 21.03242904266716
    endloop
  endfacet
  facet normal -0.9602936865773152 0 -0.27899110294012797
    outer loop
      vertex 4.534675270318985 7.478831847023642 21.355759024620056
      vertex 4.469453915953636 8.435626261516655 21.580252401530743
      vertex 4.534675270318985 8.402394321617015 21.355759024620056
    endloop
  endfacet
  facet normal -0.7071067811865464 0 -0.7071067811865488
    outer loop
      vertex 3.6430052295327187 7.952965156977638 22.97770081460476
      vertex 3.5155894781386787 8.8793654402328 23.1051165659988
      vertex 3.6430052295327187 8.824227720973607 22.97770081460476
    endloop
  endfacet
  facet normal -0.7501110656358054 0 -0.6613118698546976
    outer loop
      vertex 3.7976039052009583 7.8805329903293435 22.802343040704727
      vertex 3.6430052295327187 8.824227720973607 22.97770081460476
      vertex 3.7976039052009583 8.757326899971684 22.802343040704727
    endloop
  endfacet
  facet normal -0.8270805854593174 0 -0.5620833613942622
    outer loop
      vertex 4.072288163006306 7.74057437040203 22.42427258938551
      vertex 3.9408867061138153 8.695322895247244 22.61762396991253
      vertex 4.072288163006306 8.637992320310937 22.42427258938551
    endloop
  endfacet
  facet normal -0.7901550074054359 0 -0.6129070600605899
    outer loop
      vertex 3.9408867061138153 7.807526756789399 22.61762396991253
      vertex 3.7976039052009583 8.757326899971684 22.802343040704727
      vertex 3.9408867061138153 8.695322895247244 22.61762396991253
    endloop
  endfacet
  facet normal -0.8270805854586689 4.702500403488837e-12 -0.5620833613952165
    outer loop
      vertex 4.072288163006306 8.637992320310937 22.42427258938551
      vertex 3.9408867061138153 8.695322895247244 22.61762396991253
      vertex 4.066192234446442 8.641098351050488 22.433242476253724
    endloop
  endfacet
  facet normal -0.6129070536529755 -0.7901550123756912 0
    outer loop
      vertex -5.899961958326809 -7.503792620543303 4.0420464839865895
      vertex -6.087399102099987 -7.358401468508789 7.996
      vertex -6.087399102099987 -7.358401468508789 0
    endloop
  endfacet
  facet normal -0.6129070536529762 -0.7901550123756907 5.2834395130180363e-17
    outer loop
      vertex -5.899961958326809 -7.503792620543303 4.0420464839865895
      vertex -6.087399102099987 -7.358401468508789 0
      vertex -5.894848107391957 -7.50775932993603 0
    endloop
  endfacet
  facet normal -0.5090414157503687 -0.8607420270039453 0
    outer loop
      vertex -5.11714589204942 -8.063331688544244 7.996
      vertex -5.11714589204942 -8.063331688544244 0
      vertex -4.704233807868741 -8.307527214401615 0
    endloop
  endfacet
  facet normal -0.750111069630459 -0.6613118653236526 0
    outer loop
      vertex -6.961650391874482 -6.537424861618976 7.996
      vertex -7.358401468508789 -6.087399102099987 152.19451663
      vertex -7.358401468508789 -6.087399102099987 7.996
    endloop
  endfacet
  facet normal -0.8270805742745618 -0.5620833778521306 0
    outer loop
      vertex -7.726112296280749 -5.613349159393119 7.996
      vertex -8.063331688544244 -5.11714589204942 152.19451663
      vertex -8.063331688544244 -5.11714589204942 7.996
    endloop
  endfacet
  facet normal -0.7901550123756907 -0.612907053652976 0
    outer loop
      vertex -7.358401468508789 -6.087399102099987 7.996
      vertex -7.726112296280749 -5.613349159393119 152.19451663
      vertex -7.726112296280749 -5.613349159393119 7.996
    endloop
  endfacet
  facet normal -0.5620833778521306 -0.8270805742745618 0
    outer loop
      vertex -5.11714589204942 -8.063331688544244 7.996
      vertex -5.613349159393119 -7.726112296280749 152.19451663
      vertex -5.613349159393119 -7.726112296280749 7.996
    endloop
  endfacet
  facet normal -0.612907053652976 -0.7901550123756907 0
    outer loop
      vertex -5.613349159393119 -7.726112296280749 7.996
      vertex -6.087399102099987 -7.358401468508789 152.19451663
      vertex -6.087399102099987 -7.358401468508789 7.996
    endloop
  endfacet
  facet normal -0.5090414157503692 -0.8607420270039449 0
    outer loop
      vertex -4.600747587671382 -8.368728794418896 7.996
      vertex -5.11714589204942 -8.063331688544244 152.19451663
      vertex -5.11714589204942 -8.063331688544244 7.996
    endloop
  endfacet
  facet normal -0.7071067811865476 -0.7071067811865476 0
    outer loop
      vertex -6.537424861618976 -6.961650391874482 7.996
      vertex -6.961650391874482 -6.537424861618976 152.19451663
      vertex -6.961650391874482 -6.537424861618976 7.996
    endloop
  endfacet
  facet normal -0.6613118653236526 -0.750111069630459 0
    outer loop
      vertex -6.087399102099987 -7.358401468508789 7.996
      vertex -6.537424861618976 -6.961650391874482 152.19451663
      vertex -6.537424861618976 -6.961650391874482 7.996
    endloop
  endfacet
  facet normal -0.8910065241883682 -0.4539904997395458 0
    outer loop
      vertex -8.368728794418898 -4.600747587671381 7.996
      vertex -8.641098351050486 -4.0661922344464445 152.19451663
      vertex -8.641098351050486 -4.0661922344464445 7.996
    endloop
  endfacet
  facet normal -0.9177546256839809 -0.39714789063478095 0
    outer loop
      vertex -8.641098351050486 -4.0661922344464445 7.996
      vertex -8.879365440232801 -3.515589478138674 152.19451663
      vertex -8.879365440232801 -3.515589478138674 7.996
    endloop
  endfacet
  facet normal -0.9408807689542257 -0.3387379202452904 0
    outer loop
      vertex -8.879365440232801 -3.515589478138674 7.996
      vertex -9.082589730618716 -2.9511122962807477 152.19451663
      vertex -9.082589730618716 -2.9511122962807477 7.996
    endloop
  endfacet
  facet normal -0.9602936856769425 -0.27899110603923105 0
    outer loop
      vertex -9.082589730618716 -2.9511122962807477 7.996
      vertex -9.249969188778428 -2.374988422424364 152.19451663
      vertex -9.249969188778428 -2.374988422424364 7.996
    endloop
  endfacet
  facet normal -0.8607420270039441 -0.5090414157503708 0
    outer loop
      vertex -8.063331688544244 -5.11714589204942 7.996
      vertex -8.368728794418898 -4.600747587671381 152.19451663
      vertex -8.368728794418898 -4.600747587671381 7.996
    endloop
  endfacet
  facet normal -0.9759167619387473 -0.21814324139654312 0
    outer loop
      vertex -9.249969188778428 -2.374988422424364 7.996
      vertex -9.380843244458978 -1.7894915542936698 152.19451663
      vertex -9.380843244458978 -1.7894915542936698 7.996
    endloop
  endfacet
  facet normal -0.9876883405951379 -0.1564344650402301 0
    outer loop
      vertex -9.380843244458978 -1.7894915542936698 7.996
      vertex -9.474695397553264 -1.1969323805391061 152.19451663
      vertex -9.474695397553264 -1.1969323805391061 7.996
    endloop
  endfacet
  facet normal -0.9955619646030801 -0.09410831331851387 0
    outer loop
      vertex -9.474695397553264 -1.1969323805391061 7.996
      vertex -9.531155256489994 -0.5996494615049418 152.19451663
      vertex -9.531155256489994 -0.5996494615049418 7.996
    endloop
  endfacet
  facet normal -0.9995065603657316 -0.031410759078129 0
    outer loop
      vertex -9.531155256489994 -0.5996494615049418 7.996
      vertex -9.55 0 152.19451663
      vertex -9.55 0 7.996
    endloop
  endfacet
  facet normal -0.39714789063477896 -0.9177546256839818 6.420848439155001e-17
    outer loop
      vertex -3.8484864640234644 -8.735308050552756 4.0420464839865895
      vertex -3.8425467936081517 -8.737878375463676 0
      vertex -3.6259302705027507 -8.831616715560665 0
    endloop
  endfacet
  facet normal -0.27899110603923066 -0.9602936856769427 -7.050089600183428e-17
    outer loop
      vertex -2.723315594611376 -9.148770790328618 4.0420464839865895
      vertex -2.9511122962807477 -9.082589730618716 0
      vertex -2.717100613138985 -9.150576409360438 0
    endloop
  endfacet
  facet normal -0.2789911060392318 -0.9602936856769423 0
    outer loop
      vertex -2.723315594611376 -9.148770790328618 4.0420464839865895
      vertex -2.9511122962807477 -9.082589730618716 7.996
      vertex -2.9511122962807477 -9.082589730618716 0
    endloop
  endfacet
  facet normal -0.21814324139654456 -0.975916761938747 -3.909330731096135e-17
    outer loop
      vertex -2.143485682388345 -9.301716182039732 4.0420464839865895
      vertex -2.1371695890051323 -9.303127996179331 0
      vertex -1.9068251266670628 -9.354616083700595 0
    endloop
  endfacet
  facet normal -0.1564344650402297 -0.9876883405951379 0
    outer loop
      vertex -1.5551964114423846 -9.417951949530234 4.0420464839865895
      vertex -1.7894915542936722 -9.380843244458976 7.996
      vertex -1.7894915542936722 -9.380843244458976 4.0420464839865895
    endloop
  endfacet
  facet normal -0.45399049973954814 -0.8910065241883671 0
    outer loop
      vertex -4.066192234446442 -8.641098351050488 7.996
      vertex -4.600747587671382 -8.368728794418896 152.19451663
      vertex -4.600747587671382 -8.368728794418896 7.996
    endloop
  endfacet
  facet normal -0.3971478906347802 -0.9177546256839815 0
    outer loop
      vertex -3.515589478138674 -8.879365440232801 7.996
      vertex -4.066192234446442 -8.641098351050488 152.19451663
      vertex -4.066192234446442 -8.641098351050488 7.996
    endloop
  endfacet
  facet normal -0.3387379202452904 -0.9408807689542257 0
    outer loop
      vertex -2.9511122962807477 -9.082589730618716 7.996
      vertex -3.515589478138674 -8.879365440232801 152.19451663
      vertex -3.515589478138674 -8.879365440232801 7.996
    endloop
  endfacet
  facet normal -0.27899110603923105 -0.9602936856769425 0
    outer loop
      vertex -2.374988422424364 -9.249969188778428 7.996
      vertex -2.9511122962807477 -9.082589730618716 152.19451663
      vertex -2.9511122962807477 -9.082589730618716 7.996
    endloop
  endfacet
  facet normal -0.21814324139654115 -0.9759167619387478 0
    outer loop
      vertex -1.7894915542936722 -9.380843244458976 7.996
      vertex -2.374988422424364 -9.249969188778428 152.19451663
      vertex -2.374988422424364 -9.249969188778428 7.996
    endloop
  endfacet
  facet normal -0.15643446504023178 -0.9876883405951377 0
    outer loop
      vertex -1.196932380539104 -9.474695397553264 7.996
      vertex -1.7894915542936722 -9.380843244458976 152.19451663
      vertex -1.7894915542936722 -9.380843244458976 7.996
    endloop
  endfacet
  facet normal -0.09410831331851423 -0.9955619646030801 0
    outer loop
      vertex -0.5996494615049418 -9.531155256489994 7.996
      vertex -1.196932380539104 -9.474695397553264 152.19451663
      vertex -1.196932380539104 -9.474695397553264 7.996
    endloop
  endfacet
  facet normal -0.031410759078129 -0.9995065603657316 0
    outer loop
      vertex 0 -9.55 7.996
      vertex -0.5996494615049418 -9.531155256489994 152.19451663
      vertex -0.5996494615049418 -9.531155256489994 7.996
    endloop
  endfacet
  facet normal -0.8270805742745618 -0.5620833778521306 0
    outer loop
      vertex -7.726112296280749 -5.613349159393119 7.996
      vertex -7.726112296280749 -5.613349159393119 152.19451663
      vertex -8.063331688544244 -5.11714589204942 152.19451663
    endloop
  endfacet
  facet normal -0.8607420270039441 -0.5090414157503708 0
    outer loop
      vertex -8.063331688544244 -5.11714589204942 7.996
      vertex -8.063331688544244 -5.11714589204942 152.19451663
      vertex -8.368728794418898 -4.600747587671381 152.19451663
    endloop
  endfacet
  facet normal -0.7901550123756907 -0.612907053652976 0
    outer loop
      vertex -7.358401468508789 -6.087399102099987 7.996
      vertex -7.358401468508789 -6.087399102099987 152.19451663
      vertex -7.726112296280749 -5.613349159393119 152.19451663
    endloop
  endfacet
  facet normal -0.6613118653236526 -0.750111069630459 0
    outer loop
      vertex -6.087399102099987 -7.358401468508789 7.996
      vertex -6.087399102099987 -7.358401468508789 152.19451663
      vertex -6.537424861618976 -6.961650391874482 152.19451663
    endloop
  endfacet
  facet normal -0.612907053652976 -0.7901550123756907 0
    outer loop
      vertex -5.613349159393119 -7.726112296280749 7.996
      vertex -5.613349159393119 -7.726112296280749 152.19451663
      vertex -6.087399102099987 -7.358401468508789 152.19451663
    endloop
  endfacet
  facet normal -0.5620833778521306 -0.8270805742745618 0
    outer loop
      vertex -5.11714589204942 -8.063331688544244 7.996
      vertex -5.11714589204942 -8.063331688544244 152.19451663
      vertex -5.613349159393119 -7.726112296280749 152.19451663
    endloop
  endfacet
  facet normal -0.7071067811865476 -0.7071067811865476 0
    outer loop
      vertex -6.537424861618976 -6.961650391874482 7.996
      vertex -6.537424861618976 -6.961650391874482 152.19451663
      vertex -6.961650391874482 -6.537424861618976 152.19451663
    endloop
  endfacet
  facet normal -0.750111069630459 -0.6613118653236526 0
    outer loop
      vertex -6.961650391874482 -6.537424861618976 7.996
      vertex -6.961650391874482 -6.537424861618976 152.19451663
      vertex -7.358401468508789 -6.087399102099987 152.19451663
    endloop
  endfacet
  facet normal -0.8910065241883682 -0.4539904997395458 0
    outer loop
      vertex -8.368728794418898 -4.600747587671381 7.996
      vertex -8.368728794418898 -4.600747587671381 152.19451663
      vertex -8.641098351050486 -4.0661922344464445 152.19451663
    endloop
  endfacet
  facet normal -0.9177546256839809 -0.39714789063478095 0
    outer loop
      vertex -8.641098351050486 -4.0661922344464445 7.996
      vertex -8.641098351050486 -4.0661922344464445 152.19451663
      vertex -8.879365440232801 -3.515589478138674 152.19451663
    endloop
  endfacet
  facet normal -0.9602936856769425 -0.27899110603923105 0
    outer loop
      vertex -9.082589730618716 -2.9511122962807477 7.996
      vertex -9.082589730618716 -2.9511122962807477 152.19451663
      vertex -9.249969188778428 -2.374988422424364 152.19451663
    endloop
  endfacet
  facet normal -0.9408807689542257 -0.3387379202452904 0
    outer loop
      vertex -8.879365440232801 -3.515589478138674 7.996
      vertex -8.879365440232801 -3.515589478138674 152.19451663
      vertex -9.082589730618716 -2.9511122962807477 152.19451663
    endloop
  endfacet
  facet normal -0.9759167619387473 -0.21814324139654312 0
    outer loop
      vertex -9.249969188778428 -2.374988422424364 7.996
      vertex -9.249969188778428 -2.374988422424364 152.19451663
      vertex -9.380843244458978 -1.7894915542936698 152.19451663
    endloop
  endfacet
  facet normal -0.9876883405951379 -0.1564344650402301 0
    outer loop
      vertex -9.380843244458978 -1.7894915542936698 7.996
      vertex -9.380843244458978 -1.7894915542936698 152.19451663
      vertex -9.474695397553264 -1.1969323805391061 152.19451663
    endloop
  endfacet
  facet normal -0.9955619646030801 -0.09410831331851387 0
    outer loop
      vertex -9.474695397553264 -1.1969323805391061 7.996
      vertex -9.474695397553264 -1.1969323805391061 152.19451663
      vertex -9.531155256489994 -0.5996494615049418 152.19451663
    endloop
  endfacet
  facet normal -0.9995065603657316 -0.031410759078129 0
    outer loop
      vertex -9.531155256489994 -0.5996494615049418 7.996
      vertex -9.531155256489994 -0.5996494615049418 152.19451663
      vertex -9.55 0 152.19451663
    endloop
  endfacet
  facet normal -0.45399049973954814 -0.8910065241883671 0
    outer loop
      vertex -4.066192234446442 -8.641098351050488 7.996
      vertex -4.066192234446442 -8.641098351050488 152.19451663
      vertex -4.600747587671382 -8.368728794418896 152.19451663
    endloop
  endfacet
  facet normal -0.3971478906347802 -0.9177546256839815 0
    outer loop
      vertex -3.515589478138674 -8.879365440232801 7.996
      vertex -3.515589478138674 -8.879365440232801 152.19451663
      vertex -4.066192234446442 -8.641098351050488 152.19451663
    endloop
  endfacet
  facet normal -0.5090414157503692 -0.8607420270039449 0
    outer loop
      vertex -4.600747587671382 -8.368728794418896 7.996
      vertex -4.600747587671382 -8.368728794418896 152.19451663
      vertex -5.11714589204942 -8.063331688544244 152.19451663
    endloop
  endfacet
  facet normal -0.3387379202452904 -0.9408807689542257 0
    outer loop
      vertex -2.9511122962807477 -9.082589730618716 7.996
      vertex -2.9511122962807477 -9.082589730618716 152.19451663
      vertex -3.515589478138674 -8.879365440232801 152.19451663
    endloop
  endfacet
  facet normal -0.27899110603923105 -0.9602936856769425 0
    outer loop
      vertex -2.374988422424364 -9.249969188778428 7.996
      vertex -2.374988422424364 -9.249969188778428 152.19451663
      vertex -2.9511122962807477 -9.082589730618716 152.19451663
    endloop
  endfacet
  facet normal -0.21814324139654115 -0.9759167619387478 0
    outer loop
      vertex -1.7894915542936722 -9.380843244458976 7.996
      vertex -1.7894915542936722 -9.380843244458976 152.19451663
      vertex -2.374988422424364 -9.249969188778428 152.19451663
    endloop
  endfacet
  facet normal -0.15643446504023178 -0.9876883405951377 0
    outer loop
      vertex -1.196932380539104 -9.474695397553264 7.996
      vertex -1.196932380539104 -9.474695397553264 152.19451663
      vertex -1.7894915542936722 -9.380843244458976 152.19451663
    endloop
  endfacet
  facet normal -0.09410831331851423 -0.9955619646030801 0
    outer loop
      vertex -0.5996494615049418 -9.531155256489994 7.996
      vertex -0.5996494615049418 -9.531155256489994 152.19451663
      vertex -1.196932380539104 -9.474695397553264 152.19451663
    endloop
  endfacet
  facet normal -0.031410759078129 -0.9995065603657316 0
    outer loop
      vertex 0 -9.55 7.996
      vertex 0 -9.55 152.19451663
      vertex -0.5996494615049418 -9.531155256489994 152.19451663
    endloop
  endfacet
  facet normal -0.9995065603657315 0.03141075907813066 0
    outer loop
      vertex -9.55 0 4.0420464839865895
      vertex -9.55 0 7.996
      vertex -9.542548876014024 0.23709860966930132 4.0420464839865895
    endloop
  endfacet
  facet normal -0.9408807689542261 0.3387379202452895 0
    outer loop
      vertex -9.082589730618716 2.9511122962807477 7.996
      vertex -8.920091588026139 3.4024682508943456 0
      vertex -9.082589730618716 2.9511122962807477 0
    endloop
  endfacet
  facet normal -0.8607420270039453 0.5090414157503687 0
    outer loop
      vertex -8.368728794418898 4.600747587671381 7.996
      vertex -8.124533268561526 5.01365967185206 0
      vertex -8.368728794418898 4.600747587671381 0
    endloop
  endfacet
  facet normal -0.9995065603657316 0.031410759078129 0
    outer loop
      vertex -9.55 0 7.996
      vertex -9.531155256489994 0.5996494615049418 152.19451663
      vertex -9.531155256489994 0.5996494615049418 7.996
    endloop
  endfacet
  facet normal -0.9955619646030801 0.09410831331851387 0
    outer loop
      vertex -9.531155256489994 0.5996494615049418 7.996
      vertex -9.474695397553264 1.1969323805391061 152.19451663
      vertex -9.474695397553264 1.1969323805391061 7.996
    endloop
  endfacet
  facet normal -0.9876883405951379 0.1564344650402301 0
    outer loop
      vertex -9.474695397553264 1.1969323805391061 7.996
      vertex -9.380843244458978 1.7894915542936698 152.19451663
      vertex -9.380843244458978 1.7894915542936698 7.996
    endloop
  endfacet
  facet normal -0.9759167619387473 0.21814324139654312 0
    outer loop
      vertex -9.380843244458978 1.7894915542936698 7.996
      vertex -9.249969188778428 2.374988422424364 152.19451663
      vertex -9.249969188778428 2.374988422424364 7.996
    endloop
  endfacet
  facet normal -0.9602936856769425 0.27899110603923105 0
    outer loop
      vertex -9.249969188778428 2.374988422424364 7.996
      vertex -9.082589730618716 2.9511122962807477 152.19451663
      vertex -9.082589730618716 2.9511122962807477 7.996
    endloop
  endfacet
  facet normal -0.9408807689542257 0.3387379202452904 0
    outer loop
      vertex -9.082589730618716 2.9511122962807477 7.996
      vertex -8.879365440232801 3.515589478138674 152.19451663
      vertex -8.879365440232801 3.515589478138674 7.996
    endloop
  endfacet
  facet normal -0.9177546256839809 0.39714789063478095 0
    outer loop
      vertex -8.879365440232801 3.515589478138674 7.996
      vertex -8.641098351050486 4.0661922344464445 152.19451663
      vertex -8.641098351050486 4.0661922344464445 7.996
    endloop
  endfacet
  facet normal -0.8910065241883682 0.4539904997395458 0
    outer loop
      vertex -8.641098351050486 4.0661922344464445 7.996
      vertex -8.368728794418898 4.600747587671381 152.19451663
      vertex -8.368728794418898 4.600747587671381 7.996
    endloop
  endfacet
  facet normal -0.6129070536529778 0.7901550123756893 4.5852303434604166e-17
    outer loop
      vertex -5.763393193419355 7.609726213331366 7.996
      vertex -5.775903296386233 7.600022382778838 0
      vertex -5.998349796830422 7.4274751900795914 0
    endloop
  endfacet
  facet normal -0.5620833778521361 0.827080574274558 1.3133372893291204e-17
    outer loop
      vertex -5.560996524136965 7.761691110461036 7.996
      vertex -5.5693731049001896 7.7559983920528275 0
      vertex -5.613349159393119 7.726112296280749 0
    endloop
  endfacet
  facet normal -0.5620833778521309 0.8270805742745616 0
    outer loop
      vertex -5.117145892049418 8.063331688544245 7.996
      vertex -5.117145892049418 8.063331688544245 0
      vertex -5.470964148722158 7.822877049610426 0
    endloop
  endfacet
  facet normal -0.5090414157503699 0.8607420270039445 -4.478952787793466e-17
    outer loop
      vertex -4.883033297064493 8.201785491260182 7.996
      vertex -4.910094081186768 8.185781788142691 0
      vertex -5.009112869656911 8.127222239883876 0
    endloop
  endfacet
  facet normal -0.612907053652979 0.7901550123756883 3.051314741579282e-19
    outer loop
      vertex -6.007616112999046 7.420287498484682 7.996
      vertex -6.014791235654516 7.414721902851566 76.67919743806124
      vertex -5.998349796830422 7.4274751900795914 0
    endloop
  endfacet
  facet normal -0.6613118653236509 0.7501110696304604 0
    outer loop
      vertex -6.537424861618978 6.961650391874481 7.996
      vertex -6.087399102099988 7.358401468508787 76.84156594466555
      vertex -6.087399102099988 7.358401468508787 7.996
    endloop
  endfacet
  facet normal -0.6129070536529774 0.7901550123756896 0
    outer loop
      vertex -6.087399102099988 7.358401468508787 7.996
      vertex -6.087399102099988 7.358401468508787 76.84156594466555
      vertex -6.007616112999046 7.420287498484682 7.996
    endloop
  endfacet
  facet normal -0.6129070536529768 0.7901550123756902 7.240483533738125e-19
    outer loop
      vertex -5.763393193419355 7.609726213331366 7.996
      vertex -5.998349796830422 7.4274751900795914 0
      vertex -5.656874092261279 7.692350897635107 76.07911131531
    endloop
  endfacet
  facet normal -0.5620833778521287 0.8270805742745632 0
    outer loop
      vertex -5.613349159393119 7.726112296280749 7.996
      vertex -5.514590181312075 7.793228828477997 75.89745864272118
      vertex -5.613349159393119 7.726112296280749 0
    endloop
  endfacet
  facet normal -0.5620833778521365 0.827080574274558 1.4702423629113638e-17
    outer loop
      vertex -5.560996524136965 7.761691110461036 7.996
      vertex -5.613349159393119 7.726112296280749 0
      vertex -5.514590181312075 7.793228828477997 75.89745864272118
    endloop
  endfacet
  facet normal -0.5620833778521099 0.8270805742745759 -9.772165145138771e-17
    outer loop
      vertex -5.459418700613603 7.830723328042688 7.996
      vertex -5.1993524276553105 8.00746418463701 75.56607186049223
      vertex -5.470964148722158 7.822877049610426 0
    endloop
  endfacet
  facet normal -0.5620833778521311 0.8270805742745615 1.3667209261604196e-17
    outer loop
      vertex -5.117145892049418 8.063331688544245 7.996
      vertex -5.470964148722158 7.822877049610426 0
      vertex -5.1993524276553105 8.00746418463701 75.56607186049223
    endloop
  endfacet
  facet normal -0.5090414157503367 0.8607420270039642 -9.296691836092282e-17
    outer loop
      vertex -5.001353301362031 8.13181123578104 7.996
      vertex -4.845040836274715 8.224254169936865 75.28152713179588
      vertex -5.009112869656911 8.127222239883876 0
    endloop
  endfacet
  facet normal -0.5090414157503725 0.8607420270039428 1.2732639640787995e-17
    outer loop
      vertex -4.883033297064493 8.201785491260182 7.996
      vertex -5.009112869656911 8.127222239883876 0
      vertex -4.845040836274715 8.224254169936865 75.28152713179588
    endloop
  endfacet
  facet normal -0.6129070536529774 0.7901550123756897 0
    outer loop
      vertex -5.613349159393119 7.726112296280749 7.996
      vertex -5.763393193419355 7.609726213331366 7.996
      vertex -5.613349159393119 7.726112296280749 76.02285887180443
    endloop
  endfacet
  facet normal -0.5620833778521332 0.82708057427456 1.1365621471162806e-17
    outer loop
      vertex -5.459418700613603 7.830723328042688 7.996
      vertex -5.560996524136965 7.761691110461036 7.996
      vertex -5.361622834803095 7.897185329816769 75.72622022777796
    endloop
  endfacet
  facet normal -0.509041415750372 0.8607420270039432 1.8206415080314726e-17
    outer loop
      vertex -5.001353301362031 8.13181123578104 7.996
      vertex -5.117145892049418 8.063331688544245 7.996
      vertex -4.845040836274715 8.224254169936865 75.28152713179588
    endloop
  endfacet
  facet normal -0.8607420270039445 0.5090414157503699 0
    outer loop
      vertex -8.368728794418898 4.600747587671381 7.996
      vertex -8.063331688544245 5.117145892049418 152.19451663
      vertex -8.063331688544245 5.117145892049418 7.996
    endloop
  endfacet
  facet normal -0.8270805742745614 0.5620833778521312 0
    outer loop
      vertex -8.063331688544245 5.117145892049418 7.996
      vertex -7.726112296280749 5.613349159393119 152.19451663
      vertex -7.726112296280749 5.613349159393119 7.996
    endloop
  endfacet
  facet normal -0.7901550123756899 0.6129070536529773 0
    outer loop
      vertex -7.726112296280749 5.613349159393119 7.996
      vertex -7.358401468508787 6.087399102099988 152.19451663
      vertex -7.358401468508787 6.087399102099988 7.996
    endloop
  endfacet
  facet normal -0.7501110696304604 0.661311865323651 0
    outer loop
      vertex -6.961650391874481 6.537424861618978 7.996
      vertex -7.358401468508787 6.087399102099988 7.996
      vertex -6.961650391874481 6.537424861618978 152.19451663
    endloop
  endfacet
  facet normal -0.7071067811865475 0.7071067811865475 0
    outer loop
      vertex -6.961650391874481 6.537424861618978 7.996
      vertex -6.537424861618978 6.961650391874481 152.19451663
      vertex -6.537424861618978 6.961650391874481 7.996
    endloop
  endfacet
  facet normal -0.66131186532365 0.7501110696304611 -2.2456145583210742e-18
    outer loop
      vertex -6.537424861618978 6.961650391874481 7.996
      vertex -6.4005362119038995 7.082333970546785 78.05314569920301
      vertex -6.367918797838455 7.1110900892216895 77.81395949423313
    endloop
  endfacet
  facet normal -0.6613118653236506 0.7501110696304605 1.6186222396480554e-18
    outer loop
      vertex -6.537424861618978 6.961650391874481 7.996
      vertex -6.367918797838455 7.1110900892216895 77.81395949423313
      vertex -6.322434782477002 7.15118964281968 77.57762398570776
    endloop
  endfacet
  facet normal -0.6613118653236512 0.7501110696304601 3.8106897557035114e-18
    outer loop
      vertex -6.537424861618978 6.961650391874481 7.996
      vertex -6.322434782477002 7.15118964281968 77.57762398570776
      vertex -6.264263667985065 7.202474378894259 77.34507187455893
    endloop
  endfacet
  facet normal -0.661311865323652 0.7501110696304594 8.39460864789754e-18
    outer loop
      vertex -6.537424861618978 6.961650391874481 7.996
      vertex -6.264263667985065 7.202474378894259 77.34507187455893
      vertex -6.193635031358568 7.2647418980974425 77.11722095310688
    endloop
  endfacet
  facet normal -0.6613118653236477 0.7501110696304634 -1.0648646692093248e-17
    outer loop
      vertex -6.537424861618978 6.961650391874481 7.996
      vertex -6.4267075981289885 7.0592607898628295 78.53628684580326
      vertex -6.420158290149078 7.065034781545031 78.29423864930868
    endloop
  endfacet
  facet normal -0.6613118653236456 0.750111069630465 -1.7563403303434583e-17
    outer loop
      vertex -6.537424861618978 6.961650391874481 7.996
      vertex -6.420158290149078 7.065034781545031 78.29423864930868
      vertex -6.4005362119038995 7.082333970546785 78.05314569920301
    endloop
  endfacet
  facet normal -0.6613118653236508 0.7501110696304604 0
    outer loop
      vertex -6.537424861618978 6.961650391874481 7.996
      vertex -6.4267075981289885 7.0592607898628295 80.46371315419674
      vertex -6.4267075981289885 7.0592607898628295 78.53628684580326
    endloop
  endfacet
  facet normal -0.612907053652976 0.7901550123756906 1.3223582639293156e-18
    outer loop
      vertex -5.906601689603642 7.498642317032988 76.47075352072716
      vertex -5.998349796830422 7.4274751900795914 0
      vertex -6.014791235654516 7.414721902851566 76.67919743806124
    endloop
  endfacet
  facet normal -0.6613118653236503 0.7501110696304609 -7.179033350799503e-18
    outer loop
      vertex -6.537424861618978 6.961650391874481 7.996
      vertex -6.193635031358568 7.2647418980974425 77.11722095310688
      vertex -6.11082760067599 7.3377464685730285 76.89497043192387
    endloop
  endfacet
  facet normal -0.6613118653236542 0.7501110696304575 2.5436772193193516e-17
    outer loop
      vertex -6.537424861618978 6.961650391874481 7.996
      vertex -6.11082760067599 7.3377464685730285 76.89497043192387
      vertex -6.087399102099988 7.358401468508787 76.84156594466555
    endloop
  endfacet
  facet normal -0.6129070536529772 0.7901550123756899 6.185749971451033e-19
    outer loop
      vertex -6.007616112999046 7.420287498484682 7.996
      vertex -6.087399102099988 7.358401468508787 76.84156594466555
      vertex -6.014791235654516 7.414721902851566 76.67919743806124
    endloop
  endfacet
  facet normal -0.612907053652978 0.7901550123756892 5.0912032078398026e-18
    outer loop
      vertex -5.787138820884008 7.5913072166300175 76.27046132832766
      vertex -5.998349796830422 7.4274751900795914 0
      vertex -5.906601689603642 7.498642317032988 76.47075352072716
    endloop
  endfacet
  facet normal -0.6129070536529764 0.7901550123756905 -2.7480605024001718e-18
    outer loop
      vertex -5.656874092261279 7.692350897635107 76.07911131531
      vertex -5.998349796830422 7.4274751900795914 0
      vertex -5.787138820884008 7.5913072166300175 76.27046132832766
    endloop
  endfacet
  facet normal -0.6129070536529796 0.790155012375688 7.385973688621988e-18
    outer loop
      vertex -5.763393193419355 7.609726213331366 7.996
      vertex -5.656874092261279 7.692350897635107 76.07911131531
      vertex -5.613349159393119 7.726112296280749 76.02285887180443
    endloop
  endfacet
  facet normal -0.5620833778521287 0.8270805742745632 0
    outer loop
      vertex -5.613349159393119 7.726112296280749 7.996
      vertex -5.613349159393119 7.726112296280749 76.02285887180443
      vertex -5.514590181312075 7.793228828477997 75.89745864272118
    endloop
  endfacet
  facet normal -0.5620833778521334 0.82708057427456 1.1663390332872864e-17
    outer loop
      vertex -5.560996524136965 7.761691110461036 7.996
      vertex -5.514590181312075 7.793228828477997 75.89745864272118
      vertex -5.361622834803095 7.897185329816769 75.72622022777796
    endloop
  endfacet
  facet normal -0.5620833778521268 0.8270805742745644 -1.8250125715666126e-18
    outer loop
      vertex -5.459418700613603 7.830723328042688 7.996
      vertex -5.361622834803095 7.897185329816769 75.72622022777796
      vertex -5.1993524276553105 8.00746418463701 75.56607186049223
    endloop
  endfacet
  facet normal -0.5620833778521389 0.8270805742745563 0
    outer loop
      vertex -5.117145892049418 8.063331688544245 7.996
      vertex -5.1993524276553105 8.00746418463701 75.56607186049223
      vertex -5.117145892049418 8.063331688544245 75.49468945795547
    endloop
  endfacet
  facet normal -0.5090414157503759 0.8607420270039409 0
    outer loop
      vertex -5.117145892049418 8.063331688544245 7.996
      vertex -5.117145892049418 8.063331688544245 75.49468945795547
      vertex -5.02694171612918 8.116678289472823 75.41764556616545
    endloop
  endfacet
  facet normal -0.5090414157503652 0.8607420270039473 -1.9095638399441832e-17
    outer loop
      vertex -5.117145892049418 8.063331688544245 7.996
      vertex -5.02694171612918 8.116678289472823 75.41764556616545
      vertex -4.845040836274715 8.224254169936865 75.28152713179588
    endloop
  endfacet
  facet normal -0.5090414157503739 0.8607420270039421 1.38275089812385e-17
    outer loop
      vertex -4.6557367425447245 8.336208298881953 75.15825375169516
      vertex -4.883033297064493 8.201785491260182 7.996
      vertex -4.845040836274715 8.224254169936865 75.28152713179588
    endloop
  endfacet
  facet normal -0.5090414157503703 0.8607420270039443 0
    outer loop
      vertex -4.600747587671382 8.368728794418898 7.996
      vertex -4.883033297064493 8.201785491260182 7.996
      vertex -4.600747587671382 8.368728794418898 17.96757095733284
    endloop
  endfacet
  facet normal -0.5090414157503712 0.8607420270039439 1.18688689632187e-17
    outer loop
      vertex -4.622242458164692 8.35601676344561 18.10328421741724
      vertex -4.883033297064493 8.201785491260182 7.996
      vertex -4.644242696464062 8.343005858784966 18.336022451519966
    endloop
  endfacet
  facet normal -0.5090414157503651 0.8607420270039472 -1.9503031846805567e-16
    outer loop
      vertex -4.622242458164692 8.35601676344561 18.10328421741724
      vertex -4.600747587671382 8.368728794418898 17.96757095733284
      vertex -4.883033297064493 8.201785491260182 7.996
    endloop
  endfacet
  facet normal -0.5090414157503667 0.8607420270039463 -1.2894113263699353e-16
    outer loop
      vertex -4.644242696464062 8.343005858784966 18.336022451519966
      vertex -4.883033297064493 8.201785491260182 7.996
      vertex -4.6515857726335526 8.338663175644129 18.569682843983173
    endloop
  endfacet
  facet normal -0.4539904997395346 0.891006524188374 -1.4585208747755744e-16
    outer loop
      vertex -4.344821029818864 8.499129888846264 7.996
      vertex -4.386983122700593 8.477647229519075 0
      vertex -4.508913953382366 8.415520368208718 0
    endloop
  endfacet
  facet normal -0.45399049973955635 0.891006524188363 2.4359285984349727e-17
    outer loop
      vertex -4.2312816579439305 8.556981088336155 7.996
      vertex -4.172449624427998 8.586957506658033 0
      vertex -4.2845384339889705 8.529845405583181 0
    endloop
  endfacet
  facet normal -0.45399049973954164 0.8910065241883707 -9.897853275826394e-17
    outer loop
      vertex -4.2312816579439305 8.556981088336155 7.996
      vertex -4.2845384339889705 8.529845405583181 0
      vertex -4.290603363571418 8.526755169611533 7.996
    endloop
  endfacet
  facet normal -0.4539904997395537 0.8910065241883643 1.7541409486865244e-16
    outer loop
      vertex -4.490801035414034 8.424749360878186 7.996
      vertex -4.3902652114629745 8.475974921767142 17.199792496860027
      vertex -4.508913953382366 8.415520368208718 0
    endloop
  endfacet
  facet normal -0.45399049973954364 0.8910065241883695 8.909363616082336e-17
    outer loop
      vertex -4.344821029818864 8.499129888846264 7.996
      vertex -4.508913953382366 8.415520368208718 0
      vertex -4.3902652114629745 8.475974921767142 17.199792496860027
    endloop
  endfacet
  facet normal -0.3971478906347927 0.9177546256839759 1.7032038372973905e-16
    outer loop
      vertex -3.749548078409513 8.77812251320949 3.2884053076432895
      vertex -3.6430052295327187 8.824227720973607 16.02229918539524
      vertex -3.7462084653205423 8.779567692843244 0
    endloop
  endfacet
  facet normal -0.39714789063477773 0.9177546256839824 0
    outer loop
      vertex -3.5155894781386747 8.879365440232801 15.894883434001201
      vertex -3.5155894781386747 8.879365440232801 0
      vertex -3.7462084653205423 8.779567692843244 0
    endloop
  endfacet
  facet normal -0.3971478906347694 0.9177546256839859 -6.153144447068585e-17
    outer loop
      vertex -3.749548078409513 8.77812251320949 3.2884053076432895
      vertex -3.7558140909655733 8.775410967443676 7.996
      vertex -3.6430052295327187 8.824227720973607 16.02229918539524
    endloop
  endfacet
  facet normal -0.45399049973955014 0.8910065241883662 2.946272953910565e-17
    outer loop
      vertex -4.490801035414034 8.424749360878186 7.996
      vertex -4.600747587671382 8.368728794418898 7.996
      vertex -4.469453915953636 8.435626261516656 17.419747598469257
    endloop
  endfacet
  facet normal -0.4539904997395519 0.8910065241883652 1.783896654439901e-17
    outer loop
      vertex -4.344821029818864 8.499129888846264 7.996
      vertex -4.2974216639995575 8.523281072021097 16.98524373024702
      vertex -4.290603363571418 8.526755169611533 7.996
    endloop
  endfacet
  facet normal -0.45399049973954164 0.8910065241883706 2.7535816567025967e-17
    outer loop
      vertex -4.2312816579439305 8.556981088336155 7.996
      vertex -4.290603363571418 8.526755169611533 7.996
      vertex -4.2974216639995575 8.523281072021097 16.98524373024702
    endloop
  endfacet
  facet normal -0.45399049973954114 0.8910065241883707 3.8592376444799915e-18
    outer loop
      vertex -4.490801035414034 8.424749360878186 7.996
      vertex -4.469453915953636 8.435626261516656 17.419747598469257
      vertex -4.3902652114629745 8.475974921767142 17.199792496860027
    endloop
  endfacet
  facet normal -0.45399049973955347 0.8910065241883645 2.7902699826640163e-17
    outer loop
      vertex -4.344821029818864 8.499129888846264 7.996
      vertex -4.3902652114629745 8.475974921767142 17.199792496860027
      vertex -4.2974216639995575 8.523281072021097 16.98524373024702
    endloop
  endfacet
  facet normal -0.4539904997395521 0.891006524188365 -7.047952473768696e-17
    outer loop
      vertex -4.2312816579439305 8.556981088336155 7.996
      vertex -4.2974216639995575 8.523281072021097 16.98524373024702
      vertex -4.191289700567722 8.57735800839443 16.776948019862175
    endloop
  endfacet
  facet normal -0.45399049973955363 0.8910065241883643 0
    outer loop
      vertex -4.600747587671382 8.368728794418898 7.996
      vertex -4.600747587671382 8.368728794418898 17.96757095733284
      vertex -4.5856718719005585 8.376410255273477 17.872386641800404
    endloop
  endfacet
  facet normal -0.45399049973955036 0.8910065241883662 -6.4770176658826805e-18
    outer loop
      vertex -4.600747587671382 8.368728794418898 7.996
      vertex -4.5856718719005585 8.376410255273477 17.872386641800404
      vertex -4.534675270318985 8.402394321617017 17.644240975379944
    endloop
  endfacet
  facet normal -0.45399049973954586 0.8910065241883683 -4.5594100204227325e-17
    outer loop
      vertex -4.600747587671382 8.368728794418898 7.996
      vertex -4.534675270318985 8.402394321617017 17.644240975379944
      vertex -4.469453915953636 8.435626261516656 17.419747598469257
    endloop
  endfacet
  facet normal -0.45399049973954797 0.8910065241883672 0
    outer loop
      vertex -4.0661922344464445 8.641098351050488 7.996
      vertex -4.2312816579439305 8.556981088336155 7.996
      vertex -4.0661922344464445 8.641098351050488 16.566757523746276
    endloop
  endfacet
  facet normal -0.4539904997395467 0.8910065241883679 -1.0164949335625554e-16
    outer loop
      vertex -4.2312816579439305 8.556981088336155 7.996
      vertex -4.191289700567722 8.57735800839443 16.776948019862175
      vertex -4.072288163006306 8.63799232031094 16.57572741061449
    endloop
  endfacet
  facet normal -0.4539904997394693 0.8910065241884074 -1.8987070612122202e-15
    outer loop
      vertex -4.2312816579439305 8.556981088336155 7.996
      vertex -4.072288163006306 8.63799232031094 16.57572741061449
      vertex -4.0661922344464445 8.641098351050488 16.566757523746276
    endloop
  endfacet
  facet normal -0.3971478906347809 0.917754625683981 0
    outer loop
      vertex -4.0661922344464445 8.641098351050488 7.996
      vertex -4.0661922344464445 8.641098351050488 16.566757523746276
      vertex -3.9408867061138153 8.695322895247246 16.38237603008747
    endloop
  endfacet
  facet normal -0.3971478906347789 0.9177546256839819 -3.639656612364478e-17
    outer loop
      vertex -4.0661922344464445 8.641098351050488 7.996
      vertex -3.9408867061138153 8.695322895247246 16.38237603008747
      vertex -3.7976039052009583 8.757326899971684 16.197656959295273
    endloop
  endfacet
  facet normal -0.3971478906347794 0.9177546256839817 1.0480794617867957e-16
    outer loop
      vertex -4.0661922344464445 8.641098351050488 7.996
      vertex -3.6430052295327187 8.824227720973607 16.02229918539524
      vertex -3.7558140909655733 8.775410967443676 7.996
    endloop
  endfacet
  facet normal -0.3971478906347835 0.9177546256839798 9.995630044375608e-17
    outer loop
      vertex -3.5155894781386747 8.879365440232801 15.894883434001201
      vertex -3.7462084653205423 8.779567692843244 0
      vertex -3.6430052295327187 8.824227720973607 16.02229918539524
    endloop
  endfacet
  facet normal -0.39714789063477424 0.9177546256839838 -2.1307009485277779e-16
    outer loop
      vertex -4.0661922344464445 8.641098351050488 7.996
      vertex -3.7976039052009583 8.757326899971684 16.197656959295273
      vertex -3.6430052295327187 8.824227720973607 16.02229918539524
    endloop
  endfacet
  facet normal -0.33873792024529076 0.9408807689542256 1.601602098815804e-16
    outer loop
      vertex -3.3123821031774883 8.952524596891264 1.960802212557951
      vertex -3.3176054493595935 8.950644076552418 0
      vertex -3.5155894781386747 8.879365440232801 0
    endloop
  endfacet
  facet normal -0.3387379202452895 0.9408807689542261 4.6724466987760064e-18
    outer loop
      vertex -3.3123821031774883 8.952524596891264 1.960802212557951
      vertex -3.5155894781386747 8.879365440232801 0
      vertex -3.302343040704727 8.95613888177777 15.702396094799042
    endloop
  endfacet
  facet normal -0.3387379202452901 0.940880768954226 -2.145608479416526e-16
    outer loop
      vertex -3.128368974417819 9.018773399705207 6.508760581547525
      vertex -3.2175899410299635 8.986651875204217 0
      vertex -3.287714044928332 8.961405644334816 0
    endloop
  endfacet
  facet normal -0.338737920245276 0.940880768954231 -2.1217638712386596e-16
    outer loop
      vertex -3.3123821031774883 8.952524596891264 1.960802212557951
      vertex -3.117623969912529 9.022641839362224 15.559113293886185
      vertex -3.287714044928332 8.961405644334816 0
    endloop
  endfacet
  facet normal -0.33873792024530147 0.9408807689542217 1.0340867564685453e-16
    outer loop
      vertex -3.128368974417819 9.018773399705207 6.508760581547525
      vertex -3.287714044928332 8.961405644334816 0
      vertex -3.117623969912529 9.022641839362224 15.559113293886185
    endloop
  endfacet
  facet normal -0.3387379202452796 0.9408807689542298 0
    outer loop
      vertex -2.9511122962807477 9.082589730618716 7.996
      vertex -2.9511122962807477 9.082589730618716 0
      vertex -2.994570372630701 9.066943860401807 0
    endloop
  endfacet
  facet normal -0.33873792024530996 0.9408807689542189 1.8624482373564728e-16
    outer loop
      vertex -2.9511122962807477 9.082589730618716 7.996
      vertex -2.994570372630701 9.066943860401807 0
      vertex -2.9720731658126733 9.075043353239073 7.996
    endloop
  endfacet
  facet normal -0.2789911060392296 0.960293685676943 0
    outer loop
      vertex -2.3749884224243636 9.249969188778428 15.1420953839324
      vertex -2.3749884224243636 9.249969188778428 0
      vertex -2.5783948890174933 9.19087414740018 0
    endloop
  endfacet
  facet normal -0.27899110603924543 0.9602936856769383 9.36491955635373e-17
    outer loop
      vertex -2.562858331674855 9.195387934569371 7.996
      vertex -2.5147562697529793 9.209362875421858 15.202578336000443
      vertex -2.5783948890174933 9.19087414740018 0
    endloop
  endfacet
  facet normal -0.3387379202452938 0.9408807689542247 0
    outer loop
      vertex -3.477700814604759 8.893006198456202 15.856994770467281
      vertex -3.5155894781386747 8.879365440232801 0
      vertex -3.5155894781386747 8.879365440232801 15.894883434001201
    endloop
  endfacet
  facet normal -0.3387379202452882 0.9408807689542266 -1.5082810660018136e-17
    outer loop
      vertex -3.477700814604759 8.893006198456202 15.856994770467281
      vertex -3.302343040704727 8.95613888177777 15.702396094799042
      vertex -3.5155894781386747 8.879365440232801 0
    endloop
  endfacet
  facet normal -0.33873792024528937 0.9408807689542261 4.5788333283383316e-18
    outer loop
      vertex -3.3123821031774883 8.952524596891264 1.960802212557951
      vertex -3.302343040704727 8.95613888177777 15.702396094799042
      vertex -3.117623969912529 9.022641839362224 15.559113293886185
    endloop
  endfacet
  facet normal -0.33873792024529764 0.9408807689542233 9.820790511784463e-17
    outer loop
      vertex -3.128368974417819 9.018773399705207 6.508760581547525
      vertex -3.117623969912529 9.022641839362224 15.559113293886185
      vertex -3.098871663222167 9.029393085192401 7.996
    endloop
  endfacet
  facet normal -0.3387379202452827 0.9408807689542286 -8.639075422496699e-17
    outer loop
      vertex -2.9720731658126733 9.075043353239073 7.996
      vertex -3.098871663222167 9.029393085192401 7.996
      vertex -2.9511122962807477 9.082589730618716 15.44595208218351
    endloop
  endfacet
  facet normal -0.33873792024529176 0.9408807689542253 1.1489344237797951e-16
    outer loop
      vertex -3.098871663222167 9.029393085192401 7.996
      vertex -3.117623969912529 9.022641839362224 15.559113293886185
      vertex -2.9511122962807477 9.082589730618716 15.44595208218351
    endloop
  endfacet
  facet normal -0.33873792024530985 0.9408807689542188 0
    outer loop
      vertex -2.9511122962807477 9.082589730618716 7.996
      vertex -2.9720731658126733 9.075043353239073 7.996
      vertex -2.9511122962807477 9.082589730618716 15.44595208218351
    endloop
  endfacet
  facet normal -0.2789911060392533 0.960293685676936 0
    outer loop
      vertex -2.9511122962807477 9.082589730618716 7.996
      vertex -2.9511122962807477 9.082589730618716 15.44595208218351
      vertex -2.9242725893855095 9.090387386298596 15.427711836993694
    endloop
  endfacet
  facet normal -0.2789911060392296 0.9602936856769431 -9.309604441351925e-17
    outer loop
      vertex -2.9511122962807477 9.082589730618716 7.996
      vertex -2.9242725893855095 9.090387386298596 15.427711836993694
      vertex -2.723051980137825 9.148847377413007 15.308710299432278
    endloop
  endfacet
  facet normal -0.27899110603922866 0.9602936856769432 -1.2057208274502414e-16
    outer loop
      vertex -2.9511122962807477 9.082589730618716 7.996
      vertex -2.723051980137825 9.148847377413007 15.308710299432278
      vertex -2.5147562697529793 9.209362875421858 15.202578336000443
    endloop
  endfacet
  facet normal -0.27899110603923033 0.9602936856769427 -1.637276437795583e-17
    outer loop
      vertex -2.562858331674855 9.195387934569371 7.996
      vertex -2.9511122962807477 9.082589730618716 7.996
      vertex -2.5147562697529793 9.209362875421858 15.202578336000443
    endloop
  endfacet
  facet normal -0.27899110603923183 0.9602936856769424 3.1302844072861026e-17
    outer loop
      vertex -2.3749884224243636 9.249969188778428 15.1420953839324
      vertex -2.5783948890174933 9.19087414740018 0
      vertex -2.5147562697529793 9.209362875421858 15.202578336000443
    endloop
  endfacet
  facet normal -0.509041415750371 0.8607420270039439 7.243512801375189e-19
    outer loop
      vertex -4.6515857726335526 8.338663175644129 18.569682843983173
      vertex -4.883033297064493 8.201785491260182 7.996
      vertex -4.6557367425447245 8.336208298881953 75.15825375169516
    endloop
  endfacet
  facet normal -0.33873792024529387 0.9408807689542247 6.348478726029332e-17
    outer loop
      vertex -3.477700814604759 8.893006198456202 23.14300522953272
      vertex -3.5155894781386747 8.879365440232801 23.105116565998827
      vertex -3.071224191158221 9.039346787612518 48.65606528003218
    endloop
  endfacet
  facet normal -0.3387379202452881 0.9408807689542267 -3.8481675638063116e-17
    outer loop
      vertex -3.477700814604759 8.893006198456202 23.14300522953272
      vertex -3.071224191158221 9.039346787612518 48.65606528003218
      vertex -3.302343040704727 8.95613888177777 23.29760390520096
    endloop
  endfacet
  facet normal -0.33873792024528937 0.9408807689542262 -2.983544190478754e-17
    outer loop
      vertex -3.302343040704727 8.95613888177777 23.29760390520096
      vertex -2.9934662070526685 9.067341384470584 48.41430318583252
      vertex -3.117623969912529 9.022641839362224 23.440886706113815
    endloop
  endfacet
  facet normal -0.3387379202452918 0.9408807689542253 -1.6639441592254246e-17
    outer loop
      vertex -2.9511122962807477 9.082589730618716 23.55404791781649
      vertex -3.117623969912529 9.022641839362224 23.440886706113815
      vertex -2.9934662070526685 9.067341384470584 48.41430318583252
    endloop
  endfacet
  facet normal -0.27899110603925353 0.9602936856769361 3.0742587043185264e-16
    outer loop
      vertex -2.9242725893855095 9.090387386298596 23.572288163006306
      vertex -2.9511122962807477 9.082589730618716 23.55404791781649
      vertex -2.666388563162754 9.165309621838464 47.72205747891667
    endloop
  endfacet
  facet normal -0.27899110603922944 0.960293685676943 -2.0261828930378536e-17
    outer loop
      vertex -2.9242725893855095 9.090387386298596 23.572288163006306
      vertex -2.526746630687413 9.205879353548497 47.50535836298468
      vertex -2.723051980137825 9.148847377413007 23.691289700567722
    endloop
  endfacet
  facet normal -0.27899110603922866 0.9602936856769433 -2.0137272814632066e-17
    outer loop
      vertex -2.3749884224243636 9.249969188778428 47.300421227473066
      vertex -2.5147562697529793 9.209362875421858 23.797421663999557
      vertex -2.723051980137825 9.148847377413007 23.691289700567722
    endloop
  endfacet
  facet normal -0.2789911060392318 0.9602936856769423 0
    outer loop
      vertex -2.3749884224243636 9.249969188778428 23.8579046160676
      vertex -2.5147562697529793 9.209362875421858 23.797421663999557
      vertex -2.3749884224243636 9.249969188778428 47.300421227473066
    endloop
  endfacet
  facet normal -0.21814324139654565 0.9759167619387467 8.788865253504686e-17
    outer loop
      vertex -2.1237695145706077 9.30612326768824 7.996
      vertex -2.173234374379531 9.295066561548152 0
      vertex -2.3749884224243636 9.249969188778428 0
    endloop
  endfacet
  facet normal -0.21814324139654245 0.9759167619387475 -1.9681973421343906e-17
    outer loop
      vertex -2.1237695145706077 9.30612326768824 7.996
      vertex -2.3749884224243636 9.249969188778428 0
      vertex -2.0802524015307426 9.31585049491188 15.030546084046364
    endloop
  endfacet
  facet normal -0.21814324139655214 0.9759167619387452 0
    outer loop
      vertex -1.7894915542936702 9.380843244458978 14.95051219418528
      vertex -1.7894915542936702 9.380843244458978 0
      vertex -1.8570111335825639 9.365750830373836 0
    endloop
  endfacet
  facet normal -0.21814324139651559 0.9759167619387534 -1.8094374096778145e-18
    outer loop
      vertex -1.8762936104898664 9.361440686129201 3.0450242839486013
      vertex -1.8557590246200562 9.366030709886429 14.965324729681015
      vertex -1.8570111335825639 9.365750830373836 0
    endloop
  endfacet
  facet normal -0.21814324139654573 0.9759167619387467 6.21639588629063e-17
    outer loop
      vertex -1.9785395543725002 9.338586009902617 3.4048330038013717
      vertex -2.018707470416793 9.329607416903928 7.996
      vertex -1.8557590246200562 9.366030709886429 14.965324729681015
    endloop
  endfacet
  facet normal -0.2181432413965447 0.9759167619387469 5.086848149942154e-17
    outer loop
      vertex -1.8762936104898664 9.361440686129201 3.0450242839486013
      vertex -1.9785395543725002 9.338586009902617 3.4048330038013717
      vertex -1.8557590246200562 9.366030709886429 14.965324729681015
    endloop
  endfacet
  facet normal -0.15643446504022532 0.9876883405951387 -1.4400578567552514e-15
    outer loop
      vertex -1.411002762900536 9.44078997985289 1.088284657687426
      vertex -1.7894915542936702 9.380843244458978 0
      vertex -1.5418968663165935 9.420058390541556 1.0419897190209468
    endloop
  endfacet
  facet normal -0.15643446504022923 0.9876883405951381 -4.245313503079481e-17
    outer loop
      vertex -1.411002762900536 9.44078997985289 1.088284657687426
      vertex -1.3908281477634445 9.44398532498014 0
      vertex -1.7894915542936702 9.380843244458978 0
    endloop
  endfacet
  facet normal -0.15643446504023145 0.9876883405951377 4.4664023312931145e-17
    outer loop
      vertex -1.5418968663165935 9.420058390541556 1.0419897190209468
      vertex -1.7894915542936702 9.380843244458978 0
      vertex -1.5254863746628655 9.422657557077581 7.996
    endloop
  endfacet
  facet normal -0.15643446504023234 0.9876883405951375 7.487236639616545e-17
    outer loop
      vertex -1.5254863746628655 9.422657557077581 7.996
      vertex -1.7894915542936702 9.380843244458978 0
      vertex -1.6276133581995964 9.406482231948083 14.914328128099442
    endloop
  endfacet
  facet normal -0.2181432413965454 0.9759167619387467 0
    outer loop
      vertex -2.3749884224243636 9.249969188778428 15.1420953839324
      vertex -2.3002075031399727 9.266684704653883 15.109734788537025
      vertex -2.3749884224243636 9.249969188778428 0
    endloop
  endfacet
  facet normal -0.21814324139654265 0.9759167619387474 -1.4237608240098064e-17
    outer loop
      vertex -2.0802524015307426 9.31585049491188 15.030546084046364
      vertex -2.3749884224243636 9.249969188778428 0
      vertex -2.3002075031399727 9.266684704653883 15.109734788537025
    endloop
  endfacet
  facet normal -0.21814324139653896 0.9759167619387481 -1.0404446943519573e-16
    outer loop
      vertex -2.018707470416793 9.329607416903928 7.996
      vertex -2.1237695145706077 9.30612326768824 7.996
      vertex -1.8557590246200562 9.366030709886429 14.965324729681015
    endloop
  endfacet
  facet normal -0.21814324139655245 0.9759167619387452 1.2802937849644394e-18
    outer loop
      vertex -1.7894915542936702 9.380843244458978 14.95051219418528
      vertex -1.8570111335825639 9.365750830373836 0
      vertex -1.8557590246200562 9.366030709886429 14.965324729681015
    endloop
  endfacet
  facet normal -0.2181432413965408 0.9759167619387477 -2.996274610396347e-17
    outer loop
      vertex -2.1237695145706077 9.30612326768824 7.996
      vertex -2.0802524015307426 9.31585049491188 15.030546084046364
      vertex -1.8557590246200562 9.366030709886429 14.965324729681015
    endloop
  endfacet
  facet normal -0.15643446504022562 0.9876883405951385 0
    outer loop
      vertex -1.7894915542936702 9.380843244458978 14.95051219418528
      vertex -1.6276133581995964 9.406482231948083 14.914328128099442
      vertex -1.7894915542936702 9.380843244458978 0
    endloop
  endfacet
  facet normal -0.15643446504023562 0.987688340595137 2.4995924119506288e-17
    outer loop
      vertex -1.5254863746628655 9.422657557077581 7.996
      vertex -1.6276133581995964 9.406482231948083 14.914328128099442
      vertex -1.3967157825827599 9.443052815234449 14.877757541835308
    endloop
  endfacet
  facet normal -0.15643446504022965 0.9876883405951379 0
    outer loop
      vertex -1.1969323805391057 9.474695397553264 7.996
      vertex -1.5254863746628655 9.422657557077581 7.996
      vertex -1.1969323805391057 9.474695397553264 14.858872452025452
    endloop
  endfacet
  facet normal -0.15643446504022668 0.9876883405951384 -1.461711888793863e-16
    outer loop
      vertex -1.5254863746628655 9.422657557077581 7.996
      vertex -1.3967157825827599 9.443052815234449 14.877757541835308
      vertex -1.1969323805391057 9.474695397553264 14.858872452025452
    endloop
  endfacet
  facet normal -0.0941083133185144 0.9955619646030801 1.0234412055461837e-16
    outer loop
      vertex -1.158537279709205 9.478324803162623 7.996
      vertex -1.1138027711805967 9.482553459232705 0
      vertex -1.1969323805391057 9.474695397553264 0
    endloop
  endfacet
  facet normal -0.09410831331851745 0.9955619646030796 0
    outer loop
      vertex -0.5996494615049428 9.531155256489994 7.996
      vertex -0.5996494615049428 9.531155256489994 0
      vertex -0.7138909462381713 9.52035625670746 0
    endloop
  endfacet
  facet normal -0.09410831331849324 0.9955619646030819 0
    outer loop
      vertex -1.158537279709205 9.478324803162623 7.996
      vertex -1.1969323805391057 9.474695397553264 0
      vertex -1.1969323805391057 9.474695397553264 7.996
    endloop
  endfacet
  facet normal -0.09410831331852136 0.9955619646030794 5.581808145422143e-17
    outer loop
      vertex -0.5996494615049428 9.531155256489994 7.996
      vertex -0.7138909462381713 9.52035625670746 0
      vertex -0.6523709146752512 9.526171611865184 7.996
    endloop
  endfacet
  facet normal -0.09410831331849326 0.995561964603082 0
    outer loop
      vertex -1.158537279709205 9.478324803162623 7.996
      vertex -1.1969323805391057 9.474695397553264 7.996
      vertex -1.1969323805391057 9.474695397553264 14.858872452025452
    endloop
  endfacet
  facet normal -0.09410831331852997 0.9955619646030786 -2.071501902520469e-16
    outer loop
      vertex -1.158537279709205 9.478324803162623 7.996
      vertex -1.1969323805391057 9.474695397553264 14.858872452025452
      vertex -1.1639775484800339 9.477810546354686 14.855757303535938
    endloop
  endfacet
  facet normal -0.09410831331851292 0.9955619646030801 -1.935367372821327e-16
    outer loop
      vertex -1.158537279709205 9.478324803162623 7.996
      vertex -1.1639775484800339 9.477810546354686 14.855757303535938
      vertex -0.9303171560168266 9.499897956486732 14.848414227366447
    endloop
  endfacet
  facet normal -0.09410831331851335 0.9955619646030802 -1.7987681095434172e-16
    outer loop
      vertex -1.158537279709205 9.478324803162623 7.996
      vertex -0.9303171560168266 9.499897956486732 14.848414227366447
      vertex -0.5996494615049428 9.531155256489994 14.848414227366447
    endloop
  endfacet
  facet normal -0.09410831331851492 0.99556196460308 -4.991672022491139e-17
    outer loop
      vertex -0.6523709146752512 9.526171611865184 7.996
      vertex -1.158537279709205 9.478324803162623 7.996
      vertex -0.5996494615049428 9.531155256489994 14.848414227366447
    endloop
  endfacet
  facet normal -0.09410831331852135 0.9955619646030792 0
    outer loop
      vertex -0.5996494615049428 9.531155256489994 7.996
      vertex -0.6523709146752512 9.526171611865184 7.996
      vertex -0.5996494615049428 9.531155256489994 14.848414227366447
    endloop
  endfacet
  facet normal -0.03141075907812896 0.9995065603657317 0
    outer loop
      vertex -0.5996494615049428 9.531155256489994 7.996
      vertex -0.5996494615049428 9.531155256489994 14.848414227366447
      vertex 0 9.55 14.848414227366447
    endloop
  endfacet
  facet normal -0.03141075907812896 0.9995065603657317 0
    outer loop
      vertex 0 9.55 7.996
      vertex -0.5996494615049428 9.531155256489994 7.996
      vertex 0 9.55 14.848414227366447
    endloop
  endfacet
  facet normal -0.21814324139654545 0.9759167619387467 2.916163902526646e-17
    outer loop
      vertex -2.3749884224243636 9.249969188778428 23.8579046160676
      vertex -2.028268840608366 9.327470197453328 46.909358742129825
      vertex -2.3002075031399727 9.266684704653883 23.890265211462975
    endloop
  endfacet
  facet normal -0.21814324139654265 0.9759167619387473 -1.833020707096329e-17
    outer loop
      vertex -2.0802524015307426 9.31585049491188 23.969453915953636
      vertex -2.3002075031399727 9.266684704653883 23.890265211462975
      vertex -1.837193234580203 9.370180655636245 46.73133860011103
    endloop
  endfacet
  facet normal -0.2181432413965408 0.9759167619387478 -3.5726818277826445e-17
    outer loop
      vertex -1.8557590246200562 9.366030709886429 24.034675270318985
      vertex -2.0802524015307426 9.31585049491188 23.969453915953636
      vertex -1.7894915542936702 9.380843244458978 46.69215734716738
    endloop
  endfacet
  facet normal -0.21814324139655245 0.9759167619387452 0
    outer loop
      vertex -1.7894915542936702 9.380843244458978 24.04948780581472
      vertex -1.8557590246200562 9.366030709886429 24.034675270318985
      vertex -1.7894915542936702 9.380843244458978 46.69215734716738
    endloop
  endfacet
  facet normal -0.1564344650402256 0.9876883405951385 -1.1212421281434913e-16
    outer loop
      vertex -1.7894915542936702 9.380843244458978 24.04948780581472
      vertex -1.2059675068904467 9.473264374122845 46.26903390367033
      vertex -1.6276133581995964 9.406482231948083 24.08567187190056
    endloop
  endfacet
  facet normal -0.15643446504023562 0.9876883405951369 8.304013467805e-17
    outer loop
      vertex -1.3967157825827599 9.443052815234449 24.122242458164692
      vertex -1.6276133581995964 9.406482231948083 24.08567187190056
      vertex -1.2059675068904467 9.473264374122845 46.26903390367033
    endloop
  endfacet
  facet normal -0.15643446504022668 0.9876883405951384 4.045108547512016e-18
    outer loop
      vertex -1.1969323805391057 9.474695397553264 24.141127547974577
      vertex -1.3967157825827599 9.443052815234449 24.122242458164692
      vertex -1.2059675068904467 9.473264374122845 46.26903390367033
    endloop
  endfacet
  facet normal -0.09410831331852998 0.9955619646030786 3.2269583158393277e-16
    outer loop
      vertex -1.1639775484800339 9.477810546354686 24.14424269646406
      vertex -1.1969323805391057 9.474695397553264 24.141127547974577
      vertex -0.7457273203904788 9.517346833306231 46.026582437050365
    endloop
  endfacet
  facet normal -0.09410831331851295 0.9955619646030801 -5.576536940905667e-18
    outer loop
      vertex -0.9303171560168266 9.499897956486732 24.151585772633553
      vertex -1.1639775484800339 9.477810546354686 24.14424269646406
      vertex -0.7457273203904788 9.517346833306231 46.026582437050365
    endloop
  endfacet
  facet normal -0.09410831331851334 0.9955619646030801 0
    outer loop
      vertex -0.5996494615049428 9.531155256489994 24.151585772633553
      vertex -0.9303171560168266 9.499897956486732 24.151585772633553
      vertex -0.5996494615049428 9.531155256489994 45.96599263509307
    endloop
  endfacet
  facet normal -0.03141075907812895 0.9995065603657316 0
    outer loop
      vertex 0 9.55 24.151585772633553
      vertex -0.5996494615049428 9.531155256489994 24.151585772633553
      vertex 0 9.55 45.76818319676522
    endloop
  endfacet
  facet normal -0.5090414157503783 0.8607420270039394 0
    outer loop
      vertex -4.6515857726335526 8.338663175644129 18.569682843983173
      vertex -4.6557367425447245 8.336208298881953 75.15825375169516
      vertex -4.6515857726335526 8.338663175644129 20.430317156016827
    endloop
  endfacet
  facet normal -0.5090414157503635 0.8607420270039481 1.4985444649039365e-18
    outer loop
      vertex -4.6515857726335526 8.338663175644129 20.430317156016827
      vertex -4.6557367425447245 8.336208298881953 75.15825375169516
      vertex -4.644242696464062 8.343005858784966 20.663977548480034
    endloop
  endfacet
  facet normal -0.5090414157503713 0.8607420270039436 -6.601702695527018e-19
    outer loop
      vertex -4.622242458164692 8.35601676344561 20.89671578258276
      vertex -4.644242696464062 8.343005858784966 20.663977548480034
      vertex -4.6557367425447245 8.336208298881953 75.15825375169516
    endloop
  endfacet
  facet normal -0.5090414157503643 0.8607420270039478 5.1009025775247476e-18
    outer loop
      vertex -4.622242458164692 8.35601676344561 20.89671578258276
      vertex -4.6557367425447245 8.336208298881953 75.15825375169516
      vertex -4.600747587671382 8.368728794418898 21.03242904266716
    endloop
  endfacet
  facet normal -0.45399049973955363 0.8910065241883645 0
    outer loop
      vertex -4.5856718719005585 8.376410255273477 21.127613358199596
      vertex -4.600747587671382 8.368728794418898 21.03242904266716
      vertex -4.600747587671382 8.368728794418898 75.12740254534572
    endloop
  endfacet
  facet normal -0.45399049973955036 0.8910065241883661 1.1912274318739088e-18
    outer loop
      vertex -4.534675270318985 8.402394321617017 21.355759024620056
      vertex -4.5856718719005585 8.376410255273477 21.127613358199596
      vertex -4.600747587671382 8.368728794418898 75.12740254534572
    endloop
  endfacet
  facet normal -0.45399049973954575 0.8910065241883683 8.119079759219749e-18
    outer loop
      vertex -4.469453915953636 8.435626261516656 21.580252401530743
      vertex -4.534675270318985 8.402394321617017 21.355759024620056
      vertex -4.600747587671382 8.368728794418898 75.12740254534572
    endloop
  endfacet
  facet normal -0.4539904997395412 0.8910065241883707 2.2084808808427417e-17
    outer loop
      vertex -4.3902652114629745 8.475974921767142 21.800207503139973
      vertex -4.469453915953636 8.435626261516656 21.580252401530743
      vertex -4.600747587671382 8.368728794418898 75.12740254534572
    endloop
  endfacet
  facet normal -0.4539904997395535 0.8910065241883645 -2.20570039713425e-18
    outer loop
      vertex -4.3902652114629745 8.475974921767142 21.800207503139973
      vertex -4.252550723512353 8.546143958142078 74.95213552564383
      vertex -4.2974216639995575 8.523281072021097 22.01475626975298
    endloop
  endfacet
  facet normal -0.4539904997395521 0.8910065241883652 2.806501422979091e-17
    outer loop
      vertex -4.191289700567722 8.57735800839443 22.223051980137825
      vertex -4.2974216639995575 8.523281072021097 22.01475626975298
      vertex -4.0661922344464445 8.641098351050488 74.87940088701583
    endloop
  endfacet
  facet normal -0.4539904997395465 0.891006524188368 1.1539410623935722e-17
    outer loop
      vertex -4.072288163006306 8.63799232031094 22.42427258938551
      vertex -4.191289700567722 8.57735800839443 22.223051980137825
      vertex -4.0661922344464445 8.641098351050488 74.87940088701583
    endloop
  endfacet
  facet normal -0.4539904997394678 0.8910065241884082 0
    outer loop
      vertex -4.0661922344464445 8.641098351050488 22.433242476253724
      vertex -4.072288163006306 8.63799232031094 22.42427258938551
      vertex -4.0661922344464445 8.641098351050488 74.87940088701583
    endloop
  endfacet
  facet normal -0.3971478906347809 0.917754625683981 0
    outer loop
      vertex -4.0661922344464445 8.641098351050488 22.433242476253724
      vertex -4.0661922344464445 8.641098351050488 74.87940088701583
      vertex -3.9408867061138153 8.695322895247246 22.61762396991253
    endloop
  endfacet
  facet normal -0.39714789063477884 0.9177546256839819 -6.151366482760737e-18
    outer loop
      vertex -3.7976039052009583 8.757326899971684 22.802343040704727
      vertex -3.9408867061138153 8.695322895247246 22.61762396991253
      vertex -4.042016385550454 8.651560175076918 74.87010414898396
    endloop
  endfacet
  facet normal -0.397147890634774 0.9177546256839839 -2.6080014048277963e-17
    outer loop
      vertex -3.7976039052009583 8.757326899971684 22.802343040704727
      vertex -3.6030319565244637 8.841525700861386 74.74971427023411
      vertex -3.6430052295327187 8.824227720973607 22.97770081460476
    endloop
  endfacet
  facet normal -0.3971478906347836 0.9177546256839798 -1.7027983826924578e-17
    outer loop
      vertex -3.5155894781386747 8.879365440232801 23.105116565998827
      vertex -3.6430052295327187 8.824227720973607 22.97770081460476
      vertex -3.6030319565244637 8.841525700861386 74.74971427023411
    endloop
  endfacet
  facet normal -0.3387379202452909 0.9408807689542257 0
    outer loop
      vertex -3.5155894781386747 8.879365440232801 23.105116565998827
      vertex -3.210606824983847 8.989165951678459 51.656455012452625
      vertex -3.210606824983847 8.989165951678459 49.65269498754742
    endloop
  endfacet
  facet normal -0.3387379202452928 0.9408807689542249 2.1117753327946088e-17
    outer loop
      vertex -3.5155894781386747 8.879365440232801 23.105116565998827
      vertex -3.210606824983847 8.989165951678459 49.65269498754742
      vertex -3.201852296886332 8.992317775733463 49.40106072504523
    endloop
  endfacet
  facet normal -0.338737920245299 0.9408807689542228 1.0196359388277244e-16
    outer loop
      vertex -3.5155894781386747 8.879365440232801 23.105116565998827
      vertex -3.201852296886332 8.992317775733463 49.40106072504523
      vertex -3.175623239672717 9.00176081738518 49.15041954298022
    endloop
  endfacet
  facet normal -0.3387379202452883 0.9408807689542266 -5.350877926684398e-17
    outer loop
      vertex -3.5155894781386747 8.879365440232801 23.105116565998827
      vertex -3.175623239672717 9.00176081738518 49.15041954298022
      vertex -3.132023185090431 9.017457802910988 48.90176061023476
    endloop
  endfacet
  facet normal -0.33873792024528754 0.9408807689542269 -6.282664477224287e-17
    outer loop
      vertex -3.5155894781386747 8.879365440232801 23.105116565998827
      vertex -3.132023185090431 9.017457802910988 48.90176061023476
      vertex -3.071224191158221 9.039346787612518 48.65606528003218
    endloop
  endfacet
  facet normal -0.33873792024529026 0.9408807689542259 -1.6098723420258306e-17
    outer loop
      vertex -3.302343040704727 8.95613888177777 23.29760390520096
      vertex -3.071224191158221 9.039346787612518 48.65606528003218
      vertex -2.9934662070526685 9.067341384470584 48.41430318583252
    endloop
  endfacet
  facet normal -0.33873792024528315 0.9408807689542286 0
    outer loop
      vertex -2.9511122962807477 9.082589730618716 23.55404791781649
      vertex -2.9934662070526685 9.067341384470584 48.41430318583252
      vertex -2.9511122962807477 9.082589730618716 48.30803732079272
    endloop
  endfacet
  facet normal -0.278991106039224 0.9602936856769447 0
    outer loop
      vertex -2.9511122962807477 9.082589730618716 23.55404791781649
      vertex -2.9511122962807477 9.082589730618716 48.30803732079272
      vertex -2.8998756766213054 9.097475344677942 48.17742846388819
    endloop
  endfacet
  facet normal -0.2789911060392312 0.9602936856769425 1.653800610914481e-17
    outer loop
      vertex -2.9511122962807477 9.082589730618716 23.55404791781649
      vertex -2.8998756766213054 9.097475344677942 48.17742846388819
      vertex -2.790928748586459 9.129127353230505 47.94637593854668
    endloop
  endfacet
  facet normal -0.2789911060392301 0.960293685676943 7.587396996480993e-18
    outer loop
      vertex -2.9511122962807477 9.082589730618716 23.55404791781649
      vertex -2.790928748586459 9.129127353230505 47.94637593854668
      vertex -2.666388563162754 9.165309621838464 47.72205747891667
    endloop
  endfacet
  facet normal -0.2789911060392371 0.9602936856769407 1.185652814313646e-16
    outer loop
      vertex -2.9242725893855095 9.090387386298596 23.572288163006306
      vertex -2.666388563162754 9.165309621838464 47.72205747891667
      vertex -2.526746630687413 9.205879353548497 47.50535836298468
    endloop
  endfacet
  facet normal -0.2789911060392276 0.9602936856769436 -3.692544766589616e-17
    outer loop
      vertex -2.3749884224243636 9.249969188778428 47.300421227473066
      vertex -2.723051980137825 9.148847377413007 23.691289700567722
      vertex -2.526746630687413 9.205879353548497 47.50535836298468
    endloop
  endfacet
  facet normal -0.33873792024529076 0.9408807689542257 0
    outer loop
      vertex -3.5155894781386747 8.879365440232801 23.105116565998827
      vertex -3.5155894781386747 8.879365440232801 74.73492132381858
      vertex -3.210606824983847 8.989165951678459 51.656455012452625
    endloop
  endfacet
  facet normal -0.5090414157503681 0.8607420270039455 0
    outer loop
      vertex -4.600747587671382 8.368728794418898 21.03242904266716
      vertex -4.6557367425447245 8.336208298881953 75.15825375169516
      vertex -4.600747587671382 8.368728794418898 75.12740254534572
    endloop
  endfacet
  facet normal -0.45399049973955063 0.8910065241883658 -2.505422664539479e-17
    outer loop
      vertex -4.3902652114629745 8.475974921767142 21.800207503139973
      vertex -4.600747587671382 8.368728794418898 75.12740254534572
      vertex -4.4575630122293 8.441684979581694 75.04831191897392
    endloop
  endfacet
  facet normal -0.4539904997395479 0.8910065241883672 -2.054247031397577e-17
    outer loop
      vertex -4.3902652114629745 8.475974921767142 21.800207503139973
      vertex -4.4575630122293 8.441684979581694 75.04831191897392
      vertex -4.252550723512353 8.546143958142078 74.95213552564383
    endloop
  endfacet
  facet normal -0.453990499739545 0.8910065241883688 -1.1276864653279688e-17
    outer loop
      vertex -4.2974216639995575 8.523281072021097 22.01475626975298
      vertex -4.252550723512353 8.546143958142078 74.95213552564383
      vertex -4.0661922344464445 8.641098351050488 74.87940088701583
    endloop
  endfacet
  facet normal -0.39714789063480116 0.9177546256839721 -5.73856014987711e-17
    outer loop
      vertex -3.9408867061138153 8.695322895247246 22.61762396991253
      vertex -4.0661922344464445 8.641098351050488 74.87940088701583
      vertex -4.042016385550454 8.651560175076918 74.87010414898396
    endloop
  endfacet
  facet normal -0.39714789063477757 0.9177546256839826 9.141842575995789e-19
    outer loop
      vertex -3.7976039052009583 8.757326899971684 22.802343040704727
      vertex -4.042016385550454 8.651560175076918 74.87010414898396
      vertex -3.824295227115109 8.745776533566765 74.80254151672125
    endloop
  endfacet
  facet normal -0.39714789063477973 0.9177546256839815 -4.1516142112142117e-19
    outer loop
      vertex -3.7976039052009583 8.757326899971684 22.802343040704727
      vertex -3.824295227115109 8.745776533566765 74.80254151672125
      vertex -3.6030319565244637 8.841525700861386 74.74971427023411
    endloop
  endfacet
  facet normal -0.3971478906347751 0.9177546256839836 0
    outer loop
      vertex -3.5155894781386747 8.879365440232801 23.105116565998827
      vertex -3.6030319565244637 8.841525700861386 74.74971427023411
      vertex -3.5155894781386747 8.879365440232801 74.73492132381858
    endloop
  endfacet
  facet normal -0.3387379202452927 0.940880768954225 -2.780921915696223e-17
    outer loop
      vertex -3.201852296886332 8.992317775733463 51.90808927495482
      vertex -3.210606824983847 8.989165951678459 51.656455012452625
      vertex -3.5155894781386747 8.879365440232801 74.73492132381858
    endloop
  endfacet
  facet normal -0.3387379202452985 0.9408807689542228 -1.18672589508847e-16
    outer loop
      vertex -3.201852296886332 8.992317775733463 51.90808927495482
      vertex -3.5155894781386747 8.879365440232801 74.73492132381858
      vertex -3.175623239672717 9.00176081738518 52.15873045701983
    endloop
  endfacet
  facet normal -0.3387379202452883 0.9408807689542267 5.726322190501826e-17
    outer loop
      vertex -3.132023185090431 9.017457802910988 52.407389389765285
      vertex -3.175623239672717 9.00176081738518 52.15873045701983
      vertex -3.5155894781386747 8.879365440232801 74.73492132381858
    endloop
  endfacet
  facet normal -0.3387379202452872 0.940880768954227 -3.7381985939556124e-18
    outer loop
      vertex -3.132023185090431 9.017457802910988 52.407389389765285
      vertex -2.9511122962807477 9.082589730618716 74.68251949320933
      vertex -3.071224191158221 9.039346787612518 52.653084719967865
    endloop
  endfacet
  facet normal -0.3387379202452904 0.9408807689542258 1.5750531989013117e-17
    outer loop
      vertex -3.071224191158221 9.039346787612518 52.653084719967865
      vertex -2.9511122962807477 9.082589730618716 74.68251949320933
      vertex -2.9934662070526685 9.067341384470584 52.89484681416752
    endloop
  endfacet
  facet normal -0.3387379202452831 0.9408807689542285 0
    outer loop
      vertex -2.9511122962807477 9.082589730618716 53.001112679207324
      vertex -2.9934662070526685 9.067341384470584 52.89484681416752
      vertex -2.9511122962807477 9.082589730618716 74.68251949320933
    endloop
  endfacet
  facet normal -0.27899110603922395 0.9602936856769446 0
    outer loop
      vertex -2.8998756766213054 9.097475344677942 53.131721536111854
      vertex -2.9511122962807477 9.082589730618716 53.001112679207324
      vertex -2.9511122962807477 9.082589730618716 74.68251949320933
    endloop
  endfacet
  facet normal -0.2789911060392313 0.9602936856769425 -1.870757941291462e-17
    outer loop
      vertex -2.8998756766213054 9.097475344677942 53.131721536111854
      vertex -2.9511122962807477 9.082589730618716 74.68251949320933
      vertex -2.790928748586459 9.129127353230505 53.362774061453365
    endloop
  endfacet
  facet normal -0.27899110603923005 0.9602936856769428 -9.28530572180824e-18
    outer loop
      vertex -2.666388563162754 9.165309621838464 53.58709252108338
      vertex -2.790928748586459 9.129127353230505 53.362774061453365
      vertex -2.9511122962807477 9.082589730618716 74.68251949320933
    endloop
  endfacet
  facet normal -0.27899110603923716 0.9602936856769407 -1.129946954921674e-16
    outer loop
      vertex -2.526746630687413 9.205879353548497 53.803791637015365
      vertex -2.666388563162754 9.165309621838464 53.58709252108338
      vertex -2.9511122962807477 9.082589730618716 74.68251949320933
    endloop
  endfacet
  facet normal -0.27899110603922755 0.9602936856769435 0
    outer loop
      vertex -2.3749884224243636 9.249969188778428 54.00872877252698
      vertex -2.526746630687413 9.205879353548497 53.803791637015365
      vertex -2.3749884224243636 9.249969188778428 74.6814342290163
    endloop
  endfacet
  facet normal -0.3387379202452925 0.940880768954225 -2.5416778788514485e-17
    outer loop
      vertex -3.132023185090431 9.017457802910988 52.407389389765285
      vertex -3.5155894781386747 8.879365440232801 74.73492132381858
      vertex -3.3771401212140906 8.929210275807513 74.7118308916688
    endloop
  endfacet
  facet normal -0.33873792024528937 0.9408807689542262 1.3438232259702582e-17
    outer loop
      vertex -3.132023185090431 9.017457802910988 52.407389389765285
      vertex -3.3771401212140906 8.929210275807513 74.7118308916688
      vertex -3.1481820442760458 9.011640255635411 74.68904089927673
    endloop
  endfacet
  facet normal -0.33873792024528904 0.9408807689542262 1.3660458460146282e-17
    outer loop
      vertex -3.132023185090431 9.017457802910988 52.407389389765285
      vertex -3.1481820442760458 9.011640255635411 74.68904089927673
      vertex -2.9511122962807477 9.082589730618716 74.68251949320933
    endloop
  endfacet
  facet normal -0.2789911060392389 0.9602936856769403 -1.44063862891651e-16
    outer loop
      vertex -2.526746630687413 9.205879353548497 53.803791637015365
      vertex -2.9511122962807477 9.082589730618716 74.68251949320933
      vertex -2.917860532658983 9.09225026098454 74.6814342290163
    endloop
  endfacet
  facet normal -0.2789911060392304 0.9602936856769428 2.2340810657265343e-17
    outer loop
      vertex -2.526746630687413 9.205879353548497 53.803791637015365
      vertex -2.917860532658983 9.09225026098454 74.6814342290163
      vertex -2.3749884224243636 9.249969188778428 74.6814342290163
    endloop
  endfacet
  facet normal -0.21814324139689756 0.9759167619386682 0
    outer loop
      vertex -2.3749884224243636 9.249969188778428 23.8579046160676
      vertex -2.3749884224243636 9.249969188778428 47.300421227473066
      vertex -2.37259044845768 9.25050519946528 47.297133805644535
    endloop
  endfacet
  facet normal -0.2181432413965377 0.9759167619387484 -3.8654723977320534e-17
    outer loop
      vertex -2.3749884224243636 9.249969188778428 23.8579046160676
      vertex -2.37259044845768 9.25050519946528 47.297133805644535
      vertex -2.2069696579051308 9.287525832272136 47.09820556868317
    endloop
  endfacet
  facet normal -0.21814324139654429 0.975916761938747 1.1731871598360577e-17
    outer loop
      vertex -2.3749884224243636 9.249969188778428 23.8579046160676
      vertex -2.2069696579051308 9.287525832272136 47.09820556868317
      vertex -2.028268840608366 9.327470197453328 46.909358742129825
    endloop
  endfacet
  facet normal -0.21814324139654406 0.975916761938747 1.2182758318589411e-17
    outer loop
      vertex -2.3002075031399727 9.266684704653883 23.890265211462975
      vertex -2.028268840608366 9.327470197453328 46.909358742129825
      vertex -1.837193234580203 9.370180655636245 46.73133860011103
    endloop
  endfacet
  facet normal -0.21814324139653926 0.9759167619387481 -5.564306637513692e-17
    outer loop
      vertex -2.0802524015307426 9.31585049491188 23.969453915953636
      vertex -1.837193234580203 9.370180655636245 46.73133860011103
      vertex -1.7894915542936702 9.380843244458978 46.69215734716738
    endloop
  endfacet
  facet normal -0.15643446504022737 0.9876883405951382 0
    outer loop
      vertex -1.7894915542936702 9.380843244458978 24.04948780581472
      vertex -1.7894915542936702 9.380843244458978 46.69215734716738
      vertex -1.636717827225635 9.405040225716942 46.564847724926494
    endloop
  endfacet
  facet normal -0.15643446504023076 0.9876883405951378 2.3746269305484108e-17
    outer loop
      vertex -1.7894915542936702 9.380843244458978 24.04948780581472
      vertex -1.636717827225635 9.405040225716942 46.564847724926494
      vertex -1.4262602226258079 9.438373435633528 46.4105431683779
    endloop
  endfacet
  facet normal -0.1564344650402303 0.9876883405951378 1.65230713393012e-17
    outer loop
      vertex -1.7894915542936702 9.380843244458978 24.04948780581472
      vertex -1.4262602226258079 9.438373435633528 46.4105431683779
      vertex -1.2059675068904467 9.473264374122845 46.26903390367033
    endloop
  endfacet
  facet normal -0.1564344650402363 0.9876883405951369 0
    outer loop
      vertex -1.1969323805391057 9.474695397553264 24.141127547974577
      vertex -1.2059675068904467 9.473264374122845 46.26903390367033
      vertex -1.1969323805391057 9.474695397553264 46.263983266742684
    endloop
  endfacet
  facet normal -0.09410831331851433 0.99556196460308 0
    outer loop
      vertex -0.9797594815686075 9.495224280683862 46.1408784039736
      vertex -1.1969323805391057 9.474695397553264 24.141127547974577
      vertex -1.1969323805391057 9.474695397553264 46.263983266742684
    endloop
  endfacet
  facet normal -0.09410831331851455 0.9955619646030799 2.3367623897892332e-18
    outer loop
      vertex -0.7457273203904788 9.517346833306231 46.026582437050365
      vertex -1.1969323805391057 9.474695397553264 24.141127547974577
      vertex -0.9797594815686075 9.495224280683862 46.1408784039736
    endloop
  endfacet
  facet normal -0.09410831331851302 0.9955619646030801 -5.385781881374545e-18
    outer loop
      vertex -0.9303171560168266 9.499897956486732 24.151585772633553
      vertex -0.7457273203904788 9.517346833306231 46.026582437050365
      vertex -0.5996494615049428 9.531155256489994 45.96599263509307
    endloop
  endfacet
  facet normal -0.031410759078127556 0.9995065603657316 0
    outer loop
      vertex -0.5996494615049428 9.531155256489994 24.151585772633553
      vertex -0.5996494615049428 9.531155256489994 45.96599263509307
      vertex -0.505951987312207 9.534099818241565 45.9265970834017
    endloop
  endfacet
  facet normal -0.03141075907813011 0.9995065603657314 1.0965830299620316e-17
    outer loop
      vertex -0.5996494615049428 9.531155256489994 24.151585772633553
      vertex -0.505951987312207 9.534099818241565 45.9265970834017
      vertex -0.26215682585400096 9.541761389845632 45.84131693322661
    endloop
  endfacet
  facet normal -0.03141075907812653 0.9995065603657315 -4.4460935497938436e-17
    outer loop
      vertex -0.5996494615049428 9.531155256489994 24.151585772633553
      vertex -0.26215682585400096 9.541761389845632 45.84131693322661
      vertex -0.013331504578347477 9.549581040590363 45.771078551602386
    endloop
  endfacet
  facet normal -0.0314107590781626 0.9995065603657305 9.389455951609426e-16
    outer loop
      vertex -0.5996494615049428 9.531155256489994 24.151585772633553
      vertex -0.013331504578347477 9.549581040590363 45.771078551602386
      vertex 0 9.55 45.76818319676522
    endloop
  endfacet
  facet normal -0.21814324139689759 0.975916761938668 0
    outer loop
      vertex -2.3749884224243636 9.249969188778428 54.00872877252698
      vertex -2.3749884224243636 9.249969188778428 74.6814342290163
      vertex -2.37259044845768 9.25050519946528 54.01201619435551
    endloop
  endfacet
  facet normal -0.21814324139653773 0.9759167619387484 4.383393938581098e-17
    outer loop
      vertex -2.37259044845768 9.25050519946528 54.01201619435551
      vertex -2.3749884224243636 9.249969188778428 74.6814342290163
      vertex -2.2069696579051308 9.287525832272136 54.210944431316875
    endloop
  endfacet
  facet normal -0.2181432413965443 0.975916761938747 -1.2846816560039791e-17
    outer loop
      vertex -2.028268840608366 9.327470197453328 54.39979125787022
      vertex -2.2069696579051308 9.287525832272136 54.210944431316875
      vertex -2.3749884224243636 9.249969188778428 74.6814342290163
    endloop
  endfacet
  facet normal -0.21814324139654412 0.975916761938747 1.2257096075695105e-17
    outer loop
      vertex -1.837193234580203 9.370180655636245 54.577811399889015
      vertex -2.028268840608366 9.327470197453328 54.39979125787022
      vertex -1.7894915542936702 9.380843244458978 74.6814342290163
    endloop
  endfacet
  facet normal -0.2181432413965392 0.9759167619387481 0
    outer loop
      vertex -1.7894915542936702 9.380843244458978 54.616992652832664
      vertex -1.837193234580203 9.370180655636245 54.577811399889015
      vertex -1.7894915542936702 9.380843244458978 74.6814342290163
    endloop
  endfacet
  facet normal -0.1564344650402274 0.9876883405951383 0
    outer loop
      vertex -1.7894915542936702 9.380843244458978 54.616992652832664
      vertex -1.7894915542936702 9.380843244458978 74.6814342290163
      vertex -1.636717827225635 9.405040225716942 54.74430227507355
    endloop
  endfacet
  facet normal -0.15643446504023079 0.9876883405951379 -2.67999307042389e-17
    outer loop
      vertex -1.4262602226258079 9.438373435633528 54.898606831622146
      vertex -1.636717827225635 9.405040225716942 54.74430227507355
      vertex -1.7894915542936702 9.380843244458978 74.6814342290163
    endloop
  endfacet
  facet normal -0.1564344650402304 0.9876883405951379 -2.797475083843294e-18
    outer loop
      vertex -1.2059675068904467 9.473264374122845 55.04011609632971
      vertex -1.4262602226258079 9.438373435633528 54.898606831622146
      vertex -1.1969323805391057 9.474695397553264 74.6814342290163
    endloop
  endfacet
  facet normal -0.15643446504023634 0.9876883405951369 0
    outer loop
      vertex -1.1969323805391057 9.474695397553264 55.04516673325736
      vertex -1.2059675068904467 9.473264374122845 55.04011609632971
      vertex -1.1969323805391057 9.474695397553264 74.6814342290163
    endloop
  endfacet
  facet normal -0.2181432413965434 0.9759167619387471 3.4215789482614245e-18
    outer loop
      vertex -2.028268840608366 9.327470197453328 54.39979125787022
      vertex -2.3749884224243636 9.249969188778428 74.6814342290163
      vertex -1.7894915542936702 9.380843244458978 74.6814342290163
    endloop
  endfacet
  facet normal -0.15643446504022987 0.987688340595138 -9.354273614143917e-18
    outer loop
      vertex -1.4262602226258079 9.438373435633528 54.898606831622146
      vertex -1.7894915542936702 9.380843244458978 74.6814342290163
      vertex -1.1969323805391057 9.474695397553264 74.6814342290163
    endloop
  endfacet
  facet normal -0.09410831331851431 0.99556196460308 0
    outer loop
      vertex -0.9797594815686075 9.495224280683862 55.16827159602644
      vertex -1.1969323805391057 9.474695397553264 55.04516673325736
      vertex -1.1969323805391057 9.474695397553264 74.6814342290163
    endloop
  endfacet
  facet normal -0.09410831331851457 0.99556196460308 1.2011150462749618e-17
    outer loop
      vertex -0.7457273203904788 9.517346833306231 55.28256756294968
      vertex -0.9797594815686075 9.495224280683862 55.16827159602644
      vertex -0.5996494615049428 9.531155256489994 74.70693800114299
    endloop
  endfacet
  facet normal -0.094108313318513 0.9955619646030801 0
    outer loop
      vertex -0.5996494615049428 9.531155256489994 55.34315736490697
      vertex -0.7457273203904788 9.517346833306231 55.28256756294968
      vertex -0.5996494615049428 9.531155256489994 74.70693800114299
    endloop
  endfacet
  facet normal -0.031410759078127556 0.9995065603657316 0
    outer loop
      vertex -0.505951987312207 9.534099818241565 55.38255291659834
      vertex -0.5996494615049428 9.531155256489994 55.34315736490697
      vertex -0.5996494615049428 9.531155256489994 74.70693800114299
    endloop
  endfacet
  facet normal -0.031410759078130096 0.9995065603657315 -1.2400035959817511e-17
    outer loop
      vertex -0.26215682585400096 9.541761389845632 55.46783306677344
      vertex -0.505951987312207 9.534099818241565 55.38255291659834
      vertex -0.5996494615049428 9.531155256489994 74.70693800114299
    endloop
  endfacet
  facet normal -0.031410759078126516 0.9995065603657316 8.019536668208444e-18
    outer loop
      vertex -0.013331504578347477 9.549581040590363 55.53807144839766
      vertex -0.26215682585400096 9.541761389845632 55.46783306677344
      vertex -0.06416352265502655 9.547983580066765 74.80254151672125
    endloop
  endfacet
  facet normal -0.03141075907816295 0.9995065603657305 -8.821584769389107e-17
    outer loop
      vertex 0 9.55 55.540966803234824
      vertex -0.013331504578347477 9.549581040590363 55.53807144839766
      vertex -0.06416352265502655 9.547983580066765 74.80254151672125
    endloop
  endfacet
  facet normal -0.09410831331851001 0.9955619646030803 4.822263722534898e-17
    outer loop
      vertex -0.9797594815686075 9.495224280683862 55.16827159602644
      vertex -1.1969323805391057 9.474695397553264 74.6814342290163
      vertex -1.0319799065944801 9.490287997162905 74.6814342290163
    endloop
  endfacet
  facet normal -0.09410831331851362 0.99556196460308 3.846552342598461e-17
    outer loop
      vertex -0.9797594815686075 9.495224280683862 55.16827159602644
      vertex -1.0319799065944801 9.490287997162905 74.6814342290163
      vertex -0.7893982832849955 9.5132187118983 74.68904089927673
    endloop
  endfacet
  facet normal -0.09410831331851822 0.9955619646030797 8.376963597360711e-17
    outer loop
      vertex -0.9797594815686075 9.495224280683862 55.16827159602644
      vertex -0.7893982832849955 9.5132187118983 74.68904089927673
      vertex -0.5996494615049428 9.531155256489994 74.70693800114299
    endloop
  endfacet
  facet normal -0.03141075907812294 0.9995065603657317 1.1382406451874648e-16
    outer loop
      vertex -0.26215682585400096 9.541761389845632 55.46783306677344
      vertex -0.5996494615049428 9.531155256489994 74.70693800114299
      vertex -0.5470828411181046 9.53280722908727 74.7118308916688
    endloop
  endfacet
  facet normal -0.03141075907813026 0.9995065603657316 4.9611903022939846e-18
    outer loop
      vertex -0.26215682585400096 9.541761389845632 55.46783306677344
      vertex -0.5470828411181046 9.53280722908727 74.7118308916688
      vertex -0.30417565978078226 9.540440894791818 74.74971427023411
    endloop
  endfacet
  facet normal -0.03141075907812693 0.9995065603657315 1.2217309089311444e-17
    outer loop
      vertex -0.26215682585400096 9.541761389845632 55.46783306677344
      vertex -0.30417565978078226 9.540440894791818 74.74971427023411
      vertex -0.06416352265502655 9.547983580066765 74.80254151672125
    endloop
  endfacet
  facet normal -0.0314107590781365 0.9995065603657313 0
    outer loop
      vertex 0 9.55 55.540966803234824
      vertex -0.06416352265502655 9.547983580066765 74.80254151672125
      vertex 0 9.55 74.82089718699916
    endloop
  endfacet
  facet normal -0.9995065603657316 0.031410759078129 0
    outer loop
      vertex -9.55 0 7.996
      vertex -9.55 0 152.19451663
      vertex -9.531155256489994 0.5996494615049418 152.19451663
    endloop
  endfacet
  facet normal -0.9955619646030801 0.09410831331851387 0
    outer loop
      vertex -9.531155256489994 0.5996494615049418 7.996
      vertex -9.531155256489994 0.5996494615049418 152.19451663
      vertex -9.474695397553264 1.1969323805391061 152.19451663
    endloop
  endfacet
  facet normal -0.9876883405951379 0.1564344650402301 0
    outer loop
      vertex -9.474695397553264 1.1969323805391061 7.996
      vertex -9.474695397553264 1.1969323805391061 152.19451663
      vertex -9.380843244458978 1.7894915542936698 152.19451663
    endloop
  endfacet
  facet normal -0.9759167619387473 0.21814324139654312 0
    outer loop
      vertex -9.380843244458978 1.7894915542936698 7.996
      vertex -9.380843244458978 1.7894915542936698 152.19451663
      vertex -9.249969188778428 2.374988422424364 152.19451663
    endloop
  endfacet
  facet normal -0.9602936856769425 0.27899110603923105 0
    outer loop
      vertex -9.249969188778428 2.374988422424364 7.996
      vertex -9.249969188778428 2.374988422424364 152.19451663
      vertex -9.082589730618716 2.9511122962807477 152.19451663
    endloop
  endfacet
  facet normal -0.9408807689542257 0.3387379202452904 0
    outer loop
      vertex -9.082589730618716 2.9511122962807477 7.996
      vertex -9.082589730618716 2.9511122962807477 152.19451663
      vertex -8.879365440232801 3.515589478138674 152.19451663
    endloop
  endfacet
  facet normal -0.9177546256839809 0.39714789063478095 0
    outer loop
      vertex -8.879365440232801 3.515589478138674 7.996
      vertex -8.879365440232801 3.515589478138674 152.19451663
      vertex -8.641098351050486 4.0661922344464445 152.19451663
    endloop
  endfacet
  facet normal -0.8910065241883682 0.4539904997395458 0
    outer loop
      vertex -8.641098351050486 4.0661922344464445 7.996
      vertex -8.641098351050486 4.0661922344464445 152.19451663
      vertex -8.368728794418898 4.600747587671381 152.19451663
    endloop
  endfacet
  facet normal -0.8607420270039445 0.5090414157503699 0
    outer loop
      vertex -8.368728794418898 4.600747587671381 7.996
      vertex -8.368728794418898 4.600747587671381 152.19451663
      vertex -8.063331688544245 5.117145892049418 152.19451663
    endloop
  endfacet
  facet normal -0.8270805742745614 0.5620833778521312 0
    outer loop
      vertex -8.063331688544245 5.117145892049418 7.996
      vertex -8.063331688544245 5.117145892049418 152.19451663
      vertex -7.726112296280749 5.613349159393119 152.19451663
    endloop
  endfacet
  facet normal -0.7901550123756899 0.6129070536529773 0
    outer loop
      vertex -7.726112296280749 5.613349159393119 7.996
      vertex -7.726112296280749 5.613349159393119 152.19451663
      vertex -7.358401468508787 6.087399102099988 152.19451663
    endloop
  endfacet
  facet normal -0.7501110696304604 0.661311865323651 0
    outer loop
      vertex -7.358401468508787 6.087399102099988 7.996
      vertex -7.358401468508787 6.087399102099988 152.19451663
      vertex -6.961650391874481 6.537424861618978 152.19451663
    endloop
  endfacet
  facet normal -0.6613118653236517 0.7501110696304597 0
    outer loop
      vertex -6.537424861618978 6.961650391874481 7.996
      vertex -6.537424861618978 6.961650391874481 152.19451663
      vertex -6.4267075981289885 7.0592607898628295 80.46371315419674
    endloop
  endfacet
  facet normal -0.7071067811865475 0.7071067811865475 0
    outer loop
      vertex -6.961650391874481 6.537424861618978 7.996
      vertex -6.961650391874481 6.537424861618978 152.19451663
      vertex -6.537424861618978 6.961650391874481 152.19451663
    endloop
  endfacet
  facet normal -0.6613118653236478 0.7501110696304633 1.0972766714297472e-17
    outer loop
      vertex -6.4267075981289885 7.0592607898628295 80.46371315419674
      vertex -6.537424861618978 6.961650391874481 152.19451663
      vertex -6.420158290149078 7.065034781545031 80.70576135069132
    endloop
  endfacet
  facet normal -0.6613118653236455 0.7501110696304653 1.750401986333711e-17
    outer loop
      vertex -6.4005362119038995 7.082333970546785 80.94685430079699
      vertex -6.420158290149078 7.065034781545031 80.70576135069132
      vertex -6.537424861618978 6.961650391874481 152.19451663
    endloop
  endfacet
  facet normal -0.66131186532365 0.7501110696304611 1.380382915719714e-18
    outer loop
      vertex -6.4005362119038995 7.082333970546785 80.94685430079699
      vertex -6.537424861618978 6.961650391874481 152.19451663
      vertex -6.367918797838455 7.1110900892216895 81.18604050576687
    endloop
  endfacet
  facet normal -0.6613118653236508 0.7501110696304604 -1.989771448061878e-18
    outer loop
      vertex -6.322434782477002 7.15118964281968 81.42237601429224
      vertex -6.367918797838455 7.1110900892216895 81.18604050576687
      vertex -6.537424861618978 6.961650391874481 152.19451663
    endloop
  endfacet
  facet normal -0.6613118653236513 0.75011106963046 -3.7473561322960765e-18
    outer loop
      vertex -6.322434782477002 7.15118964281968 81.42237601429224
      vertex -6.537424861618978 6.961650391874481 152.19451663
      vertex -6.264263667985065 7.202474378894259 81.65492812544107
    endloop
  endfacet
  facet normal -0.6613118653236519 0.7501110696304596 -8.254678561773377e-18
    outer loop
      vertex -6.537424861618978 6.961650391874481 152.19451663
      vertex -6.193635031358568 7.2647418980974425 81.88277904689312
      vertex -6.264263667985065 7.202474378894259 81.65492812544107
    endloop
  endfacet
  facet normal -0.6613118653236502 0.7501110696304611 -2.1318028889005874e-18
    outer loop
      vertex -6.193635031358568 7.2647418980974425 81.88277904689312
      vertex -6.087399102099988 7.358401468508787 152.19451663
      vertex -6.11082760067599 7.3377464685730285 82.10502956807613
    endloop
  endfacet
  facet normal -0.6613118653236537 0.750111069630458 0
    outer loop
      vertex -6.11082760067599 7.3377464685730285 82.10502956807613
      vertex -6.087399102099988 7.358401468508787 152.19451663
      vertex -6.087399102099988 7.358401468508787 82.15843405533445
    endloop
  endfacet
  facet normal -0.6129070536529772 0.79015501237569 0
    outer loop
      vertex -6.087399102099988 7.358401468508787 82.15843405533445
      vertex -6.087399102099988 7.358401468508787 152.19451663
      vertex -6.014791235654516 7.414721902851566 82.32080256193876
    endloop
  endfacet
  facet normal -0.6129070536529762 0.7901550123756907 1.6286108732582982e-18
    outer loop
      vertex -5.906601689603642 7.498642317032988 82.52924647927284
      vertex -6.014791235654516 7.414721902851566 82.32080256193876
      vertex -6.087399102099988 7.358401468508787 152.19451663
    endloop
  endfacet
  facet normal -0.6129070536529782 0.7901550123756892 -6.559453953775558e-18
    outer loop
      vertex -5.787138820884008 7.5913072166300175 82.72953867167234
      vertex -5.906601689603642 7.498642317032988 82.52924647927284
      vertex -6.087399102099988 7.358401468508787 152.19451663
    endloop
  endfacet
  facet normal -0.6129070536529764 0.7901550123756905 -3.192773347942874e-18
    outer loop
      vertex -5.656874092261279 7.692350897635107 82.92088868469
      vertex -5.787138820884008 7.5913072166300175 82.72953867167234
      vertex -5.613349159393119 7.726112296280749 152.19451663
    endloop
  endfacet
  facet normal -0.6129070536529795 0.790155012375688 0
    outer loop
      vertex -5.656874092261279 7.692350897635107 82.92088868469
      vertex -5.613349159393119 7.726112296280749 152.19451663
      vertex -5.613349159393119 7.726112296280749 82.97714112819557
    endloop
  endfacet
  facet normal -0.5620833778521287 0.8270805742745633 0
    outer loop
      vertex -5.613349159393119 7.726112296280749 82.97714112819557
      vertex -5.613349159393119 7.726112296280749 152.19451663
      vertex -5.514590181312075 7.793228828477997 83.10254135727882
    endloop
  endfacet
  facet normal -0.5620833778521334 0.8270805742745599 -9.758652756032117e-18
    outer loop
      vertex -5.361622834803095 7.897185329816769 83.27377977222204
      vertex -5.514590181312075 7.793228828477997 83.10254135727882
      vertex -5.613349159393119 7.726112296280749 152.19451663
    endloop
  endfacet
  facet normal -0.5620833778521269 0.8270805742745643 -2.059832378433448e-17
    outer loop
      vertex -5.361622834803095 7.897185329816769 83.27377977222204
      vertex -5.117145892049418 8.063331688544245 152.19451663
      vertex -5.1993524276553105 8.00746418463701 83.43392813950777
    endloop
  endfacet
  facet normal -0.5620833778521388 0.8270805742745562 0
    outer loop
      vertex -5.1993524276553105 8.00746418463701 83.43392813950777
      vertex -5.117145892049418 8.063331688544245 152.19451663
      vertex -5.117145892049418 8.063331688544245 83.50531054204447
    endloop
  endfacet
  facet normal -0.5090414157503759 0.860742027003941 0
    outer loop
      vertex -5.02694171612918 8.116678289472823 83.58235443383455
      vertex -5.117145892049418 8.063331688544245 83.50531054204447
      vertex -5.117145892049418 8.063331688544245 152.19451663
    endloop
  endfacet
  facet normal -0.5090414157503652 0.8607420270039473 1.8764628110660645e-17
    outer loop
      vertex -5.02694171612918 8.116678289472823 83.58235443383455
      vertex -5.117145892049418 8.063331688544245 152.19451663
      vertex -4.845040836274715 8.224254169936865 83.71847286820412
    endloop
  endfacet
  facet normal -0.6613118653236509 0.7501110696304604 0
    outer loop
      vertex -6.537424861618978 6.961650391874481 152.19451663
      vertex -6.087399102099988 7.358401468508787 152.19451663
      vertex -6.193635031358568 7.2647418980974425 81.88277904689312
    endloop
  endfacet
  facet normal -0.6129070536529772 0.7901550123756899 0
    outer loop
      vertex -5.787138820884008 7.5913072166300175 82.72953867167234
      vertex -6.087399102099988 7.358401468508787 152.19451663
      vertex -5.613349159393119 7.726112296280749 152.19451663
    endloop
  endfacet
  facet normal -0.5620833778521312 0.8270805742745614 1.510327206079405e-18
    outer loop
      vertex -5.361622834803095 7.897185329816769 83.27377977222204
      vertex -5.613349159393119 7.726112296280749 152.19451663
      vertex -5.117145892049418 8.063331688544245 152.19451663
    endloop
  endfacet
  facet normal -0.5090414157503705 0.860742027003944 -9.796428675899452e-18
    outer loop
      vertex -4.600747587671382 8.368728794418898 152.19451663
      vertex -4.845040836274715 8.224254169936865 83.71847286820412
      vertex -5.117145892049418 8.063331688544245 152.19451663
    endloop
  endfacet
  facet normal -0.5090414157503739 0.8607420270039421 6.292326020671075e-18
    outer loop
      vertex -4.6557367425447245 8.336208298881953 83.84174624830484
      vertex -4.845040836274715 8.224254169936865 83.71847286820412
      vertex -4.600747587671382 8.368728794418898 152.19451663
    endloop
  endfacet
  facet normal -0.509041415750368 0.8607420270039455 0
    outer loop
      vertex -4.6557367425447245 8.336208298881953 83.84174624830484
      vertex -4.600747587671382 8.368728794418898 152.19451663
      vertex -4.600747587671382 8.368728794418898 83.87259745465428
    endloop
  endfacet
  facet normal -0.45399049973955075 0.8910065241883659 0
    outer loop
      vertex -4.4575630122293 8.441684979581694 83.95168808102608
      vertex -4.600747587671382 8.368728794418898 83.87259745465428
      vertex -4.600747587671382 8.368728794418898 152.19451663
    endloop
  endfacet
  facet normal -0.45399049973954786 0.8910065241883672 7.615458418532806e-18
    outer loop
      vertex -4.4575630122293 8.441684979581694 83.95168808102608
      vertex -4.600747587671382 8.368728794418898 152.19451663
      vertex -4.252550723512353 8.546143958142078 84.04786447435617
    endloop
  endfacet
  facet normal -0.4539904997395449 0.8910065241883688 0
    outer loop
      vertex -4.0661922344464445 8.641098351050488 84.12059911298417
      vertex -4.252550723512353 8.546143958142078 84.04786447435617
      vertex -4.0661922344464445 8.641098351050488 152.19451663
    endloop
  endfacet
  facet normal -0.3971478906348011 0.9177546256839724 0
    outer loop
      vertex -4.042016385550454 8.651560175076918 84.12989585101604
      vertex -4.0661922344464445 8.641098351050488 84.12059911298417
      vertex -4.0661922344464445 8.641098351050488 152.19451663
    endloop
  endfacet
  facet normal -0.39714789063477757 0.9177546256839825 9.909535121260319e-18
    outer loop
      vertex -4.042016385550454 8.651560175076918 84.12989585101604
      vertex -4.0661922344464445 8.641098351050488 152.19451663
      vertex -3.824295227115109 8.745776533566765 84.19745848327875
    endloop
  endfacet
  facet normal -0.3971478906347797 0.9177546256839815 6.991531594832115e-18
    outer loop
      vertex -3.824295227115109 8.745776533566765 84.19745848327875
      vertex -3.5155894781386747 8.879365440232801 152.19451663
      vertex -3.6030319565244637 8.841525700861386 84.25028572976589
    endloop
  endfacet
  facet normal -0.3971478906347751 0.9177546256839835 0
    outer loop
      vertex -3.5155894781386747 8.879365440232801 84.26507867618142
      vertex -3.6030319565244637 8.841525700861386 84.25028572976589
      vertex -3.5155894781386747 8.879365440232801 152.19451663
    endloop
  endfacet
  facet normal -0.33873792024529237 0.9408807689542251 0
    outer loop
      vertex -3.3771401212140906 8.929210275807513 84.2881691083312
      vertex -3.5155894781386747 8.879365440232801 84.26507867618142
      vertex -3.5155894781386747 8.879365440232801 152.19451663
    endloop
  endfacet
  facet normal -0.3387379202452894 0.9408807689542263 7.137059099508164e-18
    outer loop
      vertex -3.3771401212140906 8.929210275807513 84.2881691083312
      vertex -3.5155894781386747 8.879365440232801 152.19451663
      vertex -3.1481820442760458 9.011640255635411 84.31095910072327
    endloop
  endfacet
  facet normal -0.33873792024528904 0.9408807689542263 0
    outer loop
      vertex -2.9511122962807477 9.082589730618716 84.31748050679062
      vertex -3.1481820442760458 9.011640255635411 84.31095910072327
      vertex -2.9511122962807477 9.082589730618716 152.19451663
    endloop
  endfacet
  facet normal -0.27899110603923843 0.9602936856769403 0
    outer loop
      vertex -2.917860532658983 9.09225026098454 84.3185657709837
      vertex -2.9511122962807477 9.082589730618716 84.31748050679062
      vertex -2.9511122962807477 9.082589730618716 152.19451663
    endloop
  endfacet
  facet normal -0.2789911060392304 0.9602936856769426 0
    outer loop
      vertex -2.3749884224243636 9.249969188778428 84.3185657709837
      vertex -2.917860532658983 9.09225026098454 84.3185657709837
      vertex -2.3749884224243636 9.249969188778428 152.19451663
    endloop
  endfacet
  facet normal -0.2181432413965434 0.9759167619387471 0
    outer loop
      vertex -1.7894915542936702 9.380843244458978 84.3185657709837
      vertex -2.3749884224243636 9.249969188778428 84.3185657709837
      vertex -1.7894915542936702 9.380843244458978 152.19451663
    endloop
  endfacet
  facet normal -0.15643446504022984 0.9876883405951379 0
    outer loop
      vertex -1.1969323805391057 9.474695397553264 84.3185657709837
      vertex -1.7894915542936702 9.380843244458978 84.3185657709837
      vertex -1.1969323805391057 9.474695397553264 152.19451663
    endloop
  endfacet
  facet normal -0.09410831331851002 0.9955619646030803 0
    outer loop
      vertex -1.0319799065944801 9.490287997162905 84.3185657709837
      vertex -1.1969323805391057 9.474695397553264 84.3185657709837
      vertex -1.1969323805391057 9.474695397553264 152.19451663
    endloop
  endfacet
  facet normal -0.09410831331851363 0.9955619646030802 -1.295104920283782e-17
    outer loop
      vertex -0.7893982832849955 9.5132187118983 84.31095910072327
      vertex -1.0319799065944801 9.490287997162905 84.3185657709837
      vertex -0.5996494615049428 9.531155256489994 152.19451663
    endloop
  endfacet
  facet normal -0.09410831331851822 0.9955619646030796 0
    outer loop
      vertex -0.5996494615049428 9.531155256489994 84.29306199885701
      vertex -0.7893982832849955 9.5132187118983 84.31095910072327
      vertex -0.5996494615049428 9.531155256489994 152.19451663
    endloop
  endfacet
  facet normal -0.03141075907812291 0.9995065603657317 -5.335999524161421e-17
    outer loop
      vertex -0.5470828411181046 9.53280722908727 84.2881691083312
      vertex -0.5996494615049428 9.531155256489994 84.29306199885701
      vertex 0 9.55 152.19451663
    endloop
  endfacet
  facet normal -0.031410759078130256 0.9995065603657315 5.879059715259024e-18
    outer loop
      vertex -0.30417565978078226 9.540440894791818 84.25028572976589
      vertex -0.5470828411181046 9.53280722908727 84.2881691083312
      vertex 0 9.55 152.19451663
    endloop
  endfacet
  facet normal -0.03141075907812693 0.9995065603657317 -9.035257390675482e-18
    outer loop
      vertex -0.06416352265502655 9.547983580066765 84.19745848327875
      vertex -0.30417565978078226 9.540440894791818 84.25028572976589
      vertex 0 9.55 152.19451663
    endloop
  endfacet
  facet normal -0.031410759078136494 0.9995065603657312 0
    outer loop
      vertex 0 9.55 84.17910281300084
      vertex -0.06416352265502655 9.547983580066765 84.19745848327875
      vertex 0 9.55 152.19451663
    endloop
  endfacet
  facet normal -0.4539904997395475 0.8910065241883675 9.164898991803578e-18
    outer loop
      vertex -4.252550723512353 8.546143958142078 84.04786447435617
      vertex -4.600747587671382 8.368728794418898 152.19451663
      vertex -4.0661922344464445 8.641098351050488 152.19451663
    endloop
  endfacet
  facet normal -0.3971478906347791 0.9177546256839818 3.4018747534875983e-18
    outer loop
      vertex -3.824295227115109 8.745776533566765 84.19745848327875
      vertex -4.0661922344464445 8.641098351050488 152.19451663
      vertex -3.5155894781386747 8.879365440232801 152.19451663
    endloop
  endfacet
  facet normal -0.33873792024529004 0.940880768954226 3.0668063881138996e-18
    outer loop
      vertex -3.1481820442760458 9.011640255635411 84.31095910072327
      vertex -3.5155894781386747 8.879365440232801 152.19451663
      vertex -2.9511122962807477 9.082589730618716 152.19451663
    endloop
  endfacet
  facet normal -0.27899110603923083 0.9602936856769426 4.089533435508974e-18
    outer loop
      vertex -2.3749884224243636 9.249969188778428 152.19451663
      vertex -2.917860532658983 9.09225026098454 84.3185657709837
      vertex -2.9511122962807477 9.082589730618716 152.19451663
    endloop
  endfacet
  facet normal -0.2181432413965434 0.9759167619387471 0
    outer loop
      vertex -2.3749884224243636 9.249969188778428 84.3185657709837
      vertex -2.3749884224243636 9.249969188778428 152.19451663
      vertex -1.7894915542936702 9.380843244458978 152.19451663
    endloop
  endfacet
  facet normal -0.15643446504022984 0.9876883405951379 0
    outer loop
      vertex -1.7894915542936702 9.380843244458978 84.3185657709837
      vertex -1.7894915542936702 9.380843244458978 152.19451663
      vertex -1.1969323805391057 9.474695397553264 152.19451663
    endloop
  endfacet
  facet normal -0.0941083133185141 0.9955619646030801 -9.968237749053119e-18
    outer loop
      vertex -1.0319799065944801 9.490287997162905 84.3185657709837
      vertex -1.1969323805391057 9.474695397553264 152.19451663
      vertex -0.5996494615049428 9.531155256489994 152.19451663
    endloop
  endfacet
  facet normal -0.031410759078128944 0.9995065603657315 0
    outer loop
      vertex -0.5996494615049428 9.531155256489994 84.29306199885701
      vertex -0.5996494615049428 9.531155256489994 152.19451663
      vertex 0 9.55 152.19451663
    endloop
  endfacet
  facet normal 0.031410759078129 -0.9995065603657316 0
    outer loop
      vertex 0.5996494615049418 -9.531155256489994 7.996
      vertex 0 -9.55 152.19451663
      vertex 0 -9.55 7.996
    endloop
  endfacet
  facet normal 0.09410831331851423 -0.9955619646030801 0
    outer loop
      vertex 1.196932380539104 -9.474695397553264 7.996
      vertex 0.5996494615049418 -9.531155256489994 152.19451663
      vertex 0.5996494615049418 -9.531155256489994 7.996
    endloop
  endfacet
  facet normal 0.15643446504023178 -0.9876883405951377 0
    outer loop
      vertex 1.7894915542936722 -9.380843244458976 7.996
      vertex 1.196932380539104 -9.474695397553264 152.19451663
      vertex 1.196932380539104 -9.474695397553264 7.996
    endloop
  endfacet
  facet normal 0.21814324139654115 -0.9759167619387478 0
    outer loop
      vertex 2.374988422424364 -9.249969188778428 7.996
      vertex 1.7894915542936722 -9.380843244458976 152.19451663
      vertex 1.7894915542936722 -9.380843244458976 7.996
    endloop
  endfacet
  facet normal 0.27899110603923105 -0.9602936856769425 0
    outer loop
      vertex 2.9511122962807477 -9.082589730618716 7.996
      vertex 2.374988422424364 -9.249969188778428 152.19451663
      vertex 2.374988422424364 -9.249969188778428 7.996
    endloop
  endfacet
  facet normal 0.3387379202452904 -0.9408807689542257 0
    outer loop
      vertex 2.9511122962807477 -9.082589730618716 7.996
      vertex 3.515589478138674 -8.879365440232801 7.996
      vertex 2.9511122962807477 -9.082589730618716 152.19451663
    endloop
  endfacet
  facet normal 0.3971478906347802 -0.9177546256839815 0
    outer loop
      vertex 4.066192234446442 -8.641098351050488 7.996
      vertex 3.515589478138674 -8.879365440232801 152.19451663
      vertex 3.515589478138674 -8.879365440232801 7.996
    endloop
  endfacet
  facet normal 0.45399049973954814 -0.8910065241883671 0
    outer loop
      vertex 4.600747587671382 -8.368728794418896 7.996
      vertex 4.066192234446442 -8.641098351050488 152.19451663
      vertex 4.066192234446442 -8.641098351050488 7.996
    endloop
  endfacet
  facet normal 0.5090414157503692 -0.8607420270039449 0
    outer loop
      vertex 5.11714589204942 -8.063331688544244 7.996
      vertex 4.600747587671382 -8.368728794418896 152.19451663
      vertex 4.600747587671382 -8.368728794418896 7.996
    endloop
  endfacet
  facet normal 0.7501110696304587 -0.6613118653236529 0
    outer loop
      vertex 7.358401468508789 -6.087399102099987 7.996
      vertex 7.041159307631997 -6.44723969941137 0
      vertex 7.358401468508789 -6.087399102099987 0
    endloop
  endfacet
  facet normal 0.5620833778521306 -0.8270805742745618 0
    outer loop
      vertex 5.11714589204942 -8.063331688544244 7.996
      vertex 5.613349159393119 -7.726112296280749 7.996
      vertex 5.11714589204942 -8.063331688544244 152.19451663
    endloop
  endfacet
  facet normal 0.612907053652976 -0.7901550123756907 0
    outer loop
      vertex 6.087399102099987 -7.358401468508789 7.996
      vertex 5.613349159393119 -7.726112296280749 152.19451663
      vertex 5.613349159393119 -7.726112296280749 7.996
    endloop
  endfacet
  facet normal 0.6613118653236526 -0.750111069630459 0
    outer loop
      vertex 6.087399102099987 -7.358401468508789 7.996
      vertex 6.537424861618976 -6.961650391874482 7.996
      vertex 6.087399102099987 -7.358401468508789 152.19451663
    endloop
  endfacet
  facet normal 0.7071067811865476 -0.7071067811865476 0
    outer loop
      vertex 6.537424861618976 -6.961650391874482 7.996
      vertex 6.961650391874482 -6.537424861618976 7.996
      vertex 6.537424861618976 -6.961650391874482 152.19451663
    endloop
  endfacet
  facet normal 0.750111069630459 -0.6613118653236526 0
    outer loop
      vertex 7.358401468508789 -6.087399102099987 7.996
      vertex 6.961650391874482 -6.537424861618976 152.19451663
      vertex 6.961650391874482 -6.537424861618976 7.996
    endloop
  endfacet
  facet normal 0.7901550123756907 -0.612907053652976 0
    outer loop
      vertex 7.358401468508789 -6.087399102099987 7.996
      vertex 7.726112296280749 -5.613349159393119 7.996
      vertex 7.358401468508789 -6.087399102099987 152.19451663
    endloop
  endfacet
  facet normal 0.8270805742745618 -0.5620833778521306 0
    outer loop
      vertex 7.726112296280749 -5.613349159393119 7.996
      vertex 8.063331688544244 -5.11714589204942 7.996
      vertex 7.726112296280749 -5.613349159393119 152.19451663
    endloop
  endfacet
  facet normal 0.8607420270039449 -0.5090414157503692 0
    outer loop
      vertex 8.063331688544244 -5.11714589204942 7.996
      vertex 8.368728794418896 -4.600747587671382 7.996
      vertex 8.063331688544244 -5.11714589204942 152.19451663
    endloop
  endfacet
  facet normal 0.8607420270039453 -0.5090414157503687 0
    outer loop
      vertex 8.368728794418896 -4.600747587671382 7.996
      vertex 8.124533268561525 -5.013659671852061 0
      vertex 8.368728794418896 -4.600747587671382 0
    endloop
  endfacet
  facet normal 0.9408807689542261 -0.3387379202452895 0
    outer loop
      vertex 9.082589730618716 -2.9511122962807477 7.996
      vertex 8.920091588026139 -3.4024682508943456 0
      vertex 9.082589730618716 -2.9511122962807477 0
    endloop
  endfacet
  facet normal 0.8910065241883671 -0.45399049973954814 0
    outer loop
      vertex 8.368728794418896 -4.600747587671382 7.996
      vertex 8.641098351050488 -4.066192234446442 7.996
      vertex 8.368728794418896 -4.600747587671382 152.19451663
    endloop
  endfacet
  facet normal 0.9177546256839815 -0.3971478906347802 0
    outer loop
      vertex 8.641098351050488 -4.066192234446442 7.996
      vertex 8.879365440232801 -3.515589478138674 7.996
      vertex 8.641098351050488 -4.066192234446442 152.19451663
    endloop
  endfacet
  facet normal 0.9408807689542257 -0.3387379202452904 0
    outer loop
      vertex 8.879365440232801 -3.515589478138674 7.996
      vertex 9.082589730618716 -2.9511122962807477 7.996
      vertex 8.879365440232801 -3.515589478138674 152.19451663
    endloop
  endfacet
  facet normal 0.9602936856769425 -0.27899110603923105 0
    outer loop
      vertex 9.082589730618716 -2.9511122962807477 7.996
      vertex 9.249969188778428 -2.374988422424364 7.996
      vertex 9.082589730618716 -2.9511122962807477 152.19451663
    endloop
  endfacet
  facet normal 0.9759167619387478 -0.21814324139654115 0
    outer loop
      vertex 9.249969188778428 -2.374988422424364 7.996
      vertex 9.380843244458976 -1.7894915542936722 7.996
      vertex 9.249969188778428 -2.374988422424364 152.19451663
    endloop
  endfacet
  facet normal 0.9876883405951377 -0.15643446504023178 0
    outer loop
      vertex 9.380843244458976 -1.7894915542936722 7.996
      vertex 9.474695397553264 -1.196932380539104 7.996
      vertex 9.380843244458976 -1.7894915542936722 152.19451663
    endloop
  endfacet
  facet normal 0.99556196460308 -0.09410831331851495 0
    outer loop
      vertex 9.474695397553264 -1.196932380539104 7.996
      vertex 9.531155256489994 -0.5996494615049465 7.996
      vertex 9.474695397553264 -1.196932380539104 152.19451663
    endloop
  endfacet
  facet normal 0.9995065603657316 -0.03141075907812876 0
    outer loop
      vertex 9.531155256489994 -0.5996494615049465 7.996
      vertex 9.55 0 7.996
      vertex 9.531155256489994 -0.5996494615049465 152.19451663
    endloop
  endfacet
  facet normal 0.031410759078129 -0.9995065603657316 0
    outer loop
      vertex 0.5996494615049418 -9.531155256489994 7.996
      vertex 0.5996494615049418 -9.531155256489994 152.19451663
      vertex 0 -9.55 152.19451663
    endloop
  endfacet
  facet normal 0.09410831331851423 -0.9955619646030801 0
    outer loop
      vertex 1.196932380539104 -9.474695397553264 7.996
      vertex 1.196932380539104 -9.474695397553264 152.19451663
      vertex 0.5996494615049418 -9.531155256489994 152.19451663
    endloop
  endfacet
  facet normal 0.15643446504023178 -0.9876883405951377 0
    outer loop
      vertex 1.7894915542936722 -9.380843244458976 7.996
      vertex 1.7894915542936722 -9.380843244458976 152.19451663
      vertex 1.196932380539104 -9.474695397553264 152.19451663
    endloop
  endfacet
  facet normal 0.21814324139654115 -0.9759167619387478 0
    outer loop
      vertex 2.374988422424364 -9.249969188778428 7.996
      vertex 2.374988422424364 -9.249969188778428 152.19451663
      vertex 1.7894915542936722 -9.380843244458976 152.19451663
    endloop
  endfacet
  facet normal 0.27899110603923105 -0.9602936856769425 0
    outer loop
      vertex 2.9511122962807477 -9.082589730618716 7.996
      vertex 2.9511122962807477 -9.082589730618716 152.19451663
      vertex 2.374988422424364 -9.249969188778428 152.19451663
    endloop
  endfacet
  facet normal 0.3387379202452904 -0.9408807689542257 0
    outer loop
      vertex 3.515589478138674 -8.879365440232801 7.996
      vertex 3.515589478138674 -8.879365440232801 152.19451663
      vertex 2.9511122962807477 -9.082589730618716 152.19451663
    endloop
  endfacet
  facet normal 0.3971478906347802 -0.9177546256839815 0
    outer loop
      vertex 4.066192234446442 -8.641098351050488 7.996
      vertex 4.066192234446442 -8.641098351050488 152.19451663
      vertex 3.515589478138674 -8.879365440232801 152.19451663
    endloop
  endfacet
  facet normal 0.45399049973954814 -0.8910065241883671 0
    outer loop
      vertex 4.600747587671382 -8.368728794418896 7.996
      vertex 4.600747587671382 -8.368728794418896 152.19451663
      vertex 4.066192234446442 -8.641098351050488 152.19451663
    endloop
  endfacet
  facet normal 0.5090414157503692 -0.8607420270039449 0
    outer loop
      vertex 5.11714589204942 -8.063331688544244 7.996
      vertex 5.11714589204942 -8.063331688544244 152.19451663
      vertex 4.600747587671382 -8.368728794418896 152.19451663
    endloop
  endfacet
  facet normal 0.5620833778521306 -0.8270805742745618 0
    outer loop
      vertex 5.613349159393119 -7.726112296280749 7.996
      vertex 5.613349159393119 -7.726112296280749 152.19451663
      vertex 5.11714589204942 -8.063331688544244 152.19451663
    endloop
  endfacet
  facet normal 0.612907053652976 -0.7901550123756907 0
    outer loop
      vertex 6.087399102099987 -7.358401468508789 7.996
      vertex 6.087399102099987 -7.358401468508789 152.19451663
      vertex 5.613349159393119 -7.726112296280749 152.19451663
    endloop
  endfacet
  facet normal 0.6613118653236526 -0.750111069630459 0
    outer loop
      vertex 6.537424861618976 -6.961650391874482 7.996
      vertex 6.537424861618976 -6.961650391874482 152.19451663
      vertex 6.087399102099987 -7.358401468508789 152.19451663
    endloop
  endfacet
  facet normal 0.7071067811865476 -0.7071067811865476 0
    outer loop
      vertex 6.961650391874482 -6.537424861618976 7.996
      vertex 6.961650391874482 -6.537424861618976 152.19451663
      vertex 6.537424861618976 -6.961650391874482 152.19451663
    endloop
  endfacet
  facet normal 0.750111069630459 -0.6613118653236526 0
    outer loop
      vertex 7.358401468508789 -6.087399102099987 7.996
      vertex 7.358401468508789 -6.087399102099987 152.19451663
      vertex 6.961650391874482 -6.537424861618976 152.19451663
    endloop
  endfacet
  facet normal 0.7901550123756907 -0.612907053652976 0
    outer loop
      vertex 7.726112296280749 -5.613349159393119 7.996
      vertex 7.726112296280749 -5.613349159393119 152.19451663
      vertex 7.358401468508789 -6.087399102099987 152.19451663
    endloop
  endfacet
  facet normal 0.8270805742745618 -0.5620833778521306 0
    outer loop
      vertex 8.063331688544244 -5.11714589204942 7.996
      vertex 8.063331688544244 -5.11714589204942 152.19451663
      vertex 7.726112296280749 -5.613349159393119 152.19451663
    endloop
  endfacet
  facet normal 0.8607420270039449 -0.5090414157503692 0
    outer loop
      vertex 8.063331688544244 -5.11714589204942 152.19451663
      vertex 8.368728794418896 -4.600747587671382 7.996
      vertex 8.368728794418896 -4.600747587671382 152.19451663
    endloop
  endfacet
  facet normal 0.8910065241883671 -0.45399049973954814 0
    outer loop
      vertex 8.641098351050488 -4.066192234446442 7.996
      vertex 8.641098351050488 -4.066192234446442 152.19451663
      vertex 8.368728794418896 -4.600747587671382 152.19451663
    endloop
  endfacet
  facet normal 0.9177546256839815 -0.3971478906347802 0
    outer loop
      vertex 8.879365440232801 -3.515589478138674 7.996
      vertex 8.879365440232801 -3.515589478138674 152.19451663
      vertex 8.641098351050488 -4.066192234446442 152.19451663
    endloop
  endfacet
  facet normal 0.9408807689542257 -0.3387379202452904 0
    outer loop
      vertex 9.082589730618716 -2.9511122962807477 7.996
      vertex 9.082589730618716 -2.9511122962807477 152.19451663
      vertex 8.879365440232801 -3.515589478138674 152.19451663
    endloop
  endfacet
  facet normal 0.9602936856769425 -0.27899110603923105 0
    outer loop
      vertex 9.249969188778428 -2.374988422424364 7.996
      vertex 9.249969188778428 -2.374988422424364 152.19451663
      vertex 9.082589730618716 -2.9511122962807477 152.19451663
    endloop
  endfacet
  facet normal 0.9759167619387478 -0.21814324139654115 0
    outer loop
      vertex 9.380843244458976 -1.7894915542936722 7.996
      vertex 9.380843244458976 -1.7894915542936722 152.19451663
      vertex 9.249969188778428 -2.374988422424364 152.19451663
    endloop
  endfacet
  facet normal 0.9876883405951377 -0.15643446504023178 0
    outer loop
      vertex 9.474695397553264 -1.196932380539104 7.996
      vertex 9.474695397553264 -1.196932380539104 152.19451663
      vertex 9.380843244458976 -1.7894915542936722 152.19451663
    endloop
  endfacet
  facet normal 0.99556196460308 -0.09410831331851495 0
    outer loop
      vertex 9.531155256489994 -0.5996494615049465 7.996
      vertex 9.531155256489994 -0.5996494615049465 152.19451663
      vertex 9.474695397553264 -1.196932380539104 152.19451663
    endloop
  endfacet
  facet normal 0.9995065603657316 -0.03141075907812876 0
    outer loop
      vertex 9.531155256489994 -0.5996494615049465 152.19451663
      vertex 9.55 0 7.996
      vertex 9.55 0 152.19451663
    endloop
  endfacet
  facet normal 0.03141075907812876 0.9995065603657317 0
    outer loop
      vertex 0.5996494615049465 9.531155256489994 14.848414227366447
      vertex 0 9.55 7.996
      vertex 0 9.55 14.848414227366447
    endloop
  endfacet
  facet normal 0.03141075907812876 0.9995065603657317 0
    outer loop
      vertex 0.5996494615049465 9.531155256489994 7.996
      vertex 0 9.55 7.996
      vertex 0.5996494615049465 9.531155256489994 14.848414227366447
    endloop
  endfacet
  facet normal 0.09410831331851437 0.99556196460308 0
    outer loop
      vertex 0.5996494615049465 9.531155256489994 7.996
      vertex 0.5996494615049465 9.531155256489994 14.848414227366447
      vertex 0.9303171560168266 9.499897956486732 14.848414227366447
    endloop
  endfacet
  facet normal 0.09410831331851495 0.9955619646030799 -9.700039607043336e-17
    outer loop
      vertex 1.196932380539104 9.474695397553264 7.996
      vertex 0.5996494615049465 9.531155256489994 7.996
      vertex 1.1639775484800339 9.477810546354686 14.855757303535938
    endloop
  endfacet
  facet normal 0.09410831331851291 0.9955619646030801 7.12972670591787e-17
    outer loop
      vertex 0.5996494615049465 9.531155256489994 7.996
      vertex 0.9303171560168266 9.499897956486732 14.848414227366447
      vertex 1.1639775484800339 9.477810546354686 14.855757303535938
    endloop
  endfacet
  facet normal 0.09410831331853498 0.9955619646030781 0
    outer loop
      vertex 1.196932380539104 9.474695397553264 7.996
      vertex 1.1639775484800339 9.477810546354686 14.855757303535938
      vertex 1.196932380539104 9.474695397553264 14.858872452025423
    endloop
  endfacet
  facet normal 0.15643446504023292 0.9876883405951373 4.3164288483115426e-17
    outer loop
      vertex 1.4259319140008808 9.43842543461134 7.996
      vertex 1.3260026328372116 9.454252677880481 0
      vertex 1.196932380539104 9.474695397553264 0
    endloop
  endfacet
  facet normal 0.15643446504023387 0.9876883405951373 0
    outer loop
      vertex 1.196932380539104 9.474695397553264 7.996
      vertex 1.3967157825827599 9.443052815234447 14.877757541835308
      vertex 1.196932380539104 9.474695397553264 0
    endloop
  endfacet
  facet normal 0.15643446504023492 0.9876883405951371 -1.4557914718453354e-17
    outer loop
      vertex 1.4259319140008808 9.43842543461134 7.996
      vertex 1.196932380539104 9.474695397553264 0
      vertex 1.3967157825827599 9.443052815234447 14.877757541835308
    endloop
  endfacet
  facet normal 0.2181432413965534 0.9759167619387451 7.305967184897173e-18
    outer loop
      vertex 1.8552085576809922 9.366153753825268 7.996
      vertex 1.9307671510679394 9.349264407192827 0
      vertex 1.7894915542936722 9.380843244458976 0
    endloop
  endfacet
  facet normal 0.2181432413965393 0.9759167619387481 0
    outer loop
      vertex 2.37498842242436 9.249969188778428 7.996
      vertex 2.37498842242436 9.249969188778428 0
      vertex 2.048463219167161 9.322956219039785 0
    endloop
  endfacet
  facet normal 0.21814324139655428 0.9759167619387449 0
    outer loop
      vertex 1.8552085576809922 9.366153753825268 7.996
      vertex 1.7894915542936722 9.380843244458976 0
      vertex 1.7894915542936722 9.380843244458976 7.996
    endloop
  endfacet
  facet normal 0.2181432413965482 0.9759167619387461 -4.006321951973025e-17
    outer loop
      vertex 2.0033480523456437 9.333040653604717 7.996
      vertex 2.0802524015307426 9.315850494911878 15.030546084046364
      vertex 2.048463219167161 9.322956219039785 0
    endloop
  endfacet
  facet normal 0.21814324139653804 0.9759167619387485 5.3035658829711104e-17
    outer loop
      vertex 2.37498842242436 9.249969188778428 7.996
      vertex 2.048463219167161 9.322956219039785 0
      vertex 2.3002075031399727 9.266684704653882 15.109734788537025
    endloop
  endfacet
  facet normal 0.15643446504023387 0.9876883405951372 0
    outer loop
      vertex 1.196932380539104 9.474695397553264 7.996
      vertex 1.196932380539104 9.474695397553264 14.858872452025423
      vertex 1.3967157825827599 9.443052815234447 14.877757541835308
    endloop
  endfacet
  facet normal 0.1564344650402282 0.9876883405951381 -4.384302603514121e-17
    outer loop
      vertex 1.4259319140008808 9.43842543461134 7.996
      vertex 1.3967157825827599 9.443052815234447 14.877757541835308
      vertex 1.6276133581995964 9.406482231948083 14.914328128099442
    endloop
  endfacet
  facet normal 0.1564344650402301 0.9876883405951379 -1.0081730339416461e-16
    outer loop
      vertex 1.7894915542936722 9.380843244458976 7.996
      vertex 1.4259319140008808 9.43842543461134 7.996
      vertex 1.6276133581995964 9.406482231948083 14.914328128099442
    endloop
  endfacet
  facet normal 0.15643446504023428 0.9876883405951371 0
    outer loop
      vertex 1.7894915542936722 9.380843244458976 7.996
      vertex 1.6276133581995964 9.406482231948083 14.914328128099442
      vertex 1.7894915542936722 9.380843244458976 14.95051219418528
    endloop
  endfacet
  facet normal 0.21814324139655425 0.9759167619387448 0
    outer loop
      vertex 1.8552085576809922 9.366153753825268 7.996
      vertex 1.7894915542936722 9.380843244458976 7.996
      vertex 1.7894915542936722 9.380843244458976 14.95051219418528
    endloop
  endfacet
  facet normal 0.2181432413965408 0.9759167619387478 -2.033307950945879e-16
    outer loop
      vertex 2.0033480523456437 9.333040653604717 7.996
      vertex 1.8552085576809922 9.366153753825268 7.996
      vertex 1.8557590246200562 9.366030709886429 14.965324729681015
    endloop
  endfacet
  facet normal 0.21814324139653385 0.9759167619387494 -2.0262067387379543e-16
    outer loop
      vertex 1.8552085576809922 9.366153753825268 7.996
      vertex 1.7894915542936722 9.380843244458976 14.95051219418528
      vertex 1.8557590246200562 9.366030709886429 14.965324729681015
    endloop
  endfacet
  facet normal 0.21814324139654817 0.9759167619387462 -3.979117147975048e-17
    outer loop
      vertex 2.0033480523456437 9.333040653604717 7.996
      vertex 1.8557590246200562 9.366030709886429 14.965324729681015
      vertex 2.0802524015307426 9.315850494911878 15.030546084046364
    endloop
  endfacet
  facet normal 0.2181432413965427 0.9759167619387473 -2.7673163422196057e-17
    outer loop
      vertex 2.3002075031399727 9.266684704653882 15.109734788537025
      vertex 2.048463219167161 9.322956219039785 0
      vertex 2.0802524015307426 9.315850494911878 15.030546084046364
    endloop
  endfacet
  facet normal 0.21814324139653324 0.9759167619387494 0
    outer loop
      vertex 2.37498842242436 9.249969188778428 7.996
      vertex 2.3002075031399727 9.266684704653882 15.109734788537025
      vertex 2.37498842242436 9.249969188778428 15.1420953839324
    endloop
  endfacet
  facet normal 0.03141075907812876 0.9995065603657316 0
    outer loop
      vertex 0.5996494615049465 9.531155256489994 24.151585772633553
      vertex 0 9.55 24.151585772633553
      vertex 0.5996494615049465 9.531155256489994 45.6664659891465
    endloop
  endfacet
  facet normal 0.09410831331851437 0.9955619646030801 -2.788370857970897e-17
    outer loop
      vertex 0.9303171560168266 9.499897956486732 24.151585772633553
      vertex 0.5996494615049465 9.531155256489994 24.151585772633553
      vertex 0.9937289360587929 9.493903778448148 45.64517494518759
    endloop
  endfacet
  facet normal 0.09410831331851295 0.9955619646030802 3.407363299187023e-17
    outer loop
      vertex 1.196932380539104 9.474695397553264 45.64517494518759
      vertex 1.1639775484800339 9.477810546354686 24.14424269646406
      vertex 0.9303171560168266 9.499897956486732 24.151585772633553
    endloop
  endfacet
  facet normal 0.09410831331853498 0.9955619646030781 0
    outer loop
      vertex 1.196932380539104 9.474695397553264 24.14112754797455
      vertex 1.1639775484800339 9.477810546354686 24.14424269646406
      vertex 1.196932380539104 9.474695397553264 45.64517494518759
    endloop
  endfacet
  facet normal 0.15643446504023387 0.9876883405951372 -5.887114928971469e-17
    outer loop
      vertex 1.3967157825827599 9.443052815234447 24.122242458164692
      vertex 1.196932380539104 9.474695397553264 24.14112754797455
      vertex 1.7894915542936722 9.380843244458976 45.64517494518759
    endloop
  endfacet
  facet normal 0.15643446504022818 0.9876883405951381 4.692546123353072e-17
    outer loop
      vertex 1.6276133581995964 9.406482231948083 24.08567187190056
      vertex 1.3967157825827599 9.443052815234447 24.122242458164692
      vertex 1.7894915542936722 9.380843244458976 45.64517494518759
    endloop
  endfacet
  facet normal 0.15643446504023428 0.9876883405951372 0
    outer loop
      vertex 1.7894915542936722 9.380843244458976 24.04948780581472
      vertex 1.6276133581995964 9.406482231948083 24.08567187190056
      vertex 1.7894915542936722 9.380843244458976 45.64517494518759
    endloop
  endfacet
  facet normal 0.21814324139653385 0.9759167619387493 2.4810419236511367e-16
    outer loop
      vertex 1.8557590246200562 9.366030709886429 24.034675270318985
      vertex 1.7894915542936722 9.380843244458976 24.04948780581472
      vertex 2.37498842242436 9.249969188778428 45.64517494518759
    endloop
  endfacet
  facet normal 0.2181432413965481 0.9759167619387461 -1.1193249734722855e-16
    outer loop
      vertex 2.0802524015307426 9.315850494911878 23.969453915953636
      vertex 1.8557590246200562 9.366030709886429 24.034675270318985
      vertex 2.37498842242436 9.249969188778428 45.64517494518759
    endloop
  endfacet
  facet normal 0.21814324139654262 0.9759167619387473 -3.4099019610699177e-17
    outer loop
      vertex 2.3002075031399727 9.266684704653882 23.890265211462975
      vertex 2.0802524015307426 9.315850494911878 23.969453915953636
      vertex 2.37498842242436 9.249969188778428 45.64517494518759
    endloop
  endfacet
  facet normal 0.2181432413965332 0.9759167619387494 0
    outer loop
      vertex 2.37498842242436 9.249969188778428 23.8579046160676
      vertex 2.3002075031399727 9.266684704653882 23.890265211462975
      vertex 2.37498842242436 9.249969188778428 45.64517494518759
    endloop
  endfacet
  facet normal 0.33873792024522587 0.940880768954249 1.91509259938106e-16
    outer loop
      vertex 3.486852726167487 8.889711307550446 2.573913116208473
      vertex 3.4924168602614554 8.887708096013823 0
      vertex 3.4698983325427846 8.895815264847643 0
    endloop
  endfacet
  facet normal 0.3971478906347833 0.9177546256839798 0
    outer loop
      vertex 3.5155894781386787 8.8793654402328 7.996
      vertex 3.6430052295327187 8.824227720973607 16.02229918539524
      vertex 3.5155894781386787 8.8793654402328 0
    endloop
  endfacet
  facet normal 0.3387379202452892 0.9408807689542263 2.6453484537133694e-18
    outer loop
      vertex 3.313800462331406 8.952013956174808 5.964158093707084
      vertex 3.2614639534797867 8.970856258777083 0
      vertex 2.9511122962807477 9.082589730618716 0
    endloop
  endfacet
  facet normal 0.33873792024528443 0.940880768954228 3.308084825614945e-16
    outer loop
      vertex 3.313800462331406 8.952013956174808 5.964158093707084
      vertex 2.9511122962807477 9.082589730618716 0
      vertex 3.3114099200796616 8.952874604343346 7.996
    endloop
  endfacet
  facet normal 0.3387379202452917 0.9408807689542252 0
    outer loop
      vertex 2.9511122962807477 9.082589730618716 7.996
      vertex 3.117623969912529 9.022641839362224 15.559113293886185
      vertex 2.9511122962807477 9.082589730618716 0
    endloop
  endfacet
  facet normal 0.3387379202452914 0.9408807689542255 -2.2413633825118034e-17
    outer loop
      vertex 3.3114099200796616 8.952874604343346 7.996
      vertex 2.9511122962807477 9.082589730618716 0
      vertex 3.302343040704727 8.95613888177777 15.702396094799042
    endloop
  endfacet
  facet normal 0.2789911060392252 0.9602936856769443 0
    outer loop
      vertex 2.5147562697529793 9.209362875421858 15.202578336000443
      vertex 2.37498842242436 9.249969188778428 7.996
      vertex 2.37498842242436 9.249969188778428 15.1420953839324
    endloop
  endfacet
  facet normal 0.2789911060392287 0.9602936856769433 -7.397447004063943e-17
    outer loop
      vertex 2.723051980137825 9.148847377413007 15.308710299432278
      vertex 2.37498842242436 9.249969188778428 7.996
      vertex 2.5147562697529793 9.209362875421858 15.202578336000443
    endloop
  endfacet
  facet normal 0.2789911060392296 0.9602936856769431 -1.1648868358812605e-16
    outer loop
      vertex 2.9242725893855095 9.090387386298596 15.427711836993694
      vertex 2.37498842242436 9.249969188778428 7.996
      vertex 2.723051980137825 9.148847377413007 15.308710299432278
    endloop
  endfacet
  facet normal 0.2789911060392293 0.9602936856769431 -9.415534112405158e-17
    outer loop
      vertex 2.9511122962807477 9.082589730618716 7.996
      vertex 2.37498842242436 9.249969188778428 7.996
      vertex 2.9242725893855095 9.090387386298596 15.427711836993694
    endloop
  endfacet
  facet normal 0.2789911060392533 0.960293685676936 0
    outer loop
      vertex 2.9511122962807477 9.082589730618716 7.996
      vertex 2.9242725893855095 9.090387386298596 15.427711836993694
      vertex 2.9511122962807477 9.082589730618716 15.44595208218351
    endloop
  endfacet
  facet normal 0.3387379202452897 0.9408807689542261 -6.253889402868597e-17
    outer loop
      vertex 3.5155894781386787 8.8793654402328 7.996
      vertex 3.3114099200796616 8.952874604343346 7.996
      vertex 3.477700814604759 8.893006198456202 15.856994770467281
    endloop
  endfacet
  facet normal 0.33873792024528815 0.9408807689542267 -2.661907606074206e-17
    outer loop
      vertex 3.3114099200796616 8.952874604343346 7.996
      vertex 3.302343040704727 8.95613888177777 15.702396094799042
      vertex 3.477700814604759 8.893006198456202 15.856994770467281
    endloop
  endfacet
  facet normal 0.3387379202453012 0.940880768954222 0
    outer loop
      vertex 3.5155894781386787 8.8793654402328 7.996
      vertex 3.477700814604759 8.893006198456202 15.856994770467281
      vertex 3.5155894781386787 8.8793654402328 15.894883434001201
    endloop
  endfacet
  facet normal 0.39714789063478334 0.91775462568398 0
    outer loop
      vertex 3.5155894781386787 8.8793654402328 7.996
      vertex 3.5155894781386787 8.8793654402328 15.894883434001201
      vertex 3.6430052295327187 8.824227720973607 16.02229918539524
    endloop
  endfacet
  facet normal 0.33873792024528937 0.9408807689542261 2.9777747025704116e-17
    outer loop
      vertex 3.302343040704727 8.95613888177777 15.702396094799042
      vertex 2.9511122962807477 9.082589730618716 0
      vertex 3.117623969912529 9.022641839362224 15.559113293886185
    endloop
  endfacet
  facet normal 0.33873792024529176 0.9408807689542253 0
    outer loop
      vertex 2.9511122962807477 9.082589730618716 7.996
      vertex 2.9511122962807477 9.082589730618716 15.44595208218351
      vertex 3.117623969912529 9.022641839362224 15.559113293886185
    endloop
  endfacet
  facet normal 0.5090414157503714 0.8607420270039435 -2.060843094604668e-17
    outer loop
      vertex 4.600747587671382 8.368728794418896 7.996
      vertex 4.622242458164692 8.356016763445608 18.10328421741724
      vertex 4.644242696464062 8.343005858784965 18.336022451519966
    endloop
  endfacet
  facet normal 0.5090414157503628 0.8607420270039486 2.838061696356297e-17
    outer loop
      vertex 4.600747587671382 8.368728794418896 7.996
      vertex 4.644242696464062 8.343005858784965 18.336022451519966
      vertex 4.6515857726335526 8.338663175644127 18.569682843983173
    endloop
  endfacet
  facet normal 0.3971478906347858 0.9177546256839788 -1.0804948002177095e-16
    outer loop
      vertex 3.7078690895485105 8.796158622259446 7.996
      vertex 3.7210537146406235 8.790453125498543 0
      vertex 3.5155894781386787 8.8793654402328 0
    endloop
  endfacet
  facet normal 0.39714789063477773 0.9177546256839824 0
    outer loop
      vertex 4.066192234446442 8.641098351050488 7.996
      vertex 4.066192234446442 8.641098351050488 0
      vertex 3.767283819468614 8.770447572704322 0
    endloop
  endfacet
  facet normal 0.39714789063478134 0.9177546256839808 1.8916719394599983e-17
    outer loop
      vertex 3.7078690895485105 8.796158622259446 7.996
      vertex 3.5155894781386787 8.8793654402328 0
      vertex 3.6430052295327187 8.824227720973607 16.02229918539524
    endloop
  endfacet
  facet normal 0.3971478906347997 0.9177546256839728 -2.7152831499008935e-16
    outer loop
      vertex 3.8223109553864485 8.746635204620475 7.996
      vertex 3.9408867061138153 8.695322895247244 16.38237603008747
      vertex 3.767283819468614 8.770447572704322 0
    endloop
  endfacet
  facet normal 0.3971478906347777 0.9177546256839825 0
    outer loop
      vertex 4.066192234446442 8.641098351050488 7.996
      vertex 3.767283819468614 8.770447572704322 0
      vertex 4.066192234446442 8.641098351050488 16.566757523746276
    endloop
  endfacet
  facet normal 0.45399049973960837 0.8910065241883365 -6.147741123566735e-16
    outer loop
      vertex 4.405864753910304 8.468026557889758 7.996
      vertex 4.351909686206551 8.495518038014014 0
      vertex 4.335991711171195 8.503628651398946 0
    endloop
  endfacet
  facet normal 0.45399049973954386 0.8910065241883695 8.155192037810355e-17
    outer loop
      vertex 4.317834415221699 8.512880255779216 7.996
      vertex 4.3902652114629745 8.47597492176714 17.199792496860027
      vertex 4.335991711171195 8.503628651398946 0
    endloop
  endfacet
  facet normal 0.4539904997395461 0.8910065241883682 7.246829429389494e-17
    outer loop
      vertex 4.405864753910304 8.468026557889758 7.996
      vertex 4.335991711171195 8.503628651398946 0
      vertex 4.3902652114629745 8.47597492176714 17.199792496860027
    endloop
  endfacet
  facet normal 0.3971478906347792 0.9177546256839818 -1.1724800228760886e-16
    outer loop
      vertex 3.8223109553864485 8.746635204620475 7.996
      vertex 3.7078690895485105 8.796158622259446 7.996
      vertex 3.7976039052009583 8.757326899971684 16.197656959295273
    endloop
  endfacet
  facet normal 0.3971478906347741 0.917754625683984 -5.1172749834587485e-17
    outer loop
      vertex 3.7078690895485105 8.796158622259446 7.996
      vertex 3.6430052295327187 8.824227720973607 16.02229918539524
      vertex 3.7976039052009583 8.757326899971684 16.197656959295273
    endloop
  endfacet
  facet normal 0.3971478906347885 0.9177546256839777 -8.383863667196926e-17
    outer loop
      vertex 3.8223109553864485 8.746635204620475 7.996
      vertex 3.7976039052009583 8.757326899971684 16.197656959295273
      vertex 3.9408867061138153 8.695322895247244 16.38237603008747
    endloop
  endfacet
  facet normal 0.45399049973951633 0.8910065241883833 0
    outer loop
      vertex 4.066192234446442 8.641098351050488 7.996
      vertex 4.066192234446442 8.641098351050488 16.566757523746276
      vertex 4.072288163006306 8.637992320310937 16.57572741061449
    endloop
  endfacet
  facet normal 0.4539904997395465 0.8910065241883678 -2.7092756959793222e-17
    outer loop
      vertex 4.066192234446442 8.641098351050488 7.996
      vertex 4.072288163006306 8.637992320310937 16.57572741061449
      vertex 4.191289700567722 8.577358008394429 16.776948019862175
    endloop
  endfacet
  facet normal 0.39714789063477707 0.9177546256839827 1.418102058770158e-17
    outer loop
      vertex 4.066192234446442 8.641098351050488 16.566757523746276
      vertex 3.767283819468614 8.770447572704322 0
      vertex 3.9408867061138153 8.695322895247244 16.38237603008747
    endloop
  endfacet
  facet normal 0.45399049973954914 0.8910065241883666 -2.8014856392449586e-17
    outer loop
      vertex 4.317834415221699 8.512880255779216 7.996
      vertex 4.066192234446442 8.641098351050488 7.996
      vertex 4.2974216639995575 8.523281072021096 16.98524373024702
    endloop
  endfacet
  facet normal 0.4539904997395523 0.891006524188365 -1.2796782204504576e-16
    outer loop
      vertex 4.066192234446442 8.641098351050488 7.996
      vertex 4.191289700567722 8.577358008394429 16.776948019862175
      vertex 4.2974216639995575 8.523281072021096 16.98524373024702
    endloop
  endfacet
  facet normal 0.45399049973955347 0.8910065241883643 -1.542936563313756e-17
    outer loop
      vertex 4.317834415221699 8.512880255779216 7.996
      vertex 4.2974216639995575 8.523281072021096 16.98524373024702
      vertex 4.3902652114629745 8.47597492176714 17.199792496860027
    endloop
  endfacet
  facet normal 0.45399049973954103 0.8910065241883709 6.174008026011044e-17
    outer loop
      vertex 4.405864753910304 8.468026557889758 7.996
      vertex 4.3902652114629745 8.47597492176714 17.199792496860027
      vertex 4.469453915953636 8.435626261516655 17.419747598469257
    endloop
  endfacet
  facet normal 0.45399049973954847 0.8910065241883671 -1.0138433509219129e-17
    outer loop
      vertex 4.600747587671382 8.368728794418896 7.996
      vertex 4.405864753910304 8.468026557889758 7.996
      vertex 4.5856718719005585 8.376410255273475 17.872386641800404
    endloop
  endfacet
  facet normal 0.45399049973954564 0.8910065241883685 2.188378737246769e-17
    outer loop
      vertex 4.405864753910304 8.468026557889758 7.996
      vertex 4.469453915953636 8.435626261516655 17.419747598469257
      vertex 4.534675270318985 8.402394321617015 17.644240975379944
    endloop
  endfacet
  facet normal 0.4539904997395504 0.8910065241883659 -6.013682872489445e-17
    outer loop
      vertex 4.405864753910304 8.468026557889758 7.996
      vertex 4.534675270318985 8.402394321617015 17.644240975379944
      vertex 4.5856718719005585 8.376410255273475 17.872386641800404
    endloop
  endfacet
  facet normal 0.45399049973955363 0.8910065241883643 0
    outer loop
      vertex 4.600747587671382 8.368728794418896 7.996
      vertex 4.5856718719005585 8.376410255273475 17.872386641800404
      vertex 4.600747587671382 8.368728794418896 17.96757095733284
    endloop
  endfacet
  facet normal 0.5090414157503643 0.8607420270039479 0
    outer loop
      vertex 4.600747587671382 8.368728794418896 7.996
      vertex 4.600747587671382 8.368728794418896 17.96757095733284
      vertex 4.622242458164692 8.356016763445608 18.10328421741724
    endloop
  endfacet
  facet normal 0.27899110603922533 0.9602936856769443 1.1358006824553003e-16
    outer loop
      vertex 2.5147562697529793 9.209362875421858 23.797421663999557
      vertex 2.37498842242436 9.249969188778428 23.8579046160676
      vertex 2.9511122962807477 9.082589730618716 45.64517494518759
    endloop
  endfacet
  facet normal 0.27899110603922866 0.9602936856769433 4.0947593743354605e-17
    outer loop
      vertex 2.723051980137825 9.148847377413007 23.691289700567722
      vertex 2.5147562697529793 9.209362875421858 23.797421663999557
      vertex 2.9511122962807477 9.082589730618716 45.64517494518759
    endloop
  endfacet
  facet normal 0.2789911060392533 0.9602936856769361 0
    outer loop
      vertex 2.9511122962807477 9.082589730618716 23.55404791781649
      vertex 2.9242725893855095 9.090387386298596 23.572288163006306
      vertex 2.9511122962807477 9.082589730618716 45.64517494518759
    endloop
  endfacet
  facet normal 0.2789911060392295 0.9602936856769431 3.138884631989263e-17
    outer loop
      vertex 2.9242725893855095 9.090387386298596 23.572288163006306
      vertex 2.723051980137825 9.148847377413007 23.691289700567722
      vertex 2.9511122962807477 9.082589730618716 45.64517494518759
    endloop
  endfacet
  facet normal 0.3387379202452882 0.9408807689542267 2.4628101798782637e-17
    outer loop
      vertex 3.477700814604759 8.893006198456202 23.14300522953272
      vertex 3.302343040704727 8.95613888177777 23.29760390520096
      vertex 3.5155894781386787 8.8793654402328 45.690790251332885
    endloop
  endfacet
  facet normal 0.3387379202453012 0.9408807689542219 0
    outer loop
      vertex 3.5155894781386787 8.8793654402328 23.1051165659988
      vertex 3.477700814604759 8.893006198456202 23.14300522953272
      vertex 3.5155894781386787 8.8793654402328 45.690790251332885
    endloop
  endfacet
  facet normal 0.3387379202452917 0.9408807689542253 -3.143772160800986e-17
    outer loop
      vertex 3.117623969912529 9.022641839362224 23.440886706113815
      vertex 2.9511122962807477 9.082589730618716 23.55404791781649
      vertex 3.4315571521946873 8.9096189391488 45.67677543540003
    endloop
  endfacet
  facet normal 0.3387379202452894 0.9408807689542262 6.289098180566063e-18
    outer loop
      vertex 3.302343040704727 8.95613888177777 23.29760390520096
      vertex 3.117623969912529 9.022641839362224 23.440886706113815
      vertex 3.4315571521946873 8.9096189391488 45.67677543540003
    endloop
  endfacet
  facet normal 0.5090414157503694 0.8607420270039448 0
    outer loop
      vertex 4.7571937644978055 8.276206783361 46.1408784039736
      vertex 4.600747587671382 8.368728794418896 21.03242904266716
      vertex 4.600747587671382 8.368728794418896 46.05310558087541
    endloop
  endfacet
  facet normal 0.5090414157503663 0.8607420270039465 2.5485928281984416e-17
    outer loop
      vertex 4.953995044565133 8.159818830775878 46.26903390367033
      vertex 4.600747587671382 8.368728794418896 21.03242904266716
      vertex 4.7571937644978055 8.276206783361 46.1408784039736
    endloop
  endfacet
  facet normal 0.39714789063478334 0.91775462568398 -7.73230470112935e-17
    outer loop
      vertex 3.6430052295327187 8.824227720973607 22.97770081460476
      vertex 3.5155894781386787 8.8793654402328 23.1051165659988
      vertex 4.066192234446442 8.641098351050488 45.82402448276889
    endloop
  endfacet
  facet normal 0.3971478906347742 0.9177546256839839 1.2449550371443578e-16
    outer loop
      vertex 3.7976039052009583 8.757326899971684 22.802343040704727
      vertex 3.6430052295327187 8.824227720973607 22.97770081460476
      vertex 4.066192234446442 8.641098351050488 45.82402448276889
    endloop
  endfacet
  facet normal 0.4539904997395162 0.8910065241883834 0
    outer loop
      vertex 4.072288163006306 8.637992320310937 22.42427258938551
      vertex 4.066192234446442 8.641098351050488 22.433242476253724
      vertex 4.066192234446442 8.641098351050488 45.82402448276889
    endloop
  endfacet
  facet normal 0.3971478906347884 0.9177546256839777 -7.251237445510439e-17
    outer loop
      vertex 3.9408867061138153 8.695322895247244 22.61762396991253
      vertex 3.7976039052009583 8.757326899971684 22.802343040704727
      vertex 4.066192234446442 8.641098351050488 45.82402448276889
    endloop
  endfacet
  facet normal 0.3971478906347771 0.9177546256839827 0
    outer loop
      vertex 4.066192234446442 8.641098351050488 22.433242476253724
      vertex 3.9408867061138153 8.695322895247244 22.61762396991253
      vertex 4.066192234446442 8.641098351050488 45.82402448276889
    endloop
  endfacet
  facet normal 0.4539904997395382 0.8910065241883722 7.180261895696778e-18
    outer loop
      vertex 4.072288163006306 8.637992320310937 22.42427258938551
      vertex 4.066192234446442 8.641098351050488 45.82402448276889
      vertex 4.121096660843405 8.613123148511342 45.84131693322661
    endloop
  endfacet
  facet normal 0.45399049973954664 0.891006524188368 4.255957471228136e-17
    outer loop
      vertex 4.191289700567722 8.577358008394429 22.223051980137825
      vertex 4.072288163006306 8.637992320310937 22.42427258938551
      vertex 4.552730455934022 8.393194745050808 46.026582437050365
    endloop
  endfacet
  facet normal 0.453990499739552 0.8910065241883653 -6.000558288181606e-17
    outer loop
      vertex 4.2974216639995575 8.523281072021096 22.01475626975298
      vertex 4.191289700567722 8.577358008394429 22.223051980137825
      vertex 4.552730455934022 8.393194745050808 46.026582437050365
    endloop
  endfacet
  facet normal 0.4539904997395534 0.8910065241883645 -7.917320328455516e-17
    outer loop
      vertex 4.3902652114629745 8.47597492176714 21.800207503139973
      vertex 4.2974216639995575 8.523281072021096 22.01475626975298
      vertex 4.552730455934022 8.393194745050808 46.026582437050365
    endloop
  endfacet
  facet normal 0.4539904997395457 0.8910065241883683 1.7589841005198453e-17
    outer loop
      vertex 4.534675270318985 8.402394321617015 21.355759024620056
      vertex 4.469453915953636 8.435626261516655 21.580252401530743
      vertex 4.600747587671382 8.368728794418896 46.05310558087541
    endloop
  endfacet
  facet normal 0.4539904997395503 0.891006524188366 2.5769829345803453e-18
    outer loop
      vertex 4.5856718719005585 8.376410255273475 21.127613358199596
      vertex 4.534675270318985 8.402394321617015 21.355759024620056
      vertex 4.600747587671382 8.368728794418896 46.05310558087541
    endloop
  endfacet
  facet normal 0.4539904997395537 0.8910065241883643 0
    outer loop
      vertex 4.600747587671382 8.368728794418896 21.03242904266716
      vertex 4.5856718719005585 8.376410255273475 21.127613358199596
      vertex 4.600747587671382 8.368728794418896 46.05310558087541
    endloop
  endfacet
  facet normal 0.45399049973954125 0.8910065241883707 4.832974664040584e-17
    outer loop
      vertex 4.469453915953636 8.435626261516655 21.580252401530743
      vertex 4.3902652114629745 8.47597492176714 21.800207503139973
      vertex 4.600747587671382 8.368728794418896 46.05310558087541
    endloop
  endfacet
  facet normal 0.4539904997395515 0.8910065241883656 -6.401466145686047e-17
    outer loop
      vertex 4.3902652114629745 8.47597492176714 21.800207503139973
      vertex 4.552730455934022 8.393194745050808 46.026582437050365
      vertex 4.600747587671382 8.368728794418896 46.05310558087541
    endloop
  endfacet
  facet normal 0.03141075907813041 0.9995065603657315 0
    outer loop
      vertex 0.23636298659155094 9.542571993900573 45.716159137380146
      vertex 0 9.55 24.151585772633553
      vertex 0 9.55 45.76818319676522
    endloop
  endfacet
  facet normal 0.03141075907812399 0.9995065603657316 7.040422443382973e-17
    outer loop
      vertex 0.48889026121071627 9.53463600458519 45.67677543540003
      vertex 0 9.55 24.151585772633553
      vertex 0.23636298659155094 9.542571993900573 45.716159137380146
    endloop
  endfacet
  facet normal 0.0314107590781361 0.9995065603657314 -2.0483581597272033e-16
    outer loop
      vertex 0.5996494615049465 9.531155256489994 45.6664659891465
      vertex 0 9.55 24.151585772633553
      vertex 0.48889026121071627 9.53463600458519 45.67677543540003
    endloop
  endfacet
  facet normal 0.09410831331851519 0.99556196460308 0
    outer loop
      vertex 0.5996494615049465 9.531155256489994 24.151585772633553
      vertex 0.5996494615049465 9.531155256489994 45.6664659891465
      vertex 0.7415401209298443 9.51774264018996 45.653082864773296
    endloop
  endfacet
  facet normal 0.09410831331851155 0.9955619646030803 2.420069087964343e-17
    outer loop
      vertex 0.5996494615049465 9.531155256489994 24.151585772633553
      vertex 0.7415401209298443 9.51774264018996 45.653082864773296
      vertex 0.9937289360587929 9.493903778448148 45.64517494518759
    endloop
  endfacet
  facet normal 0.09410831331851899 0.9955619646030796 -4.151909151227493e-17
    outer loop
      vertex 1.196932380539104 9.474695397553264 45.64517494518759
      vertex 0.9303171560168266 9.499897956486732 24.151585772633553
      vertex 0.9937289360587929 9.493903778448148 45.64517494518759
    endloop
  endfacet
  facet normal 0.15643446504023178 0.9876883405951375 0
    outer loop
      vertex 1.196932380539104 9.474695397553264 24.14112754797455
      vertex 1.196932380539104 9.474695397553264 45.64517494518759
      vertex 1.7894915542936722 9.380843244458976 45.64517494518759
    endloop
  endfacet
  facet normal 0.21814324139654254 0.9759167619387473 0
    outer loop
      vertex 1.7894915542936722 9.380843244458976 24.04948780581472
      vertex 1.7894915542936722 9.380843244458976 45.64517494518759
      vertex 2.37498842242436 9.249969188778428 45.64517494518759
    endloop
  endfacet
  facet normal 0.03141075907813041 0.9995065603657315 0
    outer loop
      vertex 0.23636298659155094 9.542571993900573 55.5929908626199
      vertex 0 9.55 55.540966803234824
      vertex 0 9.55 74.82089718699916
    endloop
  endfacet
  facet normal 0.031410759078123976 0.9995065603657317 6.936387100783098e-17
    outer loop
      vertex 0.48889026121071627 9.53463600458519 55.63237456460001
      vertex 0.23636298659155094 9.542571993900573 55.5929908626199
      vertex 0.5996494615049465 9.531155256489994 75.03236754125902
    endloop
  endfacet
  facet normal 0.03141075907813611 0.9995065603657314 0
    outer loop
      vertex 0.5996494615049465 9.531155256489994 55.64268401085354
      vertex 0.48889026121071627 9.53463600458519 55.63237456460001
      vertex 0.5996494615049465 9.531155256489994 75.03236754125902
    endloop
  endfacet
  facet normal 0.09410831331851517 0.99556196460308 0
    outer loop
      vertex 0.7415401209298443 9.51774264018996 55.65606713522675
      vertex 0.5996494615049465 9.531155256489994 55.64268401085354
      vertex 0.5996494615049465 9.531155256489994 75.03236754125902
    endloop
  endfacet
  facet normal 0.09410831331851155 0.9955619646030802 -2.685441836071178e-17
    outer loop
      vertex 0.9937289360587929 9.493903778448148 55.663975054812454
      vertex 0.7415401209298443 9.51774264018996 55.65606713522675
      vertex 0.5996494615049465 9.531155256489994 75.03236754125902
    endloop
  endfacet
  facet normal 0.09410831331851899 0.9955619646030796 3.6933210392368196e-17
    outer loop
      vertex 1.196932380539104 9.474695397553264 55.663975054812454
      vertex 0.9937289360587929 9.493903778448148 55.663975054812454
      vertex 1.0806771107772462 9.485684756067014 75.28152713179588
    endloop
  endfacet
  facet normal 0.03141075907813316 0.9995065603657315 3.3797796329512056e-17
    outer loop
      vertex 0.23636298659155094 9.542571993900573 55.5929908626199
      vertex 0 9.55 74.82089718699916
      vertex 0.17431976919504932 9.54452178055666 74.87010414898396
    endloop
  endfacet
  facet normal 0.031410759078122207 0.9995065603657318 -1.4486500111184174e-18
    outer loop
      vertex 0.23636298659155094 9.542571993900573 55.5929908626199
      vertex 0.17431976919504932 9.54452178055666 74.87010414898396
      vertex 0.40882749432435644 9.537152078397527 74.95213552564383
    endloop
  endfacet
  facet normal 0.03141075907813282 0.9995065603657314 -9.610839601048301e-17
    outer loop
      vertex 0.23636298659155094 9.542571993900573 55.5929908626199
      vertex 0.40882749432435644 9.537152078397527 74.95213552564383
      vertex 0.5996494615049465 9.531155256489994 75.03236754125902
    endloop
  endfacet
  facet normal 0.09410831331851878 0.9955619646030796 1.1960963362339313e-16
    outer loop
      vertex 0.9937289360587929 9.493903778448148 55.663975054812454
      vertex 0.5996494615049465 9.531155256489994 75.03236754125902
      vertex 0.6380902603707853 9.527521531144407 75.04831191897392
    endloop
  endfacet
  facet normal 0.09410831331851155 0.9955619646030802 -1.2355961425591462e-17
    outer loop
      vertex 0.9937289360587929 9.493903778448148 55.663975054812454
      vertex 0.6380902603707853 9.527521531144407 75.04831191897392
      vertex 0.863206909980615 9.506241742494444 75.15825375169516
    endloop
  endfacet
  facet normal 0.09410831331851892 0.9955619646030796 3.728583039563734e-17
    outer loop
      vertex 0.9937289360587929 9.493903778448148 55.663975054812454
      vertex 0.863206909980615 9.506241742494444 75.15825375169516
      vertex 1.0806771107772462 9.485684756067014 75.28152713179588
    endloop
  endfacet
  facet normal 0.09410831331851278 0.9955619646030801 0
    outer loop
      vertex 1.196932380539104 9.474695397553264 55.663975054812454
      vertex 1.0806771107772462 9.485684756067014 75.28152713179588
      vertex 1.196932380539104 9.474695397553264 75.35725488015544
    endloop
  endfacet
  facet normal 0.15643446504023178 0.9876883405951377 2.435710273767529e-17
    outer loop
      vertex 1.7894915542936722 9.380843244458976 55.663975054812454
      vertex 1.196932380539104 9.474695397553264 55.663975054812454
      vertex 1.6855657589529165 9.397303473389304 75.72622022777796
    endloop
  endfacet
  facet normal 0.2181432413965426 0.9759167619387474 -9.171862791481814e-18
    outer loop
      vertex 2.37498842242436 9.249969188778428 55.663975054812454
      vertex 1.7894915542936722 9.380843244458976 55.663975054812454
      vertex 2.3451570672168556 9.256637286688017 76.47075352072716
    endloop
  endfacet
  facet normal 0.1564344650402326 0.9876883405951374 0
    outer loop
      vertex 1.196932380539104 9.474695397553264 55.663975054812454
      vertex 1.196932380539104 9.474695397553264 75.35725488015544
      vertex 1.2909447995499101 9.459805293184681 75.41764556616545
    endloop
  endfacet
  facet normal 0.15643446504023215 0.9876883405951374 1.9348009227929674e-18
    outer loop
      vertex 1.196932380539104 9.474695397553264 55.663975054812454
      vertex 1.2909447995499101 9.459805293184681 75.41764556616545
      vertex 1.4933849658882001 9.427741920739985 75.56607186049223
    endloop
  endfacet
  facet normal 0.1564344650402334 0.9876883405951373 -1.632933148715222e-17
    outer loop
      vertex 1.196932380539104 9.474695397553264 55.663975054812454
      vertex 1.4933849658882001 9.427741920739985 75.56607186049223
      vertex 1.6855657589529165 9.397303473389304 75.72622022777796
    endloop
  endfacet
  facet normal 0.15643446504022718 0.9876883405951383 0
    outer loop
      vertex 1.7894915542936722 9.380843244458976 55.663975054812454
      vertex 1.6855657589529165 9.397303473389304 75.72622022777796
      vertex 1.7894915542936722 9.380843244458976 75.82445272111676
    endloop
  endfacet
  facet normal 0.2181432413965406 0.9759167619387478 0
    outer loop
      vertex 1.7894915542936722 9.380843244458976 55.663975054812454
      vertex 1.7894915542936722 9.380843244458976 75.82445272111676
      vertex 1.867851511521117 9.363327718819955 75.89745864272118
    endloop
  endfacet
  facet normal 0.21814324139654 0.9759167619387479 2.199415790014316e-18
    outer loop
      vertex 1.7894915542936722 9.380843244458976 55.663975054812454
      vertex 1.867851511521117 9.363327718819955 75.89745864272118
      vertex 2.0397446803868666 9.324905043349348 76.07911131531
    endloop
  endfacet
  facet normal 0.2181432413965437 0.9759167619387472 -4.4377714343789123e-17
    outer loop
      vertex 1.7894915542936722 9.380843244458976 55.663975054812454
      vertex 2.0397446803868666 9.324905043349348 76.07911131531
      vertex 2.199056114572838 9.289294718780457 76.27046132832766
    endloop
  endfacet
  facet normal 0.21814324139654426 0.9759167619387471 -5.5495145625671075e-17
    outer loop
      vertex 1.7894915542936722 9.380843244458976 55.663975054812454
      vertex 2.199056114572838 9.289294718780457 76.27046132832766
      vertex 2.3451570672168556 9.256637286688017 76.47075352072716
    endloop
  endfacet
  facet normal 0.21814324139654862 0.975916761938746 0
    outer loop
      vertex 2.37498842242436 9.249969188778428 55.663975054812454
      vertex 2.3451570672168556 9.256637286688017 76.47075352072716
      vertex 2.37498842242436 9.249969188778428 76.51774907789854
    endloop
  endfacet
  facet normal 0.2789911060392293 0.9602936856769431 0
    outer loop
      vertex 2.9511122962807477 9.082589730618716 45.64517494518759
      vertex 2.37498842242436 9.249969188778428 23.8579046160676
      vertex 2.37498842242436 9.249969188778428 45.64517494518759
    endloop
  endfacet
  facet normal 0.33873792024509997 0.9408807689542943 0
    outer loop
      vertex 2.9511122962807477 9.082589730618716 23.55404791781649
      vertex 2.9511122962807477 9.082589730618716 45.64517494518759
      vertex 2.9545626161416587 9.081347539033523 45.64517494518759
    endloop
  endfacet
  facet normal 0.33873792024529087 0.9408807689542257 -3.4749843885208796e-18
    outer loop
      vertex 3.302343040704727 8.95613888177777 23.29760390520096
      vertex 3.4315571521946873 8.9096189391488 45.67677543540003
      vertex 3.5155894781386787 8.8793654402328 45.690790251332885
    endloop
  endfacet
  facet normal 0.39714789063477884 0.9177546256839819 0
    outer loop
      vertex 3.6655473527749556 8.814472873168388 45.716159137380146
      vertex 3.5155894781386787 8.8793654402328 23.1051165659988
      vertex 3.5155894781386787 8.8793654402328 45.690790251332885
    endloop
  endfacet
  facet normal 0.33873792024529364 0.9408807689542248 -3.416412212439748e-17
    outer loop
      vertex 2.9511122962807477 9.082589730618716 23.55404791781649
      vertex 2.9545626161416587 9.081347539033523 45.64517494518759
      vertex 3.1935314321479926 8.995313471372178 45.653082864773296
    endloop
  endfacet
  facet normal 0.33873792024529004 0.940880768954226 1.1182647013102534e-17
    outer loop
      vertex 2.9511122962807477 9.082589730618716 23.55404791781649
      vertex 3.1935314321479926 8.995313471372178 45.653082864773296
      vertex 3.4315571521946873 8.9096189391488 45.67677543540003
    endloop
  endfacet
  facet normal 0.39714789063477934 0.9177546256839816 -3.678988766175414e-18
    outer loop
      vertex 3.895573524756789 8.714931659823597 45.771078551602386
      vertex 3.5155894781386787 8.8793654402328 23.1051165659988
      vertex 3.6655473527749556 8.814472873168388 45.716159137380146
    endloop
  endfacet
  facet normal 0.39714789063478395 0.9177546256839797 -9.435308667780303e-17
    outer loop
      vertex 4.066192234446442 8.641098351050488 45.82402448276889
      vertex 3.5155894781386787 8.8793654402328 23.1051165659988
      vertex 3.895573524756789 8.714931659823597 45.771078551602386
    endloop
  endfacet
  facet normal 0.45399049973954847 0.891006524188367 -1.980240683476752e-17
    outer loop
      vertex 4.072288163006306 8.637992320310937 22.42427258938551
      vertex 4.121096660843405 8.613123148511342 45.84131693322661
      vertex 4.339598865591934 8.501790714421324 45.9265970834017
    endloop
  endfacet
  facet normal 0.4539904997395497 0.8910065241883665 -3.7226930271599474e-17
    outer loop
      vertex 4.072288163006306 8.637992320310937 22.42427258938551
      vertex 4.339598865591934 8.501790714421324 45.9265970834017
      vertex 4.552730455934022 8.393194745050808 46.026582437050365
    endloop
  endfacet
  facet normal 0.2789911060392293 0.9602936856769431 1.5306001315336198e-17
    outer loop
      vertex 2.9511122962807477 9.082589730618716 55.663975054812454
      vertex 2.37498842242436 9.249969188778428 55.663975054812454
      vertex 2.8666208209429933 9.107136773369236 77.57762398570776
    endloop
  endfacet
  facet normal 0.33873792024509997 0.9408807689542944 0
    outer loop
      vertex 2.9511122962807477 9.082589730618716 55.663975054812454
      vertex 2.9511122962807477 9.082589730618716 77.96999923328929
      vertex 2.9545626161416587 9.081347539033523 55.663975054812454
    endloop
  endfacet
  facet normal 0.33873792024529364 0.9408807689542247 3.368188242138284e-17
    outer loop
      vertex 3.1935314321479926 8.995313471372178 55.65606713522675
      vertex 2.9545626161416587 9.081347539033523 55.663975054812454
      vertex 2.9511122962807477 9.082589730618716 77.96999923328929
    endloop
  endfacet
  facet normal 0.2789911060392291 0.9602936856769431 0
    outer loop
      vertex 2.37498842242436 9.249969188778428 55.663975054812454
      vertex 2.37498842242436 9.249969188778428 76.51774907789854
      vertex 2.479026499868796 9.219743333158064 76.67919743806124
    endloop
  endfacet
  facet normal 0.27899110603923116 0.9602936856769425 -1.1016220947658257e-17
    outer loop
      vertex 2.37498842242436 9.249969188778428 55.663975054812454
      vertex 2.479026499868796 9.219743333158064 76.67919743806124
      vertex 2.598822294956826 9.184939437361438 76.89497043192387
    endloop
  endfacet
  facet normal 0.27899110603923166 0.9602936856769423 -1.68484568816224e-17
    outer loop
      vertex 2.37498842242436 9.249969188778428 55.663975054812454
      vertex 2.598822294956826 9.184939437361438 76.89497043192387
      vertex 2.7036188698592287 9.154493217858771 77.11722095310688
    endloop
  endfacet
  facet normal 0.27899110603923283 0.9602936856769421 -3.977718363361778e-17
    outer loop
      vertex 2.37498842242436 9.249969188778428 55.663975054812454
      vertex 2.7036188698592287 9.154493217858771 77.11722095310688
      vertex 2.793002626213845 9.128524836082173 77.34507187455893
    endloop
  endfacet
  facet normal 0.27899110603922267 0.9602936856769451 1.7337339985766038e-16
    outer loop
      vertex 2.37498842242436 9.249969188778428 55.663975054812454
      vertex 2.793002626213845 9.128524836082173 77.34507187455893
      vertex 2.8666208209429933 9.107136773369236 77.57762398570776
    endloop
  endfacet
  facet normal 0.2789911060392294 0.960293685676943 1.5519411620693858e-17
    outer loop
      vertex 2.9511122962807477 9.082589730618716 55.663975054812454
      vertex 2.8666208209429933 9.107136773369236 77.57762398570776
      vertex 2.9241829139025017 9.0904134394348 77.81395949423313
    endloop
  endfacet
  facet normal 0.27899110603921756 0.9602936856769465 0
    outer loop
      vertex 2.9511122962807477 9.082589730618716 55.663975054812454
      vertex 2.9241829139025017 9.0904134394348 77.81395949423313
      vertex 2.9511122962807477 9.082589730618716 77.96999923328929
    endloop
  endfacet
  facet normal 0.33873792024525223 0.9408807689542396 -4.724479079376184e-16
    outer loop
      vertex 3.1935314321479926 8.995313471372178 55.65606713522675
      vertex 2.9511122962807477 9.082589730618716 77.96999923328929
      vertex 2.965691267103005 9.077340978153368 78.05314569920301
    endloop
  endfacet
  facet normal 0.338737920245297 0.9408807689542235 3.685507256794576e-17
    outer loop
      vertex 3.1935314321479926 8.995313471372178 55.65606713522675
      vertex 2.965691267103005 9.077340978153368 78.05314569920301
      vertex 2.9909211175808896 9.068257673062035 78.29423864930868
    endloop
  endfacet
  facet normal 0.3387379202453978 0.940880768954187 1.0623339096746232e-15
    outer loop
      vertex 3.1935314321479926 8.995313471372178 55.65606713522675
      vertex 2.9909211175808896 9.068257673062035 78.29423864930868
      vertex 2.999342145109273 9.065225916599987 78.53628684580326
    endloop
  endfacet
  facet normal 0.9995065603657316 0.03141075907812876 0
    outer loop
      vertex 9.55 0 7.996
      vertex 9.531155256489994 0.5996494615049465 7.996
      vertex 9.55 0 152.19451663
    endloop
  endfacet
  facet normal 0.99556196460308 0.09410831331851495 0
    outer loop
      vertex 9.531155256489994 0.5996494615049465 7.996
      vertex 9.474695397553264 1.196932380539104 7.996
      vertex 9.531155256489994 0.5996494615049465 152.19451663
    endloop
  endfacet
  facet normal 0.9876883405951377 0.15643446504023178 0
    outer loop
      vertex 9.474695397553264 1.196932380539104 7.996
      vertex 9.380843244458976 1.7894915542936722 7.996
      vertex 9.474695397553264 1.196932380539104 152.19451663
    endloop
  endfacet
  facet normal 0.9759167619387474 0.21814324139654256 0
    outer loop
      vertex 9.380843244458976 1.7894915542936722 7.996
      vertex 9.249969188778428 2.37498842242436 7.996
      vertex 9.380843244458976 1.7894915542936722 152.19451663
    endloop
  endfacet
  facet normal 0.8607420270039452 0.5090414157503687 0
    outer loop
      vertex 8.368728794418896 4.600747587671382 7.996
      vertex 8.063331688544247 5.117145892049415 7.996
      vertex 8.368728794418896 4.600747587671382 152.19451663
    endloop
  endfacet
  facet normal 0.9602936856769432 0.2789911060392293 0
    outer loop
      vertex 9.249969188778428 2.37498842242436 7.996
      vertex 9.082589730618716 2.9511122962807477 7.996
      vertex 9.249969188778428 2.37498842242436 152.19451663
    endloop
  endfacet
  facet normal 0.9408807689542259 0.33873792024529054 0
    outer loop
      vertex 9.082589730618716 2.9511122962807477 7.996
      vertex 8.8793654402328 3.5155894781386787 7.996
      vertex 9.082589730618716 2.9511122962807477 152.19451663
    endloop
  endfacet
  facet normal 0.9177546256839813 0.3971478906347807 0
    outer loop
      vertex 8.8793654402328 3.5155894781386787 7.996
      vertex 8.641098351050488 4.066192234446442 7.996
      vertex 8.8793654402328 3.5155894781386787 152.19451663
    endloop
  endfacet
  facet normal 0.8910065241883671 0.45399049973954814 0
    outer loop
      vertex 8.641098351050488 4.066192234446442 7.996
      vertex 8.368728794418896 4.600747587671382 7.996
      vertex 8.641098351050488 4.066192234446442 152.19451663
    endloop
  endfacet
  facet normal 0.6613118653236535 0.7501110696304581 -7.165981849717934e-19
    outer loop
      vertex 6.537424861618976 6.961650391874482 7.996
      vertex 6.3099206065337174 7.162222372999384 7.996
      vertex 6.529897973769305 6.968286236145384 48.90176061023476
    endloop
  endfacet
  facet normal 0.6613118653236479 0.750111069630463 3.6606536627054934e-17
    outer loop
      vertex 6.3099206065337174 7.162222372999384 7.996
      vertex 6.422137689305645 7.063289706446893 48.41430318583252
      vertex 6.482612611645907 7.009973890539999 48.65606528003218
    endloop
  endfacet
  facet normal 0.6613118653236545 0.7501110696304574 5.198454364481906e-18
    outer loop
      vertex 6.3099206065337174 7.162222372999384 7.996
      vertex 6.348711873679701 7.128023270662157 48.17742846388819
      vertex 6.422137689305645 7.063289706446893 48.41430318583252
    endloop
  endfacet
  facet normal 0.7071067811865476 0.7071067811865476 0
    outer loop
      vertex 6.537424861618976 6.961650391874482 7.996
      vertex 6.563259678904134 6.9358155745893235 49.15041954298022
      vertex 6.5832355526193025 6.915839700874155 49.40106072504523
    endloop
  endfacet
  facet normal 0.7071067811865476 0.7071067811865476 0
    outer loop
      vertex 6.537424861618976 6.961650391874482 7.996
      vertex 6.537424861618976 6.961650391874482 48.95695591694863
      vertex 6.563259678904134 6.9358155745893235 49.15041954298022
    endloop
  endfacet
  facet normal 0.6613118653236556 0.7501110696304563 0
    outer loop
      vertex 6.537424861618976 6.961650391874482 7.996
      vertex 6.529897973769305 6.968286236145384 48.90176061023476
      vertex 6.537424861618976 6.961650391874482 48.95695591694863
    endloop
  endfacet
  facet normal 0.6613118653236554 0.7501110696304563 -1.6609780005908762e-17
    outer loop
      vertex 6.3099206065337174 7.162222372999384 7.996
      vertex 6.482612611645907 7.009973890539999 48.65606528003218
      vertex 6.529897973769305 6.968286236145384 48.90176061023476
    endloop
  endfacet
  facet normal 0.7071067811865476 0.7071067811865476 0
    outer loop
      vertex 6.537424861618976 6.961650391874482 7.996
      vertex 6.5832355526193025 6.915839700874155 49.40106072504523
      vertex 6.589902942388122 6.909172311105336 49.65269498754742
    endloop
  endfacet
  facet normal 0.5620833778521371 0.8270805742745573 0
    outer loop
      vertex 5.613349159393119 7.726112296280749 7.996
      vertex 5.613349159393119 7.726112296280749 0
      vertex 5.561439984909908 7.761389734830954 0
    endloop
  endfacet
  facet normal 0.6129070536529776 0.7901550123756894 3.1138490130131764e-17
    outer loop
      vertex 5.701565848419716 7.657684418070182 7.996
      vertex 5.682743862600338 7.67228424682754 0
      vertex 5.653497546976781 7.694970014630424 0
    endloop
  endfacet
  facet normal 0.6129070536529752 0.7901550123756915 -2.0052721701558437e-19
    outer loop
      vertex 5.988860796185817 7.434835613459949 7.996
      vertex 5.975834144756749 7.444940120071062 0
      vertex 5.762118432759156 7.610715019056975 0
    endloop
  endfacet
  facet normal 0.5620833778521419 0.8270805742745543 -4.5323692665363596e-17
    outer loop
      vertex 5.613349159393119 7.726112296280749 7.996
      vertex 5.561439984909908 7.761389734830954 0
      vertex 5.570295579312502 7.7553714790895905 7.996
    endloop
  endfacet
  facet normal 0.6129070536529833 0.7901550123756851 -2.2062348235384216e-17
    outer loop
      vertex 5.701565848419716 7.657684418070182 7.996
      vertex 5.653497546976781 7.694970014630424 0
      vertex 5.677284765269506 7.676518756775892 7.996
    endloop
  endfacet
  facet normal 0.5620833778521319 0.8270805742745608 -2.848228421310541e-17
    outer loop
      vertex 5.522267839399748 7.7880110974296075 7.996
      vertex 5.503533526805912 7.800742923121097 0
      vertex 5.396436011148691 7.873526319603335 0
    endloop
  endfacet
  facet normal 0.562083377852127 0.8270805742745643 8.484183175183534e-17
    outer loop
      vertex 5.522267839399748 7.7880110974296075 7.996
      vertex 5.396436011148691 7.873526319603335 0
      vertex 5.43344093138805 7.848377801777811 7.996
    endloop
  endfacet
  facet normal 0.5090414157503688 0.8607420270039452 -8.75068711002203e-18
    outer loop
      vertex 5.117145892049415 8.063331688544247 7.996
      vertex 4.600747587671382 8.368728794418896 7.996
      vertex 4.6515857726335526 8.338663175644127 18.569682843983173
    endloop
  endfacet
  facet normal 0.5090414157503688 0.8607420270039452 0
    outer loop
      vertex 5.117145892049415 8.063331688544247 7.996
      vertex 4.6515857726335526 8.338663175644127 18.569682843983173
      vertex 4.6515857726335526 8.338663175644127 20.430317156016827
    endloop
  endfacet
  facet normal 0.6129070536529749 0.7901550123756916 8.466869186948341e-18
    outer loop
      vertex 5.988860796185817 7.434835613459949 7.996
      vertex 5.762118432759156 7.610715019056975 0
      vertex 5.929033236848194 7.4812426254342475 47.297133805644535
    endloop
  endfacet
  facet normal 0.6129070536529851 0.7901550123756838 -4.862394283336387e-17
    outer loop
      vertex 5.767464765837065 7.606567978029194 7.996
      vertex 5.929033236848194 7.4812426254342475 47.297133805644535
      vertex 5.762118432759156 7.610715019056975 0
    endloop
  endfacet
  facet normal 0.661311865323649 0.7501110696304621 -5.750286396882144e-17
    outer loop
      vertex 6.3099206065337174 7.162222372999384 7.996
      vertex 6.302201245028736 7.169027905623348 0
      vertex 6.191121920426664 7.26695750341968 0
    endloop
  endfacet
  facet normal 0.6613118653236465 0.7501110696304643 7.745103062599267e-18
    outer loop
      vertex 6.3099206065337174 7.162222372999384 7.996
      vertex 6.191121920426664 7.26695750341968 0
      vertex 6.262624945745967 7.203919106887967 47.94637593854668
    endloop
  endfacet
  facet normal 0.6613118653236587 0.7501110696304534 -2.467638011827884e-17
    outer loop
      vertex 6.194849415506844 7.263671274454051 7.996
      vertex 6.262624945745967 7.203919106887967 47.94637593854668
      vertex 6.191121920426664 7.26695750341968 0
    endloop
  endfacet
  facet normal 0.5620833778521306 0.8270805742745619 -4.918442851107803e-18
    outer loop
      vertex 5.43344093138805 7.848377801777811 7.996
      vertex 5.117145892049415 8.063331688544247 7.996
      vertex 5.489074382191756 7.8105693476538045 46.73133860011103
    endloop
  endfacet
  facet normal 0.509041415750369 0.8607420270039451 0
    outer loop
      vertex 5.117145892049415 8.063331688544247 7.996
      vertex 4.6515857726335526 8.338663175644127 20.430317156016827
      vertex 5.117145892049415 8.063331688544247 46.39112148260779
    endloop
  endfacet
  facet normal 0.5620833778521265 0.8270805742745645 2.478285331087798e-17
    outer loop
      vertex 5.570295579312502 7.7553714790895905 7.996
      vertex 5.522267839399748 7.7880110974296075 7.996
      vertex 5.613349159393119 7.726112296280749 46.87045728361471
    endloop
  endfacet
  facet normal 0.5620833778521418 0.8270805742745542 0
    outer loop
      vertex 5.613349159393119 7.726112296280749 7.996
      vertex 5.570295579312502 7.7553714790895905 7.996
      vertex 5.613349159393119 7.726112296280749 46.87045728361471
    endloop
  endfacet
  facet normal 0.612907053652975 0.7901550123756914 -6.886698426831477e-18
    outer loop
      vertex 5.677284765269506 7.676518756775892 7.996
      vertex 5.613349159393119 7.726112296280749 7.996
      vertex 5.647490602858258 7.699629478107182 46.909358742129825
    endloop
  endfacet
  facet normal 0.6129070536529833 0.7901550123756852 -2.6527760761217595e-17
    outer loop
      vertex 5.701565848419716 7.657684418070182 7.996
      vertex 5.677284765269506 7.676518756775892 7.996
      vertex 5.793609515093076 7.586288031709777 47.09820556868317
    endloop
  endfacet
  facet normal 0.612907053652976 0.7901550123756906 8.644032396689501e-19
    outer loop
      vertex 5.767464765837065 7.606567978029194 7.996
      vertex 5.701565848419716 7.657684418070182 7.996
      vertex 5.793609515093076 7.586288031709777 47.09820556868317
    endloop
  endfacet
  facet normal 0.562083377852127 0.8270805742745643 2.3267901653720367e-17
    outer loop
      vertex 5.522267839399748 7.7880110974296075 7.996
      vertex 5.43344093138805 7.848377801777811 7.996
      vertex 5.613349159393119 7.726112296280749 46.87045728361471
    endloop
  endfacet
  facet normal 0.5090414157503644 0.8607420270039476 7.979019266665763e-17
    outer loop
      vertex 5.117145892049415 8.063331688544247 46.39112148260779
      vertex 4.6515857726335526 8.338663175644127 20.430317156016827
      vertex 4.644242696464062 8.343005858784965 20.663977548480034
    endloop
  endfacet
  facet normal 0.5090414157503704 0.8607420270039442 -3.533736663852201e-17
    outer loop
      vertex 5.117145892049415 8.063331688544247 46.39112148260779
      vertex 4.644242696464062 8.343005858784965 20.663977548480034
      vertex 4.622242458164692 8.356016763445608 20.89671578258276
    endloop
  endfacet
  facet normal 0.5090414157503648 0.8607420270039474 7.76716258346757e-17
    outer loop
      vertex 5.117145892049415 8.063331688544247 46.39112148260779
      vertex 4.622242458164692 8.356016763445608 20.89671578258276
      vertex 4.600747587671382 8.368728794418896 21.03242904266716
    endloop
  endfacet
  facet normal 0.509041415750371 0.8607420270039439 -6.010350899129648e-17
    outer loop
      vertex 5.117145892049415 8.063331688544247 46.39112148260779
      vertex 4.600747587671382 8.368728794418896 21.03242904266716
      vertex 4.953995044565133 8.159818830775878 46.26903390367033
    endloop
  endfacet
  facet normal 0.5620833778521173 0.8270805742745709 0
    outer loop
      vertex 5.117145892049415 8.063331688544247 7.996
      vertex 5.117145892049415 8.063331688544247 46.39112148260779
      vertex 5.142674758439893 8.045982288860811 46.4105431683779
    endloop
  endfacet
  facet normal 0.562083377852131 0.8270805742745616 -1.3459195333276127e-17
    outer loop
      vertex 5.117145892049415 8.063331688544247 7.996
      vertex 5.142674758439893 8.045982288860811 46.4105431683779
      vertex 5.3203774343480985 7.925215675020974 46.564847724926494
    endloop
  endfacet
  facet normal 0.5620833778521314 0.8270805742745613 -1.5073270836090637e-17
    outer loop
      vertex 5.117145892049415 8.063331688544247 7.996
      vertex 5.3203774343480985 7.925215675020974 46.564847724926494
      vertex 5.489074382191756 7.8105693476538045 46.73133860011103
    endloop
  endfacet
  facet normal 0.6129070536529703 0.7901550123756952 0
    outer loop
      vertex 5.613349159393119 7.726112296280749 7.996
      vertex 5.613349159393119 7.726112296280749 46.87045728361471
      vertex 5.647490602858258 7.699629478107182 46.909358742129825
    endloop
  endfacet
  facet normal 0.6129070536529784 0.790155012375689 -2.9501490204947463e-18
    outer loop
      vertex 5.677284765269506 7.676518756775892 7.996
      vertex 5.647490602858258 7.699629478107182 46.909358742129825
      vertex 5.793609515093076 7.586288031709777 47.09820556868317
    endloop
  endfacet
  facet normal 0.6129070536529778 0.7901550123756894 -1.0364140835532124e-18
    outer loop
      vertex 5.767464765837065 7.606567978029194 7.996
      vertex 5.793609515093076 7.586288031709777 47.09820556868317
      vertex 5.929033236848194 7.4812426254342475 47.297133805644535
    endloop
  endfacet
  facet normal 0.5620833778521316 0.8270805742745613 -6.866167308841156e-18
    outer loop
      vertex 5.43344093138805 7.848377801777811 7.996
      vertex 5.489074382191756 7.8105693476538045 46.73133860011103
      vertex 5.613349159393119 7.726112296280749 46.87045728361471
    endloop
  endfacet
  facet normal 0.612907053652978 0.7901550123756892 -1.5843458869149311e-18
    outer loop
      vertex 6.087399102099989 7.358401468508786 7.996
      vertex 5.988860796185817 7.434835613459949 7.996
      vertex 6.053227309390009 7.384907827969752 47.50535836298468
    endloop
  endfacet
  facet normal 0.6613118653236549 0.7501110696304569 -2.0652944439567427e-17
    outer loop
      vertex 6.194849415506844 7.263671274454051 7.996
      vertex 6.087399102099989 7.358401468508786 7.996
      vertex 6.164216645844246 7.290677693724177 47.72205747891667
    endloop
  endfacet
  facet normal 0.6129070536529745 0.7901550123756919 7.562986842283125e-18
    outer loop
      vertex 5.988860796185817 7.434835613459949 7.996
      vertex 5.929033236848194 7.4812426254342475 47.297133805644535
      vertex 6.053227309390009 7.384907827969752 47.50535836298468
    endloop
  endfacet
  facet normal 0.6129070536529792 0.7901550123756883 0
    outer loop
      vertex 6.087399102099989 7.358401468508786 7.996
      vertex 6.053227309390009 7.384907827969752 47.50535836298468
      vertex 6.087399102099989 7.358401468508786 47.57119560963616
    endloop
  endfacet
  facet normal 0.6613118653236488 0.7501110696304621 0
    outer loop
      vertex 6.087399102099989 7.358401468508786 7.996
      vertex 6.087399102099989 7.358401468508786 47.57119560963616
      vertex 6.164216645844246 7.290677693724177 47.72205747891667
    endloop
  endfacet
  facet normal 0.6613118653236567 0.7501110696304554 -1.8274631823847856e-17
    outer loop
      vertex 6.194849415506844 7.263671274454051 7.996
      vertex 6.164216645844246 7.290677693724177 47.72205747891667
      vertex 6.262624945745967 7.203919106887967 47.94637593854668
    endloop
  endfacet
  facet normal 0.6613118653236494 0.7501110696304616 1.3860450532699893e-17
    outer loop
      vertex 6.3099206065337174 7.162222372999384 7.996
      vertex 6.262624945745967 7.203919106887967 47.94637593854668
      vertex 6.348711873679701 7.128023270662157 48.17742846388819
    endloop
  endfacet
  facet normal 0.7071067811865476 0.7071067811865476 0
    outer loop
      vertex 6.961650391874482 6.537424861618976 7.996
      vertex 6.537424861618976 6.961650391874482 7.996
      vertex 6.961650391874482 6.537424861618976 152.19451663
    endloop
  endfacet
  facet normal 0.7071067811865476 0.7071067811865476 0
    outer loop
      vertex 6.537424861618976 6.961650391874482 7.996
      vertex 6.589902942388122 6.909172311105336 49.65269498754742
      vertex 6.961650391874482 6.537424861618976 152.19451663
    endloop
  endfacet
  facet normal 0.7901550123756902 0.6129070536529767 0
    outer loop
      vertex 7.726112296280749 5.613349159393119 7.996
      vertex 7.358401468508786 6.087399102099989 7.996
      vertex 7.726112296280749 5.613349159393119 152.19451663
    endloop
  endfacet
  facet normal 0.8270805742745619 0.5620833778521305 0
    outer loop
      vertex 8.063331688544247 5.117145892049415 7.996
      vertex 7.726112296280749 5.613349159393119 7.996
      vertex 8.063331688544247 5.117145892049415 152.19451663
    endloop
  endfacet
  facet normal 0.7501110696304593 0.6613118653236523 0
    outer loop
      vertex 7.358401468508786 6.087399102099989 7.996
      vertex 6.961650391874482 6.537424861618976 7.996
      vertex 7.358401468508786 6.087399102099989 152.19451663
    endloop
  endfacet
  facet normal 0.03141075907813314 0.9995065603657313 -3.876642131647328e-17
    outer loop
      vertex 0.17431976919504932 9.54452178055666 84.12989585101604
      vertex 0 9.55 84.17910281300084
      vertex 0.5996494615049465 9.531155256489994 152.19451663
    endloop
  endfacet
  facet normal 0.03141075907812222 0.9995065603657317 2.959045802432351e-17
    outer loop
      vertex 0.40882749432435644 9.537152078397527 84.04786447435617
      vertex 0.17431976919504932 9.54452178055666 84.12989585101604
      vertex 0.5996494615049465 9.531155256489994 152.19451663
    endloop
  endfacet
  facet normal 0.031410759078132774 0.9995065603657314 0
    outer loop
      vertex 0.5996494615049465 9.531155256489994 83.96763245874098
      vertex 0.40882749432435644 9.537152078397527 84.04786447435617
      vertex 0.5996494615049465 9.531155256489994 152.19451663
    endloop
  endfacet
  facet normal 0.09410831331851875 0.9955619646030796 -3.3625624820316174e-17
    outer loop
      vertex 0.6380902603707853 9.527521531144407 83.95168808102608
      vertex 0.5996494615049465 9.531155256489994 83.96763245874098
      vertex 1.196932380539104 9.474695397553264 152.19451663
    endloop
  endfacet
  facet normal 0.09410831331851156 0.9955619646030803 2.5809014513071982e-17
    outer loop
      vertex 0.863206909980615 9.506241742494444 83.84174624830484
      vertex 0.6380902603707853 9.527521531144407 83.95168808102608
      vertex 1.196932380539104 9.474695397553264 152.19451663
    endloop
  endfacet
  facet normal 0.09410831331851893 0.9955619646030797 -1.048554388912246e-17
    outer loop
      vertex 1.0806771107772462 9.485684756067014 83.71847286820412
      vertex 0.863206909980615 9.506241742494444 83.84174624830484
      vertex 1.196932380539104 9.474695397553264 152.19451663
    endloop
  endfacet
  facet normal 0.09410831331851278 0.9955619646030802 0
    outer loop
      vertex 1.196932380539104 9.474695397553264 83.64274511984456
      vertex 1.0806771107772462 9.485684756067014 83.71847286820412
      vertex 1.196932380539104 9.474695397553264 152.19451663
    endloop
  endfacet
  facet normal 0.15643446504023256 0.9876883405951374 -7.138471603664019e-18
    outer loop
      vertex 1.2909447995499101 9.459805293184681 83.58235443383455
      vertex 1.196932380539104 9.474695397553264 83.64274511984456
      vertex 1.7894915542936722 9.380843244458976 152.19451663
    endloop
  endfacet
  facet normal 0.15643446504023223 0.9876883405951375 -4.417202954291064e-18
    outer loop
      vertex 1.4933849658882001 9.427741920739985 83.43392813950777
      vertex 1.2909447995499101 9.459805293184681 83.58235443383455
      vertex 1.7894915542936722 9.380843244458976 152.19451663
    endloop
  endfacet
  facet normal 0.1564344650402272 0.9876883405951384 0
    outer loop
      vertex 1.7894915542936722 9.380843244458976 83.1755472788833
      vertex 1.6855657589529165 9.397303473389304 83.27377977222204
      vertex 1.7894915542936722 9.380843244458976 152.19451663
    endloop
  endfacet
  facet normal 0.1564344650402334 0.9876883405951374 -9.592711199419035e-18
    outer loop
      vertex 1.6855657589529165 9.397303473389304 83.27377977222204
      vertex 1.4933849658882001 9.427741920739985 83.43392813950777
      vertex 1.7894915542936722 9.380843244458976 152.19451663
    endloop
  endfacet
  facet normal 0.2181432413965406 0.9759167619387478 1.739199662783795e-17
    outer loop
      vertex 1.867851511521117 9.363327718819955 83.10254135727882
      vertex 1.7894915542936722 9.380843244458976 83.1755472788833
      vertex 2.37498842242436 9.249969188778428 152.19451663
    endloop
  endfacet
  facet normal 0.21814324139654004 0.975916761938748 2.1500307479062718e-17
    outer loop
      vertex 2.0397446803868666 9.324905043349348 82.92088868469
      vertex 1.867851511521117 9.363327718819955 83.10254135727882
      vertex 2.37498842242436 9.249969188778428 152.19451663
    endloop
  endfacet
  facet normal 0.21814324139654367 0.9759167619387472 3.2790611735237707e-18
    outer loop
      vertex 2.199056114572838 9.289294718780457 82.72953867167234
      vertex 2.0397446803868666 9.324905043349348 82.92088868469
      vertex 2.37498842242436 9.249969188778428 152.19451663
    endloop
  endfacet
  facet normal 0.21814324139654412 0.975916761938747 2.0259718892770465e-18
    outer loop
      vertex 2.3451570672168556 9.256637286688017 82.52924647927284
      vertex 2.199056114572838 9.289294718780457 82.72953867167234
      vertex 2.37498842242436 9.249969188778428 152.19451663
    endloop
  endfacet
  facet normal 0.21814324139654864 0.9759167619387461 0
    outer loop
      vertex 2.37498842242436 9.249969188778428 82.4822509221014
      vertex 2.3451570672168556 9.256637286688017 82.52924647927284
      vertex 2.37498842242436 9.249969188778428 152.19451663
    endloop
  endfacet
  facet normal 0.33873792024529004 0.940880768954226 7.455654084696777e-19
    outer loop
      vertex 3.4315571521946873 8.9096189391488 55.63237456460001
      vertex 3.1935314321479926 8.995313471372178 55.65606713522675
      vertex 3.5155894781386787 8.8793654402328 152.19451663
    endloop
  endfacet
  facet normal 0.3387379202452908 0.9408807689542257 0
    outer loop
      vertex 3.5155894781386787 8.8793654402328 55.61835974866716
      vertex 3.4315571521946873 8.9096189391488 55.63237456460001
      vertex 3.5155894781386787 8.8793654402328 152.19451663
    endloop
  endfacet
  facet normal 0.3971478906347789 0.9177546256839819 1.1861038732831943e-17
    outer loop
      vertex 3.6655473527749556 8.814472873168388 55.5929908626199
      vertex 3.5155894781386787 8.8793654402328 55.61835974866716
      vertex 4.066192234446442 8.641098351050488 152.19451663
    endloop
  endfacet
  facet normal 0.3971478906347793 0.9177546256839817 9.59114753076727e-18
    outer loop
      vertex 3.895573524756789 8.714931659823597 55.53807144839766
      vertex 3.6655473527749556 8.814472873168388 55.5929908626199
      vertex 4.066192234446442 8.641098351050488 152.19451663
    endloop
  endfacet
  facet normal 0.39714789063478395 0.9177546256839798 0
    outer loop
      vertex 4.066192234446442 8.641098351050488 55.485125517231154
      vertex 3.895573524756789 8.714931659823597 55.53807144839766
      vertex 4.066192234446442 8.641098351050488 152.19451663
    endloop
  endfacet
  facet normal 0.4539904997395382 0.8910065241883722 6.916027069456456e-17
    outer loop
      vertex 4.121096660843405 8.613123148511342 55.46783306677344
      vertex 4.066192234446442 8.641098351050488 55.485125517231154
      vertex 4.600747587671382 8.368728794418896 152.19451663
    endloop
  endfacet
  facet normal 0.45399049973954847 0.891006524188367 4.963387808961026e-18
    outer loop
      vertex 4.339598865591934 8.501790714421324 55.38255291659834
      vertex 4.121096660843405 8.613123148511342 55.46783306677344
      vertex 4.600747587671382 8.368728794418896 152.19451663
    endloop
  endfacet
  facet normal 0.45399049973954964 0.8910065241883663 1.0474012480274243e-18
    outer loop
      vertex 4.552730455934022 8.393194745050808 55.28256756294968
      vertex 4.339598865591934 8.501790714421324 55.38255291659834
      vertex 4.600747587671382 8.368728794418896 152.19451663
    endloop
  endfacet
  facet normal 0.45399049973955136 0.8910065241883656 0
    outer loop
      vertex 4.600747587671382 8.368728794418896 55.256044419124635
      vertex 4.552730455934022 8.393194745050808 55.28256756294968
      vertex 4.600747587671382 8.368728794418896 152.19451663
    endloop
  endfacet
  facet normal 0.33873792024528826 0.9408807689542266 7.624765194992917e-18
    outer loop
      vertex 3.1935314321479926 8.995313471372178 55.65606713522675
      vertex 2.999342145109273 9.065225916599987 78.53628684580326
      vertex 3.5155894781386787 8.8793654402328 152.19451663
    endloop
  endfacet
  facet normal 0.33873792024528915 0.9408807689542262 0
    outer loop
      vertex 2.999342145109273 9.065225916599987 78.53628684580326
      vertex 2.999342145109273 9.065225916599987 80.46371315419674
      vertex 3.5155894781386787 8.8793654402328 152.19451663
    endloop
  endfacet
  facet normal 0.33873792024540145 0.9408807689541859 -9.120726337277275e-16
    outer loop
      vertex 2.999342145109273 9.065225916599987 80.46371315419674
      vertex 2.9909211175808896 9.068257673062035 80.70576135069132
      vertex 3.5155894781386787 8.8793654402328 152.19451663
    endloop
  endfacet
  facet normal 0.33873792024529653 0.9408807689542237 -4.22809795010317e-17
    outer loop
      vertex 2.9909211175808896 9.068257673062035 80.70576135069132
      vertex 2.965691267103005 9.077340978153368 80.94685430079699
      vertex 3.5155894781386787 8.8793654402328 152.19451663
    endloop
  endfacet
  facet normal 0.2789911060392291 0.9602936856769432 1.5874372210496295e-18
    outer loop
      vertex 2.479026499868796 9.219743333158064 82.32080256193876
      vertex 2.37498842242436 9.249969188778428 82.4822509221014
      vertex 2.9511122962807477 9.082589730618716 152.19451663
    endloop
  endfacet
  facet normal 0.2789911060392311 0.9602936856769425 -1.3173482664063127e-17
    outer loop
      vertex 2.598822294956826 9.184939437361438 82.10502956807613
      vertex 2.479026499868796 9.219743333158064 82.32080256193876
      vertex 2.9511122962807477 9.082589730618716 152.19451663
    endloop
  endfacet
  facet normal 0.27899110603923155 0.9602936856769424 -1.5596036185102024e-17
    outer loop
      vertex 2.7036188698592287 9.154493217858771 81.88277904689312
      vertex 2.598822294956826 9.184939437361438 82.10502956807613
      vertex 2.9511122962807477 9.082589730618716 152.19451663
    endloop
  endfacet
  facet normal 0.2789911060392327 0.9602936856769421 -2.0228289603678575e-17
    outer loop
      vertex 2.793002626213845 9.128524836082173 81.65492812544107
      vertex 2.7036188698592287 9.154493217858771 81.88277904689312
      vertex 2.9511122962807477 9.082589730618716 152.19451663
    endloop
  endfacet
  facet normal 0.27899110603921756 0.9602936856769465 0
    outer loop
      vertex 2.9511122962807477 9.082589730618716 81.03000076671071
      vertex 2.9241829139025017 9.0904134394348 81.18604050576687
      vertex 2.9511122962807477 9.082589730618716 152.19451663
    endloop
  endfacet
  facet normal 0.27899110603922933 0.960293685676943 -4.857639068845279e-18
    outer loop
      vertex 2.9241829139025017 9.0904134394348 81.18604050576687
      vertex 2.8666208209429933 9.107136773369236 81.42237601429224
      vertex 2.9511122962807477 9.082589730618716 152.19451663
    endloop
  endfacet
  facet normal 0.2789911060392231 0.9602936856769448 3.185312750441263e-18
    outer loop
      vertex 2.8666208209429933 9.107136773369236 81.42237601429224
      vertex 2.793002626213845 9.128524836082173 81.65492812544107
      vertex 2.9511122962807477 9.082589730618716 152.19451663
    endloop
  endfacet
  facet normal 0.33873792024525173 0.9408807689542398 3.4767336917831703e-16
    outer loop
      vertex 2.9511122962807477 9.082589730618716 81.03000076671071
      vertex 3.5155894781386787 8.8793654402328 152.19451663
      vertex 2.965691267103005 9.077340978153368 80.94685430079699
    endloop
  endfacet
  facet normal 0.03141075907812876 0.9995065603657315 0
    outer loop
      vertex 0.5996494615049465 9.531155256489994 152.19451663
      vertex 0 9.55 84.17910281300084
      vertex 0 9.55 152.19451663
    endloop
  endfacet
  facet normal 0.09410831331851495 0.99556196460308 0
    outer loop
      vertex 0.5996494615049465 9.531155256489994 83.96763245874098
      vertex 0.5996494615049465 9.531155256489994 152.19451663
      vertex 1.196932380539104 9.474695397553264 152.19451663
    endloop
  endfacet
  facet normal 0.15643446504023176 0.9876883405951377 0
    outer loop
      vertex 1.196932380539104 9.474695397553264 83.64274511984456
      vertex 1.196932380539104 9.474695397553264 152.19451663
      vertex 1.7894915542936722 9.380843244458976 152.19451663
    endloop
  endfacet
  facet normal 0.2181432413965425 0.9759167619387473 0
    outer loop
      vertex 1.7894915542936722 9.380843244458976 83.1755472788833
      vertex 1.7894915542936722 9.380843244458976 152.19451663
      vertex 2.37498842242436 9.249969188778428 152.19451663
    endloop
  endfacet
  facet normal 0.2789911060392293 0.9602936856769431 0
    outer loop
      vertex 2.9511122962807477 9.082589730618716 152.19451663
      vertex 2.37498842242436 9.249969188778428 82.4822509221014
      vertex 2.37498842242436 9.249969188778428 152.19451663
    endloop
  endfacet
  facet normal 0.33873792024529054 0.9408807689542257 0
    outer loop
      vertex 2.9511122962807477 9.082589730618716 81.03000076671071
      vertex 2.9511122962807477 9.082589730618716 152.19451663
      vertex 3.5155894781386787 8.8793654402328 152.19451663
    endloop
  endfacet
  facet normal 0.5090414157503688 0.8607420270039452 0
    outer loop
      vertex 5.117145892049415 8.063331688544247 152.19451663
      vertex 4.600747587671382 8.368728794418896 55.256044419124635
      vertex 4.600747587671382 8.368728794418896 152.19451663
    endloop
  endfacet
  facet normal 0.3971478906347807 0.9177546256839811 0
    outer loop
      vertex 3.5155894781386787 8.8793654402328 55.61835974866716
      vertex 3.5155894781386787 8.8793654402328 152.19451663
      vertex 4.066192234446442 8.641098351050488 152.19451663
    endloop
  endfacet
  facet normal 0.4539904997395482 0.8910065241883672 0
    outer loop
      vertex 4.066192234446442 8.641098351050488 55.485125517231154
      vertex 4.066192234446442 8.641098351050488 152.19451663
      vertex 4.600747587671382 8.368728794418896 152.19451663
    endloop
  endfacet
  facet normal 0.9995065603657316 0.03141075907812876 0
    outer loop
      vertex 9.531155256489994 0.5996494615049465 7.996
      vertex 9.531155256489994 0.5996494615049465 152.19451663
      vertex 9.55 0 152.19451663
    endloop
  endfacet
  facet normal 0.99556196460308 0.09410831331851495 0
    outer loop
      vertex 9.474695397553264 1.196932380539104 7.996
      vertex 9.474695397553264 1.196932380539104 152.19451663
      vertex 9.531155256489994 0.5996494615049465 152.19451663
    endloop
  endfacet
  facet normal 0.9876883405951377 0.15643446504023178 0
    outer loop
      vertex 9.380843244458976 1.7894915542936722 7.996
      vertex 9.380843244458976 1.7894915542936722 152.19451663
      vertex 9.474695397553264 1.196932380539104 152.19451663
    endloop
  endfacet
  facet normal 0.9759167619387474 0.21814324139654256 0
    outer loop
      vertex 9.249969188778428 2.37498842242436 7.996
      vertex 9.249969188778428 2.37498842242436 152.19451663
      vertex 9.380843244458976 1.7894915542936722 152.19451663
    endloop
  endfacet
  facet normal 0.9408807689542259 0.33873792024529054 0
    outer loop
      vertex 8.8793654402328 3.5155894781386787 7.996
      vertex 8.8793654402328 3.5155894781386787 152.19451663
      vertex 9.082589730618716 2.9511122962807477 152.19451663
    endloop
  endfacet
  facet normal 0.9602936856769432 0.2789911060392293 0
    outer loop
      vertex 9.082589730618716 2.9511122962807477 7.996
      vertex 9.082589730618716 2.9511122962807477 152.19451663
      vertex 9.249969188778428 2.37498842242436 152.19451663
    endloop
  endfacet
  facet normal 0.9177546256839813 0.3971478906347807 0
    outer loop
      vertex 8.641098351050488 4.066192234446442 7.996
      vertex 8.641098351050488 4.066192234446442 152.19451663
      vertex 8.8793654402328 3.5155894781386787 152.19451663
    endloop
  endfacet
  facet normal 0.8910065241883671 0.45399049973954814 0
    outer loop
      vertex 8.368728794418896 4.600747587671382 7.996
      vertex 8.368728794418896 4.600747587671382 152.19451663
      vertex 8.641098351050488 4.066192234446442 152.19451663
    endloop
  endfacet
  facet normal 0.7071067811865476 0.7071067811865476 0
    outer loop
      vertex 6.589902942388122 6.909172311105336 49.65269498754742
      vertex 6.589902942388122 6.909172311105336 51.656455012452625
      vertex 6.961650391874482 6.537424861618976 152.19451663
    endloop
  endfacet
  facet normal 0.7071067811865476 0.7071067811865476 0
    outer loop
      vertex 6.589902942388122 6.909172311105336 51.656455012452625
      vertex 6.5832355526193025 6.915839700874155 51.90808927495482
      vertex 6.961650391874482 6.537424861618976 152.19451663
    endloop
  endfacet
  facet normal 0.7071067811865476 0.7071067811865476 0
    outer loop
      vertex 6.563259678904134 6.9358155745893235 52.15873045701983
      vertex 6.537424861618976 6.961650391874482 52.352194083051415
      vertex 6.961650391874482 6.537424861618976 152.19451663
    endloop
  endfacet
  facet normal 0.7071067811865475 0.7071067811865475 0
    outer loop
      vertex 6.5832355526193025 6.915839700874155 51.90808927495482
      vertex 6.563259678904134 6.9358155745893235 52.15873045701983
      vertex 6.961650391874482 6.537424861618976 152.19451663
    endloop
  endfacet
  facet normal 0.6613118653236566 0.7501110696304554 -2.4728439623145813e-17
    outer loop
      vertex 6.262624945745967 7.203919106887967 53.362774061453365
      vertex 6.164216645844246 7.290677693724177 53.58709252108338
      vertex 6.537424861618976 6.961650391874482 152.19451663
    endloop
  endfacet
  facet normal 0.6613118653236495 0.7501110696304617 1.0778332019708974e-17
    outer loop
      vertex 6.348711873679701 7.128023270662157 53.131721536111854
      vertex 6.262624945745967 7.203919106887967 53.362774061453365
      vertex 6.537424861618976 6.961650391874482 152.19451663
    endloop
  endfacet
  facet normal 0.661311865323648 0.7501110696304628 6.955868581221759e-18
    outer loop
      vertex 6.482612611645907 7.009973890539999 52.653084719967865
      vertex 6.422137689305645 7.063289706446893 52.89484681416752
      vertex 6.537424861618976 6.961650391874482 152.19451663
    endloop
  endfacet
  facet normal 0.6613118653236552 0.7501110696304567 5.1687518511656034e-20
    outer loop
      vertex 6.529897973769305 6.968286236145384 52.407389389765285
      vertex 6.482612611645907 7.009973890539999 52.653084719967865
      vertex 6.537424861618976 6.961650391874482 152.19451663
    endloop
  endfacet
  facet normal 0.6613118653236556 0.7501110696304563 0
    outer loop
      vertex 6.537424861618976 6.961650391874482 52.352194083051415
      vertex 6.529897973769305 6.968286236145384 52.407389389765285
      vertex 6.537424861618976 6.961650391874482 152.19451663
    endloop
  endfacet
  facet normal 0.6613118653236544 0.7501110696304574 -6.045254335987466e-18
    outer loop
      vertex 6.422137689305645 7.063289706446893 52.89484681416752
      vertex 6.348711873679701 7.128023270662157 53.131721536111854
      vertex 6.537424861618976 6.961650391874482 152.19451663
    endloop
  endfacet
  facet normal 0.7501110696304593 0.6613118653236523 0
    outer loop
      vertex 6.961650391874482 6.537424861618976 7.996
      vertex 6.961650391874482 6.537424861618976 152.19451663
      vertex 7.358401468508786 6.087399102099989 152.19451663
    endloop
  endfacet
  facet normal 0.5090414157503695 0.8607420270039449 -5.497106129498483e-18
    outer loop
      vertex 5.117145892049415 8.063331688544247 152.19451663
      vertex 4.7571937644978055 8.276206783361 55.16827159602644
      vertex 4.600747587671382 8.368728794418896 55.256044419124635
    endloop
  endfacet
  facet normal 0.5090414157503665 0.8607420270039465 1.0141018168629581e-17
    outer loop
      vertex 4.953995044565133 8.159818830775878 55.04011609632971
      vertex 4.7571937644978055 8.276206783361 55.16827159602644
      vertex 5.117145892049415 8.063331688544247 152.19451663
    endloop
  endfacet
  facet normal 0.5090414157503709 0.8607420270039439 0
    outer loop
      vertex 5.117145892049415 8.063331688544247 54.91802851739226
      vertex 4.953995044565133 8.159818830775878 55.04011609632971
      vertex 5.117145892049415 8.063331688544247 152.19451663
    endloop
  endfacet
  facet normal 0.562083377852131 0.8270805742745614 9.91631461599098e-19
    outer loop
      vertex 5.3203774343480985 7.925215675020974 54.74430227507355
      vertex 5.142674758439893 8.045982288860811 54.898606831622146
      vertex 5.613349159393119 7.726112296280749 152.19451663
    endloop
  endfacet
  facet normal 0.5620833778521174 0.8270805742745709 9.898856221059552e-17
    outer loop
      vertex 5.142674758439893 8.045982288860811 54.898606831622146
      vertex 5.117145892049415 8.063331688544247 54.91802851739226
      vertex 5.613349159393119 7.726112296280749 152.19451663
    endloop
  endfacet
  facet normal 0.5620833778521314 0.8270805742745613 0
    outer loop
      vertex 5.613349159393119 7.726112296280749 54.43869271638533
      vertex 5.489074382191756 7.8105693476538045 54.577811399889015
      vertex 5.613349159393119 7.726112296280749 152.19451663
    endloop
  endfacet
  facet normal 0.6129070536529703 0.7901550123756952 4.982930291842552e-17
    outer loop
      vertex 5.647490602858258 7.699629478107182 54.39979125787022
      vertex 5.613349159393119 7.726112296280749 54.43869271638533
      vertex 6.087399102099989 7.358401468508786 152.19451663
    endloop
  endfacet
  facet normal 0.6129070536529784 0.7901550123756891 -8.39239338458707e-18
    outer loop
      vertex 5.793609515093076 7.586288031709777 54.210944431316875
      vertex 5.647490602858258 7.699629478107182 54.39979125787022
      vertex 6.087399102099989 7.358401468508786 152.19451663
    endloop
  endfacet
  facet normal 0.6129070536529777 0.7901550123756893 -5.75935661565126e-18
    outer loop
      vertex 5.929033236848194 7.4812426254342475 54.01201619435551
      vertex 5.793609515093076 7.586288031709777 54.210944431316875
      vertex 6.087399102099989 7.358401468508786 152.19451663
    endloop
  endfacet
  facet normal 0.5620833778521312 0.8270805742745613 3.4806581745755903e-19
    outer loop
      vertex 5.489074382191756 7.8105693476538045 54.577811399889015
      vertex 5.3203774343480985 7.925215675020974 54.74430227507355
      vertex 5.613349159393119 7.726112296280749 152.19451663
    endloop
  endfacet
  facet normal 0.6129070536529745 0.7901550123756919 2.55044587873455e-18
    outer loop
      vertex 6.053227309390009 7.384907827969752 53.803791637015365
      vertex 5.929033236848194 7.4812426254342475 54.01201619435551
      vertex 6.087399102099989 7.358401468508786 152.19451663
    endloop
  endfacet
  facet normal 0.6129070536529792 0.7901550123756883 0
    outer loop
      vertex 6.087399102099989 7.358401468508786 53.73795439036388
      vertex 6.053227309390009 7.384907827969752 53.803791637015365
      vertex 6.087399102099989 7.358401468508786 152.19451663
    endloop
  endfacet
  facet normal 0.6613118653236488 0.7501110696304621 2.7282843735519215e-17
    outer loop
      vertex 6.164216645844246 7.290677693724177 53.58709252108338
      vertex 6.087399102099989 7.358401468508786 53.73795439036388
      vertex 6.537424861618976 6.961650391874482 152.19451663
    endloop
  endfacet
  facet normal 0.7901550123756902 0.6129070536529767 0
    outer loop
      vertex 7.358401468508786 6.087399102099989 7.996
      vertex 7.358401468508786 6.087399102099989 152.19451663
      vertex 7.726112296280749 5.613349159393119 152.19451663
    endloop
  endfacet
  facet normal 0.8607420270039452 0.5090414157503687 0
    outer loop
      vertex 8.368728794418896 4.600747587671382 152.19451663
      vertex 8.063331688544247 5.117145892049415 7.996
      vertex 8.063331688544247 5.117145892049415 152.19451663
    endloop
  endfacet
  facet normal 0.8270805742745619 0.5620833778521305 0
    outer loop
      vertex 7.726112296280749 5.613349159393119 7.996
      vertex 7.726112296280749 5.613349159393119 152.19451663
      vertex 8.063331688544247 5.117145892049415 152.19451663
    endloop
  endfacet
  facet normal 0.7071067811865476 0.7071067811865476 0
    outer loop
      vertex 6.537424861618976 6.961650391874482 52.352194083051415
      vertex 6.537424861618976 6.961650391874482 152.19451663
      vertex 6.961650391874482 6.537424861618976 152.19451663
    endloop
  endfacet
  facet normal 0.5620833778521305 0.8270805742745619 0
    outer loop
      vertex 5.117145892049415 8.063331688544247 54.91802851739226
      vertex 5.117145892049415 8.063331688544247 152.19451663
      vertex 5.613349159393119 7.726112296280749 152.19451663
    endloop
  endfacet
  facet normal 0.6129070536529766 0.7901550123756902 0
    outer loop
      vertex 5.613349159393119 7.726112296280749 54.43869271638533
      vertex 5.613349159393119 7.726112296280749 152.19451663
      vertex 6.087399102099989 7.358401468508786 152.19451663
    endloop
  endfacet
  facet normal 0.6613118653236523 0.7501110696304593 0
    outer loop
      vertex 6.087399102099989 7.358401468508786 53.73795439036388
      vertex 6.087399102099989 7.358401468508786 152.19451663
      vertex 6.537424861618976 6.961650391874482 152.19451663
    endloop
  endfacet
  facet normal 0.8270805742745626 0.5620833778521294 0
    outer loop
      vertex -7.07889870078079 -5.14312095755914 152.19451663
      vertex -7.07889870078079 -5.14312095755914 0
      vertex -7.3878693481426305 -4.688484456066222 0
    endloop
  endfacet
  facet normal 0.5620833778521294 0.8270805742745626 0
    outer loop
      vertex -4.688484456066222 -7.3878693481426305 152.19451663
      vertex -4.688484456066222 -7.3878693481426305 0
      vertex -5.14312095755914 -7.07889870078079 0
    endloop
  endfacet
  facet normal 0.7071067811865476 0.7071067811865476 0
    outer loop
      vertex -5.989787176876025 -6.378475489937352 152.19451663
      vertex -5.989787176876025 -6.378475489937352 0
      vertex -6.378475489937352 -5.989787176876025 0
    endloop
  endfacet
  facet normal 0.7901550123756906 0.6129070536529762 0
    outer loop
      vertex -6.741990874288157 -5.577459910301035 152.19451663
      vertex -6.741990874288157 -5.577459910301035 0
      vertex -7.07889870078079 -5.14312095755914 0
    endloop
  endfacet
  facet normal 0.7501110696304587 0.6613118653236528 0
    outer loop
      vertex -6.378475489937352 -5.989787176876025 152.19451663
      vertex -6.378475489937352 -5.989787176876025 0
      vertex -6.741990874288157 -5.577459910301035 0
    endloop
  endfacet
  facet normal 0.6613118653236528 0.7501110696304587 0
    outer loop
      vertex -5.577459910301035 -6.741990874288157 152.19451663
      vertex -5.577459910301035 -6.741990874288157 0
      vertex -5.989787176876025 -6.378475489937352 0
    endloop
  endfacet
  facet normal 0.6129070536529762 0.7901550123756906 0
    outer loop
      vertex -5.14312095755914 -7.07889870078079 152.19451663
      vertex -5.14312095755914 -7.07889870078079 0
      vertex -5.577459910301035 -6.741990874288157 0
    endloop
  endfacet
  facet normal 0.960293685676943 0.2789911060392295 0
    outer loop
      vertex -8.321744517582593 -2.7038987007807895 152.19451663
      vertex -8.321744517582593 -2.7038987007807895 0
      vertex -8.475102659875521 -2.17603651269248 0
    endloop
  endfacet
  facet normal 0.8607420270039435 0.5090414157503712 0
    outer loop
      vertex -7.3878693481426305 -4.688484456066222 152.19451663
      vertex -7.3878693481426305 -4.688484456066222 0
      vertex -7.667683450383806 -4.215344648390008 0
    endloop
  endfacet
  facet normal 0.8910065241883677 0.4539904997395472 0
    outer loop
      vertex -7.667683450383806 -4.215344648390008 152.19451663
      vertex -7.667683450383806 -4.215344648390008 0
      vertex -7.91723670907767 -3.7255688011943864 0
    endloop
  endfacet
  facet normal 0.9408807689542261 0.3387379202452897 0
    outer loop
      vertex -8.1355442515222 -3.2210898359909312 152.19451663
      vertex -8.1355442515222 -3.2210898359909312 0
      vertex -8.321744517582593 -2.7038987007807895 0
    endloop
  endfacet
  facet normal 0.9177546256839811 0.3971478906347805 0
    outer loop
      vertex -7.91723670907767 -3.7255688011943864 152.19451663
      vertex -7.91723670907767 -3.7255688011943864 0
      vertex -8.1355442515222 -3.2210898359909312 0
    endloop
  endfacet
  facet normal 0.9759167619387471 0.21814324139654356 0
    outer loop
      vertex -8.475102659875521 -2.17603651269248 152.19451663
      vertex -8.475102659875521 -2.17603651269248 0
      vertex -8.595013443876026 -1.63958650262509 0
    endloop
  endfacet
  facet normal 0.9876883405951372 0.15643446504023373 0
    outer loop
      vertex -8.595013443876026 -1.63958650262509 152.19451663
      vertex -8.595013443876026 -1.63958650262509 0
      vertex -8.681003636501682 -1.0966657936876625 0
    endloop
  endfacet
  facet normal 0.9955619646030802 0.09410831331851251 0
    outer loop
      vertex -8.681003636501682 -1.0966657936876625 152.19451663
      vertex -8.681003636501682 -1.0966657936876625 0
      vertex -8.732733873747376 -0.5494170458814912 0
    endloop
  endfacet
  facet normal 0.9995065603657316 0.03141075907812809 0
    outer loop
      vertex -8.732733873747376 -0.5494170458814912 152.19451663
      vertex -8.732733873747376 -0.5494170458814912 0
      vertex -8.75 0 0
    endloop
  endfacet
  facet normal 0.5090414157503708 0.860742027003944 0
    outer loop
      vertex -4.215344648390009 -7.667683450383805 152.19451663
      vertex -4.215344648390009 -7.667683450383805 0
      vertex -4.688484456066222 -7.3878693481426305 0
    endloop
  endfacet
  facet normal 0.45399049973954714 0.8910065241883676 0
    outer loop
      vertex -3.7255688011943837 -7.917236709077671 152.19451663
      vertex -3.7255688011943837 -7.917236709077671 0
      vertex -4.215344648390009 -7.667683450383805 0
    endloop
  endfacet
  facet normal 0.39714789063478095 0.9177546256839811 0
    outer loop
      vertex -3.2210898359909312 -8.1355442515222 152.19451663
      vertex -3.2210898359909312 -8.1355442515222 0
      vertex -3.7255688011943837 -7.917236709077671 0
    endloop
  endfacet
  facet normal 0.3387379202452897 0.9408807689542261 0
    outer loop
      vertex -2.7038987007807895 -8.321744517582593 152.19451663
      vertex -2.7038987007807895 -8.321744517582593 0
      vertex -3.2210898359909312 -8.1355442515222 0
    endloop
  endfacet
  facet normal 0.2789911060392295 0.960293685676943 0
    outer loop
      vertex -2.17603651269248 -8.475102659875521 152.19451663
      vertex -2.17603651269248 -8.475102659875521 0
      vertex -2.7038987007807895 -8.321744517582593 0
    endloop
  endfacet
  facet normal 0.21814324139654445 0.975916761938747 0
    outer loop
      vertex -1.6395865026250922 -8.595013443876026 152.19451663
      vertex -1.6395865026250922 -8.595013443876026 0
      vertex -2.17603651269248 -8.475102659875521 0
    endloop
  endfacet
  facet normal 0.15643446504023256 0.9876883405951374 0
    outer loop
      vertex -1.0966657936876605 -8.681003636501682 152.19451663
      vertex -1.0966657936876605 -8.681003636501682 0
      vertex -1.6395865026250922 -8.595013443876026 0
    endloop
  endfacet
  facet normal 0.09410831331851285 0.9955619646030802 0
    outer loop
      vertex -0.5494170458814912 -8.732733873747376 152.19451663
      vertex -0.5494170458814912 -8.732733873747376 0
      vertex -1.0966657936876605 -8.681003636501682 0
    endloop
  endfacet
  facet normal 0.03141075907812809 0.9995065603657316 0
    outer loop
      vertex 0 -8.75 152.19451663
      vertex 0 -8.75 0
      vertex -0.5494170458814912 -8.732733873747376 0
    endloop
  endfacet
  facet normal 0.8270805742745626 0.5620833778521294 0
    outer loop
      vertex -7.07889870078079 -5.14312095755914 152.19451663
      vertex -7.3878693481426305 -4.688484456066222 0
      vertex -7.3878693481426305 -4.688484456066222 152.19451663
    endloop
  endfacet
  facet normal 0.5620833778521294 0.8270805742745626 0
    outer loop
      vertex -4.688484456066222 -7.3878693481426305 152.19451663
      vertex -5.14312095755914 -7.07889870078079 0
      vertex -5.14312095755914 -7.07889870078079 152.19451663
    endloop
  endfacet
  facet normal 0.7071067811865476 0.7071067811865476 0
    outer loop
      vertex -5.989787176876025 -6.378475489937352 152.19451663
      vertex -6.378475489937352 -5.989787176876025 0
      vertex -6.378475489937352 -5.989787176876025 152.19451663
    endloop
  endfacet
  facet normal 0.7501110696304587 0.6613118653236528 0
    outer loop
      vertex -6.378475489937352 -5.989787176876025 152.19451663
      vertex -6.741990874288157 -5.577459910301035 0
      vertex -6.741990874288157 -5.577459910301035 152.19451663
    endloop
  endfacet
  facet normal 0.7901550123756906 0.6129070536529762 0
    outer loop
      vertex -6.741990874288157 -5.577459910301035 152.19451663
      vertex -7.07889870078079 -5.14312095755914 0
      vertex -7.07889870078079 -5.14312095755914 152.19451663
    endloop
  endfacet
  facet normal 0.6129070536529762 0.7901550123756906 0
    outer loop
      vertex -5.14312095755914 -7.07889870078079 152.19451663
      vertex -5.577459910301035 -6.741990874288157 0
      vertex -5.577459910301035 -6.741990874288157 152.19451663
    endloop
  endfacet
  facet normal 0.6613118653236528 0.7501110696304587 0
    outer loop
      vertex -5.577459910301035 -6.741990874288157 152.19451663
      vertex -5.989787176876025 -6.378475489937352 0
      vertex -5.989787176876025 -6.378475489937352 152.19451663
    endloop
  endfacet
  facet normal 0.8910065241883677 0.4539904997395472 0
    outer loop
      vertex -7.667683450383806 -4.215344648390008 152.19451663
      vertex -7.91723670907767 -3.7255688011943864 0
      vertex -7.91723670907767 -3.7255688011943864 152.19451663
    endloop
  endfacet
  facet normal 0.8607420270039435 0.5090414157503712 0
    outer loop
      vertex -7.3878693481426305 -4.688484456066222 152.19451663
      vertex -7.667683450383806 -4.215344648390008 0
      vertex -7.667683450383806 -4.215344648390008 152.19451663
    endloop
  endfacet
  facet normal 0.9177546256839811 0.3971478906347805 0
    outer loop
      vertex -7.91723670907767 -3.7255688011943864 152.19451663
      vertex -8.1355442515222 -3.2210898359909312 0
      vertex -8.1355442515222 -3.2210898359909312 152.19451663
    endloop
  endfacet
  facet normal 0.9408807689542261 0.3387379202452897 0
    outer loop
      vertex -8.1355442515222 -3.2210898359909312 152.19451663
      vertex -8.321744517582593 -2.7038987007807895 0
      vertex -8.321744517582593 -2.7038987007807895 152.19451663
    endloop
  endfacet
  facet normal 0.960293685676943 0.2789911060392295 0
    outer loop
      vertex -8.321744517582593 -2.7038987007807895 152.19451663
      vertex -8.475102659875521 -2.17603651269248 0
      vertex -8.475102659875521 -2.17603651269248 152.19451663
    endloop
  endfacet
  facet normal 0.9759167619387471 0.21814324139654356 0
    outer loop
      vertex -8.475102659875521 -2.17603651269248 152.19451663
      vertex -8.595013443876026 -1.63958650262509 0
      vertex -8.595013443876026 -1.63958650262509 152.19451663
    endloop
  endfacet
  facet normal 0.9876883405951372 0.15643446504023373 0
    outer loop
      vertex -8.595013443876026 -1.63958650262509 152.19451663
      vertex -8.681003636501682 -1.0966657936876625 0
      vertex -8.681003636501682 -1.0966657936876625 152.19451663
    endloop
  endfacet
  facet normal 0.9955619646030802 0.09410831331851251 0
    outer loop
      vertex -8.681003636501682 -1.0966657936876625 152.19451663
      vertex -8.732733873747376 -0.5494170458814912 0
      vertex -8.732733873747376 -0.5494170458814912 152.19451663
    endloop
  endfacet
  facet normal 0.9995065603657316 0.03141075907812809 0
    outer loop
      vertex -8.732733873747376 -0.5494170458814912 152.19451663
      vertex -8.75 0 0
      vertex -8.75 0 152.19451663
    endloop
  endfacet
  facet normal 0.5090414157503708 0.860742027003944 0
    outer loop
      vertex -4.215344648390009 -7.667683450383805 152.19451663
      vertex -4.688484456066222 -7.3878693481426305 0
      vertex -4.688484456066222 -7.3878693481426305 152.19451663
    endloop
  endfacet
  facet normal 0.45399049973954714 0.8910065241883676 0
    outer loop
      vertex -3.7255688011943837 -7.917236709077671 152.19451663
      vertex -4.215344648390009 -7.667683450383805 0
      vertex -4.215344648390009 -7.667683450383805 152.19451663
    endloop
  endfacet
  facet normal 0.2789911060392295 0.960293685676943 0
    outer loop
      vertex -2.17603651269248 -8.475102659875521 152.19451663
      vertex -2.7038987007807895 -8.321744517582593 0
      vertex -2.7038987007807895 -8.321744517582593 152.19451663
    endloop
  endfacet
  facet normal 0.39714789063478095 0.9177546256839811 0
    outer loop
      vertex -3.2210898359909312 -8.1355442515222 152.19451663
      vertex -3.7255688011943837 -7.917236709077671 0
      vertex -3.7255688011943837 -7.917236709077671 152.19451663
    endloop
  endfacet
  facet normal 0.3387379202452897 0.9408807689542261 0
    outer loop
      vertex -2.7038987007807895 -8.321744517582593 152.19451663
      vertex -3.2210898359909312 -8.1355442515222 0
      vertex -3.2210898359909312 -8.1355442515222 152.19451663
    endloop
  endfacet
  facet normal 0.21814324139654445 0.975916761938747 0
    outer loop
      vertex -1.6395865026250922 -8.595013443876026 152.19451663
      vertex -2.17603651269248 -8.475102659875521 0
      vertex -2.17603651269248 -8.475102659875521 152.19451663
    endloop
  endfacet
  facet normal 0.15643446504023256 0.9876883405951374 0
    outer loop
      vertex -1.0966657936876605 -8.681003636501682 152.19451663
      vertex -1.6395865026250922 -8.595013443876026 0
      vertex -1.6395865026250922 -8.595013443876026 152.19451663
    endloop
  endfacet
  facet normal 0.09410831331851285 0.9955619646030802 0
    outer loop
      vertex -0.5494170458814912 -8.732733873747376 152.19451663
      vertex -1.0966657936876605 -8.681003636501682 0
      vertex -1.0966657936876605 -8.681003636501682 152.19451663
    endloop
  endfacet
  facet normal 0.03141075907812809 0.9995065603657316 0
    outer loop
      vertex 0 -8.75 152.19451663
      vertex -0.5494170458814912 -8.732733873747376 0
      vertex -0.5494170458814912 -8.732733873747376 152.19451663
    endloop
  endfacet
  facet normal 0.9995065603657316 -0.03141075907812809 0
    outer loop
      vertex -8.75 0 152.19451663
      vertex -8.75 0 0
      vertex -8.732733873747376 0.5494170458814912 0
    endloop
  endfacet
  facet normal 0.9955619646030802 -0.09410831331851251 0
    outer loop
      vertex -8.732733873747376 0.5494170458814912 152.19451663
      vertex -8.732733873747376 0.5494170458814912 0
      vertex -8.681003636501682 1.0966657936876625 0
    endloop
  endfacet
  facet normal 0.9876883405951372 -0.15643446504023373 0
    outer loop
      vertex -8.681003636501682 1.0966657936876625 152.19451663
      vertex -8.681003636501682 1.0966657936876625 0
      vertex -8.595013443876026 1.63958650262509 0
    endloop
  endfacet
  facet normal 0.9759167619387471 -0.21814324139654356 0
    outer loop
      vertex -8.595013443876026 1.63958650262509 152.19451663
      vertex -8.595013443876026 1.63958650262509 0
      vertex -8.475102659875521 2.17603651269248 0
    endloop
  endfacet
  facet normal 0.960293685676943 -0.2789911060392295 0
    outer loop
      vertex -8.475102659875521 2.17603651269248 152.19451663
      vertex -8.475102659875521 2.17603651269248 0
      vertex -8.321744517582593 2.7038987007807895 0
    endloop
  endfacet
  facet normal 0.9408807689542261 -0.3387379202452897 0
    outer loop
      vertex -8.321744517582593 2.7038987007807895 152.19451663
      vertex -8.321744517582593 2.7038987007807895 0
      vertex -8.1355442515222 3.2210898359909312 0
    endloop
  endfacet
  facet normal 0.9177546256839811 -0.3971478906347805 0
    outer loop
      vertex -8.1355442515222 3.2210898359909312 152.19451663
      vertex -8.1355442515222 3.2210898359909312 0
      vertex -7.91723670907767 3.7255688011943864 0
    endloop
  endfacet
  facet normal 0.8910065241883677 -0.4539904997395472 0
    outer loop
      vertex -7.91723670907767 3.7255688011943864 152.19451663
      vertex -7.91723670907767 3.7255688011943864 0
      vertex -7.667683450383806 4.215344648390008 0
    endloop
  endfacet
  facet normal 0.8607420270039446 -0.5090414157503695 0
    outer loop
      vertex -7.667683450383806 4.215344648390008 152.19451663
      vertex -7.667683450383806 4.215344648390008 0
      vertex -7.387869348142632 4.688484456066221 0
    endloop
  endfacet
  facet normal 0.7071067811865476 -0.7071067811865476 0
    outer loop
      vertex -6.230778028686558 6.1374846381268195 78.53628684580326
      vertex -6.378475489937351 5.9897871768760265 0
      vertex -5.9897871768760265 6.378475489937351 0
    endloop
  endfacet
  facet normal 0.6613118653236512 -0.7501110696304603 0
    outer loop
      vertex -5.9897871768760265 6.378475489937351 77.08226188047519
      vertex -5.9897871768760265 6.378475489937351 0
      vertex -5.577459910301036 6.741990874288155 0
    endloop
  endfacet
  facet normal 0.6129070536529774 -0.7901550123756895 0
    outer loop
      vertex -5.577459910301036 6.741990874288155 76.23370114032627
      vertex -5.577459910301036 6.741990874288155 0
      vertex -5.14312095755914 7.07889870078079 0
    endloop
  endfacet
  facet normal 0.5620833778521309 -0.8270805742745616 2.9233779603452093e-18
    outer loop
      vertex -5.019794634280352 7.162711183533666 75.56607186049223
      vertex -5.14312095755914 7.07889870078079 0
      vertex -4.688484456066221 7.387869348142632 0
    endloop
  endfacet
  facet normal 0.8270805742745616 -0.5620833778521308 0
    outer loop
      vertex -7.387869348142632 4.688484456066221 152.19451663
      vertex -7.387869348142632 4.688484456066221 0
      vertex -7.07889870078079 5.14312095755914 0
    endloop
  endfacet
  facet normal 0.7901550123756896 -0.6129070536529774 0
    outer loop
      vertex -7.07889870078079 5.14312095755914 152.19451663
      vertex -7.07889870078079 5.14312095755914 0
      vertex -6.741990874288155 5.577459910301036 0
    endloop
  endfacet
  facet normal 0.7501110696304601 -0.661311865323651 0
    outer loop
      vertex -6.741990874288155 5.577459910301036 152.19451663
      vertex -6.741990874288155 5.577459910301036 0
      vertex -6.378475489937351 5.9897871768760265 0
    endloop
  endfacet
  facet normal 0.7071067811865475 -0.7071067811865475 0
    outer loop
      vertex -6.22436463071007 6.143898036103307 78.29423864930868
      vertex -5.9897871768760265 6.378475489937351 0
      vertex -6.2051497461301865 6.163112920683191 78.05314569920301
    endloop
  endfacet
  facet normal 0.7071067811865476 -0.7071067811865476 0
    outer loop
      vertex -6.22436463071007 6.143898036103307 78.29423864930868
      vertex -6.230778028686558 6.1374846381268195 78.53628684580326
      vertex -5.9897871768760265 6.378475489937351 0
    endloop
  endfacet
  facet normal 0.7071067811865476 -0.7071067811865476 0
    outer loop
      vertex -6.2051497461301865 6.163112920683191 78.05314569920301
      vertex -5.9897871768760265 6.378475489937351 0
      vertex -6.173209202486914 6.195053464326463 77.81395949423313
    endloop
  endfacet
  facet normal 0.7071067811865475 -0.7071067811865475 0
    outer loop
      vertex -6.128669062829955 6.2395936039834226 77.57762398570776
      vertex -5.9897871768760265 6.378475489937351 0
      vertex -6.071705104329766 6.296557562483612 77.34507187455893
    endloop
  endfacet
  facet normal 0.7071067811865476 -0.7071067811865476 0
    outer loop
      vertex -6.173209202486914 6.195053464326463 77.81395949423313
      vertex -5.9897871768760265 6.378475489937351 0
      vertex -6.128669062829955 6.2395936039834226 77.57762398570776
    endloop
  endfacet
  facet normal 0.7071067811865475 -0.7071067811865475 0
    outer loop
      vertex -6.071705104329766 6.296557562483612 77.34507187455893
      vertex -5.9897871768760265 6.378475489937351 0
      vertex -6.002542139843767 6.365720526969611 77.11722095310688
    endloop
  endfacet
  facet normal 0.7071067811865476 -0.7071067811865476 0
    outer loop
      vertex -6.002542139843767 6.365720526969611 77.11722095310688
      vertex -5.9897871768760265 6.378475489937351 0
      vertex -5.9897871768760265 6.378475489937351 77.08226188047519
    endloop
  endfacet
  facet normal 0.7071067811865475 -0.7071067811865475 0
    outer loop
      vertex -6.230778028686558 6.1374846381268195 78.53628684580326
      vertex -6.230778028686558 6.1374846381268195 80.46371315419674
      vertex -6.378475489937351 5.9897871768760265 0
    endloop
  endfacet
  facet normal 0.6613118653236509 -0.7501110696304605 -2.454354154770789e-18
    outer loop
      vertex -5.920005006913951 6.439996748391365 76.89497043192387
      vertex -5.9897871768760265 6.378475489937351 77.08226188047519
      vertex -5.577459910301036 6.741990874288155 0
    endloop
  endfacet
  facet normal 0.6613118653236516 -0.7501110696304598 5.149015153261225e-18
    outer loop
      vertex -5.825345596460367 6.523450244589383 76.67919743806124
      vertex -5.577459910301036 6.741990874288155 0
      vertex -5.719207785254844 6.617023312300906 76.47075352072716
    endloop
  endfacet
  facet normal 0.6613118653236524 -0.7501110696304591 9.391392153726277e-18
    outer loop
      vertex -5.920005006913951 6.439996748391365 76.89497043192387
      vertex -5.577459910301036 6.741990874288155 0
      vertex -5.825345596460367 6.523450244589383 76.67919743806124
    endloop
  endfacet
  facet normal 0.6613118653236503 -0.7501110696304608 1.1288139493086651e-18
    outer loop
      vertex -5.602010441619883 6.720346669425065 76.27046132832766
      vertex -5.719207785254844 6.617023312300906 76.47075352072716
      vertex -5.577459910301036 6.741990874288155 0
    endloop
  endfacet
  facet normal 0.6613118653236484 -0.7501110696304626 0
    outer loop
      vertex -5.577459910301036 6.741990874288155 76.23370114032627
      vertex -5.602010441619883 6.720346669425065 76.27046132832766
      vertex -5.577459910301036 6.741990874288155 0
    endloop
  endfacet
  facet normal 0.6129070536529784 -0.7901550123756887 9.648378153459924e-18
    outer loop
      vertex -5.472220295806113 6.823623087002627 76.07911131531
      vertex -5.577459910301036 6.741990874288155 76.23370114032627
      vertex -5.14312095755914 7.07889870078079 0
    endloop
  endfacet
  facet normal 0.6129070536529747 -0.7901550123756919 -1.6242167129892173e-17
    outer loop
      vertex -5.331667816890762 6.932646765124497 75.89745864272118
      vertex -5.472220295806113 6.823623087002627 76.07911131531
      vertex -5.14312095755914 7.07889870078079 0
    endloop
  endfacet
  facet normal 0.6129070536529821 -0.7901550123756861 0
    outer loop
      vertex -5.14312095755914 7.07889870078079 75.68778542283303
      vertex -5.1813822778389405 7.049220178574042 75.72622022777796
      vertex -5.14312095755914 7.07889870078079 0
    endloop
  endfacet
  facet normal 0.6129070536529779 -0.7901550123756892 -3.3743273278237437e-18
    outer loop
      vertex -5.331667816890762 6.932646765124497 75.89745864272118
      vertex -5.14312095755914 7.07889870078079 0
      vertex -5.1813822778389405 7.049220178574042 75.72622022777796
    endloop
  endfacet
  facet normal 0.5620833778521321 -0.8270805742745608 0
    outer loop
      vertex -5.14312095755914 7.07889870078079 75.68778542283303
      vertex -5.14312095755914 7.07889870078079 0
      vertex -5.019794634280352 7.162711183533666 75.56607186049223
    endloop
  endfacet
  facet normal 0.5620833778521295 -0.8270805742745626 -6.244098974836445e-18
    outer loop
      vertex -4.848861588938421 7.278877161191423 75.41764556616545
      vertex -5.019794634280352 7.162711183533666 75.56607186049223
      vertex -4.688484456066221 7.387869348142632 0
    endloop
  endfacet
  facet normal 0.5090414157503702 -0.8607420270039442 1.0366666420632679e-17
    outer loop
      vertex -4.6515857726335526 7.409691168693524 18.569682843983173
      vertex -4.688484456066221 7.387869348142632 0
      vertex -4.215344648390009 7.667683450383806 0
    endloop
  endfacet
  facet normal 0.4539904997395476 -0.8910065241883676 0
    outer loop
      vertex -4.215344648390009 7.667683450383806 16.82415851407046
      vertex -4.215344648390009 7.667683450383806 0
      vertex -3.725568801194386 7.917236709077671 0
    endloop
  endfacet
  facet normal 0.5090414157503741 -0.8607420270039419 0
    outer loop
      vertex -4.6515857726335526 7.409691168693524 18.569682843983173
      vertex -4.6515857726335526 7.409691168693524 20.430317156016827
      vertex -4.688484456066221 7.387869348142632 0
    endloop
  endfacet
  facet normal 0.509041415750345 -0.8607420270039592 -7.915447826572117e-16
    outer loop
      vertex -4.644242696464062 7.414033851834361 18.336022451519966
      vertex -4.6515857726335526 7.409691168693524 18.569682843983173
      vertex -4.215344648390009 7.667683450383806 0
    endloop
  endfacet
  facet normal 0.5090414157503715 -0.8607420270039434 4.9185375213511236e-17
    outer loop
      vertex -4.622242458164692 7.427044756495004 18.10328421741724
      vertex -4.644242696464062 7.414033851834361 18.336022451519966
      vertex -4.215344648390009 7.667683450383806 0
    endloop
  endfacet
  facet normal 0.5090414157503682 -0.8607420270039454 -3.6112535707650013e-17
    outer loop
      vertex -4.5856718719005585 7.448672540921325 17.872386641800404
      vertex -4.215344648390009 7.667683450383806 0
      vertex -4.534675270318985 7.478831847023643 17.644240975379944
    endloop
  endfacet
  facet normal 0.5090414157503657 -0.8607420270039469 -9.824319157155346e-17
    outer loop
      vertex -4.469453915953636 7.51740364847135 17.419747598469257
      vertex -4.534675270318985 7.478831847023643 17.644240975379944
      vertex -4.215344648390009 7.667683450383806 0
    endloop
  endfacet
  facet normal 0.5090414157503724 -0.860742027003943 3.497221112198275e-17
    outer loop
      vertex -4.469453915953636 7.51740364847135 17.419747598469257
      vertex -4.215344648390009 7.667683450383806 0
      vertex -4.3902652114629745 7.5642357177565875 17.199792496860027
    endloop
  endfacet
  facet normal 0.509041415750372 -0.8607420270039432 2.872618266389212e-17
    outer loop
      vertex -4.3902652114629745 7.5642357177565875 17.199792496860027
      vertex -4.215344648390009 7.667683450383806 0
      vertex -4.2974216639995575 7.619143238664531 16.98524373024702
    endloop
  endfacet
  facet normal 0.5090414157503677 -0.8607420270039459 0
    outer loop
      vertex -4.215344648390009 7.667683450383806 16.82415851407046
      vertex -4.2974216639995575 7.619143238664531 16.98524373024702
      vertex -4.215344648390009 7.667683450383806 0
    endloop
  endfacet
  facet normal 0.5090414157503753 -0.8607420270039413 1.6032873593127302e-16
    outer loop
      vertex -4.5856718719005585 7.448672540921325 17.872386641800404
      vertex -4.622242458164692 7.427044756495004 18.10328421741724
      vertex -4.215344648390009 7.667683450383806 0
    endloop
  endfacet
  facet normal 0.45399049973953765 -0.8910065241883725 -3.6253224623711695e-16
    outer loop
      vertex -4.191289700567722 7.6799400584855215 16.776948019862175
      vertex -4.215344648390009 7.667683450383806 16.82415851407046
      vertex -3.725568801194386 7.917236709077671 0
    endloop
  endfacet
  facet normal 0.4539904997395521 -0.8910065241883652 1.413429333733417e-16
    outer loop
      vertex -4.072288163006306 7.740574370402031 16.57572741061449
      vertex -4.191289700567722 7.6799400584855215 16.776948019862175
      vertex -3.725568801194386 7.917236709077671 0
    endloop
  endfacet
  facet normal 0.4539904997395463 -0.8910065241883681 -1.0250463959515333e-17
    outer loop
      vertex -4.072288163006306 7.740574370402031 16.57572741061449
      vertex -3.725568801194386 7.917236709077671 0
      vertex -3.9408867061138153 7.8075267567894 16.38237603008747
    endloop
  endfacet
  facet normal 0.4539904997395464 -0.8910065241883679 -7.368086232133383e-18
    outer loop
      vertex -3.7976039052009583 7.880532990329344 16.197656959295273
      vertex -3.9408867061138153 7.8075267567894 16.38237603008747
      vertex -3.725568801194386 7.917236709077671 0
    endloop
  endfacet
  facet normal 0.4539904997395477 -0.8910065241883673 0
    outer loop
      vertex -3.7976039052009583 7.880532990329344 16.197656959295273
      vertex -3.725568801194386 7.917236709077671 0
      vertex -3.725568801194386 7.917236709077671 16.115949173464315
    endloop
  endfacet
  facet normal 0.39714789063478007 -0.9177546256839814 0
    outer loop
      vertex -3.725568801194386 7.917236709077671 16.115949173464315
      vertex -3.725568801194386 7.917236709077671 0
      vertex -3.221089835990932 8.1355442515222 0
    endloop
  endfacet
  facet normal 0.33873792024528915 -0.9408807689542262 0
    outer loop
      vertex -3.221089835990932 8.1355442515222 15.63936964764008
      vertex -3.221089835990932 8.1355442515222 0
      vertex -2.7038987007807895 8.321744517582593 0
    endloop
  endfacet
  facet normal 0.39714789063478084 -0.917754625683981 4.93886425119113e-18
    outer loop
      vertex -3.477700814604759 8.024498765051069 15.856994770467281
      vertex -3.6430052295327187 7.952965156977639 16.02229918539524
      vertex -3.221089835990932 8.1355442515222 0
    endloop
  endfacet
  facet normal 0.3971478906347767 -0.9177546256839828 -1.252952169885092e-16
    outer loop
      vertex -3.6430052295327187 7.952965156977639 16.02229918539524
      vertex -3.725568801194386 7.917236709077671 16.115949173464315
      vertex -3.221089835990932 8.1355442515222 0
    endloop
  endfacet
  facet normal 0.39714789063478007 -0.9177546256839814 -9.293336298820094e-18
    outer loop
      vertex -3.477700814604759 8.024498765051069 15.856994770467281
      vertex -3.221089835990932 8.1355442515222 0
      vertex -3.302343040704727 8.1003828500361 15.702396094799042
    endloop
  endfacet
  facet normal 0.3971478906347816 -0.9177546256839807 0
    outer loop
      vertex -3.221089835990932 8.1355442515222 15.63936964764008
      vertex -3.302343040704727 8.1003828500361 15.702396094799042
      vertex -3.221089835990932 8.1355442515222 0
    endloop
  endfacet
  facet normal 0.3387379202452915 -0.9408807689542253 8.592357013232176e-17
    outer loop
      vertex -3.117623969912529 8.172794255399664 15.559113293886185
      vertex -3.221089835990932 8.1355442515222 15.63936964764008
      vertex -2.7038987007807895 8.321744517582593 0
    endloop
  endfacet
  facet normal 0.33873792024529176 -0.9408807689542252 9.337686889851343e-17
    outer loop
      vertex -2.9242725893855095 8.242405035721038 15.427711836993694
      vertex -3.117623969912529 8.172794255399664 15.559113293886185
      vertex -2.7038987007807895 8.321744517582593 0
    endloop
  endfacet
  facet normal 0.3387379202452861 -0.9408807689542273 2.7837776837265703e-18
    outer loop
      vertex -2.723051980137825 8.314848912709628 15.308710299432278
      vertex -2.9242725893855095 8.242405035721038 15.427711836993694
      vertex -2.7038987007807895 8.321744517582593 0
    endloop
  endfacet
  facet normal 0.33873792024528415 -0.940880768954228 0
    outer loop
      vertex -2.723051980137825 8.314848912709628 15.308710299432278
      vertex -2.7038987007807895 8.321744517582593 0
      vertex -2.7038987007807895 8.321744517582593 15.298951216345245
    endloop
  endfacet
  facet normal 0.2789911060392293 -0.9602936856769431 0
    outer loop
      vertex -2.7038987007807895 8.321744517582593 15.298951216345245
      vertex -2.7038987007807895 8.321744517582593 0
      vertex -2.1760365126924794 8.475102659875521 0
    endloop
  endfacet
  facet normal 0.278991106039229 -0.9602936856769431 -1.1719703068994904e-17
    outer loop
      vertex -2.7038987007807895 8.321744517582593 15.298951216345245
      vertex -2.1760365126924794 8.475102659875521 0
      vertex -2.5147562697529793 8.376695473543736 15.202578336000443
    endloop
  endfacet
  facet normal 0.509041415750374 -0.860742027003942 0
    outer loop
      vertex -4.6515857726335526 7.409691168693524 20.430317156016827
      vertex -4.688484456066221 7.387869348142632 75.2956348894142
      vertex -4.688484456066221 7.387869348142632 0
    endloop
  endfacet
  facet normal 0.3971478906347767 -0.9177546256839828 6.194482123066731e-17
    outer loop
      vertex -3.40046424762695 8.057922012176899 49.40106072504523
      vertex -3.725568801194386 7.917236709077671 22.884050826535685
      vertex -3.6430052295327187 7.952965156977639 22.97770081460476
    endloop
  endfacet
  facet normal 0.39714789063478084 -0.917754625683981 1.5450354499223598e-17
    outer loop
      vertex -3.477700814604759 8.024498765051069 23.14300522953272
      vertex -3.40046424762695 8.057922012176899 49.40106072504523
      vertex -3.6430052295327187 7.952965156977639 22.97770081460476
    endloop
  endfacet
  facet normal 0.39714789063478007 -0.9177546256839814 1.8026038099879635e-17
    outer loop
      vertex -3.477700814604759 8.024498765051069 23.14300522953272
      vertex -3.302343040704727 8.1003828500361 23.29760390520096
      vertex -3.40046424762695 8.057922012176899 49.40106072504523
    endloop
  endfacet
  facet normal 0.39714789063478145 -0.9177546256839806 -2.9972762130917222e-18
    outer loop
      vertex -3.221089835990932 8.1355442515222 23.36063035235992
      vertex -3.2676125795012587 8.115412062661916 48.65606528003218
      vertex -3.302343040704727 8.1003828500361 23.29760390520096
    endloop
  endfacet
  facet normal 0.3387379202452915 -0.9408807689542255 -4.137380659349435e-17
    outer loop
      vertex -3.221089835990932 8.1355442515222 23.36063035235992
      vertex -3.117623969912529 8.172794255399664 23.440886706113815
      vertex -2.9839762201335227 8.220910406031503 47.94637593854668
    endloop
  endfacet
  facet normal 0.33873792024529165 -0.9408807689542253 -4.2527706298051623e-17
    outer loop
      vertex -2.9242725893855095 8.242405035721038 23.572288163006306
      vertex -2.9839762201335227 8.220910406031503 47.94637593854668
      vertex -3.117623969912529 8.172794255399664 23.440886706113815
    endloop
  endfacet
  facet normal 0.3387379202452861 -0.9408807689542273 -5.848547421343859e-17
    outer loop
      vertex -2.723051980137825 8.314848912709628 23.691289700567722
      vertex -2.9839762201335227 8.220910406031503 47.94637593854668
      vertex -2.9242725893855095 8.242405035721038 23.572288163006306
    endloop
  endfacet
  facet normal 0.33873792024528415 -0.9408807689542281 0
    outer loop
      vertex -2.723051980137825 8.314848912709628 23.691289700567722
      vertex -2.7038987007807895 8.321744517582593 23.701048783654755
      vertex -2.7038987007807895 8.321744517582593 47.4898476109384
    endloop
  endfacet
  facet normal 0.27899110603922905 -0.9602936856769432 -2.2739629175450526e-18
    outer loop
      vertex -2.7038987007807895 8.321744517582593 23.701048783654755
      vertex -2.5147562697529793 8.376695473543736 23.797421663999557
      vertex -2.3930573035289573 8.412052291668324 47.09820556868317
    endloop
  endfacet
  facet normal 0.27899110603923205 -0.9602936856769423 -1.9704820305062443e-17
    outer loop
      vertex -2.3002075031399727 8.439027652323523 23.890265211462975
      vertex -2.3930573035289573 8.412052291668324 47.09820556868317
      vertex -2.5147562697529793 8.376695473543736 23.797421663999557
    endloop
  endfacet
  facet normal 0.21814324139654392 -0.9759167619387472 0
    outer loop
      vertex -2.1760365126924794 8.475102659875521 15.065030483899761
      vertex -2.1760365126924794 8.475102659875521 0
      vertex -1.6395865026250904 8.595013443876026 0
    endloop
  endfacet
  facet normal 0.1564344650402336 -0.9876883405951373 0
    outer loop
      vertex -1.6395865026250904 8.595013443876026 14.917004443128889
      vertex -1.6395865026250904 8.595013443876026 0
      vertex -1.0966657936876623 8.681003636501682 0
    endloop
  endfacet
  facet normal 0.2789911060392321 -0.9602936856769422 6.343132415439418e-17
    outer loop
      vertex -2.3002075031399727 8.439027652323523 15.109734788537025
      vertex -2.5147562697529793 8.376695473543736 15.202578336000443
      vertex -2.1760365126924794 8.475102659875521 0
    endloop
  endfacet
  facet normal 0.278991106039225 -0.9602936856769443 0
    outer loop
      vertex -2.1760365126924794 8.475102659875521 15.065030483899761
      vertex -2.3002075031399727 8.439027652323523 15.109734788537025
      vertex -2.1760365126924794 8.475102659875521 0
    endloop
  endfacet
  facet normal 0.21814324139654234 -0.9759167619387473 -5.704590042649684e-17
    outer loop
      vertex -2.0802524015307426 8.496512945360934 15.030546084046364
      vertex -2.1760365126924794 8.475102659875521 15.065030483899761
      vertex -1.6395865026250904 8.595013443876026 0
    endloop
  endfacet
  facet normal 0.21814324139654817 -0.9759167619387461 1.204361102396548e-16
    outer loop
      vertex -2.0802524015307426 8.496512945360934 15.030546084046364
      vertex -1.6395865026250904 8.595013443876026 0
      vertex -1.8557590246200562 8.546693160335485 14.965324729681015
    endloop
  endfacet
  facet normal 0.21814324139654015 -0.9759167619387479 0
    outer loop
      vertex -1.6395865026250904 8.595013443876026 14.917004443128889
      vertex -1.8557590246200562 8.546693160335485 14.965324729681015
      vertex -1.6395865026250904 8.595013443876026 0
    endloop
  endfacet
  facet normal 0.1564344650402106 -0.987688340595141 -8.571646269556173e-16
    outer loop
      vertex -1.6276133581995964 8.596909803654782 14.914328128099442
      vertex -1.6395865026250904 8.595013443876026 14.917004443128889
      vertex -1.0966657936876623 8.681003636501682 0
    endloop
  endfacet
  facet normal 0.15643446504023562 -0.987688340595137 5.604034761895369e-17
    outer loop
      vertex -1.3967157825827599 8.633480386941148 14.877757541835308
      vertex -1.6276133581995964 8.596909803654782 14.914328128099442
      vertex -1.0966657936876623 8.681003636501682 0
    endloop
  endfacet
  facet normal 0.15643446504023514 -0.987688340595137 4.635379701637364e-17
    outer loop
      vertex -1.1639775484800339 8.67034250189163 14.855757303535938
      vertex -1.3967157825827599 8.633480386941148 14.877757541835308
      vertex -1.0966657936876623 8.681003636501682 0
    endloop
  endfacet
  facet normal 0.09410831331851269 -0.9955619646030802 0
    outer loop
      vertex -1.0966657936876623 8.681003636501682 14.853641945698314
      vertex -1.0966657936876623 8.681003636501682 0
      vertex -0.549417045881492 8.732733873747376 0
    endloop
  endfacet
  facet normal 0.03141075907812804 -0.9995065603657315 0
    outer loop
      vertex -0.549417045881492 8.732733873747376 14.848414227366447
      vertex -0.549417045881492 8.732733873747376 0
      vertex 0 8.75 0
    endloop
  endfacet
  facet normal 0.15643446504022518 -0.9876883405951387 0
    outer loop
      vertex -1.0966657936876623 8.681003636501682 14.853641945698314
      vertex -1.1639775484800339 8.67034250189163 14.855757303535938
      vertex -1.0966657936876623 8.681003636501682 0
    endloop
  endfacet
  facet normal 0.09410831331851222 -0.9955619646030802 -1.7843895180625902e-17
    outer loop
      vertex -0.9303171560168266 8.696728212440334 14.848414227366447
      vertex -1.0966657936876623 8.681003636501682 14.853641945698314
      vertex -0.549417045881492 8.732733873747376 0
    endloop
  endfacet
  facet normal 0.0941083133185129 -0.9955619646030801 0
    outer loop
      vertex -0.549417045881492 8.732733873747376 14.848414227366447
      vertex -0.9303171560168266 8.696728212440334 14.848414227366447
      vertex -0.549417045881492 8.732733873747376 0
    endloop
  endfacet
  facet normal 0.03141075907812804 -0.9995065603657315 0
    outer loop
      vertex 0 8.75 14.848414227366447
      vertex -0.549417045881492 8.732733873747376 14.848414227366447
      vertex 0 8.75 0
    endloop
  endfacet
  facet normal 0.278991106039225 -0.9602936856769443 -2.560619650535022e-17
    outer loop
      vertex -2.1760365126924794 8.475102659875521 23.93496951610024
      vertex -2.211644039132998 8.464757717142758 46.909358742129825
      vertex -2.3002075031399727 8.439027652323523 23.890265211462975
    endloop
  endfacet
  facet normal 0.21814324139654237 -0.9759167619387474 1.875091639288777e-17
    outer loop
      vertex -2.0802524015307426 8.496512945360934 23.969453915953636
      vertex -2.020036038011649 8.509972897311213 46.73133860011103
      vertex -2.1760365126924794 8.475102659875521 23.93496951610024
    endloop
  endfacet
  facet normal 0.21814324139654814 -0.9759167619387461 2.735389346755228e-18
    outer loop
      vertex -2.0802524015307426 8.496512945360934 23.969453915953636
      vertex -1.8557590246200562 8.546693160335485 24.034675270318985
      vertex -2.020036038011649 8.509972897311213 46.73133860011103
    endloop
  endfacet
  facet normal 0.21814324139654018 -0.975916761938748 -5.718558282832137e-17
    outer loop
      vertex -1.6395865026250904 8.595013443876026 24.08299555687111
      vertex -2.020036038011649 8.509972897311213 46.73133860011103
      vertex -1.8557590246200562 8.546693160335485 24.034675270318985
    endloop
  endfacet
  facet normal 0.15643446504021077 -0.987688340595141 2.4149031577245713e-16
    outer loop
      vertex -1.6276133581995964 8.596909803654782 24.08567187190056
      vertex -1.3840424476676718 8.635487645998719 46.26903390367033
      vertex -1.6395865026250904 8.595013443876026 24.08299555687111
    endloop
  endfacet
  facet normal 0.1564344650402356 -0.9876883405951369 -3.8618934895775e-17
    outer loop
      vertex -1.3967157825827599 8.633480386941148 24.122242458164692
      vertex -1.3840424476676718 8.635487645998719 46.26903390367033
      vertex -1.6276133581995964 8.596909803654782 24.08567187190056
    endloop
  endfacet
  facet normal 0.15643446504023514 -0.9876883405951371 -3.85614285306338e-17
    outer loop
      vertex -1.1639775484800339 8.67034250189163 24.14424269646406
      vertex -1.3840424476676718 8.635487645998719 46.26903390367033
      vertex -1.3967157825827599 8.633480386941148 24.122242458164692
    endloop
  endfacet
  facet normal 0.15643446504022515 -0.9876883405951385 0
    outer loop
      vertex -1.0966657936876623 8.681003636501682 24.146358054301686
      vertex -1.0966657936876623 8.681003636501682 46.11288794769882
      vertex -1.1639775484800339 8.67034250189163 24.14424269646406
    endloop
  endfacet
  facet normal 0.0941083133185122 -0.9955619646030802 6.9263539400940435e-18
    outer loop
      vertex -0.9303171560168266 8.696728212440334 24.151585772633553
      vertex -0.9199468269352914 8.697708497157027 46.026582437050365
      vertex -1.0966657936876623 8.681003636501682 24.146358054301686
    endloop
  endfacet
  facet normal 0.0941083133185129 -0.9955619646030802 6.632685981276841e-18
    outer loop
      vertex -0.549417045881492 8.732733873747376 24.151585772633553
      vertex -0.9199468269352914 8.697708497157027 46.026582437050365
      vertex -0.9303171560168266 8.696728212440334 24.151585772633553
    endloop
  endfacet
  facet normal 0.031410759078128035 -0.9995065603657315 1.3676893335094564e-17
    outer loop
      vertex 0 8.75 24.151585772633553
      vertex -0.43334559202003 8.736381566136465 45.84131693322661
      vertex -0.549417045881492 8.732733873747376 24.151585772633553
    endloop
  endfacet
  facet normal 0.5090414157503638 -0.860742027003948 -9.354817469946996e-18
    outer loop
      vertex -4.6515857726335526 7.409691168693524 20.430317156016827
      vertex -4.644242696464062 7.414033851834361 20.663977548480034
      vertex -4.688484456066221 7.387869348142632 75.2956348894142
    endloop
  endfacet
  facet normal 0.5090414157503712 -0.8607420270039436 -1.2317618611785674e-18
    outer loop
      vertex -4.622242458164692 7.427044756495004 20.89671578258276
      vertex -4.688484456066221 7.387869348142632 75.2956348894142
      vertex -4.644242696464062 7.414033851834361 20.663977548480034
    endloop
  endfacet
  facet normal 0.5090414157503744 -0.8607420270039418 4.096543233138231e-18
    outer loop
      vertex -4.5856718719005585 7.448672540921325 21.127613358199596
      vertex -4.688484456066221 7.387869348142632 75.2956348894142
      vertex -4.622242458164692 7.427044756495004 20.89671578258276
    endloop
  endfacet
  facet normal 0.5090414157503683 -0.8607420270039455 -1.1657519745007471e-17
    outer loop
      vertex -4.5856718719005585 7.448672540921325 21.127613358199596
      vertex -4.534675270318985 7.478831847023643 21.355759024620056
      vertex -4.688484456066221 7.387869348142632 75.2956348894142
    endloop
  endfacet
  facet normal 0.5090414157503661 -0.8607420270039468 -2.059481108796234e-17
    outer loop
      vertex -4.469453915953636 7.51740364847135 21.580252401530743
      vertex -4.688484456066221 7.387869348142632 75.2956348894142
      vertex -4.534675270318985 7.478831847023643 21.355759024620056
    endloop
  endfacet
  facet normal 0.5090414157503723 -0.860742027003943 1.4230954665938234e-17
    outer loop
      vertex -4.469453915953636 7.51740364847135 21.580252401530743
      vertex -4.3902652114629745 7.5642357177565875 21.800207503139973
      vertex -4.688484456066221 7.387869348142632 75.2956348894142
    endloop
  endfacet
  facet normal 0.5090414157503719 -0.8607420270039432 2.2517606331234766e-18
    outer loop
      vertex -4.3902652114629745 7.5642357177565875 21.800207503139973
      vertex -4.2974216639995575 7.619143238664531 22.01475626975298
      vertex -4.480327563041069 7.510972991510143 75.15825375169516
    endloop
  endfacet
  facet normal 0.5090414157503677 -0.8607420270039458 -1.7681178754324953e-17
    outer loop
      vertex -4.215344648390009 7.667683450383806 22.17584148592954
      vertex -4.480327563041069 7.510972991510143 75.15825375169516
      vertex -4.2974216639995575 7.619143238664531 22.01475626975298
    endloop
  endfacet
  facet normal 0.45399049973953826 -0.8910065241883722 0
    outer loop
      vertex -4.191289700567722 7.6799400584855215 22.223051980137825
      vertex -4.215344648390009 7.667683450383806 75.01542319865354
      vertex -4.215344648390009 7.667683450383806 22.17584148592954
    endloop
  endfacet
  facet normal 0.4539904997395518 -0.8910065241883653 7.86688671482248e-18
    outer loop
      vertex -4.072288163006306 7.740574370402031 22.42427258938551
      vertex -4.215344648390009 7.667683450383806 75.01542319865354
      vertex -4.191289700567722 7.6799400584855215 22.223051980137825
    endloop
  endfacet
  facet normal 0.45399049973954636 -0.8910065241883681 -1.0915899543624948e-17
    outer loop
      vertex -4.072288163006306 7.740574370402031 22.42427258938551
      vertex -3.9408867061138153 7.8075267567894 22.61762396991253
      vertex -4.215344648390009 7.667683450383806 75.01542319865354
    endloop
  endfacet
  facet normal 0.4539904997395464 -0.891006524188368 -6.2042436818460034e-18
    outer loop
      vertex -3.7976039052009583 7.880532990329344 22.802343040704727
      vertex -3.8702605655464746 7.843512572808031 74.87010414898396
      vertex -3.9408867061138153 7.8075267567894 22.61762396991253
    endloop
  endfacet
  facet normal 0.45399049973954775 -0.8910065241883673 -3.908722120239119e-18
    outer loop
      vertex -3.7976039052009583 7.880532990329344 22.802343040704727
      vertex -3.725568801194386 7.917236709077671 22.884050826535685
      vertex -3.8702605655464746 7.843512572808031 74.87010414898396
    endloop
  endfacet
  facet normal 0.5620833778521315 -0.8270805742745613 0
    outer loop
      vertex -4.688484456066221 7.387869348142632 75.2956348894142
      vertex -4.848861588938421 7.278877161191423 75.41764556616545
      vertex -4.688484456066221 7.387869348142632 0
    endloop
  endfacet
  facet normal 0.3971478906347813 -0.9177546256839808 0
    outer loop
      vertex -3.4093677960243283 8.054069102732234 51.656455012452625
      vertex -3.725568801194386 7.917236709077671 74.82453268490207
      vertex -3.725568801194386 7.917236709077671 22.884050826535685
    endloop
  endfacet
  facet normal 0.3971478906347691 -0.9177546256839861 1.7152320739451883e-16
    outer loop
      vertex -3.4093677960243283 8.054069102732234 49.65269498754742
      vertex -3.725568801194386 7.917236709077671 22.884050826535685
      vertex -3.40046424762695 8.057922012176899 49.40106072504523
    endloop
  endfacet
  facet normal 0.3971478906347813 -0.9177546256839809 0
    outer loop
      vertex -3.4093677960243283 8.054069102732234 49.65269498754742
      vertex -3.4093677960243283 8.054069102732234 51.656455012452625
      vertex -3.725568801194386 7.917236709077671 22.884050826535685
    endloop
  endfacet
  facet normal 0.3971478906347736 -0.9177546256839841 9.9089996714469e-18
    outer loop
      vertex -3.302343040704727 8.1003828500361 23.29760390520096
      vertex -3.2676125795012587 8.115412062661916 48.65606528003218
      vertex -3.329446498926454 8.08865413632502 48.90176061023476
    endloop
  endfacet
  facet normal 0.39714789063474165 -0.917754625683998 -1.540547983453789e-16
    outer loop
      vertex -3.302343040704727 8.1003828500361 23.29760390520096
      vertex -3.3737887172365326 8.069465544979277 49.15041954298022
      vertex -3.40046424762695 8.057922012176899 49.40106072504523
    endloop
  endfacet
  facet normal 0.3971478906348025 -0.9177546256839716 4.6286459453226645e-17
    outer loop
      vertex -3.302343040704727 8.1003828500361 23.29760390520096
      vertex -3.329446498926454 8.08865413632502 48.90176061023476
      vertex -3.3737887172365326 8.069465544979277 49.15041954298022
    endloop
  endfacet
  facet normal 0.397147890634783 -0.9177546256839803 0
    outer loop
      vertex -3.221089835990932 8.1355442515222 23.36063035235992
      vertex -3.221089835990932 8.1355442515222 48.513839556753965
      vertex -3.2676125795012587 8.115412062661916 48.65606528003218
    endloop
  endfacet
  facet normal 0.3387379202452845 -0.940880768954228 0
    outer loop
      vertex -3.221089835990932 8.1355442515222 23.36063035235992
      vertex -3.189075935823257 8.147069964789559 48.41430318583252
      vertex -3.221089835990932 8.1355442515222 48.513839556753965
    endloop
  endfacet
  facet normal 0.33873792024529664 -0.9408807689542235 -1.7711775254577444e-17
    outer loop
      vertex -3.221089835990932 8.1355442515222 23.36063035235992
      vertex -3.0946658368361897 8.181059691900867 48.17742846388819
      vertex -3.189075935823257 8.147069964789559 48.41430318583252
    endloop
  endfacet
  facet normal 0.33873792024528093 -0.9408807689542293 7.290210895434801e-17
    outer loop
      vertex -3.221089835990932 8.1355442515222 23.36063035235992
      vertex -2.9839762201335227 8.220910406031503 47.94637593854668
      vertex -3.0946658368361897 8.181059691900867 48.17742846388819
    endloop
  endfacet
  facet normal 0.3387379202452962 -0.9408807689542238 6.28899241877158e-17
    outer loop
      vertex -2.723051980137825 8.314848912709628 23.691289700567722
      vertex -2.8574439200743624 8.266464837134961 47.72205747891667
      vertex -2.9839762201335227 8.220910406031503 47.94637593854668
    endloop
  endfacet
  facet normal 0.33873792024528726 -0.9408807689542269 7.31824349680182e-18
    outer loop
      vertex -2.723051980137825 8.314848912709628 23.691289700567722
      vertex -2.715568309076213 8.31754320007829 47.50535836298468
      vertex -2.8574439200743624 8.266464837134961 47.72205747891667
    endloop
  endfacet
  facet normal 0.3387379202452689 -0.9408807689542336 1.382836869625901e-17
    outer loop
      vertex -2.723051980137825 8.314848912709628 23.691289700567722
      vertex -2.7038987007807895 8.321744517582593 47.4898476109384
      vertex -2.715568309076213 8.31754320007829 47.50535836298468
    endloop
  endfacet
  facet normal 0.2789911060392248 -0.9602936856769444 0
    outer loop
      vertex -2.7038987007807895 8.321744517582593 23.701048783654755
      vertex -2.5611920033052944 8.36320464583474 47.297133805644535
      vertex -2.7038987007807895 8.321744517582593 47.4898476109384
    endloop
  endfacet
  facet normal 0.2789911060392323 -0.9602936856769423 -4.8778263126944406e-17
    outer loop
      vertex -2.7038987007807895 8.321744517582593 23.701048783654755
      vertex -2.3930573035289573 8.412052291668324 47.09820556868317
      vertex -2.5611920033052944 8.36320464583474 47.297133805644535
    endloop
  endfacet
  facet normal 0.5090414157503644 -0.8607420270039475 -4.75747180342298e-17
    outer loop
      vertex -4.3902652114629745 7.5642357177565875 21.800207503139973
      vertex -4.66963165677106 7.399018862565056 75.28152713179588
      vertex -4.688484456066221 7.387869348142632 75.2956348894142
    endloop
  endfacet
  facet normal 0.509041415750371 -0.8607420270039439 -1.4798610922435992e-19
    outer loop
      vertex -4.3902652114629745 7.5642357177565875 21.800207503139973
      vertex -4.480327563041069 7.510972991510143 75.15825375169516
      vertex -4.66963165677106 7.399018862565056 75.28152713179588
    endloop
  endfacet
  facet normal 0.5090414157503708 -0.8607420270039441 2.740170560112533e-18
    outer loop
      vertex -4.215344648390009 7.667683450383806 22.17584148592954
      vertex -4.284367366279341 7.626863528814945 75.04831191897392
      vertex -4.480327563041069 7.510972991510143 75.15825375169516
    endloop
  endfacet
  facet normal 0.5090414157503691 -0.8607420270039449 0
    outer loop
      vertex -4.215344648390009 7.667683450383806 22.17584148592954
      vertex -4.215344648390009 7.667683450383806 75.01542319865354
      vertex -4.284367366279341 7.626863528814945 75.04831191897392
    endloop
  endfacet
  facet normal 0.4539904997395498 -0.8910065241883663 1.1398281817201966e-17
    outer loop
      vertex -3.9408867061138153 7.8075267567894 22.61762396991253
      vertex -4.080438875340779 7.736421375036109 74.95213552564383
      vertex -4.215344648390009 7.667683450383806 75.01542319865354
    endloop
  endfacet
  facet normal 0.45399049973954514 -0.8910065241883688 -4.008963947676107e-18
    outer loop
      vertex -3.9408867061138153 7.8075267567894 22.61762396991253
      vertex -3.8702605655464746 7.843512572808031 74.87010414898396
      vertex -4.080438875340779 7.736421375036109 74.95213552564383
    endloop
  endfacet
  facet normal 0.4539904997395489 -0.8910065241883668 0
    outer loop
      vertex -3.725568801194386 7.917236709077671 22.884050826535685
      vertex -3.725568801194386 7.917236709077671 74.82453268490207
      vertex -3.8702605655464746 7.843512572808031 74.87010414898396
    endloop
  endfacet
  facet normal 0.39714789063477995 -0.9177546256839814 3.5854409860417904e-17
    outer loop
      vertex -3.3737887172365326 8.069465544979277 52.15873045701983
      vertex -3.654702074257769 7.947903480272742 74.80254151672125
      vertex -3.725568801194386 7.917236709077671 74.82453268490207
    endloop
  endfacet
  facet normal 0.39714789063476946 -0.9177546256839859 -1.9075970862514294e-16
    outer loop
      vertex -3.4093677960243283 8.054069102732234 51.656455012452625
      vertex -3.40046424762695 8.057922012176899 51.90808927495482
      vertex -3.725568801194386 7.917236709077671 74.82453268490207
    endloop
  endfacet
  facet normal 0.39714789063474726 -0.9177546256839955 -5.653124293208255e-16
    outer loop
      vertex -3.3737887172365326 8.069465544979277 52.15873045701983
      vertex -3.725568801194386 7.917236709077671 74.82453268490207
      vertex -3.40046424762695 8.057922012176899 51.90808927495482
    endloop
  endfacet
  facet normal 0.3971478906348016 -0.9177546256839721 1.4564776934686103e-16
    outer loop
      vertex -3.329446498926454 8.08865413632502 52.407389389765285
      vertex -3.433438803667124 8.043652647567363 74.74971427023411
      vertex -3.3737887172365326 8.069465544979277 52.15873045701983
    endloop
  endfacet
  facet normal 0.3971478906347736 -0.9177546256839841 -9.617494142641342e-18
    outer loop
      vertex -3.2676125795012587 8.115412062661916 52.653084719967865
      vertex -3.433438803667124 8.043652647567363 74.74971427023411
      vertex -3.329446498926454 8.08865413632502 52.407389389765285
    endloop
  endfacet
  facet normal 0.39714789063478284 -0.9177546256839804 7.229156974319118e-17
    outer loop
      vertex -3.2676125795012587 8.115412062661916 52.653084719967865
      vertex -3.221089835990932 8.1355442515222 52.79531044324608
      vertex -3.433438803667124 8.043652647567363 74.74971427023411
    endloop
  endfacet
  facet normal 0.3387379202452845 -0.940880768954228 0
    outer loop
      vertex -3.189075935823257 8.147069964789559 52.89484681416752
      vertex -3.221089835990932 8.1355442515222 74.71379046114026
      vertex -3.221089835990932 8.1355442515222 52.79531044324608
    endloop
  endfacet
  facet normal 0.33873792024529675 -0.9408807689542236 2.0130613353753917e-17
    outer loop
      vertex -3.0946658368361897 8.181059691900867 53.131721536111854
      vertex -3.221089835990932 8.1355442515222 74.71379046114026
      vertex -3.189075935823257 8.147069964789559 52.89484681416752
    endloop
  endfacet
  facet normal 0.33873792024528093 -0.9408807689542293 -8.369671458406279e-17
    outer loop
      vertex -2.9839762201335227 8.220910406031503 53.362774061453365
      vertex -3.221089835990932 8.1355442515222 74.71379046114026
      vertex -3.0946658368361897 8.181059691900867 53.131721536111854
    endloop
  endfacet
  facet normal 0.33873792024529586 -0.9408807689542238 1.0190747252260264e-16
    outer loop
      vertex -2.8574439200743624 8.266464837134961 53.58709252108338
      vertex -3.221089835990932 8.1355442515222 74.71379046114026
      vertex -2.9839762201335227 8.220910406031503 53.362774061453365
    endloop
  endfacet
  facet normal 0.33873792024528726 -0.940880768954227 -1.1888026769194513e-17
    outer loop
      vertex -2.715568309076213 8.31754320007829 53.803791637015365
      vertex -2.9803822546947156 8.222204313206936 74.68904089927673
      vertex -2.8574439200743624 8.266464837134961 53.58709252108338
    endloop
  endfacet
  facet normal 0.3387379202452692 -0.9408807689542334 -2.7001915858659654e-16
    outer loop
      vertex -2.715568309076213 8.31754320007829 53.803791637015365
      vertex -2.7038987007807895 8.321744517582593 53.81930238906165
      vertex -2.9803822546947156 8.222204313206936 74.68904089927673
    endloop
  endfacet
  facet normal 0.2789911060392247 -0.9602936856769443 0
    outer loop
      vertex -2.7038987007807895 8.321744517582593 53.81930238906165
      vertex -2.5611920033052944 8.36320464583474 54.01201619435551
      vertex -2.7038987007807895 8.321744517582593 74.6814342290163
    endloop
  endfacet
  facet normal 0.39714789063478356 -0.9177546256839799 8.87588029195188e-17
    outer loop
      vertex -3.3737887172365326 8.069465544979277 52.15873045701983
      vertex -3.433438803667124 8.043652647567363 74.74971427023411
      vertex -3.654702074257769 7.947903480272742 74.80254151672125
    endloop
  endfacet
  facet normal 0.39714789063477646 -0.9177546256839829 0
    outer loop
      vertex -3.221089835990932 8.1355442515222 52.79531044324608
      vertex -3.221089835990932 8.1355442515222 74.71379046114026
      vertex -3.433438803667124 8.043652647567363 74.74971427023411
    endloop
  endfacet
  facet normal 0.3387379202453313 -0.9408807689542111 7.649273519152555e-16
    outer loop
      vertex -2.8574439200743624 8.266464837134961 53.58709252108338
      vertex -3.2093403316327604 8.139774333379037 74.7118308916688
      vertex -3.221089835990932 8.1355442515222 74.71379046114026
    endloop
  endfacet
  facet normal 0.33873792024528937 -0.9408807689542262 1.6900838330625264e-18
    outer loop
      vertex -2.8574439200743624 8.266464837134961 53.58709252108338
      vertex -2.9803822546947156 8.222204313206936 74.68904089927673
      vertex -3.2093403316327604 8.139774333379037 74.7118308916688
    endloop
  endfacet
  facet normal 0.3387379202452853 -0.9408807689542278 -3.063426598271467e-17
    outer loop
      vertex -2.7038987007807895 8.321744517582593 53.81930238906165
      vertex -2.750517011553297 8.304960892964587 74.6814342290163
      vertex -2.9803822546947156 8.222204313206936 74.68904089927673
    endloop
  endfacet
  facet normal 0.3387379202452975 -0.9408807689542235 0
    outer loop
      vertex -2.7038987007807895 8.321744517582593 53.81930238906165
      vertex -2.7038987007807895 8.321744517582593 74.6814342290163
      vertex -2.750517011553297 8.304960892964587 74.6814342290163
    endloop
  endfacet
  facet normal 0.2789911060392322 -0.9602936856769422 5.610447548454583e-17
    outer loop
      vertex -2.3930573035289573 8.412052291668324 54.210944431316875
      vertex -2.7038987007807895 8.321744517582593 74.6814342290163
      vertex -2.5611920033052944 8.36320464583474 54.01201619435551
    endloop
  endfacet
  facet normal 0.27899110603922794 -0.9602936856769434 -1.5014288070613573e-17
    outer loop
      vertex -2.211644039132998 8.464757717142758 54.39979125787022
      vertex -2.7038987007807895 8.321744517582593 74.6814342290163
      vertex -2.3930573035289573 8.412052291668324 54.210944431316875
    endloop
  endfacet
  facet normal 0.27899110603922794 -0.9602936856769435 -3.7745465434384045e-17
    outer loop
      vertex -2.3002075031399727 8.439027652323523 23.890265211462975
      vertex -2.211644039132998 8.464757717142758 46.909358742129825
      vertex -2.3930573035289573 8.412052291668324 47.09820556868317
    endloop
  endfacet
  facet normal 0.218143241396545 -0.9759167619387469 0
    outer loop
      vertex -2.1760365126924794 8.475102659875521 23.93496951610024
      vertex -2.020036038011649 8.509972897311213 46.73133860011103
      vertex -2.1760365126924794 8.475102659875521 46.87668016010895
    endloop
  endfacet
  facet normal 0.2789911060392402 -0.96029368567694 0
    outer loop
      vertex -2.1760365126924794 8.475102659875521 23.93496951610024
      vertex -2.1760365126924794 8.475102659875521 46.87668016010895
      vertex -2.211644039132998 8.464757717142758 46.909358742129825
    endloop
  endfacet
  facet normal 0.21814324139654193 -0.9759167619387477 -2.804503829003119e-17
    outer loop
      vertex -1.6395865026250904 8.595013443876026 24.08299555687111
      vertex -1.8173397508332787 8.555280885480505 46.564847724926494
      vertex -2.020036038011649 8.509972897311213 46.73133860011103
    endloop
  endfacet
  facet normal 0.21814324139654526 -0.9759167619387468 0
    outer loop
      vertex -1.6395865026250904 8.595013443876026 24.08299555687111
      vertex -1.6395865026250904 8.595013443876026 46.436388954643235
      vertex -1.8173397508332787 8.555280885480505 46.564847724926494
    endloop
  endfacet
  facet normal 0.15643446504023595 -0.9876883405951369 0
    outer loop
      vertex -1.6395865026250904 8.595013443876026 24.08299555687111
      vertex -1.604335163403033 8.600596707509402 46.4105431683779
      vertex -1.6395865026250904 8.595013443876026 46.436388954643235
    endloop
  endfacet
  facet normal 0.15643446504023045 -0.9876883405951379 9.004283211893445e-18
    outer loop
      vertex -1.6395865026250904 8.595013443876026 24.08299555687111
      vertex -1.3840424476676718 8.635487645998719 46.26903390367033
      vertex -1.604335163403033 8.600596707509402 46.4105431683779
    endloop
  endfacet
  facet normal 0.15643446504023914 -0.9876883405951363 2.6325027858218385e-18
    outer loop
      vertex -1.1639775484800339 8.67034250189163 24.14424269646406
      vertex -1.1547840097778106 8.671798615373584 46.1408784039736
      vertex -1.3840424476676718 8.635487645998719 46.26903390367033
    endloop
  endfacet
  facet normal 0.156434465040222 -0.9876883405951391 9.997413065388275e-18
    outer loop
      vertex -1.1639775484800339 8.67034250189163 24.14424269646406
      vertex -1.0966657936876623 8.681003636501682 46.11288794769882
      vertex -1.1547840097778106 8.671798615373584 46.1408784039736
    endloop
  endfacet
  facet normal 0.09410831331851303 -0.99556196460308 0
    outer loop
      vertex -1.0966657936876623 8.681003636501682 24.146358054301686
      vertex -0.9199468269352914 8.697708497157027 46.026582437050365
      vertex -1.0966657936876623 8.681003636501682 46.11288794769882
    endloop
  endfacet
  facet normal 0.09410831331851255 -0.9955619646030801 6.596617457167562e-19
    outer loop
      vertex -0.549417045881492 8.732733873747376 24.151585772633553
      vertex -0.6788889936186461 8.720495171329226 45.9265970834017
      vertex -0.9199468269352914 8.697708497157027 46.026582437050365
    endloop
  endfacet
  facet normal 0.09410831331851242 -0.9955619646030802 0
    outer loop
      vertex -0.549417045881492 8.732733873747376 24.151585772633553
      vertex -0.549417045881492 8.732733873747376 45.88191901473283
      vertex -0.6788889936186461 8.720495171329226 45.9265970834017
    endloop
  endfacet
  facet normal 0.03141075907813059 -0.9995065603657314 0
    outer loop
      vertex -0.549417045881492 8.732733873747376 24.151585772633553
      vertex -0.43334559202003 8.736381566136465 45.84131693322661
      vertex -0.549417045881492 8.732733873747376 45.88191901473283
    endloop
  endfacet
  facet normal 0.03141075907812653 -0.9995065603657316 -1.6477585928931798e-17
    outer loop
      vertex 0 8.75 24.151585772633553
      vertex -0.18452027074437669 8.744201216881196 45.771078551602386
      vertex -0.43334559202003 8.736381566136465 45.84131693322661
    endloop
  endfacet
  facet normal 0.031410759078128465 -0.9995065603657315 0
    outer loop
      vertex 0 8.75 24.151585772633553
      vertex 0 8.75 45.73100418075302
      vertex -0.18452027074437669 8.744201216881196 45.771078551602386
    endloop
  endfacet
  facet normal 0.27899110603924 -0.96029368567694 3.012334010765592e-16
    outer loop
      vertex -2.211644039132998 8.464757717142758 54.39979125787022
      vertex -2.1760365126924794 8.475102659875521 54.4324698398911
      vertex -2.7038987007807895 8.321744517582593 74.6814342290163
    endloop
  endfacet
  facet normal 0.21814324139654498 -0.9759167619387469 0
    outer loop
      vertex -2.020036038011649 8.509972897311213 54.577811399889015
      vertex -2.1760365126924794 8.475102659875521 74.6814342290163
      vertex -2.1760365126924794 8.475102659875521 54.4324698398911
    endloop
  endfacet
  facet normal 0.2181432413965419 -0.9759167619387474 -2.4769363932396123e-17
    outer loop
      vertex -1.8173397508332787 8.555280885480505 54.74430227507355
      vertex -2.1760365126924794 8.475102659875521 74.6814342290163
      vertex -2.020036038011649 8.509972897311213 54.577811399889015
    endloop
  endfacet
  facet normal 0.21814324139654523 -0.9759167619387468 3.772614918979598e-17
    outer loop
      vertex -1.6395865026250904 8.595013443876026 54.87276104535681
      vertex -2.1760365126924794 8.475102659875521 74.6814342290163
      vertex -1.8173397508332787 8.555280885480505 54.74430227507355
    endloop
  endfacet
  facet normal 0.15643446504023598 -0.987688340595137 0
    outer loop
      vertex -1.6395865026250904 8.595013443876026 54.87276104535681
      vertex -1.604335163403033 8.600596707509402 54.898606831622146
      vertex -1.6395865026250904 8.595013443876026 74.6814342290163
    endloop
  endfacet
  facet normal 0.15643446504023042 -0.9876883405951379 -1.0210292930852429e-17
    outer loop
      vertex -1.3840424476676718 8.635487645998719 55.04011609632971
      vertex -1.6395865026250904 8.595013443876026 74.6814342290163
      vertex -1.604335163403033 8.600596707509402 54.898606831622146
    endloop
  endfacet
  facet normal 0.1564344650402391 -0.9876883405951364 1.0577063447971828e-16
    outer loop
      vertex -1.1547840097778106 8.671798615373584 55.16827159602644
      vertex -1.6395865026250904 8.595013443876026 74.6814342290163
      vertex -1.3840424476676718 8.635487645998719 55.04011609632971
    endloop
  endfacet
  facet normal 0.15643446504022213 -0.987688340595139 -3.2695546711570377e-16
    outer loop
      vertex -1.0966657936876623 8.681003636501682 55.19626205230122
      vertex -1.6395865026250904 8.595013443876026 74.6814342290163
      vertex -1.1547840097778106 8.671798615373584 55.16827159602644
    endloop
  endfacet
  facet normal 0.27899110603922933 -0.9602936856769431 0
    outer loop
      vertex -2.1760365126924794 8.475102659875521 54.4324698398911
      vertex -2.1760365126924794 8.475102659875521 74.6814342290163
      vertex -2.7038987007807895 8.321744517582593 74.6814342290163
    endloop
  endfacet
  facet normal 0.21814324139654392 -0.9759167619387471 0
    outer loop
      vertex -1.6395865026250904 8.595013443876026 54.87276104535681
      vertex -1.6395865026250904 8.595013443876026 74.6814342290163
      vertex -2.1760365126924794 8.475102659875521 74.6814342290163
    endloop
  endfacet
  facet normal 0.15643446504023356 -0.9876883405951372 0
    outer loop
      vertex -1.0966657936876623 8.681003636501682 55.19626205230122
      vertex -1.0966657936876623 8.681003636501682 74.6814342290163
      vertex -1.6395865026250904 8.595013443876026 74.6814342290163
    endloop
  endfacet
  facet normal 0.09410831331851306 -0.9955619646030802 0
    outer loop
      vertex -0.9199468269352914 8.697708497157027 55.28256756294968
      vertex -1.0966657936876623 8.681003636501682 74.6814342290163
      vertex -1.0966657936876623 8.681003636501682 55.19626205230122
    endloop
  endfacet
  facet normal 0.09410831331851255 -0.9955619646030801 -4.783066276639337e-18
    outer loop
      vertex -0.6788889936186461 8.720495171329226 55.38255291659834
      vertex -1.0966657936876623 8.681003636501682 74.6814342290163
      vertex -0.9199468269352914 8.697708497157027 55.28256756294968
    endloop
  endfacet
  facet normal 0.09410831331851242 -0.9955619646030802 2.755565825397305e-18
    outer loop
      vertex -0.549417045881492 8.732733873747376 55.427230985267215
      vertex -0.8646235174158564 8.70293808961956 74.6814342290163
      vertex -0.6788889936186461 8.720495171329226 55.38255291659834
    endloop
  endfacet
  facet normal 0.031410759078130596 -0.9995065603657315 0
    outer loop
      vertex -0.43334559202003 8.736381566136465 55.46783306677344
      vertex -0.549417045881492 8.732733873747376 74.69589087228053
      vertex -0.549417045881492 8.732733873747376 55.427230985267215
    endloop
  endfacet
  facet normal 0.03141075907812654 -0.9995065603657315 -2.4510705011658522e-17
    outer loop
      vertex -0.18452027074437669 8.744201216881196 55.53807144839766
      vertex -0.549417045881492 8.732733873747376 74.69589087228053
      vertex -0.43334559202003 8.736381566136465 55.46783306677344
    endloop
  endfacet
  facet normal 0.03141075907812846 -0.9995065603657316 1.1967378335158734e-17
    outer loop
      vertex 0 8.75 55.57814581924703
      vertex -0.549417045881492 8.732733873747376 74.69589087228053
      vertex -0.18452027074437669 8.744201216881196 55.53807144839766
    endloop
  endfacet
  facet normal 0.09410831331851327 -0.9955619646030802 1.0991175932110623e-17
    outer loop
      vertex -0.6788889936186461 8.720495171329226 55.38255291659834
      vertex -0.8646235174158564 8.70293808961956 74.6814342290163
      vertex -1.0966657936876623 8.681003636501682 74.6814342290163
    endloop
  endfacet
  facet normal 0.09410831331851367 -0.99556196460308 2.3467452272003928e-17
    outer loop
      vertex -0.549417045881492 8.732733873747376 55.427230985267215
      vertex -0.6220418941063719 8.725868804354954 74.68904089927673
      vertex -0.8646235174158564 8.70293808961956 74.6814342290163
    endloop
  endfacet
  facet normal 0.09410831331850754 -0.9955619646030807 0
    outer loop
      vertex -0.549417045881492 8.732733873747376 55.427230985267215
      vertex -0.549417045881492 8.732733873747376 74.69589087228053
      vertex -0.6220418941063719 8.725868804354954 74.68904089927673
    endloop
  endfacet
  facet normal 0.03141075907812718 -0.9995065603657316 -2.456057953937702e-17
    outer loop
      vertex 0 8.75 55.57814581924703
      vertex -0.37816593292106937 8.73811565678349 74.7118308916688
      vertex -0.549417045881492 8.732733873747376 74.69589087228053
    endloop
  endfacet
  facet normal 0.03141075907813025 -0.9995065603657314 3.593600671350386e-17
    outer loop
      vertex 0 8.75 55.57814581924703
      vertex -0.13525875158374703 8.745749322488038 74.74971427023411
      vertex -0.37816593292106937 8.73811565678349 74.7118308916688
    endloop
  endfacet
  facet normal 0.03141075907812516 -0.9995065603657317 0
    outer loop
      vertex 0 8.75 55.57814581924703
      vertex 0 8.75 74.77948504555837
      vertex -0.13525875158374703 8.745749322488038 74.74971427023411
    endloop
  endfacet
  facet normal 0.9995065603657316 -0.03141075907812809 0
    outer loop
      vertex -8.75 0 152.19451663
      vertex -8.732733873747376 0.5494170458814912 0
      vertex -8.732733873747376 0.5494170458814912 152.19451663
    endloop
  endfacet
  facet normal 0.9955619646030802 -0.09410831331851251 0
    outer loop
      vertex -8.732733873747376 0.5494170458814912 152.19451663
      vertex -8.681003636501682 1.0966657936876625 0
      vertex -8.681003636501682 1.0966657936876625 152.19451663
    endloop
  endfacet
  facet normal 0.9876883405951372 -0.15643446504023373 0
    outer loop
      vertex -8.681003636501682 1.0966657936876625 152.19451663
      vertex -8.595013443876026 1.63958650262509 0
      vertex -8.595013443876026 1.63958650262509 152.19451663
    endloop
  endfacet
  facet normal 0.9759167619387471 -0.21814324139654356 0
    outer loop
      vertex -8.595013443876026 1.63958650262509 152.19451663
      vertex -8.475102659875521 2.17603651269248 0
      vertex -8.475102659875521 2.17603651269248 152.19451663
    endloop
  endfacet
  facet normal 0.960293685676943 -0.2789911060392295 0
    outer loop
      vertex -8.475102659875521 2.17603651269248 152.19451663
      vertex -8.321744517582593 2.7038987007807895 0
      vertex -8.321744517582593 2.7038987007807895 152.19451663
    endloop
  endfacet
  facet normal 0.9408807689542261 -0.3387379202452897 0
    outer loop
      vertex -8.321744517582593 2.7038987007807895 152.19451663
      vertex -8.1355442515222 3.2210898359909312 0
      vertex -8.1355442515222 3.2210898359909312 152.19451663
    endloop
  endfacet
  facet normal 0.9177546256839811 -0.3971478906347805 0
    outer loop
      vertex -8.1355442515222 3.2210898359909312 152.19451663
      vertex -7.91723670907767 3.7255688011943864 0
      vertex -7.91723670907767 3.7255688011943864 152.19451663
    endloop
  endfacet
  facet normal 0.8910065241883677 -0.4539904997395472 0
    outer loop
      vertex -7.91723670907767 3.7255688011943864 152.19451663
      vertex -7.667683450383806 4.215344648390008 0
      vertex -7.667683450383806 4.215344648390008 152.19451663
    endloop
  endfacet
  facet normal 0.8607420270039446 -0.5090414157503695 0
    outer loop
      vertex -7.667683450383806 4.215344648390008 152.19451663
      vertex -7.387869348142632 4.688484456066221 0
      vertex -7.387869348142632 4.688484456066221 152.19451663
    endloop
  endfacet
  facet normal 0.8270805742745616 -0.5620833778521308 0
    outer loop
      vertex -7.387869348142632 4.688484456066221 152.19451663
      vertex -7.07889870078079 5.14312095755914 0
      vertex -7.07889870078079 5.14312095755914 152.19451663
    endloop
  endfacet
  facet normal 0.7071067811865476 -0.7071067811865476 0
    outer loop
      vertex -6.230778028686558 6.1374846381268195 80.46371315419674
      vertex -6.378475489937351 5.9897871768760265 152.19451663
      vertex -6.378475489937351 5.9897871768760265 0
    endloop
  endfacet
  facet normal 0.7901550123756896 -0.6129070536529774 0
    outer loop
      vertex -7.07889870078079 5.14312095755914 152.19451663
      vertex -6.741990874288155 5.577459910301036 0
      vertex -6.741990874288155 5.577459910301036 152.19451663
    endloop
  endfacet
  facet normal 0.7501110696304601 -0.661311865323651 0
    outer loop
      vertex -6.741990874288155 5.577459910301036 152.19451663
      vertex -6.378475489937351 5.9897871768760265 0
      vertex -6.378475489937351 5.9897871768760265 152.19451663
    endloop
  endfacet
  facet normal 0.7071067811865476 -0.7071067811865476 0
    outer loop
      vertex -6.230778028686558 6.1374846381268195 80.46371315419674
      vertex -6.22436463071007 6.143898036103307 80.70576135069132
      vertex -5.9897871768760265 6.378475489937351 152.19451663
    endloop
  endfacet
  facet normal 0.7071067811865476 -0.7071067811865476 0
    outer loop
      vertex -6.22436463071007 6.143898036103307 80.70576135069132
      vertex -6.2051497461301865 6.163112920683191 80.94685430079699
      vertex -5.9897871768760265 6.378475489937351 152.19451663
    endloop
  endfacet
  facet normal 0.7071067811865475 -0.7071067811865475 0
    outer loop
      vertex -6.2051497461301865 6.163112920683191 80.94685430079699
      vertex -6.173209202486914 6.195053464326463 81.18604050576687
      vertex -5.9897871768760265 6.378475489937351 152.19451663
    endloop
  endfacet
  facet normal 0.7071067811865475 -0.7071067811865475 0
    outer loop
      vertex -6.173209202486914 6.195053464326463 81.18604050576687
      vertex -6.128669062829955 6.2395936039834226 81.42237601429224
      vertex -5.9897871768760265 6.378475489937351 152.19451663
    endloop
  endfacet
  facet normal 0.7071067811865476 -0.7071067811865476 0
    outer loop
      vertex -6.128669062829955 6.2395936039834226 81.42237601429224
      vertex -6.071705104329766 6.296557562483612 81.65492812544107
      vertex -5.9897871768760265 6.378475489937351 152.19451663
    endloop
  endfacet
  facet normal 0.7071067811865475 -0.7071067811865475 0
    outer loop
      vertex -6.071705104329766 6.296557562483612 81.65492812544107
      vertex -6.002542139843767 6.365720526969611 81.88277904689312
      vertex -5.9897871768760265 6.378475489937351 152.19451663
    endloop
  endfacet
  facet normal 0.7071067811865476 -0.7071067811865476 0
    outer loop
      vertex -6.002542139843767 6.365720526969611 81.88277904689312
      vertex -5.9897871768760265 6.378475489937351 81.91773811952481
      vertex -5.9897871768760265 6.378475489937351 152.19451663
    endloop
  endfacet
  facet normal 0.6613118653236509 -0.7501110696304604 0
    outer loop
      vertex -5.920005006913951 6.439996748391365 82.10502956807613
      vertex -5.9897871768760265 6.378475489937351 152.19451663
      vertex -5.9897871768760265 6.378475489937351 81.91773811952481
    endloop
  endfacet
  facet normal 0.6613118653236524 -0.7501110696304591 -1.0313541807284198e-17
    outer loop
      vertex -5.920005006913951 6.439996748391365 82.10502956807613
      vertex -5.825345596460367 6.523450244589383 82.32080256193876
      vertex -5.577459910301036 6.741990874288155 152.19451663
    endloop
  endfacet
  facet normal 0.6613118653236515 -0.7501110696304598 -5.654031823594521e-18
    outer loop
      vertex -5.825345596460367 6.523450244589383 82.32080256193876
      vertex -5.719207785254844 6.617023312300906 82.52924647927284
      vertex -5.577459910301036 6.741990874288155 152.19451663
    endloop
  endfacet
  facet normal 0.6613118653236503 -0.7501110696304608 -1.239470680791617e-18
    outer loop
      vertex -5.602010441619883 6.720346669425065 82.72953867167234
      vertex -5.577459910301036 6.741990874288155 152.19451663
      vertex -5.719207785254844 6.617023312300906 82.52924647927284
    endloop
  endfacet
  facet normal 0.6613118653236484 -0.7501110696304627 0
    outer loop
      vertex -5.577459910301036 6.741990874288155 82.76629885967373
      vertex -5.577459910301036 6.741990874288155 152.19451663
      vertex -5.602010441619883 6.720346669425065 82.72953867167234
    endloop
  endfacet
  facet normal 0.6129070536529785 -0.7901550123756889 0
    outer loop
      vertex -5.472220295806113 6.823623087002627 82.92088868469
      vertex -5.577459910301036 6.741990874288155 152.19451663
      vertex -5.577459910301036 6.741990874288155 82.76629885967373
    endloop
  endfacet
  facet normal 0.6129070536529746 -0.7901550123756917 1.784766513516089e-17
    outer loop
      vertex -5.331667816890762 6.932646765124497 83.10254135727882
      vertex -5.14312095755914 7.07889870078079 152.19451663
      vertex -5.472220295806113 6.823623087002627 82.92088868469
    endloop
  endfacet
  facet normal 0.612907053652978 -0.7901550123756891 3.707731533320037e-18
    outer loop
      vertex -5.331667816890762 6.932646765124497 83.10254135727882
      vertex -5.1813822778389405 7.049220178574042 83.27377977222204
      vertex -5.14312095755914 7.07889870078079 152.19451663
    endloop
  endfacet
  facet normal 0.612907053652982 -0.7901550123756861 0
    outer loop
      vertex -5.14312095755914 7.07889870078079 83.31221457716697
      vertex -5.14312095755914 7.07889870078079 152.19451663
      vertex -5.1813822778389405 7.049220178574042 83.27377977222204
    endloop
  endfacet
  facet normal 0.562083377852132 -0.8270805742745608 0
    outer loop
      vertex -5.14312095755914 7.07889870078079 83.31221457716697
      vertex -5.019794634280352 7.162711183533666 83.43392813950777
      vertex -5.14312095755914 7.07889870078079 152.19451663
    endloop
  endfacet
  facet normal 0.5620833778521295 -0.8270805742745626 6.864696474633971e-18
    outer loop
      vertex -4.688484456066221 7.387869348142632 152.19451663
      vertex -5.019794634280352 7.162711183533666 83.43392813950777
      vertex -4.848861588938421 7.278877161191423 83.58235443383455
    endloop
  endfacet
  facet normal 0.7071067811865475 -0.7071067811865475 0
    outer loop
      vertex -6.230778028686558 6.1374846381268195 80.46371315419674
      vertex -5.9897871768760265 6.378475489937351 152.19451663
      vertex -6.378475489937351 5.9897871768760265 152.19451663
    endloop
  endfacet
  facet normal 0.6613118653236512 -0.7501110696304601 4.502574357583218e-19
    outer loop
      vertex -5.920005006913951 6.439996748391365 82.10502956807613
      vertex -5.577459910301036 6.741990874288155 152.19451663
      vertex -5.9897871768760265 6.378475489937351 152.19451663
    endloop
  endfacet
  facet normal 0.6129070536529774 -0.7901550123756896 -2.551137517454427e-18
    outer loop
      vertex -5.472220295806113 6.823623087002627 82.92088868469
      vertex -5.14312095755914 7.07889870078079 152.19451663
      vertex -5.577459910301036 6.741990874288155 152.19451663
    endloop
  endfacet
  facet normal 0.5620833778521308 -0.8270805742745616 -3.3045070811438348e-18
    outer loop
      vertex -4.688484456066221 7.387869348142632 152.19451663
      vertex -5.14312095755914 7.07889870078079 152.19451663
      vertex -5.019794634280352 7.162711183533666 83.43392813950777
    endloop
  endfacet
  facet normal 0.5620833778521315 -0.8270805742745613 0
    outer loop
      vertex -4.688484456066221 7.387869348142632 83.7043651105858
      vertex -4.688484456066221 7.387869348142632 152.19451663
      vertex -4.848861588938421 7.278877161191423 83.58235443383455
    endloop
  endfacet
  facet normal 0.5090414157503641 -0.8607420270039479 0
    outer loop
      vertex -4.66963165677106 7.399018862565056 83.71847286820412
      vertex -4.688484456066221 7.387869348142632 152.19451663
      vertex -4.688484456066221 7.387869348142632 83.7043651105858
    endloop
  endfacet
  facet normal 0.5090414157503709 -0.860742027003944 -3.7019868109620544e-18
    outer loop
      vertex -4.66963165677106 7.399018862565056 83.71847286820412
      vertex -4.480327563041069 7.510972991510143 83.84174624830484
      vertex -4.215344648390009 7.667683450383806 152.19451663
    endloop
  endfacet
  facet normal 0.5090414157503707 -0.860742027003944 -2.23436894043326e-18
    outer loop
      vertex -4.284367366279341 7.626863528814945 83.95168808102608
      vertex -4.215344648390009 7.667683450383806 152.19451663
      vertex -4.480327563041069 7.510972991510143 83.84174624830484
    endloop
  endfacet
  facet normal 0.509041415750369 -0.860742027003945 0
    outer loop
      vertex -4.215344648390009 7.667683450383806 83.98457680134646
      vertex -4.215344648390009 7.667683450383806 152.19451663
      vertex -4.284367366279341 7.626863528814945 83.95168808102608
    endloop
  endfacet
  facet normal 0.45399049973954975 -0.8910065241883665 0
    outer loop
      vertex -4.080438875340779 7.736421375036109 84.04786447435617
      vertex -4.215344648390009 7.667683450383806 152.19451663
      vertex -4.215344648390009 7.667683450383806 83.98457680134646
    endloop
  endfacet
  facet normal 0.4539904997395452 -0.8910065241883688 9.94832858093353e-18
    outer loop
      vertex -4.080438875340779 7.736421375036109 84.04786447435617
      vertex -3.8702605655464746 7.843512572808031 84.12989585101604
      vertex -3.725568801194386 7.917236709077671 152.19451663
    endloop
  endfacet
  facet normal 0.4539904997395489 -0.8910065241883669 0
    outer loop
      vertex -3.8702605655464746 7.843512572808031 84.12989585101604
      vertex -3.725568801194386 7.917236709077671 84.17546731509793
      vertex -3.725568801194386 7.917236709077671 152.19451663
    endloop
  endfacet
  facet normal 0.39714789063477973 -0.9177546256839815 0
    outer loop
      vertex -3.654702074257769 7.947903480272742 84.19745848327875
      vertex -3.725568801194386 7.917236709077671 152.19451663
      vertex -3.725568801194386 7.917236709077671 84.17546731509793
    endloop
  endfacet
  facet normal 0.39714789063478356 -0.9177546256839799 -2.607079143065419e-17
    outer loop
      vertex -3.433438803667124 8.043652647567363 84.25028572976589
      vertex -3.221089835990932 8.1355442515222 152.19451663
      vertex -3.654702074257769 7.947903480272742 84.19745848327875
    endloop
  endfacet
  facet normal 0.3971478906347765 -0.9177546256839829 0
    outer loop
      vertex -3.433438803667124 8.043652647567363 84.25028572976589
      vertex -3.221089835990932 8.1355442515222 84.28620953885974
      vertex -3.221089835990932 8.1355442515222 152.19451663
    endloop
  endfacet
  facet normal 0.33873792024532984 -0.9408807689542116 0
    outer loop
      vertex -3.2093403316327604 8.139774333379037 84.2881691083312
      vertex -3.221089835990932 8.1355442515222 152.19451663
      vertex -3.221089835990932 8.1355442515222 84.28620953885974
    endloop
  endfacet
  facet normal 0.33873792024528937 -0.9408807689542263 -9.455029687934986e-18
    outer loop
      vertex -2.9803822546947156 8.222204313206936 84.31095910072327
      vertex -2.7038987007807895 8.321744517582593 152.19451663
      vertex -3.2093403316327604 8.139774333379037 84.2881691083312
    endloop
  endfacet
  facet normal 0.3387379202452852 -0.9408807689542277 9.441319483795478e-18
    outer loop
      vertex -2.750517011553297 8.304960892964587 84.3185657709837
      vertex -2.7038987007807895 8.321744517582593 152.19451663
      vertex -2.9803822546947156 8.222204313206936 84.31095910072327
    endloop
  endfacet
  facet normal 0.3387379202452974 -0.9408807689542233 0
    outer loop
      vertex -2.750517011553297 8.304960892964587 84.3185657709837
      vertex -2.7038987007807895 8.321744517582593 84.3185657709837
      vertex -2.7038987007807895 8.321744517582593 152.19451663
    endloop
  endfacet
  facet normal 0.27899110603922933 -0.9602936856769431 0
    outer loop
      vertex -2.1760365126924794 8.475102659875521 84.3185657709837
      vertex -2.1760365126924794 8.475102659875521 152.19451663
      vertex -2.7038987007807895 8.321744517582593 84.3185657709837
    endloop
  endfacet
  facet normal 0.21814324139654392 -0.9759167619387471 0
    outer loop
      vertex -1.6395865026250904 8.595013443876026 84.3185657709837
      vertex -1.6395865026250904 8.595013443876026 152.19451663
      vertex -2.1760365126924794 8.475102659875521 84.3185657709837
    endloop
  endfacet
  facet normal 0.15643446504023356 -0.9876883405951372 0
    outer loop
      vertex -1.0966657936876623 8.681003636501682 84.3185657709837
      vertex -1.0966657936876623 8.681003636501682 152.19451663
      vertex -1.6395865026250904 8.595013443876026 84.3185657709837
    endloop
  endfacet
  facet normal 0.09410831331851326 -0.9955619646030801 -4.715024608743928e-18
    outer loop
      vertex -0.8646235174158564 8.70293808961956 84.3185657709837
      vertex -0.549417045881492 8.732733873747376 152.19451663
      vertex -1.0966657936876623 8.681003636501682 84.3185657709837
    endloop
  endfacet
  facet normal 0.09410831331851369 -0.9955619646030801 -6.6462926935633916e-18
    outer loop
      vertex -0.6220418941063719 8.725868804354954 84.31095910072327
      vertex -0.549417045881492 8.732733873747376 152.19451663
      vertex -0.8646235174158564 8.70293808961956 84.3185657709837
    endloop
  endfacet
  facet normal 0.09410831331850752 -0.9955619646030807 0
    outer loop
      vertex -0.549417045881492 8.732733873747376 84.30410912771941
      vertex -0.549417045881492 8.732733873747376 152.19451663
      vertex -0.6220418941063719 8.725868804354954 84.31095910072327
    endloop
  endfacet
  facet normal 0.031410759078127175 -0.9995065603657316 7.00398049426336e-18
    outer loop
      vertex -0.37816593292106937 8.73811565678349 84.2881691083312
      vertex 0 8.75 152.19451663
      vertex -0.549417045881492 8.732733873747376 84.30410912771941
    endloop
  endfacet
  facet normal 0.031410759078130256 -0.9995065603657316 -1.0147934497730161e-17
    outer loop
      vertex -0.13525875158374703 8.745749322488038 84.25028572976589
      vertex 0 8.75 152.19451663
      vertex -0.37816593292106937 8.73811565678349 84.2881691083312
    endloop
  endfacet
  facet normal 0.031410759078125156 -0.9995065603657316 0
    outer loop
      vertex 0 8.75 84.22051495444163
      vertex 0 8.75 152.19451663
      vertex -0.13525875158374703 8.745749322488038 84.25028572976589
    endloop
  endfacet
  facet normal 0.5090414157503702 -0.8607420270039443 2.235202390127942e-18
    outer loop
      vertex -4.66963165677106 7.399018862565056 83.71847286820412
      vertex -4.215344648390009 7.667683450383806 152.19451663
      vertex -4.688484456066221 7.387869348142632 152.19451663
    endloop
  endfacet
  facet normal 0.4539904997395475 -0.8910065241883676 -5.557129229950743e-18
    outer loop
      vertex -4.080438875340779 7.736421375036109 84.04786447435617
      vertex -3.725568801194386 7.917236709077671 152.19451663
      vertex -4.215344648390009 7.667683450383806 152.19451663
    endloop
  endfacet
  facet normal 0.39714789063478007 -0.9177546256839815 3.2487903895806557e-19
    outer loop
      vertex -3.654702074257769 7.947903480272742 84.19745848327875
      vertex -3.221089835990932 8.1355442515222 152.19451663
      vertex -3.725568801194386 7.917236709077671 152.19451663
    endloop
  endfacet
  facet normal 0.33873792024528915 -0.9408807689542262 -7.946932314502929e-18
    outer loop
      vertex -3.2093403316327604 8.139774333379037 84.2881691083312
      vertex -2.7038987007807895 8.321744517582593 152.19451663
      vertex -3.221089835990932 8.1355442515222 152.19451663
    endloop
  endfacet
  facet normal 0.27899110603922933 -0.9602936856769431 0
    outer loop
      vertex -2.1760365126924794 8.475102659875521 152.19451663
      vertex -2.7038987007807895 8.321744517582593 152.19451663
      vertex -2.7038987007807895 8.321744517582593 84.3185657709837
    endloop
  endfacet
  facet normal 0.21814324139654392 -0.9759167619387471 0
    outer loop
      vertex -2.1760365126924794 8.475102659875521 84.3185657709837
      vertex -1.6395865026250904 8.595013443876026 152.19451663
      vertex -2.1760365126924794 8.475102659875521 152.19451663
    endloop
  endfacet
  facet normal 0.15643446504023356 -0.9876883405951372 0
    outer loop
      vertex -1.6395865026250904 8.595013443876026 84.3185657709837
      vertex -1.0966657936876623 8.681003636501682 152.19451663
      vertex -1.6395865026250904 8.595013443876026 152.19451663
    endloop
  endfacet
  facet normal 0.09410831331851267 -0.9955619646030802 0
    outer loop
      vertex -1.0966657936876623 8.681003636501682 84.3185657709837
      vertex -0.549417045881492 8.732733873747376 152.19451663
      vertex -1.0966657936876623 8.681003636501682 152.19451663
    endloop
  endfacet
  facet normal 0.03141075907812804 -0.9995065603657316 0
    outer loop
      vertex -0.549417045881492 8.732733873747376 84.30410912771941
      vertex 0 8.75 152.19451663
      vertex -0.549417045881492 8.732733873747376 152.19451663
    endloop
  endfacet
  facet normal -0.03141075907812809 0.9995065603657316 0
    outer loop
      vertex 0.5494170458814912 -8.732733873747376 152.19451663
      vertex 0.5494170458814912 -8.732733873747376 0
      vertex 0 -8.75 0
    endloop
  endfacet
  facet normal -0.09410831331851285 0.9955619646030802 0
    outer loop
      vertex 1.0966657936876605 -8.681003636501682 152.19451663
      vertex 1.0966657936876605 -8.681003636501682 0
      vertex 0.5494170458814912 -8.732733873747376 0
    endloop
  endfacet
  facet normal -0.15643446504023256 0.9876883405951374 0
    outer loop
      vertex 1.6395865026250922 -8.595013443876026 152.19451663
      vertex 1.6395865026250922 -8.595013443876026 0
      vertex 1.0966657936876605 -8.681003636501682 0
    endloop
  endfacet
  facet normal -0.21814324139654445 0.975916761938747 0
    outer loop
      vertex 2.17603651269248 -8.475102659875521 152.19451663
      vertex 2.17603651269248 -8.475102659875521 0
      vertex 1.6395865026250922 -8.595013443876026 0
    endloop
  endfacet
  facet normal -0.2789911060392295 0.960293685676943 0
    outer loop
      vertex 2.7038987007807895 -8.321744517582593 152.19451663
      vertex 2.7038987007807895 -8.321744517582593 0
      vertex 2.17603651269248 -8.475102659875521 0
    endloop
  endfacet
  facet normal -0.3387379202452897 0.9408807689542261 0
    outer loop
      vertex 3.2210898359909312 -8.1355442515222 152.19451663
      vertex 3.2210898359909312 -8.1355442515222 0
      vertex 2.7038987007807895 -8.321744517582593 0
    endloop
  endfacet
  facet normal -0.39714789063478095 0.9177546256839811 0
    outer loop
      vertex 3.7255688011943837 -7.917236709077671 152.19451663
      vertex 3.7255688011943837 -7.917236709077671 0
      vertex 3.2210898359909312 -8.1355442515222 0
    endloop
  endfacet
  facet normal -0.45399049973954714 0.8910065241883676 0
    outer loop
      vertex 4.215344648390009 -7.667683450383805 152.19451663
      vertex 4.215344648390009 -7.667683450383805 0
      vertex 3.7255688011943837 -7.917236709077671 0
    endloop
  endfacet
  facet normal -0.5090414157503708 0.860742027003944 0
    outer loop
      vertex 4.688484456066222 -7.3878693481426305 152.19451663
      vertex 4.688484456066222 -7.3878693481426305 0
      vertex 4.215344648390009 -7.667683450383805 0
    endloop
  endfacet
  facet normal -0.5620833778521294 0.8270805742745626 0
    outer loop
      vertex 5.14312095755914 -7.07889870078079 152.19451663
      vertex 5.14312095755914 -7.07889870078079 0
      vertex 4.688484456066222 -7.3878693481426305 0
    endloop
  endfacet
  facet normal -0.6129070536529762 0.7901550123756906 0
    outer loop
      vertex 5.577459910301035 -6.741990874288157 152.19451663
      vertex 5.577459910301035 -6.741990874288157 0
      vertex 5.14312095755914 -7.07889870078079 0
    endloop
  endfacet
  facet normal -0.6613118653236528 0.7501110696304587 0
    outer loop
      vertex 5.989787176876025 -6.378475489937352 152.19451663
      vertex 5.989787176876025 -6.378475489937352 0
      vertex 5.577459910301035 -6.741990874288157 0
    endloop
  endfacet
  facet normal -0.7071067811865476 0.7071067811865476 0
    outer loop
      vertex 6.378475489937352 -5.989787176876025 152.19451663
      vertex 6.378475489937352 -5.989787176876025 0
      vertex 5.989787176876025 -6.378475489937352 0
    endloop
  endfacet
  facet normal -0.7501110696304587 0.6613118653236528 0
    outer loop
      vertex 6.741990874288157 -5.577459910301035 152.19451663
      vertex 6.741990874288157 -5.577459910301035 0
      vertex 6.378475489937352 -5.989787176876025 0
    endloop
  endfacet
  facet normal -0.7901550123756906 0.6129070536529762 0
    outer loop
      vertex 7.07889870078079 -5.14312095755914 152.19451663
      vertex 7.07889870078079 -5.14312095755914 0
      vertex 6.741990874288157 -5.577459910301035 0
    endloop
  endfacet
  facet normal -0.8270805742745626 0.5620833778521294 0
    outer loop
      vertex 7.3878693481426305 -4.688484456066222 152.19451663
      vertex 7.3878693481426305 -4.688484456066222 0
      vertex 7.07889870078079 -5.14312095755914 0
    endloop
  endfacet
  facet normal -0.860742027003944 0.5090414157503708 0
    outer loop
      vertex 7.667683450383805 -4.215344648390009 152.19451663
      vertex 7.667683450383805 -4.215344648390009 0
      vertex 7.3878693481426305 -4.688484456066222 0
    endloop
  endfacet
  facet normal -0.8910065241883676 0.45399049973954714 0
    outer loop
      vertex 7.917236709077671 -3.7255688011943837 152.19451663
      vertex 7.917236709077671 -3.7255688011943837 0
      vertex 7.667683450383805 -4.215344648390009 0
    endloop
  endfacet
  facet normal -0.9177546256839811 0.39714789063478095 0
    outer loop
      vertex 8.1355442515222 -3.2210898359909312 152.19451663
      vertex 8.1355442515222 -3.2210898359909312 0
      vertex 7.917236709077671 -3.7255688011943837 0
    endloop
  endfacet
  facet normal -0.9408807689542261 0.3387379202452897 0
    outer loop
      vertex 8.321744517582593 -2.7038987007807895 152.19451663
      vertex 8.321744517582593 -2.7038987007807895 0
      vertex 8.1355442515222 -3.2210898359909312 0
    endloop
  endfacet
  facet normal -0.960293685676943 0.2789911060392295 0
    outer loop
      vertex 8.475102659875521 -2.17603651269248 152.19451663
      vertex 8.475102659875521 -2.17603651269248 0
      vertex 8.321744517582593 -2.7038987007807895 0
    endloop
  endfacet
  facet normal -0.975916761938747 0.21814324139654445 0
    outer loop
      vertex 8.595013443876026 -1.6395865026250922 152.19451663
      vertex 8.595013443876026 -1.6395865026250922 0
      vertex 8.475102659875521 -2.17603651269248 0
    endloop
  endfacet
  facet normal -0.9876883405951374 0.15643446504023256 0
    outer loop
      vertex 8.681003636501682 -1.0966657936876605 152.19451663
      vertex 8.681003636501682 -1.0966657936876605 0
      vertex 8.595013443876026 -1.6395865026250922 0
    endloop
  endfacet
  facet normal -0.9955619646030802 0.09410831331851358 0
    outer loop
      vertex 8.732733873747376 -0.5494170458814954 152.19451663
      vertex 8.732733873747376 -0.5494170458814954 0
      vertex 8.681003636501682 -1.0966657936876605 0
    endloop
  endfacet
  facet normal -0.9995065603657315 0.03141075907812784 0
    outer loop
      vertex 8.75 0 152.19451663
      vertex 8.75 0 0
      vertex 8.732733873747376 -0.5494170458814954 0
    endloop
  endfacet
  facet normal -0.03141075907812809 0.9995065603657316 0
    outer loop
      vertex 0.5494170458814912 -8.732733873747376 152.19451663
      vertex 0 -8.75 0
      vertex 0 -8.75 152.19451663
    endloop
  endfacet
  facet normal -0.09410831331851285 0.9955619646030802 0
    outer loop
      vertex 1.0966657936876605 -8.681003636501682 152.19451663
      vertex 0.5494170458814912 -8.732733873747376 0
      vertex 0.5494170458814912 -8.732733873747376 152.19451663
    endloop
  endfacet
  facet normal -0.15643446504023256 0.9876883405951374 0
    outer loop
      vertex 1.6395865026250922 -8.595013443876026 152.19451663
      vertex 1.0966657936876605 -8.681003636501682 0
      vertex 1.0966657936876605 -8.681003636501682 152.19451663
    endloop
  endfacet
  facet normal -0.21814324139654445 0.975916761938747 0
    outer loop
      vertex 2.17603651269248 -8.475102659875521 152.19451663
      vertex 1.6395865026250922 -8.595013443876026 0
      vertex 1.6395865026250922 -8.595013443876026 152.19451663
    endloop
  endfacet
  facet normal -0.2789911060392295 0.960293685676943 0
    outer loop
      vertex 2.7038987007807895 -8.321744517582593 152.19451663
      vertex 2.17603651269248 -8.475102659875521 0
      vertex 2.17603651269248 -8.475102659875521 152.19451663
    endloop
  endfacet
  facet normal -0.3387379202452897 0.9408807689542261 0
    outer loop
      vertex 3.2210898359909312 -8.1355442515222 152.19451663
      vertex 2.7038987007807895 -8.321744517582593 0
      vertex 2.7038987007807895 -8.321744517582593 152.19451663
    endloop
  endfacet
  facet normal -0.39714789063478095 0.9177546256839811 0
    outer loop
      vertex 3.7255688011943837 -7.917236709077671 152.19451663
      vertex 3.2210898359909312 -8.1355442515222 0
      vertex 3.2210898359909312 -8.1355442515222 152.19451663
    endloop
  endfacet
  facet normal -0.45399049973954714 0.8910065241883676 0
    outer loop
      vertex 3.7255688011943837 -7.917236709077671 152.19451663
      vertex 4.215344648390009 -7.667683450383805 152.19451663
      vertex 3.7255688011943837 -7.917236709077671 0
    endloop
  endfacet
  facet normal -0.5090414157503708 0.860742027003944 0
    outer loop
      vertex 4.215344648390009 -7.667683450383805 152.19451663
      vertex 4.688484456066222 -7.3878693481426305 152.19451663
      vertex 4.215344648390009 -7.667683450383805 0
    endloop
  endfacet
  facet normal -0.5620833778521294 0.8270805742745626 0
    outer loop
      vertex 5.14312095755914 -7.07889870078079 152.19451663
      vertex 4.688484456066222 -7.3878693481426305 0
      vertex 4.688484456066222 -7.3878693481426305 152.19451663
    endloop
  endfacet
  facet normal -0.6129070536529762 0.7901550123756906 0
    outer loop
      vertex 5.577459910301035 -6.741990874288157 152.19451663
      vertex 5.14312095755914 -7.07889870078079 0
      vertex 5.14312095755914 -7.07889870078079 152.19451663
    endloop
  endfacet
  facet normal -0.6613118653236528 0.7501110696304587 0
    outer loop
      vertex 5.989787176876025 -6.378475489937352 152.19451663
      vertex 5.577459910301035 -6.741990874288157 0
      vertex 5.577459910301035 -6.741990874288157 152.19451663
    endloop
  endfacet
  facet normal -0.7071067811865476 0.7071067811865476 0
    outer loop
      vertex 5.989787176876025 -6.378475489937352 152.19451663
      vertex 6.378475489937352 -5.989787176876025 152.19451663
      vertex 5.989787176876025 -6.378475489937352 0
    endloop
  endfacet
  facet normal -0.7501110696304587 0.6613118653236528 0
    outer loop
      vertex 6.378475489937352 -5.989787176876025 152.19451663
      vertex 6.741990874288157 -5.577459910301035 152.19451663
      vertex 6.378475489937352 -5.989787176876025 0
    endloop
  endfacet
  facet normal -0.7901550123756906 0.6129070536529762 0
    outer loop
      vertex 6.741990874288157 -5.577459910301035 152.19451663
      vertex 7.07889870078079 -5.14312095755914 152.19451663
      vertex 6.741990874288157 -5.577459910301035 0
    endloop
  endfacet
  facet normal -0.8270805742745626 0.5620833778521294 0
    outer loop
      vertex 7.07889870078079 -5.14312095755914 152.19451663
      vertex 7.3878693481426305 -4.688484456066222 152.19451663
      vertex 7.07889870078079 -5.14312095755914 0
    endloop
  endfacet
  facet normal -0.860742027003944 0.5090414157503708 0
    outer loop
      vertex 7.3878693481426305 -4.688484456066222 152.19451663
      vertex 7.667683450383805 -4.215344648390009 152.19451663
      vertex 7.3878693481426305 -4.688484456066222 0
    endloop
  endfacet
  facet normal -0.8910065241883676 0.45399049973954714 0
    outer loop
      vertex 7.667683450383805 -4.215344648390009 152.19451663
      vertex 7.917236709077671 -3.7255688011943837 152.19451663
      vertex 7.667683450383805 -4.215344648390009 0
    endloop
  endfacet
  facet normal -0.9177546256839811 0.39714789063478095 0
    outer loop
      vertex 7.917236709077671 -3.7255688011943837 152.19451663
      vertex 8.1355442515222 -3.2210898359909312 152.19451663
      vertex 7.917236709077671 -3.7255688011943837 0
    endloop
  endfacet
  facet normal -0.9408807689542261 0.3387379202452897 0
    outer loop
      vertex 8.1355442515222 -3.2210898359909312 152.19451663
      vertex 8.321744517582593 -2.7038987007807895 152.19451663
      vertex 8.1355442515222 -3.2210898359909312 0
    endloop
  endfacet
  facet normal -0.960293685676943 0.2789911060392295 0
    outer loop
      vertex 8.321744517582593 -2.7038987007807895 152.19451663
      vertex 8.475102659875521 -2.17603651269248 152.19451663
      vertex 8.321744517582593 -2.7038987007807895 0
    endloop
  endfacet
  facet normal -0.975916761938747 0.21814324139654445 0
    outer loop
      vertex 8.475102659875521 -2.17603651269248 152.19451663
      vertex 8.595013443876026 -1.6395865026250922 152.19451663
      vertex 8.475102659875521 -2.17603651269248 0
    endloop
  endfacet
  facet normal -0.9876883405951374 0.15643446504023256 0
    outer loop
      vertex 8.595013443876026 -1.6395865026250922 152.19451663
      vertex 8.681003636501682 -1.0966657936876605 152.19451663
      vertex 8.595013443876026 -1.6395865026250922 0
    endloop
  endfacet
  facet normal -0.9955619646030802 0.09410831331851358 0
    outer loop
      vertex 8.681003636501682 -1.0966657936876605 152.19451663
      vertex 8.732733873747376 -0.5494170458814954 152.19451663
      vertex 8.681003636501682 -1.0966657936876605 0
    endloop
  endfacet
  facet normal -0.9995065603657315 0.03141075907812784 0
    outer loop
      vertex 8.732733873747376 -0.5494170458814954 152.19451663
      vertex 8.75 0 152.19451663
      vertex 8.732733873747376 -0.5494170458814954 0
    endloop
  endfacet
  facet normal -0.03141075907812785 -0.9995065603657315 0
    outer loop
      vertex 0 8.75 14.848414227366447
      vertex 0 8.75 0
      vertex 0.5494170458814954 8.732733873747376 0
    endloop
  endfacet
  facet normal -0.09410831331851358 -0.9955619646030801 0
    outer loop
      vertex 0.5494170458814954 8.732733873747376 14.848414227366447
      vertex 0.5494170458814954 8.732733873747376 0
      vertex 1.0966657936876605 8.681003636501682 0
    endloop
  endfacet
  facet normal -0.03141075907812785 -0.9995065603657315 0
    outer loop
      vertex 0.5494170458814954 8.732733873747376 14.848414227366447
      vertex 0 8.75 14.848414227366447
      vertex 0.5494170458814954 8.732733873747376 0
    endloop
  endfacet
  facet normal -0.09410831331851373 -0.99556196460308 -6.107132952670271e-18
    outer loop
      vertex 0.9303171560168266 8.696728212440334 14.848414227366447
      vertex 0.5494170458814954 8.732733873747376 14.848414227366447
      vertex 1.0966657936876605 8.681003636501682 0
    endloop
  endfacet
  facet normal -0.09410831331851319 -0.9955619646030801 0
    outer loop
      vertex 1.0966657936876605 8.681003636501682 14.853641945698314
      vertex 0.9303171560168266 8.696728212440334 14.848414227366447
      vertex 1.0966657936876605 8.681003636501682 0
    endloop
  endfacet
  facet normal -0.15643446504023253 -0.9876883405951373 0
    outer loop
      vertex 1.0966657936876605 8.681003636501682 14.853641945698314
      vertex 1.0966657936876605 8.681003636501682 0
      vertex 1.6395865026250922 8.595013443876026 0
    endloop
  endfacet
  facet normal -0.2181432413965427 -0.9759167619387473 0
    outer loop
      vertex 1.6395865026250922 8.595013443876026 14.917004443128889
      vertex 1.6395865026250922 8.595013443876026 0
      vertex 2.1760365126924763 8.475102659875523 0
    endloop
  endfacet
  facet normal -0.2789911060392307 -0.9602936856769425 0
    outer loop
      vertex 2.1760365126924763 8.475102659875523 15.065030483899761
      vertex 2.1760365126924763 8.475102659875523 0
      vertex 2.7038987007807895 8.321744517582593 0
    endloop
  endfacet
  facet normal -0.15643446504022113 -0.9876883405951393 4.270692412333944e-16
    outer loop
      vertex 1.1639775484800339 8.67034250189163 14.855757303535938
      vertex 1.0966657936876605 8.681003636501682 14.853641945698314
      vertex 1.6395865026250922 8.595013443876026 0
    endloop
  endfacet
  facet normal -0.15643446504023514 -0.987688340595137 -3.161952175168744e-17
    outer loop
      vertex 1.3967157825827599 8.633480386941148 14.877757541835308
      vertex 1.1639775484800339 8.67034250189163 14.855757303535938
      vertex 1.6395865026250922 8.595013443876026 0
    endloop
  endfacet
  facet normal -0.15643446504023562 -0.9876883405951371 -3.903629879165991e-17
    outer loop
      vertex 1.6276133581995964 8.596909803654782 14.914328128099442
      vertex 1.3967157825827599 8.633480386941148 14.877757541835308
      vertex 1.6395865026250922 8.595013443876026 0
    endloop
  endfacet
  facet normal -0.15643446504018815 -0.9876883405951445 0
    outer loop
      vertex 1.6395865026250922 8.595013443876026 14.917004443128889
      vertex 1.6276133581995964 8.596909803654782 14.914328128099442
      vertex 1.6395865026250922 8.595013443876026 0
    endloop
  endfacet
  facet normal -0.21814324139654193 -0.9759167619387475 3.176973756182653e-17
    outer loop
      vertex 1.8557590246200562 8.546693160335485 14.965324729681015
      vertex 1.6395865026250922 8.595013443876026 14.917004443128889
      vertex 2.1760365126924763 8.475102659875523 0
    endloop
  endfacet
  facet normal -0.21814324139654082 -0.9759167619387479 5.583882745511643e-17
    outer loop
      vertex 2.0802524015307426 8.496512945360935 15.030546084046364
      vertex 1.8557590246200562 8.546693160335485 14.965324729681015
      vertex 2.1760365126924763 8.475102659875523 0
    endloop
  endfacet
  facet normal -0.21814324139654911 -0.975916761938746 0
    outer loop
      vertex 2.1760365126924763 8.475102659875523 15.065030483899761
      vertex 2.0802524015307426 8.496512945360935 15.030546084046364
      vertex 2.1760365126924763 8.475102659875523 0
    endloop
  endfacet
  facet normal -0.03141075907812785 -0.9995065603657317 -3.3060798206323066e-17
    outer loop
      vertex 0.5494170458814954 8.732733873747376 24.151585772633553
      vertex 0.3199733530136809 8.739944432281408 45.67677543540003
      vertex 0 8.75 24.151585772633553
    endloop
  endfacet
  facet normal -0.09410831331851374 -0.9955619646030801 -4.008040590154662e-18
    outer loop
      vertex 0.9303171560168266 8.696728212440334 24.151585772633553
      vertex 0.8263725468801693 8.7065538709048 45.64517494518759
      vertex 0.5494170458814954 8.732733873747376 24.151585772633553
    endloop
  endfacet
  facet normal -0.0941083133185132 -0.9955619646030801 0
    outer loop
      vertex 1.0966657936876605 8.681003636501682 24.146358054301686
      vertex 1.0966657936876605 8.681003636501682 45.64517494518759
      vertex 0.9303171560168266 8.696728212440334 24.151585772633553
    endloop
  endfacet
  facet normal -0.15643446504022113 -0.9876883405951392 0
    outer loop
      vertex 1.1639775484800339 8.67034250189163 24.14424269646406
      vertex 1.0966657936876605 8.681003636501682 45.64517494518759
      vertex 1.0966657936876605 8.681003636501682 24.146358054301686
    endloop
  endfacet
  facet normal -0.15643446504023562 -0.987688340595137 -5.1829929792738275e-17
    outer loop
      vertex 1.6276133581995964 8.596909803654782 24.08567187190056
      vertex 1.0966657936876605 8.681003636501682 45.64517494518759
      vertex 1.3967157825827599 8.633480386941148 24.122242458164692
    endloop
  endfacet
  facet normal -0.15643446504023512 -0.987688340595137 -4.486678949579048e-17
    outer loop
      vertex 1.3967157825827599 8.633480386941148 24.122242458164692
      vertex 1.0966657936876605 8.681003636501682 45.64517494518759
      vertex 1.1639775484800339 8.67034250189163 24.14424269646406
    endloop
  endfacet
  facet normal -0.1564344650401881 -0.9876883405951443 0
    outer loop
      vertex 1.6395865026250922 8.595013443876026 24.08299555687111
      vertex 1.6395865026250922 8.595013443876026 45.64517494518759
      vertex 1.6276133581995964 8.596909803654782 24.08567187190056
    endloop
  endfacet
  facet normal -0.21814324139654193 -0.9759167619387477 0
    outer loop
      vertex 1.8557590246200562 8.546693160335485 24.034675270318985
      vertex 1.6395865026250922 8.595013443876026 45.64517494518759
      vertex 1.6395865026250922 8.595013443876026 24.08299555687111
    endloop
  endfacet
  facet normal -0.21814324139654073 -0.9759167619387478 1.1899195025677569e-17
    outer loop
      vertex 2.0802524015307426 8.496512945360935 23.969453915953636
      vertex 1.6395865026250922 8.595013443876026 45.64517494518759
      vertex 1.8557590246200562 8.546693160335485 24.034675270318985
    endloop
  endfacet
  facet normal -0.21814324139654914 -0.9759167619387459 0
    outer loop
      vertex 2.1760365126924763 8.475102659875523 23.93496951610024
      vertex 2.1760365126924763 8.475102659875523 45.64517494518759
      vertex 2.0802524015307426 8.496512945360935 23.969453915953636
    endloop
  endfacet
  facet normal -0.2789911060392312 -0.9602936856769425 0
    outer loop
      vertex 2.3002075031399727 8.439027652323523 23.890265211462975
      vertex 2.1760365126924763 8.475102659875523 45.64517494518759
      vertex 2.1760365126924763 8.475102659875523 23.93496951610024
    endloop
  endfacet
  facet normal -0.27899110603923216 -0.9602936856769423 -5.724598301790747e-18
    outer loop
      vertex 2.5147562697529793 8.376695473543736 23.797421663999557
      vertex 2.1760365126924763 8.475102659875523 45.64517494518759
      vertex 2.3002075031399727 8.439027652323523 23.890265211462975
    endloop
  endfacet
  facet normal -0.33873792024529004 -0.940880768954226 0
    outer loop
      vertex 2.7038987007807895 8.321744517582593 15.298951216345245
      vertex 2.7038987007807895 8.321744517582593 0
      vertex 3.2210898359909357 8.135544251522198 0
    endloop
  endfacet
  facet normal -0.3971478906347811 -0.9177546256839809 0
    outer loop
      vertex 3.2210898359909357 8.135544251522198 15.63936964764008
      vertex 3.2210898359909357 8.135544251522198 0
      vertex 3.7255688011943837 7.917236709077671 0
    endloop
  endfacet
  facet normal -0.278991106039229 -0.9602936856769431 0
    outer loop
      vertex 2.7038987007807895 8.321744517582593 15.298951216345245
      vertex 2.5147562697529793 8.376695473543736 15.202578336000443
      vertex 2.7038987007807895 8.321744517582593 0
    endloop
  endfacet
  facet normal -0.3387379202452842 -0.940880768954228 2.190297350810299e-16
    outer loop
      vertex 2.723051980137825 8.314848912709628 15.308710299432278
      vertex 2.7038987007807895 8.321744517582593 15.298951216345245
      vertex 3.2210898359909357 8.135544251522198 0
    endloop
  endfacet
  facet normal -0.3387379202452934 -0.9408807689542247 -1.1748591030614154e-16
    outer loop
      vertex 2.9242725893855095 8.242405035721037 15.427711836993694
      vertex 2.723051980137825 8.314848912709628 15.308710299432278
      vertex 3.2210898359909357 8.135544251522198 0
    endloop
  endfacet
  facet normal -0.33873792024528404 -0.9408807689542281 8.533585732740625e-17
    outer loop
      vertex 3.117623969912529 8.172794255399664 15.559113293886185
      vertex 2.9242725893855095 8.242405035721037 15.427711836993694
      vertex 3.2210898359909357 8.135544251522198 0
    endloop
  endfacet
  facet normal -0.3387379202452954 -0.940880768954224 0
    outer loop
      vertex 3.2210898359909357 8.135544251522198 15.63936964764008
      vertex 3.117623969912529 8.172794255399664 15.559113293886185
      vertex 3.2210898359909357 8.135544251522198 0
    endloop
  endfacet
  facet normal -0.3971478906347794 -0.9177546256839817 6.844666967718217e-17
    outer loop
      vertex 3.302343040704727 8.1003828500361 15.702396094799042
      vertex 3.2210898359909357 8.135544251522198 15.63936964764008
      vertex 3.7255688011943837 7.917236709077671 0
    endloop
  endfacet
  facet normal -0.3971478906347801 -0.9177546256839814 4.29220426684703e-17
    outer loop
      vertex 3.477700814604759 8.024498765051069 15.856994770467281
      vertex 3.302343040704727 8.1003828500361 15.702396094799042
      vertex 3.7255688011943837 7.917236709077671 0
    endloop
  endfacet
  facet normal -0.27899110603923116 -0.9602936856769425 -1.670911727576353e-17
    outer loop
      vertex 2.3002075031399727 8.439027652323523 15.109734788537025
      vertex 2.1760365126924763 8.475102659875523 15.065030483899761
      vertex 2.7038987007807895 8.321744517582593 0
    endloop
  endfacet
  facet normal -0.27899110603923205 -0.9602936856769423 -4.114756568436214e-17
    outer loop
      vertex 2.5147562697529793 8.376695473543736 15.202578336000443
      vertex 2.3002075031399727 8.439027652323523 15.109734788537025
      vertex 2.7038987007807895 8.321744517582593 0
    endloop
  endfacet
  facet normal -0.4539904997395471 -0.8910065241883677 0
    outer loop
      vertex 3.7255688011943837 7.917236709077671 16.115949173464315
      vertex 3.7255688011943837 7.917236709077671 0
      vertex 4.215344648390009 7.667683450383805 0
    endloop
  endfacet
  facet normal -0.5090414157503701 -0.8607420270039443 0
    outer loop
      vertex 4.215344648390009 7.667683450383805 16.82415851407046
      vertex 4.215344648390009 7.667683450383805 0
      vertex 4.688484456066217 7.387869348142634 0
    endloop
  endfacet
  facet normal -0.45399049973955097 -0.8910065241883657 -6.37674745405428e-17
    outer loop
      vertex 4.072288163006306 7.74057437040203 16.57572741061449
      vertex 3.9408867061138153 7.807526756789399 16.38237603008747
      vertex 4.215344648390009 7.667683450383805 0
    endloop
  endfacet
  facet normal -0.4539904997395466 -0.8910065241883679 -1.5060124883388514e-17
    outer loop
      vertex 4.191289700567722 7.679940058485521 16.776948019862175
      vertex 4.072288163006306 7.74057437040203 16.57572741061449
      vertex 4.215344648390009 7.667683450383805 0
    endloop
  endfacet
  facet normal -0.3971478906347849 -0.9177546256839794 -4.6047502710887354e-17
    outer loop
      vertex 3.6430052295327187 7.952965156977638 16.02229918539524
      vertex 3.477700814604759 8.024498765051069 15.856994770467281
      vertex 3.7255688011943837 7.917236709077671 0
    endloop
  endfacet
  facet normal -0.3971478906347774 -0.9177546256839825 0
    outer loop
      vertex 3.7255688011943837 7.917236709077671 16.115949173464315
      vertex 3.6430052295327187 7.952965156977638 16.02229918539524
      vertex 3.7255688011943837 7.917236709077671 0
    endloop
  endfacet
  facet normal -0.4539904997395454 -0.8910065241883687 6.692615246439667e-17
    outer loop
      vertex 3.7976039052009583 7.8805329903293435 16.197656959295273
      vertex 3.7255688011943837 7.917236709077671 16.115949173464315
      vertex 4.215344648390009 7.667683450383805 0
    endloop
  endfacet
  facet normal -0.45399049973954647 -0.891006524188368 3.222775793431882e-17
    outer loop
      vertex 3.9408867061138153 7.807526756789399 16.38237603008747
      vertex 3.7976039052009583 7.8805329903293435 16.197656959295273
      vertex 4.215344648390009 7.667683450383805 0
    endloop
  endfacet
  facet normal -0.45399049973953826 -0.8910065241883722 0
    outer loop
      vertex 4.191289700567722 7.679940058485521 16.776948019862175
      vertex 4.215344648390009 7.667683450383805 0
      vertex 4.215344648390009 7.667683450383805 16.82415851407046
    endloop
  endfacet
  facet normal -0.5090414157503678 -0.8607420270039458 9.427660924476946e-17
    outer loop
      vertex 4.2974216639995575 7.61914323866453 16.98524373024702
      vertex 4.215344648390009 7.667683450383805 16.82415851407046
      vertex 4.688484456066217 7.387869348142634 0
    endloop
  endfacet
  facet normal -0.5090414157503719 -0.8607420270039433 -3.416257618441353e-17
    outer loop
      vertex 4.3902652114629745 7.564235717756587 17.199792496860027
      vertex 4.2974216639995575 7.61914323866453 16.98524373024702
      vertex 4.688484456066217 7.387869348142634 0
    endloop
  endfacet
  facet normal -0.5090414157503684 -0.8607420270039454 3.234216332838577e-17
    outer loop
      vertex 4.5856718719005585 7.448672540921324 17.872386641800404
      vertex 4.534675270318985 7.478831847023642 17.644240975379944
      vertex 4.688484456066217 7.387869348142634 0
    endloop
  endfacet
  facet normal -0.5090414157503745 -0.8607420270039418 -1.3777637098685812e-17
    outer loop
      vertex 4.622242458164692 7.427044756495003 18.10328421741724
      vertex 4.5856718719005585 7.448672540921324 17.872386641800404
      vertex 4.688484456066217 7.387869348142634 0
    endloop
  endfacet
  facet normal -0.5090414157503712 -0.8607420270039436 1.8046560984387526e-18
    outer loop
      vertex 4.644242696464062 7.41403385183436 18.336022451519966
      vertex 4.622242458164692 7.427044756495003 18.10328421741724
      vertex 4.688484456066217 7.387869348142634 0
    endloop
  endfacet
  facet normal -0.5090414157503642 -0.8607420270039479 2.4781914149690857e-17
    outer loop
      vertex 4.6515857726335526 7.409691168693523 18.569682843983173
      vertex 4.644242696464062 7.41403385183436 18.336022451519966
      vertex 4.688484456066217 7.387869348142634 0
    endloop
  endfacet
  facet normal -0.5090414157503735 -0.8607420270039423 0
    outer loop
      vertex 4.6515857726335526 7.409691168693523 18.569682843983173
      vertex 4.688484456066217 7.387869348142634 0
      vertex 4.6515857726335526 7.409691168693523 20.430317156016827
    endloop
  endfacet
  facet normal -0.5090414157503723 -0.8607420270039431 -4.497361939511715e-17
    outer loop
      vertex 4.469453915953636 7.517403648471349 17.419747598469257
      vertex 4.3902652114629745 7.564235717756587 17.199792496860027
      vertex 4.688484456066217 7.387869348142634 0
    endloop
  endfacet
  facet normal -0.5090414157503662 -0.8607420270039468 5.983630478008613e-17
    outer loop
      vertex 4.534675270318985 7.478831847023642 17.644240975379944
      vertex 4.469453915953636 7.517403648471349 17.419747598469257
      vertex 4.688484456066217 7.387869348142634 0
    endloop
  endfacet
  facet normal -0.278991106039229 -0.9602936856769431 0
    outer loop
      vertex 2.7038987007807895 8.321744517582593 23.701048783654755
      vertex 2.7038987007807895 8.321744517582593 45.64517494518759
      vertex 2.5147562697529793 8.376695473543736 23.797421663999557
    endloop
  endfacet
  facet normal -0.33873792024528415 -0.9408807689542281 -7.898937314207776e-17
    outer loop
      vertex 2.723051980137825 8.314848912709628 23.691289700567722
      vertex 3.0257316425666625 8.205877528943702 45.653082864773296
      vertex 2.7038987007807895 8.321744517582593 23.701048783654755
    endloop
  endfacet
  facet normal -0.3387379202452934 -0.9408807689542248 6.521074054043943e-17
    outer loop
      vertex 2.9242725893855095 8.242405035721037 23.572288163006306
      vertex 3.0257316425666625 8.205877528943702 45.653082864773296
      vertex 2.723051980137825 8.314848912709628 23.691289700567722
    endloop
  endfacet
  facet normal -0.338737920245284 -0.940880768954228 1.6387672332036192e-17
    outer loop
      vertex 3.117623969912529 8.172794255399664 23.440886706113815
      vertex 3.0257316425666625 8.205877528943702 45.653082864773296
      vertex 2.9242725893855095 8.242405035721037 23.572288163006306
    endloop
  endfacet
  facet normal -0.3387379202452954 -0.940880768954224 0
    outer loop
      vertex 3.2210898359909357 8.135544251522198 23.36063035235992
      vertex 3.2210898359909357 8.135544251522198 45.672528401139346
      vertex 3.117623969912529 8.172794255399664 23.440886706113815
    endloop
  endfacet
  facet normal -0.39714789063477934 -0.9177546256839817 -3.3644264920785706e-17
    outer loop
      vertex 3.302343040704727 8.1003828500361 23.29760390520096
      vertex 3.263153428403704 8.117341709653447 45.67677543540003
      vertex 3.2210898359909357 8.135544251522198 23.36063035235992
    endloop
  endfacet
  facet normal -0.39714789063478007 -0.9177546256839814 -4.853077318201818e-17
    outer loop
      vertex 3.477700814604759 8.024498765051069 23.14300522953272
      vertex 3.4959541999176156 8.016599819874363 45.716159137380146
      vertex 3.302343040704727 8.1003828500361 23.29760390520096
    endloop
  endfacet
  facet normal -0.39714789063478506 -0.9177546256839794 -4.391029193038946e-17
    outer loop
      vertex 3.6430052295327187 7.952965156977638 22.97770081460476
      vertex 3.4959541999176156 8.016599819874363 45.716159137380146
      vertex 3.477700814604759 8.024498765051069 23.14300522953272
    endloop
  endfacet
  facet normal -0.5090414157503735 -0.8607420270039423 0
    outer loop
      vertex 4.6515857726335526 7.409691168693523 20.430317156016827
      vertex 4.688484456066217 7.387869348142634 0
      vertex 4.688484456066217 7.387869348142634 46.21036055007619
    endloop
  endfacet
  facet normal -0.4539904997395466 -0.891006524188368 1.0656751138459671e-17
    outer loop
      vertex 4.191289700567722 7.679940058485521 22.223051980137825
      vertex 4.215344648390009 7.667683450383805 45.94904829370614
      vertex 4.072288163006306 7.74057437040203 22.42427258938551
    endloop
  endfacet
  facet normal -0.3971478906347774 -0.9177546256839825 0
    outer loop
      vertex 3.7255688011943837 7.917236709077671 22.884050826535685
      vertex 3.7255688011943837 7.917236709077671 45.7709802879055
      vertex 3.6430052295327187 7.952965156977638 22.97770081460476
    endloop
  endfacet
  facet normal -0.45399049973954536 -0.8910065241883686 -1.4062420743375185e-18
    outer loop
      vertex 3.7976039052009583 7.8805329903293435 22.802343040704727
      vertex 3.72597431086041 7.917030091582815 45.771078551602386
      vertex 3.7255688011943837 7.917236709077671 22.884050826535685
    endloop
  endfacet
  facet normal -0.45399049973954647 -0.891006524188368 1.0156373609403648e-18
    outer loop
      vertex 3.9408867061138153 7.807526756789399 22.61762396991253
      vertex 3.948984812671832 7.803400565405372 45.84131693322661
      vertex 3.7976039052009583 7.8805329903293435 22.802343040704727
    endloop
  endfacet
  facet normal -0.4539904997395511 -0.8910065241883656 3.037443097688949e-18
    outer loop
      vertex 4.072288163006306 7.74057437040203 22.42427258938551
      vertex 3.948984812671832 7.803400565405372 45.84131693322661
      vertex 3.9408867061138153 7.807526756789399 22.61762396991253
    endloop
  endfacet
  facet normal -0.45399049973953826 -0.8910065241883722 0
    outer loop
      vertex 4.215344648390009 7.667683450383805 22.17584148592954
      vertex 4.215344648390009 7.667683450383805 45.94904829370614
      vertex 4.191289700567722 7.679940058485521 22.223051980137825
    endloop
  endfacet
  facet normal -0.5090414157503677 -0.8607420270039459 -2.8601377454054076e-17
    outer loop
      vertex 4.2974216639995575 7.61914323866453 22.01475626975298
      vertex 4.378063587757719 7.571451737900271 46.026582437050365
      vertex 4.215344648390009 7.667683450383805 22.17584148592954
    endloop
  endfacet
  facet normal -0.509041415750366 -0.8607420270039469 2.3242909653097742e-17
    outer loop
      vertex 4.534675270318985 7.478831847023642 21.355759024620056
      vertex 4.378063587757719 7.571451737900271 46.026582437050365
      vertex 4.469453915953636 7.517403648471349 21.580252401530743
    endloop
  endfacet
  facet normal -0.509041415750372 -0.8607420270039432 -9.013814387701973e-18
    outer loop
      vertex 4.3902652114629745 7.564235717756587 21.800207503139973
      vertex 4.378063587757719 7.571451737900271 46.026582437050365
      vertex 4.2974216639995575 7.61914323866453 22.01475626975298
    endloop
  endfacet
  facet normal -0.5090414157503724 -0.8607420270039431 -9.35278210857424e-18
    outer loop
      vertex 4.469453915953636 7.517403648471349 21.580252401530743
      vertex 4.378063587757719 7.571451737900271 46.026582437050365
      vertex 4.3902652114629745 7.564235717756587 21.800207503139973
    endloop
  endfacet
  facet normal -0.5090414157503684 -0.8607420270039453 -2.3212407272854642e-17
    outer loop
      vertex 4.5856718719005585 7.448672540921324 21.127613358199596
      vertex 4.688484456066217 7.387869348142634 46.21036055007619
      vertex 4.534675270318985 7.478831847023642 21.355759024620056
    endloop
  endfacet
  facet normal -0.5090414157503641 -0.860742027003948 -1.8152643717824698e-17
    outer loop
      vertex 4.6515857726335526 7.409691168693523 20.430317156016827
      vertex 4.688484456066217 7.387869348142634 46.21036055007619
      vertex 4.644242696464062 7.41403385183436 20.663977548480034
    endloop
  endfacet
  facet normal -0.5090414157503745 -0.8607420270039418 9.916989137786895e-18
    outer loop
      vertex 4.622242458164692 7.427044756495003 20.89671578258276
      vertex 4.688484456066217 7.387869348142634 46.21036055007619
      vertex 4.5856718719005585 7.448672540921324 21.127613358199596
    endloop
  endfacet
  facet normal -0.5090414157503713 -0.8607420270039438 -1.3044633149218892e-18
    outer loop
      vertex 4.644242696464062 7.41403385183436 20.663977548480034
      vertex 4.688484456066217 7.387869348142634 46.21036055007619
      vertex 4.622242458164692 7.427044756495003 20.89671578258276
    endloop
  endfacet
  facet normal -0.5090414157503701 -0.8607420270039443 -9.327605506042489e-18
    outer loop
      vertex 4.534675270318985 7.478831847023642 21.355759024620056
      vertex 4.688484456066217 7.387869348142634 46.21036055007619
      vertex 4.58178458499415 7.45097147598919 46.1408784039736
    endloop
  endfacet
  facet normal -0.5090414157503699 -0.8607420270039445 -1.0065115011192302e-17
    outer loop
      vertex 4.534675270318985 7.478831847023642 21.355759024620056
      vertex 4.58178458499415 7.45097147598919 46.1408784039736
      vertex 4.378063587757719 7.571451737900271 46.026582437050365
    endloop
  endfacet
  facet normal -0.03141075907812648 -0.9995065603657316 0
    outer loop
      vertex 0.06744607839451569 8.747880421596793 45.716159137380146
      vertex 0 8.75 45.73100418075302
      vertex 0 8.75 24.151585772633553
    endloop
  endfacet
  facet normal -0.031410759078131005 -0.9995065603657314 1.4161686142425784e-17
    outer loop
      vertex 0.3199733530136809 8.739944432281408 45.67677543540003
      vertex 0.06744607839451569 8.747880421596793 45.716159137380146
      vertex 0 8.75 24.151585772633553
    endloop
  endfacet
  facet normal -0.031410759078124746 -0.9995065603657316 0
    outer loop
      vertex 0.5494170458814954 8.732733873747376 24.151585772633553
      vertex 0.5494170458814954 8.732733873747376 45.65541885812655
      vertex 0.3199733530136809 8.739944432281408 45.67677543540003
    endloop
  endfacet
  facet normal -0.09410831331854021 -0.9955619646030776 0
    outer loop
      vertex 0.5494170458814954 8.732733873747376 24.151585772633553
      vertex 0.5741837317512205 8.730392732646612 45.653082864773296
      vertex 0.5494170458814954 8.732733873747376 45.65541885812655
    endloop
  endfacet
  facet normal -0.09410831331851148 -0.9955619646030803 -3.338116003856092e-17
    outer loop
      vertex 0.5494170458814954 8.732733873747376 24.151585772633553
      vertex 0.8263725468801693 8.7065538709048 45.64517494518759
      vertex 0.5741837317512205 8.730392732646612 45.653082864773296
    endloop
  endfacet
  facet normal -0.09410831331851309 -0.9955619646030802 -8.546578033331568e-19
    outer loop
      vertex 0.9303171560168266 8.696728212440334 24.151585772633553
      vertex 1.0966657936876605 8.681003636501682 45.64517494518759
      vertex 0.8263725468801693 8.7065538709048 45.64517494518759
    endloop
  endfacet
  facet normal -0.15643446504023256 -0.9876883405951374 2.52867540755597e-17
    outer loop
      vertex 1.6276133581995964 8.596909803654782 24.08567187190056
      vertex 1.6395865026250922 8.595013443876026 45.64517494518759
      vertex 1.0966657936876605 8.681003636501682 45.64517494518759
    endloop
  endfacet
  facet normal -0.2181432413965427 -0.9759167619387473 -2.98465462740035e-17
    outer loop
      vertex 2.0802524015307426 8.496512945360935 23.969453915953636
      vertex 2.1760365126924763 8.475102659875523 45.64517494518759
      vertex 1.6395865026250922 8.595013443876026 45.64517494518759
    endloop
  endfacet
  facet normal -0.03141075907812648 -0.9995065603657315 0
    outer loop
      vertex 0.06744607839451569 8.747880421596793 55.5929908626199
      vertex 0 8.75 74.77948504555837
      vertex 0 8.75 55.57814581924703
    endloop
  endfacet
  facet normal -0.031410759078131005 -0.9995065603657314 -1.5916001309980494e-17
    outer loop
      vertex 0.3199733530136809 8.739944432281408 55.63237456460001
      vertex 0 8.75 74.77948504555837
      vertex 0.06744607839451569 8.747880421596793 55.5929908626199
    endloop
  endfacet
  facet normal -0.031410759078124746 -0.9995065603657316 8.886036028119083e-17
    outer loop
      vertex 0.5494170458814954 8.732733873747376 55.65373114187349
      vertex 0 8.75 74.77948504555837
      vertex 0.3199733530136809 8.739944432281408 55.63237456460001
    endloop
  endfacet
  facet normal -0.09410831331854021 -0.9955619646030776 0
    outer loop
      vertex 0.5741837317512205 8.730392732646612 55.65606713522675
      vertex 0.5494170458814954 8.732733873747376 74.9414318454231
      vertex 0.5494170458814954 8.732733873747376 55.65373114187349
    endloop
  endfacet
  facet normal -0.0941083133185115 -0.9955619646030803 3.7105960363407617e-17
    outer loop
      vertex 0.8263725468801693 8.7065538709048 55.663975054812454
      vertex 0.5494170458814954 8.732733873747376 74.9414318454231
      vertex 0.5741837317512205 8.730392732646612 55.65606713522675
    endloop
  endfacet
  facet normal -0.09410831331851309 -0.9955619646030801 1.3920758804298518e-17
    outer loop
      vertex 1.0966657936876605 8.681003636501682 55.663975054812454
      vertex 0.5494170458814954 8.732733873747376 74.9414318454231
      vertex 0.8263725468801693 8.7065538709048 55.663975054812454
    endloop
  endfacet
  facet normal -0.031410759078124184 -0.9995065603657316 1.0565629942653527e-16
    outer loop
      vertex 0.5494170458814954 8.732733873747376 55.65373114187349
      vertex 0.1061622724098946 8.74666371618348 74.80254151672125
      vertex 0 8.75 74.77948504555837
    endloop
  endfacet
  facet normal -0.03141075907813184 -0.9995065603657315 -7.225788968210369e-17
    outer loop
      vertex 0.5494170458814954 8.732733873747376 55.65373114187349
      vertex 0.34550853536107856 8.739141956847494 74.87010414898396
      vertex 0.1061622724098946 8.74666371618348 74.80254151672125
    endloop
  endfacet
  facet normal -0.031410759078125045 -0.9995065603657317 0
    outer loop
      vertex 0.5494170458814954 8.732733873747376 55.65373114187349
      vertex 0.5494170458814954 8.732733873747376 74.9414318454231
      vertex 0.34550853536107856 8.739141956847494 74.87010414898396
    endloop
  endfacet
  facet normal -0.09410831331852874 -0.9955619646030787 -4.347546775751189e-16
    outer loop
      vertex 1.0966657936876605 8.681003636501682 55.663975054812454
      vertex 0.5804350924852505 8.729801805074505 74.95213552564383
      vertex 0.5494170458814954 8.732733873747376 74.9414318454231
    endloop
  endfacet
  facet normal -0.09410831331851094 -0.9955619646030803 4.5447163089362676e-17
    outer loop
      vertex 1.0966657936876605 8.681003636501682 55.663975054812454
      vertex 0.8123097669155979 8.707883194995203 75.04831191897392
      vertex 0.5804350924852505 8.729801805074505 74.95213552564383
    endloop
  endfacet
  facet normal -0.0941083133185116 -0.9955619646030803 3.590600629608694e-17
    outer loop
      vertex 1.0966657936876605 8.681003636501682 55.663975054812454
      vertex 1.0374264165254274 8.68660340634524 75.15825375169516
      vertex 0.8123097669155979 8.707883194995203 75.04831191897392
    endloop
  endfacet
  facet normal -0.09410831331852333 -0.9955619646030792 0
    outer loop
      vertex 1.0966657936876605 8.681003636501682 55.663975054812454
      vertex 1.0966657936876605 8.681003636501682 75.19183370072312
      vertex 1.0374264165254274 8.68660340634524 75.15825375169516
    endloop
  endfacet
  facet normal -0.15643446504023256 -0.9876883405951374 0
    outer loop
      vertex 1.6395865026250922 8.595013443876026 55.663975054812454
      vertex 1.0966657936876605 8.681003636501682 75.19183370072312
      vertex 1.0966657936876605 8.681003636501682 55.663975054812454
    endloop
  endfacet
  facet normal -0.21814324139654273 -0.9759167619387474 0
    outer loop
      vertex 2.1760365126924763 8.475102659875523 55.663975054812454
      vertex 1.6395865026250922 8.595013443876026 75.54270272710897
      vertex 1.6395865026250922 8.595013443876026 55.663975054812454
    endloop
  endfacet
  facet normal -0.2789911060392308 -0.9602936856769426 0
    outer loop
      vertex 2.7038987007807895 8.321744517582593 55.663975054812454
      vertex 2.1760365126924763 8.475102659875523 76.02991733993326
      vertex 2.1760365126924763 8.475102659875523 55.663975054812454
    endloop
  endfacet
  facet normal -0.1564344650402352 -0.987688340595137 -7.538364970222662e-17
    outer loop
      vertex 1.6395865026250922 8.595013443876026 55.663975054812454
      vertex 1.257119128949204 8.655590324798077 75.28152713179588
      vertex 1.0966657936876605 8.681003636501682 75.19183370072312
    endloop
  endfacet
  facet normal -0.1564344650402267 -0.9876883405951382 9.321878182744082e-17
    outer loop
      vertex 1.6395865026250922 8.595013443876026 55.663975054812454
      vertex 1.469019740327135 8.622028565060557 75.41764556616545
      vertex 1.257119128949204 8.655590324798077 75.28152713179588
    endloop
  endfacet
  facet normal -0.15643446504023734 -0.9876883405951368 0
    outer loop
      vertex 1.6395865026250922 8.595013443876026 55.663975054812454
      vertex 1.6395865026250922 8.595013443876026 75.54270272710897
      vertex 1.469019740327135 8.622028565060557 75.41764556616545
    endloop
  endfacet
  facet normal -0.21814324139651978 -0.9759167619387525 6.509841249301193e-16
    outer loop
      vertex 2.1760365126924763 8.475102659875523 55.663975054812454
      vertex 1.6719232520410179 8.587785324010758 75.56607186049223
      vertex 1.6395865026250922 8.595013443876026 75.54270272710897
    endloop
  endfacet
  facet normal -0.2181432413965424 -0.9759167619387475 4.7867573449556434e-17
    outer loop
      vertex 2.1760365126924763 8.475102659875523 55.663975054812454
      vertex 1.8668977875510548 8.544203351833694 75.72622022777796
      vertex 1.6719232520410179 8.587785324010758 75.56607186049223
    endloop
  endfacet
  facet normal -0.21814324139654895 -0.975916761938746 -5.748300393158537e-17
    outer loop
      vertex 2.1760365126924763 8.475102659875523 55.663975054812454
      vertex 2.0506943149525627 8.503119960494924 75.89745864272118
      vertex 1.8668977875510548 8.544203351833694 75.72622022777796
    endloop
  endfacet
  facet normal -0.21814324139654012 -0.975916761938748 0
    outer loop
      vertex 2.1760365126924763 8.475102659875523 55.663975054812454
      vertex 2.1760365126924763 8.475102659875523 76.02991733993326
      vertex 2.0506943149525627 8.503119960494924 75.89745864272118
    endloop
  endfacet
  facet normal -0.27899110603922644 -0.960293685676944 1.3482989252007307e-16
    outer loop
      vertex 2.7038987007807895 8.321744517582593 55.663975054812454
      vertex 2.223294067305199 8.461373071077052 76.07911131531
      vertex 2.1760365126924763 8.475102659875523 76.02991733993326
    endloop
  endfacet
  facet normal -0.3387379202452947 -0.9408807689542242 0
    outer loop
      vertex 2.7038987007807895 8.321744517582593 23.701048783654755
      vertex 2.786762826560328 8.291911596605045 45.64517494518759
      vertex 2.7038987007807895 8.321744517582593 45.64517494518759
    endloop
  endfacet
  facet normal -0.3387379202452869 -0.940880768954227 -3.3307602629229695e-17
    outer loop
      vertex 2.7038987007807895 8.321744517582593 23.701048783654755
      vertex 3.0257316425666625 8.205877528943702 45.653082864773296
      vertex 2.786762826560328 8.291911596605045 45.64517494518759
    endloop
  endfacet
  facet normal -0.33873792024529165 -0.9408807689542253 -1.9550877715010114e-17
    outer loop
      vertex 3.117623969912529 8.172794255399664 23.440886706113815
      vertex 3.2210898359909357 8.135544251522198 45.672528401139346
      vertex 3.0257316425666625 8.205877528943702 45.653082864773296
    endloop
  endfacet
  facet normal -0.3971478906347944 -0.9177546256839751 0
    outer loop
      vertex 3.2210898359909357 8.135544251522198 23.36063035235992
      vertex 3.263153428403704 8.117341709653447 45.67677543540003
      vertex 3.2210898359909357 8.135544251522198 45.672528401139346
    endloop
  endfacet
  facet normal -0.39714789063478123 -0.9177546256839809 -3.7499137387656224e-17
    outer loop
      vertex 3.302343040704727 8.1003828500361 23.29760390520096
      vertex 3.4959541999176156 8.016599819874363 45.716159137380146
      vertex 3.263153428403704 8.117341709653447 45.67677543540003
    endloop
  endfacet
  facet normal -0.2789911060392307 -0.9602936856769426 1.6466899838910052e-17
    outer loop
      vertex 2.7038987007807895 8.321744517582593 45.64517494518759
      vertex 2.1760365126924763 8.475102659875523 45.64517494518759
      vertex 2.5147562697529793 8.376695473543736 23.797421663999557
    endloop
  endfacet
  facet normal -0.45399049973954775 -0.8910065241883673 2.5322752911118874e-17
    outer loop
      vertex 4.072288163006306 7.74057437040203 22.42427258938551
      vertex 4.167487017420361 7.692068131315354 45.9265970834017
      vertex 3.948984812671832 7.803400565405372 45.84131693322661
    endloop
  endfacet
  facet normal -0.45399049973954975 -0.8910065241883663 3.579715596151882e-17
    outer loop
      vertex 4.072288163006306 7.74057437040203 22.42427258938551
      vertex 4.215344648390009 7.667683450383805 45.94904829370614
      vertex 4.167487017420361 7.692068131315354 45.9265970834017
    endloop
  endfacet
  facet normal -0.3971478906347787 -0.917754625683982 5.175772696880038e-18
    outer loop
      vertex 3.6430052295327187 7.952965156977638 22.97770081460476
      vertex 3.7255688011943837 7.917236709077671 45.7709802879055
      vertex 3.4959541999176156 8.016599819874363 45.716159137380146
    endloop
  endfacet
  facet normal -0.4539904997395992 -0.891006524188341 0
    outer loop
      vertex 3.7255688011943837 7.917236709077671 22.884050826535685
      vertex 3.72597431086041 7.917030091582815 45.771078551602386
      vertex 3.7255688011943837 7.917236709077671 45.7709802879055
    endloop
  endfacet
  facet normal -0.45399049973954597 -0.8910065241883685 -3.316004139690257e-18
    outer loop
      vertex 3.7976039052009583 7.8805329903293435 22.802343040704727
      vertex 3.948984812671832 7.803400565405372 45.84131693322661
      vertex 3.72597431086041 7.917030091582815 45.771078551602386
    endloop
  endfacet
  facet normal -0.5090414157503707 -0.860742027003944 0
    outer loop
      vertex 4.215344648390009 7.667683450383805 22.17584148592954
      vertex 4.378063587757719 7.571451737900271 46.026582437050365
      vertex 4.215344648390009 7.667683450383805 45.94904829370614
    endloop
  endfacet
  facet normal -0.3387379202452947 -0.9408807689542243 0
    outer loop
      vertex 2.786762826560328 8.291911596605045 55.663975054812454
      vertex 2.7038987007807895 8.321744517582593 76.74446159987144
      vertex 2.7038987007807895 8.321744517582593 55.663975054812454
    endloop
  endfacet
  facet normal -0.33873792024528687 -0.940880768954227 3.434830788334492e-17
    outer loop
      vertex 3.0257316425666625 8.205877528943702 55.65606713522675
      vertex 2.7038987007807895 8.321744517582593 76.74446159987144
      vertex 2.786762826560328 8.291911596605045 55.663975054812454
    endloop
  endfacet
  facet normal -0.3387379202452917 -0.9408807689542253 -4.7613616341093036e-17
    outer loop
      vertex 3.2210898359909357 8.135544251522198 55.6366215988607
      vertex 2.7038987007807895 8.321744517582593 76.74446159987144
      vertex 3.0257316425666625 8.205877528943702 55.65606713522675
    endloop
  endfacet
  facet normal -0.2789911060392353 -0.9602936856769414 -4.024290385572632e-17
    outer loop
      vertex 2.7038987007807895 8.321744517582593 55.663975054812454
      vertex 2.6676644528573266 8.33227153973784 76.67919743806124
      vertex 2.533342218846547 8.371295756174202 76.47075352072716
    endloop
  endfacet
  facet normal -0.27899110603921373 -0.9602936856769475 0
    outer loop
      vertex 2.7038987007807895 8.321744517582593 55.663975054812454
      vertex 2.7038987007807895 8.321744517582593 76.74446159987144
      vertex 2.6676644528573266 8.33227153973784 76.67919743806124
    endloop
  endfacet
  facet normal -0.33873792024528937 -0.9408807689542262 2.094918997968245e-17
    outer loop
      vertex 3.2210898359909357 8.135544251522198 55.6366215988607
      vertex 2.7887968782105315 8.291179292950432 76.89497043192387
      vertex 2.7038987007807895 8.321744517582593 76.74446159987144
    endloop
  endfacet
  facet normal -0.33873792024529287 -0.940880768954225 -6.087301354705476e-17
    outer loop
      vertex 3.2210898359909357 8.135544251522198 55.6366215988607
      vertex 2.895269753737496 8.252846699056917 77.11722095310688
      vertex 2.7887968782105315 8.291179292950432 76.89497043192387
    endloop
  endfacet
  facet normal -0.3387379202452874 -0.940880768954227 3.0628833307672636e-17
    outer loop
      vertex 3.2210898359909357 8.135544251522198 55.6366215988607
      vertex 2.9860832710050276 8.220151821040062 77.34507187455893
      vertex 2.895269753737496 8.252846699056917 77.11722095310688
    endloop
  endfacet
  facet normal -0.33873792024529575 -0.9408807689542239 -7.293620514027506e-17
    outer loop
      vertex 3.2210898359909357 8.135544251522198 55.6366215988607
      vertex 3.060879044542629 8.193223685608592 77.57762398570776
      vertex 2.9860832710050276 8.220151821040062 77.34507187455893
    endloop
  endfacet
  facet normal -0.3387379202452909 -0.9408807689542257 -3.1505797722334e-17
    outer loop
      vertex 3.2210898359909357 8.135544251522198 55.6366215988607
      vertex 3.119361886796367 8.172168566821242 77.81395949423313
      vertex 3.060879044542629 8.193223685608592 77.57762398570776
    endloop
  endfacet
  facet normal -0.3387379202452653 -0.9408807689542349 1.0132328235079715e-16
    outer loop
      vertex 3.2210898359909357 8.135544251522198 55.6366215988607
      vertex 3.1613009958735936 8.157069558472342 78.05314569920301
      vertex 3.119361886796367 8.172168566821242 77.81395949423313
    endloop
  endfacet
  facet normal -0.338737920245297 -0.9408807689542236 5.9801296601733586e-18
    outer loop
      vertex 3.2210898359909357 8.135544251522198 55.6366215988607
      vertex 3.186530846351478 8.14798625338101 78.29423864930868
      vertex 3.1613009958735936 8.157069558472342 78.05314569920301
    endloop
  endfacet
  facet normal -0.3387379202454043 -0.9408807689541847 -1.790103920994634e-16
    outer loop
      vertex 3.2210898359909357 8.135544251522198 55.6366215988607
      vertex 3.194951873879862 8.144954496918961 78.53628684580326
      vertex 3.186530846351478 8.14798625338101 78.29423864930868
    endloop
  endfacet
  facet normal -0.2789911060392341 -0.9602936856769416 -7.264792806616752e-17
    outer loop
      vertex 2.7038987007807895 8.321744517582593 55.663975054812454
      vertex 2.385023642852039 8.41438628585284 76.27046132832766
      vertex 2.223294067305199 8.461373071077052 76.07911131531
    endloop
  endfacet
  facet normal -0.27899110603922866 -0.9602936856769433 1.815230599647968e-17
    outer loop
      vertex 2.7038987007807895 8.321744517582593 55.663975054812454
      vertex 2.533342218846547 8.371295756174202 76.47075352072716
      vertex 2.385023642852039 8.41438628585284 76.27046132832766
    endloop
  endfacet
  facet normal -0.9995065603657315 -0.03141075907812784 0
    outer loop
      vertex 8.732733873747376 0.5494170458814954 152.19451663
      vertex 8.732733873747376 0.5494170458814954 0
      vertex 8.75 0 0
    endloop
  endfacet
  facet normal -0.9955619646030802 -0.09410831331851358 0
    outer loop
      vertex 8.681003636501682 1.0966657936876605 152.19451663
      vertex 8.681003636501682 1.0966657936876605 0
      vertex 8.732733873747376 0.5494170458814954 0
    endloop
  endfacet
  facet normal -0.9876883405951374 -0.15643446504023256 0
    outer loop
      vertex 8.595013443876026 1.6395865026250922 152.19451663
      vertex 8.595013443876026 1.6395865026250922 0
      vertex 8.681003636501682 1.0966657936876605 0
    endloop
  endfacet
  facet normal -0.9759167619387473 -0.21814324139654273 0
    outer loop
      vertex 8.475102659875523 2.1760365126924763 152.19451663
      vertex 8.475102659875523 2.1760365126924763 0
      vertex 8.595013443876026 1.6395865026250922 0
    endloop
  endfacet
  facet normal -0.917754625683981 -0.3971478906347812 0
    outer loop
      vertex 7.917236709077671 3.7255688011943837 152.19451663
      vertex 7.917236709077671 3.7255688011943837 0
      vertex 8.135544251522198 3.2210898359909357 0
    endloop
  endfacet
  facet normal -0.9408807689542259 -0.3387379202452899 0
    outer loop
      vertex 8.135544251522198 3.2210898359909357 152.19451663
      vertex 8.135544251522198 3.2210898359909357 0
      vertex 8.321744517582593 2.7038987007807895 0
    endloop
  endfacet
  facet normal -0.8910065241883676 -0.45399049973954714 0
    outer loop
      vertex 7.667683450383805 4.215344648390009 152.19451663
      vertex 7.667683450383805 4.215344648390009 0
      vertex 7.917236709077671 3.7255688011943837 0
    endloop
  endfacet
  facet normal -0.8607420270039443 -0.5090414157503703 0
    outer loop
      vertex 7.387869348142634 4.688484456066217 152.19451663
      vertex 7.387869348142634 4.688484456066217 0
      vertex 7.667683450383805 4.215344648390009 0
    endloop
  endfacet
  facet normal -0.9602936856769426 -0.2789911060392308 0
    outer loop
      vertex 8.321744517582593 2.7038987007807895 152.19451663
      vertex 8.321744517582593 2.7038987007807895 0
      vertex 8.475102659875523 2.1760365126924763 0
    endloop
  endfacet
  facet normal -0.6129070536529768 -0.7901550123756901 0
    outer loop
      vertex 5.14312095755914 7.07889870078079 46.56711894688624
      vertex 5.14312095755914 7.07889870078079 0
      vertex 5.577459910301037 6.741990874288154 0
    endloop
  endfacet
  facet normal -0.6613118653236524 -0.7501110696304589 0
    outer loop
      vertex 5.577459910301037 6.741990874288154 47.05749979443959
      vertex 5.577459910301037 6.741990874288154 0
      vertex 5.989787176876025 6.378475489937352 0
    endloop
  endfacet
  facet normal -0.7501110696304591 -0.6613118653236525 0
    outer loop
      vertex 6.378475489937352 5.989787176876025 49.31909103614021
      vertex 6.378475489937352 5.989787176876025 0
      vertex 6.741990874288154 5.577459910301037 0
    endloop
  endfacet
  facet normal -0.7071067811865476 -0.7071067811865476 0
    outer loop
      vertex 5.989787176876025 6.378475489937352 47.75942506382512
      vertex 5.989787176876025 6.378475489937352 0
      vertex 6.378475489937352 5.989787176876025 0
    endloop
  endfacet
  facet normal -0.5620833778520941 -0.8270805742745867 0
    outer loop
      vertex 5.14312095755914 7.07889870078079 46.56711894688624
      vertex 5.140819640973139 7.080462673917629 46.564847724926494
      vertex 5.14312095755914 7.07889870078079 0
    endloop
  endfacet
  facet normal -0.5620833778521283 -0.8270805742745635 -2.465293910813212e-18
    outer loop
      vertex 5.140819640973139 7.080462673917629 46.564847724926494
      vertex 4.963116965064933 7.2012292877574655 46.4105431683779
      vertex 5.14312095755914 7.07889870078079 0
    endloop
  endfacet
  facet normal -0.6129070536529759 -0.7901550123756907 1.2130021256387643e-17
    outer loop
      vertex 5.306599358081417 6.952091854996498 46.73133860011103
      vertex 5.14312095755914 7.07889870078079 46.56711894688624
      vertex 5.577459910301037 6.741990874288154 0
    endloop
  endfacet
  facet normal -0.6613118653236496 -0.7501110696304616 3.533992805305961e-17
    outer loop
      vertex 5.741213934771087 6.597622281741062 47.297133805644535
      vertex 5.608358423891735 6.714750170230208 47.09820556868317
      vertex 5.989787176876025 6.378475489937352 0
    endloop
  endfacet
  facet normal -0.6613118653236523 -0.7501110696304591 9.847015738237158e-18
    outer loop
      vertex 5.863052758441627 6.490206909521453 47.50535836298468
      vertex 5.741213934771087 6.597622281741062 47.297133805644535
      vertex 5.989787176876025 6.378475489937352 0
    endloop
  endfacet
  facet normal -0.6613118653236546 -0.7501110696304573 -7.099758265187819e-19
    outer loop
      vertex 5.973394052082207 6.392927973542512 47.72205747891667
      vertex 5.863052758441627 6.490206909521453 47.50535836298468
      vertex 5.989787176876025 6.378475489937352 0
    endloop
  endfacet
  facet normal -0.6129070536529758 -0.7901550123756907 1.2495834145889396e-17
    outer loop
      vertex 5.462836806403092 6.830901667474702 46.909358742129825
      vertex 5.306599358081417 6.952091854996498 46.73133860011103
      vertex 5.577459910301037 6.741990874288154 0
    endloop
  endfacet
  facet normal -0.6129070536529793 -0.7901550123756883 0
    outer loop
      vertex 5.577459910301037 6.741990874288154 47.05749979443959
      vertex 5.462836806403092 6.830901667474702 46.909358742129825
      vertex 5.577459910301037 6.741990874288154 0
    endloop
  endfacet
  facet normal -0.6613118653236572 -0.7501110696304548 -7.343159968618535e-17
    outer loop
      vertex 5.608358423891735 6.714750170230208 47.09820556868317
      vertex 5.577459910301037 6.741990874288154 47.05749979443959
      vertex 5.989787176876025 6.378475489937352 0
    endloop
  endfacet
  facet normal -0.7501110696304701 -0.6613118653236398 -1.8643542641190085e-16
    outer loop
      vertex 6.3848581621028995 5.982547456410921 49.40106072504523
      vertex 6.378475489937352 5.989787176876025 49.31909103614021
      vertex 6.741990874288154 5.577459910301037 0
    endloop
  endfacet
  facet normal -0.750111069630469 -0.6613118653236412 -1.6929161049547049e-16
    outer loop
      vertex 6.3848581621028995 5.982547456410921 49.40106072504523
      vertex 6.741990874288154 5.577459910301037 0
      vertex 6.391372221915569 5.975158705913715 49.65269498754742
    endloop
  endfacet
  facet normal -0.7501110696304587 -0.661311865323653 0
    outer loop
      vertex 6.391372221915569 5.975158705913715 49.65269498754742
      vertex 6.741990874288154 5.577459910301037 0
      vertex 6.391372221915569 5.975158705913715 51.656455012452625
    endloop
  endfacet
  facet normal -0.7071067811865475 -0.7071067811865475 0
    outer loop
      vertex 6.22630295374883 6.141959713064547 48.41430318583252
      vertex 6.154400856794187 6.21386181001919 48.17742846388819
      vertex 6.378475489937352 5.989787176876025 0
    endloop
  endfacet
  facet normal -0.7071067811865475 -0.7071067811865475 0
    outer loop
      vertex 6.070100388545366 6.298162278268011 47.94637593854668
      vertex 5.989787176876025 6.378475489937352 47.75942506382512
      vertex 6.378475489937352 5.989787176876025 0
    endloop
  endfacet
  facet normal -0.7071067811865476 -0.7071067811865476 0
    outer loop
      vertex 6.154400856794187 6.21386181001919 48.17742846388819
      vertex 6.070100388545366 6.298162278268011 47.94637593854668
      vertex 6.378475489937352 5.989787176876025 0
    endloop
  endfacet
  facet normal -0.6613118653236535 -0.7501110696304583 0
    outer loop
      vertex 5.989787176876025 6.378475489937352 47.75942506382512
      vertex 5.973394052082207 6.392927973542512 47.72205747891667
      vertex 5.989787176876025 6.378475489937352 0
    endloop
  endfacet
  facet normal -0.7071067811865476 -0.7071067811865476 0
    outer loop
      vertex 6.331827017122369 6.036435649691008 48.90176061023476
      vertex 6.285522911911577 6.0827397549018 48.65606528003218
      vertex 6.378475489937352 5.989787176876025 0
    endloop
  endfacet
  facet normal -0.7071067811865476 -0.7071067811865476 0
    outer loop
      vertex 6.285522911911577 6.0827397549018 48.65606528003218
      vertex 6.22630295374883 6.141959713064547 48.41430318583252
      vertex 6.378475489937352 5.989787176876025 0
    endloop
  endfacet
  facet normal -0.7071067811865476 -0.7071067811865476 0
    outer loop
      vertex 6.365032525700775 6.003230141112602 49.15041954298022
      vertex 6.331827017122369 6.036435649691008 48.90176061023476
      vertex 6.378475489937352 5.989787176876025 0
    endloop
  endfacet
  facet normal -0.7071067811865476 -0.7071067811865476 0
    outer loop
      vertex 6.365032525700775 6.003230141112602 49.15041954298022
      vertex 6.378475489937352 5.989787176876025 0
      vertex 6.378475489937352 5.989787176876025 49.31909103614021
    endloop
  endfacet
  facet normal -0.5620833778521293 -0.8270805742745627 0
    outer loop
      vertex 4.688484456066217 7.387869348142634 46.21036055007619
      vertex 4.688484456066217 7.387869348142634 0
      vertex 5.14312095755914 7.07889870078079 0
    endloop
  endfacet
  facet normal -0.5620833778521284 -0.8270805742745633 1.3922615005518283e-17
    outer loop
      vertex 4.777109882338252 7.32763957064331 46.26903390367033
      vertex 4.688484456066217 7.387869348142634 46.21036055007619
      vertex 5.14312095755914 7.07889870078079 0
    endloop
  endfacet
  facet normal -0.5620833778521312 -0.8270805742745613 -1.9553944469395102e-17
    outer loop
      vertex 4.963116965064933 7.2012292877574655 46.4105431683779
      vertex 4.777109882338252 7.32763957064331 46.26903390367033
      vertex 5.14312095755914 7.07889870078079 0
    endloop
  endfacet
  facet normal -0.7901550123756901 -0.6129070536529768 0
    outer loop
      vertex 6.741990874288154 5.577459910301037 152.19451663
      vertex 6.741990874288154 5.577459910301037 0
      vertex 7.07889870078079 5.14312095755914 0
    endloop
  endfacet
  facet normal -0.7501110696304585 -0.6613118653236529 0
    outer loop
      vertex 6.391372221915569 5.975158705913715 51.656455012452625
      vertex 6.741990874288154 5.577459910301037 0
      vertex 6.741990874288154 5.577459910301037 152.19451663
    endloop
  endfacet
  facet normal -0.8270805742745627 -0.5620833778521294 0
    outer loop
      vertex 7.07889870078079 5.14312095755914 152.19451663
      vertex 7.07889870078079 5.14312095755914 0
      vertex 7.387869348142634 4.688484456066217 0
    endloop
  endfacet
  facet normal -0.031410759078124156 -0.9995065603657317 -2.98314423655468e-17
    outer loop
      vertex 0.1061622724098946 8.74666371618348 84.19745848327875
      vertex 0.5494170458814954 8.732733873747376 152.19451663
      vertex 0 8.75 84.22051495444163
    endloop
  endfacet
  facet normal -0.031410759078131865 -0.9995065603657315 2.0444056122668417e-17
    outer loop
      vertex 0.34550853536107856 8.739141956847494 84.12989585101604
      vertex 0.5494170458814954 8.732733873747376 152.19451663
      vertex 0.1061622724098946 8.74666371618348 84.19745848327875
    endloop
  endfacet
  facet normal -0.031410759078125045 -0.9995065603657316 0
    outer loop
      vertex 0.5494170458814954 8.732733873747376 84.0585681545769
      vertex 0.5494170458814954 8.732733873747376 152.19451663
      vertex 0.34550853536107856 8.739141956847494 84.12989585101604
    endloop
  endfacet
  facet normal -0.09410831331852901 -0.9955619646030788 1.2488384710390066e-16
    outer loop
      vertex 0.5804350924852505 8.729801805074505 84.04786447435617
      vertex 1.0966657936876605 8.681003636501682 152.19451663
      vertex 0.5494170458814954 8.732733873747376 84.0585681545769
    endloop
  endfacet
  facet normal -0.09410831331851094 -0.9955619646030803 -1.3019855818544864e-17
    outer loop
      vertex 0.8123097669155979 8.707883194995203 83.95168808102608
      vertex 1.0966657936876605 8.681003636501682 152.19451663
      vertex 0.5804350924852505 8.729801805074505 84.04786447435617
    endloop
  endfacet
  facet normal -0.0941083133185116 -0.9955619646030803 -1.026531135097486e-17
    outer loop
      vertex 1.0374264165254274 8.68660340634524 83.84174624830484
      vertex 1.0966657936876605 8.681003636501682 152.19451663
      vertex 0.8123097669155979 8.707883194995203 83.95168808102608
    endloop
  endfacet
  facet normal -0.09410831331852333 -0.9955619646030791 0
    outer loop
      vertex 1.0966657936876605 8.681003636501682 83.80816629927688
      vertex 1.0966657936876605 8.681003636501682 152.19451663
      vertex 1.0374264165254274 8.68660340634524 83.84174624830484
    endloop
  endfacet
  facet normal -0.15643446504023528 -0.987688340595137 2.2074824227054518e-17
    outer loop
      vertex 1.257119128949204 8.655590324798077 83.71847286820412
      vertex 1.6395865026250922 8.595013443876026 152.19451663
      vertex 1.0966657936876605 8.681003636501682 83.80816629927688
    endloop
  endfacet
  facet normal -0.1564344650402267 -0.9876883405951384 -2.7061491637481564e-17
    outer loop
      vertex 1.469019740327135 8.622028565060557 83.58235443383455
      vertex 1.6395865026250922 8.595013443876026 152.19451663
      vertex 1.257119128949204 8.655590324798077 83.71847286820412
    endloop
  endfacet
  facet normal -0.1564344650402373 -0.9876883405951367 0
    outer loop
      vertex 1.6395865026250922 8.595013443876026 83.45729727289103
      vertex 1.6395865026250922 8.595013443876026 152.19451663
      vertex 1.469019740327135 8.622028565060557 83.58235443383455
    endloop
  endfacet
  facet normal -0.21814324139651953 -0.9759167619387525 -1.9029098692288122e-16
    outer loop
      vertex 1.6719232520410179 8.587785324010758 83.43392813950777
      vertex 2.1760365126924763 8.475102659875523 152.19451663
      vertex 1.6395865026250922 8.595013443876026 83.45729727289103
    endloop
  endfacet
  facet normal -0.21814324139654237 -0.9759167619387475 -1.4058408021193218e-17
    outer loop
      vertex 1.8668977875510548 8.544203351833694 83.27377977222204
      vertex 2.1760365126924763 8.475102659875523 152.19451663
      vertex 1.6719232520410179 8.587785324010758 83.43392813950777
    endloop
  endfacet
  facet normal -0.21814324139654898 -0.975916761938746 1.690240198532763e-17
    outer loop
      vertex 2.0506943149525627 8.503119960494924 83.10254135727882
      vertex 2.1760365126924763 8.475102659875523 152.19451663
      vertex 1.8668977875510548 8.544203351833694 83.27377977222204
    endloop
  endfacet
  facet normal -0.21814324139654007 -0.9759167619387479 0
    outer loop
      vertex 2.1760365126924763 8.475102659875523 82.9700826600668
      vertex 2.1760365126924763 8.475102659875523 152.19451663
      vertex 2.0506943149525627 8.503119960494924 83.10254135727882
    endloop
  endfacet
  facet normal -0.27899110603922556 -0.9602936856769442 -4.0416612653775354e-17
    outer loop
      vertex 2.7038987007807895 8.321744517582593 152.19451663
      vertex 2.1760365126924763 8.475102659875523 82.9700826600668
      vertex 2.223294067305199 8.461373071077052 82.92088868469
    endloop
  endfacet
  facet normal -0.39714789063479433 -0.9177546256839751 8.188039660180294e-17
    outer loop
      vertex 3.263153428403704 8.117341709653447 55.63237456460001
      vertex 3.7255688011943837 7.917236709077671 152.19451663
      vertex 3.2210898359909357 8.135544251522198 55.6366215988607
    endloop
  endfacet
  facet normal -0.39714789063478123 -0.9177546256839809 7.359480788199555e-18
    outer loop
      vertex 3.4959541999176156 8.016599819874363 55.5929908626199
      vertex 3.7255688011943837 7.917236709077671 152.19451663
      vertex 3.263153428403704 8.117341709653447 55.63237456460001
    endloop
  endfacet
  facet normal -0.4539904997395477 -0.8910065241883673 -1.2784405950605672e-18
    outer loop
      vertex 4.167487017420361 7.692068131315354 55.38255291659834
      vertex 4.215344648390009 7.667683450383805 152.19451663
      vertex 3.948984812671832 7.803400565405372 55.46783306677344
    endloop
  endfacet
  facet normal -0.3971478906347787 -0.917754625683982 0
    outer loop
      vertex 3.7255688011943837 7.917236709077671 55.53816971209454
      vertex 3.7255688011943837 7.917236709077671 152.19451663
      vertex 3.4959541999176156 8.016599819874363 55.5929908626199
    endloop
  endfacet
  facet normal -0.4539904997395991 -0.8910065241883411 3.317075870378606e-16
    outer loop
      vertex 3.72597431086041 7.917030091582815 55.53807144839766
      vertex 4.215344648390009 7.667683450383805 152.19451663
      vertex 3.7255688011943837 7.917236709077671 55.53816971209454
    endloop
  endfacet
  facet normal -0.4539904997395459 -0.8910065241883683 -7.731909829685318e-18
    outer loop
      vertex 3.948984812671832 7.803400565405372 55.46783306677344
      vertex 4.215344648390009 7.667683450383805 152.19451663
      vertex 3.72597431086041 7.917030091582815 55.53807144839766
    endloop
  endfacet
  facet normal -0.4539904997395498 -0.8910065241883663 0
    outer loop
      vertex 4.215344648390009 7.667683450383805 55.360101706293904
      vertex 4.215344648390009 7.667683450383805 152.19451663
      vertex 4.167487017420361 7.692068131315354 55.38255291659834
    endloop
  endfacet
  facet normal -0.5090414157503708 -0.860742027003944 3.592601833950551e-18
    outer loop
      vertex 4.378063587757719 7.571451737900271 55.28256756294968
      vertex 4.688484456066217 7.387869348142634 152.19451663
      vertex 4.215344648390009 7.667683450383805 55.360101706293904
    endloop
  endfacet
  facet normal -0.5090414157503701 -0.8607420270039443 0
    outer loop
      vertex 4.688484456066217 7.387869348142634 55.098789449923856
      vertex 4.688484456066217 7.387869348142634 152.19451663
      vertex 4.58178458499415 7.45097147598919 55.16827159602644
    endloop
  endfacet
  facet normal -0.5090414157503699 -0.8607420270039445 -3.774682115392304e-19
    outer loop
      vertex 4.58178458499415 7.45097147598919 55.16827159602644
      vertex 4.688484456066217 7.387869348142634 152.19451663
      vertex 4.378063587757719 7.571451737900271 55.28256756294968
    endloop
  endfacet
  facet normal -0.33873792024526533 -0.9408807689542348 0
    outer loop
      vertex 3.2210898359909357 8.135544251522198 55.6366215988607
      vertex 3.2210898359909357 8.135544251522198 152.19451663
      vertex 3.194951873879862 8.144954496918961 78.53628684580326
    endloop
  endfacet
  facet normal -0.33873792024526533 -0.9408807689542348 0
    outer loop
      vertex 3.194951873879862 8.144954496918961 78.53628684580326
      vertex 3.2210898359909357 8.135544251522198 152.19451663
      vertex 3.194951873879862 8.144954496918961 80.46371315419674
    endloop
  endfacet
  facet normal -0.33873792024540733 -0.9408807689541838 5.841121238107521e-17
    outer loop
      vertex 3.194951873879862 8.144954496918961 80.46371315419674
      vertex 3.2210898359909357 8.135544251522198 152.19451663
      vertex 3.186530846351478 8.14798625338101 80.70576135069132
    endloop
  endfacet
  facet normal -0.33873792024529686 -0.9408807689542235 -1.8859738410637054e-18
    outer loop
      vertex 3.186530846351478 8.14798625338101 80.70576135069132
      vertex 3.2210898359909357 8.135544251522198 152.19451663
      vertex 3.1613009958735936 8.157069558472342 80.94685430079699
    endloop
  endfacet
  facet normal -0.2789911060392353 -0.9602936856769413 1.2126084416545814e-17
    outer loop
      vertex 2.6676644528573266 8.33227153973784 82.32080256193876
      vertex 2.7038987007807895 8.321744517582593 152.19451663
      vertex 2.533342218846547 8.371295756174202 82.52924647927284
    endloop
  endfacet
  facet normal -0.2789911060392138 -0.9602936856769476 0
    outer loop
      vertex 2.7038987007807895 8.321744517582593 82.25553840012856
      vertex 2.7038987007807895 8.321744517582593 152.19451663
      vertex 2.6676644528573266 8.33227153973784 82.32080256193876
    endloop
  endfacet
  facet normal -0.33873792024528937 -0.9408807689542262 -5.42651096974232e-18
    outer loop
      vertex 2.7887968782105315 8.291179292950432 82.10502956807613
      vertex 3.2210898359909357 8.135544251522198 152.19451663
      vertex 2.7038987007807895 8.321744517582593 82.25553840012856
    endloop
  endfacet
  facet normal -0.3387379202452928 -0.9408807689542249 1.900203150280529e-17
    outer loop
      vertex 2.895269753737496 8.252846699056917 81.88277904689312
      vertex 3.2210898359909357 8.135544251522198 152.19451663
      vertex 2.7887968782105315 8.291179292950432 82.10502956807613
    endloop
  endfacet
  facet normal -0.33873792024528737 -0.940880768954227 -9.980755201838003e-18
    outer loop
      vertex 2.9860832710050276 8.220151821040062 81.65492812544107
      vertex 3.2210898359909357 8.135544251522198 152.19451663
      vertex 2.895269753737496 8.252846699056917 81.88277904689312
    endloop
  endfacet
  facet normal -0.33873792024529603 -0.9408807689542237 2.2963638376037874e-17
    outer loop
      vertex 3.060879044542629 8.193223685608592 81.42237601429224
      vertex 3.2210898359909357 8.135544251522198 152.19451663
      vertex 2.9860832710050276 8.220151821040062 81.65492812544107
    endloop
  endfacet
  facet normal -0.3387379202452649 -0.940880768954235 -3.2175957432905914e-17
    outer loop
      vertex 3.1613009958735936 8.157069558472342 80.94685430079699
      vertex 3.2210898359909357 8.135544251522198 152.19451663
      vertex 3.119361886796367 8.172168566821242 81.18604050576687
    endloop
  endfacet
  facet normal -0.338737920245291 -0.9408807689542257 1.0062279583310288e-17
    outer loop
      vertex 3.119361886796367 8.172168566821242 81.18604050576687
      vertex 3.2210898359909357 8.135544251522198 152.19451663
      vertex 3.060879044542629 8.193223685608592 81.42237601429224
    endloop
  endfacet
  facet normal -0.2789911060392342 -0.9602936856769416 2.1826713549334862e-17
    outer loop
      vertex 2.7038987007807895 8.321744517582593 152.19451663
      vertex 2.223294067305199 8.461373071077052 82.92088868469
      vertex 2.385023642852039 8.41438628585284 82.72953867167234
    endloop
  endfacet
  facet normal -0.2789911060392286 -0.9602936856769432 -5.543806766099601e-18
    outer loop
      vertex 2.533342218846547 8.371295756174202 82.52924647927284
      vertex 2.7038987007807895 8.321744517582593 152.19451663
      vertex 2.385023642852039 8.41438628585284 82.72953867167234
    endloop
  endfacet
  facet normal -0.03141075907812785 -0.9995065603657315 0
    outer loop
      vertex 0.5494170458814954 8.732733873747376 152.19451663
      vertex 0 8.75 152.19451663
      vertex 0 8.75 84.22051495444163
    endloop
  endfacet
  facet normal -0.09410831331851358 -0.9955619646030801 0
    outer loop
      vertex 0.5494170458814954 8.732733873747376 84.0585681545769
      vertex 1.0966657936876605 8.681003636501682 152.19451663
      vertex 0.5494170458814954 8.732733873747376 152.19451663
    endloop
  endfacet
  facet normal -0.1564344650402326 -0.9876883405951374 0
    outer loop
      vertex 1.0966657936876605 8.681003636501682 83.80816629927688
      vertex 1.6395865026250922 8.595013443876026 152.19451663
      vertex 1.0966657936876605 8.681003636501682 152.19451663
    endloop
  endfacet
  facet normal -0.21814324139654268 -0.9759167619387472 0
    outer loop
      vertex 1.6395865026250922 8.595013443876026 83.45729727289103
      vertex 2.1760365126924763 8.475102659875523 152.19451663
      vertex 1.6395865026250922 8.595013443876026 152.19451663
    endloop
  endfacet
  facet normal -0.2789911060392308 -0.9602936856769426 0
    outer loop
      vertex 2.7038987007807895 8.321744517582593 152.19451663
      vertex 2.1760365126924763 8.475102659875523 152.19451663
      vertex 2.1760365126924763 8.475102659875523 82.9700826600668
    endloop
  endfacet
  facet normal -0.3971478906347811 -0.9177546256839809 0
    outer loop
      vertex 3.2210898359909357 8.135544251522198 55.6366215988607
      vertex 3.7255688011943837 7.917236709077671 152.19451663
      vertex 3.2210898359909357 8.135544251522198 152.19451663
    endloop
  endfacet
  facet normal -0.3387379202452899 -0.940880768954226 0
    outer loop
      vertex 2.7038987007807895 8.321744517582593 82.25553840012856
      vertex 3.2210898359909357 8.135544251522198 152.19451663
      vertex 2.7038987007807895 8.321744517582593 152.19451663
    endloop
  endfacet
  facet normal -0.45399049973954714 -0.8910065241883677 0
    outer loop
      vertex 3.7255688011943837 7.917236709077671 55.53816971209454
      vertex 4.215344648390009 7.667683450383805 152.19451663
      vertex 3.7255688011943837 7.917236709077671 152.19451663
    endloop
  endfacet
  facet normal -0.5090414157503702 -0.8607420270039442 0
    outer loop
      vertex 4.215344648390009 7.667683450383805 55.360101706293904
      vertex 4.688484456066217 7.387869348142634 152.19451663
      vertex 4.215344648390009 7.667683450383805 152.19451663
    endloop
  endfacet
  facet normal -0.9995065603657315 -0.03141075907812784 0
    outer loop
      vertex 8.75 0 152.19451663
      vertex 8.732733873747376 0.5494170458814954 152.19451663
      vertex 8.75 0 0
    endloop
  endfacet
  facet normal -0.9955619646030802 -0.09410831331851358 0
    outer loop
      vertex 8.732733873747376 0.5494170458814954 152.19451663
      vertex 8.681003636501682 1.0966657936876605 152.19451663
      vertex 8.732733873747376 0.5494170458814954 0
    endloop
  endfacet
  facet normal -0.9876883405951374 -0.15643446504023256 0
    outer loop
      vertex 8.681003636501682 1.0966657936876605 152.19451663
      vertex 8.595013443876026 1.6395865026250922 152.19451663
      vertex 8.681003636501682 1.0966657936876605 0
    endloop
  endfacet
  facet normal -0.9759167619387473 -0.21814324139654273 0
    outer loop
      vertex 8.595013443876026 1.6395865026250922 152.19451663
      vertex 8.475102659875523 2.1760365126924763 152.19451663
      vertex 8.595013443876026 1.6395865026250922 0
    endloop
  endfacet
  facet normal -0.9602936856769426 -0.2789911060392308 0
    outer loop
      vertex 8.475102659875523 2.1760365126924763 152.19451663
      vertex 8.321744517582593 2.7038987007807895 152.19451663
      vertex 8.475102659875523 2.1760365126924763 0
    endloop
  endfacet
  facet normal -0.9408807689542259 -0.3387379202452899 0
    outer loop
      vertex 8.321744517582593 2.7038987007807895 152.19451663
      vertex 8.135544251522198 3.2210898359909357 152.19451663
      vertex 8.321744517582593 2.7038987007807895 0
    endloop
  endfacet
  facet normal -0.917754625683981 -0.3971478906347812 0
    outer loop
      vertex 8.135544251522198 3.2210898359909357 152.19451663
      vertex 7.917236709077671 3.7255688011943837 152.19451663
      vertex 8.135544251522198 3.2210898359909357 0
    endloop
  endfacet
  facet normal -0.8607420270039443 -0.5090414157503703 0
    outer loop
      vertex 7.667683450383805 4.215344648390009 152.19451663
      vertex 7.387869348142634 4.688484456066217 152.19451663
      vertex 7.667683450383805 4.215344648390009 0
    endloop
  endfacet
  facet normal -0.8910065241883676 -0.45399049973954714 0
    outer loop
      vertex 7.917236709077671 3.7255688011943837 152.19451663
      vertex 7.667683450383805 4.215344648390009 152.19451663
      vertex 7.917236709077671 3.7255688011943837 0
    endloop
  endfacet
  facet normal -0.5620833778520941 -0.8270805742745867 0
    outer loop
      vertex 5.14312095755914 7.07889870078079 54.742031053113806
      vertex 5.14312095755914 7.07889870078079 152.19451663
      vertex 5.140819640973139 7.080462673917629 54.74430227507355
    endloop
  endfacet
  facet normal -0.5620833778521281 -0.8270805742745635 1.178023144125733e-18
    outer loop
      vertex 5.140819640973139 7.080462673917629 54.74430227507355
      vertex 5.14312095755914 7.07889870078079 152.19451663
      vertex 4.963116965064933 7.2012292877574655 54.898606831622146
    endloop
  endfacet
  facet normal -0.612907053652976 -0.7901550123756907 -5.824492767773415e-18
    outer loop
      vertex 5.306599358081417 6.952091854996498 54.577811399889015
      vertex 5.577459910301037 6.741990874288154 152.19451663
      vertex 5.14312095755914 7.07889870078079 54.742031053113806
    endloop
  endfacet
  facet normal -0.6613118653236496 -0.7501110696304615 -1.7093357692000517e-17
    outer loop
      vertex 5.741213934771087 6.597622281741062 54.01201619435551
      vertex 5.989787176876025 6.378475489937352 152.19451663
      vertex 5.608358423891735 6.714750170230208 54.210944431316875
    endloop
  endfacet
  facet normal -0.6613118653236524 -0.7501110696304591 -4.7655570255504456e-18
    outer loop
      vertex 5.863052758441627 6.490206909521453 53.803791637015365
      vertex 5.989787176876025 6.378475489937352 152.19451663
      vertex 5.741213934771087 6.597622281741062 54.01201619435551
    endloop
  endfacet
  facet normal -0.6613118653236546 -0.7501110696304572 3.4371954163043523e-19
    outer loop
      vertex 5.973394052082207 6.392927973542512 53.58709252108338
      vertex 5.989787176876025 6.378475489937352 152.19451663
      vertex 5.863052758441627 6.490206909521453 53.803791637015365
    endloop
  endfacet
  facet normal -0.6129070536529758 -0.7901550123756907 -6.002569261927354e-18
    outer loop
      vertex 5.462836806403092 6.830901667474702 54.39979125787022
      vertex 5.577459910301037 6.741990874288154 152.19451663
      vertex 5.306599358081417 6.952091854996498 54.577811399889015
    endloop
  endfacet
  facet normal -0.6129070536529792 -0.7901550123756882 0
    outer loop
      vertex 5.577459910301037 6.741990874288154 54.25165020556045
      vertex 5.577459910301037 6.741990874288154 152.19451663
      vertex 5.462836806403092 6.830901667474702 54.39979125787022
    endloop
  endfacet
  facet normal -0.6613118653236572 -0.7501110696304548 3.5491269916908077e-17
    outer loop
      vertex 5.608358423891735 6.714750170230208 54.210944431316875
      vertex 5.989787176876025 6.378475489937352 152.19451663
      vertex 5.577459910301037 6.741990874288154 54.25165020556045
    endloop
  endfacet
  facet normal -0.7501110696304703 -0.6613118653236397 9.339467560047983e-17
    outer loop
      vertex 6.391372221915569 5.975158705913715 51.656455012452625
      vertex 6.741990874288154 5.577459910301037 152.19451663
      vertex 6.3848581621028995 5.982547456410921 51.90808927495482
    endloop
  endfacet
  facet normal -0.7501110696304706 -0.6613118653236393 9.59751309199666e-17
    outer loop
      vertex 6.3848581621028995 5.982547456410921 51.90808927495482
      vertex 6.741990874288154 5.577459910301037 152.19451663
      vertex 6.378475489937352 5.989787176876025 51.99005896385978
    endloop
  endfacet
  facet normal -0.7071067811865476 -0.7071067811865476 0
    outer loop
      vertex 6.378475489937352 5.989787176876025 51.99005896385978
      vertex 6.378475489937352 5.989787176876025 152.19451663
      vertex 6.365032525700775 6.003230141112602 52.15873045701983
    endloop
  endfacet
  facet normal -0.7071067811865476 -0.7071067811865476 0
    outer loop
      vertex 6.365032525700775 6.003230141112602 52.15873045701983
      vertex 6.378475489937352 5.989787176876025 152.19451663
      vertex 6.331827017122369 6.036435649691008 52.407389389765285
    endloop
  endfacet
  facet normal -0.7071067811865475 -0.7071067811865475 0
    outer loop
      vertex 6.22630295374883 6.141959713064547 52.89484681416752
      vertex 6.378475489937352 5.989787176876025 152.19451663
      vertex 6.154400856794187 6.21386181001919 53.131721536111854
    endloop
  endfacet
  facet normal -0.7071067811865476 -0.7071067811865476 0
    outer loop
      vertex 6.070100388545366 6.298162278268011 53.362774061453365
      vertex 6.378475489937352 5.989787176876025 152.19451663
      vertex 5.989787176876025 6.378475489937352 53.54972493617498
    endloop
  endfacet
  facet normal -0.7071067811865476 -0.7071067811865476 0
    outer loop
      vertex 6.154400856794187 6.21386181001919 53.131721536111854
      vertex 6.378475489937352 5.989787176876025 152.19451663
      vertex 6.070100388545366 6.298162278268011 53.362774061453365
    endloop
  endfacet
  facet normal -0.6613118653236534 -0.7501110696304581 0
    outer loop
      vertex 5.989787176876025 6.378475489937352 53.54972493617498
      vertex 5.989787176876025 6.378475489937352 152.19451663
      vertex 5.973394052082207 6.392927973542512 53.58709252108338
    endloop
  endfacet
  facet normal -0.7071067811865475 -0.7071067811865475 0
    outer loop
      vertex 6.331827017122369 6.036435649691008 52.407389389765285
      vertex 6.378475489937352 5.989787176876025 152.19451663
      vertex 6.285522911911577 6.0827397549018 52.653084719967865
    endloop
  endfacet
  facet normal -0.7071067811865475 -0.7071067811865475 0
    outer loop
      vertex 6.285522911911577 6.0827397549018 52.653084719967865
      vertex 6.378475489937352 5.989787176876025 152.19451663
      vertex 6.22630295374883 6.141959713064547 52.89484681416752
    endloop
  endfacet
  facet normal -0.7901550123756901 -0.6129070536529768 0
    outer loop
      vertex 7.07889870078079 5.14312095755914 152.19451663
      vertex 6.741990874288154 5.577459910301037 152.19451663
      vertex 7.07889870078079 5.14312095755914 0
    endloop
  endfacet
  facet normal -0.5620833778521285 -0.8270805742745634 -6.6486799522097976e-18
    outer loop
      vertex 4.777109882338252 7.32763957064331 55.04011609632971
      vertex 5.14312095755914 7.07889870078079 152.19451663
      vertex 4.688484456066217 7.387869348142634 55.098789449923856
    endloop
  endfacet
  facet normal -0.5620833778521312 -0.8270805742745614 9.34168431033381e-18
    outer loop
      vertex 4.963116965064933 7.2012292877574655 54.898606831622146
      vertex 5.14312095755914 7.07889870078079 152.19451663
      vertex 4.777109882338252 7.32763957064331 55.04011609632971
    endloop
  endfacet
  facet normal -0.8270805742745627 -0.5620833778521294 0
    outer loop
      vertex 7.387869348142634 4.688484456066217 152.19451663
      vertex 7.07889870078079 5.14312095755914 152.19451663
      vertex 7.387869348142634 4.688484456066217 0
    endloop
  endfacet
  facet normal -0.6129070536529768 -0.7901550123756901 0
    outer loop
      vertex 5.14312095755914 7.07889870078079 54.742031053113806
      vertex 5.577459910301037 6.741990874288154 152.19451663
      vertex 5.14312095755914 7.07889870078079 152.19451663
    endloop
  endfacet
  facet normal -0.6613118653236525 -0.750111069630459 0
    outer loop
      vertex 5.577459910301037 6.741990874288154 54.25165020556045
      vertex 5.989787176876025 6.378475489937352 152.19451663
      vertex 5.577459910301037 6.741990874288154 152.19451663
    endloop
  endfacet
  facet normal -0.7501110696304591 -0.6613118653236525 0
    outer loop
      vertex 6.378475489937352 5.989787176876025 51.99005896385978
      vertex 6.741990874288154 5.577459910301037 152.19451663
      vertex 6.378475489937352 5.989787176876025 152.19451663
    endloop
  endfacet
  facet normal -0.7071067811865475 -0.7071067811865475 0
    outer loop
      vertex 5.989787176876025 6.378475489937352 53.54972493617498
      vertex 6.378475489937352 5.989787176876025 152.19451663
      vertex 5.989787176876025 6.378475489937352 152.19451663
    endloop
  endfacet
  facet normal -0.5620833778521294 -0.8270805742745627 0
    outer loop
      vertex 5.14312095755914 7.07889870078079 152.19451663
      vertex 4.688484456066217 7.387869348142634 152.19451663
      vertex 4.688484456066217 7.387869348142634 55.098789449923856
    endloop
  endfacet
  facet normal -0.750111069630459 -0.6613118653236525 0
    outer loop
      vertex -7.358401468508789 -6.087399102099987 7.996
      vertex -7.358401468508789 -6.087399102099987 0
      vertex -6.961650391874482 -6.537424861618976 0
    endloop
  endfacet
  facet normal -0.8270805742745618 -0.5620833778521306 0
    outer loop
      vertex -7.726112296280749 -5.613349159393119 7.996
      vertex -8.063331688544244 -5.11714589204942 7.996
      vertex -7.726112296280749 -5.613349159393119 0
    endloop
  endfacet
  facet normal -0.8270805742745618 -0.5620833778521306 0
    outer loop
      vertex -8.063331688544244 -5.11714589204942 7.996
      vertex -8.063331688544244 -5.11714589204942 0
      vertex -7.726112296280749 -5.613349159393119 0
    endloop
  endfacet
  facet normal -0.8607420270039441 -0.5090414157503708 0
    outer loop
      vertex -8.063331688544244 -5.11714589204942 7.996
      vertex -8.368728794418898 -4.600747587671381 7.996
      vertex -8.063331688544244 -5.11714589204942 0
    endloop
  endfacet
  facet normal -0.7901550123756906 -0.612907053652976 0
    outer loop
      vertex -7.726112296280749 -5.613349159393119 7.996
      vertex -7.726112296280749 -5.613349159393119 0
      vertex -7.358401468508789 -6.087399102099987 0
    endloop
  endfacet
  facet normal -0.7901550123756906 -0.612907053652976 0
    outer loop
      vertex -7.358401468508789 -6.087399102099987 7.996
      vertex -7.726112296280749 -5.613349159393119 7.996
      vertex -7.358401468508789 -6.087399102099987 0
    endloop
  endfacet
  facet normal -0.6613118653236525 -0.750111069630459 0
    outer loop
      vertex -6.087399102099987 -7.358401468508789 7.996
      vertex -6.537424861618976 -6.961650391874482 7.996
      vertex -6.087399102099987 -7.358401468508789 0
    endloop
  endfacet
  facet normal -0.5620833778521306 -0.8270805742745618 0
    outer loop
      vertex -5.613349159393119 -7.726112296280749 7.996
      vertex -5.613349159393119 -7.726112296280749 0
      vertex -5.11714589204942 -8.063331688544244 0
    endloop
  endfacet
  facet normal -0.612907053652976 -0.7901550123756909 5.3155620703773355e-17
    outer loop
      vertex -5.899961958326809 -7.503792620543303 4.0420464839865895
      vertex -5.894848107391957 -7.50775932993603 0
      vertex -5.613349159393119 -7.726112296280749 0
    endloop
  endfacet
  facet normal -0.6129070536529764 -0.7901550123756905 0
    outer loop
      vertex -5.613349159393119 -7.726112296280749 7.996
      vertex -5.899961958326809 -7.503792620543303 4.0420464839865895
      vertex -5.613349159393119 -7.726112296280749 0
    endloop
  endfacet
  facet normal -0.612907053652976 -0.7901550123756907 -4.095198189324957e-17
    outer loop
      vertex -5.613349159393119 -7.726112296280749 7.996
      vertex -6.087399102099987 -7.358401468508789 7.996
      vertex -5.899961958326809 -7.503792620543303 4.0420464839865895
    endloop
  endfacet
  facet normal -0.5620833778521306 -0.8270805742745618 0
    outer loop
      vertex -5.11714589204942 -8.063331688544244 7.996
      vertex -5.613349159393119 -7.726112296280749 7.996
      vertex -5.11714589204942 -8.063331688544244 0
    endloop
  endfacet
  facet normal -0.5090414157503692 -0.860742027003945 -4.19472660530391e-17
    outer loop
      vertex -4.600747587671382 -8.368728794418896 7.996
      vertex -5.11714589204942 -8.063331688544244 7.996
      vertex -4.704233807868741 -8.307527214401615 0
    endloop
  endfacet
  facet normal -0.7071067811865476 -0.7071067811865476 0
    outer loop
      vertex -6.961650391874482 -6.537424861618976 7.996
      vertex -6.961650391874482 -6.537424861618976 0
      vertex -6.537424861618976 -6.961650391874482 0
    endloop
  endfacet
  facet normal -0.7071067811865476 -0.7071067811865476 0
    outer loop
      vertex -6.537424861618976 -6.961650391874482 7.996
      vertex -6.961650391874482 -6.537424861618976 7.996
      vertex -6.537424861618976 -6.961650391874482 0
    endloop
  endfacet
  facet normal -0.750111069630459 -0.6613118653236525 0
    outer loop
      vertex -6.961650391874482 -6.537424861618976 7.996
      vertex -7.358401468508789 -6.087399102099987 7.996
      vertex -6.961650391874482 -6.537424861618976 0
    endloop
  endfacet
  facet normal -0.6613118653236525 -0.750111069630459 0
    outer loop
      vertex -6.537424861618976 -6.961650391874482 7.996
      vertex -6.537424861618976 -6.961650391874482 0
      vertex -6.087399102099987 -7.358401468508789 0
    endloop
  endfacet
  facet normal -0.8910065241883683 -0.4539904997395458 0
    outer loop
      vertex -8.641098351050486 -4.0661922344464445 7.996
      vertex -8.641098351050486 -4.0661922344464445 0
      vertex -8.368728794418898 -4.600747587671381 0
    endloop
  endfacet
  facet normal -0.8910065241883683 -0.4539904997395458 0
    outer loop
      vertex -8.368728794418898 -4.600747587671381 7.996
      vertex -8.641098351050486 -4.0661922344464445 7.996
      vertex -8.368728794418898 -4.600747587671381 0
    endloop
  endfacet
  facet normal -0.9177546256839809 -0.397147890634781 0
    outer loop
      vertex -8.879365440232801 -3.515589478138674 7.996
      vertex -8.879365440232801 -3.515589478138674 0
      vertex -8.641098351050486 -4.0661922344464445 0
    endloop
  endfacet
  facet normal -0.9177546256839809 -0.397147890634781 0
    outer loop
      vertex -8.641098351050486 -4.0661922344464445 7.996
      vertex -8.879365440232801 -3.515589478138674 7.996
      vertex -8.641098351050486 -4.0661922344464445 0
    endloop
  endfacet
  facet normal -0.9408807689542257 -0.3387379202452904 0
    outer loop
      vertex -9.082589730618716 -2.9511122962807477 7.996
      vertex -9.082589730618716 -2.9511122962807477 0
      vertex -8.879365440232801 -3.515589478138674 0
    endloop
  endfacet
  facet normal -0.9602936856769425 -0.27899110603923105 0
    outer loop
      vertex -9.249969188778428 -2.374988422424364 7.996
      vertex -9.249969188778428 -2.374988422424364 0
      vertex -9.082589730618716 -2.9511122962807477 0
    endloop
  endfacet
  facet normal -0.9602936856769425 -0.27899110603923105 0
    outer loop
      vertex -9.082589730618716 -2.9511122962807477 7.996
      vertex -9.249969188778428 -2.374988422424364 7.996
      vertex -9.082589730618716 -2.9511122962807477 0
    endloop
  endfacet
  facet normal -0.9408807689542257 -0.3387379202452904 0
    outer loop
      vertex -8.879365440232801 -3.515589478138674 7.996
      vertex -9.082589730618716 -2.9511122962807477 7.996
      vertex -8.879365440232801 -3.515589478138674 0
    endloop
  endfacet
  facet normal -0.8607420270039441 -0.5090414157503708 0
    outer loop
      vertex -8.368728794418898 -4.600747587671381 7.996
      vertex -8.368728794418898 -4.600747587671381 0
      vertex -8.063331688544244 -5.11714589204942 0
    endloop
  endfacet
  facet normal -0.9759167619387473 -0.21814324139654312 0
    outer loop
      vertex -9.380843244458978 -1.7894915542936698 7.996
      vertex -9.380843244458978 -1.7894915542936698 0
      vertex -9.249969188778428 -2.374988422424364 0
    endloop
  endfacet
  facet normal -0.9759167619387473 -0.21814324139654312 0
    outer loop
      vertex -9.249969188778428 -2.374988422424364 7.996
      vertex -9.380843244458978 -1.7894915542936698 7.996
      vertex -9.249969188778428 -2.374988422424364 0
    endloop
  endfacet
  facet normal -0.9876883405951379 -0.1564344650402301 0
    outer loop
      vertex -9.474695397553264 -1.1969323805391061 7.996
      vertex -9.474695397553264 -1.1969323805391061 0
      vertex -9.380843244458978 -1.7894915542936698 0
    endloop
  endfacet
  facet normal -0.9876883405951379 -0.1564344650402301 0
    outer loop
      vertex -9.380843244458978 -1.7894915542936698 7.996
      vertex -9.474695397553264 -1.1969323805391061 7.996
      vertex -9.380843244458978 -1.7894915542936698 0
    endloop
  endfacet
  facet normal -0.9955619646030801 -0.09410831331851388 0
    outer loop
      vertex -9.531155256489994 -0.5996494615049418 7.996
      vertex -9.531155256489994 -0.5996494615049418 0
      vertex -9.474695397553264 -1.1969323805391061 0
    endloop
  endfacet
  facet normal -0.9955619646030801 -0.09410831331851388 0
    outer loop
      vertex -9.474695397553264 -1.1969323805391061 7.996
      vertex -9.531155256489994 -0.5996494615049418 7.996
      vertex -9.474695397553264 -1.1969323805391061 0
    endloop
  endfacet
  facet normal -0.9995065603657316 -0.031410759078129 0
    outer loop
      vertex -9.531155256489994 -0.5996494615049418 7.996
      vertex -9.55 0 4.0420464839865895
      vertex -9.531155256489994 -0.5996494615049418 0
    endloop
  endfacet
  facet normal -0.9995065603657315 -0.031410759078129 0
    outer loop
      vertex -9.55 0 4.0420464839865895
      vertex -9.55 0 0
      vertex -9.531155256489994 -0.5996494615049418 0
    endloop
  endfacet
  facet normal -0.9995065603657315 -0.03141075907812901 0
    outer loop
      vertex -9.531155256489994 -0.5996494615049418 7.996
      vertex -9.55 0 7.996
      vertex -9.55 0 4.0420464839865895
    endloop
  endfacet
  facet normal -0.45399049973954814 -0.8910065241883672 0
    outer loop
      vertex -4.600747587671382 -8.368728794418896 7.996
      vertex -4.600747587671382 -8.368728794418896 0
      vertex -4.066192234446442 -8.641098351050488 0
    endloop
  endfacet
  facet normal -0.45399049973954814 -0.8910065241883672 0
    outer loop
      vertex -4.066192234446442 -8.641098351050488 7.996
      vertex -4.600747587671382 -8.368728794418896 7.996
      vertex -4.066192234446442 -8.641098351050488 0
    endloop
  endfacet
  facet normal -0.3971478906347805 -0.9177546256839813 6.153005599535585e-17
    outer loop
      vertex -3.8484864640234644 -8.735308050552756 4.0420464839865895
      vertex -4.066192234446442 -8.641098351050488 0
      vertex -3.8425467936081517 -8.737878375463676 0
    endloop
  endfacet
  facet normal -0.3971478906347795 -0.9177546256839817 0
    outer loop
      vertex -3.8484864640234644 -8.735308050552756 4.0420464839865895
      vertex -4.066192234446442 -8.641098351050488 7.996
      vertex -4.066192234446442 -8.641098351050488 0
    endloop
  endfacet
  facet normal -0.3971478906347821 -0.9177546256839805 -1.285055653904532e-16
    outer loop
      vertex -3.8484864640234644 -8.735308050552756 4.0420464839865895
      vertex -3.6259302705027507 -8.831616715560665 0
      vertex -3.515589478138674 -8.879365440232801 0
    endloop
  endfacet
  facet normal -0.3971478906347806 -0.9177546256839811 0
    outer loop
      vertex -3.515589478138674 -8.879365440232801 7.996
      vertex -3.8484864640234644 -8.735308050552756 4.0420464839865895
      vertex -3.515589478138674 -8.879365440232801 0
    endloop
  endfacet
  facet normal -0.3971478906347802 -0.9177546256839814 -4.095198189324963e-17
    outer loop
      vertex -3.515589478138674 -8.879365440232801 7.996
      vertex -4.066192234446442 -8.641098351050488 7.996
      vertex -3.8484864640234644 -8.735308050552756 4.0420464839865895
    endloop
  endfacet
  facet normal -0.5090414157503715 -0.8607420270039434 0
    outer loop
      vertex -4.600747587671382 -8.368728794418896 7.996
      vertex -4.704233807868741 -8.307527214401615 0
      vertex -4.600747587671382 -8.368728794418896 0
    endloop
  endfacet
  facet normal -0.3387379202452904 -0.9408807689542257 0
    outer loop
      vertex -2.9511122962807477 -9.082589730618716 7.996
      vertex -3.515589478138674 -8.879365440232801 7.996
      vertex -2.9511122962807477 -9.082589730618716 0
    endloop
  endfacet
  facet normal -0.3387379202452904 -0.9408807689542257 0
    outer loop
      vertex -3.515589478138674 -8.879365440232801 7.996
      vertex -3.515589478138674 -8.879365440232801 0
      vertex -2.9511122962807477 -9.082589730618716 0
    endloop
  endfacet
  facet normal -0.27899110603923133 -0.9602936856769424 -7.160197633043702e-17
    outer loop
      vertex -2.723315594611376 -9.148770790328618 4.0420464839865895
      vertex -2.717100613138985 -9.150576409360438 0
      vertex -2.374988422424364 -9.249969188778428 0
    endloop
  endfacet
  facet normal -0.2789911060392306 -0.9602936856769426 0
    outer loop
      vertex -2.374988422424364 -9.249969188778428 7.996
      vertex -2.723315594611376 -9.148770790328618 4.0420464839865895
      vertex -2.374988422424364 -9.249969188778428 0
    endloop
  endfacet
  facet normal -0.278991106039231 -0.9602936856769424 4.6802265020856647e-17
    outer loop
      vertex -2.374988422424364 -9.249969188778428 7.996
      vertex -2.9511122962807477 -9.082589730618716 7.996
      vertex -2.723315594611376 -9.148770790328618 4.0420464839865895
    endloop
  endfacet
  facet normal -0.21814324139654034 -0.9759167619387478 -3.219595953245362e-17
    outer loop
      vertex -2.143485682388345 -9.301716182039732 4.0420464839865895
      vertex -2.374988422424364 -9.249969188778428 0
      vertex -2.1371695890051323 -9.303127996179331 0
    endloop
  endfacet
  facet normal -0.21814324139654093 -0.9759167619387479 0
    outer loop
      vertex -2.143485682388345 -9.301716182039732 4.0420464839865895
      vertex -2.374988422424364 -9.249969188778428 7.996
      vertex -2.374988422424364 -9.249969188778428 0
    endloop
  endfacet
  facet normal -0.21814324139653604 -0.9759167619387489 0
    outer loop
      vertex -1.7894915542936722 -9.380843244458976 4.0420464839865895
      vertex -1.9068251266670628 -9.354616083700595 0
      vertex -1.7894915542936722 -9.380843244458976 0
    endloop
  endfacet
  facet normal -0.21814324139654132 -0.9759167619387478 1.609105723813714e-16
    outer loop
      vertex -1.7894915542936722 -9.380843244458976 4.0420464839865895
      vertex -2.143485682388345 -9.301716182039732 4.0420464839865895
      vertex -1.9068251266670628 -9.354616083700595 0
    endloop
  endfacet
  facet normal -0.21814324139654118 -0.9759167619387479 -1.4625707819017725e-17
    outer loop
      vertex -1.7894915542936722 -9.380843244458976 7.996
      vertex -2.374988422424364 -9.249969188778428 7.996
      vertex -2.143485682388345 -9.301716182039732 4.0420464839865895
    endloop
  endfacet
  facet normal -0.21814324139654132 -0.9759167619387477 0
    outer loop
      vertex -1.7894915542936722 -9.380843244458976 4.0420464839865895
      vertex -1.7894915542936722 -9.380843244458976 7.996
      vertex -2.143485682388345 -9.301716182039732 4.0420464839865895
    endloop
  endfacet
  facet normal -0.15643446504023176 -0.9876883405951375 0
    outer loop
      vertex -1.7894915542936722 -9.380843244458976 4.0420464839865895
      vertex -1.7894915542936722 -9.380843244458976 0
      vertex -1.196932380539104 -9.474695397553264 0
    endloop
  endfacet
  facet normal -0.1564344650402297 -0.9876883405951379 3.093724981838072e-16
    outer loop
      vertex -1.5551964114423846 -9.417951949530234 4.0420464839865895
      vertex -1.7894915542936722 -9.380843244458976 4.0420464839865895
      vertex -1.196932380539104 -9.474695397553264 0
    endloop
  endfacet
  facet normal -0.15643446504023314 -0.9876883405951374 0
    outer loop
      vertex -1.196932380539104 -9.474695397553264 7.996
      vertex -1.5551964114423846 -9.417951949530234 4.0420464839865895
      vertex -1.196932380539104 -9.474695397553264 0
    endloop
  endfacet
  facet normal -0.15643446504023176 -0.9876883405951375 -1.228559456797478e-16
    outer loop
      vertex -1.196932380539104 -9.474695397553264 7.996
      vertex -1.7894915542936722 -9.380843244458976 7.996
      vertex -1.5551964114423846 -9.417951949530234 4.0420464839865895
    endloop
  endfacet
  facet normal -0.09410831331851423 -0.9955619646030801 0
    outer loop
      vertex -1.196932380539104 -9.474695397553264 7.996
      vertex -1.196932380539104 -9.474695397553264 0
      vertex -0.5996494615049418 -9.531155256489994 0
    endloop
  endfacet
  facet normal -0.09410831331851423 -0.9955619646030801 0
    outer loop
      vertex -0.5996494615049418 -9.531155256489994 7.996
      vertex -1.196932380539104 -9.474695397553264 7.996
      vertex -0.5996494615049418 -9.531155256489994 0
    endloop
  endfacet
  facet normal -0.031410759078129 -0.9995065603657316 0
    outer loop
      vertex -0.5996494615049418 -9.531155256489994 7.996
      vertex -0.5996494615049418 -9.531155256489994 0
      vertex 0 -9.55 0
    endloop
  endfacet
  facet normal -0.031410759078129 -0.9995065603657316 0
    outer loop
      vertex 0 -9.55 7.996
      vertex -0.5996494615049418 -9.531155256489994 7.996
      vertex 0 -9.55 0
    endloop
  endfacet
  facet normal -0.9995065603657315 0.031410759078129 9.728728003826589e-17
    outer loop
      vertex -9.542548876014024 0.23709860966930132 4.0420464839865895
      vertex -9.531155256489994 0.5996494615049418 0
      vertex -9.55 0 0
    endloop
  endfacet
  facet normal -0.9995065603657315 0.03141075907813065 0
    outer loop
      vertex -9.55 0 4.0420464839865895
      vertex -9.542548876014024 0.23709860966930132 4.0420464839865895
      vertex -9.55 0 0
    endloop
  endfacet
  facet normal -0.9995065603657316 0.03141075907812792 0
    outer loop
      vertex -9.542548876014024 0.23709860966930132 4.0420464839865895
      vertex -9.531155256489994 0.5996494615049418 7.996
      vertex -9.531155256489994 0.5996494615049418 0
    endloop
  endfacet
  facet normal -0.9995065603657315 0.031410759078129 -9.945481316932044e-17
    outer loop
      vertex -9.542548876014024 0.23709860966930132 4.0420464839865895
      vertex -9.55 0 7.996
      vertex -9.531155256489994 0.5996494615049418 7.996
    endloop
  endfacet
  facet normal -0.9955619646030801 0.09410831331851388 0
    outer loop
      vertex -9.474695397553264 1.1969323805391061 7.996
      vertex -9.474695397553264 1.1969323805391061 0
      vertex -9.531155256489994 0.5996494615049418 0
    endloop
  endfacet
  facet normal -0.9955619646030801 0.09410831331851388 0
    outer loop
      vertex -9.531155256489994 0.5996494615049418 7.996
      vertex -9.474695397553264 1.1969323805391061 7.996
      vertex -9.531155256489994 0.5996494615049418 0
    endloop
  endfacet
  facet normal -0.9876883405951379 0.1564344650402301 0
    outer loop
      vertex -9.380843244458978 1.7894915542936698 7.996
      vertex -9.380843244458978 1.7894915542936698 0
      vertex -9.474695397553264 1.1969323805391061 0
    endloop
  endfacet
  facet normal -0.9876883405951379 0.1564344650402301 0
    outer loop
      vertex -9.474695397553264 1.1969323805391061 7.996
      vertex -9.380843244458978 1.7894915542936698 7.996
      vertex -9.474695397553264 1.1969323805391061 0
    endloop
  endfacet
  facet normal -0.9759167619387473 0.21814324139654312 0
    outer loop
      vertex -9.249969188778428 2.374988422424364 7.996
      vertex -9.249969188778428 2.374988422424364 0
      vertex -9.380843244458978 1.7894915542936698 0
    endloop
  endfacet
  facet normal -0.9759167619387473 0.21814324139654312 0
    outer loop
      vertex -9.380843244458978 1.7894915542936698 7.996
      vertex -9.249969188778428 2.374988422424364 7.996
      vertex -9.380843244458978 1.7894915542936698 0
    endloop
  endfacet
  facet normal -0.9602936856769425 0.27899110603923105 0
    outer loop
      vertex -9.082589730618716 2.9511122962807477 7.996
      vertex -9.082589730618716 2.9511122962807477 0
      vertex -9.249969188778428 2.374988422424364 0
    endloop
  endfacet
  facet normal -0.9602936856769425 0.27899110603923105 0
    outer loop
      vertex -9.249969188778428 2.374988422424364 7.996
      vertex -9.082589730618716 2.9511122962807477 7.996
      vertex -9.249969188778428 2.374988422424364 0
    endloop
  endfacet
  facet normal -0.9408807689542257 0.3387379202452904 6.075121290440157e-17
    outer loop
      vertex -9.082589730618716 2.9511122962807477 7.996
      vertex -8.879365440232801 3.515589478138674 7.996
      vertex -8.920091588026139 3.4024682508943456 0
    endloop
  endfacet
  facet normal -0.9408807689542245 0.33873792024529437 0
    outer loop
      vertex -8.879365440232801 3.515589478138674 7.996
      vertex -8.879365440232801 3.515589478138674 0
      vertex -8.920091588026139 3.4024682508943456 0
    endloop
  endfacet
  facet normal -0.9177546256839809 0.397147890634781 0
    outer loop
      vertex -8.641098351050486 4.0661922344464445 7.996
      vertex -8.641098351050486 4.0661922344464445 0
      vertex -8.879365440232801 3.515589478138674 0
    endloop
  endfacet
  facet normal -0.9177546256839809 0.397147890634781 0
    outer loop
      vertex -8.879365440232801 3.515589478138674 7.996
      vertex -8.641098351050486 4.0661922344464445 7.996
      vertex -8.879365440232801 3.515589478138674 0
    endloop
  endfacet
  facet normal -0.8910065241883683 0.4539904997395458 0
    outer loop
      vertex -8.368728794418898 4.600747587671381 7.996
      vertex -8.368728794418898 4.600747587671381 0
      vertex -8.641098351050486 4.0661922344464445 0
    endloop
  endfacet
  facet normal -0.8910065241883683 0.4539904997395458 0
    outer loop
      vertex -8.641098351050486 4.0661922344464445 7.996
      vertex -8.368728794418898 4.600747587671381 7.996
      vertex -8.641098351050486 4.0661922344464445 0
    endloop
  endfacet
  facet normal -0.8607420270039416 0.5090414157503749 0
    outer loop
      vertex -8.063331688544245 5.117145892049418 7.996
      vertex -8.063331688544245 5.117145892049418 0
      vertex -8.124533268561526 5.01365967185206 0
    endloop
  endfacet
  facet normal -0.8607420270039444 0.5090414157503698 8.67874470062879e-17
    outer loop
      vertex -8.368728794418898 4.600747587671381 7.996
      vertex -8.063331688544245 5.117145892049418 7.996
      vertex -8.124533268561526 5.01365967185206 0
    endloop
  endfacet
  facet normal -0.8270805742745615 0.5620833778521312 0
    outer loop
      vertex -8.063331688544245 5.117145892049418 7.996
      vertex -7.726112296280749 5.613349159393119 7.996
      vertex -8.063331688544245 5.117145892049418 0
    endloop
  endfacet
  facet normal -0.8270805742745615 0.5620833778521312 0
    outer loop
      vertex -7.726112296280749 5.613349159393119 7.996
      vertex -7.726112296280749 5.613349159393119 0
      vertex -8.063331688544245 5.117145892049418 0
    endloop
  endfacet
  facet normal -0.79015501237569 0.6129070536529773 0
    outer loop
      vertex -7.358401468508787 6.087399102099988 7.996
      vertex -7.358401468508787 6.087399102099988 0
      vertex -7.726112296280749 5.613349159393119 0
    endloop
  endfacet
  facet normal -0.79015501237569 0.6129070536529773 0
    outer loop
      vertex -7.726112296280749 5.613349159393119 7.996
      vertex -7.358401468508787 6.087399102099988 7.996
      vertex -7.726112296280749 5.613349159393119 0
    endloop
  endfacet
  facet normal -0.7501110696304604 0.6613118653236509 0
    outer loop
      vertex -6.961650391874481 6.537424861618978 7.996
      vertex -7.358401468508787 6.087399102099988 0
      vertex -7.358401468508787 6.087399102099988 7.996
    endloop
  endfacet
  facet normal -0.7501110696304604 0.6613118653236509 0
    outer loop
      vertex -6.961650391874481 6.537424861618978 7.996
      vertex -6.961650391874481 6.537424861618978 0
      vertex -7.358401468508787 6.087399102099988 0
    endloop
  endfacet
  facet normal -0.7071067811865476 0.7071067811865476 0
    outer loop
      vertex -6.537424861618978 6.961650391874481 7.996
      vertex -6.537424861618978 6.961650391874481 0
      vertex -6.961650391874481 6.537424861618978 0
    endloop
  endfacet
  facet normal -0.7071067811865476 0.7071067811865476 0
    outer loop
      vertex -6.961650391874481 6.537424861618978 7.996
      vertex -6.537424861618978 6.961650391874481 7.996
      vertex -6.961650391874481 6.537424861618978 0
    endloop
  endfacet
  facet normal -0.6613118653236509 0.7501110696304604 0
    outer loop
      vertex -6.537424861618978 6.961650391874481 7.996
      vertex -6.087399102099988 7.358401468508787 7.996
      vertex -6.537424861618978 6.961650391874481 0
    endloop
  endfacet
  facet normal -0.6613118653236509 0.7501110696304604 0
    outer loop
      vertex -6.087399102099988 7.358401468508787 7.996
      vertex -6.087399102099988 7.358401468508787 0
      vertex -6.537424861618978 6.961650391874481 0
    endloop
  endfacet
  facet normal -0.6129070536529777 0.7901550123756895 2.7672416620263388e-18
    outer loop
      vertex -6.007616112999046 7.420287498484682 7.996
      vertex -5.998349796830422 7.4274751900795914 0
      vertex -6.087399102099988 7.358401468508787 0
    endloop
  endfacet
  facet normal -0.6129070536529775 0.7901550123756897 0
    outer loop
      vertex -6.087399102099988 7.358401468508787 7.996
      vertex -6.007616112999046 7.420287498484682 7.996
      vertex -6.087399102099988 7.358401468508787 0
    endloop
  endfacet
  facet normal -0.612907053652976 0.7901550123756906 0
    outer loop
      vertex -5.613349159393119 7.726112296280749 7.996
      vertex -5.613349159393119 7.726112296280749 0
      vertex -5.775903296386233 7.600022382778838 0
    endloop
  endfacet
  facet normal -0.6129070536529774 0.7901550123756895 4.569945588307783e-17
    outer loop
      vertex -5.613349159393119 7.726112296280749 7.996
      vertex -5.775903296386233 7.600022382778838 0
      vertex -5.763393193419355 7.609726213331366 7.996
    endloop
  endfacet
  facet normal -0.5620833778521301 0.8270805742745622 -5.527037633232409e-17
    outer loop
      vertex -5.459418700613603 7.830723328042688 7.996
      vertex -5.470964148722158 7.822877049610426 0
      vertex -5.5693731049001896 7.7559983920528275 0
    endloop
  endfacet
  facet normal -0.5620833778521332 0.82708057427456 8.832352475175876e-18
    outer loop
      vertex -5.459418700613603 7.830723328042688 7.996
      vertex -5.5693731049001896 7.7559983920528275 0
      vertex -5.560996524136965 7.761691110461036 7.996
    endloop
  endfacet
  facet normal -0.5090414157503695 0.8607420270039448 -4.980293016832466e-17
    outer loop
      vertex -5.001353301362031 8.13181123578104 7.996
      vertex -5.009112869656911 8.127222239883876 0
      vertex -5.117145892049418 8.063331688544245 0
    endloop
  endfacet
  facet normal -0.5090414157503721 0.8607420270039432 0
    outer loop
      vertex -5.001353301362031 8.13181123578104 7.996
      vertex -5.117145892049418 8.063331688544245 0
      vertex -5.117145892049418 8.063331688544245 7.996
    endloop
  endfacet
  facet normal -0.5090414157503703 0.8607420270039443 -4.233714423276859e-17
    outer loop
      vertex -4.600747587671382 8.368728794418898 7.996
      vertex -4.910094081186768 8.185781788142691 0
      vertex -4.883033297064493 8.201785491260182 7.996
    endloop
  endfacet
  facet normal -0.5090414157503711 0.8607420270039438 0
    outer loop
      vertex -4.600747587671382 8.368728794418898 7.996
      vertex -4.600747587671382 8.368728794418898 0
      vertex -4.910094081186768 8.185781788142691 0
    endloop
  endfacet
  facet normal -0.4539904997395615 0.8910065241883603 1.9786293017878533e-16
    outer loop
      vertex -4.490801035414034 8.424749360878186 7.996
      vertex -4.508913953382366 8.415520368208718 0
      vertex -4.600747587671382 8.368728794418898 0
    endloop
  endfacet
  facet normal -0.453990499739547 0.8910065241883678 -1.0448709299262164e-16
    outer loop
      vertex -4.290603363571418 8.526755169611533 7.996
      vertex -4.2845384339889705 8.529845405583181 0
      vertex -4.386983122700593 8.477647229519075 0
    endloop
  endfacet
  facet normal -0.4539904997395501 0.8910065241883662 0
    outer loop
      vertex -4.490801035414034 8.424749360878186 7.996
      vertex -4.600747587671382 8.368728794418898 0
      vertex -4.600747587671382 8.368728794418898 7.996
    endloop
  endfacet
  facet normal -0.45399049973955186 0.8910065241883652 -3.075081555574852e-17
    outer loop
      vertex -4.344821029818864 8.499129888846264 7.996
      vertex -4.290603363571418 8.526755169611533 7.996
      vertex -4.386983122700593 8.477647229519075 0
    endloop
  endfacet
  facet normal -0.4539904997395419 0.8910065241883703 0
    outer loop
      vertex -4.0661922344464445 8.641098351050488 7.996
      vertex -4.0661922344464445 8.641098351050488 0
      vertex -4.172449624427998 8.586957506658033 0
    endloop
  endfacet
  facet normal -0.39714789063478007 0.9177546256839814 1.856754438225475e-16
    outer loop
      vertex -3.749548078409513 8.77812251320949 3.2884053076432895
      vertex -3.7462084653205423 8.779567692843244 0
      vertex -4.0661922344464445 8.641098351050488 0
    endloop
  endfacet
  facet normal -0.39714789063477773 0.9177546256839824 -7.473086074047973e-17
    outer loop
      vertex -3.749548078409513 8.77812251320949 3.2884053076432895
      vertex -4.0661922344464445 8.641098351050488 0
      vertex -3.7558140909655733 8.775410967443676 7.996
    endloop
  endfacet
  facet normal -0.453990499739548 0.8910065241883673 1.0186813522071658e-16
    outer loop
      vertex -4.0661922344464445 8.641098351050488 7.996
      vertex -4.172449624427998 8.586957506658033 0
      vertex -4.2312816579439305 8.556981088336155 7.996
    endloop
  endfacet
  facet normal -0.39714789063477934 0.9177546256839817 0
    outer loop
      vertex -4.0661922344464445 8.641098351050488 7.996
      vertex -3.7558140909655733 8.775410967443676 7.996
      vertex -4.0661922344464445 8.641098351050488 0
    endloop
  endfacet
  facet normal -0.3387379202452569 0.9408807689542379 5.819672633453017e-17
    outer loop
      vertex -3.3123821031774883 8.952524596891264 1.960802212557951
      vertex -3.287714044928332 8.961405644334816 0
      vertex -3.3176054493595935 8.950644076552418 0
    endloop
  endfacet
  facet normal -0.33873792024529575 0.9408807689542239 1.4140917060028175e-16
    outer loop
      vertex -2.9720731658126733 9.075043353239073 7.996
      vertex -2.994570372630701 9.066943860401807 0
      vertex -3.2175899410299635 8.986651875204217 0
    endloop
  endfacet
  facet normal -0.3387379202452819 0.9408807689542289 -3.4134229394541305e-16
    outer loop
      vertex -2.9720731658126733 9.075043353239073 7.996
      vertex -3.2175899410299635 8.986651875204217 0
      vertex -3.128368974417819 9.018773399705207 6.508760581547525
    endloop
  endfacet
  facet normal -0.33873792024528276 0.9408807689542287 -2.3801402399229425e-16
    outer loop
      vertex -2.9720731658126733 9.075043353239073 7.996
      vertex -3.128368974417819 9.018773399705207 6.508760581547525
      vertex -3.098871663222167 9.029393085192401 7.996
    endloop
  endfacet
  facet normal -0.27899110603923155 0.9602936856769424 6.428056828550126e-17
    outer loop
      vertex -2.562858331674855 9.195387934569371 7.996
      vertex -2.5783948890174933 9.19087414740018 0
      vertex -2.9511122962807477 9.082589730618716 0
    endloop
  endfacet
  facet normal -0.27899110603923033 0.9602936856769427 0
    outer loop
      vertex -2.562858331674855 9.195387934569371 7.996
      vertex -2.9511122962807477 9.082589730618716 0
      vertex -2.9511122962807477 9.082589730618716 7.996
    endloop
  endfacet
  facet normal -0.21814324139654007 0.9759167619387479 -1.6460776498939885e-16
    outer loop
      vertex -1.8762936104898664 9.361440686129201 3.0450242839486013
      vertex -1.8570111335825639 9.365750830373836 0
      vertex -2.173234374379531 9.295066561548152 0
    endloop
  endfacet
  facet normal -0.21814324139654412 0.9759167619387471 2.429000708753904e-16
    outer loop
      vertex -1.8762936104898664 9.361440686129201 3.0450242839486013
      vertex -2.173234374379531 9.295066561548152 0
      vertex -1.9785395543725002 9.338586009902617 3.4048330038013717
    endloop
  endfacet
  facet normal -0.2181432413965417 0.9759167619387478 9.937812331291126e-17
    outer loop
      vertex -1.9785395543725002 9.338586009902617 3.4048330038013717
      vertex -2.173234374379531 9.295066561548152 0
      vertex -2.018707470416793 9.329607416903928 7.996
    endloop
  endfacet
  facet normal -0.21814324139653896 0.9759167619387482 4.4335037696813686e-17
    outer loop
      vertex -2.018707470416793 9.329607416903928 7.996
      vertex -2.173234374379531 9.295066561548152 0
      vertex -2.1237695145706077 9.30612326768824 7.996
    endloop
  endfacet
  facet normal -0.15643446504023106 0.9876883405951377 -7.713703706948992e-17
    outer loop
      vertex -1.411002762900536 9.44078997985289 1.088284657687426
      vertex -1.1969323805391057 9.474695397553264 0
      vertex -1.3908281477634445 9.44398532498014 0
    endloop
  endfacet
  facet normal -0.15643446504022576 0.9876883405951385 -1.5710714666222057e-16
    outer loop
      vertex -1.411002762900536 9.44078997985289 1.088284657687426
      vertex -1.5418968663165935 9.420058390541556 1.0419897190209468
      vertex -1.1969323805391057 9.474695397553264 7.996
    endloop
  endfacet
  facet normal -0.1564344650402307 0.9876883405951378 0
    outer loop
      vertex -1.411002762900536 9.44078997985289 1.088284657687426
      vertex -1.1969323805391057 9.474695397553264 7.996
      vertex -1.1969323805391057 9.474695397553264 0
    endloop
  endfacet
  facet normal -0.15643446504022965 0.987688340595138 4.049504287853482e-17
    outer loop
      vertex -1.1969323805391057 9.474695397553264 7.996
      vertex -1.5418968663165935 9.420058390541556 1.0419897190209468
      vertex -1.5254863746628655 9.422657557077581 7.996
    endloop
  endfacet
  facet normal -0.09410831331851309 0.9955619646030802 -8.23628496404846e-18
    outer loop
      vertex -0.6523709146752512 9.526171611865184 7.996
      vertex -0.7138909462381713 9.52035625670746 0
      vertex -1.1138027711805967 9.482553459232705 0
    endloop
  endfacet
  facet normal -0.09410831331851492 0.99556196460308 9.899664317671998e-17
    outer loop
      vertex -0.6523709146752512 9.526171611865184 7.996
      vertex -1.1138027711805967 9.482553459232705 0
      vertex -1.158537279709205 9.478324803162623 7.996
    endloop
  endfacet
  facet normal -0.031410759078128944 0.9995065603657316 0
    outer loop
      vertex 0 9.55 7.996
      vertex 0 9.55 0
      vertex -0.5996494615049428 9.531155256489994 0
    endloop
  endfacet
  facet normal -0.031410759078128944 0.9995065603657316 0
    outer loop
      vertex 0 9.55 7.996
      vertex -0.5996494615049428 9.531155256489994 0
      vertex -0.5996494615049428 9.531155256489994 7.996
    endloop
  endfacet
  facet normal 0.031410759078129 -0.9995065603657316 0
    outer loop
      vertex 0 -9.55 7.996
      vertex 0 -9.55 0
      vertex 0.5996494615049418 -9.531155256489994 0
    endloop
  endfacet
  facet normal 0.031410759078129 -0.9995065603657316 0
    outer loop
      vertex 0.5996494615049418 -9.531155256489994 7.996
      vertex 0 -9.55 7.996
      vertex 0.5996494615049418 -9.531155256489994 0
    endloop
  endfacet
  facet normal 0.09410831331851423 -0.9955619646030801 0
    outer loop
      vertex 0.5996494615049418 -9.531155256489994 7.996
      vertex 0.5996494615049418 -9.531155256489994 0
      vertex 1.196932380539104 -9.474695397553264 0
    endloop
  endfacet
  facet normal 0.09410831331851423 -0.9955619646030801 0
    outer loop
      vertex 1.196932380539104 -9.474695397553264 7.996
      vertex 0.5996494615049418 -9.531155256489994 7.996
      vertex 1.196932380539104 -9.474695397553264 0
    endloop
  endfacet
  facet normal 0.15643446504023178 -0.9876883405951377 0
    outer loop
      vertex 1.196932380539104 -9.474695397553264 7.996
      vertex 1.196932380539104 -9.474695397553264 0
      vertex 1.7894915542936722 -9.380843244458976 0
    endloop
  endfacet
  facet normal 0.15643446504023178 -0.9876883405951377 0
    outer loop
      vertex 1.7894915542936722 -9.380843244458976 7.996
      vertex 1.196932380539104 -9.474695397553264 7.996
      vertex 1.7894915542936722 -9.380843244458976 0
    endloop
  endfacet
  facet normal 0.21814324139654118 -0.9759167619387478 0
    outer loop
      vertex 1.7894915542936722 -9.380843244458976 7.996
      vertex 1.7894915542936722 -9.380843244458976 0
      vertex 2.374988422424364 -9.249969188778428 0
    endloop
  endfacet
  facet normal 0.21814324139654118 -0.9759167619387478 0
    outer loop
      vertex 2.374988422424364 -9.249969188778428 7.996
      vertex 1.7894915542936722 -9.380843244458976 7.996
      vertex 2.374988422424364 -9.249969188778428 0
    endloop
  endfacet
  facet normal 0.27899110603923105 -0.9602936856769425 0
    outer loop
      vertex 2.374988422424364 -9.249969188778428 7.996
      vertex 2.374988422424364 -9.249969188778428 0
      vertex 2.9511122962807477 -9.082589730618716 0
    endloop
  endfacet
  facet normal 0.27899110603923105 -0.9602936856769425 0
    outer loop
      vertex 2.9511122962807477 -9.082589730618716 7.996
      vertex 2.374988422424364 -9.249969188778428 7.996
      vertex 2.9511122962807477 -9.082589730618716 0
    endloop
  endfacet
  facet normal 0.3387379202452904 -0.9408807689542257 0
    outer loop
      vertex 2.9511122962807477 -9.082589730618716 7.996
      vertex 2.9511122962807477 -9.082589730618716 0
      vertex 3.515589478138674 -8.879365440232801 0
    endloop
  endfacet
  facet normal 0.3387379202452904 -0.9408807689542257 0
    outer loop
      vertex 2.9511122962807477 -9.082589730618716 7.996
      vertex 3.515589478138674 -8.879365440232801 0
      vertex 3.515589478138674 -8.879365440232801 7.996
    endloop
  endfacet
  facet normal 0.39714789063478023 -0.9177546256839814 0
    outer loop
      vertex 3.515589478138674 -8.879365440232801 7.996
      vertex 3.515589478138674 -8.879365440232801 0
      vertex 4.066192234446442 -8.641098351050488 0
    endloop
  endfacet
  facet normal 0.39714789063478023 -0.9177546256839814 0
    outer loop
      vertex 4.066192234446442 -8.641098351050488 7.996
      vertex 3.515589478138674 -8.879365440232801 7.996
      vertex 4.066192234446442 -8.641098351050488 0
    endloop
  endfacet
  facet normal 0.45399049973954814 -0.8910065241883672 0
    outer loop
      vertex 4.066192234446442 -8.641098351050488 7.996
      vertex 4.066192234446442 -8.641098351050488 0
      vertex 4.600747587671382 -8.368728794418896 0
    endloop
  endfacet
  facet normal 0.45399049973954814 -0.8910065241883672 0
    outer loop
      vertex 4.600747587671382 -8.368728794418896 7.996
      vertex 4.066192234446442 -8.641098351050488 7.996
      vertex 4.600747587671382 -8.368728794418896 0
    endloop
  endfacet
  facet normal 0.5090414157503692 -0.860742027003945 0
    outer loop
      vertex 4.600747587671382 -8.368728794418896 7.996
      vertex 4.600747587671382 -8.368728794418896 0
      vertex 5.11714589204942 -8.063331688544244 0
    endloop
  endfacet
  facet normal 0.5620833778521306 -0.8270805742745618 0
    outer loop
      vertex 5.11714589204942 -8.063331688544244 7.996
      vertex 5.11714589204942 -8.063331688544244 0
      vertex 5.613349159393119 -7.726112296280749 0
    endloop
  endfacet
  facet normal 0.5090414157503692 -0.860742027003945 0
    outer loop
      vertex 5.11714589204942 -8.063331688544244 7.996
      vertex 4.600747587671382 -8.368728794418896 7.996
      vertex 5.11714589204942 -8.063331688544244 0
    endloop
  endfacet
  facet normal 0.5620833778521306 -0.8270805742745618 0
    outer loop
      vertex 5.11714589204942 -8.063331688544244 7.996
      vertex 5.613349159393119 -7.726112296280749 0
      vertex 5.613349159393119 -7.726112296280749 7.996
    endloop
  endfacet
  facet normal 0.612907053652976 -0.7901550123756906 0
    outer loop
      vertex 5.613349159393119 -7.726112296280749 7.996
      vertex 5.613349159393119 -7.726112296280749 0
      vertex 6.087399102099987 -7.358401468508789 0
    endloop
  endfacet
  facet normal 0.612907053652976 -0.7901550123756906 0
    outer loop
      vertex 6.087399102099987 -7.358401468508789 7.996
      vertex 5.613349159393119 -7.726112296280749 7.996
      vertex 6.087399102099987 -7.358401468508789 0
    endloop
  endfacet
  facet normal 0.6613118653236525 -0.750111069630459 0
    outer loop
      vertex 6.087399102099987 -7.358401468508789 7.996
      vertex 6.087399102099987 -7.358401468508789 0
      vertex 6.537424861618976 -6.961650391874482 0
    endloop
  endfacet
  facet normal 0.6613118653236525 -0.750111069630459 0
    outer loop
      vertex 6.087399102099987 -7.358401468508789 7.996
      vertex 6.537424861618976 -6.961650391874482 0
      vertex 6.537424861618976 -6.961650391874482 7.996
    endloop
  endfacet
  facet normal 0.7071067811865476 -0.7071067811865476 0
    outer loop
      vertex 6.537424861618976 -6.961650391874482 7.996
      vertex 6.537424861618976 -6.961650391874482 0
      vertex 6.961650391874482 -6.537424861618976 0
    endloop
  endfacet
  facet normal 0.7071067811865476 -0.7071067811865476 0
    outer loop
      vertex 6.537424861618976 -6.961650391874482 7.996
      vertex 6.961650391874482 -6.537424861618976 0
      vertex 6.961650391874482 -6.537424861618976 7.996
    endloop
  endfacet
  facet normal 0.7501110696304604 -0.6613118653236508 0
    outer loop
      vertex 6.961650391874482 -6.537424861618976 7.996
      vertex 6.961650391874482 -6.537424861618976 0
      vertex 7.041159307631997 -6.44723969941137 0
    endloop
  endfacet
  facet normal 0.750111069630459 -0.6613118653236525 -3.4714978802515196e-17
    outer loop
      vertex 7.358401468508789 -6.087399102099987 7.996
      vertex 6.961650391874482 -6.537424861618976 7.996
      vertex 7.041159307631997 -6.44723969941137 0
    endloop
  endfacet
  facet normal 0.7901550123756906 -0.612907053652976 0
    outer loop
      vertex 7.358401468508789 -6.087399102099987 7.996
      vertex 7.358401468508789 -6.087399102099987 0
      vertex 7.726112296280749 -5.613349159393119 0
    endloop
  endfacet
  facet normal 0.7901550123756906 -0.612907053652976 0
    outer loop
      vertex 7.358401468508789 -6.087399102099987 7.996
      vertex 7.726112296280749 -5.613349159393119 0
      vertex 7.726112296280749 -5.613349159393119 7.996
    endloop
  endfacet
  facet normal 0.8270805742745618 -0.5620833778521306 0
    outer loop
      vertex 7.726112296280749 -5.613349159393119 7.996
      vertex 7.726112296280749 -5.613349159393119 0
      vertex 8.063331688544244 -5.11714589204942 0
    endloop
  endfacet
  facet normal 0.8607420270039434 -0.5090414157503715 0
    outer loop
      vertex 8.063331688544244 -5.11714589204942 7.996
      vertex 8.063331688544244 -5.11714589204942 0
      vertex 8.124533268561525 -5.013659671852061 0
    endloop
  endfacet
  facet normal 0.8270805742745618 -0.5620833778521306 0
    outer loop
      vertex 7.726112296280749 -5.613349159393119 7.996
      vertex 8.063331688544244 -5.11714589204942 0
      vertex 8.063331688544244 -5.11714589204942 7.996
    endloop
  endfacet
  facet normal 0.860742027003945 -0.5090414157503692 4.19472660530391e-17
    outer loop
      vertex 8.063331688544244 -5.11714589204942 7.996
      vertex 8.124533268561525 -5.013659671852061 0
      vertex 8.368728794418896 -4.600747587671382 7.996
    endloop
  endfacet
  facet normal 0.8910065241883672 -0.45399049973954814 0
    outer loop
      vertex 8.368728794418896 -4.600747587671382 7.996
      vertex 8.368728794418896 -4.600747587671382 0
      vertex 8.641098351050488 -4.066192234446442 0
    endloop
  endfacet
  facet normal 0.8910065241883672 -0.45399049973954814 0
    outer loop
      vertex 8.368728794418896 -4.600747587671382 7.996
      vertex 8.641098351050488 -4.066192234446442 0
      vertex 8.641098351050488 -4.066192234446442 7.996
    endloop
  endfacet
  facet normal 0.9177546256839814 -0.39714789063478023 0
    outer loop
      vertex 8.641098351050488 -4.066192234446442 7.996
      vertex 8.641098351050488 -4.066192234446442 0
      vertex 8.879365440232801 -3.515589478138674 0
    endloop
  endfacet
  facet normal 0.9177546256839814 -0.39714789063478023 0
    outer loop
      vertex 8.641098351050488 -4.066192234446442 7.996
      vertex 8.879365440232801 -3.515589478138674 0
      vertex 8.879365440232801 -3.515589478138674 7.996
    endloop
  endfacet
  facet normal 0.9408807689542245 -0.33873792024529437 0
    outer loop
      vertex 8.879365440232801 -3.515589478138674 7.996
      vertex 8.879365440232801 -3.515589478138674 0
      vertex 8.920091588026139 -3.4024682508943456 0
    endloop
  endfacet
  facet normal 0.9408807689542257 -0.3387379202452904 6.147444162945397e-17
    outer loop
      vertex 8.879365440232801 -3.515589478138674 7.996
      vertex 8.920091588026139 -3.4024682508943456 0
      vertex 9.082589730618716 -2.9511122962807477 7.996
    endloop
  endfacet
  facet normal 0.9602936856769425 -0.27899110603923105 0
    outer loop
      vertex 9.082589730618716 -2.9511122962807477 7.996
      vertex 9.082589730618716 -2.9511122962807477 0
      vertex 9.249969188778428 -2.374988422424364 0
    endloop
  endfacet
  facet normal 0.9602936856769425 -0.27899110603923105 0
    outer loop
      vertex 9.082589730618716 -2.9511122962807477 7.996
      vertex 9.249969188778428 -2.374988422424364 0
      vertex 9.249969188778428 -2.374988422424364 7.996
    endloop
  endfacet
  facet normal 0.9759167619387478 -0.21814324139654118 0
    outer loop
      vertex 9.249969188778428 -2.374988422424364 7.996
      vertex 9.249969188778428 -2.374988422424364 0
      vertex 9.380843244458976 -1.7894915542936722 0
    endloop
  endfacet
  facet normal 0.9759167619387478 -0.21814324139654118 0
    outer loop
      vertex 9.249969188778428 -2.374988422424364 7.996
      vertex 9.380843244458976 -1.7894915542936722 0
      vertex 9.380843244458976 -1.7894915542936722 7.996
    endloop
  endfacet
  facet normal 0.9876883405951377 -0.15643446504023178 0
    outer loop
      vertex 9.380843244458976 -1.7894915542936722 7.996
      vertex 9.380843244458976 -1.7894915542936722 0
      vertex 9.474695397553264 -1.196932380539104 0
    endloop
  endfacet
  facet normal 0.9876883405951377 -0.15643446504023178 0
    outer loop
      vertex 9.380843244458976 -1.7894915542936722 7.996
      vertex 9.474695397553264 -1.196932380539104 0
      vertex 9.474695397553264 -1.196932380539104 7.996
    endloop
  endfacet
  facet normal 0.9955619646030799 -0.09410831331851495 0
    outer loop
      vertex 9.474695397553264 -1.196932380539104 7.996
      vertex 9.474695397553264 -1.196932380539104 0
      vertex 9.531155256489994 -0.5996494615049465 0
    endloop
  endfacet
  facet normal 0.9955619646030799 -0.09410831331851495 0
    outer loop
      vertex 9.474695397553264 -1.196932380539104 7.996
      vertex 9.531155256489994 -0.5996494615049465 0
      vertex 9.531155256489994 -0.5996494615049465 7.996
    endloop
  endfacet
  facet normal 0.9995065603657316 -0.03141075907812876 0
    outer loop
      vertex 9.531155256489994 -0.5996494615049465 7.996
      vertex 9.531155256489994 -0.5996494615049465 0
      vertex 9.55 0 0
    endloop
  endfacet
  facet normal 0.9995065603657316 -0.03141075907812876 0
    outer loop
      vertex 9.531155256489994 -0.5996494615049465 7.996
      vertex 9.55 0 0
      vertex 9.55 0 7.996
    endloop
  endfacet
  facet normal 0.03141075907812876 0.9995065603657316 0
    outer loop
      vertex 0.5996494615049465 9.531155256489994 7.996
      vertex 0.5996494615049465 9.531155256489994 0
      vertex 0 9.55 0
    endloop
  endfacet
  facet normal 0.03141075907812876 0.9995065603657316 0
    outer loop
      vertex 0.5996494615049465 9.531155256489994 7.996
      vertex 0 9.55 0
      vertex 0 9.55 7.996
    endloop
  endfacet
  facet normal 0.09410831331851495 0.9955619646030799 0
    outer loop
      vertex 1.196932380539104 9.474695397553264 7.996
      vertex 1.196932380539104 9.474695397553264 0
      vertex 0.5996494615049465 9.531155256489994 0
    endloop
  endfacet
  facet normal 0.09410831331851495 0.9955619646030799 0
    outer loop
      vertex 1.196932380539104 9.474695397553264 7.996
      vertex 0.5996494615049465 9.531155256489994 0
      vertex 0.5996494615049465 9.531155256489994 7.996
    endloop
  endfacet
  facet normal 0.15643446504023145 0.9876883405951377 0
    outer loop
      vertex 1.7894915542936722 9.380843244458976 7.996
      vertex 1.7894915542936722 9.380843244458976 0
      vertex 1.3260026328372116 9.454252677880481 0
    endloop
  endfacet
  facet normal 0.15643446504023012 0.9876883405951379 7.897807257236042e-17
    outer loop
      vertex 1.7894915542936722 9.380843244458976 7.996
      vertex 1.3260026328372116 9.454252677880481 0
      vertex 1.4259319140008808 9.43842543461134 7.996
    endloop
  endfacet
  facet normal 0.21814324139653865 0.9759167619387483 -9.680358964444867e-17
    outer loop
      vertex 2.0033480523456437 9.333040653604717 7.996
      vertex 2.048463219167161 9.322956219039785 0
      vertex 1.9307671510679394 9.349264407192827 0
    endloop
  endfacet
  facet normal 0.21814324139654084 0.9759167619387479 -1.1755342726446852e-16
    outer loop
      vertex 2.0033480523456437 9.333040653604717 7.996
      vertex 1.9307671510679394 9.349264407192827 0
      vertex 1.8552085576809922 9.366153753825268 7.996
    endloop
  endfacet
  facet normal 0.2789911060392293 0.960293685676943 0
    outer loop
      vertex 2.9511122962807477 9.082589730618716 7.996
      vertex 2.9511122962807477 9.082589730618716 0
      vertex 2.37498842242436 9.249969188778428 0
    endloop
  endfacet
  facet normal 0.2789911060392293 0.960293685676943 0
    outer loop
      vertex 2.9511122962807477 9.082589730618716 7.996
      vertex 2.37498842242436 9.249969188778428 0
      vertex 2.37498842242436 9.249969188778428 7.996
    endloop
  endfacet
  facet normal 0.3387379202452995 0.9408807689542225 -3.5708961260973274e-16
    outer loop
      vertex 3.486852726167487 8.889711307550446 2.573913116208473
      vertex 3.4698983325427846 8.895815264847643 0
      vertex 3.2614639534797867 8.970856258777083 0
    endloop
  endfacet
  facet normal 0.33873792024528915 0.9408807689542261 3.4612482071412147e-16
    outer loop
      vertex 3.486852726167487 8.889711307550446 2.573913116208473
      vertex 3.5155894781386787 8.8793654402328 0
      vertex 3.4924168602614554 8.887708096013823 0
    endloop
  endfacet
  facet normal 0.33873792024529814 0.940880768954223 -2.1821727120459832e-16
    outer loop
      vertex 3.486852726167487 8.889711307550446 2.573913116208473
      vertex 3.2614639534797867 8.970856258777083 0
      vertex 3.5155894781386787 8.8793654402328 7.996
    endloop
  endfacet
  facet normal 0.33873792024529303 0.9408807689542248 -3.272779449153853e-17
    outer loop
      vertex 3.5155894781386787 8.8793654402328 7.996
      vertex 3.2614639534797867 8.970856258777083 0
      vertex 3.313800462331406 8.952013956174808 5.964158093707084
    endloop
  endfacet
  facet normal 0.3387379202452617 0.9408807689542361 0
    outer loop
      vertex 3.486852726167487 8.889711307550446 2.573913116208473
      vertex 3.5155894781386787 8.8793654402328 7.996
      vertex 3.5155894781386787 8.8793654402328 0
    endloop
  endfacet
  facet normal 0.3387379202452897 0.940880768954226 3.3834606207073107e-16
    outer loop
      vertex 3.5155894781386787 8.8793654402328 7.996
      vertex 3.313800462331406 8.952013956174808 5.964158093707084
      vertex 3.3114099200796616 8.952874604343346 7.996
    endloop
  endfacet
  facet normal 0.5090414157503687 0.8607420270039452 0
    outer loop
      vertex 5.117145892049415 8.063331688544247 7.996
      vertex 4.600747587671382 8.368728794418896 0
      vertex 4.600747587671382 8.368728794418896 7.996
    endloop
  endfacet
  facet normal 0.39714789063477657 0.9177546256839828 -8.290675329989557e-17
    outer loop
      vertex 3.8223109553864485 8.746635204620475 7.996
      vertex 3.767283819468614 8.770447572704322 0
      vertex 3.7210537146406235 8.790453125498543 0
    endloop
  endfacet
  facet normal 0.3971478906347792 0.9177546256839817 -1.2178594283542215e-16
    outer loop
      vertex 3.8223109553864485 8.746635204620475 7.996
      vertex 3.7210537146406235 8.790453125498543 0
      vertex 3.7078690895485105 8.796158622259446 7.996
    endloop
  endfacet
  facet normal 0.45399049973954914 0.8910065241883667 0
    outer loop
      vertex 4.317834415221699 8.512880255779216 7.996
      vertex 4.066192234446442 8.641098351050488 0
      vertex 4.066192234446442 8.641098351050488 7.996
    endloop
  endfacet
  facet normal 0.4539904997395469 0.8910065241883679 9.027506224396693e-17
    outer loop
      vertex 4.317834415221699 8.512880255779216 7.996
      vertex 4.335991711171195 8.503628651398946 0
      vertex 4.066192234446442 8.641098351050488 0
    endloop
  endfacet
  facet normal 0.4539904997395457 0.8910065241883683 0
    outer loop
      vertex 4.600747587671382 8.368728794418896 7.996
      vertex 4.600747587671382 8.368728794418896 0
      vertex 4.351909686206551 8.495518038014014 0
    endloop
  endfacet
  facet normal 0.4539904997395484 0.891006524188367 -1.0514064421912677e-16
    outer loop
      vertex 4.600747587671382 8.368728794418896 7.996
      vertex 4.351909686206551 8.495518038014014 0
      vertex 4.405864753910304 8.468026557889758 7.996
    endloop
  endfacet
  facet normal 0.9995065603657316 0.03141075907812876 0
    outer loop
      vertex 9.55 0 7.996
      vertex 9.55 0 0
      vertex 9.531155256489994 0.5996494615049465 0
    endloop
  endfacet
  facet normal 0.9995065603657316 0.03141075907812876 0
    outer loop
      vertex 9.55 0 7.996
      vertex 9.531155256489994 0.5996494615049465 0
      vertex 9.531155256489994 0.5996494615049465 7.996
    endloop
  endfacet
  facet normal 0.9955619646030799 0.09410831331851495 0
    outer loop
      vertex 9.531155256489994 0.5996494615049465 7.996
      vertex 9.531155256489994 0.5996494615049465 0
      vertex 9.474695397553264 1.196932380539104 0
    endloop
  endfacet
  facet normal 0.9955619646030799 0.09410831331851495 0
    outer loop
      vertex 9.531155256489994 0.5996494615049465 7.996
      vertex 9.474695397553264 1.196932380539104 0
      vertex 9.474695397553264 1.196932380539104 7.996
    endloop
  endfacet
  facet normal 0.9876883405951377 0.15643446504023178 0
    outer loop
      vertex 9.474695397553264 1.196932380539104 7.996
      vertex 9.474695397553264 1.196932380539104 0
      vertex 9.380843244458976 1.7894915542936722 0
    endloop
  endfacet
  facet normal 0.9876883405951377 0.15643446504023178 0
    outer loop
      vertex 9.474695397553264 1.196932380539104 7.996
      vertex 9.380843244458976 1.7894915542936722 0
      vertex 9.380843244458976 1.7894915542936722 7.996
    endloop
  endfacet
  facet normal 0.9759167619387474 0.21814324139654256 0
    outer loop
      vertex 9.380843244458976 1.7894915542936722 7.996
      vertex 9.380843244458976 1.7894915542936722 0
      vertex 9.249969188778428 2.37498842242436 0
    endloop
  endfacet
  facet normal 0.9759167619387474 0.21814324139654256 0
    outer loop
      vertex 9.380843244458976 1.7894915542936722 7.996
      vertex 9.249969188778428 2.37498842242436 0
      vertex 9.249969188778428 2.37498842242436 7.996
    endloop
  endfacet
  facet normal 0.8607420270039452 0.5090414157503687 0
    outer loop
      vertex 8.368728794418896 4.600747587671382 7.996
      vertex 8.368728794418896 4.600747587671382 0
      vertex 8.063331688544247 5.117145892049415 0
    endloop
  endfacet
  facet normal 0.9408807689542258 0.33873792024529054 0
    outer loop
      vertex 9.082589730618716 2.9511122962807477 7.996
      vertex 8.8793654402328 3.5155894781386787 0
      vertex 8.8793654402328 3.5155894781386787 7.996
    endloop
  endfacet
  facet normal 0.960293685676943 0.2789911060392293 0
    outer loop
      vertex 9.249969188778428 2.37498842242436 7.996
      vertex 9.249969188778428 2.37498842242436 0
      vertex 9.082589730618716 2.9511122962807477 0
    endloop
  endfacet
  facet normal 0.960293685676943 0.2789911060392293 0
    outer loop
      vertex 9.249969188778428 2.37498842242436 7.996
      vertex 9.082589730618716 2.9511122962807477 0
      vertex 9.082589730618716 2.9511122962807477 7.996
    endloop
  endfacet
  facet normal 0.9408807689542258 0.33873792024529054 0
    outer loop
      vertex 9.082589730618716 2.9511122962807477 7.996
      vertex 9.082589730618716 2.9511122962807477 0
      vertex 8.8793654402328 3.5155894781386787 0
    endloop
  endfacet
  facet normal 0.917754625683981 0.3971478906347806 0
    outer loop
      vertex 8.8793654402328 3.5155894781386787 7.996
      vertex 8.8793654402328 3.5155894781386787 0
      vertex 8.641098351050488 4.066192234446442 0
    endloop
  endfacet
  facet normal 0.917754625683981 0.3971478906347806 0
    outer loop
      vertex 8.8793654402328 3.5155894781386787 7.996
      vertex 8.641098351050488 4.066192234446442 0
      vertex 8.641098351050488 4.066192234446442 7.996
    endloop
  endfacet
  facet normal 0.8910065241883672 0.45399049973954814 0
    outer loop
      vertex 8.641098351050488 4.066192234446442 7.996
      vertex 8.641098351050488 4.066192234446442 0
      vertex 8.368728794418896 4.600747587671382 0
    endloop
  endfacet
  facet normal 0.8910065241883672 0.45399049973954814 0
    outer loop
      vertex 8.641098351050488 4.066192234446442 7.996
      vertex 8.368728794418896 4.600747587671382 0
      vertex 8.368728794418896 4.600747587671382 7.996
    endloop
  endfacet
  facet normal 0.6613118653236523 0.7501110696304593 0
    outer loop
      vertex 6.537424861618976 6.961650391874482 7.996
      vertex 6.537424861618976 6.961650391874482 0
      vertex 6.302201245028736 7.169027905623348 0
    endloop
  endfacet
  facet normal 0.6613118653236534 0.750111069630458 -6.580840250254422e-17
    outer loop
      vertex 6.537424861618976 6.961650391874482 7.996
      vertex 6.302201245028736 7.169027905623348 0
      vertex 6.3099206065337174 7.162222372999384 7.996
    endloop
  endfacet
  facet normal 0.7501110696304591 0.6613118653236522 0
    outer loop
      vertex 7.358401468508786 6.087399102099989 7.996
      vertex 6.961650391874482 6.537424861618976 0
      vertex 6.961650391874482 6.537424861618976 7.996
    endloop
  endfacet
  facet normal 0.7071067811865476 0.7071067811865476 0
    outer loop
      vertex 6.961650391874482 6.537424861618976 7.996
      vertex 6.961650391874482 6.537424861618976 0
      vertex 6.537424861618976 6.961650391874482 0
    endloop
  endfacet
  facet normal 0.7071067811865476 0.7071067811865476 0
    outer loop
      vertex 6.961650391874482 6.537424861618976 7.996
      vertex 6.537424861618976 6.961650391874482 0
      vertex 6.537424861618976 6.961650391874482 7.996
    endloop
  endfacet
  facet normal 0.5090414157503687 0.8607420270039452 0
    outer loop
      vertex 5.117145892049415 8.063331688544247 7.996
      vertex 5.117145892049415 8.063331688544247 0
      vertex 4.600747587671382 8.368728794418896 0
    endloop
  endfacet
  facet normal 0.5620833778521294 0.8270805742745626 6.874379401511764e-17
    outer loop
      vertex 5.43344093138805 7.848377801777811 7.996
      vertex 5.396436011148691 7.873526319603335 0
      vertex 5.117145892049415 8.063331688544247 0
    endloop
  endfacet
  facet normal 0.5620833778521306 0.8270805742745618 0
    outer loop
      vertex 5.43344093138805 7.848377801777811 7.996
      vertex 5.117145892049415 8.063331688544247 0
      vertex 5.117145892049415 8.063331688544247 7.996
    endloop
  endfacet
  facet normal 0.6129070536529732 0.7901550123756931 2.6152171449398705e-17
    outer loop
      vertex 5.677284765269506 7.676518756775892 7.996
      vertex 5.653497546976781 7.694970014630424 0
      vertex 5.613349159393119 7.726112296280749 0
    endloop
  endfacet
  facet normal 0.6129070536529807 0.790155012375687 -4.427333569980759e-17
    outer loop
      vertex 5.767464765837065 7.606567978029194 7.996
      vertex 5.762118432759156 7.610715019056975 0
      vertex 5.682743862600338 7.67228424682754 0
    endloop
  endfacet
  facet normal 0.6129070536529752 0.7901550123756915 0
    outer loop
      vertex 5.677284765269506 7.676518756775892 7.996
      vertex 5.613349159393119 7.726112296280749 0
      vertex 5.613349159393119 7.726112296280749 7.996
    endloop
  endfacet
  facet normal 0.612907053652976 0.7901550123756907 3.7718941085210253e-17
    outer loop
      vertex 5.767464765837065 7.606567978029194 7.996
      vertex 5.682743862600338 7.67228424682754 0
      vertex 5.701565848419716 7.657684418070182 7.996
    endloop
  endfacet
  facet normal 0.5620833778521275 0.8270805742745639 -2.1884506118716545e-17
    outer loop
      vertex 5.570295579312502 7.7553714790895905 7.996
      vertex 5.561439984909908 7.761389734830954 0
      vertex 5.503533526805912 7.800742923121097 0
    endloop
  endfacet
  facet normal 0.5620833778521265 0.8270805742745646 -9.340134916293567e-18
    outer loop
      vertex 5.570295579312502 7.7553714790895905 7.996
      vertex 5.503533526805912 7.800742923121097 0
      vertex 5.522267839399748 7.7880110974296075 7.996
    endloop
  endfacet
  facet normal 0.6129070536529777 0.7901550123756895 0
    outer loop
      vertex 6.087399102099989 7.358401468508786 7.996
      vertex 6.087399102099989 7.358401468508786 0
      vertex 5.975834144756749 7.444940120071062 0
    endloop
  endfacet
  facet normal 0.6613118653236557 0.750111069630456 -2.2161400002771136e-17
    outer loop
      vertex 6.194849415506844 7.263671274454051 7.996
      vertex 6.191121920426664 7.26695750341968 0
      vertex 6.087399102099989 7.358401468508786 0
    endloop
  endfacet
  facet normal 0.612907053652978 0.7901550123756892 -8.698306016486411e-18
    outer loop
      vertex 6.087399102099989 7.358401468508786 7.996
      vertex 5.975834144756749 7.444940120071062 0
      vertex 5.988860796185817 7.434835613459949 7.996
    endloop
  endfacet
  facet normal 0.6613118653236548 0.7501110696304569 0
    outer loop
      vertex 6.194849415506844 7.263671274454051 7.996
      vertex 6.087399102099989 7.358401468508786 0
      vertex 6.087399102099989 7.358401468508786 7.996
    endloop
  endfacet
  facet normal 0.7901550123756903 0.6129070536529767 0
    outer loop
      vertex 7.726112296280749 5.613349159393119 7.996
      vertex 7.726112296280749 5.613349159393119 0
      vertex 7.358401468508786 6.087399102099989 0
    endloop
  endfacet
  facet normal 0.7901550123756903 0.6129070536529767 0
    outer loop
      vertex 7.726112296280749 5.613349159393119 7.996
      vertex 7.358401468508786 6.087399102099989 0
      vertex 7.358401468508786 6.087399102099989 7.996
    endloop
  endfacet
  facet normal 0.8270805742745619 0.5620833778521305 0
    outer loop
      vertex 8.063331688544247 5.117145892049415 7.996
      vertex 8.063331688544247 5.117145892049415 0
      vertex 7.726112296280749 5.613349159393119 0
    endloop
  endfacet
  facet normal 0.8607420270039452 0.5090414157503687 0
    outer loop
      vertex 8.368728794418896 4.600747587671382 7.996
      vertex 8.063331688544247 5.117145892049415 0
      vertex 8.063331688544247 5.117145892049415 7.996
    endloop
  endfacet
  facet normal 0.8270805742745619 0.5620833778521305 0
    outer loop
      vertex 8.063331688544247 5.117145892049415 7.996
      vertex 7.726112296280749 5.613349159393119 0
      vertex 7.726112296280749 5.613349159393119 7.996
    endloop
  endfacet
  facet normal 0.7501110696304591 0.6613118653236522 0
    outer loop
      vertex 7.358401468508786 6.087399102099989 7.996
      vertex 7.358401468508786 6.087399102099989 0
      vertex 6.961650391874482 6.537424861618976 0
    endloop
  endfacet
  facet normal 0 0 1
    outer loop
      vertex -7.07889870078079 -5.14312095755914 152.19451663
      vertex -8.368728794418898 -4.600747587671381 152.19451663
      vertex -8.063331688544244 -5.11714589204942 152.19451663
    endloop
  endfacet
  facet normal 0 0 1
    outer loop
      vertex -6.741990874288157 -5.577459910301035 152.19451663
      vertex -7.07889870078079 -5.14312095755914 152.19451663
      vertex -7.726112296280749 -5.613349159393119 152.19451663
    endloop
  endfacet
  facet normal 0 0 1
    outer loop
      vertex -7.07889870078079 -5.14312095755914 152.19451663
      vertex -8.063331688544244 -5.11714589204942 152.19451663
      vertex -7.726112296280749 -5.613349159393119 152.19451663
    endloop
  endfacet
  facet normal 0 0 1
    outer loop
      vertex -7.07889870078079 -5.14312095755914 152.19451663
      vertex -7.3878693481426305 -4.688484456066222 152.19451663
      vertex -8.368728794418898 -4.600747587671381 152.19451663
    endloop
  endfacet
  facet normal 0 0 1
    outer loop
      vertex -4.688484456066222 -7.3878693481426305 152.19451663
      vertex -6.537424861618976 -6.961650391874482 152.19451663
      vertex -6.087399102099987 -7.358401468508789 152.19451663
    endloop
  endfacet
  facet normal 0 0 1
    outer loop
      vertex -5.11714589204942 -8.063331688544244 152.19451663
      vertex -6.087399102099987 -7.358401468508789 152.19451663
      vertex -5.613349159393119 -7.726112296280749 152.19451663
    endloop
  endfacet
  facet normal 0 0 1
    outer loop
      vertex -3.7255688011943837 -7.917236709077671 152.19451663
      vertex -6.087399102099987 -7.358401468508789 152.19451663
      vertex -5.11714589204942 -8.063331688544244 152.19451663
    endloop
  endfacet
  facet normal 0 0 1
    outer loop
      vertex -4.215344648390009 -7.667683450383805 152.19451663
      vertex -4.688484456066222 -7.3878693481426305 152.19451663
      vertex -6.087399102099987 -7.358401468508789 152.19451663
    endloop
  endfacet
  facet normal 0 0 1
    outer loop
      vertex -5.989787176876025 -6.378475489937352 152.19451663
      vertex -7.358401468508789 -6.087399102099987 152.19451663
      vertex -6.961650391874482 -6.537424861618976 152.19451663
    endloop
  endfacet
  facet normal 0 0 1
    outer loop
      vertex -5.989787176876025 -6.378475489937352 152.19451663
      vertex -6.378475489937352 -5.989787176876025 152.19451663
      vertex -7.358401468508789 -6.087399102099987 152.19451663
    endloop
  endfacet
  facet normal 0 0 1
    outer loop
      vertex -5.14312095755914 -7.07889870078079 152.19451663
      vertex -6.961650391874482 -6.537424861618976 152.19451663
      vertex -6.537424861618976 -6.961650391874482 152.19451663
    endloop
  endfacet
  facet normal 0 0 1
    outer loop
      vertex -5.577459910301035 -6.741990874288157 152.19451663
      vertex -5.989787176876025 -6.378475489937352 152.19451663
      vertex -6.961650391874482 -6.537424861618976 152.19451663
    endloop
  endfacet
  facet normal 0 0 1
    outer loop
      vertex -6.378475489937352 -5.989787176876025 152.19451663
      vertex -7.726112296280749 -5.613349159393119 152.19451663
      vertex -7.358401468508789 -6.087399102099987 152.19451663
    endloop
  endfacet
  facet normal 0 0 1
    outer loop
      vertex -6.378475489937352 -5.989787176876025 152.19451663
      vertex -6.741990874288157 -5.577459910301035 152.19451663
      vertex -7.726112296280749 -5.613349159393119 152.19451663
    endloop
  endfacet
  facet normal 0 0 1
    outer loop
      vertex -5.14312095755914 -7.07889870078079 152.19451663
      vertex -5.577459910301035 -6.741990874288157 152.19451663
      vertex -6.961650391874482 -6.537424861618976 152.19451663
    endloop
  endfacet
  facet normal 0 0 1
    outer loop
      vertex -4.688484456066222 -7.3878693481426305 152.19451663
      vertex -5.14312095755914 -7.07889870078079 152.19451663
      vertex -6.537424861618976 -6.961650391874482 152.19451663
    endloop
  endfacet
  facet normal 0 0 1
    outer loop
      vertex -7.667683450383806 -4.215344648390008 152.19451663
      vertex -8.879365440232801 -3.515589478138674 152.19451663
      vertex -8.641098351050486 -4.0661922344464445 152.19451663
    endloop
  endfacet
  facet normal 0 0 1
    outer loop
      vertex -7.91723670907767 -3.7255688011943864 152.19451663
      vertex -9.082589730618716 -2.9511122962807477 152.19451663
      vertex -8.879365440232801 -3.515589478138674 152.19451663
    endloop
  endfacet
  facet normal 0 0 1
    outer loop
      vertex -7.91723670907767 -3.7255688011943864 152.19451663
      vertex -8.1355442515222 -3.2210898359909312 152.19451663
      vertex -9.082589730618716 -2.9511122962807477 152.19451663
    endloop
  endfacet
  facet normal 0 0 1
    outer loop
      vertex -8.321744517582593 -2.7038987007807895 152.19451663
      vertex -9.249969188778428 -2.374988422424364 152.19451663
      vertex -9.082589730618716 -2.9511122962807477 152.19451663
    endloop
  endfacet
  facet normal 0 0 1
    outer loop
      vertex -8.321744517582593 -2.7038987007807895 152.19451663
      vertex -8.475102659875521 -2.17603651269248 152.19451663
      vertex -9.249969188778428 -2.374988422424364 152.19451663
    endloop
  endfacet
  facet normal 0 0 1
    outer loop
      vertex -8.1355442515222 -3.2210898359909312 152.19451663
      vertex -8.321744517582593 -2.7038987007807895 152.19451663
      vertex -9.082589730618716 -2.9511122962807477 152.19451663
    endloop
  endfacet
  facet normal 0 0 1
    outer loop
      vertex -7.3878693481426305 -4.688484456066222 152.19451663
      vertex -8.641098351050486 -4.0661922344464445 152.19451663
      vertex -8.368728794418898 -4.600747587671381 152.19451663
    endloop
  endfacet
  facet normal 0 0 1
    outer loop
      vertex -7.3878693481426305 -4.688484456066222 152.19451663
      vertex -7.667683450383806 -4.215344648390008 152.19451663
      vertex -8.641098351050486 -4.0661922344464445 152.19451663
    endloop
  endfacet
  facet normal 0 0 1
    outer loop
      vertex -7.667683450383806 -4.215344648390008 152.19451663
      vertex -7.91723670907767 -3.7255688011943864 152.19451663
      vertex -8.879365440232801 -3.515589478138674 152.19451663
    endloop
  endfacet
  facet normal 0 0 1
    outer loop
      vertex -8.475102659875521 -2.17603651269248 152.19451663
      vertex -9.380843244458978 -1.7894915542936698 152.19451663
      vertex -9.249969188778428 -2.374988422424364 152.19451663
    endloop
  endfacet
  facet normal 0 0 1
    outer loop
      vertex -8.595013443876026 -1.63958650262509 152.19451663
      vertex -9.474695397553264 -1.1969323805391061 152.19451663
      vertex -9.380843244458978 -1.7894915542936698 152.19451663
    endloop
  endfacet
  facet normal 0 0 1
    outer loop
      vertex -8.475102659875521 -2.17603651269248 152.19451663
      vertex -8.595013443876026 -1.63958650262509 152.19451663
      vertex -9.380843244458978 -1.7894915542936698 152.19451663
    endloop
  endfacet
  facet normal 0 0 1
    outer loop
      vertex -8.595013443876026 -1.63958650262509 152.19451663
      vertex -8.681003636501682 -1.0966657936876625 152.19451663
      vertex -9.474695397553264 -1.1969323805391061 152.19451663
    endloop
  endfacet
  facet normal 0 0 1
    outer loop
      vertex -9.474695397553264 -1.1969323805391061 152.19451663
      vertex -8.681003636501682 -1.0966657936876625 152.19451663
      vertex -9.531155256489994 -0.5996494615049418 152.19451663
    endloop
  endfacet
  facet normal 0 0 1
    outer loop
      vertex -8.681003636501682 -1.0966657936876625 152.19451663
      vertex -8.732733873747376 -0.5494170458814912 152.19451663
      vertex -9.531155256489994 -0.5996494615049418 152.19451663
    endloop
  endfacet
  facet normal 0 0 1
    outer loop
      vertex -9.531155256489994 -0.5996494615049418 152.19451663
      vertex -8.732733873747376 -0.5494170458814912 152.19451663
      vertex -9.55 0 152.19451663
    endloop
  endfacet
  facet normal 0 0 1
    outer loop
      vertex -8.732733873747376 -0.5494170458814912 152.19451663
      vertex -8.75 0 152.19451663
      vertex -9.55 0 152.19451663
    endloop
  endfacet
  facet normal 0 0 1
    outer loop
      vertex -3.7255688011943837 -7.917236709077671 152.19451663
      vertex -4.215344648390009 -7.667683450383805 152.19451663
      vertex -6.087399102099987 -7.358401468508789 152.19451663
    endloop
  endfacet
  facet normal 0 0 1
    outer loop
      vertex -4.600747587671382 -8.368728794418896 152.19451663
      vertex -2.7038987007807895 -8.321744517582593 152.19451663
      vertex -5.11714589204942 -8.063331688544244 152.19451663
    endloop
  endfacet
  facet normal 0 0 1
    outer loop
      vertex -3.2210898359909312 -8.1355442515222 152.19451663
      vertex -3.7255688011943837 -7.917236709077671 152.19451663
      vertex -5.11714589204942 -8.063331688544244 152.19451663
    endloop
  endfacet
  facet normal 0 0 1
    outer loop
      vertex -2.7038987007807895 -8.321744517582593 152.19451663
      vertex -3.2210898359909312 -8.1355442515222 152.19451663
      vertex -5.11714589204942 -8.063331688544244 152.19451663
    endloop
  endfacet
  facet normal 0 0 1
    outer loop
      vertex -1.0966657936876605 -8.681003636501682 152.19451663
      vertex -4.600747587671382 -8.368728794418896 152.19451663
      vertex -4.066192234446442 -8.641098351050488 152.19451663
    endloop
  endfacet
  facet normal 0 0 1
    outer loop
      vertex -2.17603651269248 -8.475102659875521 152.19451663
      vertex -2.7038987007807895 -8.321744517582593 152.19451663
      vertex -4.600747587671382 -8.368728794418896 152.19451663
    endloop
  endfacet
  facet normal 0 0 1
    outer loop
      vertex -1.6395865026250922 -8.595013443876026 152.19451663
      vertex -2.17603651269248 -8.475102659875521 152.19451663
      vertex -4.600747587671382 -8.368728794418896 152.19451663
    endloop
  endfacet
  facet normal 0 0 1
    outer loop
      vertex -1.0966657936876605 -8.681003636501682 152.19451663
      vertex -1.6395865026250922 -8.595013443876026 152.19451663
      vertex -4.600747587671382 -8.368728794418896 152.19451663
    endloop
  endfacet
  facet normal 0 0 1
    outer loop
      vertex -0.5494170458814912 -8.732733873747376 152.19451663
      vertex -1.0966657936876605 -8.681003636501682 152.19451663
      vertex -4.066192234446442 -8.641098351050488 152.19451663
    endloop
  endfacet
  facet normal 0 0 1
    outer loop
      vertex 2.374988422424364 -9.249969188778428 152.19451663
      vertex -3.515589478138674 -8.879365440232801 152.19451663
      vertex -2.9511122962807477 -9.082589730618716 152.19451663
    endloop
  endfacet
  facet normal 0 0 1
    outer loop
      vertex 2.9511122962807477 -9.082589730618716 152.19451663
      vertex -4.066192234446442 -8.641098351050488 152.19451663
      vertex -3.515589478138674 -8.879365440232801 152.19451663
    endloop
  endfacet
  facet normal 0 0 1
    outer loop
      vertex 1.196932380539104 -9.474695397553264 152.19451663
      vertex -2.374988422424364 -9.249969188778428 152.19451663
      vertex -1.7894915542936722 -9.380843244458976 152.19451663
    endloop
  endfacet
  facet normal 0 0 1
    outer loop
      vertex 1.7894915542936722 -9.380843244458976 152.19451663
      vertex -2.9511122962807477 -9.082589730618716 152.19451663
      vertex -2.374988422424364 -9.249969188778428 152.19451663
    endloop
  endfacet
  facet normal 0 0 1
    outer loop
      vertex 0 -9.55 152.19451663
      vertex -1.196932380539104 -9.474695397553264 152.19451663
      vertex -0.5996494615049418 -9.531155256489994 152.19451663
    endloop
  endfacet
  facet normal 0 0 1
    outer loop
      vertex 1.196932380539104 -9.474695397553264 152.19451663
      vertex -1.7894915542936722 -9.380843244458976 152.19451663
      vertex -1.196932380539104 -9.474695397553264 152.19451663
    endloop
  endfacet
  facet normal 0 0 1
    outer loop
      vertex 0.5996494615049418 -9.531155256489994 152.19451663
      vertex -1.196932380539104 -9.474695397553264 152.19451663
      vertex 0 -9.55 152.19451663
    endloop
  endfacet
  facet normal 0 0 1
    outer loop
      vertex 3.515589478138674 -8.879365440232801 152.19451663
      vertex -0.5494170458814912 -8.732733873747376 152.19451663
      vertex -4.066192234446442 -8.641098351050488 152.19451663
    endloop
  endfacet
  facet normal 0 0 1
    outer loop
      vertex -8.732733873747376 0.5494170458814912 152.19451663
      vertex -9.531155256489994 0.5996494615049418 152.19451663
      vertex -9.55 0 152.19451663
    endloop
  endfacet
  facet normal 0 0 1
    outer loop
      vertex -8.75 0 152.19451663
      vertex -8.732733873747376 0.5494170458814912 152.19451663
      vertex -9.55 0 152.19451663
    endloop
  endfacet
  facet normal 0 0 1
    outer loop
      vertex -8.732733873747376 0.5494170458814912 152.19451663
      vertex -9.474695397553264 1.1969323805391061 152.19451663
      vertex -9.531155256489994 0.5996494615049418 152.19451663
    endloop
  endfacet
  facet normal 0 0 1
    outer loop
      vertex -8.732733873747376 0.5494170458814912 152.19451663
      vertex -8.681003636501682 1.0966657936876625 152.19451663
      vertex -9.474695397553264 1.1969323805391061 152.19451663
    endloop
  endfacet
  facet normal 0 0 1
    outer loop
      vertex -8.681003636501682 1.0966657936876625 152.19451663
      vertex -9.380843244458978 1.7894915542936698 152.19451663
      vertex -9.474695397553264 1.1969323805391061 152.19451663
    endloop
  endfacet
  facet normal 0 0 1
    outer loop
      vertex -8.595013443876026 1.63958650262509 152.19451663
      vertex -9.249969188778428 2.374988422424364 152.19451663
      vertex -9.380843244458978 1.7894915542936698 152.19451663
    endloop
  endfacet
  facet normal 0 0 1
    outer loop
      vertex -8.681003636501682 1.0966657936876625 152.19451663
      vertex -8.595013443876026 1.63958650262509 152.19451663
      vertex -9.380843244458978 1.7894915542936698 152.19451663
    endloop
  endfacet
  facet normal 0 0 1
    outer loop
      vertex -8.595013443876026 1.63958650262509 152.19451663
      vertex -8.475102659875521 2.17603651269248 152.19451663
      vertex -9.249969188778428 2.374988422424364 152.19451663
    endloop
  endfacet
  facet normal 0 0 1
    outer loop
      vertex -8.475102659875521 2.17603651269248 152.19451663
      vertex -9.082589730618716 2.9511122962807477 152.19451663
      vertex -9.249969188778428 2.374988422424364 152.19451663
    endloop
  endfacet
  facet normal 0 0 1
    outer loop
      vertex -8.475102659875521 2.17603651269248 152.19451663
      vertex -8.321744517582593 2.7038987007807895 152.19451663
      vertex -9.082589730618716 2.9511122962807477 152.19451663
    endloop
  endfacet
  facet normal 0 0 1
    outer loop
      vertex -8.321744517582593 2.7038987007807895 152.19451663
      vertex -8.879365440232801 3.515589478138674 152.19451663
      vertex -9.082589730618716 2.9511122962807477 152.19451663
    endloop
  endfacet
  facet normal 0 0 1
    outer loop
      vertex -8.321744517582593 2.7038987007807895 152.19451663
      vertex -8.1355442515222 3.2210898359909312 152.19451663
      vertex -8.879365440232801 3.515589478138674 152.19451663
    endloop
  endfacet
  facet normal 0 0 1
    outer loop
      vertex -8.1355442515222 3.2210898359909312 152.19451663
      vertex -8.641098351050486 4.0661922344464445 152.19451663
      vertex -8.879365440232801 3.515589478138674 152.19451663
    endloop
  endfacet
  facet normal 0 0 1
    outer loop
      vertex -8.1355442515222 3.2210898359909312 152.19451663
      vertex -7.91723670907767 3.7255688011943864 152.19451663
      vertex -8.641098351050486 4.0661922344464445 152.19451663
    endloop
  endfacet
  facet normal 0 0 1
    outer loop
      vertex -7.91723670907767 3.7255688011943864 152.19451663
      vertex -8.368728794418898 4.600747587671381 152.19451663
      vertex -8.641098351050486 4.0661922344464445 152.19451663
    endloop
  endfacet
  facet normal 0 0 1
    outer loop
      vertex -7.91723670907767 3.7255688011943864 152.19451663
      vertex -7.667683450383806 4.215344648390008 152.19451663
      vertex -8.368728794418898 4.600747587671381 152.19451663
    endloop
  endfacet
  facet normal 0 0 1
    outer loop
      vertex -7.667683450383806 4.215344648390008 152.19451663
      vertex -8.063331688544245 5.117145892049418 152.19451663
      vertex -8.368728794418898 4.600747587671381 152.19451663
    endloop
  endfacet
  facet normal 0 0 1
    outer loop
      vertex -7.667683450383806 4.215344648390008 152.19451663
      vertex -7.387869348142632 4.688484456066221 152.19451663
      vertex -8.063331688544245 5.117145892049418 152.19451663
    endloop
  endfacet
  facet normal 0 0 1
    outer loop
      vertex -7.387869348142632 4.688484456066221 152.19451663
      vertex -7.726112296280749 5.613349159393119 152.19451663
      vertex -8.063331688544245 5.117145892049418 152.19451663
    endloop
  endfacet
  facet normal 0 0 1
    outer loop
      vertex -7.387869348142632 4.688484456066221 152.19451663
      vertex -7.07889870078079 5.14312095755914 152.19451663
      vertex -7.726112296280749 5.613349159393119 152.19451663
    endloop
  endfacet
  facet normal 0 0 1
    outer loop
      vertex -7.07889870078079 5.14312095755914 152.19451663
      vertex -7.358401468508787 6.087399102099988 152.19451663
      vertex -7.726112296280749 5.613349159393119 152.19451663
    endloop
  endfacet
  facet normal 0 0 1
    outer loop
      vertex -7.07889870078079 5.14312095755914 152.19451663
      vertex -6.741990874288155 5.577459910301036 152.19451663
      vertex -7.358401468508787 6.087399102099988 152.19451663
    endloop
  endfacet
  facet normal 0 0 1
    outer loop
      vertex -6.741990874288155 5.577459910301036 152.19451663
      vertex -6.961650391874481 6.537424861618978 152.19451663
      vertex -7.358401468508787 6.087399102099988 152.19451663
    endloop
  endfacet
  facet normal 0 0 1
    outer loop
      vertex -6.741990874288155 5.577459910301036 152.19451663
      vertex -6.378475489937351 5.9897871768760265 152.19451663
      vertex -6.961650391874481 6.537424861618978 152.19451663
    endloop
  endfacet
  facet normal 0 0 1
    outer loop
      vertex -6.378475489937351 5.9897871768760265 152.19451663
      vertex -6.537424861618978 6.961650391874481 152.19451663
      vertex -6.961650391874481 6.537424861618978 152.19451663
    endloop
  endfacet
  facet normal 0 0 1
    outer loop
      vertex -6.378475489937351 5.9897871768760265 152.19451663
      vertex -5.9897871768760265 6.378475489937351 152.19451663
      vertex -6.537424861618978 6.961650391874481 152.19451663
    endloop
  endfacet
  facet normal 0 0 1
    outer loop
      vertex -5.9897871768760265 6.378475489937351 152.19451663
      vertex -6.087399102099988 7.358401468508787 152.19451663
      vertex -6.537424861618978 6.961650391874481 152.19451663
    endloop
  endfacet
  facet normal 0 0 1
    outer loop
      vertex -5.577459910301036 6.741990874288155 152.19451663
      vertex -6.087399102099988 7.358401468508787 152.19451663
      vertex -5.9897871768760265 6.378475489937351 152.19451663
    endloop
  endfacet
  facet normal 0 0 1
    outer loop
      vertex -5.14312095755914 7.07889870078079 152.19451663
      vertex -6.087399102099988 7.358401468508787 152.19451663
      vertex -5.577459910301036 6.741990874288155 152.19451663
    endloop
  endfacet
  facet normal 0 0 1
    outer loop
      vertex -5.14312095755914 7.07889870078079 152.19451663
      vertex -5.613349159393119 7.726112296280749 152.19451663
      vertex -6.087399102099988 7.358401468508787 152.19451663
    endloop
  endfacet
  facet normal 0 0 1
    outer loop
      vertex -4.688484456066221 7.387869348142632 152.19451663
      vertex -5.613349159393119 7.726112296280749 152.19451663
      vertex -5.14312095755914 7.07889870078079 152.19451663
    endloop
  endfacet
  facet normal 0 0 1
    outer loop
      vertex -4.688484456066221 7.387869348142632 152.19451663
      vertex -5.117145892049418 8.063331688544245 152.19451663
      vertex -5.613349159393119 7.726112296280749 152.19451663
    endloop
  endfacet
  facet normal 0 0 1
    outer loop
      vertex -4.688484456066221 7.387869348142632 152.19451663
      vertex -4.215344648390009 7.667683450383806 152.19451663
      vertex -5.117145892049418 8.063331688544245 152.19451663
    endloop
  endfacet
  facet normal 0 0 1
    outer loop
      vertex -3.725568801194386 7.917236709077671 152.19451663
      vertex -4.600747587671382 8.368728794418898 152.19451663
      vertex -5.117145892049418 8.063331688544245 152.19451663
    endloop
  endfacet
  facet normal 0 0 1
    outer loop
      vertex -4.215344648390009 7.667683450383806 152.19451663
      vertex -3.725568801194386 7.917236709077671 152.19451663
      vertex -5.117145892049418 8.063331688544245 152.19451663
    endloop
  endfacet
  facet normal 0 0 1
    outer loop
      vertex -3.725568801194386 7.917236709077671 152.19451663
      vertex -4.0661922344464445 8.641098351050488 152.19451663
      vertex -4.600747587671382 8.368728794418898 152.19451663
    endloop
  endfacet
  facet normal 0 0 1
    outer loop
      vertex -3.221089835990932 8.1355442515222 152.19451663
      vertex -4.0661922344464445 8.641098351050488 152.19451663
      vertex -3.725568801194386 7.917236709077671 152.19451663
    endloop
  endfacet
  facet normal 0 0 1
    outer loop
      vertex -2.7038987007807895 8.321744517582593 152.19451663
      vertex -4.0661922344464445 8.641098351050488 152.19451663
      vertex -3.221089835990932 8.1355442515222 152.19451663
    endloop
  endfacet
  facet normal 0 0 1
    outer loop
      vertex -2.1760365126924794 8.475102659875521 152.19451663
      vertex -3.5155894781386747 8.879365440232801 152.19451663
      vertex -4.0661922344464445 8.641098351050488 152.19451663
    endloop
  endfacet
  facet normal 0 0 1
    outer loop
      vertex -2.1760365126924794 8.475102659875521 152.19451663
      vertex -4.0661922344464445 8.641098351050488 152.19451663
      vertex -2.7038987007807895 8.321744517582593 152.19451663
    endloop
  endfacet
  facet normal 0 0 1
    outer loop
      vertex -1.6395865026250904 8.595013443876026 152.19451663
      vertex -3.5155894781386747 8.879365440232801 152.19451663
      vertex -2.1760365126924794 8.475102659875521 152.19451663
    endloop
  endfacet
  facet normal 0 0 1
    outer loop
      vertex -1.0966657936876623 8.681003636501682 152.19451663
      vertex -3.5155894781386747 8.879365440232801 152.19451663
      vertex -1.6395865026250904 8.595013443876026 152.19451663
    endloop
  endfacet
  facet normal 0 0 1
    outer loop
      vertex -0.549417045881492 8.732733873747376 152.19451663
      vertex -3.5155894781386747 8.879365440232801 152.19451663
      vertex -1.0966657936876623 8.681003636501682 152.19451663
    endloop
  endfacet
  facet normal 0 0 1
    outer loop
      vertex 0 8.75 152.19451663
      vertex -3.5155894781386747 8.879365440232801 152.19451663
      vertex -0.549417045881492 8.732733873747376 152.19451663
    endloop
  endfacet
  facet normal 0 0 1
    outer loop
      vertex 0.5494170458814954 8.732733873747376 152.19451663
      vertex -3.5155894781386747 8.879365440232801 152.19451663
      vertex 0 8.75 152.19451663
    endloop
  endfacet
  facet normal 0 0 1
    outer loop
      vertex 4.066192234446442 8.641098351050488 152.19451663
      vertex -2.9511122962807477 9.082589730618716 152.19451663
      vertex -3.5155894781386747 8.879365440232801 152.19451663
    endloop
  endfacet
  facet normal 0 0 1
    outer loop
      vertex 3.5155894781386787 8.8793654402328 152.19451663
      vertex -2.3749884224243636 9.249969188778428 152.19451663
      vertex -2.9511122962807477 9.082589730618716 152.19451663
    endloop
  endfacet
  facet normal 0 0 1
    outer loop
      vertex 2.9511122962807477 9.082589730618716 152.19451663
      vertex -1.7894915542936702 9.380843244458978 152.19451663
      vertex -2.3749884224243636 9.249969188778428 152.19451663
    endloop
  endfacet
  facet normal 0 0 1
    outer loop
      vertex 2.37498842242436 9.249969188778428 152.19451663
      vertex -1.1969323805391057 9.474695397553264 152.19451663
      vertex -1.7894915542936702 9.380843244458978 152.19451663
    endloop
  endfacet
  facet normal 0 0 1
    outer loop
      vertex 1.196932380539104 9.474695397553264 152.19451663
      vertex -0.5996494615049428 9.531155256489994 152.19451663
      vertex -1.1969323805391057 9.474695397553264 152.19451663
    endloop
  endfacet
  facet normal 0 0 1
    outer loop
      vertex 1.196932380539104 -9.474695397553264 152.19451663
      vertex -1.196932380539104 -9.474695397553264 152.19451663
      vertex 0.5996494615049418 -9.531155256489994 152.19451663
    endloop
  endfacet
  facet normal 0 0 1
    outer loop
      vertex 1.7894915542936722 -9.380843244458976 152.19451663
      vertex -2.374988422424364 -9.249969188778428 152.19451663
      vertex 1.196932380539104 -9.474695397553264 152.19451663
    endloop
  endfacet
  facet normal 0 0 1
    outer loop
      vertex 2.374988422424364 -9.249969188778428 152.19451663
      vertex -2.9511122962807477 -9.082589730618716 152.19451663
      vertex 1.7894915542936722 -9.380843244458976 152.19451663
    endloop
  endfacet
  facet normal 0 0 1
    outer loop
      vertex 2.9511122962807477 -9.082589730618716 152.19451663
      vertex -3.515589478138674 -8.879365440232801 152.19451663
      vertex 2.374988422424364 -9.249969188778428 152.19451663
    endloop
  endfacet
  facet normal 0 0 1
    outer loop
      vertex 2.9511122962807477 -9.082589730618716 152.19451663
      vertex 3.515589478138674 -8.879365440232801 152.19451663
      vertex -4.066192234446442 -8.641098351050488 152.19451663
    endloop
  endfacet
  facet normal 0 0 1
    outer loop
      vertex 3.515589478138674 -8.879365440232801 152.19451663
      vertex 0 -8.75 152.19451663
      vertex -0.5494170458814912 -8.732733873747376 152.19451663
    endloop
  endfacet
  facet normal 0 0 1
    outer loop
      vertex 3.515589478138674 -8.879365440232801 152.19451663
      vertex 0.5494170458814912 -8.732733873747376 152.19451663
      vertex 0 -8.75 152.19451663
    endloop
  endfacet
  facet normal 0 0 1
    outer loop
      vertex 3.515589478138674 -8.879365440232801 152.19451663
      vertex 1.0966657936876605 -8.681003636501682 152.19451663
      vertex 0.5494170458814912 -8.732733873747376 152.19451663
    endloop
  endfacet
  facet normal 0 0 1
    outer loop
      vertex 3.515589478138674 -8.879365440232801 152.19451663
      vertex 1.6395865026250922 -8.595013443876026 152.19451663
      vertex 1.0966657936876605 -8.681003636501682 152.19451663
    endloop
  endfacet
  facet normal 0 0 1
    outer loop
      vertex 3.515589478138674 -8.879365440232801 152.19451663
      vertex 2.17603651269248 -8.475102659875521 152.19451663
      vertex 1.6395865026250922 -8.595013443876026 152.19451663
    endloop
  endfacet
  facet normal 0 0 1
    outer loop
      vertex 4.066192234446442 -8.641098351050488 152.19451663
      vertex 2.7038987007807895 -8.321744517582593 152.19451663
      vertex 2.17603651269248 -8.475102659875521 152.19451663
    endloop
  endfacet
  facet normal 0 0 1
    outer loop
      vertex 4.066192234446442 -8.641098351050488 152.19451663
      vertex 2.17603651269248 -8.475102659875521 152.19451663
      vertex 3.515589478138674 -8.879365440232801 152.19451663
    endloop
  endfacet
  facet normal 0 0 1
    outer loop
      vertex 4.066192234446442 -8.641098351050488 152.19451663
      vertex 3.2210898359909312 -8.1355442515222 152.19451663
      vertex 2.7038987007807895 -8.321744517582593 152.19451663
    endloop
  endfacet
  facet normal 0 0 1
    outer loop
      vertex 4.066192234446442 -8.641098351050488 152.19451663
      vertex 3.7255688011943837 -7.917236709077671 152.19451663
      vertex 3.2210898359909312 -8.1355442515222 152.19451663
    endloop
  endfacet
  facet normal 0 0 1
    outer loop
      vertex 4.600747587671382 -8.368728794418896 152.19451663
      vertex 3.7255688011943837 -7.917236709077671 152.19451663
      vertex 4.066192234446442 -8.641098351050488 152.19451663
    endloop
  endfacet
  facet normal 0 0 1
    outer loop
      vertex 5.11714589204942 -8.063331688544244 152.19451663
      vertex 4.215344648390009 -7.667683450383805 152.19451663
      vertex 3.7255688011943837 -7.917236709077671 152.19451663
    endloop
  endfacet
  facet normal 0 0 1
    outer loop
      vertex 5.11714589204942 -8.063331688544244 152.19451663
      vertex 3.7255688011943837 -7.917236709077671 152.19451663
      vertex 4.600747587671382 -8.368728794418896 152.19451663
    endloop
  endfacet
  facet normal 0 0 1
    outer loop
      vertex 5.11714589204942 -8.063331688544244 152.19451663
      vertex 4.688484456066222 -7.3878693481426305 152.19451663
      vertex 4.215344648390009 -7.667683450383805 152.19451663
    endloop
  endfacet
  facet normal 0 0 1
    outer loop
      vertex 5.11714589204942 -8.063331688544244 152.19451663
      vertex 5.613349159393119 -7.726112296280749 152.19451663
      vertex 4.688484456066222 -7.3878693481426305 152.19451663
    endloop
  endfacet
  facet normal 0 0 1
    outer loop
      vertex 5.613349159393119 -7.726112296280749 152.19451663
      vertex 5.14312095755914 -7.07889870078079 152.19451663
      vertex 4.688484456066222 -7.3878693481426305 152.19451663
    endloop
  endfacet
  facet normal 0 0 1
    outer loop
      vertex 6.087399102099987 -7.358401468508789 152.19451663
      vertex 5.14312095755914 -7.07889870078079 152.19451663
      vertex 5.613349159393119 -7.726112296280749 152.19451663
    endloop
  endfacet
  facet normal 0 0 1
    outer loop
      vertex 6.087399102099987 -7.358401468508789 152.19451663
      vertex 5.577459910301035 -6.741990874288157 152.19451663
      vertex 5.14312095755914 -7.07889870078079 152.19451663
    endloop
  endfacet
  facet normal 0 0 1
    outer loop
      vertex 6.087399102099987 -7.358401468508789 152.19451663
      vertex 5.989787176876025 -6.378475489937352 152.19451663
      vertex 5.577459910301035 -6.741990874288157 152.19451663
    endloop
  endfacet
  facet normal 0 0 1
    outer loop
      vertex 6.087399102099987 -7.358401468508789 152.19451663
      vertex 6.537424861618976 -6.961650391874482 152.19451663
      vertex 5.989787176876025 -6.378475489937352 152.19451663
    endloop
  endfacet
  facet normal 0 0 1
    outer loop
      vertex 6.537424861618976 -6.961650391874482 152.19451663
      vertex 6.378475489937352 -5.989787176876025 152.19451663
      vertex 5.989787176876025 -6.378475489937352 152.19451663
    endloop
  endfacet
  facet normal 0 0 1
    outer loop
      vertex 6.537424861618976 -6.961650391874482 152.19451663
      vertex 6.961650391874482 -6.537424861618976 152.19451663
      vertex 6.378475489937352 -5.989787176876025 152.19451663
    endloop
  endfacet
  facet normal 0 0 1
    outer loop
      vertex 6.961650391874482 -6.537424861618976 152.19451663
      vertex 6.741990874288157 -5.577459910301035 152.19451663
      vertex 6.378475489937352 -5.989787176876025 152.19451663
    endloop
  endfacet
  facet normal 0 0 1
    outer loop
      vertex 7.358401468508789 -6.087399102099987 152.19451663
      vertex 6.741990874288157 -5.577459910301035 152.19451663
      vertex 6.961650391874482 -6.537424861618976 152.19451663
    endloop
  endfacet
  facet normal 0 0 1
    outer loop
      vertex 7.358401468508789 -6.087399102099987 152.19451663
      vertex 7.07889870078079 -5.14312095755914 152.19451663
      vertex 6.741990874288157 -5.577459910301035 152.19451663
    endloop
  endfacet
  facet normal 0 0 1
    outer loop
      vertex 7.358401468508789 -6.087399102099987 152.19451663
      vertex 7.726112296280749 -5.613349159393119 152.19451663
      vertex 7.07889870078079 -5.14312095755914 152.19451663
    endloop
  endfacet
  facet normal 0 0 1
    outer loop
      vertex 7.726112296280749 -5.613349159393119 152.19451663
      vertex 7.3878693481426305 -4.688484456066222 152.19451663
      vertex 7.07889870078079 -5.14312095755914 152.19451663
    endloop
  endfacet
  facet normal 0 0 1
    outer loop
      vertex 7.726112296280749 -5.613349159393119 152.19451663
      vertex 8.063331688544244 -5.11714589204942 152.19451663
      vertex 7.3878693481426305 -4.688484456066222 152.19451663
    endloop
  endfacet
  facet normal 0 0 1
    outer loop
      vertex 8.063331688544244 -5.11714589204942 152.19451663
      vertex 7.667683450383805 -4.215344648390009 152.19451663
      vertex 7.3878693481426305 -4.688484456066222 152.19451663
    endloop
  endfacet
  facet normal 0 0 1
    outer loop
      vertex 8.063331688544244 -5.11714589204942 152.19451663
      vertex 8.368728794418896 -4.600747587671382 152.19451663
      vertex 7.667683450383805 -4.215344648390009 152.19451663
    endloop
  endfacet
  facet normal 0 0 1
    outer loop
      vertex 8.368728794418896 -4.600747587671382 152.19451663
      vertex 7.917236709077671 -3.7255688011943837 152.19451663
      vertex 7.667683450383805 -4.215344648390009 152.19451663
    endloop
  endfacet
  facet normal 0 0 1
    outer loop
      vertex 8.368728794418896 -4.600747587671382 152.19451663
      vertex 8.641098351050488 -4.066192234446442 152.19451663
      vertex 7.917236709077671 -3.7255688011943837 152.19451663
    endloop
  endfacet
  facet normal 0 0 1
    outer loop
      vertex 8.641098351050488 -4.066192234446442 152.19451663
      vertex 8.1355442515222 -3.2210898359909312 152.19451663
      vertex 7.917236709077671 -3.7255688011943837 152.19451663
    endloop
  endfacet
  facet normal 0 0 1
    outer loop
      vertex 8.641098351050488 -4.066192234446442 152.19451663
      vertex 8.879365440232801 -3.515589478138674 152.19451663
      vertex 8.1355442515222 -3.2210898359909312 152.19451663
    endloop
  endfacet
  facet normal 0 0 1
    outer loop
      vertex 8.879365440232801 -3.515589478138674 152.19451663
      vertex 8.321744517582593 -2.7038987007807895 152.19451663
      vertex 8.1355442515222 -3.2210898359909312 152.19451663
    endloop
  endfacet
  facet normal 0 0 1
    outer loop
      vertex 8.879365440232801 -3.515589478138674 152.19451663
      vertex 9.082589730618716 -2.9511122962807477 152.19451663
      vertex 8.321744517582593 -2.7038987007807895 152.19451663
    endloop
  endfacet
  facet normal 0 0 1
    outer loop
      vertex 9.082589730618716 -2.9511122962807477 152.19451663
      vertex 8.475102659875521 -2.17603651269248 152.19451663
      vertex 8.321744517582593 -2.7038987007807895 152.19451663
    endloop
  endfacet
  facet normal 0 0 1
    outer loop
      vertex 9.082589730618716 -2.9511122962807477 152.19451663
      vertex 9.249969188778428 -2.374988422424364 152.19451663
      vertex 8.475102659875521 -2.17603651269248 152.19451663
    endloop
  endfacet
  facet normal 0 0 1
    outer loop
      vertex 9.249969188778428 -2.374988422424364 152.19451663
      vertex 8.595013443876026 -1.6395865026250922 152.19451663
      vertex 8.475102659875521 -2.17603651269248 152.19451663
    endloop
  endfacet
  facet normal 0 0 1
    outer loop
      vertex 9.380843244458976 -1.7894915542936722 152.19451663
      vertex 8.681003636501682 -1.0966657936876605 152.19451663
      vertex 8.595013443876026 -1.6395865026250922 152.19451663
    endloop
  endfacet
  facet normal 0 0 1
    outer loop
      vertex 9.249969188778428 -2.374988422424364 152.19451663
      vertex 9.380843244458976 -1.7894915542936722 152.19451663
      vertex 8.595013443876026 -1.6395865026250922 152.19451663
    endloop
  endfacet
  facet normal 0 0 1
    outer loop
      vertex 9.380843244458976 -1.7894915542936722 152.19451663
      vertex 9.474695397553264 -1.196932380539104 152.19451663
      vertex 8.681003636501682 -1.0966657936876605 152.19451663
    endloop
  endfacet
  facet normal 0 0 1
    outer loop
      vertex 9.474695397553264 -1.196932380539104 152.19451663
      vertex 8.732733873747376 -0.5494170458814954 152.19451663
      vertex 8.681003636501682 -1.0966657936876605 152.19451663
    endloop
  endfacet
  facet normal 0 0 1
    outer loop
      vertex 9.474695397553264 -1.196932380539104 152.19451663
      vertex 9.531155256489994 -0.5996494615049465 152.19451663
      vertex 8.732733873747376 -0.5494170458814954 152.19451663
    endloop
  endfacet
  facet normal 0 0 1
    outer loop
      vertex 8.732733873747376 -0.5494170458814954 152.19451663
      vertex 9.55 0 152.19451663
      vertex 8.75 0 152.19451663
    endloop
  endfacet
  facet normal 0 0 1
    outer loop
      vertex 9.531155256489994 -0.5996494615049465 152.19451663
      vertex 9.55 0 152.19451663
      vertex 8.732733873747376 -0.5494170458814954 152.19451663
    endloop
  endfacet
  facet normal 0 0 1
    outer loop
      vertex 4.066192234446442 8.641098351050488 152.19451663
      vertex -3.5155894781386747 8.879365440232801 152.19451663
      vertex 0.5494170458814954 8.732733873747376 152.19451663
    endloop
  endfacet
  facet normal 0 0 1
    outer loop
      vertex 1.196932380539104 9.474695397553264 152.19451663
      vertex 0 9.55 152.19451663
      vertex -0.5996494615049428 9.531155256489994 152.19451663
    endloop
  endfacet
  facet normal 0 0 1
    outer loop
      vertex 1.7894915542936722 9.380843244458976 152.19451663
      vertex 1.196932380539104 9.474695397553264 152.19451663
      vertex -1.1969323805391057 9.474695397553264 152.19451663
    endloop
  endfacet
  facet normal 0 0 1
    outer loop
      vertex 1.196932380539104 9.474695397553264 152.19451663
      vertex 0.5996494615049465 9.531155256489994 152.19451663
      vertex 0 9.55 152.19451663
    endloop
  endfacet
  facet normal 0 0 1
    outer loop
      vertex 2.9511122962807477 9.082589730618716 152.19451663
      vertex 2.37498842242436 9.249969188778428 152.19451663
      vertex -1.7894915542936702 9.380843244458978 152.19451663
    endloop
  endfacet
  facet normal 0 0 1
    outer loop
      vertex 2.37498842242436 9.249969188778428 152.19451663
      vertex 1.7894915542936722 9.380843244458976 152.19451663
      vertex -1.1969323805391057 9.474695397553264 152.19451663
    endloop
  endfacet
  facet normal 0 0 1
    outer loop
      vertex 4.066192234446442 8.641098351050488 152.19451663
      vertex 3.5155894781386787 8.8793654402328 152.19451663
      vertex -2.9511122962807477 9.082589730618716 152.19451663
    endloop
  endfacet
  facet normal 0 0 1
    outer loop
      vertex 3.5155894781386787 8.8793654402328 152.19451663
      vertex 2.9511122962807477 9.082589730618716 152.19451663
      vertex -2.3749884224243636 9.249969188778428 152.19451663
    endloop
  endfacet
  facet normal 0 0 1
    outer loop
      vertex 4.066192234446442 8.641098351050488 152.19451663
      vertex 0.5494170458814954 8.732733873747376 152.19451663
      vertex 1.0966657936876605 8.681003636501682 152.19451663
    endloop
  endfacet
  facet normal 0 0 1
    outer loop
      vertex 4.600747587671382 8.368728794418896 152.19451663
      vertex 1.0966657936876605 8.681003636501682 152.19451663
      vertex 1.6395865026250922 8.595013443876026 152.19451663
    endloop
  endfacet
  facet normal 0 0 1
    outer loop
      vertex 4.600747587671382 8.368728794418896 152.19451663
      vertex 1.6395865026250922 8.595013443876026 152.19451663
      vertex 2.1760365126924763 8.475102659875523 152.19451663
    endloop
  endfacet
  facet normal 0 0 1
    outer loop
      vertex 2.7038987007807895 8.321744517582593 152.19451663
      vertex 4.600747587671382 8.368728794418896 152.19451663
      vertex 2.1760365126924763 8.475102659875523 152.19451663
    endloop
  endfacet
  facet normal 0 0 1
    outer loop
      vertex 4.600747587671382 8.368728794418896 152.19451663
      vertex 4.066192234446442 8.641098351050488 152.19451663
      vertex 1.0966657936876605 8.681003636501682 152.19451663
    endloop
  endfacet
  facet normal 0 0 1
    outer loop
      vertex 5.117145892049415 8.063331688544247 152.19451663
      vertex 2.7038987007807895 8.321744517582593 152.19451663
      vertex 3.2210898359909357 8.135544251522198 152.19451663
    endloop
  endfacet
  facet normal 0 0 1
    outer loop
      vertex 5.117145892049415 8.063331688544247 152.19451663
      vertex 3.2210898359909357 8.135544251522198 152.19451663
      vertex 3.7255688011943837 7.917236709077671 152.19451663
    endloop
  endfacet
  facet normal 0 0 1
    outer loop
      vertex 5.117145892049415 8.063331688544247 152.19451663
      vertex 4.600747587671382 8.368728794418896 152.19451663
      vertex 2.7038987007807895 8.321744517582593 152.19451663
    endloop
  endfacet
  facet normal 0 0 1
    outer loop
      vertex 6.087399102099989 7.358401468508786 152.19451663
      vertex 3.7255688011943837 7.917236709077671 152.19451663
      vertex 4.215344648390009 7.667683450383805 152.19451663
    endloop
  endfacet
  facet normal 0 0 1
    outer loop
      vertex 9.55 0 152.19451663
      vertex 8.732733873747376 0.5494170458814954 152.19451663
      vertex 8.75 0 152.19451663
    endloop
  endfacet
  facet normal 0 0 1
    outer loop
      vertex 9.55 0 152.19451663
      vertex 9.531155256489994 0.5996494615049465 152.19451663
      vertex 8.732733873747376 0.5494170458814954 152.19451663
    endloop
  endfacet
  facet normal 0 0 1
    outer loop
      vertex 8.732733873747376 0.5494170458814954 152.19451663
      vertex 9.531155256489994 0.5996494615049465 152.19451663
      vertex 8.681003636501682 1.0966657936876605 152.19451663
    endloop
  endfacet
  facet normal 0 0 1
    outer loop
      vertex 9.531155256489994 0.5996494615049465 152.19451663
      vertex 9.474695397553264 1.196932380539104 152.19451663
      vertex 8.681003636501682 1.0966657936876605 152.19451663
    endloop
  endfacet
  facet normal 0 0 1
    outer loop
      vertex 8.681003636501682 1.0966657936876605 152.19451663
      vertex 9.474695397553264 1.196932380539104 152.19451663
      vertex 8.595013443876026 1.6395865026250922 152.19451663
    endloop
  endfacet
  facet normal 0 0 1
    outer loop
      vertex 9.380843244458976 1.7894915542936722 152.19451663
      vertex 8.475102659875523 2.1760365126924763 152.19451663
      vertex 8.595013443876026 1.6395865026250922 152.19451663
    endloop
  endfacet
  facet normal 0 0 1
    outer loop
      vertex 9.474695397553264 1.196932380539104 152.19451663
      vertex 9.380843244458976 1.7894915542936722 152.19451663
      vertex 8.595013443876026 1.6395865026250922 152.19451663
    endloop
  endfacet
  facet normal 0 0 1
    outer loop
      vertex 9.380843244458976 1.7894915542936722 152.19451663
      vertex 9.249969188778428 2.37498842242436 152.19451663
      vertex 8.475102659875523 2.1760365126924763 152.19451663
    endloop
  endfacet
  facet normal 0 0 1
    outer loop
      vertex 8.8793654402328 3.5155894781386787 152.19451663
      vertex 7.667683450383805 4.215344648390009 152.19451663
      vertex 7.917236709077671 3.7255688011943837 152.19451663
    endloop
  endfacet
  facet normal 0 0 1
    outer loop
      vertex 8.641098351050488 4.066192234446442 152.19451663
      vertex 7.387869348142634 4.688484456066217 152.19451663
      vertex 7.667683450383805 4.215344648390009 152.19451663
    endloop
  endfacet
  facet normal 0 0 1
    outer loop
      vertex 8.641098351050488 4.066192234446442 152.19451663
      vertex 8.368728794418896 4.600747587671382 152.19451663
      vertex 7.387869348142634 4.688484456066217 152.19451663
    endloop
  endfacet
  facet normal 0 0 1
    outer loop
      vertex 9.082589730618716 2.9511122962807477 152.19451663
      vertex 8.135544251522198 3.2210898359909357 152.19451663
      vertex 8.321744517582593 2.7038987007807895 152.19451663
    endloop
  endfacet
  facet normal 0 0 1
    outer loop
      vertex 9.249969188778428 2.37498842242436 152.19451663
      vertex 8.321744517582593 2.7038987007807895 152.19451663
      vertex 8.475102659875523 2.1760365126924763 152.19451663
    endloop
  endfacet
  facet normal 0 0 1
    outer loop
      vertex 9.249969188778428 2.37498842242436 152.19451663
      vertex 9.082589730618716 2.9511122962807477 152.19451663
      vertex 8.321744517582593 2.7038987007807895 152.19451663
    endloop
  endfacet
  facet normal 0 0 1
    outer loop
      vertex 9.082589730618716 2.9511122962807477 152.19451663
      vertex 7.917236709077671 3.7255688011943837 152.19451663
      vertex 8.135544251522198 3.2210898359909357 152.19451663
    endloop
  endfacet
  facet normal 0 0 1
    outer loop
      vertex 9.082589730618716 2.9511122962807477 152.19451663
      vertex 8.8793654402328 3.5155894781386787 152.19451663
      vertex 7.917236709077671 3.7255688011943837 152.19451663
    endloop
  endfacet
  facet normal 0 0 1
    outer loop
      vertex 8.8793654402328 3.5155894781386787 152.19451663
      vertex 8.641098351050488 4.066192234446442 152.19451663
      vertex 7.667683450383805 4.215344648390009 152.19451663
    endloop
  endfacet
  facet normal 0 0 1
    outer loop
      vertex 6.537424861618976 6.961650391874482 152.19451663
      vertex 4.688484456066217 7.387869348142634 152.19451663
      vertex 5.14312095755914 7.07889870078079 152.19451663
    endloop
  endfacet
  facet normal 0 0 1
    outer loop
      vertex 6.961650391874482 6.537424861618976 152.19451663
      vertex 5.14312095755914 7.07889870078079 152.19451663
      vertex 5.577459910301037 6.741990874288154 152.19451663
    endloop
  endfacet
  facet normal 0 0 1
    outer loop
      vertex 7.726112296280749 5.613349159393119 152.19451663
      vertex 6.378475489937352 5.989787176876025 152.19451663
      vertex 6.741990874288154 5.577459910301037 152.19451663
    endloop
  endfacet
  facet normal 0 0 1
    outer loop
      vertex 7.726112296280749 5.613349159393119 152.19451663
      vertex 7.358401468508786 6.087399102099989 152.19451663
      vertex 6.378475489937352 5.989787176876025 152.19451663
    endloop
  endfacet
  facet normal 0 0 1
    outer loop
      vertex 6.961650391874482 6.537424861618976 152.19451663
      vertex 5.577459910301037 6.741990874288154 152.19451663
      vertex 5.989787176876025 6.378475489937352 152.19451663
    endloop
  endfacet
  facet normal 0 0 1
    outer loop
      vertex 6.961650391874482 6.537424861618976 152.19451663
      vertex 6.537424861618976 6.961650391874482 152.19451663
      vertex 5.14312095755914 7.07889870078079 152.19451663
    endloop
  endfacet
  facet normal 0 0 1
    outer loop
      vertex 7.358401468508786 6.087399102099989 152.19451663
      vertex 5.989787176876025 6.378475489937352 152.19451663
      vertex 6.378475489937352 5.989787176876025 152.19451663
    endloop
  endfacet
  facet normal 0 0 1
    outer loop
      vertex 7.358401468508786 6.087399102099989 152.19451663
      vertex 6.961650391874482 6.537424861618976 152.19451663
      vertex 5.989787176876025 6.378475489937352 152.19451663
    endloop
  endfacet
  facet normal 0 0 1
    outer loop
      vertex 6.087399102099989 7.358401468508786 152.19451663
      vertex 4.215344648390009 7.667683450383805 152.19451663
      vertex 4.688484456066217 7.387869348142634 152.19451663
    endloop
  endfacet
  facet normal 0 0 1
    outer loop
      vertex 6.087399102099989 7.358401468508786 152.19451663
      vertex 5.117145892049415 8.063331688544247 152.19451663
      vertex 3.7255688011943837 7.917236709077671 152.19451663
    endloop
  endfacet
  facet normal 0 0 1
    outer loop
      vertex 6.087399102099989 7.358401468508786 152.19451663
      vertex 5.613349159393119 7.726112296280749 152.19451663
      vertex 5.117145892049415 8.063331688544247 152.19451663
    endloop
  endfacet
  facet normal 0 0 1
    outer loop
      vertex 6.537424861618976 6.961650391874482 152.19451663
      vertex 6.087399102099989 7.358401468508786 152.19451663
      vertex 4.688484456066217 7.387869348142634 152.19451663
    endloop
  endfacet
  facet normal 0 0 1
    outer loop
      vertex 8.368728794418896 4.600747587671382 152.19451663
      vertex 7.07889870078079 5.14312095755914 152.19451663
      vertex 7.387869348142634 4.688484456066217 152.19451663
    endloop
  endfacet
  facet normal 0 0 1
    outer loop
      vertex 8.063331688544247 5.117145892049415 152.19451663
      vertex 7.726112296280749 5.613349159393119 152.19451663
      vertex 7.07889870078079 5.14312095755914 152.19451663
    endloop
  endfacet
  facet normal 0 0 1
    outer loop
      vertex 7.726112296280749 5.613349159393119 152.19451663
      vertex 6.741990874288154 5.577459910301037 152.19451663
      vertex 7.07889870078079 5.14312095755914 152.19451663
    endloop
  endfacet
  facet normal 0 0 1
    outer loop
      vertex 8.368728794418896 4.600747587671382 152.19451663
      vertex 8.063331688544247 5.117145892049415 152.19451663
      vertex 7.07889870078079 5.14312095755914 152.19451663
    endloop
  endfacet
  facet normal 0 0 -1
    outer loop
      vertex -7.358401468508789 -6.087399102099987 0
      vertex -7.726112296280749 -5.613349159393119 0
      vertex -7.07889870078079 -5.14312095755914 0
    endloop
  endfacet
  facet normal 0 0 -1
    outer loop
      vertex -7.726112296280749 -5.613349159393119 0
      vertex -8.063331688544244 -5.11714589204942 0
      vertex -7.3878693481426305 -4.688484456066222 0
    endloop
  endfacet
  facet normal 0 0 -1
    outer loop
      vertex -7.726112296280749 -5.613349159393119 0
      vertex -7.3878693481426305 -4.688484456066222 0
      vertex -7.07889870078079 -5.14312095755914 0
    endloop
  endfacet
  facet normal 0 0 -1
    outer loop
      vertex -5.894848107391957 -7.50775932993603 0
      vertex -6.087399102099987 -7.358401468508789 0
      vertex -5.577459910301035 -6.741990874288157 0
    endloop
  endfacet
  facet normal 0 0 -1
    outer loop
      vertex -5.613349159393119 -7.726112296280749 0
      vertex -5.894848107391957 -7.50775932993603 0
      vertex -5.14312095755914 -7.07889870078079 0
    endloop
  endfacet
  facet normal 0 0 -1
    outer loop
      vertex -4.688484456066222 -7.3878693481426305 0
      vertex -4.704233807868741 -8.307527214401615 0
      vertex -5.11714589204942 -8.063331688544244 0
    endloop
  endfacet
  facet normal 0 0 -1
    outer loop
      vertex -5.11714589204942 -8.063331688544244 0
      vertex -5.613349159393119 -7.726112296280749 0
      vertex -5.14312095755914 -7.07889870078079 0
    endloop
  endfacet
  facet normal 0 0 -1
    outer loop
      vertex -4.688484456066222 -7.3878693481426305 0
      vertex -5.11714589204942 -8.063331688544244 0
      vertex -5.14312095755914 -7.07889870078079 0
    endloop
  endfacet
  facet normal 0 0 -1
    outer loop
      vertex -6.961650391874482 -6.537424861618976 0
      vertex -7.358401468508789 -6.087399102099987 0
      vertex -6.741990874288157 -5.577459910301035 0
    endloop
  endfacet
  facet normal 0 0 -1
    outer loop
      vertex -6.537424861618976 -6.961650391874482 0
      vertex -6.961650391874482 -6.537424861618976 0
      vertex -6.378475489937352 -5.989787176876025 0
    endloop
  endfacet
  facet normal 0 0 -1
    outer loop
      vertex -6.961650391874482 -6.537424861618976 0
      vertex -6.741990874288157 -5.577459910301035 0
      vertex -6.378475489937352 -5.989787176876025 0
    endloop
  endfacet
  facet normal 0 0 -1
    outer loop
      vertex -6.087399102099987 -7.358401468508789 0
      vertex -6.537424861618976 -6.961650391874482 0
      vertex -5.989787176876025 -6.378475489937352 0
    endloop
  endfacet
  facet normal 0 0 -1
    outer loop
      vertex -6.537424861618976 -6.961650391874482 0
      vertex -6.378475489937352 -5.989787176876025 0
      vertex -5.989787176876025 -6.378475489937352 0
    endloop
  endfacet
  facet normal 0 0 -1
    outer loop
      vertex -7.07889870078079 -5.14312095755914 0
      vertex -6.741990874288157 -5.577459910301035 0
      vertex -7.358401468508789 -6.087399102099987 0
    endloop
  endfacet
  facet normal 0 0 -1
    outer loop
      vertex -6.087399102099987 -7.358401468508789 0
      vertex -5.989787176876025 -6.378475489937352 0
      vertex -5.577459910301035 -6.741990874288157 0
    endloop
  endfacet
  facet normal 0 0 -1
    outer loop
      vertex -5.894848107391957 -7.50775932993603 0
      vertex -5.577459910301035 -6.741990874288157 0
      vertex -5.14312095755914 -7.07889870078079 0
    endloop
  endfacet
  facet normal 0 0 -1
    outer loop
      vertex -8.641098351050486 -4.0661922344464445 0
      vertex -8.879365440232801 -3.515589478138674 0
      vertex -8.1355442515222 -3.2210898359909312 0
    endloop
  endfacet
  facet normal 0 0 -1
    outer loop
      vertex -8.879365440232801 -3.515589478138674 0
      vertex -9.082589730618716 -2.9511122962807477 0
      vertex -8.321744517582593 -2.7038987007807895 0
    endloop
  endfacet
  facet normal 0 0 -1
    outer loop
      vertex -8.879365440232801 -3.515589478138674 0
      vertex -8.321744517582593 -2.7038987007807895 0
      vertex -8.1355442515222 -3.2210898359909312 0
    endloop
  endfacet
  facet normal 0 0 -1
    outer loop
      vertex -9.082589730618716 -2.9511122962807477 0
      vertex -9.249969188778428 -2.374988422424364 0
      vertex -8.475102659875521 -2.17603651269248 0
    endloop
  endfacet
  facet normal 0 0 -1
    outer loop
      vertex -9.082589730618716 -2.9511122962807477 0
      vertex -8.475102659875521 -2.17603651269248 0
      vertex -8.321744517582593 -2.7038987007807895 0
    endloop
  endfacet
  facet normal 0 0 -1
    outer loop
      vertex -8.063331688544244 -5.11714589204942 0
      vertex -8.368728794418898 -4.600747587671381 0
      vertex -7.667683450383806 -4.215344648390008 0
    endloop
  endfacet
  facet normal 0 0 -1
    outer loop
      vertex -8.368728794418898 -4.600747587671381 0
      vertex -7.91723670907767 -3.7255688011943864 0
      vertex -7.667683450383806 -4.215344648390008 0
    endloop
  endfacet
  facet normal 0 0 -1
    outer loop
      vertex -8.368728794418898 -4.600747587671381 0
      vertex -8.641098351050486 -4.0661922344464445 0
      vertex -7.91723670907767 -3.7255688011943864 0
    endloop
  endfacet
  facet normal 0 0 -1
    outer loop
      vertex -8.641098351050486 -4.0661922344464445 0
      vertex -8.1355442515222 -3.2210898359909312 0
      vertex -7.91723670907767 -3.7255688011943864 0
    endloop
  endfacet
  facet normal 0 0 -1
    outer loop
      vertex -8.063331688544244 -5.11714589204942 0
      vertex -7.667683450383806 -4.215344648390008 0
      vertex -7.3878693481426305 -4.688484456066222 0
    endloop
  endfacet
  facet normal 0 0 -1
    outer loop
      vertex -9.249969188778428 -2.374988422424364 0
      vertex -9.380843244458978 -1.7894915542936698 0
      vertex -8.595013443876026 -1.63958650262509 0
    endloop
  endfacet
  facet normal 0 0 -1
    outer loop
      vertex -9.380843244458978 -1.7894915542936698 0
      vertex -9.474695397553264 -1.1969323805391061 0
      vertex -8.681003636501682 -1.0966657936876625 0
    endloop
  endfacet
  facet normal 0 0 -1
    outer loop
      vertex -9.249969188778428 -2.374988422424364 0
      vertex -8.595013443876026 -1.63958650262509 0
      vertex -8.475102659875521 -2.17603651269248 0
    endloop
  endfacet
  facet normal 0 0 -1
    outer loop
      vertex -9.380843244458978 -1.7894915542936698 0
      vertex -8.681003636501682 -1.0966657936876625 0
      vertex -8.595013443876026 -1.63958650262509 0
    endloop
  endfacet
  facet normal 0 0 -1
    outer loop
      vertex -9.474695397553264 -1.1969323805391061 0
      vertex -8.732733873747376 -0.5494170458814912 0
      vertex -8.681003636501682 -1.0966657936876625 0
    endloop
  endfacet
  facet normal 0 0 -1
    outer loop
      vertex -9.474695397553264 -1.1969323805391061 0
      vertex -9.531155256489994 -0.5996494615049418 0
      vertex -8.732733873747376 -0.5494170458814912 0
    endloop
  endfacet
  facet normal 0 0 -1
    outer loop
      vertex -9.531155256489994 -0.5996494615049418 0
      vertex -9.55 0 0
      vertex -8.75 0 0
    endloop
  endfacet
  facet normal 0 0 -1
    outer loop
      vertex -9.531155256489994 -0.5996494615049418 0
      vertex -8.75 0 0
      vertex -8.732733873747376 -0.5494170458814912 0
    endloop
  endfacet
  facet normal 0 0 -1
    outer loop
      vertex -3.8425467936081517 -8.737878375463676 0
      vertex -4.066192234446442 -8.641098351050488 0
      vertex -3.7255688011943837 -7.917236709077671 0
    endloop
  endfacet
  facet normal 0 0 -1
    outer loop
      vertex -4.600747587671382 -8.368728794418896 0
      vertex -4.704233807868741 -8.307527214401615 0
      vertex -4.215344648390009 -7.667683450383805 0
    endloop
  endfacet
  facet normal 0 0 -1
    outer loop
      vertex -4.688484456066222 -7.3878693481426305 0
      vertex -4.215344648390009 -7.667683450383805 0
      vertex -4.704233807868741 -8.307527214401615 0
    endloop
  endfacet
  facet normal 0 0 -1
    outer loop
      vertex -4.066192234446442 -8.641098351050488 0
      vertex -4.600747587671382 -8.368728794418896 0
      vertex -4.215344648390009 -7.667683450383805 0
    endloop
  endfacet
  facet normal 0 0 -1
    outer loop
      vertex -4.066192234446442 -8.641098351050488 0
      vertex -4.215344648390009 -7.667683450383805 0
      vertex -3.7255688011943837 -7.917236709077671 0
    endloop
  endfacet
  facet normal 0 0 -1
    outer loop
      vertex -3.8425467936081517 -8.737878375463676 0
      vertex -3.7255688011943837 -7.917236709077671 0
      vertex -3.2210898359909312 -8.1355442515222 0
    endloop
  endfacet
  facet normal 0 0 -1
    outer loop
      vertex -3.6259302705027507 -8.831616715560665 0
      vertex -3.8425467936081517 -8.737878375463676 0
      vertex -3.2210898359909312 -8.1355442515222 0
    endloop
  endfacet
  facet normal 0 0 -1
    outer loop
      vertex -3.515589478138674 -8.879365440232801 0
      vertex -3.6259302705027507 -8.831616715560665 0
      vertex -3.2210898359909312 -8.1355442515222 0
    endloop
  endfacet
  facet normal 0 0 -1
    outer loop
      vertex -2.9511122962807477 -9.082589730618716 0
      vertex -3.515589478138674 -8.879365440232801 0
      vertex -3.2210898359909312 -8.1355442515222 0
    endloop
  endfacet
  facet normal 0 0 -1
    outer loop
      vertex -2.374988422424364 -9.249969188778428 0
      vertex -2.717100613138985 -9.150576409360438 0
      vertex -2.17603651269248 -8.475102659875521 0
    endloop
  endfacet
  facet normal 0 0 -1
    outer loop
      vertex -2.7038987007807895 -8.321744517582593 0
      vertex -2.717100613138985 -9.150576409360438 0
      vertex -2.9511122962807477 -9.082589730618716 0
    endloop
  endfacet
  facet normal 0 0 -1
    outer loop
      vertex -2.9511122962807477 -9.082589730618716 0
      vertex -3.2210898359909312 -8.1355442515222 0
      vertex -2.7038987007807895 -8.321744517582593 0
    endloop
  endfacet
  facet normal 0 0 -1
    outer loop
      vertex -2.7038987007807895 -8.321744517582593 0
      vertex -2.17603651269248 -8.475102659875521 0
      vertex -2.717100613138985 -9.150576409360438 0
    endloop
  endfacet
  facet normal 0 0 -1
    outer loop
      vertex -2.1371695890051323 -9.303127996179331 0
      vertex -2.374988422424364 -9.249969188778428 0
      vertex -2.17603651269248 -8.475102659875521 0
    endloop
  endfacet
  facet normal 0 0 -1
    outer loop
      vertex -1.9068251266670628 -9.354616083700595 0
      vertex -2.1371695890051323 -9.303127996179331 0
      vertex -1.6395865026250922 -8.595013443876026 0
    endloop
  endfacet
  facet normal 0 0 -1
    outer loop
      vertex -2.1371695890051323 -9.303127996179331 0
      vertex -2.17603651269248 -8.475102659875521 0
      vertex -1.6395865026250922 -8.595013443876026 0
    endloop
  endfacet
  facet normal 0 0 -1
    outer loop
      vertex -1.7894915542936722 -9.380843244458976 0
      vertex -1.9068251266670628 -9.354616083700595 0
      vertex -1.6395865026250922 -8.595013443876026 0
    endloop
  endfacet
  facet normal 0 0 -1
    outer loop
      vertex -1.196932380539104 -9.474695397553264 0
      vertex -1.7894915542936722 -9.380843244458976 0
      vertex -1.6395865026250922 -8.595013443876026 0
    endloop
  endfacet
  facet normal 0 0 -1
    outer loop
      vertex -1.196932380539104 -9.474695397553264 0
      vertex -1.6395865026250922 -8.595013443876026 0
      vertex -1.0966657936876605 -8.681003636501682 0
    endloop
  endfacet
  facet normal 0 0 -1
    outer loop
      vertex -0.5996494615049418 -9.531155256489994 0
      vertex -1.196932380539104 -9.474695397553264 0
      vertex -1.0966657936876605 -8.681003636501682 0
    endloop
  endfacet
  facet normal 0 0 -1
    outer loop
      vertex -0.5996494615049418 -9.531155256489994 0
      vertex -1.0966657936876605 -8.681003636501682 0
      vertex -0.5494170458814912 -8.732733873747376 0
    endloop
  endfacet
  facet normal 0 0 -1
    outer loop
      vertex 0 -9.55 0
      vertex -0.5996494615049418 -9.531155256489994 0
      vertex -0.5494170458814912 -8.732733873747376 0
    endloop
  endfacet
  facet normal 0 0 -1
    outer loop
      vertex 0 -8.75 0
      vertex 0 -9.55 0
      vertex -0.5494170458814912 -8.732733873747376 0
    endloop
  endfacet
  facet normal 0 0 -1
    outer loop
      vertex -9.55 0 0
      vertex -9.531155256489994 0.5996494615049418 0
      vertex -8.732733873747376 0.5494170458814912 0
    endloop
  endfacet
  facet normal 0 0 -1
    outer loop
      vertex -8.75 0 0
      vertex -9.55 0 0
      vertex -8.732733873747376 0.5494170458814912 0
    endloop
  endfacet
  facet normal 0 0 -1
    outer loop
      vertex -9.531155256489994 0.5996494615049418 0
      vertex -8.681003636501682 1.0966657936876625 0
      vertex -8.732733873747376 0.5494170458814912 0
    endloop
  endfacet
  facet normal 0 0 -1
    outer loop
      vertex -9.531155256489994 0.5996494615049418 0
      vertex -9.474695397553264 1.1969323805391061 0
      vertex -8.681003636501682 1.0966657936876625 0
    endloop
  endfacet
  facet normal 0 0 -1
    outer loop
      vertex -9.474695397553264 1.1969323805391061 0
      vertex -9.380843244458978 1.7894915542936698 0
      vertex -8.595013443876026 1.63958650262509 0
    endloop
  endfacet
  facet normal 0 0 -1
    outer loop
      vertex -9.380843244458978 1.7894915542936698 0
      vertex -9.249969188778428 2.374988422424364 0
      vertex -8.475102659875521 2.17603651269248 0
    endloop
  endfacet
  facet normal 0 0 -1
    outer loop
      vertex -9.474695397553264 1.1969323805391061 0
      vertex -8.595013443876026 1.63958650262509 0
      vertex -8.681003636501682 1.0966657936876625 0
    endloop
  endfacet
  facet normal 0 0 -1
    outer loop
      vertex -9.380843244458978 1.7894915542936698 0
      vertex -8.475102659875521 2.17603651269248 0
      vertex -8.595013443876026 1.63958650262509 0
    endloop
  endfacet
  facet normal 0 0 -1
    outer loop
      vertex -9.249969188778428 2.374988422424364 0
      vertex -9.082589730618716 2.9511122962807477 0
      vertex -8.321744517582593 2.7038987007807895 0
    endloop
  endfacet
  facet normal 0 0 -1
    outer loop
      vertex -8.321744517582593 2.7038987007807895 0
      vertex -8.475102659875521 2.17603651269248 0
      vertex -9.249969188778428 2.374988422424364 0
    endloop
  endfacet
  facet normal 0 0 -1
    outer loop
      vertex -9.082589730618716 2.9511122962807477 0
      vertex -8.920091588026139 3.4024682508943456 0
      vertex -8.321744517582593 2.7038987007807895 0
    endloop
  endfacet
  facet normal 0 0 -1
    outer loop
      vertex -8.920091588026139 3.4024682508943456 0
      vertex -8.1355442515222 3.2210898359909312 0
      vertex -8.321744517582593 2.7038987007807895 0
    endloop
  endfacet
  facet normal 0 0 -1
    outer loop
      vertex -8.920091588026139 3.4024682508943456 0
      vertex -8.879365440232801 3.515589478138674 0
      vertex -8.1355442515222 3.2210898359909312 0
    endloop
  endfacet
  facet normal 0 0 -1
    outer loop
      vertex -8.879365440232801 3.515589478138674 0
      vertex -8.641098351050486 4.0661922344464445 0
      vertex -7.91723670907767 3.7255688011943864 0
    endloop
  endfacet
  facet normal 0 0 -1
    outer loop
      vertex -8.879365440232801 3.515589478138674 0
      vertex -7.91723670907767 3.7255688011943864 0
      vertex -8.1355442515222 3.2210898359909312 0
    endloop
  endfacet
  facet normal 0 0 -1
    outer loop
      vertex -8.641098351050486 4.0661922344464445 0
      vertex -7.667683450383806 4.215344648390008 0
      vertex -7.91723670907767 3.7255688011943864 0
    endloop
  endfacet
  facet normal 0 0 -1
    outer loop
      vertex -8.368728794418898 4.600747587671381 0
      vertex -7.667683450383806 4.215344648390008 0
      vertex -8.641098351050486 4.0661922344464445 0
    endloop
  endfacet
  facet normal 0 0 -1
    outer loop
      vertex -8.368728794418898 4.600747587671381 0
      vertex -8.124533268561526 5.01365967185206 0
      vertex -7.667683450383806 4.215344648390008 0
    endloop
  endfacet
  facet normal 0 0 -1
    outer loop
      vertex -8.124533268561526 5.01365967185206 0
      vertex -7.387869348142632 4.688484456066221 0
      vertex -7.667683450383806 4.215344648390008 0
    endloop
  endfacet
  facet normal 0 0 -1
    outer loop
      vertex -8.124533268561526 5.01365967185206 0
      vertex -8.063331688544245 5.117145892049418 0
      vertex -7.387869348142632 4.688484456066221 0
    endloop
  endfacet
  facet normal 0 0 -1
    outer loop
      vertex -7.387869348142632 4.688484456066221 0
      vertex -8.063331688544245 5.117145892049418 0
      vertex -7.07889870078079 5.14312095755914 0
    endloop
  endfacet
  facet normal 0 0 -1
    outer loop
      vertex -8.063331688544245 5.117145892049418 0
      vertex -7.726112296280749 5.613349159393119 0
      vertex -7.07889870078079 5.14312095755914 0
    endloop
  endfacet
  facet normal 0 0 -1
    outer loop
      vertex -6.741990874288155 5.577459910301036 0
      vertex -7.07889870078079 5.14312095755914 0
      vertex -7.726112296280749 5.613349159393119 0
    endloop
  endfacet
  facet normal 0 0 -1
    outer loop
      vertex -7.726112296280749 5.613349159393119 0
      vertex -7.358401468508787 6.087399102099988 0
      vertex -6.741990874288155 5.577459910301036 0
    endloop
  endfacet
  facet normal 0 0 -1
    outer loop
      vertex -7.358401468508787 6.087399102099988 0
      vertex -6.378475489937351 5.9897871768760265 0
      vertex -6.741990874288155 5.577459910301036 0
    endloop
  endfacet
  facet normal 0 0 -1
    outer loop
      vertex -7.358401468508787 6.087399102099988 0
      vertex -6.961650391874481 6.537424861618978 0
      vertex -6.378475489937351 5.9897871768760265 0
    endloop
  endfacet
  facet normal 0 0 -1
    outer loop
      vertex -6.961650391874481 6.537424861618978 0
      vertex -5.9897871768760265 6.378475489937351 0
      vertex -6.378475489937351 5.9897871768760265 0
    endloop
  endfacet
  facet normal 0 0 -1
    outer loop
      vertex -6.537424861618978 6.961650391874481 0
      vertex -5.9897871768760265 6.378475489937351 0
      vertex -6.961650391874481 6.537424861618978 0
    endloop
  endfacet
  facet normal 0 0 -1
    outer loop
      vertex -5.577459910301036 6.741990874288155 0
      vertex -5.9897871768760265 6.378475489937351 0
      vertex -6.537424861618978 6.961650391874481 0
    endloop
  endfacet
  facet normal 0 0 -1
    outer loop
      vertex -5.577459910301036 6.741990874288155 0
      vertex -6.537424861618978 6.961650391874481 0
      vertex -6.087399102099988 7.358401468508787 0
    endloop
  endfacet
  facet normal 0 0 -1
    outer loop
      vertex -5.14312095755914 7.07889870078079 0
      vertex -5.577459910301036 6.741990874288155 0
      vertex -5.775903296386233 7.600022382778838 0
    endloop
  endfacet
  facet normal 0 0 -1
    outer loop
      vertex -5.577459910301036 6.741990874288155 0
      vertex -6.087399102099988 7.358401468508787 0
      vertex -5.998349796830422 7.4274751900795914 0
    endloop
  endfacet
  facet normal 0 0 -1
    outer loop
      vertex -5.577459910301036 6.741990874288155 0
      vertex -5.998349796830422 7.4274751900795914 0
      vertex -5.775903296386233 7.600022382778838 0
    endloop
  endfacet
  facet normal 0 0 -1
    outer loop
      vertex -5.14312095755914 7.07889870078079 0
      vertex -5.775903296386233 7.600022382778838 0
      vertex -5.613349159393119 7.726112296280749 0
    endloop
  endfacet
  facet normal 0 0 -1
    outer loop
      vertex -5.14312095755914 7.07889870078079 0
      vertex -5.613349159393119 7.726112296280749 0
      vertex -4.688484456066221 7.387869348142632 0
    endloop
  endfacet
  facet normal 0 0 -1
    outer loop
      vertex -4.688484456066221 7.387869348142632 0
      vertex -5.613349159393119 7.726112296280749 0
      vertex -5.5693731049001896 7.7559983920528275 0
    endloop
  endfacet
  facet normal 0 0 -1
    outer loop
      vertex -4.688484456066221 7.387869348142632 0
      vertex -5.5693731049001896 7.7559983920528275 0
      vertex -5.470964148722158 7.822877049610426 0
    endloop
  endfacet
  facet normal 0 0 -1
    outer loop
      vertex -4.688484456066221 7.387869348142632 0
      vertex -5.470964148722158 7.822877049610426 0
      vertex -5.117145892049418 8.063331688544245 0
    endloop
  endfacet
  facet normal 0 0 -1
    outer loop
      vertex -4.215344648390009 7.667683450383806 0
      vertex -5.117145892049418 8.063331688544245 0
      vertex -5.009112869656911 8.127222239883876 0
    endloop
  endfacet
  facet normal 0 0 -1
    outer loop
      vertex -4.215344648390009 7.667683450383806 0
      vertex -4.688484456066221 7.387869348142632 0
      vertex -5.117145892049418 8.063331688544245 0
    endloop
  endfacet
  facet normal 0 0 -1
    outer loop
      vertex -4.215344648390009 7.667683450383806 0
      vertex -5.009112869656911 8.127222239883876 0
      vertex -4.910094081186768 8.185781788142691 0
    endloop
  endfacet
  facet normal 0 0 -1
    outer loop
      vertex -4.215344648390009 7.667683450383806 0
      vertex -4.910094081186768 8.185781788142691 0
      vertex -4.600747587671382 8.368728794418898 0
    endloop
  endfacet
  facet normal 0 0 -1
    outer loop
      vertex -4.215344648390009 7.667683450383806 0
      vertex -4.600747587671382 8.368728794418898 0
      vertex -4.508913953382366 8.415520368208718 0
    endloop
  endfacet
  facet normal 0 0 -1
    outer loop
      vertex -4.215344648390009 7.667683450383806 0
      vertex -4.508913953382366 8.415520368208718 0
      vertex -4.386983122700593 8.477647229519075 0
    endloop
  endfacet
  facet normal 0 0 -1
    outer loop
      vertex -4.215344648390009 7.667683450383806 0
      vertex -4.386983122700593 8.477647229519075 0
      vertex -4.2845384339889705 8.529845405583181 0
    endloop
  endfacet
  facet normal 0 0 -1
    outer loop
      vertex -3.725568801194386 7.917236709077671 0
      vertex -4.215344648390009 7.667683450383806 0
      vertex -4.2845384339889705 8.529845405583181 0
    endloop
  endfacet
  facet normal 0 0 -1
    outer loop
      vertex -3.725568801194386 7.917236709077671 0
      vertex -4.2845384339889705 8.529845405583181 0
      vertex -4.172449624427998 8.586957506658033 0
    endloop
  endfacet
  facet normal 0 0 -1
    outer loop
      vertex -3.725568801194386 7.917236709077671 0
      vertex -4.172449624427998 8.586957506658033 0
      vertex -4.0661922344464445 8.641098351050488 0
    endloop
  endfacet
  facet normal 0 0 -1
    outer loop
      vertex -3.725568801194386 7.917236709077671 0
      vertex -4.0661922344464445 8.641098351050488 0
      vertex -3.7462084653205423 8.779567692843244 0
    endloop
  endfacet
  facet normal 0 0 -1
    outer loop
      vertex -3.221089835990932 8.1355442515222 0
      vertex -3.725568801194386 7.917236709077671 0
      vertex -3.7462084653205423 8.779567692843244 0
    endloop
  endfacet
  facet normal 0 0 -1
    outer loop
      vertex -3.221089835990932 8.1355442515222 0
      vertex -3.7462084653205423 8.779567692843244 0
      vertex -3.5155894781386747 8.879365440232801 0
    endloop
  endfacet
  facet normal 0 0 -1
    outer loop
      vertex -3.221089835990932 8.1355442515222 0
      vertex -3.5155894781386747 8.879365440232801 0
      vertex -3.3176054493595935 8.950644076552418 0
    endloop
  endfacet
  facet normal 0 0 -1
    outer loop
      vertex -2.7038987007807895 8.321744517582593 0
      vertex -3.221089835990932 8.1355442515222 0
      vertex -3.2175899410299635 8.986651875204217 0
    endloop
  endfacet
  facet normal 0 0 -1
    outer loop
      vertex -3.221089835990932 8.1355442515222 0
      vertex -3.3176054493595935 8.950644076552418 0
      vertex -3.287714044928332 8.961405644334816 0
    endloop
  endfacet
  facet normal 0 0 -1
    outer loop
      vertex -3.221089835990932 8.1355442515222 0
      vertex -3.287714044928332 8.961405644334816 0
      vertex -3.2175899410299635 8.986651875204217 0
    endloop
  endfacet
  facet normal 0 0 -1
    outer loop
      vertex -2.7038987007807895 8.321744517582593 0
      vertex -3.2175899410299635 8.986651875204217 0
      vertex -2.994570372630701 9.066943860401807 0
    endloop
  endfacet
  facet normal 0 0 -1
    outer loop
      vertex -2.7038987007807895 8.321744517582593 0
      vertex -2.994570372630701 9.066943860401807 0
      vertex -2.9511122962807477 9.082589730618716 0
    endloop
  endfacet
  facet normal 0 0 -1
    outer loop
      vertex -2.7038987007807895 8.321744517582593 0
      vertex -2.9511122962807477 9.082589730618716 0
      vertex -2.5783948890174933 9.19087414740018 0
    endloop
  endfacet
  facet normal 0 0 -1
    outer loop
      vertex -2.7038987007807895 8.321744517582593 0
      vertex -2.5783948890174933 9.19087414740018 0
      vertex -2.1760365126924794 8.475102659875521 0
    endloop
  endfacet
  facet normal 0 0 -1
    outer loop
      vertex -1.6395865026250904 8.595013443876026 0
      vertex -2.1760365126924794 8.475102659875521 0
      vertex -2.173234374379531 9.295066561548152 0
    endloop
  endfacet
  facet normal 0 0 -1
    outer loop
      vertex -2.1760365126924794 8.475102659875521 0
      vertex -2.5783948890174933 9.19087414740018 0
      vertex -2.3749884224243636 9.249969188778428 0
    endloop
  endfacet
  facet normal 0 0 -1
    outer loop
      vertex -2.1760365126924794 8.475102659875521 0
      vertex -2.3749884224243636 9.249969188778428 0
      vertex -2.173234374379531 9.295066561548152 0
    endloop
  endfacet
  facet normal 0 0 -1
    outer loop
      vertex -1.6395865026250904 8.595013443876026 0
      vertex -2.173234374379531 9.295066561548152 0
      vertex -1.8570111335825639 9.365750830373836 0
    endloop
  endfacet
  facet normal 0 0 -1
    outer loop
      vertex -1.0966657936876623 8.681003636501682 0
      vertex -1.6395865026250904 8.595013443876026 0
      vertex -1.7894915542936702 9.380843244458978 0
    endloop
  endfacet
  facet normal 0 0 -1
    outer loop
      vertex -1.6395865026250904 8.595013443876026 0
      vertex -1.8570111335825639 9.365750830373836 0
      vertex -1.7894915542936702 9.380843244458978 0
    endloop
  endfacet
  facet normal 0 0 -1
    outer loop
      vertex -1.0966657936876623 8.681003636501682 0
      vertex -1.7894915542936702 9.380843244458978 0
      vertex -1.3908281477634445 9.44398532498014 0
    endloop
  endfacet
  facet normal 0 0 -1
    outer loop
      vertex -1.0966657936876623 8.681003636501682 0
      vertex -1.3908281477634445 9.44398532498014 0
      vertex -1.1969323805391057 9.474695397553264 0
    endloop
  endfacet
  facet normal 0 0 -1
    outer loop
      vertex -1.0966657936876623 8.681003636501682 0
      vertex -1.1969323805391057 9.474695397553264 0
      vertex -1.1138027711805967 9.482553459232705 0
    endloop
  endfacet
  facet normal 0 0 -1
    outer loop
      vertex -0.549417045881492 8.732733873747376 0
      vertex -1.0966657936876623 8.681003636501682 0
      vertex -1.1138027711805967 9.482553459232705 0
    endloop
  endfacet
  facet normal 0 0 -1
    outer loop
      vertex -0.549417045881492 8.732733873747376 0
      vertex -1.1138027711805967 9.482553459232705 0
      vertex -0.7138909462381713 9.52035625670746 0
    endloop
  endfacet
  facet normal 0 0 -1
    outer loop
      vertex -0.549417045881492 8.732733873747376 0
      vertex -0.7138909462381713 9.52035625670746 0
      vertex -0.5996494615049428 9.531155256489994 0
    endloop
  endfacet
  facet normal 0 0 -1
    outer loop
      vertex 0 8.75 0
      vertex -0.549417045881492 8.732733873747376 0
      vertex -0.5996494615049428 9.531155256489994 0
    endloop
  endfacet
  facet normal 0 0 -1
    outer loop
      vertex 0 9.55 0
      vertex 0 8.75 0
      vertex -0.5996494615049428 9.531155256489994 0
    endloop
  endfacet
  facet normal 0 0 -1
    outer loop
      vertex 0.5996494615049418 -9.531155256489994 0
      vertex 0 -9.55 0
      vertex 0 -8.75 0
    endloop
  endfacet
  facet normal 0 0 -1
    outer loop
      vertex 0.5996494615049418 -9.531155256489994 0
      vertex 0 -8.75 0
      vertex 0.5494170458814912 -8.732733873747376 0
    endloop
  endfacet
  facet normal 0 0 -1
    outer loop
      vertex 1.196932380539104 -9.474695397553264 0
      vertex 0.5996494615049418 -9.531155256489994 0
      vertex 0.5494170458814912 -8.732733873747376 0
    endloop
  endfacet
  facet normal 0 0 -1
    outer loop
      vertex 1.196932380539104 -9.474695397553264 0
      vertex 0.5494170458814912 -8.732733873747376 0
      vertex 1.0966657936876605 -8.681003636501682 0
    endloop
  endfacet
  facet normal 0 0 -1
    outer loop
      vertex 1.7894915542936722 -9.380843244458976 0
      vertex 1.196932380539104 -9.474695397553264 0
      vertex 1.0966657936876605 -8.681003636501682 0
    endloop
  endfacet
  facet normal 0 0 -1
    outer loop
      vertex 1.7894915542936722 -9.380843244458976 0
      vertex 1.0966657936876605 -8.681003636501682 0
      vertex 1.6395865026250922 -8.595013443876026 0
    endloop
  endfacet
  facet normal 0 0 -1
    outer loop
      vertex 2.374988422424364 -9.249969188778428 0
      vertex 1.7894915542936722 -9.380843244458976 0
      vertex 1.6395865026250922 -8.595013443876026 0
    endloop
  endfacet
  facet normal 0 0 -1
    outer loop
      vertex 2.374988422424364 -9.249969188778428 0
      vertex 1.6395865026250922 -8.595013443876026 0
      vertex 2.17603651269248 -8.475102659875521 0
    endloop
  endfacet
  facet normal 0 0 -1
    outer loop
      vertex 2.9511122962807477 -9.082589730618716 0
      vertex 2.374988422424364 -9.249969188778428 0
      vertex 2.17603651269248 -8.475102659875521 0
    endloop
  endfacet
  facet normal 0 0 -1
    outer loop
      vertex 2.9511122962807477 -9.082589730618716 0
      vertex 2.17603651269248 -8.475102659875521 0
      vertex 2.7038987007807895 -8.321744517582593 0
    endloop
  endfacet
  facet normal 0 0 -1
    outer loop
      vertex 2.9511122962807477 -9.082589730618716 0
      vertex 2.7038987007807895 -8.321744517582593 0
      vertex 3.515589478138674 -8.879365440232801 0
    endloop
  endfacet
  facet normal 0 0 -1
    outer loop
      vertex 3.515589478138674 -8.879365440232801 0
      vertex 2.7038987007807895 -8.321744517582593 0
      vertex 3.2210898359909312 -8.1355442515222 0
    endloop
  endfacet
  facet normal 0 0 -1
    outer loop
      vertex 4.066192234446442 -8.641098351050488 0
      vertex 3.515589478138674 -8.879365440232801 0
      vertex 3.2210898359909312 -8.1355442515222 0
    endloop
  endfacet
  facet normal 0 0 -1
    outer loop
      vertex 4.066192234446442 -8.641098351050488 0
      vertex 3.2210898359909312 -8.1355442515222 0
      vertex 3.7255688011943837 -7.917236709077671 0
    endloop
  endfacet
  facet normal 0 0 -1
    outer loop
      vertex 4.600747587671382 -8.368728794418896 0
      vertex 4.066192234446442 -8.641098351050488 0
      vertex 3.7255688011943837 -7.917236709077671 0
    endloop
  endfacet
  facet normal 0 0 -1
    outer loop
      vertex 4.600747587671382 -8.368728794418896 0
      vertex 3.7255688011943837 -7.917236709077671 0
      vertex 4.215344648390009 -7.667683450383805 0
    endloop
  endfacet
  facet normal 0 0 -1
    outer loop
      vertex 4.600747587671382 -8.368728794418896 0
      vertex 4.215344648390009 -7.667683450383805 0
      vertex 5.11714589204942 -8.063331688544244 0
    endloop
  endfacet
  facet normal 0 0 -1
    outer loop
      vertex 4.688484456066222 -7.3878693481426305 0
      vertex 5.11714589204942 -8.063331688544244 0
      vertex 4.215344648390009 -7.667683450383805 0
    endloop
  endfacet
  facet normal 0 0 -1
    outer loop
      vertex 5.613349159393119 -7.726112296280749 0
      vertex 5.11714589204942 -8.063331688544244 0
      vertex 4.688484456066222 -7.3878693481426305 0
    endloop
  endfacet
  facet normal 0 0 -1
    outer loop
      vertex 5.613349159393119 -7.726112296280749 0
      vertex 4.688484456066222 -7.3878693481426305 0
      vertex 5.14312095755914 -7.07889870078079 0
    endloop
  endfacet
  facet normal 0 0 -1
    outer loop
      vertex 5.613349159393119 -7.726112296280749 0
      vertex 5.14312095755914 -7.07889870078079 0
      vertex 6.087399102099987 -7.358401468508789 0
    endloop
  endfacet
  facet normal 0 0 -1
    outer loop
      vertex 6.087399102099987 -7.358401468508789 0
      vertex 5.14312095755914 -7.07889870078079 0
      vertex 5.577459910301035 -6.741990874288157 0
    endloop
  endfacet
  facet normal 0 0 -1
    outer loop
      vertex 6.087399102099987 -7.358401468508789 0
      vertex 5.577459910301035 -6.741990874288157 0
      vertex 6.537424861618976 -6.961650391874482 0
    endloop
  endfacet
  facet normal 0 0 -1
    outer loop
      vertex 6.537424861618976 -6.961650391874482 0
      vertex 5.577459910301035 -6.741990874288157 0
      vertex 5.989787176876025 -6.378475489937352 0
    endloop
  endfacet
  facet normal 0 0 -1
    outer loop
      vertex 6.537424861618976 -6.961650391874482 0
      vertex 5.989787176876025 -6.378475489937352 0
      vertex 6.961650391874482 -6.537424861618976 0
    endloop
  endfacet
  facet normal 0 0 -1
    outer loop
      vertex 6.961650391874482 -6.537424861618976 0
      vertex 5.989787176876025 -6.378475489937352 0
      vertex 6.378475489937352 -5.989787176876025 0
    endloop
  endfacet
  facet normal 0 0 -1
    outer loop
      vertex 7.041159307631997 -6.44723969941137 0
      vertex 6.961650391874482 -6.537424861618976 0
      vertex 6.378475489937352 -5.989787176876025 0
    endloop
  endfacet
  facet normal 0 0 -1
    outer loop
      vertex 7.041159307631997 -6.44723969941137 0
      vertex 6.378475489937352 -5.989787176876025 0
      vertex 6.741990874288157 -5.577459910301035 0
    endloop
  endfacet
  facet normal 0 0 -1
    outer loop
      vertex 7.358401468508789 -6.087399102099987 0
      vertex 7.041159307631997 -6.44723969941137 0
      vertex 6.741990874288157 -5.577459910301035 0
    endloop
  endfacet
  facet normal 0 0 -1
    outer loop
      vertex 7.358401468508789 -6.087399102099987 0
      vertex 6.741990874288157 -5.577459910301035 0
      vertex 7.726112296280749 -5.613349159393119 0
    endloop
  endfacet
  facet normal 0 0 -1
    outer loop
      vertex 7.726112296280749 -5.613349159393119 0
      vertex 6.741990874288157 -5.577459910301035 0
      vertex 7.07889870078079 -5.14312095755914 0
    endloop
  endfacet
  facet normal 0 0 -1
    outer loop
      vertex 8.063331688544244 -5.11714589204942 0
      vertex 7.726112296280749 -5.613349159393119 0
      vertex 7.07889870078079 -5.14312095755914 0
    endloop
  endfacet
  facet normal 0 0 -1
    outer loop
      vertex 8.063331688544244 -5.11714589204942 0
      vertex 7.07889870078079 -5.14312095755914 0
      vertex 7.3878693481426305 -4.688484456066222 0
    endloop
  endfacet
  facet normal 0 0 -1
    outer loop
      vertex 8.063331688544244 -5.11714589204942 0
      vertex 7.3878693481426305 -4.688484456066222 0
      vertex 8.124533268561525 -5.013659671852061 0
    endloop
  endfacet
  facet normal 0 0 -1
    outer loop
      vertex 8.124533268561525 -5.013659671852061 0
      vertex 7.3878693481426305 -4.688484456066222 0
      vertex 7.667683450383805 -4.215344648390009 0
    endloop
  endfacet
  facet normal 0 0 -1
    outer loop
      vertex 8.124533268561525 -5.013659671852061 0
      vertex 7.667683450383805 -4.215344648390009 0
      vertex 8.368728794418896 -4.600747587671382 0
    endloop
  endfacet
  facet normal 0 0 -1
    outer loop
      vertex 8.641098351050488 -4.066192234446442 0
      vertex 8.368728794418896 -4.600747587671382 0
      vertex 7.667683450383805 -4.215344648390009 0
    endloop
  endfacet
  facet normal 0 0 -1
    outer loop
      vertex 8.641098351050488 -4.066192234446442 0
      vertex 7.667683450383805 -4.215344648390009 0
      vertex 7.917236709077671 -3.7255688011943837 0
    endloop
  endfacet
  facet normal 0 0 -1
    outer loop
      vertex 8.879365440232801 -3.515589478138674 0
      vertex 7.917236709077671 -3.7255688011943837 0
      vertex 8.1355442515222 -3.2210898359909312 0
    endloop
  endfacet
  facet normal 0 0 -1
    outer loop
      vertex 8.641098351050488 -4.066192234446442 0
      vertex 7.917236709077671 -3.7255688011943837 0
      vertex 8.879365440232801 -3.515589478138674 0
    endloop
  endfacet
  facet normal 0 0 -1
    outer loop
      vertex 8.879365440232801 -3.515589478138674 0
      vertex 8.1355442515222 -3.2210898359909312 0
      vertex 8.920091588026139 -3.4024682508943456 0
    endloop
  endfacet
  facet normal 0 0 -1
    outer loop
      vertex 8.920091588026139 -3.4024682508943456 0
      vertex 8.1355442515222 -3.2210898359909312 0
      vertex 8.321744517582593 -2.7038987007807895 0
    endloop
  endfacet
  facet normal 0 0 -1
    outer loop
      vertex 9.082589730618716 -2.9511122962807477 0
      vertex 8.920091588026139 -3.4024682508943456 0
      vertex 8.321744517582593 -2.7038987007807895 0
    endloop
  endfacet
  facet normal 0 0 -1
    outer loop
      vertex 9.249969188778428 -2.374988422424364 0
      vertex 8.321744517582593 -2.7038987007807895 0
      vertex 8.475102659875521 -2.17603651269248 0
    endloop
  endfacet
  facet normal 0 0 -1
    outer loop
      vertex 9.082589730618716 -2.9511122962807477 0
      vertex 8.321744517582593 -2.7038987007807895 0
      vertex 9.249969188778428 -2.374988422424364 0
    endloop
  endfacet
  facet normal 0 0 -1
    outer loop
      vertex 9.380843244458976 -1.7894915542936722 0
      vertex 8.475102659875521 -2.17603651269248 0
      vertex 8.595013443876026 -1.6395865026250922 0
    endloop
  endfacet
  facet normal 0 0 -1
    outer loop
      vertex 9.474695397553264 -1.196932380539104 0
      vertex 8.595013443876026 -1.6395865026250922 0
      vertex 8.681003636501682 -1.0966657936876605 0
    endloop
  endfacet
  facet normal 0 0 -1
    outer loop
      vertex 9.249969188778428 -2.374988422424364 0
      vertex 8.475102659875521 -2.17603651269248 0
      vertex 9.380843244458976 -1.7894915542936722 0
    endloop
  endfacet
  facet normal 0 0 -1
    outer loop
      vertex 9.380843244458976 -1.7894915542936722 0
      vertex 8.595013443876026 -1.6395865026250922 0
      vertex 9.474695397553264 -1.196932380539104 0
    endloop
  endfacet
  facet normal 0 0 -1
    outer loop
      vertex 9.474695397553264 -1.196932380539104 0
      vertex 8.681003636501682 -1.0966657936876605 0
      vertex 9.531155256489994 -0.5996494615049465 0
    endloop
  endfacet
  facet normal 0 0 -1
    outer loop
      vertex 9.531155256489994 -0.5996494615049465 0
      vertex 8.681003636501682 -1.0966657936876605 0
      vertex 8.732733873747376 -0.5494170458814954 0
    endloop
  endfacet
  facet normal 0 0 -1
    outer loop
      vertex 9.55 0 0
      vertex 8.732733873747376 -0.5494170458814954 0
      vertex 8.75 0 0
    endloop
  endfacet
  facet normal 0 0 -1
    outer loop
      vertex 9.531155256489994 -0.5996494615049465 0
      vertex 8.732733873747376 -0.5494170458814954 0
      vertex 9.55 0 0
    endloop
  endfacet
  facet normal 0 0 -1
    outer loop
      vertex 0.5494170458814954 8.732733873747376 0
      vertex 0 8.75 0
      vertex 0 9.55 0
    endloop
  endfacet
  facet normal 0 0 -1
    outer loop
      vertex 0.5494170458814954 8.732733873747376 0
      vertex 0 9.55 0
      vertex 0.5996494615049465 9.531155256489994 0
    endloop
  endfacet
  facet normal 0 0 -1
    outer loop
      vertex 1.0966657936876605 8.681003636501682 0
      vertex 0.5494170458814954 8.732733873747376 0
      vertex 0.5996494615049465 9.531155256489994 0
    endloop
  endfacet
  facet normal 0 0 -1
    outer loop
      vertex 1.196932380539104 9.474695397553264 0
      vertex 1.0966657936876605 8.681003636501682 0
      vertex 0.5996494615049465 9.531155256489994 0
    endloop
  endfacet
  facet normal 0 0 -1
    outer loop
      vertex 1.6395865026250922 8.595013443876026 0
      vertex 1.0966657936876605 8.681003636501682 0
      vertex 1.3260026328372116 9.454252677880481 0
    endloop
  endfacet
  facet normal 0 0 -1
    outer loop
      vertex 1.3260026328372116 9.454252677880481 0
      vertex 1.0966657936876605 8.681003636501682 0
      vertex 1.196932380539104 9.474695397553264 0
    endloop
  endfacet
  facet normal 0 0 -1
    outer loop
      vertex 1.6395865026250922 8.595013443876026 0
      vertex 1.3260026328372116 9.454252677880481 0
      vertex 1.7894915542936722 9.380843244458976 0
    endloop
  endfacet
  facet normal 0 0 -1
    outer loop
      vertex 1.6395865026250922 8.595013443876026 0
      vertex 1.7894915542936722 9.380843244458976 0
      vertex 1.9307671510679394 9.349264407192827 0
    endloop
  endfacet
  facet normal 0 0 -1
    outer loop
      vertex 2.1760365126924763 8.475102659875523 0
      vertex 1.6395865026250922 8.595013443876026 0
      vertex 2.048463219167161 9.322956219039785 0
    endloop
  endfacet
  facet normal 0 0 -1
    outer loop
      vertex 1.6395865026250922 8.595013443876026 0
      vertex 1.9307671510679394 9.349264407192827 0
      vertex 2.048463219167161 9.322956219039785 0
    endloop
  endfacet
  facet normal 0 0 -1
    outer loop
      vertex 2.37498842242436 9.249969188778428 0
      vertex 2.1760365126924763 8.475102659875523 0
      vertex 2.048463219167161 9.322956219039785 0
    endloop
  endfacet
  facet normal 0 0 -1
    outer loop
      vertex 3.7255688011943837 7.917236709077671 0
      vertex 3.2210898359909357 8.135544251522198 0
      vertex 3.767283819468614 8.770447572704322 0
    endloop
  endfacet
  facet normal 0 0 -1
    outer loop
      vertex 2.37498842242436 9.249969188778428 0
      vertex 2.7038987007807895 8.321744517582593 0
      vertex 2.1760365126924763 8.475102659875523 0
    endloop
  endfacet
  facet normal 0 0 -1
    outer loop
      vertex 2.7038987007807895 8.321744517582593 0
      vertex 2.37498842242436 9.249969188778428 0
      vertex 2.9511122962807477 9.082589730618716 0
    endloop
  endfacet
  facet normal 0 0 -1
    outer loop
      vertex 2.7038987007807895 8.321744517582593 0
      vertex 2.9511122962807477 9.082589730618716 0
      vertex 3.2614639534797867 8.970856258777083 0
    endloop
  endfacet
  facet normal 0 0 -1
    outer loop
      vertex 3.2210898359909357 8.135544251522198 0
      vertex 2.7038987007807895 8.321744517582593 0
      vertex 3.2614639534797867 8.970856258777083 0
    endloop
  endfacet
  facet normal 0 0 -1
    outer loop
      vertex 3.2210898359909357 8.135544251522198 0
      vertex 3.4698983325427846 8.895815264847643 0
      vertex 3.4924168602614554 8.887708096013823 0
    endloop
  endfacet
  facet normal 0 0 -1
    outer loop
      vertex 3.2210898359909357 8.135544251522198 0
      vertex 3.4924168602614554 8.887708096013823 0
      vertex 3.5155894781386787 8.8793654402328 0
    endloop
  endfacet
  facet normal 0 0 -1
    outer loop
      vertex 3.2210898359909357 8.135544251522198 0
      vertex 3.5155894781386787 8.8793654402328 0
      vertex 3.7210537146406235 8.790453125498543 0
    endloop
  endfacet
  facet normal 0 0 -1
    outer loop
      vertex 3.2210898359909357 8.135544251522198 0
      vertex 3.7210537146406235 8.790453125498543 0
      vertex 3.767283819468614 8.770447572704322 0
    endloop
  endfacet
  facet normal 0 0 -1
    outer loop
      vertex 3.2210898359909357 8.135544251522198 0
      vertex 3.2614639534797867 8.970856258777083 0
      vertex 3.4698983325427846 8.895815264847643 0
    endloop
  endfacet
  facet normal 0 0 -1
    outer loop
      vertex 4.215344648390009 7.667683450383805 0
      vertex 3.7255688011943837 7.917236709077671 0
      vertex 4.351909686206551 8.495518038014014 0
    endloop
  endfacet
  facet normal 0 0 -1
    outer loop
      vertex 3.7255688011943837 7.917236709077671 0
      vertex 4.066192234446442 8.641098351050488 0
      vertex 4.335991711171195 8.503628651398946 0
    endloop
  endfacet
  facet normal 0 0 -1
    outer loop
      vertex 3.7255688011943837 7.917236709077671 0
      vertex 4.335991711171195 8.503628651398946 0
      vertex 4.351909686206551 8.495518038014014 0
    endloop
  endfacet
  facet normal 0 0 -1
    outer loop
      vertex 4.215344648390009 7.667683450383805 0
      vertex 4.351909686206551 8.495518038014014 0
      vertex 4.600747587671382 8.368728794418896 0
    endloop
  endfacet
  facet normal 0 0 -1
    outer loop
      vertex 4.688484456066217 7.387869348142634 0
      vertex 4.215344648390009 7.667683450383805 0
      vertex 4.600747587671382 8.368728794418896 0
    endloop
  endfacet
  facet normal 0 0 -1
    outer loop
      vertex 3.7255688011943837 7.917236709077671 0
      vertex 3.767283819468614 8.770447572704322 0
      vertex 4.066192234446442 8.641098351050488 0
    endloop
  endfacet
  facet normal 0 0 -1
    outer loop
      vertex 9.531155256489994 0.5996494615049465 0
      vertex 8.75 0 0
      vertex 8.732733873747376 0.5494170458814954 0
    endloop
  endfacet
  facet normal 0 0 -1
    outer loop
      vertex 9.55 0 0
      vertex 8.75 0 0
      vertex 9.531155256489994 0.5996494615049465 0
    endloop
  endfacet
  facet normal 0 0 -1
    outer loop
      vertex 9.531155256489994 0.5996494615049465 0
      vertex 8.732733873747376 0.5494170458814954 0
      vertex 9.474695397553264 1.196932380539104 0
    endloop
  endfacet
  facet normal 0 0 -1
    outer loop
      vertex 9.474695397553264 1.196932380539104 0
      vertex 8.732733873747376 0.5494170458814954 0
      vertex 8.681003636501682 1.0966657936876605 0
    endloop
  endfacet
  facet normal 0 0 -1
    outer loop
      vertex 9.380843244458976 1.7894915542936722 0
      vertex 8.681003636501682 1.0966657936876605 0
      vertex 8.595013443876026 1.6395865026250922 0
    endloop
  endfacet
  facet normal 0 0 -1
    outer loop
      vertex 9.249969188778428 2.37498842242436 0
      vertex 8.595013443876026 1.6395865026250922 0
      vertex 8.475102659875523 2.1760365126924763 0
    endloop
  endfacet
  facet normal 0 0 -1
    outer loop
      vertex 9.474695397553264 1.196932380539104 0
      vertex 8.681003636501682 1.0966657936876605 0
      vertex 9.380843244458976 1.7894915542936722 0
    endloop
  endfacet
  facet normal 0 0 -1
    outer loop
      vertex 9.380843244458976 1.7894915542936722 0
      vertex 8.595013443876026 1.6395865026250922 0
      vertex 9.249969188778428 2.37498842242436 0
    endloop
  endfacet
  facet normal 0 0 -1
    outer loop
      vertex 8.063331688544247 5.117145892049415 0
      vertex 7.667683450383805 4.215344648390009 0
      vertex 7.387869348142634 4.688484456066217 0
    endloop
  endfacet
  facet normal 0 0 -1
    outer loop
      vertex 8.641098351050488 4.066192234446442 0
      vertex 8.135544251522198 3.2210898359909357 0
      vertex 7.917236709077671 3.7255688011943837 0
    endloop
  endfacet
  facet normal 0 0 -1
    outer loop
      vertex 8.641098351050488 4.066192234446442 0
      vertex 7.917236709077671 3.7255688011943837 0
      vertex 8.368728794418896 4.600747587671382 0
    endloop
  endfacet
  facet normal 0 0 -1
    outer loop
      vertex 8.368728794418896 4.600747587671382 0
      vertex 7.917236709077671 3.7255688011943837 0
      vertex 7.667683450383805 4.215344648390009 0
    endloop
  endfacet
  facet normal 0 0 -1
    outer loop
      vertex 8.368728794418896 4.600747587671382 0
      vertex 7.667683450383805 4.215344648390009 0
      vertex 8.063331688544247 5.117145892049415 0
    endloop
  endfacet
  facet normal 0 0 -1
    outer loop
      vertex 9.082589730618716 2.9511122962807477 0
      vertex 8.475102659875523 2.1760365126924763 0
      vertex 8.321744517582593 2.7038987007807895 0
    endloop
  endfacet
  facet normal 0 0 -1
    outer loop
      vertex 9.249969188778428 2.37498842242436 0
      vertex 8.475102659875523 2.1760365126924763 0
      vertex 9.082589730618716 2.9511122962807477 0
    endloop
  endfacet
  facet normal 0 0 -1
    outer loop
      vertex 8.8793654402328 3.5155894781386787 0
      vertex 8.321744517582593 2.7038987007807895 0
      vertex 8.135544251522198 3.2210898359909357 0
    endloop
  endfacet
  facet normal 0 0 -1
    outer loop
      vertex 9.082589730618716 2.9511122962807477 0
      vertex 8.321744517582593 2.7038987007807895 0
      vertex 8.8793654402328 3.5155894781386787 0
    endloop
  endfacet
  facet normal 0 0 -1
    outer loop
      vertex 8.8793654402328 3.5155894781386787 0
      vertex 8.135544251522198 3.2210898359909357 0
      vertex 8.641098351050488 4.066192234446442 0
    endloop
  endfacet
  facet normal 0 0 -1
    outer loop
      vertex 5.577459910301037 6.741990874288154 0
      vertex 5.14312095755914 7.07889870078079 0
      vertex 5.762118432759156 7.610715019056975 0
    endloop
  endfacet
  facet normal 0 0 -1
    outer loop
      vertex 6.302201245028736 7.169027905623348 0
      vertex 5.989787176876025 6.378475489937352 0
      vertex 5.577459910301037 6.741990874288154 0
    endloop
  endfacet
  facet normal 0 0 -1
    outer loop
      vertex 5.577459910301037 6.741990874288154 0
      vertex 6.087399102099989 7.358401468508786 0
      vertex 6.191121920426664 7.26695750341968 0
    endloop
  endfacet
  facet normal 0 0 -1
    outer loop
      vertex 7.358401468508786 6.087399102099989 0
      vertex 7.07889870078079 5.14312095755914 0
      vertex 6.741990874288154 5.577459910301037 0
    endloop
  endfacet
  facet normal 0 0 -1
    outer loop
      vertex 6.537424861618976 6.961650391874482 0
      vertex 6.378475489937352 5.989787176876025 0
      vertex 5.989787176876025 6.378475489937352 0
    endloop
  endfacet
  facet normal 0 0 -1
    outer loop
      vertex 5.577459910301037 6.741990874288154 0
      vertex 6.191121920426664 7.26695750341968 0
      vertex 6.302201245028736 7.169027905623348 0
    endloop
  endfacet
  facet normal 0 0 -1
    outer loop
      vertex 6.537424861618976 6.961650391874482 0
      vertex 5.989787176876025 6.378475489937352 0
      vertex 6.302201245028736 7.169027905623348 0
    endloop
  endfacet
  facet normal 0 0 -1
    outer loop
      vertex 6.961650391874482 6.537424861618976 0
      vertex 6.741990874288154 5.577459910301037 0
      vertex 6.378475489937352 5.989787176876025 0
    endloop
  endfacet
  facet normal 0 0 -1
    outer loop
      vertex 6.961650391874482 6.537424861618976 0
      vertex 6.378475489937352 5.989787176876025 0
      vertex 6.537424861618976 6.961650391874482 0
    endloop
  endfacet
  facet normal 0 0 -1
    outer loop
      vertex 7.358401468508786 6.087399102099989 0
      vertex 6.741990874288154 5.577459910301037 0
      vertex 6.961650391874482 6.537424861618976 0
    endloop
  endfacet
  facet normal 0 0 -1
    outer loop
      vertex 5.396436011148691 7.873526319603335 0
      vertex 5.14312095755914 7.07889870078079 0
      vertex 4.688484456066217 7.387869348142634 0
    endloop
  endfacet
  facet normal 0 0 -1
    outer loop
      vertex 5.503533526805912 7.800742923121097 0
      vertex 5.14312095755914 7.07889870078079 0
      vertex 5.396436011148691 7.873526319603335 0
    endloop
  endfacet
  facet normal 0 0 -1
    outer loop
      vertex 5.117145892049415 8.063331688544247 0
      vertex 4.688484456066217 7.387869348142634 0
      vertex 4.600747587671382 8.368728794418896 0
    endloop
  endfacet
  facet normal 0 0 -1
    outer loop
      vertex 5.396436011148691 7.873526319603335 0
      vertex 4.688484456066217 7.387869348142634 0
      vertex 5.117145892049415 8.063331688544247 0
    endloop
  endfacet
  facet normal 0 0 -1
    outer loop
      vertex 5.14312095755914 7.07889870078079 0
      vertex 5.682743862600338 7.67228424682754 0
      vertex 5.762118432759156 7.610715019056975 0
    endloop
  endfacet
  facet normal 0 0 -1
    outer loop
      vertex 5.14312095755914 7.07889870078079 0
      vertex 5.561439984909908 7.761389734830954 0
      vertex 5.613349159393119 7.726112296280749 0
    endloop
  endfacet
  facet normal 0 0 -1
    outer loop
      vertex 5.561439984909908 7.761389734830954 0
      vertex 5.14312095755914 7.07889870078079 0
      vertex 5.503533526805912 7.800742923121097 0
    endloop
  endfacet
  facet normal 0 0 -1
    outer loop
      vertex 5.14312095755914 7.07889870078079 0
      vertex 5.613349159393119 7.726112296280749 0
      vertex 5.653497546976781 7.694970014630424 0
    endloop
  endfacet
  facet normal 0 0 -1
    outer loop
      vertex 5.14312095755914 7.07889870078079 0
      vertex 5.653497546976781 7.694970014630424 0
      vertex 5.682743862600338 7.67228424682754 0
    endloop
  endfacet
  facet normal 0 0 -1
    outer loop
      vertex 5.577459910301037 6.741990874288154 0
      vertex 5.762118432759156 7.610715019056975 0
      vertex 5.975834144756749 7.444940120071062 0
    endloop
  endfacet
  facet normal 0 0 -1
    outer loop
      vertex 5.577459910301037 6.741990874288154 0
      vertex 5.975834144756749 7.444940120071062 0
      vertex 6.087399102099989 7.358401468508786 0
    endloop
  endfacet
  facet normal 0 0 -1
    outer loop
      vertex 7.726112296280749 5.613349159393119 0
      vertex 7.387869348142634 4.688484456066217 0
      vertex 7.07889870078079 5.14312095755914 0
    endloop
  endfacet
  facet normal 0 0 -1
    outer loop
      vertex 8.063331688544247 5.117145892049415 0
      vertex 7.387869348142634 4.688484456066217 0
      vertex 7.726112296280749 5.613349159393119 0
    endloop
  endfacet
  facet normal 0 0 -1
    outer loop
      vertex 7.726112296280749 5.613349159393119 0
      vertex 7.07889870078079 5.14312095755914 0
      vertex 7.358401468508786 6.087399102099989 0
    endloop
  endfacet
endsolid OpenSCAD_Model
