solid OpenSCAD_Model
  facet normal 0.0314043 -0.999507 0
    outer loop
      vertex 0 -9.95 28
      vertex 0.624765 -9.93037 30
      vertex 0 -9.95 30
    endloop
  endfacet
  facet normal 0.0314043 -0.999507 0
    outer loop
      vertex 0.624765 -9.93037 30
      vertex 0 -9.95 28
      vertex 0.624765 -9.93037 28
    endloop
  endfacet
  facet normal 0.0314043 -0.999507 0
    outer loop
      vertex 0 -9.95 0
      vertex 0.624765 -9.93037 25
      vertex 0 -9.95 25
    endloop
  endfacet
  facet normal 0.0314043 -0.999507 0
    outer loop
      vertex 0.624765 -9.93037 25
      vertex 0 -9.95 0
      vertex 0.624765 -9.93037 0
    endloop
  endfacet
  facet normal 0.999507 -0.0314043 0
    outer loop
      vertex 9.93037 -0.624765 30
      vertex 9.95 0 28
      vertex 9.95 0 30
    endloop
  endfacet
  facet normal 0.999507 -0.0314043 0
    outer loop
      vertex 9.95 0 28
      vertex 9.93037 -0.624765 30
      vertex 9.93037 -0.624765 28
    endloop
  endfacet
  facet normal 0.999507 -0.0314043 0
    outer loop
      vertex 9.93037 -0.624765 25
      vertex 9.95 0 7.68822
      vertex 9.95 0 25
    endloop
  endfacet
  facet normal 0.999507 -0.0314052 -3.06293e-08
    outer loop
      vertex 9.95 0 7.68822
      vertex 9.93037 -0.624765 25
      vertex 9.94053 -0.301394 7.66536
    endloop
  endfacet
  facet normal 0.999506 -0.0314296 -4.86245e-07
    outer loop
      vertex 9.94053 -0.301394 7.66536
      vertex 9.93037 -0.624765 25
      vertex 9.93109 -0.601599 7.61579
    endloop
  endfacet
  facet normal 0.999517 -0.031065 0
    outer loop
      vertex 9.93109 -0.601599 7.61579
      vertex 9.93037 -0.624765 25
      vertex 9.93037 -0.624765 7.60987
    endloop
  endfacet
  facet normal 0.995561 0.094116 0
    outer loop
      vertex 9.93037 0.624765 30
      vertex 9.87154 1.24707 28
      vertex 9.87154 1.24707 30
    endloop
  endfacet
  facet normal 0.995561 0.094116 0
    outer loop
      vertex 9.87154 1.24707 28
      vertex 9.93037 0.624765 30
      vertex 9.93037 0.624765 28
    endloop
  endfacet
  facet normal 0.995569 0.0940342 0
    outer loop
      vertex 9.87154 1.24707 25
      vertex 9.87658 1.19371 7.40155
      vertex 9.87154 1.24707 7.37458
    endloop
  endfacet
  facet normal 0.995561 0.0941161 -2.50363e-07
    outer loop
      vertex 9.87154 1.24707 25
      vertex 9.9044 0.89943 7.52239
      vertex 9.87658 1.19371 7.40155
    endloop
  endfacet
  facet normal 0.995561 0.094116 -0
    outer loop
      vertex 9.93037 0.624765 7.60987
      vertex 9.87154 1.24707 25
      vertex 9.93037 0.624765 25
    endloop
  endfacet
  facet normal 0.99556 0.0941315 -5.60315e-07
    outer loop
      vertex 9.87154 1.24707 25
      vertex 9.93037 0.624765 7.60987
      vertex 9.9044 0.89943 7.52239
    endloop
  endfacet
  facet normal 0.999507 0.0314043 0
    outer loop
      vertex 9.95 0 30
      vertex 9.93037 0.624765 28
      vertex 9.93037 0.624765 30
    endloop
  endfacet
  facet normal 0.999507 0.0314043 0
    outer loop
      vertex 9.93037 0.624765 28
      vertex 9.95 0 30
      vertex 9.95 0 28
    endloop
  endfacet
  facet normal 0.999517 0.031065 0
    outer loop
      vertex 9.93037 0.624765 25
      vertex 9.93109 0.601599 7.61579
      vertex 9.93037 0.624765 7.60987
    endloop
  endfacet
  facet normal 0.999506 0.0314296 -4.86245e-07
    outer loop
      vertex 9.93037 0.624765 25
      vertex 9.94053 0.301394 7.66536
      vertex 9.93109 0.601599 7.61579
    endloop
  endfacet
  facet normal 0.999507 0.0314043 -0
    outer loop
      vertex 9.95 0 7.68822
      vertex 9.93037 0.624765 25
      vertex 9.95 0 25
    endloop
  endfacet
  facet normal 0.999507 0.0314052 -3.06293e-08
    outer loop
      vertex 9.93037 0.624765 25
      vertex 9.95 0 7.68822
      vertex 9.94053 0.301394 7.66536
    endloop
  endfacet
  facet normal 0.987689 0.156432 0
    outer loop
      vertex 9.87154 1.24707 30
      vertex 9.77376 1.86444 28
      vertex 9.77376 1.86444 30
    endloop
  endfacet
  facet normal 0.987689 0.156432 0
    outer loop
      vertex 9.77376 1.86444 28
      vertex 9.87154 1.24707 30
      vertex 9.87154 1.24707 28
    endloop
  endfacet
  facet normal 0.987693 0.156405 0
    outer loop
      vertex 9.77376 1.86444 25
      vertex 9.78919 1.767 7.05072
      vertex 9.77376 1.86444 6.97565
    endloop
  endfacet
  facet normal 0.987687 0.156445 -2.23006e-07
    outer loop
      vertex 9.77376 1.86444 25
      vertex 9.83413 1.48328 7.24011
      vertex 9.78919 1.767 7.05072
    endloop
  endfacet
  facet normal 0.987689 0.156432 -0
    outer loop
      vertex 9.87154 1.24707 7.37458
      vertex 9.77376 1.86444 25
      vertex 9.87154 1.24707 25
    endloop
  endfacet
  facet normal 0.98769 0.156426 1.86568e-07
    outer loop
      vertex 9.77376 1.86444 25
      vertex 9.87154 1.24707 7.37458
      vertex 9.83413 1.48328 7.24011
    endloop
  endfacet
  facet normal -0.82708 -0.562084 0
    outer loop
      vertex -8.04972 -5.84846 0
      vertex -8.40106 -5.33148 25
      vertex -8.40106 -5.33148 0
    endloop
  endfacet
  facet normal -0.82708 -0.562084 0
    outer loop
      vertex -8.40106 -5.33148 25
      vertex -8.04972 -5.84846 0
      vertex -8.04972 -5.84846 25
    endloop
  endfacet
  facet normal -0.82708 -0.562084 0
    outer loop
      vertex -8.04972 -5.84846 28
      vertex -8.40106 -5.33148 30
      vertex -8.40106 -5.33148 28
    endloop
  endfacet
  facet normal -0.82708 -0.562084 0
    outer loop
      vertex -8.40106 -5.33148 30
      vertex -8.04972 -5.84846 28
      vertex -8.04972 -5.84846 30
    endloop
  endfacet
  facet normal 0 0 1
    outer loop
      vertex 8.75 0 30
      vertex 9.95 0 30
      vertex 9.93037 0.624765 30
    endloop
  endfacet
  facet normal 0 0 1
    outer loop
      vertex 8.73273 0.549417 30
      vertex 9.93037 0.624765 30
      vertex 9.87154 1.24707 30
    endloop
  endfacet
  facet normal 0 0 1
    outer loop
      vertex 9.95 0 30
      vertex 8.75 0 30
      vertex 9.93037 -0.624765 30
    endloop
  endfacet
  facet normal 0 0 1
    outer loop
      vertex 8.681 1.09667 30
      vertex 9.87154 1.24707 30
      vertex 9.77376 1.86444 30
    endloop
  endfacet
  facet normal -0 0 1
    outer loop
      vertex 8.73273 -0.549417 30
      vertex 9.93037 -0.624765 30
      vertex 8.75 0 30
    endloop
  endfacet
  facet normal 0 0 1
    outer loop
      vertex 8.59501 1.63959 30
      vertex 9.77376 1.86444 30
      vertex 9.6374 2.47446 30
    endloop
  endfacet
  facet normal 0 0 1
    outer loop
      vertex 9.93037 -0.624765 30
      vertex 8.73273 -0.549417 30
      vertex 9.87154 -1.24707 30
    endloop
  endfacet
  facet normal 0 0 1
    outer loop
      vertex 8.4751 2.17604 30
      vertex 9.6374 2.47446 30
      vertex 9.46301 3.07472 30
    endloop
  endfacet
  facet normal -0 0 1
    outer loop
      vertex 8.681 -1.09667 30
      vertex 9.87154 -1.24707 30
      vertex 8.73273 -0.549417 30
    endloop
  endfacet
  facet normal 0 0 1
    outer loop
      vertex 8.32174 2.7039 30
      vertex 9.46301 3.07472 30
      vertex 9.25128 3.66284 30
    endloop
  endfacet
  facet normal 0 0 1
    outer loop
      vertex 9.87154 -1.24707 30
      vertex 8.681 -1.09667 30
      vertex 9.77376 -1.86444 30
    endloop
  endfacet
  facet normal 0 0 1
    outer loop
      vertex 8.13554 3.22109 30
      vertex 9.25128 3.66284 30
      vertex 9.00303 4.2365 30
    endloop
  endfacet
  facet normal -0 0 1
    outer loop
      vertex 8.59501 -1.63959 30
      vertex 9.77376 -1.86444 30
      vertex 8.681 -1.09667 30
    endloop
  endfacet
  facet normal 0 0 1
    outer loop
      vertex 9.77376 -1.86444 30
      vertex 8.59501 -1.63959 30
      vertex 9.6374 -2.47446 30
    endloop
  endfacet
  facet normal 0 0 1
    outer loop
      vertex 9.93037 0.624765 30
      vertex 8.73273 0.549417 30
      vertex 8.75 0 30
    endloop
  endfacet
  facet normal 0 0 1
    outer loop
      vertex 7.91724 3.72557 30
      vertex 9.00303 4.2365 30
      vertex 8.71925 4.79345 30
    endloop
  endfacet
  facet normal 0 0 1
    outer loop
      vertex 9.87154 1.24707 30
      vertex 8.681 1.09667 30
      vertex 8.73273 0.549417 30
    endloop
  endfacet
  facet normal 0 0 1
    outer loop
      vertex 9.77376 1.86444 30
      vertex 8.59501 1.63959 30
      vertex 8.681 1.09667 30
    endloop
  endfacet
  facet normal 0 0 1
    outer loop
      vertex 9.6374 2.47446 30
      vertex 8.4751 2.17604 30
      vertex 8.59501 1.63959 30
    endloop
  endfacet
  facet normal 0 0 1
    outer loop
      vertex 7.66768 4.21534 30
      vertex 8.71925 4.79345 30
      vertex 8.40106 5.33148 30
    endloop
  endfacet
  facet normal 0 0 1
    outer loop
      vertex 9.46301 3.07472 30
      vertex 8.32174 2.7039 30
      vertex 8.4751 2.17604 30
    endloop
  endfacet
  facet normal 0 0 1
    outer loop
      vertex 9.25128 3.66284 30
      vertex 8.13554 3.22109 30
      vertex 8.32174 2.7039 30
    endloop
  endfacet
  facet normal 0 0 1
    outer loop
      vertex 7.38787 4.68848 30
      vertex 8.40106 5.33148 30
      vertex 8.04972 5.84846 30
    endloop
  endfacet
  facet normal 0 0 1
    outer loop
      vertex 9.00303 4.2365 30
      vertex 7.91724 3.72557 30
      vertex 8.13554 3.22109 30
    endloop
  endfacet
  facet normal 0 0 1
    outer loop
      vertex 8.71925 4.79345 30
      vertex 7.66768 4.21534 30
      vertex 7.91724 3.72557 30
    endloop
  endfacet
  facet normal 0 0 1
    outer loop
      vertex 7.0789 5.14312 30
      vertex 8.04972 5.84846 30
      vertex 7.66661 6.34237 30
    endloop
  endfacet
  facet normal 0 0 1
    outer loop
      vertex 8.40106 5.33148 30
      vertex 7.38787 4.68848 30
      vertex 7.66768 4.21534 30
    endloop
  endfacet
  facet normal 0 0 1
    outer loop
      vertex 6.74199 5.57746 30
      vertex 7.66661 6.34237 30
      vertex 7.25324 6.81124 30
    endloop
  endfacet
  facet normal 0 0 1
    outer loop
      vertex 8.04972 5.84846 30
      vertex 7.0789 5.14312 30
      vertex 7.38787 4.68848 30
    endloop
  endfacet
  facet normal 0 0 1
    outer loop
      vertex 6.37848 5.98979 30
      vertex 7.25324 6.81124 30
      vertex 6.81124 7.25324 30
    endloop
  endfacet
  facet normal 0 0 1
    outer loop
      vertex 7.66661 6.34237 30
      vertex 6.74199 5.57746 30
      vertex 7.0789 5.14312 30
    endloop
  endfacet
  facet normal 0 0 1
    outer loop
      vertex 7.25324 6.81124 30
      vertex 6.37848 5.98979 30
      vertex 6.74199 5.57746 30
    endloop
  endfacet
  facet normal 0 0 1
    outer loop
      vertex 5.98979 6.37848 30
      vertex 6.81124 7.25324 30
      vertex 6.34237 7.66661 30
    endloop
  endfacet
  facet normal 0 0 1
    outer loop
      vertex 6.81124 7.25324 30
      vertex 5.98979 6.37848 30
      vertex 6.37848 5.98979 30
    endloop
  endfacet
  facet normal 0 0 1
    outer loop
      vertex 5.57746 6.74199 30
      vertex 6.34237 7.66661 30
      vertex 5.84846 8.04972 30
    endloop
  endfacet
  facet normal 0 0 1
    outer loop
      vertex 6.34237 7.66661 30
      vertex 5.57746 6.74199 30
      vertex 5.98979 6.37848 30
    endloop
  endfacet
  facet normal 0 0 1
    outer loop
      vertex 5.14312 7.0789 30
      vertex 5.84846 8.04972 30
      vertex 5.33148 8.40106 30
    endloop
  endfacet
  facet normal 0 0 1
    outer loop
      vertex 5.84846 8.04972 30
      vertex 5.14312 7.0789 30
      vertex 5.57746 6.74199 30
    endloop
  endfacet
  facet normal 0 0 1
    outer loop
      vertex 4.68848 7.38787 30
      vertex 5.33148 8.40106 30
      vertex 4.79345 8.71925 30
    endloop
  endfacet
  facet normal 0 0 1
    outer loop
      vertex 5.33148 8.40106 30
      vertex 4.68848 7.38787 30
      vertex 5.14312 7.0789 30
    endloop
  endfacet
  facet normal 0 0 1
    outer loop
      vertex 4.21534 7.66768 30
      vertex 4.79345 8.71925 30
      vertex 4.2365 9.00303 30
    endloop
  endfacet
  facet normal 0 0 1
    outer loop
      vertex 4.79345 8.71925 30
      vertex 4.21534 7.66768 30
      vertex 4.68848 7.38787 30
    endloop
  endfacet
  facet normal 0 0 1
    outer loop
      vertex 4.2365 9.00303 30
      vertex 3.72557 7.91724 30
      vertex 4.21534 7.66768 30
    endloop
  endfacet
  facet normal 0 0 1
    outer loop
      vertex 3.66284 9.25128 30
      vertex 3.72557 7.91724 30
      vertex 4.2365 9.00303 30
    endloop
  endfacet
  facet normal 0 0 1
    outer loop
      vertex 3.66284 9.25128 30
      vertex 3.22109 8.13554 30
      vertex 3.72557 7.91724 30
    endloop
  endfacet
  facet normal 0 0 1
    outer loop
      vertex 3.07472 9.46301 30
      vertex 3.22109 8.13554 30
      vertex 3.66284 9.25128 30
    endloop
  endfacet
  facet normal 0 0 1
    outer loop
      vertex 3.07472 9.46301 30
      vertex 2.7039 8.32174 30
      vertex 3.22109 8.13554 30
    endloop
  endfacet
  facet normal 0 0 1
    outer loop
      vertex 2.47446 9.6374 30
      vertex 2.7039 8.32174 30
      vertex 3.07472 9.46301 30
    endloop
  endfacet
  facet normal 0 0 1
    outer loop
      vertex 2.47446 9.6374 30
      vertex 2.17604 8.4751 30
      vertex 2.7039 8.32174 30
    endloop
  endfacet
  facet normal 0 0 1
    outer loop
      vertex 1.86444 9.77376 30
      vertex 2.17604 8.4751 30
      vertex 2.47446 9.6374 30
    endloop
  endfacet
  facet normal 0 0 1
    outer loop
      vertex 1.86444 9.77376 30
      vertex 1.63959 8.59501 30
      vertex 2.17604 8.4751 30
    endloop
  endfacet
  facet normal 0 0 1
    outer loop
      vertex 1.24707 9.87154 30
      vertex 1.63959 8.59501 30
      vertex 1.86444 9.77376 30
    endloop
  endfacet
  facet normal 0 0 1
    outer loop
      vertex 1.24707 9.87154 30
      vertex 1.09667 8.681 30
      vertex 1.63959 8.59501 30
    endloop
  endfacet
  facet normal 0 0 1
    outer loop
      vertex 0.624765 9.93037 30
      vertex 1.09667 8.681 30
      vertex 1.24707 9.87154 30
    endloop
  endfacet
  facet normal 0 0 1
    outer loop
      vertex 0.624765 9.93037 30
      vertex 0.549417 8.73273 30
      vertex 1.09667 8.681 30
    endloop
  endfacet
  facet normal 0 0 1
    outer loop
      vertex 0 9.95 30
      vertex 0.549417 8.73273 30
      vertex 0.624765 9.93037 30
    endloop
  endfacet
  facet normal 0 0 1
    outer loop
      vertex 0 9.95 30
      vertex 0 8.75 30
      vertex 0.549417 8.73273 30
    endloop
  endfacet
  facet normal 0 0 1
    outer loop
      vertex 0 9.95 30
      vertex -0.549417 8.73273 30
      vertex 0 8.75 30
    endloop
  endfacet
  facet normal -0 0 1
    outer loop
      vertex -0.624765 9.93037 30
      vertex -0.549417 8.73273 30
      vertex 0 9.95 30
    endloop
  endfacet
  facet normal 0 0 1
    outer loop
      vertex -0.624765 9.93037 30
      vertex -1.09667 8.681 30
      vertex -0.549417 8.73273 30
    endloop
  endfacet
  facet normal -0 0 1
    outer loop
      vertex -1.24707 9.87154 30
      vertex -1.09667 8.681 30
      vertex -0.624765 9.93037 30
    endloop
  endfacet
  facet normal 0 0 1
    outer loop
      vertex -1.24707 9.87154 30
      vertex -1.63959 8.59501 30
      vertex -1.09667 8.681 30
    endloop
  endfacet
  facet normal -0 0 1
    outer loop
      vertex -1.86444 9.77376 30
      vertex -1.63959 8.59501 30
      vertex -1.24707 9.87154 30
    endloop
  endfacet
  facet normal 0 0 1
    outer loop
      vertex -1.86444 9.77376 30
      vertex -2.17604 8.4751 30
      vertex -1.63959 8.59501 30
    endloop
  endfacet
  facet normal -0 0 1
    outer loop
      vertex -2.47446 9.6374 30
      vertex -2.17604 8.4751 30
      vertex -1.86444 9.77376 30
    endloop
  endfacet
  facet normal 0 0 1
    outer loop
      vertex -2.47446 9.6374 30
      vertex -2.7039 8.32174 30
      vertex -2.17604 8.4751 30
    endloop
  endfacet
  facet normal -0 0 1
    outer loop
      vertex -3.07472 9.46301 30
      vertex -2.7039 8.32174 30
      vertex -2.47446 9.6374 30
    endloop
  endfacet
  facet normal 0 0 1
    outer loop
      vertex -3.07472 9.46301 30
      vertex -3.22109 8.13554 30
      vertex -2.7039 8.32174 30
    endloop
  endfacet
  facet normal -0 0 1
    outer loop
      vertex -3.66284 9.25128 30
      vertex -3.22109 8.13554 30
      vertex -3.07472 9.46301 30
    endloop
  endfacet
  facet normal 0 0 1
    outer loop
      vertex -3.66284 9.25128 30
      vertex -3.72557 7.91724 30
      vertex -3.22109 8.13554 30
    endloop
  endfacet
  facet normal -0 0 1
    outer loop
      vertex -4.2365 9.00303 30
      vertex -3.72557 7.91724 30
      vertex -3.66284 9.25128 30
    endloop
  endfacet
  facet normal 0 0 1
    outer loop
      vertex -3.72557 7.91724 30
      vertex -4.2365 9.00303 30
      vertex -4.21534 7.66768 30
    endloop
  endfacet
  facet normal -0 0 1
    outer loop
      vertex -4.79345 8.71925 30
      vertex -4.21534 7.66768 30
      vertex -4.2365 9.00303 30
    endloop
  endfacet
  facet normal 0 0 1
    outer loop
      vertex -4.21534 7.66768 30
      vertex -4.79345 8.71925 30
      vertex -4.68848 7.38787 30
    endloop
  endfacet
  facet normal -0 0 1
    outer loop
      vertex -5.33148 8.40106 30
      vertex -4.68848 7.38787 30
      vertex -4.79345 8.71925 30
    endloop
  endfacet
  facet normal 0 0 1
    outer loop
      vertex -4.68848 7.38787 30
      vertex -5.33148 8.40106 30
      vertex -5.14312 7.0789 30
    endloop
  endfacet
  facet normal -0 0 1
    outer loop
      vertex -5.84846 8.04972 30
      vertex -5.14312 7.0789 30
      vertex -5.33148 8.40106 30
    endloop
  endfacet
  facet normal 0 0 1
    outer loop
      vertex -5.14312 7.0789 30
      vertex -5.84846 8.04972 30
      vertex -5.57746 6.74199 30
    endloop
  endfacet
  facet normal -0 0 1
    outer loop
      vertex -6.34237 7.66661 30
      vertex -5.57746 6.74199 30
      vertex -5.84846 8.04972 30
    endloop
  endfacet
  facet normal 0 0 1
    outer loop
      vertex -5.57746 6.74199 30
      vertex -6.34237 7.66661 30
      vertex -5.98979 6.37848 30
    endloop
  endfacet
  facet normal -0 0 1
    outer loop
      vertex -6.81124 7.25324 30
      vertex -5.98979 6.37848 30
      vertex -6.34237 7.66661 30
    endloop
  endfacet
  facet normal 0 0 1
    outer loop
      vertex -5.98979 6.37848 30
      vertex -6.81124 7.25324 30
      vertex -6.37848 5.98979 30
    endloop
  endfacet
  facet normal -0 0 1
    outer loop
      vertex -7.25324 6.81124 30
      vertex -6.37848 5.98979 30
      vertex -6.81124 7.25324 30
    endloop
  endfacet
  facet normal 0 0 1
    outer loop
      vertex -6.37848 5.98979 30
      vertex -7.25324 6.81124 30
      vertex -6.74199 5.57746 30
    endloop
  endfacet
  facet normal -0 0 1
    outer loop
      vertex -7.66661 6.34237 30
      vertex -6.74199 5.57746 30
      vertex -7.25324 6.81124 30
    endloop
  endfacet
  facet normal 0 0 1
    outer loop
      vertex -6.74199 5.57746 30
      vertex -7.66661 6.34237 30
      vertex -7.0789 5.14312 30
    endloop
  endfacet
  facet normal -0 0 1
    outer loop
      vertex -8.04972 5.84846 30
      vertex -7.0789 5.14312 30
      vertex -7.66661 6.34237 30
    endloop
  endfacet
  facet normal 0 0 1
    outer loop
      vertex -7.0789 5.14312 30
      vertex -8.04972 5.84846 30
      vertex -7.38787 4.68848 30
    endloop
  endfacet
  facet normal -0 0 1
    outer loop
      vertex -8.40106 5.33148 30
      vertex -7.38787 4.68848 30
      vertex -8.04972 5.84846 30
    endloop
  endfacet
  facet normal 0 0 1
    outer loop
      vertex -7.38787 4.68848 30
      vertex -8.40106 5.33148 30
      vertex -7.66768 4.21534 30
    endloop
  endfacet
  facet normal -0 0 1
    outer loop
      vertex -8.71925 4.79345 30
      vertex -7.66768 4.21534 30
      vertex -8.40106 5.33148 30
    endloop
  endfacet
  facet normal 0 0 1
    outer loop
      vertex -7.66768 4.21534 30
      vertex -8.71925 4.79345 30
      vertex -7.91724 3.72557 30
    endloop
  endfacet
  facet normal -0 0 1
    outer loop
      vertex -9.00303 4.2365 30
      vertex -7.91724 3.72557 30
      vertex -8.71925 4.79345 30
    endloop
  endfacet
  facet normal 0 0 1
    outer loop
      vertex -7.91724 3.72557 30
      vertex -9.00303 4.2365 30
      vertex -8.13554 3.22109 30
    endloop
  endfacet
  facet normal -0 0 1
    outer loop
      vertex -9.25128 3.66284 30
      vertex -8.13554 3.22109 30
      vertex -9.00303 4.2365 30
    endloop
  endfacet
  facet normal 0 0 1
    outer loop
      vertex -8.13554 3.22109 30
      vertex -9.25128 3.66284 30
      vertex -8.32174 2.7039 30
    endloop
  endfacet
  facet normal -0 0 1
    outer loop
      vertex -9.46301 3.07472 30
      vertex -8.32174 2.7039 30
      vertex -9.25128 3.66284 30
    endloop
  endfacet
  facet normal 0 0 1
    outer loop
      vertex -8.32174 2.7039 30
      vertex -9.46301 3.07472 30
      vertex -8.4751 2.17604 30
    endloop
  endfacet
  facet normal -0 0 1
    outer loop
      vertex -9.6374 2.47446 30
      vertex -8.4751 2.17604 30
      vertex -9.46301 3.07472 30
    endloop
  endfacet
  facet normal 0 0 1
    outer loop
      vertex -8.4751 2.17604 30
      vertex -9.6374 2.47446 30
      vertex -8.59501 1.63959 30
    endloop
  endfacet
  facet normal -0 0 1
    outer loop
      vertex 8.4751 -2.17604 30
      vertex 9.6374 -2.47446 30
      vertex 8.59501 -1.63959 30
    endloop
  endfacet
  facet normal 0 0 1
    outer loop
      vertex 9.6374 -2.47446 30
      vertex 8.4751 -2.17604 30
      vertex 9.46301 -3.07472 30
    endloop
  endfacet
  facet normal -0 0 1
    outer loop
      vertex 8.32174 -2.7039 30
      vertex 9.46301 -3.07472 30
      vertex 8.4751 -2.17604 30
    endloop
  endfacet
  facet normal 0 0 1
    outer loop
      vertex 9.46301 -3.07472 30
      vertex 8.32174 -2.7039 30
      vertex 9.25128 -3.66284 30
    endloop
  endfacet
  facet normal -0 0 1
    outer loop
      vertex 8.13554 -3.22109 30
      vertex 9.25128 -3.66284 30
      vertex 8.32174 -2.7039 30
    endloop
  endfacet
  facet normal 0 0 1
    outer loop
      vertex 9.25128 -3.66284 30
      vertex 8.13554 -3.22109 30
      vertex 9.00303 -4.2365 30
    endloop
  endfacet
  facet normal -0 0 1
    outer loop
      vertex 7.91724 -3.72557 30
      vertex 9.00303 -4.2365 30
      vertex 8.13554 -3.22109 30
    endloop
  endfacet
  facet normal 0 0 1
    outer loop
      vertex 9.00303 -4.2365 30
      vertex 7.91724 -3.72557 30
      vertex 8.71925 -4.79345 30
    endloop
  endfacet
  facet normal -0 0 1
    outer loop
      vertex 7.66768 -4.21534 30
      vertex 8.71925 -4.79345 30
      vertex 7.91724 -3.72557 30
    endloop
  endfacet
  facet normal 0 0 1
    outer loop
      vertex 8.71925 -4.79345 30
      vertex 7.66768 -4.21534 30
      vertex 8.40106 -5.33148 30
    endloop
  endfacet
  facet normal -0 0 1
    outer loop
      vertex 7.38787 -4.68848 30
      vertex 8.40106 -5.33148 30
      vertex 7.66768 -4.21534 30
    endloop
  endfacet
  facet normal 0 0 1
    outer loop
      vertex 8.40106 -5.33148 30
      vertex 7.38787 -4.68848 30
      vertex 8.04972 -5.84846 30
    endloop
  endfacet
  facet normal -0 0 1
    outer loop
      vertex 7.0789 -5.14312 30
      vertex 8.04972 -5.84846 30
      vertex 7.38787 -4.68848 30
    endloop
  endfacet
  facet normal 0 0 1
    outer loop
      vertex 8.04972 -5.84846 30
      vertex 7.0789 -5.14312 30
      vertex 7.66661 -6.34237 30
    endloop
  endfacet
  facet normal -0 0 1
    outer loop
      vertex 6.74199 -5.57746 30
      vertex 7.66661 -6.34237 30
      vertex 7.0789 -5.14312 30
    endloop
  endfacet
  facet normal 0 0 1
    outer loop
      vertex 7.66661 -6.34237 30
      vertex 6.74199 -5.57746 30
      vertex 7.25324 -6.81124 30
    endloop
  endfacet
  facet normal -0 0 1
    outer loop
      vertex 6.37848 -5.98979 30
      vertex 7.25324 -6.81124 30
      vertex 6.74199 -5.57746 30
    endloop
  endfacet
  facet normal 0 0 1
    outer loop
      vertex 7.25324 -6.81124 30
      vertex 6.37848 -5.98979 30
      vertex 6.81124 -7.25324 30
    endloop
  endfacet
  facet normal -0 0 1
    outer loop
      vertex 5.98979 -6.37848 30
      vertex 6.81124 -7.25324 30
      vertex 6.37848 -5.98979 30
    endloop
  endfacet
  facet normal 0 0 1
    outer loop
      vertex 6.81124 -7.25324 30
      vertex 5.98979 -6.37848 30
      vertex 6.34237 -7.66661 30
    endloop
  endfacet
  facet normal -0 0 1
    outer loop
      vertex 5.57746 -6.74199 30
      vertex 6.34237 -7.66661 30
      vertex 5.98979 -6.37848 30
    endloop
  endfacet
  facet normal 0 0 1
    outer loop
      vertex 6.34237 -7.66661 30
      vertex 5.57746 -6.74199 30
      vertex 5.84846 -8.04972 30
    endloop
  endfacet
  facet normal -0 0 1
    outer loop
      vertex 5.14312 -7.0789 30
      vertex 5.84846 -8.04972 30
      vertex 5.57746 -6.74199 30
    endloop
  endfacet
  facet normal 0 0 1
    outer loop
      vertex 5.84846 -8.04972 30
      vertex 5.14312 -7.0789 30
      vertex 5.33148 -8.40106 30
    endloop
  endfacet
  facet normal -0 0 1
    outer loop
      vertex 4.68848 -7.38787 30
      vertex 5.33148 -8.40106 30
      vertex 5.14312 -7.0789 30
    endloop
  endfacet
  facet normal 0 0 1
    outer loop
      vertex 5.33148 -8.40106 30
      vertex 4.68848 -7.38787 30
      vertex 4.79345 -8.71925 30
    endloop
  endfacet
  facet normal -0 0 1
    outer loop
      vertex 4.21534 -7.66768 30
      vertex 4.79345 -8.71925 30
      vertex 4.68848 -7.38787 30
    endloop
  endfacet
  facet normal 0 0 1
    outer loop
      vertex 4.79345 -8.71925 30
      vertex 4.21534 -7.66768 30
      vertex 4.2365 -9.00303 30
    endloop
  endfacet
  facet normal -0 0 1
    outer loop
      vertex 3.72557 -7.91724 30
      vertex 4.2365 -9.00303 30
      vertex 4.21534 -7.66768 30
    endloop
  endfacet
  facet normal 0 0 1
    outer loop
      vertex 3.72557 -7.91724 30
      vertex 3.66284 -9.25128 30
      vertex 4.2365 -9.00303 30
    endloop
  endfacet
  facet normal -0 0 1
    outer loop
      vertex 3.22109 -8.13554 30
      vertex 3.66284 -9.25128 30
      vertex 3.72557 -7.91724 30
    endloop
  endfacet
  facet normal 0 0 1
    outer loop
      vertex 3.22109 -8.13554 30
      vertex 3.07472 -9.46301 30
      vertex 3.66284 -9.25128 30
    endloop
  endfacet
  facet normal -0 0 1
    outer loop
      vertex 2.7039 -8.32174 30
      vertex 3.07472 -9.46301 30
      vertex 3.22109 -8.13554 30
    endloop
  endfacet
  facet normal 0 0 1
    outer loop
      vertex 2.7039 -8.32174 30
      vertex 2.47446 -9.6374 30
      vertex 3.07472 -9.46301 30
    endloop
  endfacet
  facet normal -0 0 1
    outer loop
      vertex 2.17604 -8.4751 30
      vertex 2.47446 -9.6374 30
      vertex 2.7039 -8.32174 30
    endloop
  endfacet
  facet normal 0 0 1
    outer loop
      vertex 2.17604 -8.4751 30
      vertex 1.86444 -9.77376 30
      vertex 2.47446 -9.6374 30
    endloop
  endfacet
  facet normal -0 0 1
    outer loop
      vertex 1.63959 -8.59501 30
      vertex 1.86444 -9.77376 30
      vertex 2.17604 -8.4751 30
    endloop
  endfacet
  facet normal 0 0 1
    outer loop
      vertex 1.63959 -8.59501 30
      vertex 1.24707 -9.87154 30
      vertex 1.86444 -9.77376 30
    endloop
  endfacet
  facet normal -0 0 1
    outer loop
      vertex 1.09667 -8.681 30
      vertex 1.24707 -9.87154 30
      vertex 1.63959 -8.59501 30
    endloop
  endfacet
  facet normal 0 0 1
    outer loop
      vertex 1.09667 -8.681 30
      vertex 0.624765 -9.93037 30
      vertex 1.24707 -9.87154 30
    endloop
  endfacet
  facet normal -0 0 1
    outer loop
      vertex 0.549417 -8.73273 30
      vertex 0.624765 -9.93037 30
      vertex 1.09667 -8.681 30
    endloop
  endfacet
  facet normal -0 0 1
    outer loop
      vertex 0 -8.75 30
      vertex 0.624765 -9.93037 30
      vertex 0.549417 -8.73273 30
    endloop
  endfacet
  facet normal 0 0 1
    outer loop
      vertex 0 -8.75 30
      vertex 0 -9.95 30
      vertex 0.624765 -9.93037 30
    endloop
  endfacet
  facet normal 0 0 1
    outer loop
      vertex -0.549417 -8.73273 30
      vertex 0 -9.95 30
      vertex 0 -8.75 30
    endloop
  endfacet
  facet normal 0 0 1
    outer loop
      vertex -0.549417 -8.73273 30
      vertex -0.624765 -9.93037 30
      vertex 0 -9.95 30
    endloop
  endfacet
  facet normal 0 0 1
    outer loop
      vertex -1.09667 -8.681 30
      vertex -0.624765 -9.93037 30
      vertex -0.549417 -8.73273 30
    endloop
  endfacet
  facet normal 0 0 1
    outer loop
      vertex -1.09667 -8.681 30
      vertex -1.24707 -9.87154 30
      vertex -0.624765 -9.93037 30
    endloop
  endfacet
  facet normal 0 0 1
    outer loop
      vertex -1.63959 -8.59501 30
      vertex -1.24707 -9.87154 30
      vertex -1.09667 -8.681 30
    endloop
  endfacet
  facet normal 0 0 1
    outer loop
      vertex -1.63959 -8.59501 30
      vertex -1.86444 -9.77376 30
      vertex -1.24707 -9.87154 30
    endloop
  endfacet
  facet normal 0 0 1
    outer loop
      vertex -2.17604 -8.4751 30
      vertex -1.86444 -9.77376 30
      vertex -1.63959 -8.59501 30
    endloop
  endfacet
  facet normal 0 0 1
    outer loop
      vertex -2.17604 -8.4751 30
      vertex -2.47446 -9.6374 30
      vertex -1.86444 -9.77376 30
    endloop
  endfacet
  facet normal 0 0 1
    outer loop
      vertex -2.7039 -8.32174 30
      vertex -2.47446 -9.6374 30
      vertex -2.17604 -8.4751 30
    endloop
  endfacet
  facet normal 0 0 1
    outer loop
      vertex -2.7039 -8.32174 30
      vertex -3.07472 -9.46301 30
      vertex -2.47446 -9.6374 30
    endloop
  endfacet
  facet normal 0 0 1
    outer loop
      vertex -3.22109 -8.13554 30
      vertex -3.07472 -9.46301 30
      vertex -2.7039 -8.32174 30
    endloop
  endfacet
  facet normal 0 0 1
    outer loop
      vertex -3.22109 -8.13554 30
      vertex -3.66284 -9.25128 30
      vertex -3.07472 -9.46301 30
    endloop
  endfacet
  facet normal 0 0 1
    outer loop
      vertex -3.72557 -7.91724 30
      vertex -3.66284 -9.25128 30
      vertex -3.22109 -8.13554 30
    endloop
  endfacet
  facet normal 0 0 1
    outer loop
      vertex -4.2365 -9.00303 30
      vertex -3.72557 -7.91724 30
      vertex -4.21534 -7.66768 30
    endloop
  endfacet
  facet normal 0 0 1
    outer loop
      vertex -3.72557 -7.91724 30
      vertex -4.2365 -9.00303 30
      vertex -3.66284 -9.25128 30
    endloop
  endfacet
  facet normal 0 0 1
    outer loop
      vertex -4.79345 -8.71925 30
      vertex -4.21534 -7.66768 30
      vertex -4.68848 -7.38787 30
    endloop
  endfacet
  facet normal 0 0 1
    outer loop
      vertex -4.21534 -7.66768 30
      vertex -4.79345 -8.71925 30
      vertex -4.2365 -9.00303 30
    endloop
  endfacet
  facet normal 0 0 1
    outer loop
      vertex -5.33148 -8.40106 30
      vertex -4.68848 -7.38787 30
      vertex -5.14312 -7.0789 30
    endloop
  endfacet
  facet normal 0 0 1
    outer loop
      vertex -4.68848 -7.38787 30
      vertex -5.33148 -8.40106 30
      vertex -4.79345 -8.71925 30
    endloop
  endfacet
  facet normal 0 0 1
    outer loop
      vertex -5.84846 -8.04972 30
      vertex -5.14312 -7.0789 30
      vertex -5.57746 -6.74199 30
    endloop
  endfacet
  facet normal 0 0 1
    outer loop
      vertex -5.14312 -7.0789 30
      vertex -5.84846 -8.04972 30
      vertex -5.33148 -8.40106 30
    endloop
  endfacet
  facet normal 0 0 1
    outer loop
      vertex -6.34237 -7.66661 30
      vertex -5.57746 -6.74199 30
      vertex -5.98979 -6.37848 30
    endloop
  endfacet
  facet normal 0 0 1
    outer loop
      vertex -5.57746 -6.74199 30
      vertex -6.34237 -7.66661 30
      vertex -5.84846 -8.04972 30
    endloop
  endfacet
  facet normal 0 0 1
    outer loop
      vertex -6.81124 -7.25324 30
      vertex -5.98979 -6.37848 30
      vertex -6.37848 -5.98979 30
    endloop
  endfacet
  facet normal 0 0 1
    outer loop
      vertex -7.25324 -6.81124 30
      vertex -6.37848 -5.98979 30
      vertex -6.74199 -5.57746 30
    endloop
  endfacet
  facet normal 0 0 1
    outer loop
      vertex -5.98979 -6.37848 30
      vertex -6.81124 -7.25324 30
      vertex -6.34237 -7.66661 30
    endloop
  endfacet
  facet normal 0 0 1
    outer loop
      vertex -7.66661 -6.34237 30
      vertex -6.74199 -5.57746 30
      vertex -7.0789 -5.14312 30
    endloop
  endfacet
  facet normal 0 0 1
    outer loop
      vertex -6.37848 -5.98979 30
      vertex -7.25324 -6.81124 30
      vertex -6.81124 -7.25324 30
    endloop
  endfacet
  facet normal 0 0 1
    outer loop
      vertex -8.04972 -5.84846 30
      vertex -7.0789 -5.14312 30
      vertex -7.38787 -4.68848 30
    endloop
  endfacet
  facet normal 0 0 1
    outer loop
      vertex -6.74199 -5.57746 30
      vertex -7.66661 -6.34237 30
      vertex -7.25324 -6.81124 30
    endloop
  endfacet
  facet normal 0 0 1
    outer loop
      vertex -8.40106 -5.33148 30
      vertex -7.38787 -4.68848 30
      vertex -7.66768 -4.21534 30
    endloop
  endfacet
  facet normal 0 0 1
    outer loop
      vertex -8.71925 -4.79345 30
      vertex -7.66768 -4.21534 30
      vertex -7.91724 -3.72557 30
    endloop
  endfacet
  facet normal 0 0 1
    outer loop
      vertex -7.0789 -5.14312 30
      vertex -8.04972 -5.84846 30
      vertex -7.66661 -6.34237 30
    endloop
  endfacet
  facet normal 0 0 1
    outer loop
      vertex -9.00303 -4.2365 30
      vertex -7.91724 -3.72557 30
      vertex -8.13554 -3.22109 30
    endloop
  endfacet
  facet normal 0 0 1
    outer loop
      vertex -9.25128 -3.66284 30
      vertex -8.13554 -3.22109 30
      vertex -8.32174 -2.7039 30
    endloop
  endfacet
  facet normal 0 0 1
    outer loop
      vertex -7.38787 -4.68848 30
      vertex -8.40106 -5.33148 30
      vertex -8.04972 -5.84846 30
    endloop
  endfacet
  facet normal 0 0 1
    outer loop
      vertex -9.46301 -3.07472 30
      vertex -8.32174 -2.7039 30
      vertex -8.4751 -2.17604 30
    endloop
  endfacet
  facet normal 0 0 1
    outer loop
      vertex -9.6374 -2.47446 30
      vertex -8.4751 -2.17604 30
      vertex -8.59501 -1.63959 30
    endloop
  endfacet
  facet normal 0 0 1
    outer loop
      vertex -9.77376 -1.86444 30
      vertex -8.59501 -1.63959 30
      vertex -8.681 -1.09667 30
    endloop
  endfacet
  facet normal 0 0 1
    outer loop
      vertex -7.66768 -4.21534 30
      vertex -8.71925 -4.79345 30
      vertex -8.40106 -5.33148 30
    endloop
  endfacet
  facet normal 0 0 1
    outer loop
      vertex -9.87154 -1.24707 30
      vertex -8.681 -1.09667 30
      vertex -8.73273 -0.549417 30
    endloop
  endfacet
  facet normal 0 0 1
    outer loop
      vertex -9.93037 -0.624765 30
      vertex -8.73273 -0.549417 30
      vertex -8.75 0 30
    endloop
  endfacet
  facet normal -0 0 1
    outer loop
      vertex -9.77376 1.86444 30
      vertex -8.59501 1.63959 30
      vertex -9.6374 2.47446 30
    endloop
  endfacet
  facet normal 0 0 1
    outer loop
      vertex -7.91724 -3.72557 30
      vertex -9.00303 -4.2365 30
      vertex -8.71925 -4.79345 30
    endloop
  endfacet
  facet normal 0 0 1
    outer loop
      vertex -8.59501 1.63959 30
      vertex -9.77376 1.86444 30
      vertex -8.681 1.09667 30
    endloop
  endfacet
  facet normal 0 0 1
    outer loop
      vertex -8.13554 -3.22109 30
      vertex -9.25128 -3.66284 30
      vertex -9.00303 -4.2365 30
    endloop
  endfacet
  facet normal -0 0 1
    outer loop
      vertex -9.87154 1.24707 30
      vertex -8.681 1.09667 30
      vertex -9.77376 1.86444 30
    endloop
  endfacet
  facet normal 0 0 1
    outer loop
      vertex -8.32174 -2.7039 30
      vertex -9.46301 -3.07472 30
      vertex -9.25128 -3.66284 30
    endloop
  endfacet
  facet normal 0 0 1
    outer loop
      vertex -8.681 1.09667 30
      vertex -9.87154 1.24707 30
      vertex -8.73273 0.549417 30
    endloop
  endfacet
  facet normal 0 0 1
    outer loop
      vertex -8.4751 -2.17604 30
      vertex -9.6374 -2.47446 30
      vertex -9.46301 -3.07472 30
    endloop
  endfacet
  facet normal -0 0 1
    outer loop
      vertex -9.93037 0.624765 30
      vertex -8.73273 0.549417 30
      vertex -9.87154 1.24707 30
    endloop
  endfacet
  facet normal 0 0 1
    outer loop
      vertex -8.59501 -1.63959 30
      vertex -9.77376 -1.86444 30
      vertex -9.6374 -2.47446 30
    endloop
  endfacet
  facet normal 0 0 1
    outer loop
      vertex -8.73273 0.549417 30
      vertex -9.93037 0.624765 30
      vertex -8.75 0 30
    endloop
  endfacet
  facet normal 0 0 1
    outer loop
      vertex -8.681 -1.09667 30
      vertex -9.87154 -1.24707 30
      vertex -9.77376 -1.86444 30
    endloop
  endfacet
  facet normal 0 0 1
    outer loop
      vertex -9.95 0 30
      vertex -8.75 0 30
      vertex -9.93037 0.624765 30
    endloop
  endfacet
  facet normal 0 0 1
    outer loop
      vertex -8.73273 -0.549417 30
      vertex -9.93037 -0.624765 30
      vertex -9.87154 -1.24707 30
    endloop
  endfacet
  facet normal 0 0 1
    outer loop
      vertex -8.75 0 30
      vertex -9.95 0 30
      vertex -9.93037 -0.624765 30
    endloop
  endfacet
  facet normal 0.82708 0.562084 0
    outer loop
      vertex 8.40106 5.33148 25
      vertex 8.04972 5.84846 0
      vertex 8.04972 5.84846 25
    endloop
  endfacet
  facet normal 0.82708 0.562084 0
    outer loop
      vertex 8.04972 5.84846 0
      vertex 8.40106 5.33148 25
      vertex 8.40106 5.33148 0
    endloop
  endfacet
  facet normal 0.82708 0.562084 0
    outer loop
      vertex 8.40106 5.33148 30
      vertex 8.04972 5.84846 28
      vertex 8.04972 5.84846 30
    endloop
  endfacet
  facet normal 0.82708 0.562084 0
    outer loop
      vertex 8.04972 5.84846 28
      vertex 8.40106 5.33148 30
      vertex 8.40106 5.33148 28
    endloop
  endfacet
  facet normal -0.0314043 -0.999507 0
    outer loop
      vertex -0.624765 -9.93037 28
      vertex 0 -9.95 30
      vertex -0.624765 -9.93037 30
    endloop
  endfacet
  facet normal -0.0314043 -0.999507 -0
    outer loop
      vertex 0 -9.95 30
      vertex -0.624765 -9.93037 28
      vertex 0 -9.95 28
    endloop
  endfacet
  facet normal -0.0314043 -0.999507 0
    outer loop
      vertex -0.624765 -9.93037 0
      vertex 0 -9.95 25
      vertex -0.624765 -9.93037 25
    endloop
  endfacet
  facet normal -0.0314043 -0.999507 -0
    outer loop
      vertex 0 -9.95 25
      vertex -0.624765 -9.93037 0
      vertex 0 -9.95 0
    endloop
  endfacet
  facet normal 0.860742 0.509041 0
    outer loop
      vertex 8.71925 4.79345 25
      vertex 8.40106 5.33148 0
      vertex 8.40106 5.33148 25
    endloop
  endfacet
  facet normal 0.860742 0.509041 0
    outer loop
      vertex 8.40106 5.33148 0
      vertex 8.71925 4.79345 25
      vertex 8.71925 4.79345 0
    endloop
  endfacet
  facet normal 0.860742 0.509041 0
    outer loop
      vertex 8.71925 4.79345 30
      vertex 8.40106 5.33148 28
      vertex 8.40106 5.33148 30
    endloop
  endfacet
  facet normal 0.860742 0.509041 0
    outer loop
      vertex 8.40106 5.33148 28
      vertex 8.71925 4.79345 30
      vertex 8.71925 4.79345 28
    endloop
  endfacet
  facet normal 0.156432 -0.987689 0
    outer loop
      vertex 1.24707 -9.87154 0
      vertex 1.86444 -9.77376 25
      vertex 1.24707 -9.87154 25
    endloop
  endfacet
  facet normal 0.156432 -0.987689 0
    outer loop
      vertex 1.86444 -9.77376 25
      vertex 1.24707 -9.87154 0
      vertex 1.86444 -9.77376 0
    endloop
  endfacet
  facet normal 0.156432 -0.987689 0
    outer loop
      vertex 1.24707 -9.87154 28
      vertex 1.86444 -9.77376 30
      vertex 1.24707 -9.87154 30
    endloop
  endfacet
  facet normal 0.156432 -0.987689 0
    outer loop
      vertex 1.86444 -9.77376 30
      vertex 1.24707 -9.87154 28
      vertex 1.86444 -9.77376 28
    endloop
  endfacet
  facet normal 0.156432 0.987689 -0
    outer loop
      vertex 1.86444 9.77376 0
      vertex 1.24707 9.87154 25
      vertex 1.86444 9.77376 25
    endloop
  endfacet
  facet normal 0.156432 0.987689 0
    outer loop
      vertex 1.24707 9.87154 25
      vertex 1.86444 9.77376 0
      vertex 1.24707 9.87154 0
    endloop
  endfacet
  facet normal 0.156432 0.987689 -0
    outer loop
      vertex 1.86444 9.77376 28
      vertex 1.24707 9.87154 30
      vertex 1.86444 9.77376 30
    endloop
  endfacet
  facet normal 0.156432 0.987689 0
    outer loop
      vertex 1.24707 9.87154 30
      vertex 1.86444 9.77376 28
      vertex 1.24707 9.87154 28
    endloop
  endfacet
  facet normal -0.278989 0.960294 0
    outer loop
      vertex -2.47446 9.6374 28
      vertex -3.07472 9.46301 30
      vertex -2.47446 9.6374 30
    endloop
  endfacet
  facet normal -0.278989 0.960294 0
    outer loop
      vertex -3.07472 9.46301 30
      vertex -2.47446 9.6374 28
      vertex -3.07472 9.46301 28
    endloop
  endfacet
  facet normal -0.278989 0.960294 0
    outer loop
      vertex -2.47446 9.6374 0
      vertex -3.07472 9.46301 25
      vertex -2.47446 9.6374 25
    endloop
  endfacet
  facet normal -0.278989 0.960294 0
    outer loop
      vertex -3.07472 9.46301 25
      vertex -2.47446 9.6374 0
      vertex -3.07472 9.46301 0
    endloop
  endfacet
  facet normal -0.995561 0.094116 0
    outer loop
      vertex -9.93037 0.624765 28
      vertex -9.87154 1.24707 30
      vertex -9.87154 1.24707 28
    endloop
  endfacet
  facet normal -0.995561 0.094116 0
    outer loop
      vertex -9.87154 1.24707 30
      vertex -9.93037 0.624765 28
      vertex -9.93037 0.624765 30
    endloop
  endfacet
  facet normal -0.995561 0.094116 0
    outer loop
      vertex -9.93037 0.624765 0
      vertex -9.87154 1.24707 25
      vertex -9.87154 1.24707 0
    endloop
  endfacet
  facet normal -0.995561 0.094116 0
    outer loop
      vertex -9.87154 1.24707 25
      vertex -9.93037 0.624765 0
      vertex -9.93037 0.624765 25
    endloop
  endfacet
  facet normal -0.094116 0.995561 0
    outer loop
      vertex -0.624765 9.93037 28
      vertex -1.24707 9.87154 30
      vertex -0.624765 9.93037 30
    endloop
  endfacet
  facet normal -0.094116 0.995561 0
    outer loop
      vertex -1.24707 9.87154 30
      vertex -0.624765 9.93037 28
      vertex -1.24707 9.87154 28
    endloop
  endfacet
  facet normal -0.094116 0.995561 0
    outer loop
      vertex -0.624765 9.93037 0
      vertex -1.24707 9.87154 25
      vertex -0.624765 9.93037 25
    endloop
  endfacet
  facet normal -0.094116 0.995561 0
    outer loop
      vertex -1.24707 9.87154 25
      vertex -0.624765 9.93037 0
      vertex -1.24707 9.87154 0
    endloop
  endfacet
  facet normal 0.338729 0.940884 -0
    outer loop
      vertex 3.66284 9.25128 28
      vertex 3.07472 9.46301 30
      vertex 3.66284 9.25128 30
    endloop
  endfacet
  facet normal 0.338729 0.940884 0
    outer loop
      vertex 3.07472 9.46301 30
      vertex 3.66284 9.25128 28
      vertex 3.07472 9.46301 28
    endloop
  endfacet
  facet normal 0.338729 0.940884 -0
    outer loop
      vertex 3.66284 9.25128 0
      vertex 3.07472 9.46301 25
      vertex 3.66284 9.25128 25
    endloop
  endfacet
  facet normal 0.338729 0.940884 0
    outer loop
      vertex 3.07472 9.46301 25
      vertex 3.66284 9.25128 0
      vertex 3.07472 9.46301 0
    endloop
  endfacet
  facet normal 0.890737 0.45452 0
    outer loop
      vertex 8.72074 4.79053 0.0969755
      vertex 8.71925 4.79345 0
      vertex 8.71925 4.79345 25
    endloop
  endfacet
  facet normal 0.892157 0.451725 -0.000105973
    outer loop
      vertex 8.71925 4.79345 0
      vertex 8.72074 4.79053 0.0969755
      vertex 8.71965 4.79266 0
    endloop
  endfacet
  facet normal 0.89101 0.453983 7.92815e-08
    outer loop
      vertex 8.71925 4.79345 25
      vertex 8.7352 4.76215 0.535989
      vertex 8.72074 4.79053 0.0969755
    endloop
  endfacet
  facet normal 0.891039 0.453927 1.69754e-07
    outer loop
      vertex 8.71925 4.79345 25
      vertex 8.75923 4.71498 0.981221
      vertex 8.7352 4.76215 0.535989
    endloop
  endfacet
  facet normal 0.890988 0.454026 -2.37194e-07
    outer loop
      vertex 8.71925 4.79345 25
      vertex 8.79275 4.6492 1.43091
      vertex 8.75923 4.71498 0.981221
    endloop
  endfacet
  facet normal 0.890991 0.45402 -1.925e-07
    outer loop
      vertex 8.71925 4.79345 25
      vertex 8.83562 4.56507 1.88329
      vertex 8.79275 4.6492 1.43091
    endloop
  endfacet
  facet normal 0.891016 0.453972 4.109e-07
    outer loop
      vertex 8.71925 4.79345 25
      vertex 8.88766 4.46293 2.33657
      vertex 8.83562 4.56507 1.88329
    endloop
  endfacet
  facet normal 0.891009 0.453986 1.40386e-07
    outer loop
      vertex 8.71925 4.79345 25
      vertex 8.94868 4.34317 2.78897
      vertex 8.88766 4.46293 2.33657
    endloop
  endfacet
  facet normal 0.891007 0.45399 -0
    outer loop
      vertex 9.00303 4.2365 3.13937
      vertex 8.71925 4.79345 25
      vertex 9.00303 4.2365 25
    endloop
  endfacet
  facet normal 0.89101 0.453984 2.04539e-07
    outer loop
      vertex 8.71925 4.79345 25
      vertex 9.00303 4.2365 3.13937
      vertex 8.94868 4.34317 2.78897
    endloop
  endfacet
  facet normal 0.891007 0.45399 0
    outer loop
      vertex 9.00303 4.2365 30
      vertex 8.71925 4.79345 28
      vertex 8.71925 4.79345 30
    endloop
  endfacet
  facet normal 0.891007 0.45399 0
    outer loop
      vertex 8.71925 4.79345 28
      vertex 9.00303 4.2365 30
      vertex 9.00303 4.2365 28
    endloop
  endfacet
  facet normal -0.562084 -0.82708 0
    outer loop
      vertex -5.84846 -8.04972 28
      vertex -5.33148 -8.40106 30
      vertex -5.84846 -8.04972 30
    endloop
  endfacet
  facet normal -0.562084 -0.82708 -0
    outer loop
      vertex -5.33148 -8.40106 30
      vertex -5.84846 -8.04972 28
      vertex -5.33148 -8.40106 28
    endloop
  endfacet
  facet normal -0.562084 -0.82708 0
    outer loop
      vertex -5.84846 -8.04972 0
      vertex -5.33148 -8.40106 25
      vertex -5.84846 -8.04972 25
    endloop
  endfacet
  facet normal -0.562084 -0.82708 -0
    outer loop
      vertex -5.33148 -8.40106 25
      vertex -5.84846 -8.04972 0
      vertex -5.33148 -8.40106 0
    endloop
  endfacet
  facet normal -0.338729 0.940884 0
    outer loop
      vertex -3.07472 9.46301 0
      vertex -3.66284 9.25128 25
      vertex -3.07472 9.46301 25
    endloop
  endfacet
  facet normal -0.338729 0.940884 0
    outer loop
      vertex -3.66284 9.25128 25
      vertex -3.07472 9.46301 0
      vertex -3.66284 9.25128 0
    endloop
  endfacet
  facet normal -0.338729 0.940884 0
    outer loop
      vertex -3.07472 9.46301 28
      vertex -3.66284 9.25128 30
      vertex -3.07472 9.46301 30
    endloop
  endfacet
  facet normal -0.338729 0.940884 0
    outer loop
      vertex -3.66284 9.25128 30
      vertex -3.07472 9.46301 28
      vertex -3.66284 9.25128 28
    endloop
  endfacet
  facet normal 0.975915 0.21815 0
    outer loop
      vertex 9.77376 1.86444 30
      vertex 9.6374 2.47446 28
      vertex 9.6374 2.47446 30
    endloop
  endfacet
  facet normal 0.975915 0.21815 0
    outer loop
      vertex 9.6374 2.47446 28
      vertex 9.77376 1.86444 30
      vertex 9.77376 1.86444 28
    endloop
  endfacet
  facet normal 0.975917 0.218142 0
    outer loop
      vertex 9.6374 2.47446 25
      vertex 9.67362 2.31242 6.57219
      vertex 9.6374 2.47446 6.40044
    endloop
  endfacet
  facet normal 0.975915 0.218153 -1.04154e-07
    outer loop
      vertex 9.6374 2.47446 25
      vertex 9.73368 2.04374 6.82585
      vertex 9.67362 2.31242 6.57219
    endloop
  endfacet
  facet normal 0.975915 0.21815 -0
    outer loop
      vertex 9.77376 1.86444 6.97565
      vertex 9.6374 2.47446 25
      vertex 9.77376 1.86444 25
    endloop
  endfacet
  facet normal 0.975915 0.218152 -7.44752e-08
    outer loop
      vertex 9.6374 2.47446 25
      vertex 9.77376 1.86444 6.97565
      vertex 9.73368 2.04374 6.82585
    endloop
  endfacet
  facet normal -0.750107 0.661317 0
    outer loop
      vertex -7.66661 6.34237 0
      vertex -7.25324 6.81124 25
      vertex -7.25324 6.81124 0
    endloop
  endfacet
  facet normal -0.750107 0.661317 0
    outer loop
      vertex -7.25324 6.81124 25
      vertex -7.66661 6.34237 0
      vertex -7.66661 6.34237 25
    endloop
  endfacet
  facet normal -0.750107 0.661317 0
    outer loop
      vertex -7.66661 6.34237 28
      vertex -7.25324 6.81124 30
      vertex -7.25324 6.81124 28
    endloop
  endfacet
  facet normal -0.750107 0.661317 0
    outer loop
      vertex -7.25324 6.81124 30
      vertex -7.66661 6.34237 28
      vertex -7.66661 6.34237 30
    endloop
  endfacet
  facet normal -0.562084 0.82708 0
    outer loop
      vertex -5.33148 8.40106 28
      vertex -5.84846 8.04972 30
      vertex -5.33148 8.40106 30
    endloop
  endfacet
  facet normal -0.562084 0.82708 0
    outer loop
      vertex -5.84846 8.04972 30
      vertex -5.33148 8.40106 28
      vertex -5.84846 8.04972 28
    endloop
  endfacet
  facet normal -0.562084 0.82708 0
    outer loop
      vertex -5.33148 8.40106 0
      vertex -5.84846 8.04972 25
      vertex -5.33148 8.40106 25
    endloop
  endfacet
  facet normal -0.562084 0.82708 0
    outer loop
      vertex -5.84846 8.04972 25
      vertex -5.33148 8.40106 0
      vertex -5.84846 8.04972 0
    endloop
  endfacet
  facet normal -0.860742 -0.509041 0
    outer loop
      vertex -8.40106 -5.33148 0
      vertex -8.71925 -4.79345 25
      vertex -8.71925 -4.79345 0
    endloop
  endfacet
  facet normal -0.860742 -0.509041 0
    outer loop
      vertex -8.71925 -4.79345 25
      vertex -8.40106 -5.33148 0
      vertex -8.40106 -5.33148 25
    endloop
  endfacet
  facet normal -0.860742 -0.509041 0
    outer loop
      vertex -8.40106 -5.33148 28
      vertex -8.71925 -4.79345 30
      vertex -8.71925 -4.79345 28
    endloop
  endfacet
  facet normal -0.860742 -0.509041 0
    outer loop
      vertex -8.71925 -4.79345 30
      vertex -8.40106 -5.33148 28
      vertex -8.40106 -5.33148 30
    endloop
  endfacet
  facet normal -0.940884 -0.338729 0
    outer loop
      vertex -9.25128 -3.66284 0
      vertex -9.46301 -3.07472 25
      vertex -9.46301 -3.07472 0
    endloop
  endfacet
  facet normal -0.940884 -0.338729 0
    outer loop
      vertex -9.46301 -3.07472 25
      vertex -9.25128 -3.66284 0
      vertex -9.25128 -3.66284 25
    endloop
  endfacet
  facet normal -0.940884 -0.338729 0
    outer loop
      vertex -9.25128 -3.66284 28
      vertex -9.46301 -3.07472 30
      vertex -9.46301 -3.07472 28
    endloop
  endfacet
  facet normal -0.940884 -0.338729 0
    outer loop
      vertex -9.46301 -3.07472 30
      vertex -9.25128 -3.66284 28
      vertex -9.25128 -3.66284 30
    endloop
  endfacet
  facet normal 0.397155 0.917752 -0
    outer loop
      vertex 4.2365 9.00303 0
      vertex 3.66284 9.25128 25
      vertex 4.2365 9.00303 25
    endloop
  endfacet
  facet normal 0.397155 0.917752 0
    outer loop
      vertex 3.66284 9.25128 25
      vertex 4.2365 9.00303 0
      vertex 3.66284 9.25128 0
    endloop
  endfacet
  facet normal 0.397155 0.917752 -0
    outer loop
      vertex 4.2365 9.00303 28
      vertex 3.66284 9.25128 30
      vertex 4.2365 9.00303 30
    endloop
  endfacet
  facet normal 0.397155 0.917752 0
    outer loop
      vertex 3.66284 9.25128 30
      vertex 4.2365 9.00303 28
      vertex 3.66284 9.25128 28
    endloop
  endfacet
  facet normal -0.917752 -0.397155 0
    outer loop
      vertex -9.00303 -4.2365 0
      vertex -9.25128 -3.66284 25
      vertex -9.25128 -3.66284 0
    endloop
  endfacet
  facet normal -0.917752 -0.397155 0
    outer loop
      vertex -9.25128 -3.66284 25
      vertex -9.00303 -4.2365 0
      vertex -9.00303 -4.2365 25
    endloop
  endfacet
  facet normal -0.917752 -0.397155 0
    outer loop
      vertex -9.00303 -4.2365 28
      vertex -9.25128 -3.66284 30
      vertex -9.25128 -3.66284 28
    endloop
  endfacet
  facet normal -0.917752 -0.397155 0
    outer loop
      vertex -9.25128 -3.66284 30
      vertex -9.00303 -4.2365 28
      vertex -9.00303 -4.2365 30
    endloop
  endfacet
  facet normal -0.891007 -0.45399 0
    outer loop
      vertex -8.71925 -4.79345 0
      vertex -9.00303 -4.2365 25
      vertex -9.00303 -4.2365 0
    endloop
  endfacet
  facet normal -0.891007 -0.45399 0
    outer loop
      vertex -9.00303 -4.2365 25
      vertex -8.71925 -4.79345 0
      vertex -8.71925 -4.79345 25
    endloop
  endfacet
  facet normal -0.891007 -0.45399 0
    outer loop
      vertex -8.71925 -4.79345 28
      vertex -9.00303 -4.2365 30
      vertex -9.00303 -4.2365 28
    endloop
  endfacet
  facet normal -0.891007 -0.45399 0
    outer loop
      vertex -9.00303 -4.2365 30
      vertex -8.71925 -4.79345 28
      vertex -8.71925 -4.79345 30
    endloop
  endfacet
  facet normal -0.987689 0.156432 0
    outer loop
      vertex -9.87154 1.24707 28
      vertex -9.77376 1.86444 30
      vertex -9.77376 1.86444 28
    endloop
  endfacet
  facet normal -0.987689 0.156432 0
    outer loop
      vertex -9.77376 1.86444 30
      vertex -9.87154 1.24707 28
      vertex -9.87154 1.24707 30
    endloop
  endfacet
  facet normal -0.987689 0.156432 0
    outer loop
      vertex -9.87154 1.24707 0
      vertex -9.77376 1.86444 25
      vertex -9.77376 1.86444 0
    endloop
  endfacet
  facet normal -0.987689 0.156432 0
    outer loop
      vertex -9.77376 1.86444 25
      vertex -9.87154 1.24707 0
      vertex -9.87154 1.24707 25
    endloop
  endfacet
  facet normal 0.562084 0.82708 -0
    outer loop
      vertex 5.84846 8.04972 0
      vertex 5.33148 8.40106 25
      vertex 5.84846 8.04972 25
    endloop
  endfacet
  facet normal 0.562084 0.82708 0
    outer loop
      vertex 5.33148 8.40106 25
      vertex 5.84846 8.04972 0
      vertex 5.33148 8.40106 0
    endloop
  endfacet
  facet normal 0.562084 0.82708 -0
    outer loop
      vertex 5.84846 8.04972 28
      vertex 5.33148 8.40106 30
      vertex 5.84846 8.04972 30
    endloop
  endfacet
  facet normal 0.562084 0.82708 0
    outer loop
      vertex 5.33148 8.40106 30
      vertex 5.84846 8.04972 28
      vertex 5.33148 8.40106 28
    endloop
  endfacet
  facet normal 0.397155 -0.917752 0
    outer loop
      vertex 3.66284 -9.25128 0
      vertex 4.2365 -9.00303 25
      vertex 3.66284 -9.25128 25
    endloop
  endfacet
  facet normal 0.397155 -0.917752 0
    outer loop
      vertex 4.2365 -9.00303 25
      vertex 3.66284 -9.25128 0
      vertex 4.2365 -9.00303 0
    endloop
  endfacet
  facet normal 0.397155 -0.917752 0
    outer loop
      vertex 3.66284 -9.25128 28
      vertex 4.2365 -9.00303 30
      vertex 3.66284 -9.25128 30
    endloop
  endfacet
  facet normal 0.397155 -0.917752 0
    outer loop
      vertex 4.2365 -9.00303 30
      vertex 3.66284 -9.25128 28
      vertex 4.2365 -9.00303 28
    endloop
  endfacet
  facet normal 0.750107 0.661317 0
    outer loop
      vertex 7.66661 6.34237 25
      vertex 7.25324 6.81124 0
      vertex 7.25324 6.81124 25
    endloop
  endfacet
  facet normal 0.750107 0.661317 0
    outer loop
      vertex 7.25324 6.81124 0
      vertex 7.66661 6.34237 25
      vertex 7.66661 6.34237 0
    endloop
  endfacet
  facet normal 0.750107 0.661317 0
    outer loop
      vertex 7.66661 6.34237 30
      vertex 7.25324 6.81124 28
      vertex 7.25324 6.81124 30
    endloop
  endfacet
  facet normal 0.750107 0.661317 0
    outer loop
      vertex 7.25324 6.81124 28
      vertex 7.66661 6.34237 30
      vertex 7.66661 6.34237 28
    endloop
  endfacet
  facet normal 0.21815 -0.975915 0
    outer loop
      vertex 1.86444 -9.77376 0
      vertex 2.47446 -9.6374 25
      vertex 1.86444 -9.77376 25
    endloop
  endfacet
  facet normal 0.21815 -0.975915 0
    outer loop
      vertex 2.47446 -9.6374 25
      vertex 1.86444 -9.77376 0
      vertex 2.47446 -9.6374 0
    endloop
  endfacet
  facet normal 0.21815 -0.975915 0
    outer loop
      vertex 1.86444 -9.77376 28
      vertex 2.47446 -9.6374 30
      vertex 1.86444 -9.77376 30
    endloop
  endfacet
  facet normal 0.21815 -0.975915 0
    outer loop
      vertex 2.47446 -9.6374 30
      vertex 1.86444 -9.77376 28
      vertex 2.47446 -9.6374 28
    endloop
  endfacet
  facet normal 0.338729 -0.940884 0
    outer loop
      vertex 3.07472 -9.46301 28
      vertex 3.66284 -9.25128 30
      vertex 3.07472 -9.46301 30
    endloop
  endfacet
  facet normal 0.338729 -0.940884 0
    outer loop
      vertex 3.66284 -9.25128 30
      vertex 3.07472 -9.46301 28
      vertex 3.66284 -9.25128 28
    endloop
  endfacet
  facet normal 0.338729 -0.940884 0
    outer loop
      vertex 3.07472 -9.46301 0
      vertex 3.66284 -9.25128 25
      vertex 3.07472 -9.46301 25
    endloop
  endfacet
  facet normal 0.338729 -0.940884 0
    outer loop
      vertex 3.66284 -9.25128 25
      vertex 3.07472 -9.46301 0
      vertex 3.66284 -9.25128 0
    endloop
  endfacet
  facet normal -0.661317 0.750107 0
    outer loop
      vertex -6.34237 7.66661 28
      vertex -6.81124 7.25324 30
      vertex -6.34237 7.66661 30
    endloop
  endfacet
  facet normal -0.661317 0.750107 0
    outer loop
      vertex -6.81124 7.25324 30
      vertex -6.34237 7.66661 28
      vertex -6.81124 7.25324 28
    endloop
  endfacet
  facet normal -0.661317 0.750107 0
    outer loop
      vertex -6.34237 7.66661 0
      vertex -6.81124 7.25324 25
      vertex -6.34237 7.66661 25
    endloop
  endfacet
  facet normal -0.661317 0.750107 0
    outer loop
      vertex -6.81124 7.25324 25
      vertex -6.34237 7.66661 0
      vertex -6.81124 7.25324 0
    endloop
  endfacet
  facet normal -0.156432 -0.987689 0
    outer loop
      vertex -1.86444 -9.77376 0
      vertex -1.24707 -9.87154 25
      vertex -1.86444 -9.77376 25
    endloop
  endfacet
  facet normal -0.156432 -0.987689 -0
    outer loop
      vertex -1.24707 -9.87154 25
      vertex -1.86444 -9.77376 0
      vertex -1.24707 -9.87154 0
    endloop
  endfacet
  facet normal -0.156432 -0.987689 0
    outer loop
      vertex -1.86444 -9.77376 28
      vertex -1.24707 -9.87154 30
      vertex -1.86444 -9.77376 30
    endloop
  endfacet
  facet normal -0.156432 -0.987689 -0
    outer loop
      vertex -1.24707 -9.87154 30
      vertex -1.86444 -9.77376 28
      vertex -1.24707 -9.87154 28
    endloop
  endfacet
  facet normal 0.094116 0.995561 -0
    outer loop
      vertex 1.24707 9.87154 0
      vertex 0.624765 9.93037 25
      vertex 1.24707 9.87154 25
    endloop
  endfacet
  facet normal 0.094116 0.995561 0
    outer loop
      vertex 0.624765 9.93037 25
      vertex 1.24707 9.87154 0
      vertex 0.624765 9.93037 0
    endloop
  endfacet
  facet normal 0.094116 0.995561 -0
    outer loop
      vertex 1.24707 9.87154 28
      vertex 0.624765 9.93037 30
      vertex 1.24707 9.87154 30
    endloop
  endfacet
  facet normal 0.094116 0.995561 0
    outer loop
      vertex 0.624765 9.93037 30
      vertex 1.24707 9.87154 28
      vertex 0.624765 9.93037 28
    endloop
  endfacet
  facet normal -0.995561 -0.094116 0
    outer loop
      vertex -9.87154 -1.24707 28
      vertex -9.93037 -0.624765 30
      vertex -9.93037 -0.624765 28
    endloop
  endfacet
  facet normal -0.995561 -0.094116 0
    outer loop
      vertex -9.93037 -0.624765 30
      vertex -9.87154 -1.24707 28
      vertex -9.87154 -1.24707 30
    endloop
  endfacet
  facet normal -0.995561 -0.094116 0
    outer loop
      vertex -9.87154 -1.24707 0
      vertex -9.93037 -0.624765 25
      vertex -9.93037 -0.624765 0
    endloop
  endfacet
  facet normal -0.995561 -0.094116 0
    outer loop
      vertex -9.93037 -0.624765 25
      vertex -9.87154 -1.24707 0
      vertex -9.87154 -1.24707 25
    endloop
  endfacet
  facet normal -0.397155 0.917752 0
    outer loop
      vertex -3.66284 9.25128 0
      vertex -4.2365 9.00303 25
      vertex -3.66284 9.25128 25
    endloop
  endfacet
  facet normal -0.397155 0.917752 0
    outer loop
      vertex -4.2365 9.00303 25
      vertex -3.66284 9.25128 0
      vertex -4.2365 9.00303 0
    endloop
  endfacet
  facet normal -0.397155 0.917752 0
    outer loop
      vertex -3.66284 9.25128 28
      vertex -4.2365 9.00303 30
      vertex -3.66284 9.25128 30
    endloop
  endfacet
  facet normal -0.397155 0.917752 0
    outer loop
      vertex -4.2365 9.00303 30
      vertex -3.66284 9.25128 28
      vertex -4.2365 9.00303 28
    endloop
  endfacet
  facet normal -0.661317 -0.750107 0
    outer loop
      vertex -6.81124 -7.25324 0
      vertex -6.34237 -7.66661 25
      vertex -6.81124 -7.25324 25
    endloop
  endfacet
  facet normal -0.661317 -0.750107 -0
    outer loop
      vertex -6.34237 -7.66661 25
      vertex -6.81124 -7.25324 0
      vertex -6.34237 -7.66661 0
    endloop
  endfacet
  facet normal -0.661317 -0.750107 0
    outer loop
      vertex -6.81124 -7.25324 28
      vertex -6.34237 -7.66661 30
      vertex -6.81124 -7.25324 30
    endloop
  endfacet
  facet normal -0.661317 -0.750107 -0
    outer loop
      vertex -6.34237 -7.66661 30
      vertex -6.81124 -7.25324 28
      vertex -6.34237 -7.66661 28
    endloop
  endfacet
  facet normal 0.79016 0.612901 0
    outer loop
      vertex 8.04972 5.84846 25
      vertex 7.66661 6.34237 0
      vertex 7.66661 6.34237 25
    endloop
  endfacet
  facet normal 0.79016 0.612901 0
    outer loop
      vertex 7.66661 6.34237 0
      vertex 8.04972 5.84846 25
      vertex 8.04972 5.84846 0
    endloop
  endfacet
  facet normal 0.79016 0.612901 0
    outer loop
      vertex 8.04972 5.84846 30
      vertex 7.66661 6.34237 28
      vertex 7.66661 6.34237 30
    endloop
  endfacet
  facet normal 0.79016 0.612901 0
    outer loop
      vertex 7.66661 6.34237 28
      vertex 8.04972 5.84846 30
      vertex 8.04972 5.84846 28
    endloop
  endfacet
  facet normal 0.917752 0.397155 0
    outer loop
      vertex 9.25128 3.66284 30
      vertex 9.00303 4.2365 28
      vertex 9.00303 4.2365 30
    endloop
  endfacet
  facet normal 0.917752 0.397155 0
    outer loop
      vertex 9.00303 4.2365 28
      vertex 9.25128 3.66284 30
      vertex 9.25128 3.66284 28
    endloop
  endfacet
  facet normal 0.917773 0.397105 0
    outer loop
      vertex 9.00303 4.2365 25
      vertex 9.01611 4.20627 3.23636
      vertex 9.00303 4.2365 3.13937
    endloop
  endfacet
  facet normal 0.917745 0.397171 -1.09156e-07
    outer loop
      vertex 9.00303 4.2365 25
      vertex 9.08254 4.05277 3.66985
      vertex 9.01611 4.20627 3.23636
    endloop
  endfacet
  facet normal 0.917764 0.397126 3.45808e-07
    outer loop
      vertex 9.00303 4.2365 25
      vertex 9.15588 3.88328 4.0959
      vertex 9.08254 4.05277 3.66985
    endloop
  endfacet
  facet normal 0.917753 0.397153 -1.82737e-07
    outer loop
      vertex 9.00303 4.2365 25
      vertex 9.23586 3.69846 4.51284
      vertex 9.15588 3.88328 4.0959
    endloop
  endfacet
  facet normal 0.917752 0.397155 -0
    outer loop
      vertex 9.25128 3.66284 4.5854
      vertex 9.00303 4.2365 25
      vertex 9.25128 3.66284 25
    endloop
  endfacet
  facet normal 0.917702 0.397268 -3.78663e-06
    outer loop
      vertex 9.00303 4.2365 25
      vertex 9.25128 3.66284 4.5854
      vertex 9.23586 3.69846 4.51284
    endloop
  endfacet
  facet normal 0.750107 -0.661317 0
    outer loop
      vertex 7.25324 -6.81124 30
      vertex 7.66661 -6.34237 28
      vertex 7.66661 -6.34237 30
    endloop
  endfacet
  facet normal 0.750107 -0.661317 0
    outer loop
      vertex 7.66661 -6.34237 28
      vertex 7.25324 -6.81124 30
      vertex 7.25324 -6.81124 28
    endloop
  endfacet
  facet normal 0.750107 -0.661317 0
    outer loop
      vertex 7.25324 -6.81124 25
      vertex 7.66661 -6.34237 0
      vertex 7.66661 -6.34237 25
    endloop
  endfacet
  facet normal 0.750107 -0.661317 0
    outer loop
      vertex 7.66661 -6.34237 0
      vertex 7.25324 -6.81124 25
      vertex 7.25324 -6.81124 0
    endloop
  endfacet
  facet normal 0.79016 -0.612901 0
    outer loop
      vertex 7.66661 -6.34237 30
      vertex 8.04972 -5.84846 28
      vertex 8.04972 -5.84846 30
    endloop
  endfacet
  facet normal 0.79016 -0.612901 0
    outer loop
      vertex 8.04972 -5.84846 28
      vertex 7.66661 -6.34237 30
      vertex 7.66661 -6.34237 28
    endloop
  endfacet
  facet normal 0.79016 -0.612901 0
    outer loop
      vertex 7.66661 -6.34237 25
      vertex 8.04972 -5.84846 0
      vertex 8.04972 -5.84846 25
    endloop
  endfacet
  facet normal 0.79016 -0.612901 0
    outer loop
      vertex 8.04972 -5.84846 0
      vertex 7.66661 -6.34237 25
      vertex 7.66661 -6.34237 0
    endloop
  endfacet
  facet normal 0.82708 -0.562084 0
    outer loop
      vertex 8.04972 -5.84846 30
      vertex 8.40106 -5.33148 28
      vertex 8.40106 -5.33148 30
    endloop
  endfacet
  facet normal 0.82708 -0.562084 0
    outer loop
      vertex 8.40106 -5.33148 28
      vertex 8.04972 -5.84846 30
      vertex 8.04972 -5.84846 28
    endloop
  endfacet
  facet normal 0.82708 -0.562084 0
    outer loop
      vertex 8.04972 -5.84846 25
      vertex 8.40106 -5.33148 0
      vertex 8.40106 -5.33148 25
    endloop
  endfacet
  facet normal 0.82708 -0.562084 0
    outer loop
      vertex 8.40106 -5.33148 0
      vertex 8.04972 -5.84846 25
      vertex 8.04972 -5.84846 0
    endloop
  endfacet
  facet normal -0.338729 -0.940884 0
    outer loop
      vertex -3.66284 -9.25128 0
      vertex -3.07472 -9.46301 25
      vertex -3.66284 -9.25128 25
    endloop
  endfacet
  facet normal -0.338729 -0.940884 -0
    outer loop
      vertex -3.07472 -9.46301 25
      vertex -3.66284 -9.25128 0
      vertex -3.07472 -9.46301 0
    endloop
  endfacet
  facet normal -0.338729 -0.940884 0
    outer loop
      vertex -3.66284 -9.25128 28
      vertex -3.07472 -9.46301 30
      vertex -3.66284 -9.25128 30
    endloop
  endfacet
  facet normal -0.338729 -0.940884 -0
    outer loop
      vertex -3.07472 -9.46301 30
      vertex -3.66284 -9.25128 28
      vertex -3.07472 -9.46301 28
    endloop
  endfacet
  facet normal -0.397155 -0.917752 0
    outer loop
      vertex -4.2365 -9.00303 28
      vertex -3.66284 -9.25128 30
      vertex -4.2365 -9.00303 30
    endloop
  endfacet
  facet normal -0.397155 -0.917752 -0
    outer loop
      vertex -3.66284 -9.25128 30
      vertex -4.2365 -9.00303 28
      vertex -3.66284 -9.25128 28
    endloop
  endfacet
  facet normal -0.397155 -0.917752 0
    outer loop
      vertex -4.2365 -9.00303 0
      vertex -3.66284 -9.25128 25
      vertex -4.2365 -9.00303 25
    endloop
  endfacet
  facet normal -0.397155 -0.917752 -0
    outer loop
      vertex -3.66284 -9.25128 25
      vertex -4.2365 -9.00303 0
      vertex -3.66284 -9.25128 0
    endloop
  endfacet
  facet normal -0.45399 0.891007 0
    outer loop
      vertex -4.2365 9.00303 28
      vertex -4.79345 8.71925 30
      vertex -4.2365 9.00303 30
    endloop
  endfacet
  facet normal -0.45399 0.891007 0
    outer loop
      vertex -4.79345 8.71925 30
      vertex -4.2365 9.00303 28
      vertex -4.79345 8.71925 28
    endloop
  endfacet
  facet normal -0.45399 0.891007 0
    outer loop
      vertex -4.2365 9.00303 0
      vertex -4.79345 8.71925 25
      vertex -4.2365 9.00303 25
    endloop
  endfacet
  facet normal -0.45399 0.891007 0
    outer loop
      vertex -4.79345 8.71925 25
      vertex -4.2365 9.00303 0
      vertex -4.79345 8.71925 0
    endloop
  endfacet
  facet normal 0.960294 -0.278989 0
    outer loop
      vertex 9.46301 -3.07472 30
      vertex 9.6374 -2.47446 28
      vertex 9.6374 -2.47446 30
    endloop
  endfacet
  facet normal 0.960294 -0.278989 0
    outer loop
      vertex 9.6374 -2.47446 28
      vertex 9.46301 -3.07472 30
      vertex 9.46301 -3.07472 28
    endloop
  endfacet
  facet normal 0.960294 -0.278989 0
    outer loop
      vertex 9.46301 -3.07472 25
      vertex 9.6374 -2.47446 6.40044
      vertex 9.6374 -2.47446 25
    endloop
  endfacet
  facet normal 0.960292 -0.278997 -3.04958e-07
    outer loop
      vertex 9.6374 -2.47446 6.40044
      vertex 9.46301 -3.07472 25
      vertex 9.60907 -2.57197 6.29056
    endloop
  endfacet
  facet normal 0.960301 -0.278966 6.22505e-07
    outer loop
      vertex 9.60907 -2.57197 6.29056
      vertex 9.46301 -3.07472 25
      vertex 9.53662 -2.82137 5.97841
    endloop
  endfacet
  facet normal 0.960284 -0.279025 -2.2924e-07
    outer loop
      vertex 9.53662 -2.82137 5.97841
      vertex 9.46301 -3.07472 25
      vertex 9.46739 -3.05963 5.64781
    endloop
  endfacet
  facet normal 0.960363 -0.278753 0
    outer loop
      vertex 9.46739 -3.05963 5.64781
      vertex 9.46301 -3.07472 25
      vertex 9.46301 -3.07472 5.62462
    endloop
  endfacet
  facet normal 0.987689 -0.156432 0
    outer loop
      vertex 9.77376 -1.86444 30
      vertex 9.87154 -1.24707 28
      vertex 9.87154 -1.24707 30
    endloop
  endfacet
  facet normal 0.987689 -0.156432 0
    outer loop
      vertex 9.87154 -1.24707 28
      vertex 9.77376 -1.86444 30
      vertex 9.77376 -1.86444 28
    endloop
  endfacet
  facet normal 0.987689 -0.156432 0
    outer loop
      vertex 9.77376 -1.86444 25
      vertex 9.87154 -1.24707 7.37458
      vertex 9.87154 -1.24707 25
    endloop
  endfacet
  facet normal 0.98769 -0.156426 1.86568e-07
    outer loop
      vertex 9.87154 -1.24707 7.37458
      vertex 9.77376 -1.86444 25
      vertex 9.83413 -1.48328 7.24011
    endloop
  endfacet
  facet normal 0.987687 -0.156445 -2.23006e-07
    outer loop
      vertex 9.83413 -1.48328 7.24011
      vertex 9.77376 -1.86444 25
      vertex 9.78919 -1.767 7.05072
    endloop
  endfacet
  facet normal 0.987693 -0.156405 0
    outer loop
      vertex 9.78919 -1.767 7.05072
      vertex 9.77376 -1.86444 25
      vertex 9.77376 -1.86444 6.97565
    endloop
  endfacet
  facet normal 0 0 -1
    outer loop
      vertex 8.71925 -4.79345 0
      vertex 8.62376 -4.79053 0
      vertex 8.71965 -4.79266 0
    endloop
  endfacet
  facet normal 0 0 -1
    outer loop
      vertex 8.40106 -5.33148 0
      vertex 8.62376 -4.79053 0
      vertex 8.71925 -4.79345 0
    endloop
  endfacet
  facet normal 0 0 -1
    outer loop
      vertex 8.40106 -5.33148 0
      vertex 8.19921 -4.76215 0
      vertex 8.62376 -4.79053 0
    endloop
  endfacet
  facet normal 0 0 -1
    outer loop
      vertex 7.77801 -4.71498 0
      vertex 8.40106 -5.33148 0
      vertex 8.04972 -5.84846 0
    endloop
  endfacet
  facet normal 0 0 -1
    outer loop
      vertex 8.40106 -5.33148 0
      vertex 7.77801 -4.71498 0
      vertex 8.19921 -4.76215 0
    endloop
  endfacet
  facet normal 0 0 -1
    outer loop
      vertex 7.0789 -5.14312 0
      vertex 8.04972 -5.84846 0
      vertex 7.66661 -6.34237 0
    endloop
  endfacet
  facet normal 0 0 -1
    outer loop
      vertex 8.04972 -5.84846 0
      vertex 7.0789 -5.14312 0
      vertex 7.77801 -4.71498 0
    endloop
  endfacet
  facet normal 0 0 -1
    outer loop
      vertex 7.77801 -4.71498 0
      vertex 7.38787 -4.68848 0
      vertex 7.40689 -4.65632 0
    endloop
  endfacet
  facet normal 0 0 -1
    outer loop
      vertex 6.74199 -5.57746 0
      vertex 7.66661 -6.34237 0
      vertex 7.25324 -6.81124 0
    endloop
  endfacet
  facet normal -0 0 -1
    outer loop
      vertex 7.77801 -4.71498 0
      vertex 7.0789 -5.14312 0
      vertex 7.38787 -4.68848 0
    endloop
  endfacet
  facet normal 0 0 -1
    outer loop
      vertex 6.37848 -5.98979 0
      vertex 7.25324 -6.81124 0
      vertex 6.81124 -7.25324 0
    endloop
  endfacet
  facet normal 0 0 -1
    outer loop
      vertex 7.66661 -6.34237 0
      vertex 6.74199 -5.57746 0
      vertex 7.0789 -5.14312 0
    endloop
  endfacet
  facet normal 0 0 -1
    outer loop
      vertex 7.25324 -6.81124 0
      vertex 6.37848 -5.98979 0
      vertex 6.74199 -5.57746 0
    endloop
  endfacet
  facet normal 0 0 -1
    outer loop
      vertex 5.98979 -6.37848 0
      vertex 6.81124 -7.25324 0
      vertex 6.34237 -7.66661 0
    endloop
  endfacet
  facet normal 0 0 -1
    outer loop
      vertex 6.81124 -7.25324 0
      vertex 5.98979 -6.37848 0
      vertex 6.37848 -5.98979 0
    endloop
  endfacet
  facet normal 0 0 -1
    outer loop
      vertex 5.57746 -6.74199 0
      vertex 6.34237 -7.66661 0
      vertex 5.84846 -8.04972 0
    endloop
  endfacet
  facet normal 0 0 -1
    outer loop
      vertex 6.34237 -7.66661 0
      vertex 5.57746 -6.74199 0
      vertex 5.98979 -6.37848 0
    endloop
  endfacet
  facet normal 0 0 -1
    outer loop
      vertex 5.14312 -7.0789 0
      vertex 5.84846 -8.04972 0
      vertex 5.33148 -8.40106 0
    endloop
  endfacet
  facet normal 0 0 -1
    outer loop
      vertex 5.84846 -8.04972 0
      vertex 5.14312 -7.0789 0
      vertex 5.57746 -6.74199 0
    endloop
  endfacet
  facet normal 0 0 -1
    outer loop
      vertex 4.68848 -7.38787 0
      vertex 5.33148 -8.40106 0
      vertex 4.79345 -8.71925 0
    endloop
  endfacet
  facet normal 0 0 -1
    outer loop
      vertex 5.33148 -8.40106 0
      vertex 4.68848 -7.38787 0
      vertex 5.14312 -7.0789 0
    endloop
  endfacet
  facet normal 0 0 -1
    outer loop
      vertex 4.21534 -7.66768 0
      vertex 4.79345 -8.71925 0
      vertex 4.2365 -9.00303 0
    endloop
  endfacet
  facet normal 0 0 -1
    outer loop
      vertex 4.79345 -8.71925 0
      vertex 4.21534 -7.66768 0
      vertex 4.68848 -7.38787 0
    endloop
  endfacet
  facet normal 0 0 -1
    outer loop
      vertex 4.2365 -9.00303 0
      vertex 3.72557 -7.91724 0
      vertex 4.21534 -7.66768 0
    endloop
  endfacet
  facet normal 0 0 -1
    outer loop
      vertex 3.66284 -9.25128 0
      vertex 3.72557 -7.91724 0
      vertex 4.2365 -9.00303 0
    endloop
  endfacet
  facet normal 0 0 -1
    outer loop
      vertex 3.66284 -9.25128 0
      vertex 3.22109 -8.13554 0
      vertex 3.72557 -7.91724 0
    endloop
  endfacet
  facet normal 0 0 -1
    outer loop
      vertex 3.07472 -9.46301 0
      vertex 3.22109 -8.13554 0
      vertex 3.66284 -9.25128 0
    endloop
  endfacet
  facet normal 0 0 -1
    outer loop
      vertex 3.07472 -9.46301 0
      vertex 2.7039 -8.32174 0
      vertex 3.22109 -8.13554 0
    endloop
  endfacet
  facet normal 0 0 -1
    outer loop
      vertex 2.47446 -9.6374 0
      vertex 2.7039 -8.32174 0
      vertex 3.07472 -9.46301 0
    endloop
  endfacet
  facet normal 0 0 -1
    outer loop
      vertex 2.47446 -9.6374 0
      vertex 2.17604 -8.4751 0
      vertex 2.7039 -8.32174 0
    endloop
  endfacet
  facet normal 0 0 -1
    outer loop
      vertex 1.86444 -9.77376 0
      vertex 2.17604 -8.4751 0
      vertex 2.47446 -9.6374 0
    endloop
  endfacet
  facet normal 0 0 -1
    outer loop
      vertex 1.86444 -9.77376 0
      vertex 1.63959 -8.59501 0
      vertex 2.17604 -8.4751 0
    endloop
  endfacet
  facet normal 0 0 -1
    outer loop
      vertex 1.24707 -9.87154 0
      vertex 1.63959 -8.59501 0
      vertex 1.86444 -9.77376 0
    endloop
  endfacet
  facet normal 0 0 -1
    outer loop
      vertex 1.24707 -9.87154 0
      vertex 1.09667 -8.681 0
      vertex 1.63959 -8.59501 0
    endloop
  endfacet
  facet normal 0 0 -1
    outer loop
      vertex 0.624765 -9.93037 0
      vertex 1.09667 -8.681 0
      vertex 1.24707 -9.87154 0
    endloop
  endfacet
  facet normal 0 0 -1
    outer loop
      vertex 0.624765 -9.93037 0
      vertex 0.549417 -8.73273 0
      vertex 1.09667 -8.681 0
    endloop
  endfacet
  facet normal 0 0 -1
    outer loop
      vertex 0 -9.95 0
      vertex 0.549417 -8.73273 0
      vertex 0.624765 -9.93037 0
    endloop
  endfacet
  facet normal 0 0 -1
    outer loop
      vertex 0 -9.95 0
      vertex 0 -8.75 0
      vertex 0.549417 -8.73273 0
    endloop
  endfacet
  facet normal 0 0 -1
    outer loop
      vertex 0 -9.95 0
      vertex -0.549417 -8.73273 0
      vertex 0 -8.75 0
    endloop
  endfacet
  facet normal 0 0 -1
    outer loop
      vertex -0.624765 -9.93037 0
      vertex -0.549417 -8.73273 0
      vertex 0 -9.95 0
    endloop
  endfacet
  facet normal 0 0 -1
    outer loop
      vertex -0.624765 -9.93037 0
      vertex -1.09667 -8.681 0
      vertex -0.549417 -8.73273 0
    endloop
  endfacet
  facet normal 0 0 -1
    outer loop
      vertex -1.24707 -9.87154 0
      vertex -1.09667 -8.681 0
      vertex -0.624765 -9.93037 0
    endloop
  endfacet
  facet normal 0 0 -1
    outer loop
      vertex -1.24707 -9.87154 0
      vertex -1.63959 -8.59501 0
      vertex -1.09667 -8.681 0
    endloop
  endfacet
  facet normal 0 0 -1
    outer loop
      vertex -1.86444 -9.77376 0
      vertex -1.63959 -8.59501 0
      vertex -1.24707 -9.87154 0
    endloop
  endfacet
  facet normal 0 0 -1
    outer loop
      vertex -1.86444 -9.77376 0
      vertex -2.17604 -8.4751 0
      vertex -1.63959 -8.59501 0
    endloop
  endfacet
  facet normal 0 0 -1
    outer loop
      vertex -2.47446 -9.6374 0
      vertex -2.17604 -8.4751 0
      vertex -1.86444 -9.77376 0
    endloop
  endfacet
  facet normal 0 0 -1
    outer loop
      vertex -2.47446 -9.6374 0
      vertex -2.7039 -8.32174 0
      vertex -2.17604 -8.4751 0
    endloop
  endfacet
  facet normal 0 0 -1
    outer loop
      vertex -3.07472 -9.46301 0
      vertex -2.7039 -8.32174 0
      vertex -2.47446 -9.6374 0
    endloop
  endfacet
  facet normal 0 0 -1
    outer loop
      vertex -3.07472 -9.46301 0
      vertex -3.22109 -8.13554 0
      vertex -2.7039 -8.32174 0
    endloop
  endfacet
  facet normal 0 0 -1
    outer loop
      vertex -3.66284 -9.25128 0
      vertex -3.22109 -8.13554 0
      vertex -3.07472 -9.46301 0
    endloop
  endfacet
  facet normal 0 0 -1
    outer loop
      vertex -3.66284 -9.25128 0
      vertex -3.72557 -7.91724 0
      vertex -3.22109 -8.13554 0
    endloop
  endfacet
  facet normal 0 0 -1
    outer loop
      vertex -4.2365 -9.00303 0
      vertex -3.72557 -7.91724 0
      vertex -3.66284 -9.25128 0
    endloop
  endfacet
  facet normal -0 0 -1
    outer loop
      vertex -3.72557 -7.91724 0
      vertex -4.2365 -9.00303 0
      vertex -4.21534 -7.66768 0
    endloop
  endfacet
  facet normal 0 0 -1
    outer loop
      vertex -4.79345 -8.71925 0
      vertex -4.21534 -7.66768 0
      vertex -4.2365 -9.00303 0
    endloop
  endfacet
  facet normal -0 0 -1
    outer loop
      vertex -4.21534 -7.66768 0
      vertex -4.79345 -8.71925 0
      vertex -4.68848 -7.38787 0
    endloop
  endfacet
  facet normal 0 0 -1
    outer loop
      vertex -5.33148 -8.40106 0
      vertex -4.68848 -7.38787 0
      vertex -4.79345 -8.71925 0
    endloop
  endfacet
  facet normal -0 0 -1
    outer loop
      vertex -4.68848 -7.38787 0
      vertex -5.33148 -8.40106 0
      vertex -5.14312 -7.0789 0
    endloop
  endfacet
  facet normal 0 0 -1
    outer loop
      vertex -5.84846 -8.04972 0
      vertex -5.14312 -7.0789 0
      vertex -5.33148 -8.40106 0
    endloop
  endfacet
  facet normal -0 0 -1
    outer loop
      vertex -5.14312 -7.0789 0
      vertex -5.84846 -8.04972 0
      vertex -5.57746 -6.74199 0
    endloop
  endfacet
  facet normal 0 0 -1
    outer loop
      vertex -6.34237 -7.66661 0
      vertex -5.57746 -6.74199 0
      vertex -5.84846 -8.04972 0
    endloop
  endfacet
  facet normal -0 0 -1
    outer loop
      vertex -5.57746 -6.74199 0
      vertex -6.34237 -7.66661 0
      vertex -5.98979 -6.37848 0
    endloop
  endfacet
  facet normal 0 0 -1
    outer loop
      vertex -6.81124 -7.25324 0
      vertex -5.98979 -6.37848 0
      vertex -6.34237 -7.66661 0
    endloop
  endfacet
  facet normal -0 0 -1
    outer loop
      vertex -5.98979 -6.37848 0
      vertex -6.81124 -7.25324 0
      vertex -6.37848 -5.98979 0
    endloop
  endfacet
  facet normal 0 0 -1
    outer loop
      vertex -7.25324 -6.81124 0
      vertex -6.37848 -5.98979 0
      vertex -6.81124 -7.25324 0
    endloop
  endfacet
  facet normal -0 0 -1
    outer loop
      vertex -6.37848 -5.98979 0
      vertex -7.25324 -6.81124 0
      vertex -6.74199 -5.57746 0
    endloop
  endfacet
  facet normal 0 0 -1
    outer loop
      vertex -7.66661 -6.34237 0
      vertex -6.74199 -5.57746 0
      vertex -7.25324 -6.81124 0
    endloop
  endfacet
  facet normal -0 0 -1
    outer loop
      vertex -6.74199 -5.57746 0
      vertex -7.66661 -6.34237 0
      vertex -7.0789 -5.14312 0
    endloop
  endfacet
  facet normal 0 0 -1
    outer loop
      vertex -8.04972 -5.84846 0
      vertex -7.0789 -5.14312 0
      vertex -7.66661 -6.34237 0
    endloop
  endfacet
  facet normal -0 0 -1
    outer loop
      vertex -7.0789 -5.14312 0
      vertex -8.04972 -5.84846 0
      vertex -7.38787 -4.68848 0
    endloop
  endfacet
  facet normal 0 0 -1
    outer loop
      vertex -8.40106 -5.33148 0
      vertex -7.38787 -4.68848 0
      vertex -8.04972 -5.84846 0
    endloop
  endfacet
  facet normal -0 0 -1
    outer loop
      vertex -7.38787 -4.68848 0
      vertex -8.40106 -5.33148 0
      vertex -7.66768 -4.21534 0
    endloop
  endfacet
  facet normal 0 0 -1
    outer loop
      vertex -8.71925 -4.79345 0
      vertex -7.66768 -4.21534 0
      vertex -8.40106 -5.33148 0
    endloop
  endfacet
  facet normal -0 0 -1
    outer loop
      vertex -7.66768 -4.21534 0
      vertex -8.71925 -4.79345 0
      vertex -7.91724 -3.72557 0
    endloop
  endfacet
  facet normal 0 0 -1
    outer loop
      vertex -9.00303 -4.2365 0
      vertex -7.91724 -3.72557 0
      vertex -8.71925 -4.79345 0
    endloop
  endfacet
  facet normal -0 0 -1
    outer loop
      vertex -7.91724 -3.72557 0
      vertex -9.00303 -4.2365 0
      vertex -8.13554 -3.22109 0
    endloop
  endfacet
  facet normal 0 0 -1
    outer loop
      vertex -9.25128 -3.66284 0
      vertex -8.13554 -3.22109 0
      vertex -9.00303 -4.2365 0
    endloop
  endfacet
  facet normal -0 0 -1
    outer loop
      vertex -8.13554 -3.22109 0
      vertex -9.25128 -3.66284 0
      vertex -8.32174 -2.7039 0
    endloop
  endfacet
  facet normal 0 0 -1
    outer loop
      vertex -9.46301 -3.07472 0
      vertex -8.32174 -2.7039 0
      vertex -9.25128 -3.66284 0
    endloop
  endfacet
  facet normal -0 0 -1
    outer loop
      vertex -8.32174 -2.7039 0
      vertex -9.46301 -3.07472 0
      vertex -8.4751 -2.17604 0
    endloop
  endfacet
  facet normal 0 0 -1
    outer loop
      vertex -9.6374 -2.47446 0
      vertex -8.4751 -2.17604 0
      vertex -9.46301 -3.07472 0
    endloop
  endfacet
  facet normal -0 0 -1
    outer loop
      vertex -8.4751 -2.17604 0
      vertex -9.6374 -2.47446 0
      vertex -8.59501 -1.63959 0
    endloop
  endfacet
  facet normal 0 0 -1
    outer loop
      vertex 8.62376 4.79053 0
      vertex 8.71925 4.79345 0
      vertex 8.71965 4.79266 0
    endloop
  endfacet
  facet normal 0 0 -1
    outer loop
      vertex 8.62376 4.79053 0
      vertex 8.40106 5.33148 0
      vertex 8.71925 4.79345 0
    endloop
  endfacet
  facet normal 0 0 -1
    outer loop
      vertex 8.19921 4.76215 0
      vertex 8.40106 5.33148 0
      vertex 8.62376 4.79053 0
    endloop
  endfacet
  facet normal 0 0 -1
    outer loop
      vertex 7.77801 4.71498 0
      vertex 8.40106 5.33148 0
      vertex 8.19921 4.76215 0
    endloop
  endfacet
  facet normal -0 0 -1
    outer loop
      vertex 8.40106 5.33148 0
      vertex 7.77801 4.71498 0
      vertex 8.04972 5.84846 0
    endloop
  endfacet
  facet normal 0 0 -1
    outer loop
      vertex 7.0789 5.14312 0
      vertex 8.04972 5.84846 0
      vertex 7.77801 4.71498 0
    endloop
  endfacet
  facet normal 0 0 -1
    outer loop
      vertex 7.38787 4.68848 0
      vertex 7.77801 4.71498 0
      vertex 7.40689 4.65632 0
    endloop
  endfacet
  facet normal 0 0 -1
    outer loop
      vertex 7.0789 5.14312 0
      vertex 7.77801 4.71498 0
      vertex 7.38787 4.68848 0
    endloop
  endfacet
  facet normal -0 0 -1
    outer loop
      vertex 8.04972 5.84846 0
      vertex 7.0789 5.14312 0
      vertex 7.66661 6.34237 0
    endloop
  endfacet
  facet normal 0 0 -1
    outer loop
      vertex 6.74199 5.57746 0
      vertex 7.66661 6.34237 0
      vertex 7.0789 5.14312 0
    endloop
  endfacet
  facet normal -0 0 -1
    outer loop
      vertex 7.66661 6.34237 0
      vertex 6.74199 5.57746 0
      vertex 7.25324 6.81124 0
    endloop
  endfacet
  facet normal 0 0 -1
    outer loop
      vertex 6.37848 5.98979 0
      vertex 7.25324 6.81124 0
      vertex 6.74199 5.57746 0
    endloop
  endfacet
  facet normal -0 0 -1
    outer loop
      vertex 7.25324 6.81124 0
      vertex 6.37848 5.98979 0
      vertex 6.81124 7.25324 0
    endloop
  endfacet
  facet normal 0 0 -1
    outer loop
      vertex 5.98979 6.37848 0
      vertex 6.81124 7.25324 0
      vertex 6.37848 5.98979 0
    endloop
  endfacet
  facet normal -0 0 -1
    outer loop
      vertex 6.81124 7.25324 0
      vertex 5.98979 6.37848 0
      vertex 6.34237 7.66661 0
    endloop
  endfacet
  facet normal 0 0 -1
    outer loop
      vertex 5.57746 6.74199 0
      vertex 6.34237 7.66661 0
      vertex 5.98979 6.37848 0
    endloop
  endfacet
  facet normal -0 0 -1
    outer loop
      vertex 6.34237 7.66661 0
      vertex 5.57746 6.74199 0
      vertex 5.84846 8.04972 0
    endloop
  endfacet
  facet normal 0 0 -1
    outer loop
      vertex 5.14312 7.0789 0
      vertex 5.84846 8.04972 0
      vertex 5.57746 6.74199 0
    endloop
  endfacet
  facet normal -0 0 -1
    outer loop
      vertex 5.84846 8.04972 0
      vertex 5.14312 7.0789 0
      vertex 5.33148 8.40106 0
    endloop
  endfacet
  facet normal 0 0 -1
    outer loop
      vertex 4.68848 7.38787 0
      vertex 5.33148 8.40106 0
      vertex 5.14312 7.0789 0
    endloop
  endfacet
  facet normal -0 0 -1
    outer loop
      vertex 5.33148 8.40106 0
      vertex 4.68848 7.38787 0
      vertex 4.79345 8.71925 0
    endloop
  endfacet
  facet normal 0 0 -1
    outer loop
      vertex 4.21534 7.66768 0
      vertex 4.79345 8.71925 0
      vertex 4.68848 7.38787 0
    endloop
  endfacet
  facet normal -0 0 -1
    outer loop
      vertex 4.79345 8.71925 0
      vertex 4.21534 7.66768 0
      vertex 4.2365 9.00303 0
    endloop
  endfacet
  facet normal 0 0 -1
    outer loop
      vertex 3.72557 7.91724 0
      vertex 4.2365 9.00303 0
      vertex 4.21534 7.66768 0
    endloop
  endfacet
  facet normal 0 0 -1
    outer loop
      vertex 3.72557 7.91724 0
      vertex 3.66284 9.25128 0
      vertex 4.2365 9.00303 0
    endloop
  endfacet
  facet normal 0 0 -1
    outer loop
      vertex 3.22109 8.13554 0
      vertex 3.66284 9.25128 0
      vertex 3.72557 7.91724 0
    endloop
  endfacet
  facet normal 0 0 -1
    outer loop
      vertex 3.22109 8.13554 0
      vertex 3.07472 9.46301 0
      vertex 3.66284 9.25128 0
    endloop
  endfacet
  facet normal 0 0 -1
    outer loop
      vertex 2.7039 8.32174 0
      vertex 3.07472 9.46301 0
      vertex 3.22109 8.13554 0
    endloop
  endfacet
  facet normal 0 0 -1
    outer loop
      vertex 2.7039 8.32174 0
      vertex 2.47446 9.6374 0
      vertex 3.07472 9.46301 0
    endloop
  endfacet
  facet normal 0 0 -1
    outer loop
      vertex 2.17604 8.4751 0
      vertex 2.47446 9.6374 0
      vertex 2.7039 8.32174 0
    endloop
  endfacet
  facet normal 0 0 -1
    outer loop
      vertex 2.17604 8.4751 0
      vertex 1.86444 9.77376 0
      vertex 2.47446 9.6374 0
    endloop
  endfacet
  facet normal 0 0 -1
    outer loop
      vertex 1.63959 8.59501 0
      vertex 1.86444 9.77376 0
      vertex 2.17604 8.4751 0
    endloop
  endfacet
  facet normal 0 0 -1
    outer loop
      vertex 1.63959 8.59501 0
      vertex 1.24707 9.87154 0
      vertex 1.86444 9.77376 0
    endloop
  endfacet
  facet normal 0 0 -1
    outer loop
      vertex 1.09667 8.681 0
      vertex 1.24707 9.87154 0
      vertex 1.63959 8.59501 0
    endloop
  endfacet
  facet normal 0 0 -1
    outer loop
      vertex 1.09667 8.681 0
      vertex 0.624765 9.93037 0
      vertex 1.24707 9.87154 0
    endloop
  endfacet
  facet normal 0 0 -1
    outer loop
      vertex 0.549417 8.73273 0
      vertex 0.624765 9.93037 0
      vertex 1.09667 8.681 0
    endloop
  endfacet
  facet normal 0 0 -1
    outer loop
      vertex 0 8.75 0
      vertex 0.624765 9.93037 0
      vertex 0.549417 8.73273 0
    endloop
  endfacet
  facet normal 0 0 -1
    outer loop
      vertex 0 8.75 0
      vertex 0 9.95 0
      vertex 0.624765 9.93037 0
    endloop
  endfacet
  facet normal 0 0 -1
    outer loop
      vertex -0.549417 8.73273 0
      vertex 0 9.95 0
      vertex 0 8.75 0
    endloop
  endfacet
  facet normal 0 0 -1
    outer loop
      vertex -0.549417 8.73273 0
      vertex -0.624765 9.93037 0
      vertex 0 9.95 0
    endloop
  endfacet
  facet normal 0 0 -1
    outer loop
      vertex -1.09667 8.681 0
      vertex -0.624765 9.93037 0
      vertex -0.549417 8.73273 0
    endloop
  endfacet
  facet normal 0 0 -1
    outer loop
      vertex -1.09667 8.681 0
      vertex -1.24707 9.87154 0
      vertex -0.624765 9.93037 0
    endloop
  endfacet
  facet normal 0 0 -1
    outer loop
      vertex -1.63959 8.59501 0
      vertex -1.24707 9.87154 0
      vertex -1.09667 8.681 0
    endloop
  endfacet
  facet normal 0 0 -1
    outer loop
      vertex -1.63959 8.59501 0
      vertex -1.86444 9.77376 0
      vertex -1.24707 9.87154 0
    endloop
  endfacet
  facet normal 0 0 -1
    outer loop
      vertex -2.17604 8.4751 0
      vertex -1.86444 9.77376 0
      vertex -1.63959 8.59501 0
    endloop
  endfacet
  facet normal 0 0 -1
    outer loop
      vertex -2.17604 8.4751 0
      vertex -2.47446 9.6374 0
      vertex -1.86444 9.77376 0
    endloop
  endfacet
  facet normal 0 0 -1
    outer loop
      vertex -2.7039 8.32174 0
      vertex -2.47446 9.6374 0
      vertex -2.17604 8.4751 0
    endloop
  endfacet
  facet normal 0 0 -1
    outer loop
      vertex -2.7039 8.32174 0
      vertex -3.07472 9.46301 0
      vertex -2.47446 9.6374 0
    endloop
  endfacet
  facet normal 0 0 -1
    outer loop
      vertex -3.22109 8.13554 0
      vertex -3.07472 9.46301 0
      vertex -2.7039 8.32174 0
    endloop
  endfacet
  facet normal 0 0 -1
    outer loop
      vertex -3.22109 8.13554 0
      vertex -3.66284 9.25128 0
      vertex -3.07472 9.46301 0
    endloop
  endfacet
  facet normal 0 0 -1
    outer loop
      vertex -3.72557 7.91724 0
      vertex -3.66284 9.25128 0
      vertex -3.22109 8.13554 0
    endloop
  endfacet
  facet normal 0 0 -1
    outer loop
      vertex -4.2365 9.00303 0
      vertex -3.72557 7.91724 0
      vertex -4.21534 7.66768 0
    endloop
  endfacet
  facet normal 0 0 -1
    outer loop
      vertex -3.72557 7.91724 0
      vertex -4.2365 9.00303 0
      vertex -3.66284 9.25128 0
    endloop
  endfacet
  facet normal 0 0 -1
    outer loop
      vertex -4.79345 8.71925 0
      vertex -4.21534 7.66768 0
      vertex -4.68848 7.38787 0
    endloop
  endfacet
  facet normal 0 0 -1
    outer loop
      vertex -4.21534 7.66768 0
      vertex -4.79345 8.71925 0
      vertex -4.2365 9.00303 0
    endloop
  endfacet
  facet normal 0 0 -1
    outer loop
      vertex -5.33148 8.40106 0
      vertex -4.68848 7.38787 0
      vertex -5.14312 7.0789 0
    endloop
  endfacet
  facet normal 0 0 -1
    outer loop
      vertex -4.68848 7.38787 0
      vertex -5.33148 8.40106 0
      vertex -4.79345 8.71925 0
    endloop
  endfacet
  facet normal 0 0 -1
    outer loop
      vertex -5.84846 8.04972 0
      vertex -5.14312 7.0789 0
      vertex -5.57746 6.74199 0
    endloop
  endfacet
  facet normal 0 0 -1
    outer loop
      vertex -5.14312 7.0789 0
      vertex -5.84846 8.04972 0
      vertex -5.33148 8.40106 0
    endloop
  endfacet
  facet normal 0 0 -1
    outer loop
      vertex -6.34237 7.66661 0
      vertex -5.57746 6.74199 0
      vertex -5.98979 6.37848 0
    endloop
  endfacet
  facet normal 0 0 -1
    outer loop
      vertex -5.57746 6.74199 0
      vertex -6.34237 7.66661 0
      vertex -5.84846 8.04972 0
    endloop
  endfacet
  facet normal 0 0 -1
    outer loop
      vertex -6.81124 7.25324 0
      vertex -5.98979 6.37848 0
      vertex -6.37848 5.98979 0
    endloop
  endfacet
  facet normal 0 0 -1
    outer loop
      vertex -7.25324 6.81124 0
      vertex -6.37848 5.98979 0
      vertex -6.74199 5.57746 0
    endloop
  endfacet
  facet normal 0 0 -1
    outer loop
      vertex -5.98979 6.37848 0
      vertex -6.81124 7.25324 0
      vertex -6.34237 7.66661 0
    endloop
  endfacet
  facet normal 0 0 -1
    outer loop
      vertex -7.66661 6.34237 0
      vertex -6.74199 5.57746 0
      vertex -7.0789 5.14312 0
    endloop
  endfacet
  facet normal 0 0 -1
    outer loop
      vertex -6.37848 5.98979 0
      vertex -7.25324 6.81124 0
      vertex -6.81124 7.25324 0
    endloop
  endfacet
  facet normal 0 0 -1
    outer loop
      vertex -8.04972 5.84846 0
      vertex -7.0789 5.14312 0
      vertex -7.38787 4.68848 0
    endloop
  endfacet
  facet normal 0 0 -1
    outer loop
      vertex -6.74199 5.57746 0
      vertex -7.66661 6.34237 0
      vertex -7.25324 6.81124 0
    endloop
  endfacet
  facet normal 0 0 -1
    outer loop
      vertex -8.40106 5.33148 0
      vertex -7.38787 4.68848 0
      vertex -7.66768 4.21534 0
    endloop
  endfacet
  facet normal 0 0 -1
    outer loop
      vertex -8.71925 4.79345 0
      vertex -7.66768 4.21534 0
      vertex -7.91724 3.72557 0
    endloop
  endfacet
  facet normal 0 0 -1
    outer loop
      vertex -7.0789 5.14312 0
      vertex -8.04972 5.84846 0
      vertex -7.66661 6.34237 0
    endloop
  endfacet
  facet normal 0 0 -1
    outer loop
      vertex -9.00303 4.2365 0
      vertex -7.91724 3.72557 0
      vertex -8.13554 3.22109 0
    endloop
  endfacet
  facet normal 0 0 -1
    outer loop
      vertex -9.25128 3.66284 0
      vertex -8.13554 3.22109 0
      vertex -8.32174 2.7039 0
    endloop
  endfacet
  facet normal 0 0 -1
    outer loop
      vertex -7.38787 4.68848 0
      vertex -8.40106 5.33148 0
      vertex -8.04972 5.84846 0
    endloop
  endfacet
  facet normal 0 0 -1
    outer loop
      vertex -9.46301 3.07472 0
      vertex -8.32174 2.7039 0
      vertex -8.4751 2.17604 0
    endloop
  endfacet
  facet normal 0 0 -1
    outer loop
      vertex -9.6374 2.47446 0
      vertex -8.4751 2.17604 0
      vertex -8.59501 1.63959 0
    endloop
  endfacet
  facet normal 0 0 -1
    outer loop
      vertex -9.77376 1.86444 0
      vertex -8.59501 1.63959 0
      vertex -8.681 1.09667 0
    endloop
  endfacet
  facet normal 0 0 -1
    outer loop
      vertex -7.66768 4.21534 0
      vertex -8.71925 4.79345 0
      vertex -8.40106 5.33148 0
    endloop
  endfacet
  facet normal 0 0 -1
    outer loop
      vertex -9.87154 1.24707 0
      vertex -8.681 1.09667 0
      vertex -8.73273 0.549417 0
    endloop
  endfacet
  facet normal 0 0 -1
    outer loop
      vertex -9.93037 0.624765 0
      vertex -8.73273 0.549417 0
      vertex -8.75 0 0
    endloop
  endfacet
  facet normal 0 0 -1
    outer loop
      vertex -9.77376 -1.86444 0
      vertex -8.59501 -1.63959 0
      vertex -9.6374 -2.47446 0
    endloop
  endfacet
  facet normal 0 0 -1
    outer loop
      vertex -7.91724 3.72557 0
      vertex -9.00303 4.2365 0
      vertex -8.71925 4.79345 0
    endloop
  endfacet
  facet normal -0 0 -1
    outer loop
      vertex -8.59501 -1.63959 0
      vertex -9.77376 -1.86444 0
      vertex -8.681 -1.09667 0
    endloop
  endfacet
  facet normal 0 0 -1
    outer loop
      vertex -8.13554 3.22109 0
      vertex -9.25128 3.66284 0
      vertex -9.00303 4.2365 0
    endloop
  endfacet
  facet normal 0 0 -1
    outer loop
      vertex -9.87154 -1.24707 0
      vertex -8.681 -1.09667 0
      vertex -9.77376 -1.86444 0
    endloop
  endfacet
  facet normal 0 0 -1
    outer loop
      vertex -8.32174 2.7039 0
      vertex -9.46301 3.07472 0
      vertex -9.25128 3.66284 0
    endloop
  endfacet
  facet normal -0 0 -1
    outer loop
      vertex -8.681 -1.09667 0
      vertex -9.87154 -1.24707 0
      vertex -8.73273 -0.549417 0
    endloop
  endfacet
  facet normal 0 0 -1
    outer loop
      vertex -8.4751 2.17604 0
      vertex -9.6374 2.47446 0
      vertex -9.46301 3.07472 0
    endloop
  endfacet
  facet normal 0 0 -1
    outer loop
      vertex -9.93037 -0.624765 0
      vertex -8.73273 -0.549417 0
      vertex -9.87154 -1.24707 0
    endloop
  endfacet
  facet normal 0 0 -1
    outer loop
      vertex -8.59501 1.63959 0
      vertex -9.77376 1.86444 0
      vertex -9.6374 2.47446 0
    endloop
  endfacet
  facet normal -0 0 -1
    outer loop
      vertex -8.73273 -0.549417 0
      vertex -9.93037 -0.624765 0
      vertex -8.75 0 0
    endloop
  endfacet
  facet normal 0 0 -1
    outer loop
      vertex -8.681 1.09667 0
      vertex -9.87154 1.24707 0
      vertex -9.77376 1.86444 0
    endloop
  endfacet
  facet normal 0 0 -1
    outer loop
      vertex -9.95 0 0
      vertex -8.75 0 0
      vertex -9.93037 -0.624765 0
    endloop
  endfacet
  facet normal 0 0 -1
    outer loop
      vertex -8.73273 0.549417 0
      vertex -9.93037 0.624765 0
      vertex -9.87154 1.24707 0
    endloop
  endfacet
  facet normal 0 0 -1
    outer loop
      vertex -8.75 0 0
      vertex -9.95 0 0
      vertex -9.93037 0.624765 0
    endloop
  endfacet
  facet normal 0.0314043 0.999507 -0
    outer loop
      vertex 0.624765 9.93037 28
      vertex 0 9.95 30
      vertex 0.624765 9.93037 30
    endloop
  endfacet
  facet normal 0.0314043 0.999507 0
    outer loop
      vertex 0 9.95 30
      vertex 0.624765 9.93037 28
      vertex 0 9.95 28
    endloop
  endfacet
  facet normal 0.0314043 0.999507 -0
    outer loop
      vertex 0.624765 9.93037 0
      vertex 0 9.95 25
      vertex 0.624765 9.93037 25
    endloop
  endfacet
  facet normal 0.0314043 0.999507 0
    outer loop
      vertex 0 9.95 25
      vertex 0.624765 9.93037 0
      vertex 0 9.95 0
    endloop
  endfacet
  facet normal -0.975915 -0.21815 0
    outer loop
      vertex -9.6374 -2.47446 28
      vertex -9.77376 -1.86444 30
      vertex -9.77376 -1.86444 28
    endloop
  endfacet
  facet normal -0.975915 -0.21815 0
    outer loop
      vertex -9.77376 -1.86444 30
      vertex -9.6374 -2.47446 28
      vertex -9.6374 -2.47446 30
    endloop
  endfacet
  facet normal -0.975915 -0.21815 0
    outer loop
      vertex -9.6374 -2.47446 0
      vertex -9.77376 -1.86444 25
      vertex -9.77376 -1.86444 0
    endloop
  endfacet
  facet normal -0.975915 -0.21815 0
    outer loop
      vertex -9.77376 -1.86444 25
      vertex -9.6374 -2.47446 0
      vertex -9.6374 -2.47446 25
    endloop
  endfacet
  facet normal 0.45399 0.891007 -0
    outer loop
      vertex 4.79345 8.71925 0
      vertex 4.2365 9.00303 25
      vertex 4.79345 8.71925 25
    endloop
  endfacet
  facet normal 0.45399 0.891007 0
    outer loop
      vertex 4.2365 9.00303 25
      vertex 4.79345 8.71925 0
      vertex 4.2365 9.00303 0
    endloop
  endfacet
  facet normal 0.45399 0.891007 -0
    outer loop
      vertex 4.79345 8.71925 28
      vertex 4.2365 9.00303 30
      vertex 4.79345 8.71925 30
    endloop
  endfacet
  facet normal 0.45399 0.891007 0
    outer loop
      vertex 4.2365 9.00303 30
      vertex 4.79345 8.71925 28
      vertex 4.2365 9.00303 28
    endloop
  endfacet
  facet normal 0.661317 0.750107 -0
    outer loop
      vertex 6.81124 7.25324 28
      vertex 6.34237 7.66661 30
      vertex 6.81124 7.25324 30
    endloop
  endfacet
  facet normal 0.661317 0.750107 0
    outer loop
      vertex 6.34237 7.66661 30
      vertex 6.81124 7.25324 28
      vertex 6.34237 7.66661 28
    endloop
  endfacet
  facet normal 0.661317 0.750107 -0
    outer loop
      vertex 6.81124 7.25324 0
      vertex 6.34237 7.66661 25
      vertex 6.81124 7.25324 25
    endloop
  endfacet
  facet normal 0.661317 0.750107 0
    outer loop
      vertex 6.34237 7.66661 25
      vertex 6.81124 7.25324 0
      vertex 6.34237 7.66661 0
    endloop
  endfacet
  facet normal -0.707107 -0.707107 0
    outer loop
      vertex -6.81124 -7.25324 28
      vertex -7.25324 -6.81124 30
      vertex -7.25324 -6.81124 28
    endloop
  endfacet
  facet normal -0.707107 -0.707107 0
    outer loop
      vertex -7.25324 -6.81124 30
      vertex -6.81124 -7.25324 28
      vertex -6.81124 -7.25324 30
    endloop
  endfacet
  facet normal -0.707107 -0.707107 0
    outer loop
      vertex -6.81124 -7.25324 0
      vertex -7.25324 -6.81124 25
      vertex -7.25324 -6.81124 0
    endloop
  endfacet
  facet normal -0.707107 -0.707107 0
    outer loop
      vertex -7.25324 -6.81124 25
      vertex -6.81124 -7.25324 0
      vertex -6.81124 -7.25324 25
    endloop
  endfacet
  facet normal 0.995561 -0.094116 0
    outer loop
      vertex 9.87154 -1.24707 30
      vertex 9.93037 -0.624765 28
      vertex 9.93037 -0.624765 30
    endloop
  endfacet
  facet normal 0.995561 -0.094116 0
    outer loop
      vertex 9.93037 -0.624765 28
      vertex 9.87154 -1.24707 30
      vertex 9.87154 -1.24707 28
    endloop
  endfacet
  facet normal 0.995561 -0.094116 0
    outer loop
      vertex 9.87154 -1.24707 25
      vertex 9.93037 -0.624765 7.60987
      vertex 9.93037 -0.624765 25
    endloop
  endfacet
  facet normal 0.99556 -0.0941315 -5.60315e-07
    outer loop
      vertex 9.93037 -0.624765 7.60987
      vertex 9.87154 -1.24707 25
      vertex 9.9044 -0.89943 7.52239
    endloop
  endfacet
  facet normal 0.995561 -0.0941161 -2.50363e-07
    outer loop
      vertex 9.9044 -0.89943 7.52239
      vertex 9.87154 -1.24707 25
      vertex 9.87658 -1.19371 7.40155
    endloop
  endfacet
  facet normal 0.995569 -0.0940342 0
    outer loop
      vertex 9.87658 -1.19371 7.40155
      vertex 9.87154 -1.24707 25
      vertex 9.87154 -1.24707 7.37458
    endloop
  endfacet
  facet normal -0.156432 0.987689 0
    outer loop
      vertex -1.24707 9.87154 0
      vertex -1.86444 9.77376 25
      vertex -1.24707 9.87154 25
    endloop
  endfacet
  facet normal -0.156432 0.987689 0
    outer loop
      vertex -1.86444 9.77376 25
      vertex -1.24707 9.87154 0
      vertex -1.86444 9.77376 0
    endloop
  endfacet
  facet normal -0.156432 0.987689 0
    outer loop
      vertex -1.24707 9.87154 28
      vertex -1.86444 9.77376 30
      vertex -1.24707 9.87154 30
    endloop
  endfacet
  facet normal -0.156432 0.987689 0
    outer loop
      vertex -1.86444 9.77376 30
      vertex -1.24707 9.87154 28
      vertex -1.86444 9.77376 28
    endloop
  endfacet
  facet normal -0.612901 0.79016 0
    outer loop
      vertex -5.84846 8.04972 28
      vertex -6.34237 7.66661 30
      vertex -5.84846 8.04972 30
    endloop
  endfacet
  facet normal -0.612901 0.79016 0
    outer loop
      vertex -6.34237 7.66661 30
      vertex -5.84846 8.04972 28
      vertex -6.34237 7.66661 28
    endloop
  endfacet
  facet normal -0.612901 0.79016 0
    outer loop
      vertex -5.84846 8.04972 0
      vertex -6.34237 7.66661 25
      vertex -5.84846 8.04972 25
    endloop
  endfacet
  facet normal -0.612901 0.79016 0
    outer loop
      vertex -6.34237 7.66661 25
      vertex -5.84846 8.04972 0
      vertex -6.34237 7.66661 0
    endloop
  endfacet
  facet normal 0.278989 -0.960294 0
    outer loop
      vertex 2.47446 -9.6374 0
      vertex 3.07472 -9.46301 25
      vertex 2.47446 -9.6374 25
    endloop
  endfacet
  facet normal 0.278989 -0.960294 0
    outer loop
      vertex 3.07472 -9.46301 25
      vertex 2.47446 -9.6374 0
      vertex 3.07472 -9.46301 0
    endloop
  endfacet
  facet normal 0.278989 -0.960294 0
    outer loop
      vertex 2.47446 -9.6374 28
      vertex 3.07472 -9.46301 30
      vertex 2.47446 -9.6374 30
    endloop
  endfacet
  facet normal 0.278989 -0.960294 0
    outer loop
      vertex 3.07472 -9.46301 30
      vertex 2.47446 -9.6374 28
      vertex 3.07472 -9.46301 28
    endloop
  endfacet
  facet normal -0.987689 -0.156432 0
    outer loop
      vertex -9.77376 -1.86444 0
      vertex -9.87154 -1.24707 25
      vertex -9.87154 -1.24707 0
    endloop
  endfacet
  facet normal -0.987689 -0.156432 0
    outer loop
      vertex -9.87154 -1.24707 25
      vertex -9.77376 -1.86444 0
      vertex -9.77376 -1.86444 25
    endloop
  endfacet
  facet normal -0.987689 -0.156432 0
    outer loop
      vertex -9.77376 -1.86444 28
      vertex -9.87154 -1.24707 30
      vertex -9.87154 -1.24707 28
    endloop
  endfacet
  facet normal -0.987689 -0.156432 0
    outer loop
      vertex -9.87154 -1.24707 30
      vertex -9.77376 -1.86444 28
      vertex -9.77376 -1.86444 30
    endloop
  endfacet
  facet normal -0.940884 0.338729 0
    outer loop
      vertex -9.46301 3.07472 0
      vertex -9.25128 3.66284 25
      vertex -9.25128 3.66284 0
    endloop
  endfacet
  facet normal -0.940884 0.338729 0
    outer loop
      vertex -9.25128 3.66284 25
      vertex -9.46301 3.07472 0
      vertex -9.46301 3.07472 25
    endloop
  endfacet
  facet normal -0.940884 0.338729 0
    outer loop
      vertex -9.46301 3.07472 28
      vertex -9.25128 3.66284 30
      vertex -9.25128 3.66284 28
    endloop
  endfacet
  facet normal -0.940884 0.338729 0
    outer loop
      vertex -9.25128 3.66284 30
      vertex -9.46301 3.07472 28
      vertex -9.46301 3.07472 30
    endloop
  endfacet
  facet normal 0.940884 -0.338729 0
    outer loop
      vertex 9.25128 -3.66284 30
      vertex 9.46301 -3.07472 28
      vertex 9.46301 -3.07472 30
    endloop
  endfacet
  facet normal 0.940884 -0.338729 0
    outer loop
      vertex 9.46301 -3.07472 28
      vertex 9.25128 -3.66284 30
      vertex 9.25128 -3.66284 28
    endloop
  endfacet
  facet normal 0.940884 -0.338729 0
    outer loop
      vertex 9.25128 -3.66284 25
      vertex 9.46301 -3.07472 5.62462
      vertex 9.46301 -3.07472 25
    endloop
  endfacet
  facet normal 0.940887 -0.338721 2.63261e-07
    outer loop
      vertex 9.46301 -3.07472 5.62462
      vertex 9.25128 -3.66284 25
      vertex 9.38701 -3.28583 5.28541
    endloop
  endfacet
  facet normal 0.940873 -0.338761 -5.86041e-07
    outer loop
      vertex 9.38701 -3.28583 5.28541
      vertex 9.25128 -3.66284 25
      vertex 9.31024 -3.49905 4.9071
    endloop
  endfacet
  facet normal 0.940895 -0.338697 0
    outer loop
      vertex 9.31024 -3.49905 4.9071
      vertex 9.25128 -3.66284 25
      vertex 9.25128 -3.66284 4.5854
    endloop
  endfacet
  facet normal 0.860742 -0.509041 0
    outer loop
      vertex 8.40106 -5.33148 30
      vertex 8.71925 -4.79345 28
      vertex 8.71925 -4.79345 30
    endloop
  endfacet
  facet normal 0.860742 -0.509041 0
    outer loop
      vertex 8.71925 -4.79345 28
      vertex 8.40106 -5.33148 30
      vertex 8.40106 -5.33148 28
    endloop
  endfacet
  facet normal 0.860742 -0.509041 0
    outer loop
      vertex 8.40106 -5.33148 25
      vertex 8.71925 -4.79345 0
      vertex 8.71925 -4.79345 25
    endloop
  endfacet
  facet normal 0.860742 -0.509041 0
    outer loop
      vertex 8.71925 -4.79345 0
      vertex 8.40106 -5.33148 25
      vertex 8.40106 -5.33148 0
    endloop
  endfacet
  facet normal 0.509041 -0.860742 0
    outer loop
      vertex 4.79345 -8.71925 0
      vertex 5.33148 -8.40106 25
      vertex 4.79345 -8.71925 25
    endloop
  endfacet
  facet normal 0.509041 -0.860742 0
    outer loop
      vertex 5.33148 -8.40106 25
      vertex 4.79345 -8.71925 0
      vertex 5.33148 -8.40106 0
    endloop
  endfacet
  facet normal 0.509041 -0.860742 0
    outer loop
      vertex 4.79345 -8.71925 28
      vertex 5.33148 -8.40106 30
      vertex 4.79345 -8.71925 30
    endloop
  endfacet
  facet normal 0.509041 -0.860742 0
    outer loop
      vertex 5.33148 -8.40106 30
      vertex 4.79345 -8.71925 28
      vertex 5.33148 -8.40106 28
    endloop
  endfacet
  facet normal 0.094116 -0.995561 0
    outer loop
      vertex 0.624765 -9.93037 28
      vertex 1.24707 -9.87154 30
      vertex 0.624765 -9.93037 30
    endloop
  endfacet
  facet normal 0.094116 -0.995561 0
    outer loop
      vertex 1.24707 -9.87154 30
      vertex 0.624765 -9.93037 28
      vertex 1.24707 -9.87154 28
    endloop
  endfacet
  facet normal 0.094116 -0.995561 0
    outer loop
      vertex 0.624765 -9.93037 0
      vertex 1.24707 -9.87154 25
      vertex 0.624765 -9.93037 25
    endloop
  endfacet
  facet normal 0.094116 -0.995561 0
    outer loop
      vertex 1.24707 -9.87154 25
      vertex 0.624765 -9.93037 0
      vertex 1.24707 -9.87154 0
    endloop
  endfacet
  facet normal -0.960294 0.278989 0
    outer loop
      vertex -9.6374 2.47446 28
      vertex -9.46301 3.07472 30
      vertex -9.46301 3.07472 28
    endloop
  endfacet
  facet normal -0.960294 0.278989 0
    outer loop
      vertex -9.46301 3.07472 30
      vertex -9.6374 2.47446 28
      vertex -9.6374 2.47446 30
    endloop
  endfacet
  facet normal -0.960294 0.278989 0
    outer loop
      vertex -9.6374 2.47446 0
      vertex -9.46301 3.07472 25
      vertex -9.46301 3.07472 0
    endloop
  endfacet
  facet normal -0.960294 0.278989 0
    outer loop
      vertex -9.46301 3.07472 25
      vertex -9.6374 2.47446 0
      vertex -9.6374 2.47446 25
    endloop
  endfacet
  facet normal -0.094116 -0.995561 0
    outer loop
      vertex -1.24707 -9.87154 0
      vertex -0.624765 -9.93037 25
      vertex -1.24707 -9.87154 25
    endloop
  endfacet
  facet normal -0.094116 -0.995561 -0
    outer loop
      vertex -0.624765 -9.93037 25
      vertex -1.24707 -9.87154 0
      vertex -0.624765 -9.93037 0
    endloop
  endfacet
  facet normal -0.094116 -0.995561 0
    outer loop
      vertex -1.24707 -9.87154 28
      vertex -0.624765 -9.93037 30
      vertex -1.24707 -9.87154 30
    endloop
  endfacet
  facet normal -0.094116 -0.995561 -0
    outer loop
      vertex -0.624765 -9.93037 30
      vertex -1.24707 -9.87154 28
      vertex -0.624765 -9.93037 28
    endloop
  endfacet
  facet normal -0.960294 -0.278989 0
    outer loop
      vertex -9.46301 -3.07472 28
      vertex -9.6374 -2.47446 30
      vertex -9.6374 -2.47446 28
    endloop
  endfacet
  facet normal -0.960294 -0.278989 0
    outer loop
      vertex -9.6374 -2.47446 30
      vertex -9.46301 -3.07472 28
      vertex -9.46301 -3.07472 30
    endloop
  endfacet
  facet normal -0.960294 -0.278989 0
    outer loop
      vertex -9.46301 -3.07472 0
      vertex -9.6374 -2.47446 25
      vertex -9.6374 -2.47446 0
    endloop
  endfacet
  facet normal -0.960294 -0.278989 0
    outer loop
      vertex -9.6374 -2.47446 25
      vertex -9.46301 -3.07472 0
      vertex -9.46301 -3.07472 25
    endloop
  endfacet
  facet normal 0.917752 -0.397155 0
    outer loop
      vertex 9.00303 -4.2365 30
      vertex 9.25128 -3.66284 28
      vertex 9.25128 -3.66284 30
    endloop
  endfacet
  facet normal 0.917752 -0.397155 0
    outer loop
      vertex 9.25128 -3.66284 28
      vertex 9.00303 -4.2365 30
      vertex 9.00303 -4.2365 28
    endloop
  endfacet
  facet normal 0.917752 -0.397155 0
    outer loop
      vertex 9.00303 -4.2365 25
      vertex 9.25128 -3.66284 4.5854
      vertex 9.25128 -3.66284 25
    endloop
  endfacet
  facet normal 0.917702 -0.397268 -3.78663e-06
    outer loop
      vertex 9.25128 -3.66284 4.5854
      vertex 9.00303 -4.2365 25
      vertex 9.23586 -3.69846 4.51284
    endloop
  endfacet
  facet normal 0.917753 -0.397153 -1.82737e-07
    outer loop
      vertex 9.23586 -3.69846 4.51284
      vertex 9.00303 -4.2365 25
      vertex 9.15588 -3.88328 4.0959
    endloop
  endfacet
  facet normal 0.917764 -0.397126 3.45808e-07
    outer loop
      vertex 9.15588 -3.88328 4.0959
      vertex 9.00303 -4.2365 25
      vertex 9.08254 -4.05277 3.66985
    endloop
  endfacet
  facet normal 0.917745 -0.397171 -1.09156e-07
    outer loop
      vertex 9.08254 -4.05277 3.66985
      vertex 9.00303 -4.2365 25
      vertex 9.01611 -4.20627 3.23636
    endloop
  endfacet
  facet normal 0.917773 -0.397105 0
    outer loop
      vertex 9.01611 -4.20627 3.23636
      vertex 9.00303 -4.2365 25
      vertex 9.00303 -4.2365 3.13937
    endloop
  endfacet
  facet normal -0.860742 0.509041 0
    outer loop
      vertex -8.71925 4.79345 28
      vertex -8.40106 5.33148 30
      vertex -8.40106 5.33148 28
    endloop
  endfacet
  facet normal -0.860742 0.509041 0
    outer loop
      vertex -8.40106 5.33148 30
      vertex -8.71925 4.79345 28
      vertex -8.71925 4.79345 30
    endloop
  endfacet
  facet normal -0.860742 0.509041 0
    outer loop
      vertex -8.71925 4.79345 0
      vertex -8.40106 5.33148 25
      vertex -8.40106 5.33148 0
    endloop
  endfacet
  facet normal -0.860742 0.509041 0
    outer loop
      vertex -8.40106 5.33148 25
      vertex -8.71925 4.79345 0
      vertex -8.71925 4.79345 25
    endloop
  endfacet
  facet normal -0.707107 0.707107 0
    outer loop
      vertex -7.25324 6.81124 28
      vertex -6.81124 7.25324 30
      vertex -6.81124 7.25324 28
    endloop
  endfacet
  facet normal -0.707107 0.707107 0
    outer loop
      vertex -6.81124 7.25324 30
      vertex -7.25324 6.81124 28
      vertex -7.25324 6.81124 30
    endloop
  endfacet
  facet normal -0.707107 0.707107 0
    outer loop
      vertex -7.25324 6.81124 0
      vertex -6.81124 7.25324 25
      vertex -6.81124 7.25324 0
    endloop
  endfacet
  facet normal -0.707107 0.707107 0
    outer loop
      vertex -6.81124 7.25324 25
      vertex -7.25324 6.81124 0
      vertex -7.25324 6.81124 25
    endloop
  endfacet
  facet normal 0.960294 0.278989 0
    outer loop
      vertex 9.6374 2.47446 30
      vertex 9.46301 3.07472 28
      vertex 9.46301 3.07472 30
    endloop
  endfacet
  facet normal 0.960294 0.278989 0
    outer loop
      vertex 9.46301 3.07472 28
      vertex 9.6374 2.47446 30
      vertex 9.6374 2.47446 28
    endloop
  endfacet
  facet normal 0.960363 0.278753 0
    outer loop
      vertex 9.46301 3.07472 25
      vertex 9.46739 3.05963 5.64781
      vertex 9.46301 3.07472 5.62462
    endloop
  endfacet
  facet normal 0.960284 0.279025 -2.2924e-07
    outer loop
      vertex 9.46301 3.07472 25
      vertex 9.53662 2.82137 5.97841
      vertex 9.46739 3.05963 5.64781
    endloop
  endfacet
  facet normal 0.960301 0.278966 6.22505e-07
    outer loop
      vertex 9.46301 3.07472 25
      vertex 9.60907 2.57197 6.29056
      vertex 9.53662 2.82137 5.97841
    endloop
  endfacet
  facet normal 0.960294 0.278989 -0
    outer loop
      vertex 9.6374 2.47446 6.40044
      vertex 9.46301 3.07472 25
      vertex 9.6374 2.47446 25
    endloop
  endfacet
  facet normal 0.960292 0.278997 -3.04958e-07
    outer loop
      vertex 9.46301 3.07472 25
      vertex 9.6374 2.47446 6.40044
      vertex 9.60907 2.57197 6.29056
    endloop
  endfacet
  facet normal -0.999507 0.0314043 0
    outer loop
      vertex -9.95 0 0
      vertex -9.93037 0.624765 25
      vertex -9.93037 0.624765 0
    endloop
  endfacet
  facet normal -0.999507 0.0314043 0
    outer loop
      vertex -9.93037 0.624765 25
      vertex -9.95 0 0
      vertex -9.95 0 25
    endloop
  endfacet
  facet normal -0.999507 0.0314043 0
    outer loop
      vertex -9.95 0 28
      vertex -9.93037 0.624765 30
      vertex -9.93037 0.624765 28
    endloop
  endfacet
  facet normal -0.999507 0.0314043 0
    outer loop
      vertex -9.93037 0.624765 30
      vertex -9.95 0 28
      vertex -9.95 0 30
    endloop
  endfacet
  facet normal 0.612901 0.79016 -0
    outer loop
      vertex 6.34237 7.66661 28
      vertex 5.84846 8.04972 30
      vertex 6.34237 7.66661 30
    endloop
  endfacet
  facet normal 0.612901 0.79016 0
    outer loop
      vertex 5.84846 8.04972 30
      vertex 6.34237 7.66661 28
      vertex 5.84846 8.04972 28
    endloop
  endfacet
  facet normal 0.612901 0.79016 -0
    outer loop
      vertex 6.34237 7.66661 0
      vertex 5.84846 8.04972 25
      vertex 6.34237 7.66661 25
    endloop
  endfacet
  facet normal 0.612901 0.79016 0
    outer loop
      vertex 5.84846 8.04972 25
      vertex 6.34237 7.66661 0
      vertex 5.84846 8.04972 0
    endloop
  endfacet
  facet normal 0.940884 0.338729 0
    outer loop
      vertex 9.46301 3.07472 30
      vertex 9.25128 3.66284 28
      vertex 9.25128 3.66284 30
    endloop
  endfacet
  facet normal 0.940884 0.338729 0
    outer loop
      vertex 9.25128 3.66284 28
      vertex 9.46301 3.07472 30
      vertex 9.46301 3.07472 28
    endloop
  endfacet
  facet normal 0.940895 0.338697 0
    outer loop
      vertex 9.25128 3.66284 25
      vertex 9.31024 3.49905 4.9071
      vertex 9.25128 3.66284 4.5854
    endloop
  endfacet
  facet normal 0.940873 0.338761 -5.86041e-07
    outer loop
      vertex 9.25128 3.66284 25
      vertex 9.38701 3.28583 5.28541
      vertex 9.31024 3.49905 4.9071
    endloop
  endfacet
  facet normal 0.940884 0.338729 -0
    outer loop
      vertex 9.46301 3.07472 5.62462
      vertex 9.25128 3.66284 25
      vertex 9.46301 3.07472 25
    endloop
  endfacet
  facet normal 0.940887 0.338721 2.63261e-07
    outer loop
      vertex 9.25128 3.66284 25
      vertex 9.46301 3.07472 5.62462
      vertex 9.38701 3.28583 5.28541
    endloop
  endfacet
  facet normal -0.21815 0.975915 0
    outer loop
      vertex -1.86444 9.77376 28
      vertex -2.47446 9.6374 30
      vertex -1.86444 9.77376 30
    endloop
  endfacet
  facet normal -0.21815 0.975915 0
    outer loop
      vertex -2.47446 9.6374 30
      vertex -1.86444 9.77376 28
      vertex -2.47446 9.6374 28
    endloop
  endfacet
  facet normal -0.21815 0.975915 0
    outer loop
      vertex -1.86444 9.77376 0
      vertex -2.47446 9.6374 25
      vertex -1.86444 9.77376 25
    endloop
  endfacet
  facet normal -0.21815 0.975915 0
    outer loop
      vertex -2.47446 9.6374 25
      vertex -1.86444 9.77376 0
      vertex -2.47446 9.6374 0
    endloop
  endfacet
  facet normal 0.707107 0.707107 0
    outer loop
      vertex 7.25324 6.81124 30
      vertex 6.81124 7.25324 28
      vertex 6.81124 7.25324 30
    endloop
  endfacet
  facet normal 0.707107 0.707107 0
    outer loop
      vertex 6.81124 7.25324 28
      vertex 7.25324 6.81124 30
      vertex 7.25324 6.81124 28
    endloop
  endfacet
  facet normal 0.707107 0.707107 0
    outer loop
      vertex 7.25324 6.81124 25
      vertex 6.81124 7.25324 0
      vertex 6.81124 7.25324 25
    endloop
  endfacet
  facet normal 0.707107 0.707107 0
    outer loop
      vertex 6.81124 7.25324 0
      vertex 7.25324 6.81124 25
      vertex 7.25324 6.81124 0
    endloop
  endfacet
  facet normal 0.45399 -0.891007 0
    outer loop
      vertex 4.2365 -9.00303 0
      vertex 4.79345 -8.71925 25
      vertex 4.2365 -9.00303 25
    endloop
  endfacet
  facet normal 0.45399 -0.891007 0
    outer loop
      vertex 4.79345 -8.71925 25
      vertex 4.2365 -9.00303 0
      vertex 4.79345 -8.71925 0
    endloop
  endfacet
  facet normal 0.45399 -0.891007 0
    outer loop
      vertex 4.2365 -9.00303 28
      vertex 4.79345 -8.71925 30
      vertex 4.2365 -9.00303 30
    endloop
  endfacet
  facet normal 0.45399 -0.891007 0
    outer loop
      vertex 4.79345 -8.71925 30
      vertex 4.2365 -9.00303 28
      vertex 4.79345 -8.71925 28
    endloop
  endfacet
  facet normal -0.975915 0.21815 0
    outer loop
      vertex -9.77376 1.86444 28
      vertex -9.6374 2.47446 30
      vertex -9.6374 2.47446 28
    endloop
  endfacet
  facet normal -0.975915 0.21815 0
    outer loop
      vertex -9.6374 2.47446 30
      vertex -9.77376 1.86444 28
      vertex -9.77376 1.86444 30
    endloop
  endfacet
  facet normal -0.975915 0.21815 0
    outer loop
      vertex -9.77376 1.86444 0
      vertex -9.6374 2.47446 25
      vertex -9.6374 2.47446 0
    endloop
  endfacet
  facet normal -0.975915 0.21815 0
    outer loop
      vertex -9.6374 2.47446 25
      vertex -9.77376 1.86444 0
      vertex -9.77376 1.86444 25
    endloop
  endfacet
  facet normal -0.917752 0.397155 0
    outer loop
      vertex -9.25128 3.66284 0
      vertex -9.00303 4.2365 25
      vertex -9.00303 4.2365 0
    endloop
  endfacet
  facet normal -0.917752 0.397155 0
    outer loop
      vertex -9.00303 4.2365 25
      vertex -9.25128 3.66284 0
      vertex -9.25128 3.66284 25
    endloop
  endfacet
  facet normal -0.917752 0.397155 0
    outer loop
      vertex -9.25128 3.66284 28
      vertex -9.00303 4.2365 30
      vertex -9.00303 4.2365 28
    endloop
  endfacet
  facet normal -0.917752 0.397155 0
    outer loop
      vertex -9.00303 4.2365 30
      vertex -9.25128 3.66284 28
      vertex -9.25128 3.66284 30
    endloop
  endfacet
  facet normal 0.562084 -0.82708 0
    outer loop
      vertex 5.33148 -8.40106 0
      vertex 5.84846 -8.04972 25
      vertex 5.33148 -8.40106 25
    endloop
  endfacet
  facet normal 0.562084 -0.82708 0
    outer loop
      vertex 5.84846 -8.04972 25
      vertex 5.33148 -8.40106 0
      vertex 5.84846 -8.04972 0
    endloop
  endfacet
  facet normal 0.562084 -0.82708 0
    outer loop
      vertex 5.33148 -8.40106 28
      vertex 5.84846 -8.04972 30
      vertex 5.33148 -8.40106 30
    endloop
  endfacet
  facet normal 0.562084 -0.82708 0
    outer loop
      vertex 5.84846 -8.04972 30
      vertex 5.33148 -8.40106 28
      vertex 5.84846 -8.04972 28
    endloop
  endfacet
  facet normal -0.79016 -0.612901 0
    outer loop
      vertex -7.66661 -6.34237 0
      vertex -8.04972 -5.84846 25
      vertex -8.04972 -5.84846 0
    endloop
  endfacet
  facet normal -0.79016 -0.612901 0
    outer loop
      vertex -8.04972 -5.84846 25
      vertex -7.66661 -6.34237 0
      vertex -7.66661 -6.34237 25
    endloop
  endfacet
  facet normal -0.79016 -0.612901 0
    outer loop
      vertex -7.66661 -6.34237 28
      vertex -8.04972 -5.84846 30
      vertex -8.04972 -5.84846 28
    endloop
  endfacet
  facet normal -0.79016 -0.612901 0
    outer loop
      vertex -8.04972 -5.84846 30
      vertex -7.66661 -6.34237 28
      vertex -7.66661 -6.34237 30
    endloop
  endfacet
  facet normal -0.999507 -0.0314043 0
    outer loop
      vertex -9.93037 -0.624765 0
      vertex -9.95 0 25
      vertex -9.95 0 0
    endloop
  endfacet
  facet normal -0.999507 -0.0314043 0
    outer loop
      vertex -9.95 0 25
      vertex -9.93037 -0.624765 0
      vertex -9.93037 -0.624765 25
    endloop
  endfacet
  facet normal -0.999507 -0.0314043 0
    outer loop
      vertex -9.93037 -0.624765 28
      vertex -9.95 0 30
      vertex -9.95 0 28
    endloop
  endfacet
  facet normal -0.999507 -0.0314043 0
    outer loop
      vertex -9.95 0 30
      vertex -9.93037 -0.624765 28
      vertex -9.93037 -0.624765 30
    endloop
  endfacet
  facet normal 0.21815 0.975915 -0
    outer loop
      vertex 2.47446 9.6374 0
      vertex 1.86444 9.77376 25
      vertex 2.47446 9.6374 25
    endloop
  endfacet
  facet normal 0.21815 0.975915 0
    outer loop
      vertex 1.86444 9.77376 25
      vertex 2.47446 9.6374 0
      vertex 1.86444 9.77376 0
    endloop
  endfacet
  facet normal 0.21815 0.975915 -0
    outer loop
      vertex 2.47446 9.6374 28
      vertex 1.86444 9.77376 30
      vertex 2.47446 9.6374 30
    endloop
  endfacet
  facet normal 0.21815 0.975915 0
    outer loop
      vertex 1.86444 9.77376 30
      vertex 2.47446 9.6374 28
      vertex 1.86444 9.77376 28
    endloop
  endfacet
  facet normal -0.891007 0.45399 0
    outer loop
      vertex -9.00303 4.2365 28
      vertex -8.71925 4.79345 30
      vertex -8.71925 4.79345 28
    endloop
  endfacet
  facet normal -0.891007 0.45399 0
    outer loop
      vertex -8.71925 4.79345 30
      vertex -9.00303 4.2365 28
      vertex -9.00303 4.2365 30
    endloop
  endfacet
  facet normal -0.891007 0.45399 0
    outer loop
      vertex -9.00303 4.2365 0
      vertex -8.71925 4.79345 25
      vertex -8.71925 4.79345 0
    endloop
  endfacet
  facet normal -0.891007 0.45399 0
    outer loop
      vertex -8.71925 4.79345 25
      vertex -9.00303 4.2365 0
      vertex -9.00303 4.2365 25
    endloop
  endfacet
  facet normal 0.707107 -0.707107 0
    outer loop
      vertex 6.81124 -7.25324 30
      vertex 7.25324 -6.81124 28
      vertex 7.25324 -6.81124 30
    endloop
  endfacet
  facet normal 0.707107 -0.707107 0
    outer loop
      vertex 7.25324 -6.81124 28
      vertex 6.81124 -7.25324 30
      vertex 6.81124 -7.25324 28
    endloop
  endfacet
  facet normal 0.707107 -0.707107 0
    outer loop
      vertex 6.81124 -7.25324 25
      vertex 7.25324 -6.81124 0
      vertex 7.25324 -6.81124 25
    endloop
  endfacet
  facet normal 0.707107 -0.707107 0
    outer loop
      vertex 7.25324 -6.81124 0
      vertex 6.81124 -7.25324 25
      vertex 6.81124 -7.25324 0
    endloop
  endfacet
  facet normal -0.82708 0.562084 0
    outer loop
      vertex -8.40106 5.33148 28
      vertex -8.04972 5.84846 30
      vertex -8.04972 5.84846 28
    endloop
  endfacet
  facet normal -0.82708 0.562084 0
    outer loop
      vertex -8.04972 5.84846 30
      vertex -8.40106 5.33148 28
      vertex -8.40106 5.33148 30
    endloop
  endfacet
  facet normal -0.82708 0.562084 0
    outer loop
      vertex -8.40106 5.33148 0
      vertex -8.04972 5.84846 25
      vertex -8.04972 5.84846 0
    endloop
  endfacet
  facet normal -0.82708 0.562084 0
    outer loop
      vertex -8.04972 5.84846 25
      vertex -8.40106 5.33148 0
      vertex -8.40106 5.33148 25
    endloop
  endfacet
  facet normal -0.0314043 0.999507 0
    outer loop
      vertex 0 9.95 28
      vertex -0.624765 9.93037 30
      vertex 0 9.95 30
    endloop
  endfacet
  facet normal -0.0314043 0.999507 0
    outer loop
      vertex -0.624765 9.93037 30
      vertex 0 9.95 28
      vertex -0.624765 9.93037 28
    endloop
  endfacet
  facet normal -0.0314043 0.999507 0
    outer loop
      vertex 0 9.95 0
      vertex -0.624765 9.93037 25
      vertex 0 9.95 25
    endloop
  endfacet
  facet normal -0.0314043 0.999507 0
    outer loop
      vertex -0.624765 9.93037 25
      vertex 0 9.95 0
      vertex -0.624765 9.93037 0
    endloop
  endfacet
  facet normal 0.612901 -0.79016 0
    outer loop
      vertex 5.84846 -8.04972 0
      vertex 6.34237 -7.66661 25
      vertex 5.84846 -8.04972 25
    endloop
  endfacet
  facet normal 0.612901 -0.79016 0
    outer loop
      vertex 6.34237 -7.66661 25
      vertex 5.84846 -8.04972 0
      vertex 6.34237 -7.66661 0
    endloop
  endfacet
  facet normal 0.612901 -0.79016 0
    outer loop
      vertex 5.84846 -8.04972 28
      vertex 6.34237 -7.66661 30
      vertex 5.84846 -8.04972 30
    endloop
  endfacet
  facet normal 0.612901 -0.79016 0
    outer loop
      vertex 6.34237 -7.66661 30
      vertex 5.84846 -8.04972 28
      vertex 6.34237 -7.66661 28
    endloop
  endfacet
  facet normal -0.612901 -0.79016 0
    outer loop
      vertex -6.34237 -7.66661 28
      vertex -5.84846 -8.04972 30
      vertex -6.34237 -7.66661 30
    endloop
  endfacet
  facet normal -0.612901 -0.79016 -0
    outer loop
      vertex -5.84846 -8.04972 30
      vertex -6.34237 -7.66661 28
      vertex -5.84846 -8.04972 28
    endloop
  endfacet
  facet normal -0.612901 -0.79016 0
    outer loop
      vertex -6.34237 -7.66661 0
      vertex -5.84846 -8.04972 25
      vertex -6.34237 -7.66661 25
    endloop
  endfacet
  facet normal -0.612901 -0.79016 -0
    outer loop
      vertex -5.84846 -8.04972 25
      vertex -6.34237 -7.66661 0
      vertex -5.84846 -8.04972 0
    endloop
  endfacet
  facet normal -0.750107 -0.661317 0
    outer loop
      vertex -7.25324 -6.81124 28
      vertex -7.66661 -6.34237 30
      vertex -7.66661 -6.34237 28
    endloop
  endfacet
  facet normal -0.750107 -0.661317 0
    outer loop
      vertex -7.66661 -6.34237 30
      vertex -7.25324 -6.81124 28
      vertex -7.25324 -6.81124 30
    endloop
  endfacet
  facet normal -0.750107 -0.661317 0
    outer loop
      vertex -7.25324 -6.81124 0
      vertex -7.66661 -6.34237 25
      vertex -7.66661 -6.34237 0
    endloop
  endfacet
  facet normal -0.750107 -0.661317 0
    outer loop
      vertex -7.66661 -6.34237 25
      vertex -7.25324 -6.81124 0
      vertex -7.25324 -6.81124 25
    endloop
  endfacet
  facet normal 0.509041 0.860742 -0
    outer loop
      vertex 5.33148 8.40106 0
      vertex 4.79345 8.71925 25
      vertex 5.33148 8.40106 25
    endloop
  endfacet
  facet normal 0.509041 0.860742 0
    outer loop
      vertex 4.79345 8.71925 25
      vertex 5.33148 8.40106 0
      vertex 4.79345 8.71925 0
    endloop
  endfacet
  facet normal 0.509041 0.860742 -0
    outer loop
      vertex 5.33148 8.40106 28
      vertex 4.79345 8.71925 30
      vertex 5.33148 8.40106 30
    endloop
  endfacet
  facet normal 0.509041 0.860742 0
    outer loop
      vertex 4.79345 8.71925 30
      vertex 5.33148 8.40106 28
      vertex 4.79345 8.71925 28
    endloop
  endfacet
  facet normal -0.509041 0.860742 0
    outer loop
      vertex -4.79345 8.71925 28
      vertex -5.33148 8.40106 30
      vertex -4.79345 8.71925 30
    endloop
  endfacet
  facet normal -0.509041 0.860742 0
    outer loop
      vertex -5.33148 8.40106 30
      vertex -4.79345 8.71925 28
      vertex -5.33148 8.40106 28
    endloop
  endfacet
  facet normal -0.509041 0.860742 0
    outer loop
      vertex -4.79345 8.71925 0
      vertex -5.33148 8.40106 25
      vertex -4.79345 8.71925 25
    endloop
  endfacet
  facet normal -0.509041 0.860742 0
    outer loop
      vertex -5.33148 8.40106 25
      vertex -4.79345 8.71925 0
      vertex -5.33148 8.40106 0
    endloop
  endfacet
  facet normal -0.21815 -0.975915 0
    outer loop
      vertex -2.47446 -9.6374 28
      vertex -1.86444 -9.77376 30
      vertex -2.47446 -9.6374 30
    endloop
  endfacet
  facet normal -0.21815 -0.975915 -0
    outer loop
      vertex -1.86444 -9.77376 30
      vertex -2.47446 -9.6374 28
      vertex -1.86444 -9.77376 28
    endloop
  endfacet
  facet normal -0.21815 -0.975915 0
    outer loop
      vertex -2.47446 -9.6374 0
      vertex -1.86444 -9.77376 25
      vertex -2.47446 -9.6374 25
    endloop
  endfacet
  facet normal -0.21815 -0.975915 -0
    outer loop
      vertex -1.86444 -9.77376 25
      vertex -2.47446 -9.6374 0
      vertex -1.86444 -9.77376 0
    endloop
  endfacet
  facet normal 0.891007 -0.45399 0
    outer loop
      vertex 8.71925 -4.79345 30
      vertex 9.00303 -4.2365 28
      vertex 9.00303 -4.2365 30
    endloop
  endfacet
  facet normal 0.891007 -0.45399 0
    outer loop
      vertex 9.00303 -4.2365 28
      vertex 8.71925 -4.79345 30
      vertex 8.71925 -4.79345 28
    endloop
  endfacet
  facet normal 0.891007 -0.45399 0
    outer loop
      vertex 8.71925 -4.79345 25
      vertex 9.00303 -4.2365 3.13937
      vertex 9.00303 -4.2365 25
    endloop
  endfacet
  facet normal 0.89101 -0.453984 2.04539e-07
    outer loop
      vertex 9.00303 -4.2365 3.13937
      vertex 8.71925 -4.79345 25
      vertex 8.94868 -4.34317 2.78897
    endloop
  endfacet
  facet normal 0.891009 -0.453986 1.40386e-07
    outer loop
      vertex 8.94868 -4.34317 2.78897
      vertex 8.71925 -4.79345 25
      vertex 8.88766 -4.46293 2.33657
    endloop
  endfacet
  facet normal 0.891016 -0.453972 4.109e-07
    outer loop
      vertex 8.88766 -4.46293 2.33657
      vertex 8.71925 -4.79345 25
      vertex 8.83562 -4.56507 1.88329
    endloop
  endfacet
  facet normal 0.890991 -0.45402 -1.925e-07
    outer loop
      vertex 8.83562 -4.56507 1.88329
      vertex 8.71925 -4.79345 25
      vertex 8.79275 -4.6492 1.43091
    endloop
  endfacet
  facet normal 0.890988 -0.454026 -2.37194e-07
    outer loop
      vertex 8.79275 -4.6492 1.43091
      vertex 8.71925 -4.79345 25
      vertex 8.75923 -4.71498 0.981221
    endloop
  endfacet
  facet normal 0.891039 -0.453927 1.69754e-07
    outer loop
      vertex 8.75923 -4.71498 0.981221
      vertex 8.71925 -4.79345 25
      vertex 8.7352 -4.76215 0.535989
    endloop
  endfacet
  facet normal 0.89101 -0.453983 7.92815e-08
    outer loop
      vertex 8.7352 -4.76215 0.535989
      vertex 8.71925 -4.79345 25
      vertex 8.72074 -4.79053 0.0969755
    endloop
  endfacet
  facet normal 0.890737 -0.45452 0
    outer loop
      vertex 8.71925 -4.79345 0
      vertex 8.72074 -4.79053 0.0969755
      vertex 8.71925 -4.79345 25
    endloop
  endfacet
  facet normal 0.892157 -0.451725 -0.000105973
    outer loop
      vertex 8.72074 -4.79053 0.0969755
      vertex 8.71925 -4.79345 0
      vertex 8.71965 -4.79266 0
    endloop
  endfacet
  facet normal 0.975915 -0.21815 0
    outer loop
      vertex 9.6374 -2.47446 30
      vertex 9.77376 -1.86444 28
      vertex 9.77376 -1.86444 30
    endloop
  endfacet
  facet normal 0.975915 -0.21815 0
    outer loop
      vertex 9.77376 -1.86444 28
      vertex 9.6374 -2.47446 30
      vertex 9.6374 -2.47446 28
    endloop
  endfacet
  facet normal 0.975915 -0.21815 0
    outer loop
      vertex 9.6374 -2.47446 25
      vertex 9.77376 -1.86444 6.97565
      vertex 9.77376 -1.86444 25
    endloop
  endfacet
  facet normal 0.975915 -0.218152 -7.44752e-08
    outer loop
      vertex 9.77376 -1.86444 6.97565
      vertex 9.6374 -2.47446 25
      vertex 9.73368 -2.04374 6.82585
    endloop
  endfacet
  facet normal 0.975915 -0.218153 -1.04154e-07
    outer loop
      vertex 9.73368 -2.04374 6.82585
      vertex 9.6374 -2.47446 25
      vertex 9.67362 -2.31242 6.57219
    endloop
  endfacet
  facet normal 0.975917 -0.218142 0
    outer loop
      vertex 9.67362 -2.31242 6.57219
      vertex 9.6374 -2.47446 25
      vertex 9.6374 -2.47446 6.40044
    endloop
  endfacet
  facet normal -0.79016 0.612901 0
    outer loop
      vertex -8.04972 5.84846 0
      vertex -7.66661 6.34237 25
      vertex -7.66661 6.34237 0
    endloop
  endfacet
  facet normal -0.79016 0.612901 0
    outer loop
      vertex -7.66661 6.34237 25
      vertex -8.04972 5.84846 0
      vertex -8.04972 5.84846 25
    endloop
  endfacet
  facet normal -0.79016 0.612901 0
    outer loop
      vertex -8.04972 5.84846 28
      vertex -7.66661 6.34237 30
      vertex -7.66661 6.34237 28
    endloop
  endfacet
  facet normal -0.79016 0.612901 0
    outer loop
      vertex -7.66661 6.34237 30
      vertex -8.04972 5.84846 28
      vertex -8.04972 5.84846 30
    endloop
  endfacet
  facet normal -0.509041 -0.860742 0
    outer loop
      vertex -5.33148 -8.40106 0
      vertex -4.79345 -8.71925 25
      vertex -5.33148 -8.40106 25
    endloop
  endfacet
  facet normal -0.509041 -0.860742 -0
    outer loop
      vertex -4.79345 -8.71925 25
      vertex -5.33148 -8.40106 0
      vertex -4.79345 -8.71925 0
    endloop
  endfacet
  facet normal -0.509041 -0.860742 0
    outer loop
      vertex -5.33148 -8.40106 28
      vertex -4.79345 -8.71925 30
      vertex -5.33148 -8.40106 30
    endloop
  endfacet
  facet normal -0.509041 -0.860742 -0
    outer loop
      vertex -4.79345 -8.71925 30
      vertex -5.33148 -8.40106 28
      vertex -4.79345 -8.71925 28
    endloop
  endfacet
  facet normal -0.278989 -0.960294 0
    outer loop
      vertex -3.07472 -9.46301 28
      vertex -2.47446 -9.6374 30
      vertex -3.07472 -9.46301 30
    endloop
  endfacet
  facet normal -0.278989 -0.960294 -0
    outer loop
      vertex -2.47446 -9.6374 30
      vertex -3.07472 -9.46301 28
      vertex -2.47446 -9.6374 28
    endloop
  endfacet
  facet normal -0.278989 -0.960294 0
    outer loop
      vertex -3.07472 -9.46301 0
      vertex -2.47446 -9.6374 25
      vertex -3.07472 -9.46301 25
    endloop
  endfacet
  facet normal -0.278989 -0.960294 -0
    outer loop
      vertex -2.47446 -9.6374 25
      vertex -3.07472 -9.46301 0
      vertex -2.47446 -9.6374 0
    endloop
  endfacet
  facet normal 0.661317 -0.750107 0
    outer loop
      vertex 6.34237 -7.66661 28
      vertex 6.81124 -7.25324 30
      vertex 6.34237 -7.66661 30
    endloop
  endfacet
  facet normal 0.661317 -0.750107 0
    outer loop
      vertex 6.81124 -7.25324 30
      vertex 6.34237 -7.66661 28
      vertex 6.81124 -7.25324 28
    endloop
  endfacet
  facet normal 0.661317 -0.750107 0
    outer loop
      vertex 6.34237 -7.66661 0
      vertex 6.81124 -7.25324 25
      vertex 6.34237 -7.66661 25
    endloop
  endfacet
  facet normal 0.661317 -0.750107 0
    outer loop
      vertex 6.81124 -7.25324 25
      vertex 6.34237 -7.66661 0
      vertex 6.81124 -7.25324 0
    endloop
  endfacet
  facet normal -0.45399 -0.891007 0
    outer loop
      vertex -4.79345 -8.71925 0
      vertex -4.2365 -9.00303 25
      vertex -4.79345 -8.71925 25
    endloop
  endfacet
  facet normal -0.45399 -0.891007 -0
    outer loop
      vertex -4.2365 -9.00303 25
      vertex -4.79345 -8.71925 0
      vertex -4.2365 -9.00303 0
    endloop
  endfacet
  facet normal -0.45399 -0.891007 0
    outer loop
      vertex -4.79345 -8.71925 28
      vertex -4.2365 -9.00303 30
      vertex -4.79345 -8.71925 30
    endloop
  endfacet
  facet normal -0.45399 -0.891007 -0
    outer loop
      vertex -4.2365 -9.00303 30
      vertex -4.79345 -8.71925 28
      vertex -4.2365 -9.00303 28
    endloop
  endfacet
  facet normal 0.278989 0.960294 -0
    outer loop
      vertex 3.07472 9.46301 28
      vertex 2.47446 9.6374 30
      vertex 3.07472 9.46301 30
    endloop
  endfacet
  facet normal 0.278989 0.960294 0
    outer loop
      vertex 2.47446 9.6374 30
      vertex 3.07472 9.46301 28
      vertex 2.47446 9.6374 28
    endloop
  endfacet
  facet normal 0.278989 0.960294 -0
    outer loop
      vertex 3.07472 9.46301 0
      vertex 2.47446 9.6374 25
      vertex 3.07472 9.46301 25
    endloop
  endfacet
  facet normal 0.278989 0.960294 0
    outer loop
      vertex 2.47446 9.6374 25
      vertex 3.07472 9.46301 0
      vertex 2.47446 9.6374 0
    endloop
  endfacet
  facet normal -0.999506 0.0314178 0
    outer loop
      vertex 8.73273 -0.549417 28
      vertex 8.75 0 28
      vertex 8.75 0 6.48822
    endloop
  endfacet
  facet normal -0.999507 0.0314052 -3.22403e-07
    outer loop
      vertex 8.73273 -0.549417 28
      vertex 8.75 0 6.48822
      vertex 8.74053 -0.301394 6.46536
    endloop
  endfacet
  facet normal -0.999506 0.0314332 0
    outer loop
      vertex 8.73273 -0.549417 28
      vertex 8.74053 -0.301394 6.46536
      vertex 8.73273 -0.549417 6.42441
    endloop
  endfacet
  facet normal -0.999506 0.0314178 0
    outer loop
      vertex 8.75 0 28
      vertex 8.73273 -0.549417 28
      vertex 8.75 0 30
    endloop
  endfacet
  facet normal -0.999506 0.0314178 0
    outer loop
      vertex 8.75 0 30
      vertex 8.73273 -0.549417 28
      vertex 8.73273 -0.549417 30
    endloop
  endfacet
  facet normal -0.995559 -0.094135 0
    outer loop
      vertex 8.69965 0.89943 6.31763
      vertex 8.681 1.09667 28
      vertex 8.681 1.09667 6.23664
    endloop
  endfacet
  facet normal -0.995563 -0.0940974 -3.44667e-07
    outer loop
      vertex 8.7278 0.601599 6.4125
      vertex 8.681 1.09667 28
      vertex 8.69965 0.89943 6.31763
    endloop
  endfacet
  facet normal -0.995567 -0.0940585 -1.24631e-06
    outer loop
      vertex 8.73273 0.549417 6.42441
      vertex 8.681 1.09667 28
      vertex 8.7278 0.601599 6.4125
    endloop
  endfacet
  facet normal -0.995562 -0.0941072 0
    outer loop
      vertex 8.681 1.09667 28
      vertex 8.73273 0.549417 6.42441
      vertex 8.73273 0.549417 28
    endloop
  endfacet
  facet normal -0.995562 -0.0941072 0
    outer loop
      vertex 8.681 1.09667 28
      vertex 8.73273 0.549417 28
      vertex 8.681 1.09667 30
    endloop
  endfacet
  facet normal -0.995562 -0.0941072 0
    outer loop
      vertex 8.681 1.09667 30
      vertex 8.73273 0.549417 28
      vertex 8.73273 0.549417 30
    endloop
  endfacet
  facet normal -0.999506 -0.0314332 0
    outer loop
      vertex 8.74053 0.301394 6.46536
      vertex 8.73273 0.549417 28
      vertex 8.73273 0.549417 6.42441
    endloop
  endfacet
  facet normal -0.999507 -0.0314052 -3.22403e-07
    outer loop
      vertex 8.75 0 6.48822
      vertex 8.73273 0.549417 28
      vertex 8.74053 0.301394 6.46536
    endloop
  endfacet
  facet normal -0.999506 -0.0314178 0
    outer loop
      vertex 8.73273 0.549417 28
      vertex 8.75 0 6.48822
      vertex 8.75 0 28
    endloop
  endfacet
  facet normal -0.999506 -0.0314178 0
    outer loop
      vertex 8.73273 0.549417 28
      vertex 8.75 0 28
      vertex 8.73273 0.549417 30
    endloop
  endfacet
  facet normal -0.999506 -0.0314178 0
    outer loop
      vertex 8.73273 0.549417 30
      vertex 8.75 0 28
      vertex 8.75 0 30
    endloop
  endfacet
  facet normal 0.940881 -0.338738 0
    outer loop
      vertex -8.32174 2.7039 28
      vertex -8.13554 3.22109 28
      vertex -8.13554 3.22109 30
    endloop
  endfacet
  facet normal 0.940881 -0.338738 0
    outer loop
      vertex -8.32174 2.7039 28
      vertex -8.13554 3.22109 30
      vertex -8.32174 2.7039 30
    endloop
  endfacet
  facet normal 0.940881 -0.338738 0
    outer loop
      vertex -8.13554 3.22109 28
      vertex -8.32174 2.7039 28
      vertex -8.13554 3.22109 0
    endloop
  endfacet
  facet normal 0.940881 -0.338738 0
    outer loop
      vertex -8.13554 3.22109 0
      vertex -8.32174 2.7039 28
      vertex -8.32174 2.7039 0
    endloop
  endfacet
  facet normal 0.960292 -0.278995 0
    outer loop
      vertex -8.4751 2.17604 28
      vertex -8.32174 2.7039 28
      vertex -8.32174 2.7039 30
    endloop
  endfacet
  facet normal 0.960292 -0.278995 0
    outer loop
      vertex -8.4751 2.17604 28
      vertex -8.32174 2.7039 30
      vertex -8.4751 2.17604 30
    endloop
  endfacet
  facet normal 0.960292 -0.278995 0
    outer loop
      vertex -8.32174 2.7039 28
      vertex -8.4751 2.17604 28
      vertex -8.32174 2.7039 0
    endloop
  endfacet
  facet normal 0.960292 -0.278995 0
    outer loop
      vertex -8.32174 2.7039 0
      vertex -8.4751 2.17604 28
      vertex -8.4751 2.17604 0
    endloop
  endfacet
  facet normal -0.218142 -0.975917 0
    outer loop
      vertex 1.63959 8.59501 28
      vertex 2.17604 8.4751 30
      vertex 1.63959 8.59501 30
    endloop
  endfacet
  facet normal -0.218142 -0.975917 0
    outer loop
      vertex 1.63959 8.59501 28
      vertex 2.17604 8.4751 28
      vertex 2.17604 8.4751 30
    endloop
  endfacet
  facet normal -0.218142 -0.975917 0
    outer loop
      vertex 1.63959 8.59501 0
      vertex 2.17604 8.4751 28
      vertex 1.63959 8.59501 28
    endloop
  endfacet
  facet normal -0.218142 -0.975917 -0
    outer loop
      vertex 2.17604 8.4751 28
      vertex 1.63959 8.59501 0
      vertex 2.17604 8.4751 0
    endloop
  endfacet
  facet normal 0.338738 -0.940881 0
    outer loop
      vertex -3.22109 8.13554 28
      vertex -2.7039 8.32174 30
      vertex -3.22109 8.13554 30
    endloop
  endfacet
  facet normal 0.338738 -0.940881 0
    outer loop
      vertex -3.22109 8.13554 28
      vertex -2.7039 8.32174 28
      vertex -2.7039 8.32174 30
    endloop
  endfacet
  facet normal 0.338738 -0.940881 0
    outer loop
      vertex -3.22109 8.13554 0
      vertex -2.7039 8.32174 28
      vertex -3.22109 8.13554 28
    endloop
  endfacet
  facet normal 0.338738 -0.940881 0
    outer loop
      vertex -2.7039 8.32174 28
      vertex -3.22109 8.13554 0
      vertex -2.7039 8.32174 0
    endloop
  endfacet
  facet normal 0.960292 0.278995 0
    outer loop
      vertex -8.32174 -2.7039 28
      vertex -8.4751 -2.17604 28
      vertex -8.4751 -2.17604 30
    endloop
  endfacet
  facet normal 0.960292 0.278995 -0
    outer loop
      vertex -8.32174 -2.7039 28
      vertex -8.4751 -2.17604 30
      vertex -8.32174 -2.7039 30
    endloop
  endfacet
  facet normal 0.960292 0.278995 0
    outer loop
      vertex -8.4751 -2.17604 28
      vertex -8.32174 -2.7039 28
      vertex -8.4751 -2.17604 0
    endloop
  endfacet
  facet normal 0.960292 0.278995 0
    outer loop
      vertex -8.4751 -2.17604 0
      vertex -8.32174 -2.7039 28
      vertex -8.32174 -2.7039 0
    endloop
  endfacet
  facet normal -0.156434 0.987688 0
    outer loop
      vertex 1.63959 -8.59501 28
      vertex 1.09667 -8.681 30
      vertex 1.63959 -8.59501 30
    endloop
  endfacet
  facet normal -0.156434 0.987688 0
    outer loop
      vertex 1.63959 -8.59501 28
      vertex 1.09667 -8.681 28
      vertex 1.09667 -8.681 30
    endloop
  endfacet
  facet normal -0.156434 0.987688 0
    outer loop
      vertex 1.63959 -8.59501 0
      vertex 1.09667 -8.681 28
      vertex 1.63959 -8.59501 28
    endloop
  endfacet
  facet normal -0.156434 0.987688 0
    outer loop
      vertex 1.09667 -8.681 28
      vertex 1.63959 -8.59501 0
      vertex 1.09667 -8.681 0
    endloop
  endfacet
  facet normal -0.0314178 -0.999506 0
    outer loop
      vertex 0 8.75 28
      vertex 0.549417 8.73273 30
      vertex 0 8.75 30
    endloop
  endfacet
  facet normal -0.0314178 -0.999506 0
    outer loop
      vertex 0 8.75 28
      vertex 0.549417 8.73273 28
      vertex 0.549417 8.73273 30
    endloop
  endfacet
  facet normal -0.0314178 -0.999506 0
    outer loop
      vertex 0 8.75 0
      vertex 0.549417 8.73273 28
      vertex 0 8.75 28
    endloop
  endfacet
  facet normal -0.0314178 -0.999506 -0
    outer loop
      vertex 0.549417 8.73273 28
      vertex 0 8.75 0
      vertex 0.549417 8.73273 0
    endloop
  endfacet
  facet normal -0.509036 0.860745 0
    outer loop
      vertex 4.68848 -7.38787 28
      vertex 4.21534 -7.66768 30
      vertex 4.68848 -7.38787 30
    endloop
  endfacet
  facet normal -0.509036 0.860745 0
    outer loop
      vertex 4.68848 -7.38787 28
      vertex 4.21534 -7.66768 28
      vertex 4.21534 -7.66768 30
    endloop
  endfacet
  facet normal -0.509036 0.860745 0
    outer loop
      vertex 4.68848 -7.38787 0
      vertex 4.21534 -7.66768 28
      vertex 4.68848 -7.38787 28
    endloop
  endfacet
  facet normal -0.509036 0.860745 0
    outer loop
      vertex 4.21534 -7.66768 28
      vertex 4.68848 -7.38787 0
      vertex 4.21534 -7.66768 0
    endloop
  endfacet
  facet normal -0.960292 0.278995 0
    outer loop
      vertex 8.32174 -2.7039 28
      vertex 8.4751 -2.17604 28
      vertex 8.4751 -2.17604 5.47194
    endloop
  endfacet
  facet normal -0.960297 0.278978 -4.34661e-07
    outer loop
      vertex 8.32174 -2.7039 28
      vertex 8.4751 -2.17604 5.47194
      vertex 8.43548 -2.31242 5.33405
    endloop
  endfacet
  facet normal -0.96029 0.279004 4.64017e-08
    outer loop
      vertex 8.32174 -2.7039 28
      vertex 8.43548 -2.31242 5.33405
      vertex 8.36007 -2.57197 5.04156
    endloop
  endfacet
  facet normal -0.960292 0.278996 0
    outer loop
      vertex 8.32174 -2.7039 28
      vertex 8.36007 -2.57197 5.04156
      vertex 8.32174 -2.7039 4.87643
    endloop
  endfacet
  facet normal -0.960292 0.278995 0
    outer loop
      vertex 8.4751 -2.17604 28
      vertex 8.32174 -2.7039 28
      vertex 8.4751 -2.17604 30
    endloop
  endfacet
  facet normal -0.960292 0.278995 0
    outer loop
      vertex 8.4751 -2.17604 30
      vertex 8.32174 -2.7039 28
      vertex 8.32174 -2.7039 30
    endloop
  endfacet
  facet normal 0.397136 0.91776 -0
    outer loop
      vertex -3.22109 -8.13554 28
      vertex -3.72557 -7.91724 30
      vertex -3.22109 -8.13554 30
    endloop
  endfacet
  facet normal 0.397136 0.91776 0
    outer loop
      vertex -3.22109 -8.13554 28
      vertex -3.72557 -7.91724 28
      vertex -3.72557 -7.91724 30
    endloop
  endfacet
  facet normal 0.397136 0.91776 -0
    outer loop
      vertex -3.22109 -8.13554 0
      vertex -3.72557 -7.91724 28
      vertex -3.22109 -8.13554 28
    endloop
  endfacet
  facet normal 0.397136 0.91776 0
    outer loop
      vertex -3.72557 -7.91724 28
      vertex -3.22109 -8.13554 0
      vertex -3.72557 -7.91724 0
    endloop
  endfacet
  facet normal -0.661304 0.750118 0
    outer loop
      vertex 5.98979 -6.37848 28
      vertex 5.57746 -6.74199 30
      vertex 5.98979 -6.37848 30
    endloop
  endfacet
  facet normal -0.661304 0.750118 0
    outer loop
      vertex 5.98979 -6.37848 28
      vertex 5.57746 -6.74199 28
      vertex 5.57746 -6.74199 30
    endloop
  endfacet
  facet normal -0.661304 0.750118 0
    outer loop
      vertex 5.98979 -6.37848 0
      vertex 5.57746 -6.74199 28
      vertex 5.98979 -6.37848 28
    endloop
  endfacet
  facet normal -0.661304 0.750118 0
    outer loop
      vertex 5.57746 -6.74199 28
      vertex 5.98979 -6.37848 0
      vertex 5.57746 -6.74199 0
    endloop
  endfacet
  facet normal 0.612909 0.790154 -0
    outer loop
      vertex -5.14312 -7.0789 28
      vertex -5.57746 -6.74199 30
      vertex -5.14312 -7.0789 30
    endloop
  endfacet
  facet normal 0.612909 0.790154 0
    outer loop
      vertex -5.14312 -7.0789 28
      vertex -5.57746 -6.74199 28
      vertex -5.57746 -6.74199 30
    endloop
  endfacet
  facet normal 0.612909 0.790154 -0
    outer loop
      vertex -5.14312 -7.0789 0
      vertex -5.57746 -6.74199 28
      vertex -5.14312 -7.0789 28
    endloop
  endfacet
  facet normal 0.612909 0.790154 0
    outer loop
      vertex -5.57746 -6.74199 28
      vertex -5.14312 -7.0789 0
      vertex -5.57746 -6.74199 0
    endloop
  endfacet
  facet normal -0.987688 0.156434 0
    outer loop
      vertex 8.59501 -1.63959 28
      vertex 8.681 -1.09667 28
      vertex 8.681 -1.09667 6.23664
    endloop
  endfacet
  facet normal -0.987688 0.156438 9.74322e-08
    outer loop
      vertex 8.59501 -1.63959 28
      vertex 8.681 -1.09667 6.23664
      vertex 8.66563 -1.19371 6.19059
    endloop
  endfacet
  facet normal -0.98769 0.156423 -2.12817e-07
    outer loop
      vertex 8.59501 -1.63959 28
      vertex 8.66563 -1.19371 6.19059
      vertex 8.61977 -1.48328 6.02576
    endloop
  endfacet
  facet normal -0.987685 0.156453 0
    outer loop
      vertex 8.59501 -1.63959 28
      vertex 8.61977 -1.48328 6.02576
      vertex 8.59501 -1.63959 5.92142
    endloop
  endfacet
  facet normal -0.987688 0.156434 0
    outer loop
      vertex 8.681 -1.09667 28
      vertex 8.59501 -1.63959 28
      vertex 8.681 -1.09667 30
    endloop
  endfacet
  facet normal -0.987688 0.156434 0
    outer loop
      vertex 8.681 -1.09667 30
      vertex 8.59501 -1.63959 28
      vertex 8.59501 -1.63959 30
    endloop
  endfacet
  facet normal -0.56208 -0.827083 0
    outer loop
      vertex 4.68848 7.38787 28
      vertex 5.14312 7.0789 30
      vertex 4.68848 7.38787 30
    endloop
  endfacet
  facet normal -0.56208 -0.827083 0
    outer loop
      vertex 4.68848 7.38787 28
      vertex 5.14312 7.0789 28
      vertex 5.14312 7.0789 30
    endloop
  endfacet
  facet normal -0.56208 -0.827083 0
    outer loop
      vertex 4.68848 7.38787 0
      vertex 5.14312 7.0789 28
      vertex 4.68848 7.38787 28
    endloop
  endfacet
  facet normal -0.56208 -0.827083 -0
    outer loop
      vertex 5.14312 7.0789 28
      vertex 4.68848 7.38787 0
      vertex 5.14312 7.0789 0
    endloop
  endfacet
  facet normal -0.940881 0.338738 0
    outer loop
      vertex 8.13554 -3.22109 28
      vertex 8.32174 -2.7039 28
      vertex 8.32174 -2.7039 4.87643
    endloop
  endfacet
  facet normal -0.940885 0.338726 -3.19248e-07
    outer loop
      vertex 8.13554 -3.22109 28
      vertex 8.32174 -2.7039 4.87643
      vertex 8.27945 -2.82137 4.72124
    endloop
  endfacet
  facet normal -0.940879 0.338742 -2.48246e-09
    outer loop
      vertex 8.13554 -3.22109 28
      vertex 8.27945 -2.82137 4.72124
      vertex 8.19367 -3.05963 4.37409
    endloop
  endfacet
  facet normal -0.940879 0.338742 0
    outer loop
      vertex 8.13554 -3.22109 28
      vertex 8.19367 -3.05963 4.37409
      vertex 8.13554 -3.22109 4.11466
    endloop
  endfacet
  facet normal -0.940881 0.338738 0
    outer loop
      vertex 8.32174 -2.7039 28
      vertex 8.13554 -3.22109 28
      vertex 8.32174 -2.7039 30
    endloop
  endfacet
  facet normal -0.940881 0.338738 0
    outer loop
      vertex 8.32174 -2.7039 30
      vertex 8.13554 -3.22109 28
      vertex 8.13554 -3.22109 30
    endloop
  endfacet
  facet normal 0.91776 -0.397136 0
    outer loop
      vertex -8.13554 3.22109 28
      vertex -7.91724 3.72557 28
      vertex -7.91724 3.72557 30
    endloop
  endfacet
  facet normal 0.91776 -0.397136 0
    outer loop
      vertex -8.13554 3.22109 28
      vertex -7.91724 3.72557 30
      vertex -8.13554 3.22109 30
    endloop
  endfacet
  facet normal 0.91776 -0.397136 0
    outer loop
      vertex -7.91724 3.72557 28
      vertex -8.13554 3.22109 28
      vertex -7.91724 3.72557 0
    endloop
  endfacet
  facet normal 0.91776 -0.397136 0
    outer loop
      vertex -7.91724 3.72557 0
      vertex -8.13554 3.22109 28
      vertex -8.13554 3.22109 0
    endloop
  endfacet
  facet normal -0.397136 -0.91776 0
    outer loop
      vertex 3.22109 8.13554 28
      vertex 3.72557 7.91724 30
      vertex 3.22109 8.13554 30
    endloop
  endfacet
  facet normal -0.397136 -0.91776 0
    outer loop
      vertex 3.22109 8.13554 28
      vertex 3.72557 7.91724 28
      vertex 3.72557 7.91724 30
    endloop
  endfacet
  facet normal -0.397136 -0.91776 0
    outer loop
      vertex 3.22109 8.13554 0
      vertex 3.72557 7.91724 28
      vertex 3.22109 8.13554 28
    endloop
  endfacet
  facet normal -0.397136 -0.91776 -0
    outer loop
      vertex 3.72557 7.91724 28
      vertex 3.22109 8.13554 0
      vertex 3.72557 7.91724 0
    endloop
  endfacet
  facet normal -0.0314178 0.999506 0
    outer loop
      vertex 0.549417 -8.73273 28
      vertex 0 -8.75 30
      vertex 0.549417 -8.73273 30
    endloop
  endfacet
  facet normal -0.0314178 0.999506 0
    outer loop
      vertex 0.549417 -8.73273 28
      vertex 0 -8.75 28
      vertex 0 -8.75 30
    endloop
  endfacet
  facet normal -0.0314178 0.999506 0
    outer loop
      vertex 0.549417 -8.73273 0
      vertex 0 -8.75 28
      vertex 0.549417 -8.73273 28
    endloop
  endfacet
  facet normal -0.0314178 0.999506 0
    outer loop
      vertex 0 -8.75 28
      vertex 0.549417 -8.73273 0
      vertex 0 -8.75 0
    endloop
  endfacet
  facet normal -0.56208 0.827083 0
    outer loop
      vertex 5.14312 -7.0789 28
      vertex 4.68848 -7.38787 30
      vertex 5.14312 -7.0789 30
    endloop
  endfacet
  facet normal -0.56208 0.827083 0
    outer loop
      vertex 5.14312 -7.0789 28
      vertex 4.68848 -7.38787 28
      vertex 4.68848 -7.38787 30
    endloop
  endfacet
  facet normal -0.56208 0.827083 0
    outer loop
      vertex 5.14312 -7.0789 0
      vertex 4.68848 -7.38787 28
      vertex 5.14312 -7.0789 28
    endloop
  endfacet
  facet normal -0.56208 0.827083 0
    outer loop
      vertex 4.68848 -7.38787 28
      vertex 5.14312 -7.0789 0
      vertex 4.68848 -7.38787 0
    endloop
  endfacet
  facet normal 0.278995 -0.960292 0
    outer loop
      vertex -2.7039 8.32174 28
      vertex -2.17604 8.4751 30
      vertex -2.7039 8.32174 30
    endloop
  endfacet
  facet normal 0.278995 -0.960292 0
    outer loop
      vertex -2.7039 8.32174 28
      vertex -2.17604 8.4751 28
      vertex -2.17604 8.4751 30
    endloop
  endfacet
  facet normal 0.278995 -0.960292 0
    outer loop
      vertex -2.7039 8.32174 0
      vertex -2.17604 8.4751 28
      vertex -2.7039 8.32174 28
    endloop
  endfacet
  facet normal 0.278995 -0.960292 0
    outer loop
      vertex -2.17604 8.4751 28
      vertex -2.7039 8.32174 0
      vertex -2.17604 8.4751 0
    endloop
  endfacet
  facet normal -0.218142 0.975917 0
    outer loop
      vertex 2.17604 -8.4751 28
      vertex 1.63959 -8.59501 30
      vertex 2.17604 -8.4751 30
    endloop
  endfacet
  facet normal -0.218142 0.975917 0
    outer loop
      vertex 2.17604 -8.4751 28
      vertex 1.63959 -8.59501 28
      vertex 1.63959 -8.59501 30
    endloop
  endfacet
  facet normal -0.218142 0.975917 0
    outer loop
      vertex 2.17604 -8.4751 0
      vertex 1.63959 -8.59501 28
      vertex 2.17604 -8.4751 28
    endloop
  endfacet
  facet normal -0.218142 0.975917 0
    outer loop
      vertex 1.63959 -8.59501 28
      vertex 2.17604 -8.4751 0
      vertex 1.63959 -8.59501 0
    endloop
  endfacet
  facet normal 0.509036 -0.860745 0
    outer loop
      vertex -4.68848 7.38787 28
      vertex -4.21534 7.66768 30
      vertex -4.68848 7.38787 30
    endloop
  endfacet
  facet normal 0.509036 -0.860745 0
    outer loop
      vertex -4.68848 7.38787 28
      vertex -4.21534 7.66768 28
      vertex -4.21534 7.66768 30
    endloop
  endfacet
  facet normal 0.509036 -0.860745 0
    outer loop
      vertex -4.68848 7.38787 0
      vertex -4.21534 7.66768 28
      vertex -4.68848 7.38787 28
    endloop
  endfacet
  facet normal 0.509036 -0.860745 0
    outer loop
      vertex -4.21534 7.66768 28
      vertex -4.68848 7.38787 0
      vertex -4.21534 7.66768 0
    endloop
  endfacet
  facet normal 0.750118 -0.661304 0
    outer loop
      vertex -6.74199 5.57746 28
      vertex -6.37848 5.98979 28
      vertex -6.37848 5.98979 30
    endloop
  endfacet
  facet normal 0.750118 -0.661304 0
    outer loop
      vertex -6.74199 5.57746 28
      vertex -6.37848 5.98979 30
      vertex -6.74199 5.57746 30
    endloop
  endfacet
  facet normal 0.750118 -0.661304 0
    outer loop
      vertex -6.37848 5.98979 28
      vertex -6.74199 5.57746 28
      vertex -6.37848 5.98979 0
    endloop
  endfacet
  facet normal 0.750118 -0.661304 0
    outer loop
      vertex -6.37848 5.98979 0
      vertex -6.74199 5.57746 28
      vertex -6.74199 5.57746 0
    endloop
  endfacet
  facet normal 0.707107 -0.707107 0
    outer loop
      vertex -6.37848 5.98979 28
      vertex -5.98979 6.37848 28
      vertex -5.98979 6.37848 30
    endloop
  endfacet
  facet normal 0.707107 -0.707107 0
    outer loop
      vertex -6.37848 5.98979 28
      vertex -5.98979 6.37848 30
      vertex -6.37848 5.98979 30
    endloop
  endfacet
  facet normal 0.707107 -0.707107 0
    outer loop
      vertex -5.98979 6.37848 28
      vertex -6.37848 5.98979 28
      vertex -5.98979 6.37848 0
    endloop
  endfacet
  facet normal 0.707107 -0.707107 0
    outer loop
      vertex -5.98979 6.37848 0
      vertex -6.37848 5.98979 28
      vertex -6.37848 5.98979 0
    endloop
  endfacet
  facet normal 0.0941072 0.995562 -0
    outer loop
      vertex -0.549417 -8.73273 28
      vertex -1.09667 -8.681 30
      vertex -0.549417 -8.73273 30
    endloop
  endfacet
  facet normal 0.0941072 0.995562 0
    outer loop
      vertex -0.549417 -8.73273 28
      vertex -1.09667 -8.681 28
      vertex -1.09667 -8.681 30
    endloop
  endfacet
  facet normal 0.0941072 0.995562 -0
    outer loop
      vertex -0.549417 -8.73273 0
      vertex -1.09667 -8.681 28
      vertex -0.549417 -8.73273 28
    endloop
  endfacet
  facet normal 0.0941072 0.995562 0
    outer loop
      vertex -1.09667 -8.681 28
      vertex -0.549417 -8.73273 0
      vertex -1.09667 -8.681 0
    endloop
  endfacet
  facet normal -0.960292 -0.278996 0
    outer loop
      vertex 8.36007 2.57197 5.04156
      vertex 8.32174 2.7039 28
      vertex 8.32174 2.7039 4.87643
    endloop
  endfacet
  facet normal -0.96029 -0.279004 4.64017e-08
    outer loop
      vertex 8.43548 2.31242 5.33405
      vertex 8.32174 2.7039 28
      vertex 8.36007 2.57197 5.04156
    endloop
  endfacet
  facet normal -0.960297 -0.278978 -4.34661e-07
    outer loop
      vertex 8.4751 2.17604 5.47194
      vertex 8.32174 2.7039 28
      vertex 8.43548 2.31242 5.33405
    endloop
  endfacet
  facet normal -0.960292 -0.278995 0
    outer loop
      vertex 8.32174 2.7039 28
      vertex 8.4751 2.17604 5.47194
      vertex 8.4751 2.17604 28
    endloop
  endfacet
  facet normal -0.960292 -0.278995 0
    outer loop
      vertex 8.32174 2.7039 28
      vertex 8.4751 2.17604 28
      vertex 8.32174 2.7039 30
    endloop
  endfacet
  facet normal -0.960292 -0.278995 0
    outer loop
      vertex 8.32174 2.7039 30
      vertex 8.4751 2.17604 28
      vertex 8.4751 2.17604 30
    endloop
  endfacet
  facet normal 0.999506 -0.0314178 0
    outer loop
      vertex -8.75 0 28
      vertex -8.73273 0.549417 28
      vertex -8.73273 0.549417 30
    endloop
  endfacet
  facet normal 0.999506 -0.0314178 0
    outer loop
      vertex -8.75 0 28
      vertex -8.73273 0.549417 30
      vertex -8.75 0 30
    endloop
  endfacet
  facet normal 0.999506 -0.0314178 0
    outer loop
      vertex -8.73273 0.549417 28
      vertex -8.75 0 28
      vertex -8.73273 0.549417 0
    endloop
  endfacet
  facet normal 0.999506 -0.0314178 0
    outer loop
      vertex -8.73273 0.549417 0
      vertex -8.75 0 28
      vertex -8.75 0 0
    endloop
  endfacet
  facet normal -0.827083 -0.56208 0
    outer loop
      vertex 7.38787 4.68848 28
      vertex 7.0789 5.14312 28
      vertex 7.0789 5.14312 0
    endloop
  endfacet
  facet normal -0.827083 -0.56208 -0
    outer loop
      vertex 7.38787 4.68848 28
      vertex 7.0789 5.14312 0
      vertex 7.38787 4.68848 0
    endloop
  endfacet
  facet normal -0.827083 -0.56208 0
    outer loop
      vertex 7.0789 5.14312 28
      vertex 7.38787 4.68848 28
      vertex 7.0789 5.14312 30
    endloop
  endfacet
  facet normal -0.827083 -0.56208 0
    outer loop
      vertex 7.0789 5.14312 30
      vertex 7.38787 4.68848 28
      vertex 7.38787 4.68848 30
    endloop
  endfacet
  facet normal 0.91776 0.397136 0
    outer loop
      vertex -7.91724 -3.72557 28
      vertex -8.13554 -3.22109 28
      vertex -8.13554 -3.22109 30
    endloop
  endfacet
  facet normal 0.91776 0.397136 -0
    outer loop
      vertex -7.91724 -3.72557 28
      vertex -8.13554 -3.22109 30
      vertex -7.91724 -3.72557 30
    endloop
  endfacet
  facet normal 0.91776 0.397136 0
    outer loop
      vertex -8.13554 -3.22109 28
      vertex -7.91724 -3.72557 28
      vertex -8.13554 -3.22109 0
    endloop
  endfacet
  facet normal 0.91776 0.397136 0
    outer loop
      vertex -8.13554 -3.22109 0
      vertex -7.91724 -3.72557 28
      vertex -7.91724 -3.72557 0
    endloop
  endfacet
  facet normal 0.0314178 0.999506 -0
    outer loop
      vertex 0 -8.75 28
      vertex -0.549417 -8.73273 30
      vertex 0 -8.75 30
    endloop
  endfacet
  facet normal 0.0314178 0.999506 0
    outer loop
      vertex 0 -8.75 28
      vertex -0.549417 -8.73273 28
      vertex -0.549417 -8.73273 30
    endloop
  endfacet
  facet normal 0.0314178 0.999506 -0
    outer loop
      vertex 0 -8.75 0
      vertex -0.549417 -8.73273 28
      vertex 0 -8.75 28
    endloop
  endfacet
  facet normal 0.0314178 0.999506 0
    outer loop
      vertex -0.549417 -8.73273 28
      vertex 0 -8.75 0
      vertex -0.549417 -8.73273 0
    endloop
  endfacet
  facet normal 0.156434 -0.987688 0
    outer loop
      vertex -1.63959 8.59501 28
      vertex -1.09667 8.681 30
      vertex -1.63959 8.59501 30
    endloop
  endfacet
  facet normal 0.156434 -0.987688 0
    outer loop
      vertex -1.63959 8.59501 28
      vertex -1.09667 8.681 28
      vertex -1.09667 8.681 30
    endloop
  endfacet
  facet normal 0.156434 -0.987688 0
    outer loop
      vertex -1.63959 8.59501 0
      vertex -1.09667 8.681 28
      vertex -1.63959 8.59501 28
    endloop
  endfacet
  facet normal 0.156434 -0.987688 0
    outer loop
      vertex -1.09667 8.681 28
      vertex -1.63959 8.59501 0
      vertex -1.09667 8.681 0
    endloop
  endfacet
  facet normal -0.860745 0.509036 0
    outer loop
      vertex 7.38787 -4.68848 28
      vertex 7.66768 -4.21534 28
      vertex 7.66768 -4.21534 1.86275
    endloop
  endfacet
  facet normal -0.860766 0.509001 -8.40112e-07
    outer loop
      vertex 7.38787 -4.68848 28
      vertex 7.66768 -4.21534 1.86275
      vertex 7.59209 -4.34317 1.43237
    endloop
  endfacet
  facet normal -0.860729 0.509063 2.37018e-07
    outer loop
      vertex 7.38787 -4.68848 28
      vertex 7.59209 -4.34317 1.43237
      vertex 7.52126 -4.46293 0.970176
    endloop
  endfacet
  facet normal -0.860344 0.509715 -0.000211177
    outer loop
      vertex 7.38787 -4.68848 0
      vertex 7.52126 -4.46293 0.970176
      vertex 7.46086 -4.56507 0.508533
    endloop
  endfacet
  facet normal -0.860751 0.509026 1.44271e-05
    outer loop
      vertex 7.38787 -4.68848 0
      vertex 7.46086 -4.56507 0.508533
      vertex 7.4111 -4.6492 0.0492655
    endloop
  endfacet
  facet normal -0.860735 0.509054 -1.5646e-05
    outer loop
      vertex 7.38787 -4.68848 0
      vertex 7.4111 -4.6492 0.0492655
      vertex 7.40689 -4.65632 0
    endloop
  endfacet
  facet normal -0.860742 0.509042 0
    outer loop
      vertex 7.52126 -4.46293 0.970176
      vertex 7.38787 -4.68848 0
      vertex 7.38787 -4.68848 28
    endloop
  endfacet
  facet normal -0.860745 0.509036 0
    outer loop
      vertex 7.66768 -4.21534 28
      vertex 7.38787 -4.68848 28
      vertex 7.66768 -4.21534 30
    endloop
  endfacet
  facet normal -0.860745 0.509036 0
    outer loop
      vertex 7.66768 -4.21534 30
      vertex 7.38787 -4.68848 28
      vertex 7.38787 -4.68848 30
    endloop
  endfacet
  facet normal 0.278995 0.960292 -0
    outer loop
      vertex -2.17604 -8.4751 28
      vertex -2.7039 -8.32174 30
      vertex -2.17604 -8.4751 30
    endloop
  endfacet
  facet normal 0.278995 0.960292 0
    outer loop
      vertex -2.17604 -8.4751 28
      vertex -2.7039 -8.32174 28
      vertex -2.7039 -8.32174 30
    endloop
  endfacet
  facet normal 0.278995 0.960292 -0
    outer loop
      vertex -2.17604 -8.4751 0
      vertex -2.7039 -8.32174 28
      vertex -2.17604 -8.4751 28
    endloop
  endfacet
  facet normal 0.278995 0.960292 0
    outer loop
      vertex -2.7039 -8.32174 28
      vertex -2.17604 -8.4751 0
      vertex -2.7039 -8.32174 0
    endloop
  endfacet
  facet normal 0.0941072 -0.995562 0
    outer loop
      vertex -1.09667 8.681 28
      vertex -0.549417 8.73273 30
      vertex -1.09667 8.681 30
    endloop
  endfacet
  facet normal 0.0941072 -0.995562 0
    outer loop
      vertex -1.09667 8.681 28
      vertex -0.549417 8.73273 28
      vertex -0.549417 8.73273 30
    endloop
  endfacet
  facet normal 0.0941072 -0.995562 0
    outer loop
      vertex -1.09667 8.681 0
      vertex -0.549417 8.73273 28
      vertex -1.09667 8.681 28
    endloop
  endfacet
  facet normal 0.0941072 -0.995562 0
    outer loop
      vertex -0.549417 8.73273 28
      vertex -1.09667 8.681 0
      vertex -0.549417 8.73273 0
    endloop
  endfacet
  facet normal 0.218142 0.975917 -0
    outer loop
      vertex -1.63959 -8.59501 28
      vertex -2.17604 -8.4751 30
      vertex -1.63959 -8.59501 30
    endloop
  endfacet
  facet normal 0.218142 0.975917 0
    outer loop
      vertex -1.63959 -8.59501 28
      vertex -2.17604 -8.4751 28
      vertex -2.17604 -8.4751 30
    endloop
  endfacet
  facet normal 0.218142 0.975917 -0
    outer loop
      vertex -1.63959 -8.59501 0
      vertex -2.17604 -8.4751 28
      vertex -1.63959 -8.59501 28
    endloop
  endfacet
  facet normal 0.218142 0.975917 0
    outer loop
      vertex -2.17604 -8.4751 28
      vertex -1.63959 -8.59501 0
      vertex -2.17604 -8.4751 0
    endloop
  endfacet
  facet normal -0.827083 0.56208 0
    outer loop
      vertex 7.0789 -5.14312 28
      vertex 7.38787 -4.68848 28
      vertex 7.38787 -4.68848 0
    endloop
  endfacet
  facet normal -0.827083 0.56208 0
    outer loop
      vertex 7.0789 -5.14312 28
      vertex 7.38787 -4.68848 0
      vertex 7.0789 -5.14312 0
    endloop
  endfacet
  facet normal -0.827083 0.56208 0
    outer loop
      vertex 7.38787 -4.68848 28
      vertex 7.0789 -5.14312 28
      vertex 7.38787 -4.68848 30
    endloop
  endfacet
  facet normal -0.827083 0.56208 0
    outer loop
      vertex 7.38787 -4.68848 30
      vertex 7.0789 -5.14312 28
      vertex 7.0789 -5.14312 30
    endloop
  endfacet
  facet normal 0.995562 0.0941072 0
    outer loop
      vertex -8.681 -1.09667 28
      vertex -8.73273 -0.549417 28
      vertex -8.73273 -0.549417 30
    endloop
  endfacet
  facet normal 0.995562 0.0941072 -0
    outer loop
      vertex -8.681 -1.09667 28
      vertex -8.73273 -0.549417 30
      vertex -8.681 -1.09667 30
    endloop
  endfacet
  facet normal 0.995562 0.0941072 0
    outer loop
      vertex -8.73273 -0.549417 28
      vertex -8.681 -1.09667 28
      vertex -8.73273 -0.549417 0
    endloop
  endfacet
  facet normal 0.995562 0.0941072 0
    outer loop
      vertex -8.73273 -0.549417 0
      vertex -8.681 -1.09667 28
      vertex -8.681 -1.09667 0
    endloop
  endfacet
  facet normal -0.975917 0.218142 0
    outer loop
      vertex 8.4751 -2.17604 28
      vertex 8.59501 -1.63959 28
      vertex 8.59501 -1.63959 5.92142
    endloop
  endfacet
  facet normal -0.975916 0.218147 1.23697e-07
    outer loop
      vertex 8.4751 -2.17604 28
      vertex 8.59501 -1.63959 5.92142
      vertex 8.56653 -1.767 5.82806
    endloop
  endfacet
  facet normal -0.975916 0.218147 1.37245e-07
    outer loop
      vertex 8.4751 -2.17604 28
      vertex 8.56653 -1.767 5.82806
      vertex 8.50467 -2.04374 5.59684
    endloop
  endfacet
  facet normal -0.975921 0.218125 0
    outer loop
      vertex 8.4751 -2.17604 28
      vertex 8.50467 -2.04374 5.59684
      vertex 8.4751 -2.17604 5.47194
    endloop
  endfacet
  facet normal -0.975917 0.218142 0
    outer loop
      vertex 8.59501 -1.63959 28
      vertex 8.4751 -2.17604 28
      vertex 8.59501 -1.63959 30
    endloop
  endfacet
  facet normal -0.975917 0.218142 0
    outer loop
      vertex 8.59501 -1.63959 30
      vertex 8.4751 -2.17604 28
      vertex 8.4751 -2.17604 30
    endloop
  endfacet
  facet normal 0.661304 -0.750118 0
    outer loop
      vertex -5.98979 6.37848 28
      vertex -5.57746 6.74199 30
      vertex -5.98979 6.37848 30
    endloop
  endfacet
  facet normal 0.661304 -0.750118 0
    outer loop
      vertex -5.98979 6.37848 28
      vertex -5.57746 6.74199 28
      vertex -5.57746 6.74199 30
    endloop
  endfacet
  facet normal 0.661304 -0.750118 0
    outer loop
      vertex -5.98979 6.37848 0
      vertex -5.57746 6.74199 28
      vertex -5.98979 6.37848 28
    endloop
  endfacet
  facet normal 0.661304 -0.750118 0
    outer loop
      vertex -5.57746 6.74199 28
      vertex -5.98979 6.37848 0
      vertex -5.57746 6.74199 0
    endloop
  endfacet
  facet normal 0.56208 -0.827083 0
    outer loop
      vertex -5.14312 7.0789 28
      vertex -4.68848 7.38787 30
      vertex -5.14312 7.0789 30
    endloop
  endfacet
  facet normal 0.56208 -0.827083 0
    outer loop
      vertex -5.14312 7.0789 28
      vertex -4.68848 7.38787 28
      vertex -4.68848 7.38787 30
    endloop
  endfacet
  facet normal 0.56208 -0.827083 0
    outer loop
      vertex -5.14312 7.0789 0
      vertex -4.68848 7.38787 28
      vertex -5.14312 7.0789 28
    endloop
  endfacet
  facet normal 0.56208 -0.827083 0
    outer loop
      vertex -4.68848 7.38787 28
      vertex -5.14312 7.0789 0
      vertex -4.68848 7.38787 0
    endloop
  endfacet
  facet normal -0.995562 0.0941072 0
    outer loop
      vertex 8.681 -1.09667 28
      vertex 8.73273 -0.549417 28
      vertex 8.73273 -0.549417 6.42441
    endloop
  endfacet
  facet normal -0.995567 0.0940585 -1.24631e-06
    outer loop
      vertex 8.681 -1.09667 28
      vertex 8.73273 -0.549417 6.42441
      vertex 8.7278 -0.601599 6.4125
    endloop
  endfacet
  facet normal -0.995563 0.0940974 -3.44667e-07
    outer loop
      vertex 8.681 -1.09667 28
      vertex 8.7278 -0.601599 6.4125
      vertex 8.69965 -0.89943 6.31763
    endloop
  endfacet
  facet normal -0.995559 0.094135 0
    outer loop
      vertex 8.681 -1.09667 28
      vertex 8.69965 -0.89943 6.31763
      vertex 8.681 -1.09667 6.23664
    endloop
  endfacet
  facet normal -0.995562 0.0941072 0
    outer loop
      vertex 8.73273 -0.549417 28
      vertex 8.681 -1.09667 28
      vertex 8.73273 -0.549417 30
    endloop
  endfacet
  facet normal -0.995562 0.0941072 0
    outer loop
      vertex 8.73273 -0.549417 30
      vertex 8.681 -1.09667 28
      vertex 8.681 -1.09667 30
    endloop
  endfacet
  facet normal -0.707107 0.707107 0
    outer loop
      vertex 5.98979 -6.37848 28
      vertex 6.37848 -5.98979 28
      vertex 6.37848 -5.98979 0
    endloop
  endfacet
  facet normal -0.707107 0.707107 0
    outer loop
      vertex 5.98979 -6.37848 28
      vertex 6.37848 -5.98979 0
      vertex 5.98979 -6.37848 0
    endloop
  endfacet
  facet normal -0.707107 0.707107 0
    outer loop
      vertex 6.37848 -5.98979 28
      vertex 5.98979 -6.37848 28
      vertex 6.37848 -5.98979 30
    endloop
  endfacet
  facet normal -0.707107 0.707107 0
    outer loop
      vertex 6.37848 -5.98979 30
      vertex 5.98979 -6.37848 28
      vertex 5.98979 -6.37848 30
    endloop
  endfacet
  facet normal 0.397136 -0.91776 0
    outer loop
      vertex -3.72557 7.91724 28
      vertex -3.22109 8.13554 30
      vertex -3.72557 7.91724 30
    endloop
  endfacet
  facet normal 0.397136 -0.91776 0
    outer loop
      vertex -3.72557 7.91724 28
      vertex -3.22109 8.13554 28
      vertex -3.22109 8.13554 30
    endloop
  endfacet
  facet normal 0.397136 -0.91776 0
    outer loop
      vertex -3.72557 7.91724 0
      vertex -3.22109 8.13554 28
      vertex -3.72557 7.91724 28
    endloop
  endfacet
  facet normal 0.397136 -0.91776 0
    outer loop
      vertex -3.22109 8.13554 28
      vertex -3.72557 7.91724 0
      vertex -3.22109 8.13554 0
    endloop
  endfacet
  facet normal -0.338738 -0.940881 0
    outer loop
      vertex 2.7039 8.32174 28
      vertex 3.22109 8.13554 30
      vertex 2.7039 8.32174 30
    endloop
  endfacet
  facet normal -0.338738 -0.940881 0
    outer loop
      vertex 2.7039 8.32174 28
      vertex 3.22109 8.13554 28
      vertex 3.22109 8.13554 30
    endloop
  endfacet
  facet normal -0.338738 -0.940881 0
    outer loop
      vertex 2.7039 8.32174 0
      vertex 3.22109 8.13554 28
      vertex 2.7039 8.32174 28
    endloop
  endfacet
  facet normal -0.338738 -0.940881 -0
    outer loop
      vertex 3.22109 8.13554 28
      vertex 2.7039 8.32174 0
      vertex 3.22109 8.13554 0
    endloop
  endfacet
  facet normal -0.917774 -0.397104 0
    outer loop
      vertex 7.92897 3.69846 3.20594
      vertex 7.91724 3.72557 28
      vertex 7.91724 3.72557 3.1448
    endloop
  endfacet
  facet normal -0.917759 -0.397138 4.49323e-08
    outer loop
      vertex 8.01526 3.49905 3.61212
      vertex 7.91724 3.72557 28
      vertex 7.92897 3.69846 3.20594
    endloop
  endfacet
  facet normal -0.917752 -0.397153 2.04053e-07
    outer loop
      vertex 8.10753 3.28583 4.00593
      vertex 7.91724 3.72557 28
      vertex 8.01526 3.49905 3.61212
    endloop
  endfacet
  facet normal -0.917782 -0.397084 -1.2938e-06
    outer loop
      vertex 8.13554 3.22109 4.11466
      vertex 7.91724 3.72557 28
      vertex 8.10753 3.28583 4.00593
    endloop
  endfacet
  facet normal -0.91776 -0.397136 0
    outer loop
      vertex 7.91724 3.72557 28
      vertex 8.13554 3.22109 4.11466
      vertex 8.13554 3.22109 28
    endloop
  endfacet
  facet normal -0.91776 -0.397136 0
    outer loop
      vertex 7.91724 3.72557 28
      vertex 8.13554 3.22109 28
      vertex 7.91724 3.72557 30
    endloop
  endfacet
  facet normal -0.91776 -0.397136 0
    outer loop
      vertex 7.91724 3.72557 30
      vertex 8.13554 3.22109 28
      vertex 8.13554 3.22109 30
    endloop
  endfacet
  facet normal 0.987688 0.156434 0
    outer loop
      vertex -8.59501 -1.63959 28
      vertex -8.681 -1.09667 28
      vertex -8.681 -1.09667 30
    endloop
  endfacet
  facet normal 0.987688 0.156434 -0
    outer loop
      vertex -8.59501 -1.63959 28
      vertex -8.681 -1.09667 30
      vertex -8.59501 -1.63959 30
    endloop
  endfacet
  facet normal 0.987688 0.156434 0
    outer loop
      vertex -8.681 -1.09667 28
      vertex -8.59501 -1.63959 28
      vertex -8.681 -1.09667 0
    endloop
  endfacet
  facet normal 0.987688 0.156434 0
    outer loop
      vertex -8.681 -1.09667 0
      vertex -8.59501 -1.63959 28
      vertex -8.59501 -1.63959 0
    endloop
  endfacet
  facet normal 0.860745 -0.509036 0
    outer loop
      vertex -7.66768 4.21534 28
      vertex -7.38787 4.68848 28
      vertex -7.38787 4.68848 30
    endloop
  endfacet
  facet normal 0.860745 -0.509036 0
    outer loop
      vertex -7.66768 4.21534 28
      vertex -7.38787 4.68848 30
      vertex -7.66768 4.21534 30
    endloop
  endfacet
  facet normal 0.860745 -0.509036 0
    outer loop
      vertex -7.38787 4.68848 28
      vertex -7.66768 4.21534 28
      vertex -7.38787 4.68848 0
    endloop
  endfacet
  facet normal 0.860745 -0.509036 0
    outer loop
      vertex -7.38787 4.68848 0
      vertex -7.66768 4.21534 28
      vertex -7.66768 4.21534 0
    endloop
  endfacet
  facet normal -0.750118 0.661304 0
    outer loop
      vertex 6.37848 -5.98979 28
      vertex 6.74199 -5.57746 28
      vertex 6.74199 -5.57746 0
    endloop
  endfacet
  facet normal -0.750118 0.661304 0
    outer loop
      vertex 6.37848 -5.98979 28
      vertex 6.74199 -5.57746 0
      vertex 6.37848 -5.98979 0
    endloop
  endfacet
  facet normal -0.750118 0.661304 0
    outer loop
      vertex 6.74199 -5.57746 28
      vertex 6.37848 -5.98979 28
      vertex 6.74199 -5.57746 30
    endloop
  endfacet
  facet normal -0.750118 0.661304 0
    outer loop
      vertex 6.74199 -5.57746 30
      vertex 6.37848 -5.98979 28
      vertex 6.37848 -5.98979 30
    endloop
  endfacet
  facet normal -0.790154 -0.612909 0
    outer loop
      vertex 7.0789 5.14312 28
      vertex 6.74199 5.57746 28
      vertex 6.74199 5.57746 0
    endloop
  endfacet
  facet normal -0.790154 -0.612909 -0
    outer loop
      vertex 7.0789 5.14312 28
      vertex 6.74199 5.57746 0
      vertex 7.0789 5.14312 0
    endloop
  endfacet
  facet normal -0.790154 -0.612909 0
    outer loop
      vertex 6.74199 5.57746 28
      vertex 7.0789 5.14312 28
      vertex 6.74199 5.57746 30
    endloop
  endfacet
  facet normal -0.790154 -0.612909 0
    outer loop
      vertex 6.74199 5.57746 30
      vertex 7.0789 5.14312 28
      vertex 7.0789 5.14312 30
    endloop
  endfacet
  facet normal -0.278995 0.960292 0
    outer loop
      vertex 2.7039 -8.32174 28
      vertex 2.17604 -8.4751 30
      vertex 2.7039 -8.32174 30
    endloop
  endfacet
  facet normal -0.278995 0.960292 0
    outer loop
      vertex 2.7039 -8.32174 28
      vertex 2.17604 -8.4751 28
      vertex 2.17604 -8.4751 30
    endloop
  endfacet
  facet normal -0.278995 0.960292 0
    outer loop
      vertex 2.7039 -8.32174 0
      vertex 2.17604 -8.4751 28
      vertex 2.7039 -8.32174 28
    endloop
  endfacet
  facet normal -0.278995 0.960292 0
    outer loop
      vertex 2.17604 -8.4751 28
      vertex 2.7039 -8.32174 0
      vertex 2.17604 -8.4751 0
    endloop
  endfacet
  facet normal -0.0941072 -0.995562 0
    outer loop
      vertex 0.549417 8.73273 28
      vertex 1.09667 8.681 30
      vertex 0.549417 8.73273 30
    endloop
  endfacet
  facet normal -0.0941072 -0.995562 0
    outer loop
      vertex 0.549417 8.73273 28
      vertex 1.09667 8.681 28
      vertex 1.09667 8.681 30
    endloop
  endfacet
  facet normal -0.0941072 -0.995562 0
    outer loop
      vertex 0.549417 8.73273 0
      vertex 1.09667 8.681 28
      vertex 0.549417 8.73273 28
    endloop
  endfacet
  facet normal -0.0941072 -0.995562 -0
    outer loop
      vertex 1.09667 8.681 28
      vertex 0.549417 8.73273 0
      vertex 1.09667 8.681 0
    endloop
  endfacet
  facet normal -0.454005 -0.890999 0
    outer loop
      vertex 3.72557 7.91724 28
      vertex 4.21534 7.66768 30
      vertex 3.72557 7.91724 30
    endloop
  endfacet
  facet normal -0.454005 -0.890999 0
    outer loop
      vertex 3.72557 7.91724 28
      vertex 4.21534 7.66768 28
      vertex 4.21534 7.66768 30
    endloop
  endfacet
  facet normal -0.454005 -0.890999 0
    outer loop
      vertex 3.72557 7.91724 0
      vertex 4.21534 7.66768 28
      vertex 3.72557 7.91724 28
    endloop
  endfacet
  facet normal -0.454005 -0.890999 -0
    outer loop
      vertex 4.21534 7.66768 28
      vertex 3.72557 7.91724 0
      vertex 4.21534 7.66768 0
    endloop
  endfacet
  facet normal -0.397136 0.91776 0
    outer loop
      vertex 3.72557 -7.91724 28
      vertex 3.22109 -8.13554 30
      vertex 3.72557 -7.91724 30
    endloop
  endfacet
  facet normal -0.397136 0.91776 0
    outer loop
      vertex 3.72557 -7.91724 28
      vertex 3.22109 -8.13554 28
      vertex 3.22109 -8.13554 30
    endloop
  endfacet
  facet normal -0.397136 0.91776 0
    outer loop
      vertex 3.72557 -7.91724 0
      vertex 3.22109 -8.13554 28
      vertex 3.72557 -7.91724 28
    endloop
  endfacet
  facet normal -0.397136 0.91776 0
    outer loop
      vertex 3.22109 -8.13554 28
      vertex 3.72557 -7.91724 0
      vertex 3.22109 -8.13554 0
    endloop
  endfacet
  facet normal -0.338738 0.940881 0
    outer loop
      vertex 3.22109 -8.13554 28
      vertex 2.7039 -8.32174 30
      vertex 3.22109 -8.13554 30
    endloop
  endfacet
  facet normal -0.338738 0.940881 0
    outer loop
      vertex 3.22109 -8.13554 28
      vertex 2.7039 -8.32174 28
      vertex 2.7039 -8.32174 30
    endloop
  endfacet
  facet normal -0.338738 0.940881 0
    outer loop
      vertex 3.22109 -8.13554 0
      vertex 2.7039 -8.32174 28
      vertex 3.22109 -8.13554 28
    endloop
  endfacet
  facet normal -0.338738 0.940881 0
    outer loop
      vertex 2.7039 -8.32174 28
      vertex 3.22109 -8.13554 0
      vertex 2.7039 -8.32174 0
    endloop
  endfacet
  facet normal -0.0941072 0.995562 0
    outer loop
      vertex 1.09667 -8.681 28
      vertex 0.549417 -8.73273 30
      vertex 1.09667 -8.681 30
    endloop
  endfacet
  facet normal -0.0941072 0.995562 0
    outer loop
      vertex 1.09667 -8.681 28
      vertex 0.549417 -8.73273 28
      vertex 0.549417 -8.73273 30
    endloop
  endfacet
  facet normal -0.0941072 0.995562 0
    outer loop
      vertex 1.09667 -8.681 0
      vertex 0.549417 -8.73273 28
      vertex 1.09667 -8.681 28
    endloop
  endfacet
  facet normal -0.0941072 0.995562 0
    outer loop
      vertex 0.549417 -8.73273 28
      vertex 1.09667 -8.681 0
      vertex 0.549417 -8.73273 0
    endloop
  endfacet
  facet normal 0.218142 -0.975917 0
    outer loop
      vertex -2.17604 8.4751 28
      vertex -1.63959 8.59501 30
      vertex -2.17604 8.4751 30
    endloop
  endfacet
  facet normal 0.218142 -0.975917 0
    outer loop
      vertex -2.17604 8.4751 28
      vertex -1.63959 8.59501 28
      vertex -1.63959 8.59501 30
    endloop
  endfacet
  facet normal 0.218142 -0.975917 0
    outer loop
      vertex -2.17604 8.4751 0
      vertex -1.63959 8.59501 28
      vertex -2.17604 8.4751 28
    endloop
  endfacet
  facet normal 0.218142 -0.975917 0
    outer loop
      vertex -1.63959 8.59501 28
      vertex -2.17604 8.4751 0
      vertex -1.63959 8.59501 0
    endloop
  endfacet
  facet normal -0.661304 -0.750118 0
    outer loop
      vertex 5.57746 6.74199 28
      vertex 5.98979 6.37848 30
      vertex 5.57746 6.74199 30
    endloop
  endfacet
  facet normal -0.661304 -0.750118 0
    outer loop
      vertex 5.57746 6.74199 28
      vertex 5.98979 6.37848 28
      vertex 5.98979 6.37848 30
    endloop
  endfacet
  facet normal -0.661304 -0.750118 0
    outer loop
      vertex 5.57746 6.74199 0
      vertex 5.98979 6.37848 28
      vertex 5.57746 6.74199 28
    endloop
  endfacet
  facet normal -0.661304 -0.750118 -0
    outer loop
      vertex 5.98979 6.37848 28
      vertex 5.57746 6.74199 0
      vertex 5.98979 6.37848 0
    endloop
  endfacet
  facet normal 0.975917 0.218142 0
    outer loop
      vertex -8.4751 -2.17604 28
      vertex -8.59501 -1.63959 28
      vertex -8.59501 -1.63959 30
    endloop
  endfacet
  facet normal 0.975917 0.218142 -0
    outer loop
      vertex -8.4751 -2.17604 28
      vertex -8.59501 -1.63959 30
      vertex -8.4751 -2.17604 30
    endloop
  endfacet
  facet normal 0.975917 0.218142 0
    outer loop
      vertex -8.59501 -1.63959 28
      vertex -8.4751 -2.17604 28
      vertex -8.59501 -1.63959 0
    endloop
  endfacet
  facet normal 0.975917 0.218142 0
    outer loop
      vertex -8.59501 -1.63959 0
      vertex -8.4751 -2.17604 28
      vertex -8.4751 -2.17604 0
    endloop
  endfacet
  facet normal 0.827083 0.56208 0
    outer loop
      vertex -7.0789 -5.14312 28
      vertex -7.38787 -4.68848 28
      vertex -7.38787 -4.68848 30
    endloop
  endfacet
  facet normal 0.827083 0.56208 -0
    outer loop
      vertex -7.0789 -5.14312 28
      vertex -7.38787 -4.68848 30
      vertex -7.0789 -5.14312 30
    endloop
  endfacet
  facet normal 0.827083 0.56208 0
    outer loop
      vertex -7.38787 -4.68848 28
      vertex -7.0789 -5.14312 28
      vertex -7.38787 -4.68848 0
    endloop
  endfacet
  facet normal 0.827083 0.56208 0
    outer loop
      vertex -7.38787 -4.68848 0
      vertex -7.0789 -5.14312 28
      vertex -7.0789 -5.14312 0
    endloop
  endfacet
  facet normal 0.156434 0.987688 -0
    outer loop
      vertex -1.09667 -8.681 28
      vertex -1.63959 -8.59501 30
      vertex -1.09667 -8.681 30
    endloop
  endfacet
  facet normal 0.156434 0.987688 0
    outer loop
      vertex -1.09667 -8.681 28
      vertex -1.63959 -8.59501 28
      vertex -1.63959 -8.59501 30
    endloop
  endfacet
  facet normal 0.156434 0.987688 -0
    outer loop
      vertex -1.09667 -8.681 0
      vertex -1.63959 -8.59501 28
      vertex -1.09667 -8.681 28
    endloop
  endfacet
  facet normal 0.156434 0.987688 0
    outer loop
      vertex -1.63959 -8.59501 28
      vertex -1.09667 -8.681 0
      vertex -1.63959 -8.59501 0
    endloop
  endfacet
  facet normal 0.509036 0.860745 -0
    outer loop
      vertex -4.21534 -7.66768 28
      vertex -4.68848 -7.38787 30
      vertex -4.21534 -7.66768 30
    endloop
  endfacet
  facet normal 0.509036 0.860745 0
    outer loop
      vertex -4.21534 -7.66768 28
      vertex -4.68848 -7.38787 28
      vertex -4.68848 -7.38787 30
    endloop
  endfacet
  facet normal 0.509036 0.860745 -0
    outer loop
      vertex -4.21534 -7.66768 0
      vertex -4.68848 -7.38787 28
      vertex -4.21534 -7.66768 28
    endloop
  endfacet
  facet normal 0.509036 0.860745 0
    outer loop
      vertex -4.68848 -7.38787 28
      vertex -4.21534 -7.66768 0
      vertex -4.68848 -7.38787 0
    endloop
  endfacet
  facet normal 0.790154 0.612909 0
    outer loop
      vertex -6.74199 -5.57746 28
      vertex -7.0789 -5.14312 28
      vertex -7.0789 -5.14312 30
    endloop
  endfacet
  facet normal 0.790154 0.612909 -0
    outer loop
      vertex -6.74199 -5.57746 28
      vertex -7.0789 -5.14312 30
      vertex -6.74199 -5.57746 30
    endloop
  endfacet
  facet normal 0.790154 0.612909 0
    outer loop
      vertex -7.0789 -5.14312 28
      vertex -6.74199 -5.57746 28
      vertex -7.0789 -5.14312 0
    endloop
  endfacet
  facet normal 0.790154 0.612909 0
    outer loop
      vertex -7.0789 -5.14312 0
      vertex -6.74199 -5.57746 28
      vertex -6.74199 -5.57746 0
    endloop
  endfacet
  facet normal 0.612909 -0.790154 0
    outer loop
      vertex -5.57746 6.74199 28
      vertex -5.14312 7.0789 30
      vertex -5.57746 6.74199 30
    endloop
  endfacet
  facet normal 0.612909 -0.790154 0
    outer loop
      vertex -5.57746 6.74199 28
      vertex -5.14312 7.0789 28
      vertex -5.14312 7.0789 30
    endloop
  endfacet
  facet normal 0.612909 -0.790154 0
    outer loop
      vertex -5.57746 6.74199 0
      vertex -5.14312 7.0789 28
      vertex -5.57746 6.74199 28
    endloop
  endfacet
  facet normal 0.612909 -0.790154 0
    outer loop
      vertex -5.14312 7.0789 28
      vertex -5.57746 6.74199 0
      vertex -5.14312 7.0789 0
    endloop
  endfacet
  facet normal -0.156434 -0.987688 0
    outer loop
      vertex 1.09667 8.681 28
      vertex 1.63959 8.59501 30
      vertex 1.09667 8.681 30
    endloop
  endfacet
  facet normal -0.156434 -0.987688 0
    outer loop
      vertex 1.09667 8.681 28
      vertex 1.63959 8.59501 28
      vertex 1.63959 8.59501 30
    endloop
  endfacet
  facet normal -0.156434 -0.987688 0
    outer loop
      vertex 1.09667 8.681 0
      vertex 1.63959 8.59501 28
      vertex 1.09667 8.681 28
    endloop
  endfacet
  facet normal -0.156434 -0.987688 -0
    outer loop
      vertex 1.63959 8.59501 28
      vertex 1.09667 8.681 0
      vertex 1.63959 8.59501 0
    endloop
  endfacet
  facet normal 0.454005 -0.890999 0
    outer loop
      vertex -4.21534 7.66768 28
      vertex -3.72557 7.91724 30
      vertex -4.21534 7.66768 30
    endloop
  endfacet
  facet normal 0.454005 -0.890999 0
    outer loop
      vertex -4.21534 7.66768 28
      vertex -3.72557 7.91724 28
      vertex -3.72557 7.91724 30
    endloop
  endfacet
  facet normal 0.454005 -0.890999 0
    outer loop
      vertex -4.21534 7.66768 0
      vertex -3.72557 7.91724 28
      vertex -4.21534 7.66768 28
    endloop
  endfacet
  facet normal 0.454005 -0.890999 0
    outer loop
      vertex -3.72557 7.91724 28
      vertex -4.21534 7.66768 0
      vertex -3.72557 7.91724 0
    endloop
  endfacet
  facet normal -0.890664 -0.454661 0
    outer loop
      vertex 7.67231 4.20627 1.89256
      vertex 7.66768 4.21534 28
      vertex 7.66768 4.21534 1.86275
    endloop
  endfacet
  facet normal -0.891011 -0.453981 -2.97697e-07
    outer loop
      vertex 7.75052 4.05277 2.33783
      vertex 7.66768 4.21534 28
      vertex 7.67231 4.20627 1.89256
    endloop
  endfacet
  facet normal -0.891005 -0.453993 -2.02836e-07
    outer loop
      vertex 7.83688 3.88328 2.7769
      vertex 7.66768 4.21534 28
      vertex 7.75052 4.05277 2.33783
    endloop
  endfacet
  facet normal -0.891 -0.454003 -4.13762e-08
    outer loop
      vertex 7.91724 3.72557 3.1448
      vertex 7.66768 4.21534 28
      vertex 7.83688 3.88328 2.7769
    endloop
  endfacet
  facet normal -0.890999 -0.454005 0
    outer loop
      vertex 7.66768 4.21534 28
      vertex 7.91724 3.72557 3.1448
      vertex 7.91724 3.72557 28
    endloop
  endfacet
  facet normal -0.890999 -0.454005 0
    outer loop
      vertex 7.66768 4.21534 28
      vertex 7.91724 3.72557 28
      vertex 7.66768 4.21534 30
    endloop
  endfacet
  facet normal -0.890999 -0.454005 0
    outer loop
      vertex 7.66768 4.21534 30
      vertex 7.91724 3.72557 28
      vertex 7.91724 3.72557 30
    endloop
  endfacet
  facet normal -0.91776 0.397136 0
    outer loop
      vertex 7.91724 -3.72557 28
      vertex 8.13554 -3.22109 28
      vertex 8.13554 -3.22109 4.11466
    endloop
  endfacet
  facet normal -0.917782 0.397084 -1.2938e-06
    outer loop
      vertex 7.91724 -3.72557 28
      vertex 8.13554 -3.22109 4.11466
      vertex 8.10753 -3.28583 4.00593
    endloop
  endfacet
  facet normal -0.917752 0.397153 2.04053e-07
    outer loop
      vertex 7.91724 -3.72557 28
      vertex 8.10753 -3.28583 4.00593
      vertex 8.01526 -3.49905 3.61212
    endloop
  endfacet
  facet normal -0.917759 0.397138 4.49323e-08
    outer loop
      vertex 7.91724 -3.72557 28
      vertex 8.01526 -3.49905 3.61212
      vertex 7.92897 -3.69846 3.20594
    endloop
  endfacet
  facet normal -0.917774 0.397104 0
    outer loop
      vertex 7.91724 -3.72557 28
      vertex 7.92897 -3.69846 3.20594
      vertex 7.91724 -3.72557 3.1448
    endloop
  endfacet
  facet normal -0.91776 0.397136 0
    outer loop
      vertex 8.13554 -3.22109 28
      vertex 7.91724 -3.72557 28
      vertex 8.13554 -3.22109 30
    endloop
  endfacet
  facet normal -0.91776 0.397136 0
    outer loop
      vertex 8.13554 -3.22109 30
      vertex 7.91724 -3.72557 28
      vertex 7.91724 -3.72557 30
    endloop
  endfacet
  facet normal -0.612909 -0.790154 0
    outer loop
      vertex 5.14312 7.0789 28
      vertex 5.57746 6.74199 30
      vertex 5.14312 7.0789 30
    endloop
  endfacet
  facet normal -0.612909 -0.790154 0
    outer loop
      vertex 5.14312 7.0789 28
      vertex 5.57746 6.74199 28
      vertex 5.57746 6.74199 30
    endloop
  endfacet
  facet normal -0.612909 -0.790154 0
    outer loop
      vertex 5.14312 7.0789 0
      vertex 5.57746 6.74199 28
      vertex 5.14312 7.0789 28
    endloop
  endfacet
  facet normal -0.612909 -0.790154 -0
    outer loop
      vertex 5.57746 6.74199 28
      vertex 5.14312 7.0789 0
      vertex 5.57746 6.74199 0
    endloop
  endfacet
  facet normal -0.790154 0.612909 0
    outer loop
      vertex 6.74199 -5.57746 28
      vertex 7.0789 -5.14312 28
      vertex 7.0789 -5.14312 0
    endloop
  endfacet
  facet normal -0.790154 0.612909 0
    outer loop
      vertex 6.74199 -5.57746 28
      vertex 7.0789 -5.14312 0
      vertex 6.74199 -5.57746 0
    endloop
  endfacet
  facet normal -0.790154 0.612909 0
    outer loop
      vertex 7.0789 -5.14312 28
      vertex 6.74199 -5.57746 28
      vertex 7.0789 -5.14312 30
    endloop
  endfacet
  facet normal -0.790154 0.612909 0
    outer loop
      vertex 7.0789 -5.14312 30
      vertex 6.74199 -5.57746 28
      vertex 6.74199 -5.57746 30
    endloop
  endfacet
  facet normal 0.975917 -0.218142 0
    outer loop
      vertex -8.59501 1.63959 28
      vertex -8.4751 2.17604 28
      vertex -8.4751 2.17604 30
    endloop
  endfacet
  facet normal 0.975917 -0.218142 0
    outer loop
      vertex -8.59501 1.63959 28
      vertex -8.4751 2.17604 30
      vertex -8.59501 1.63959 30
    endloop
  endfacet
  facet normal 0.975917 -0.218142 0
    outer loop
      vertex -8.4751 2.17604 28
      vertex -8.59501 1.63959 28
      vertex -8.4751 2.17604 0
    endloop
  endfacet
  facet normal 0.975917 -0.218142 0
    outer loop
      vertex -8.4751 2.17604 0
      vertex -8.59501 1.63959 28
      vertex -8.59501 1.63959 0
    endloop
  endfacet
  facet normal 0.890999 0.454005 0
    outer loop
      vertex -7.66768 -4.21534 28
      vertex -7.91724 -3.72557 28
      vertex -7.91724 -3.72557 30
    endloop
  endfacet
  facet normal 0.890999 0.454005 -0
    outer loop
      vertex -7.66768 -4.21534 28
      vertex -7.91724 -3.72557 30
      vertex -7.66768 -4.21534 30
    endloop
  endfacet
  facet normal 0.890999 0.454005 0
    outer loop
      vertex -7.91724 -3.72557 28
      vertex -7.66768 -4.21534 28
      vertex -7.91724 -3.72557 0
    endloop
  endfacet
  facet normal 0.890999 0.454005 0
    outer loop
      vertex -7.91724 -3.72557 0
      vertex -7.66768 -4.21534 28
      vertex -7.66768 -4.21534 0
    endloop
  endfacet
  facet normal -0.860742 -0.509042 0
    outer loop
      vertex 7.52126 4.46293 0.970176
      vertex 7.38787 4.68848 28
      vertex 7.38787 4.68848 0
    endloop
  endfacet
  facet normal -0.860735 -0.509054 -1.5646e-05
    outer loop
      vertex 7.4111 4.6492 0.0492655
      vertex 7.38787 4.68848 0
      vertex 7.40689 4.65632 0
    endloop
  endfacet
  facet normal -0.860751 -0.509026 1.44271e-05
    outer loop
      vertex 7.46086 4.56507 0.508533
      vertex 7.38787 4.68848 0
      vertex 7.4111 4.6492 0.0492655
    endloop
  endfacet
  facet normal -0.860344 -0.509715 -0.000211177
    outer loop
      vertex 7.52126 4.46293 0.970176
      vertex 7.38787 4.68848 0
      vertex 7.46086 4.56507 0.508533
    endloop
  endfacet
  facet normal -0.860729 -0.509063 2.37018e-07
    outer loop
      vertex 7.59209 4.34317 1.43237
      vertex 7.38787 4.68848 28
      vertex 7.52126 4.46293 0.970176
    endloop
  endfacet
  facet normal -0.860766 -0.509001 -8.40112e-07
    outer loop
      vertex 7.66768 4.21534 1.86275
      vertex 7.38787 4.68848 28
      vertex 7.59209 4.34317 1.43237
    endloop
  endfacet
  facet normal -0.860745 -0.509036 0
    outer loop
      vertex 7.38787 4.68848 28
      vertex 7.66768 4.21534 1.86275
      vertex 7.66768 4.21534 28
    endloop
  endfacet
  facet normal -0.860745 -0.509036 0
    outer loop
      vertex 7.38787 4.68848 28
      vertex 7.66768 4.21534 28
      vertex 7.38787 4.68848 30
    endloop
  endfacet
  facet normal -0.860745 -0.509036 0
    outer loop
      vertex 7.38787 4.68848 30
      vertex 7.66768 4.21534 28
      vertex 7.66768 4.21534 30
    endloop
  endfacet
  facet normal -0.975921 -0.218125 0
    outer loop
      vertex 8.50467 2.04374 5.59684
      vertex 8.4751 2.17604 28
      vertex 8.4751 2.17604 5.47194
    endloop
  endfacet
  facet normal -0.975916 -0.218147 1.37245e-07
    outer loop
      vertex 8.56653 1.767 5.82806
      vertex 8.4751 2.17604 28
      vertex 8.50467 2.04374 5.59684
    endloop
  endfacet
  facet normal -0.975916 -0.218147 1.23697e-07
    outer loop
      vertex 8.59501 1.63959 5.92142
      vertex 8.4751 2.17604 28
      vertex 8.56653 1.767 5.82806
    endloop
  endfacet
  facet normal -0.975917 -0.218142 0
    outer loop
      vertex 8.4751 2.17604 28
      vertex 8.59501 1.63959 5.92142
      vertex 8.59501 1.63959 28
    endloop
  endfacet
  facet normal -0.975917 -0.218142 0
    outer loop
      vertex 8.4751 2.17604 28
      vertex 8.59501 1.63959 28
      vertex 8.4751 2.17604 30
    endloop
  endfacet
  facet normal -0.975917 -0.218142 0
    outer loop
      vertex 8.4751 2.17604 30
      vertex 8.59501 1.63959 28
      vertex 8.59501 1.63959 30
    endloop
  endfacet
  facet normal 0.56208 0.827083 -0
    outer loop
      vertex -4.68848 -7.38787 28
      vertex -5.14312 -7.0789 30
      vertex -4.68848 -7.38787 30
    endloop
  endfacet
  facet normal 0.56208 0.827083 0
    outer loop
      vertex -4.68848 -7.38787 28
      vertex -5.14312 -7.0789 28
      vertex -5.14312 -7.0789 30
    endloop
  endfacet
  facet normal 0.56208 0.827083 -0
    outer loop
      vertex -4.68848 -7.38787 0
      vertex -5.14312 -7.0789 28
      vertex -4.68848 -7.38787 28
    endloop
  endfacet
  facet normal 0.56208 0.827083 0
    outer loop
      vertex -5.14312 -7.0789 28
      vertex -4.68848 -7.38787 0
      vertex -5.14312 -7.0789 0
    endloop
  endfacet
  facet normal -0.707107 -0.707107 0
    outer loop
      vertex 6.37848 5.98979 28
      vertex 5.98979 6.37848 28
      vertex 5.98979 6.37848 0
    endloop
  endfacet
  facet normal -0.707107 -0.707107 -0
    outer loop
      vertex 6.37848 5.98979 28
      vertex 5.98979 6.37848 0
      vertex 6.37848 5.98979 0
    endloop
  endfacet
  facet normal -0.707107 -0.707107 0
    outer loop
      vertex 5.98979 6.37848 28
      vertex 6.37848 5.98979 28
      vertex 5.98979 6.37848 30
    endloop
  endfacet
  facet normal -0.707107 -0.707107 0
    outer loop
      vertex 5.98979 6.37848 30
      vertex 6.37848 5.98979 28
      vertex 6.37848 5.98979 30
    endloop
  endfacet
  facet normal -0.940879 -0.338742 0
    outer loop
      vertex 8.19367 3.05963 4.37409
      vertex 8.13554 3.22109 28
      vertex 8.13554 3.22109 4.11466
    endloop
  endfacet
  facet normal -0.940879 -0.338742 -2.48246e-09
    outer loop
      vertex 8.27945 2.82137 4.72124
      vertex 8.13554 3.22109 28
      vertex 8.19367 3.05963 4.37409
    endloop
  endfacet
  facet normal -0.940885 -0.338726 -3.19248e-07
    outer loop
      vertex 8.32174 2.7039 4.87643
      vertex 8.13554 3.22109 28
      vertex 8.27945 2.82137 4.72124
    endloop
  endfacet
  facet normal -0.940881 -0.338738 0
    outer loop
      vertex 8.13554 3.22109 28
      vertex 8.32174 2.7039 4.87643
      vertex 8.32174 2.7039 28
    endloop
  endfacet
  facet normal -0.940881 -0.338738 0
    outer loop
      vertex 8.13554 3.22109 28
      vertex 8.32174 2.7039 28
      vertex 8.13554 3.22109 30
    endloop
  endfacet
  facet normal -0.940881 -0.338738 0
    outer loop
      vertex 8.13554 3.22109 30
      vertex 8.32174 2.7039 28
      vertex 8.32174 2.7039 30
    endloop
  endfacet
  facet normal -0.987685 -0.156453 0
    outer loop
      vertex 8.61977 1.48328 6.02576
      vertex 8.59501 1.63959 28
      vertex 8.59501 1.63959 5.92142
    endloop
  endfacet
  facet normal -0.98769 -0.156423 -2.12817e-07
    outer loop
      vertex 8.66563 1.19371 6.19059
      vertex 8.59501 1.63959 28
      vertex 8.61977 1.48328 6.02576
    endloop
  endfacet
  facet normal -0.987688 -0.156438 9.74322e-08
    outer loop
      vertex 8.681 1.09667 6.23664
      vertex 8.59501 1.63959 28
      vertex 8.66563 1.19371 6.19059
    endloop
  endfacet
  facet normal -0.987688 -0.156434 0
    outer loop
      vertex 8.59501 1.63959 28
      vertex 8.681 1.09667 6.23664
      vertex 8.681 1.09667 28
    endloop
  endfacet
  facet normal -0.987688 -0.156434 0
    outer loop
      vertex 8.59501 1.63959 28
      vertex 8.681 1.09667 28
      vertex 8.59501 1.63959 30
    endloop
  endfacet
  facet normal -0.987688 -0.156434 0
    outer loop
      vertex 8.59501 1.63959 30
      vertex 8.681 1.09667 28
      vertex 8.681 1.09667 30
    endloop
  endfacet
  facet normal 0.999506 0.0314178 0
    outer loop
      vertex -8.73273 -0.549417 28
      vertex -8.75 0 28
      vertex -8.75 0 30
    endloop
  endfacet
  facet normal 0.999506 0.0314178 -0
    outer loop
      vertex -8.73273 -0.549417 28
      vertex -8.75 0 30
      vertex -8.73273 -0.549417 30
    endloop
  endfacet
  facet normal 0.999506 0.0314178 0
    outer loop
      vertex -8.75 0 28
      vertex -8.73273 -0.549417 28
      vertex -8.75 0 0
    endloop
  endfacet
  facet normal 0.999506 0.0314178 0
    outer loop
      vertex -8.75 0 0
      vertex -8.73273 -0.549417 28
      vertex -8.73273 -0.549417 0
    endloop
  endfacet
  facet normal -0.509036 -0.860745 0
    outer loop
      vertex 4.21534 7.66768 28
      vertex 4.68848 7.38787 30
      vertex 4.21534 7.66768 30
    endloop
  endfacet
  facet normal -0.509036 -0.860745 0
    outer loop
      vertex 4.21534 7.66768 28
      vertex 4.68848 7.38787 28
      vertex 4.68848 7.38787 30
    endloop
  endfacet
  facet normal -0.509036 -0.860745 0
    outer loop
      vertex 4.21534 7.66768 0
      vertex 4.68848 7.38787 28
      vertex 4.21534 7.66768 28
    endloop
  endfacet
  facet normal -0.509036 -0.860745 -0
    outer loop
      vertex 4.68848 7.38787 28
      vertex 4.21534 7.66768 0
      vertex 4.68848 7.38787 0
    endloop
  endfacet
  facet normal -0.454005 0.890999 0
    outer loop
      vertex 4.21534 -7.66768 28
      vertex 3.72557 -7.91724 30
      vertex 4.21534 -7.66768 30
    endloop
  endfacet
  facet normal -0.454005 0.890999 0
    outer loop
      vertex 4.21534 -7.66768 28
      vertex 3.72557 -7.91724 28
      vertex 3.72557 -7.91724 30
    endloop
  endfacet
  facet normal -0.454005 0.890999 0
    outer loop
      vertex 4.21534 -7.66768 0
      vertex 3.72557 -7.91724 28
      vertex 4.21534 -7.66768 28
    endloop
  endfacet
  facet normal -0.454005 0.890999 0
    outer loop
      vertex 3.72557 -7.91724 28
      vertex 4.21534 -7.66768 0
      vertex 3.72557 -7.91724 0
    endloop
  endfacet
  facet normal 0.661304 0.750118 -0
    outer loop
      vertex -5.57746 -6.74199 28
      vertex -5.98979 -6.37848 30
      vertex -5.57746 -6.74199 30
    endloop
  endfacet
  facet normal 0.661304 0.750118 0
    outer loop
      vertex -5.57746 -6.74199 28
      vertex -5.98979 -6.37848 28
      vertex -5.98979 -6.37848 30
    endloop
  endfacet
  facet normal 0.661304 0.750118 -0
    outer loop
      vertex -5.57746 -6.74199 0
      vertex -5.98979 -6.37848 28
      vertex -5.57746 -6.74199 28
    endloop
  endfacet
  facet normal 0.661304 0.750118 0
    outer loop
      vertex -5.98979 -6.37848 28
      vertex -5.57746 -6.74199 0
      vertex -5.98979 -6.37848 0
    endloop
  endfacet
  facet normal 0.707107 0.707107 0
    outer loop
      vertex -5.98979 -6.37848 28
      vertex -6.37848 -5.98979 28
      vertex -6.37848 -5.98979 30
    endloop
  endfacet
  facet normal 0.707107 0.707107 -0
    outer loop
      vertex -5.98979 -6.37848 28
      vertex -6.37848 -5.98979 30
      vertex -5.98979 -6.37848 30
    endloop
  endfacet
  facet normal 0.707107 0.707107 0
    outer loop
      vertex -6.37848 -5.98979 28
      vertex -5.98979 -6.37848 28
      vertex -6.37848 -5.98979 0
    endloop
  endfacet
  facet normal 0.707107 0.707107 0
    outer loop
      vertex -6.37848 -5.98979 0
      vertex -5.98979 -6.37848 28
      vertex -5.98979 -6.37848 0
    endloop
  endfacet
  facet normal 0.0314178 -0.999506 0
    outer loop
      vertex -0.549417 8.73273 28
      vertex 0 8.75 30
      vertex -0.549417 8.73273 30
    endloop
  endfacet
  facet normal 0.0314178 -0.999506 0
    outer loop
      vertex -0.549417 8.73273 28
      vertex 0 8.75 28
      vertex 0 8.75 30
    endloop
  endfacet
  facet normal 0.0314178 -0.999506 0
    outer loop
      vertex -0.549417 8.73273 0
      vertex 0 8.75 28
      vertex -0.549417 8.73273 28
    endloop
  endfacet
  facet normal 0.0314178 -0.999506 0
    outer loop
      vertex 0 8.75 28
      vertex -0.549417 8.73273 0
      vertex 0 8.75 0
    endloop
  endfacet
  facet normal 0.750118 0.661304 0
    outer loop
      vertex -6.37848 -5.98979 28
      vertex -6.74199 -5.57746 28
      vertex -6.74199 -5.57746 30
    endloop
  endfacet
  facet normal 0.750118 0.661304 -0
    outer loop
      vertex -6.37848 -5.98979 28
      vertex -6.74199 -5.57746 30
      vertex -6.37848 -5.98979 30
    endloop
  endfacet
  facet normal 0.750118 0.661304 0
    outer loop
      vertex -6.74199 -5.57746 28
      vertex -6.37848 -5.98979 28
      vertex -6.74199 -5.57746 0
    endloop
  endfacet
  facet normal 0.750118 0.661304 0
    outer loop
      vertex -6.74199 -5.57746 0
      vertex -6.37848 -5.98979 28
      vertex -6.37848 -5.98979 0
    endloop
  endfacet
  facet normal 0.940881 0.338738 0
    outer loop
      vertex -8.13554 -3.22109 28
      vertex -8.32174 -2.7039 28
      vertex -8.32174 -2.7039 30
    endloop
  endfacet
  facet normal 0.940881 0.338738 -0
    outer loop
      vertex -8.13554 -3.22109 28
      vertex -8.32174 -2.7039 30
      vertex -8.13554 -3.22109 30
    endloop
  endfacet
  facet normal 0.940881 0.338738 0
    outer loop
      vertex -8.32174 -2.7039 28
      vertex -8.13554 -3.22109 28
      vertex -8.32174 -2.7039 0
    endloop
  endfacet
  facet normal 0.940881 0.338738 0
    outer loop
      vertex -8.32174 -2.7039 0
      vertex -8.13554 -3.22109 28
      vertex -8.13554 -3.22109 0
    endloop
  endfacet
  facet normal -0.278995 -0.960292 0
    outer loop
      vertex 2.17604 8.4751 28
      vertex 2.7039 8.32174 30
      vertex 2.17604 8.4751 30
    endloop
  endfacet
  facet normal -0.278995 -0.960292 0
    outer loop
      vertex 2.17604 8.4751 28
      vertex 2.7039 8.32174 28
      vertex 2.7039 8.32174 30
    endloop
  endfacet
  facet normal -0.278995 -0.960292 0
    outer loop
      vertex 2.17604 8.4751 0
      vertex 2.7039 8.32174 28
      vertex 2.17604 8.4751 28
    endloop
  endfacet
  facet normal -0.278995 -0.960292 -0
    outer loop
      vertex 2.7039 8.32174 28
      vertex 2.17604 8.4751 0
      vertex 2.7039 8.32174 0
    endloop
  endfacet
  facet normal 0.827083 -0.56208 0
    outer loop
      vertex -7.38787 4.68848 28
      vertex -7.0789 5.14312 28
      vertex -7.0789 5.14312 30
    endloop
  endfacet
  facet normal 0.827083 -0.56208 0
    outer loop
      vertex -7.38787 4.68848 28
      vertex -7.0789 5.14312 30
      vertex -7.38787 4.68848 30
    endloop
  endfacet
  facet normal 0.827083 -0.56208 0
    outer loop
      vertex -7.0789 5.14312 28
      vertex -7.38787 4.68848 28
      vertex -7.0789 5.14312 0
    endloop
  endfacet
  facet normal 0.827083 -0.56208 0
    outer loop
      vertex -7.0789 5.14312 0
      vertex -7.38787 4.68848 28
      vertex -7.38787 4.68848 0
    endloop
  endfacet
  facet normal -0.890999 0.454005 0
    outer loop
      vertex 7.66768 -4.21534 28
      vertex 7.91724 -3.72557 28
      vertex 7.91724 -3.72557 3.1448
    endloop
  endfacet
  facet normal -0.891 0.454003 -4.13762e-08
    outer loop
      vertex 7.66768 -4.21534 28
      vertex 7.91724 -3.72557 3.1448
      vertex 7.83688 -3.88328 2.7769
    endloop
  endfacet
  facet normal -0.891005 0.453993 -2.02836e-07
    outer loop
      vertex 7.66768 -4.21534 28
      vertex 7.83688 -3.88328 2.7769
      vertex 7.75052 -4.05277 2.33783
    endloop
  endfacet
  facet normal -0.891011 0.453981 -2.97697e-07
    outer loop
      vertex 7.66768 -4.21534 28
      vertex 7.75052 -4.05277 2.33783
      vertex 7.67231 -4.20627 1.89256
    endloop
  endfacet
  facet normal -0.890664 0.454661 0
    outer loop
      vertex 7.66768 -4.21534 28
      vertex 7.67231 -4.20627 1.89256
      vertex 7.66768 -4.21534 1.86275
    endloop
  endfacet
  facet normal -0.890999 0.454005 0
    outer loop
      vertex 7.91724 -3.72557 28
      vertex 7.66768 -4.21534 28
      vertex 7.91724 -3.72557 30
    endloop
  endfacet
  facet normal -0.890999 0.454005 0
    outer loop
      vertex 7.91724 -3.72557 30
      vertex 7.66768 -4.21534 28
      vertex 7.66768 -4.21534 30
    endloop
  endfacet
  facet normal -0.612909 0.790154 0
    outer loop
      vertex 5.57746 -6.74199 28
      vertex 5.14312 -7.0789 30
      vertex 5.57746 -6.74199 30
    endloop
  endfacet
  facet normal -0.612909 0.790154 0
    outer loop
      vertex 5.57746 -6.74199 28
      vertex 5.14312 -7.0789 28
      vertex 5.14312 -7.0789 30
    endloop
  endfacet
  facet normal -0.612909 0.790154 0
    outer loop
      vertex 5.57746 -6.74199 0
      vertex 5.14312 -7.0789 28
      vertex 5.57746 -6.74199 28
    endloop
  endfacet
  facet normal -0.612909 0.790154 0
    outer loop
      vertex 5.14312 -7.0789 28
      vertex 5.57746 -6.74199 0
      vertex 5.14312 -7.0789 0
    endloop
  endfacet
  facet normal 0.890999 -0.454005 0
    outer loop
      vertex -7.91724 3.72557 28
      vertex -7.66768 4.21534 28
      vertex -7.66768 4.21534 30
    endloop
  endfacet
  facet normal 0.890999 -0.454005 0
    outer loop
      vertex -7.91724 3.72557 28
      vertex -7.66768 4.21534 30
      vertex -7.91724 3.72557 30
    endloop
  endfacet
  facet normal 0.890999 -0.454005 0
    outer loop
      vertex -7.66768 4.21534 28
      vertex -7.91724 3.72557 28
      vertex -7.66768 4.21534 0
    endloop
  endfacet
  facet normal 0.890999 -0.454005 0
    outer loop
      vertex -7.66768 4.21534 0
      vertex -7.91724 3.72557 28
      vertex -7.91724 3.72557 0
    endloop
  endfacet
  facet normal 0.338738 0.940881 -0
    outer loop
      vertex -2.7039 -8.32174 28
      vertex -3.22109 -8.13554 30
      vertex -2.7039 -8.32174 30
    endloop
  endfacet
  facet normal 0.338738 0.940881 0
    outer loop
      vertex -2.7039 -8.32174 28
      vertex -3.22109 -8.13554 28
      vertex -3.22109 -8.13554 30
    endloop
  endfacet
  facet normal 0.338738 0.940881 -0
    outer loop
      vertex -2.7039 -8.32174 0
      vertex -3.22109 -8.13554 28
      vertex -2.7039 -8.32174 28
    endloop
  endfacet
  facet normal 0.338738 0.940881 0
    outer loop
      vertex -3.22109 -8.13554 28
      vertex -2.7039 -8.32174 0
      vertex -3.22109 -8.13554 0
    endloop
  endfacet
  facet normal -0.750118 -0.661304 0
    outer loop
      vertex 6.74199 5.57746 28
      vertex 6.37848 5.98979 28
      vertex 6.37848 5.98979 0
    endloop
  endfacet
  facet normal -0.750118 -0.661304 -0
    outer loop
      vertex 6.74199 5.57746 28
      vertex 6.37848 5.98979 0
      vertex 6.74199 5.57746 0
    endloop
  endfacet
  facet normal -0.750118 -0.661304 0
    outer loop
      vertex 6.37848 5.98979 28
      vertex 6.74199 5.57746 28
      vertex 6.37848 5.98979 30
    endloop
  endfacet
  facet normal -0.750118 -0.661304 0
    outer loop
      vertex 6.37848 5.98979 30
      vertex 6.74199 5.57746 28
      vertex 6.74199 5.57746 30
    endloop
  endfacet
  facet normal 0.987688 -0.156434 0
    outer loop
      vertex -8.681 1.09667 28
      vertex -8.59501 1.63959 28
      vertex -8.59501 1.63959 30
    endloop
  endfacet
  facet normal 0.987688 -0.156434 0
    outer loop
      vertex -8.681 1.09667 28
      vertex -8.59501 1.63959 30
      vertex -8.681 1.09667 30
    endloop
  endfacet
  facet normal 0.987688 -0.156434 0
    outer loop
      vertex -8.59501 1.63959 28
      vertex -8.681 1.09667 28
      vertex -8.59501 1.63959 0
    endloop
  endfacet
  facet normal 0.987688 -0.156434 0
    outer loop
      vertex -8.59501 1.63959 0
      vertex -8.681 1.09667 28
      vertex -8.681 1.09667 0
    endloop
  endfacet
  facet normal 0.860745 0.509036 0
    outer loop
      vertex -7.38787 -4.68848 28
      vertex -7.66768 -4.21534 28
      vertex -7.66768 -4.21534 30
    endloop
  endfacet
  facet normal 0.860745 0.509036 -0
    outer loop
      vertex -7.38787 -4.68848 28
      vertex -7.66768 -4.21534 30
      vertex -7.38787 -4.68848 30
    endloop
  endfacet
  facet normal 0.860745 0.509036 0
    outer loop
      vertex -7.66768 -4.21534 28
      vertex -7.38787 -4.68848 28
      vertex -7.66768 -4.21534 0
    endloop
  endfacet
  facet normal 0.860745 0.509036 0
    outer loop
      vertex -7.66768 -4.21534 0
      vertex -7.38787 -4.68848 28
      vertex -7.38787 -4.68848 0
    endloop
  endfacet
  facet normal 0.790154 -0.612909 0
    outer loop
      vertex -7.0789 5.14312 28
      vertex -6.74199 5.57746 28
      vertex -6.74199 5.57746 30
    endloop
  endfacet
  facet normal 0.790154 -0.612909 0
    outer loop
      vertex -7.0789 5.14312 28
      vertex -6.74199 5.57746 30
      vertex -7.0789 5.14312 30
    endloop
  endfacet
  facet normal 0.790154 -0.612909 0
    outer loop
      vertex -6.74199 5.57746 28
      vertex -7.0789 5.14312 28
      vertex -6.74199 5.57746 0
    endloop
  endfacet
  facet normal 0.790154 -0.612909 0
    outer loop
      vertex -6.74199 5.57746 0
      vertex -7.0789 5.14312 28
      vertex -7.0789 5.14312 0
    endloop
  endfacet
  facet normal 0.995562 -0.0941072 0
    outer loop
      vertex -8.73273 0.549417 28
      vertex -8.681 1.09667 28
      vertex -8.681 1.09667 30
    endloop
  endfacet
  facet normal 0.995562 -0.0941072 0
    outer loop
      vertex -8.73273 0.549417 28
      vertex -8.681 1.09667 30
      vertex -8.73273 0.549417 30
    endloop
  endfacet
  facet normal 0.995562 -0.0941072 0
    outer loop
      vertex -8.681 1.09667 28
      vertex -8.73273 0.549417 28
      vertex -8.681 1.09667 0
    endloop
  endfacet
  facet normal 0.995562 -0.0941072 0
    outer loop
      vertex -8.681 1.09667 0
      vertex -8.73273 0.549417 28
      vertex -8.73273 0.549417 0
    endloop
  endfacet
  facet normal 0.454005 0.890999 -0
    outer loop
      vertex -3.72557 -7.91724 28
      vertex -4.21534 -7.66768 30
      vertex -3.72557 -7.91724 30
    endloop
  endfacet
  facet normal 0.454005 0.890999 0
    outer loop
      vertex -3.72557 -7.91724 28
      vertex -4.21534 -7.66768 28
      vertex -4.21534 -7.66768 30
    endloop
  endfacet
  facet normal 0.454005 0.890999 -0
    outer loop
      vertex -3.72557 -7.91724 0
      vertex -4.21534 -7.66768 28
      vertex -3.72557 -7.91724 28
    endloop
  endfacet
  facet normal 0.454005 0.890999 0
    outer loop
      vertex -4.21534 -7.66768 28
      vertex -3.72557 -7.91724 0
      vertex -4.21534 -7.66768 0
    endloop
  endfacet
  facet normal 0.110611 0.987689 -0.110611
    outer loop
      vertex 7.77801 -4.71498 0
      vertex 8.7352 -4.76215 0.535989
      vertex 8.19921 -4.76215 0
    endloop
  endfacet
  facet normal 0.110611 0.98769 -0.11061
    outer loop
      vertex 8.7352 -4.76215 0.535989
      vertex 7.77801 -4.71498 0
      vertex 8.75923 -4.71498 0.981221
    endloop
  endfacet
  facet normal 0.433396 -0.790151 -0.433393
    outer loop
      vertex 7.92897 3.69846 3.20594
      vertex 9.15588 3.88328 4.0959
      vertex 9.23586 3.69846 4.51284
    endloop
  endfacet
  facet normal 0.43345 -0.790071 -0.433484
    outer loop
      vertex 7.91724 3.72557 3.1448
      vertex 9.15588 3.88328 4.0959
      vertex 7.92897 3.69846 3.20594
    endloop
  endfacet
  facet normal 0.433387 -0.790159 -0.433387
    outer loop
      vertex 9.15588 3.88328 4.0959
      vertex 7.91724 3.72557 3.1448
      vertex 7.83688 3.88328 2.7769
    endloop
  endfacet
  facet normal 0.321004 -0.891018 -0.321004
    outer loop
      vertex 7.67231 4.20627 1.89256
      vertex 9.00303 4.2365 3.13937
      vertex 9.01611 4.20627 3.23636
    endloop
  endfacet
  facet normal 0.321033 -0.890996 -0.321035
    outer loop
      vertex 9.00303 4.2365 3.13937
      vertex 7.67231 4.20627 1.89256
      vertex 8.94868 4.34317 2.78897
    endloop
  endfacet
  facet normal 0.320986 -0.891039 -0.320963
    outer loop
      vertex 7.66768 4.21534 1.86275
      vertex 8.94868 4.34317 2.78897
      vertex 7.67231 4.20627 1.89256
    endloop
  endfacet
  facet normal 0.321028 -0.891001 -0.321026
    outer loop
      vertex 8.94868 4.34317 2.78897
      vertex 7.66768 4.21534 1.86275
      vertex 7.59209 4.34317 1.43237
    endloop
  endfacet
  facet normal 0.703969 0.0941033 -0.703969
    outer loop
      vertex 9.93109 -0.601599 7.61579
      vertex 8.74053 -0.301394 6.46536
      vertex 9.94053 -0.301394 7.66536
    endloop
  endfacet
  facet normal 0.703968 0.0940908 -0.703971
    outer loop
      vertex 8.74053 -0.301394 6.46536
      vertex 9.93109 -0.601599 7.61579
      vertex 8.73273 -0.549417 6.42441
    endloop
  endfacet
  facet normal 0.703965 0.0941642 -0.703965
    outer loop
      vertex 8.73273 -0.549417 6.42441
      vertex 9.93109 -0.601599 7.61579
      vertex 8.7278 -0.601599 6.4125
    endloop
  endfacet
  facet normal 0.0665499 -0.995561 -0.06655
    outer loop
      vertex 8.19921 4.76215 0
      vertex 8.72074 4.79053 0.0969755
      vertex 8.7352 4.76215 0.535989
    endloop
  endfacet
  facet normal 0.0665505 -0.995561 -0.0665536
    outer loop
      vertex 8.72074 4.79053 0.0969755
      vertex 8.19921 4.76215 0
      vertex 8.62376 4.79053 0
    endloop
  endfacet
  facet normal 0.35995 0.860739 -0.35995
    outer loop
      vertex 9.01611 -4.20627 3.23636
      vertex 7.75052 -4.05277 2.33783
      vertex 9.08254 -4.05277 3.66985
    endloop
  endfacet
  facet normal 0.35995 0.860739 -0.35995
    outer loop
      vertex 7.75052 -4.05277 2.33783
      vertex 9.01611 -4.20627 3.23636
      vertex 7.67231 -4.20627 1.89256
    endloop
  endfacet
  facet normal 0.584835 -0.562083 -0.584835
    outer loop
      vertex 9.53662 2.82137 5.97841
      vertex 8.32174 2.7039 4.87643
      vertex 8.27945 2.82137 4.72124
    endloop
  endfacet
  facet normal 0.584833 -0.562087 -0.584833
    outer loop
      vertex 8.36007 2.57197 5.04156
      vertex 9.53662 2.82137 5.97841
      vertex 9.60907 2.57197 6.29056
    endloop
  endfacet
  facet normal 0.584832 -0.56209 -0.584831
    outer loop
      vertex 9.53662 2.82137 5.97841
      vertex 8.36007 2.57197 5.04156
      vertex 8.32174 2.7039 4.87643
    endloop
  endfacet
  facet normal 0.698365 0.15676 -0.698365
    outer loop
      vertex 9.93037 -0.624765 7.60987
      vertex 8.7278 -0.601599 6.4125
      vertex 9.93109 -0.601599 7.61579
    endloop
  endfacet
  facet normal 0.698401 0.156406 -0.698408
    outer loop
      vertex 9.9044 -0.89943 7.52239
      vertex 8.7278 -0.601599 6.4125
      vertex 9.93037 -0.624765 7.60987
    endloop
  endfacet
  facet normal 0.698402 0.156454 -0.698396
    outer loop
      vertex 8.7278 -0.601599 6.4125
      vertex 9.9044 -0.89943 7.52239
      vertex 8.69965 -0.89943 6.31763
    endloop
  endfacet
  facet normal 0.55872 0.612913 -0.55872
    outer loop
      vertex 9.46739 -3.05963 5.64781
      vertex 8.27945 -2.82137 4.72124
      vertex 9.53662 -2.82137 5.97841
    endloop
  endfacet
  facet normal 0.55872 0.612913 -0.55872
    outer loop
      vertex 8.27945 -2.82137 4.72124
      vertex 9.46739 -3.05963 5.64781
      vertex 8.19367 -3.05963 4.37409
    endloop
  endfacet
  facet normal 0.665292 -0.338781 -0.665292
    outer loop
      vertex 9.78919 1.767 7.05072
      vertex 8.59501 1.63959 5.92142
      vertex 8.56653 1.767 5.82806
    endloop
  endfacet
  facet normal 0.665303 -0.338728 -0.665308
    outer loop
      vertex 8.61977 1.48328 6.02576
      vertex 9.78919 1.767 7.05072
      vertex 9.83413 1.48328 7.24011
    endloop
  endfacet
  facet normal 0.665304 -0.338722 -0.665311
    outer loop
      vertex 9.78919 1.767 7.05072
      vertex 8.61977 1.48328 6.02576
      vertex 8.59501 1.63959 5.92142
    endloop
  endfacet
  facet normal 0.648936 0.397194 -0.648936
    outer loop
      vertex 9.77376 -1.86444 6.97565
      vertex 8.56653 -1.767 5.82806
      vertex 9.78919 -1.767 7.05072
    endloop
  endfacet
  facet normal 0.648954 0.397124 -0.648961
    outer loop
      vertex 9.73368 -2.04374 6.82585
      vertex 8.56653 -1.767 5.82806
      vertex 9.77376 -1.86444 6.97565
    endloop
  endfacet
  facet normal 0.648951 0.397147 -0.648951
    outer loop
      vertex 8.56653 -1.767 5.82806
      vertex 9.73368 -2.04374 6.82585
      vertex 8.50467 -2.04374 5.59684
    endloop
  endfacet
  facet normal 0.60863 0.509057 -0.60863
    outer loop
      vertex 9.6374 -2.47446 6.40044
      vertex 8.43548 -2.31242 5.33405
      vertex 9.67362 -2.31242 6.57219
    endloop
  endfacet
  facet normal 0.60864 0.509027 -0.608646
    outer loop
      vertex 9.60907 -2.57197 6.29056
      vertex 8.43548 -2.31242 5.33405
      vertex 9.6374 -2.47446 6.40044
    endloop
  endfacet
  facet normal 0.608635 0.509045 -0.608635
    outer loop
      vertex 8.43548 -2.31242 5.33405
      vertex 9.60907 -2.57197 6.29056
      vertex 8.36007 -2.57197 5.04156
    endloop
  endfacet
  facet normal 0.239512 0.940887 -0.239513
    outer loop
      vertex 8.83562 -4.56507 1.88329
      vertex 7.52126 -4.46293 0.970176
      vertex 8.88766 -4.46293 2.33657
    endloop
  endfacet
  facet normal 0.239511 0.940887 -0.239511
    outer loop
      vertex 7.52126 -4.46293 0.970176
      vertex 8.83562 -4.56507 1.88329
      vertex 7.46086 -4.56507 0.508533
    endloop
  endfacet
  facet normal 0.397446 -0.827088 -0.397446
    outer loop
      vertex 7.83688 3.88328 2.7769
      vertex 9.08254 4.05277 3.66985
      vertex 9.15588 3.88328 4.0959
    endloop
  endfacet
  facet normal 0.397446 -0.827088 -0.397446
    outer loop
      vertex 9.08254 4.05277 3.66985
      vertex 7.83688 3.88328 2.7769
      vertex 7.75052 4.05277 2.33783
    endloop
  endfacet
  facet normal 0.679027 0.279014 -0.679024
    outer loop
      vertex 8.66563 -1.19371 6.19059
      vertex 9.87154 -1.24707 7.37458
      vertex 9.83413 -1.48328 7.24011
    endloop
  endfacet
  facet normal 0.679019 0.279062 -0.679013
    outer loop
      vertex 9.87154 -1.24707 7.37458
      vertex 8.66563 -1.19371 6.19059
      vertex 9.87658 -1.19371 7.40155
    endloop
  endfacet
  facet normal 0.679029 0.278983 -0.679035
    outer loop
      vertex 8.66563 -1.19371 6.19059
      vertex 9.83413 -1.48328 7.24011
      vertex 8.61977 -1.48328 6.02576
    endloop
  endfacet
  facet normal 0.110611 -0.98769 -0.11061
    outer loop
      vertex 7.77801 4.71498 0
      vertex 8.7352 4.76215 0.535989
      vertex 8.75923 4.71498 0.981221
    endloop
  endfacet
  facet normal 0.110611 -0.987689 -0.110611
    outer loop
      vertex 8.7352 4.76215 0.535989
      vertex 7.77801 4.71498 0
      vertex 8.19921 4.76215 0
    endloop
  endfacet
  facet normal 0.706758 0.0313991 -0.706758
    outer loop
      vertex 9.94053 -0.301394 7.66536
      vertex 8.75 0 6.48822
      vertex 9.95 0 7.68822
    endloop
  endfacet
  facet normal 0.706758 0.0313991 -0.706758
    outer loop
      vertex 8.75 0 6.48822
      vertex 9.94053 -0.301394 7.66536
      vertex 8.74053 -0.301394 6.46536
    endloop
  endfacet
  facet normal 0.584833 0.562087 -0.584833
    outer loop
      vertex 9.53662 -2.82137 5.97841
      vertex 8.36007 -2.57197 5.04156
      vertex 9.60907 -2.57197 6.29056
    endloop
  endfacet
  facet normal 0.584832 0.56209 -0.584831
    outer loop
      vertex 8.36007 -2.57197 5.04156
      vertex 9.53662 -2.82137 5.97841
      vertex 8.32174 -2.7039 4.87643
    endloop
  endfacet
  facet normal 0.584835 0.562083 -0.584835
    outer loop
      vertex 8.32174 -2.7039 4.87643
      vertex 9.53662 -2.82137 5.97841
      vertex 8.27945 -2.82137 4.72124
    endloop
  endfacet
  facet normal 0.467615 -0.750115 -0.467615
    outer loop
      vertex 8.01526 3.49905 3.61212
      vertex 9.25128 3.66284 4.5854
      vertex 9.31024 3.49905 4.9071
    endloop
  endfacet
  facet normal 0.467612 -0.750119 -0.467611
    outer loop
      vertex 9.25128 3.66284 4.5854
      vertex 8.01526 3.49905 3.61212
      vertex 9.23586 3.69846 4.51284
    endloop
  endfacet
  facet normal 0.46761 -0.750124 -0.467606
    outer loop
      vertex 9.23586 3.69846 4.51284
      vertex 8.01526 3.49905 3.61212
      vertex 7.92897 3.69846 3.20594
    endloop
  endfacet
  facet normal 0.154253 -0.975916 -0.154254
    outer loop
      vertex 7.4111 4.6492 0.0492655
      vertex 8.75923 4.71498 0.981221
      vertex 8.79275 4.6492 1.43091
    endloop
  endfacet
  facet normal 0.154256 -0.97592 -0.154225
    outer loop
      vertex 7.77801 4.71498 0
      vertex 7.4111 4.6492 0.0492655
      vertex 7.40689 4.65632 0
    endloop
  endfacet
  facet normal 0.154252 -0.975916 -0.154252
    outer loop
      vertex 7.4111 4.6492 0.0492655
      vertex 7.77801 4.71498 0
      vertex 8.75923 4.71498 0.981221
    endloop
  endfacet
  facet normal 0.433396 0.790151 -0.433393
    outer loop
      vertex 9.15588 -3.88328 4.0959
      vertex 7.92897 -3.69846 3.20594
      vertex 9.23586 -3.69846 4.51284
    endloop
  endfacet
  facet normal 0.43345 0.790071 -0.433484
    outer loop
      vertex 9.15588 -3.88328 4.0959
      vertex 7.91724 -3.72557 3.1448
      vertex 7.92897 -3.69846 3.20594
    endloop
  endfacet
  facet normal 0.433387 0.790159 -0.433387
    outer loop
      vertex 7.91724 -3.72557 3.1448
      vertex 9.15588 -3.88328 4.0959
      vertex 7.83688 -3.88328 2.7769
    endloop
  endfacet
  facet normal 0.022202 -0.999507 -0.022203
    outer loop
      vertex 8.71965 4.79266 0
      vertex 8.72074 4.79053 0.0969755
      vertex 8.62376 4.79053 0
    endloop
  endfacet
  facet normal 0.53046 -0.661229 -0.53046
    outer loop
      vertex 8.19367 3.05963 4.37409
      vertex 9.46301 3.07472 5.62462
      vertex 9.46739 3.05963 5.64781
    endloop
  endfacet
  facet normal 0.530411 -0.661309 -0.53041
    outer loop
      vertex 9.46301 3.07472 5.62462
      vertex 8.19367 3.05963 4.37409
      vertex 9.38701 3.28583 5.28541
    endloop
  endfacet
  facet normal 0.530416 -0.661299 -0.530418
    outer loop
      vertex 8.13554 3.22109 4.11466
      vertex 9.38701 3.28583 5.28541
      vertex 8.19367 3.05963 4.37409
    endloop
  endfacet
  facet normal 0.530402 -0.661323 -0.530402
    outer loop
      vertex 9.38701 3.28583 5.28541
      vertex 8.13554 3.22109 4.11466
      vertex 8.10753 3.28583 4.00593
    endloop
  endfacet
  facet normal 0.698401 -0.156406 -0.698408
    outer loop
      vertex 8.7278 0.601599 6.4125
      vertex 9.9044 0.89943 7.52239
      vertex 9.93037 0.624765 7.60987
    endloop
  endfacet
  facet normal 0.698365 -0.15676 -0.698365
    outer loop
      vertex 8.7278 0.601599 6.4125
      vertex 9.93037 0.624765 7.60987
      vertex 9.93109 0.601599 7.61579
    endloop
  endfacet
  facet normal 0.698402 -0.156454 -0.698396
    outer loop
      vertex 9.9044 0.89943 7.52239
      vertex 8.7278 0.601599 6.4125
      vertex 8.69965 0.89943 6.31763
    endloop
  endfacet
  facet normal 0.280829 -0.917753 -0.280827
    outer loop
      vertex 7.59209 4.34317 1.43237
      vertex 8.88766 4.46293 2.33657
      vertex 8.94868 4.34317 2.78897
    endloop
  endfacet
  facet normal 0.280836 -0.917748 -0.280837
    outer loop
      vertex 8.88766 4.46293 2.33657
      vertex 7.59209 4.34317 1.43237
      vertex 7.52126 4.46293 0.970176
    endloop
  endfacet
  facet normal 0.60864 -0.509027 -0.608646
    outer loop
      vertex 8.43548 2.31242 5.33405
      vertex 9.60907 2.57197 6.29056
      vertex 9.6374 2.47446 6.40044
    endloop
  endfacet
  facet normal 0.60863 -0.509057 -0.60863
    outer loop
      vertex 8.43548 2.31242 5.33405
      vertex 9.6374 2.47446 6.40044
      vertex 9.67362 2.31242 6.57219
    endloop
  endfacet
  facet normal 0.608635 -0.509045 -0.608635
    outer loop
      vertex 9.60907 2.57197 6.29056
      vertex 8.43548 2.31242 5.33405
      vertex 8.36007 2.57197 5.04156
    endloop
  endfacet
  facet normal 0.63004 -0.453982 -0.63004
    outer loop
      vertex 9.67362 2.31242 6.57219
      vertex 8.4751 2.17604 5.47194
      vertex 8.43548 2.31242 5.33405
    endloop
  endfacet
  facet normal 0.63004 -0.453981 -0.63004
    outer loop
      vertex 8.50467 2.04374 5.59684
      vertex 9.67362 2.31242 6.57219
      vertex 9.73368 2.04374 6.82585
    endloop
  endfacet
  facet normal 0.63004 -0.453981 -0.63004
    outer loop
      vertex 9.67362 2.31242 6.57219
      vertex 8.50467 2.04374 5.59684
      vertex 8.4751 2.17604 5.47194
    endloop
  endfacet
  facet normal 0.706758 -0.0313991 -0.706758
    outer loop
      vertex 8.75 0 6.48822
      vertex 9.94053 0.301394 7.66536
      vertex 9.95 0 7.68822
    endloop
  endfacet
  facet normal 0.706758 -0.0313991 -0.706758
    outer loop
      vertex 9.94053 0.301394 7.66536
      vertex 8.75 0 6.48822
      vertex 8.74053 0.301394 6.46536
    endloop
  endfacet
  facet normal 0.530411 0.661309 -0.53041
    outer loop
      vertex 8.19367 -3.05963 4.37409
      vertex 9.46301 -3.07472 5.62462
      vertex 9.38701 -3.28583 5.28541
    endloop
  endfacet
  facet normal 0.53046 0.661229 -0.53046
    outer loop
      vertex 9.46301 -3.07472 5.62462
      vertex 8.19367 -3.05963 4.37409
      vertex 9.46739 -3.05963 5.64781
    endloop
  endfacet
  facet normal 0.530416 0.661299 -0.530418
    outer loop
      vertex 9.38701 -3.28583 5.28541
      vertex 8.13554 -3.22109 4.11466
      vertex 8.19367 -3.05963 4.37409
    endloop
  endfacet
  facet normal 0.530402 0.661323 -0.530402
    outer loop
      vertex 8.13554 -3.22109 4.11466
      vertex 9.38701 -3.28583 5.28541
      vertex 8.10753 -3.28583 4.00593
    endloop
  endfacet
  facet normal 0.197282 -0.960291 -0.197283
    outer loop
      vertex 7.46086 4.56507 0.508533
      vertex 8.79275 4.6492 1.43091
      vertex 8.83562 4.56507 1.88329
    endloop
  endfacet
  facet normal 0.197283 -0.960291 -0.197284
    outer loop
      vertex 8.79275 4.6492 1.43091
      vertex 7.46086 4.56507 0.508533
      vertex 7.4111 4.6492 0.0492655
    endloop
  endfacet
  facet normal 0.648954 -0.397124 -0.648961
    outer loop
      vertex 8.56653 1.767 5.82806
      vertex 9.73368 2.04374 6.82585
      vertex 9.77376 1.86444 6.97565
    endloop
  endfacet
  facet normal 0.648936 -0.397194 -0.648936
    outer loop
      vertex 8.56653 1.767 5.82806
      vertex 9.77376 1.86444 6.97565
      vertex 9.78919 1.767 7.05072
    endloop
  endfacet
  facet normal 0.648951 -0.397147 -0.648951
    outer loop
      vertex 9.73368 2.04374 6.82585
      vertex 8.56653 1.767 5.82806
      vertex 8.50467 2.04374 5.59684
    endloop
  endfacet
  facet normal 0.321033 0.890996 -0.321035
    outer loop
      vertex 7.67231 -4.20627 1.89256
      vertex 9.00303 -4.2365 3.13937
      vertex 8.94868 -4.34317 2.78897
    endloop
  endfacet
  facet normal 0.321004 0.891018 -0.321004
    outer loop
      vertex 9.00303 -4.2365 3.13937
      vertex 7.67231 -4.20627 1.89256
      vertex 9.01611 -4.20627 3.23636
    endloop
  endfacet
  facet normal 0.320986 0.891039 -0.320963
    outer loop
      vertex 8.94868 -4.34317 2.78897
      vertex 7.66768 -4.21534 1.86275
      vertex 7.67231 -4.20627 1.89256
    endloop
  endfacet
  facet normal 0.321028 0.891001 -0.321026
    outer loop
      vertex 7.66768 -4.21534 1.86275
      vertex 8.94868 -4.34317 2.78897
      vertex 7.59209 -4.34317 1.43237
    endloop
  endfacet
  facet normal 0.55872 -0.612913 -0.55872
    outer loop
      vertex 8.27945 2.82137 4.72124
      vertex 9.46739 3.05963 5.64781
      vertex 9.53662 2.82137 5.97841
    endloop
  endfacet
  facet normal 0.55872 -0.612913 -0.55872
    outer loop
      vertex 9.46739 3.05963 5.64781
      vertex 8.27945 2.82137 4.72124
      vertex 8.19367 3.05963 4.37409
    endloop
  endfacet
  facet normal 0.703965 -0.0941642 -0.703965
    outer loop
      vertex 9.93109 0.601599 7.61579
      vertex 8.73273 0.549417 6.42441
      vertex 8.7278 0.601599 6.4125
    endloop
  endfacet
  facet normal 0.703969 -0.0941033 -0.703969
    outer loop
      vertex 8.74053 0.301394 6.46536
      vertex 9.93109 0.601599 7.61579
      vertex 9.94053 0.301394 7.66536
    endloop
  endfacet
  facet normal 0.703968 -0.0940908 -0.703971
    outer loop
      vertex 9.93109 0.601599 7.61579
      vertex 8.74053 0.301394 6.46536
      vertex 8.73273 0.549417 6.42441
    endloop
  endfacet
  facet normal 0.154253 0.975916 -0.154254
    outer loop
      vertex 8.75923 -4.71498 0.981221
      vertex 7.4111 -4.6492 0.0492655
      vertex 8.79275 -4.6492 1.43091
    endloop
  endfacet
  facet normal 0.154252 0.975916 -0.154252
    outer loop
      vertex 7.77801 -4.71498 0
      vertex 7.4111 -4.6492 0.0492655
      vertex 8.75923 -4.71498 0.981221
    endloop
  endfacet
  facet normal 0.154256 0.97592 -0.154225
    outer loop
      vertex 7.4111 -4.6492 0.0492655
      vertex 7.77801 -4.71498 0
      vertex 7.40689 -4.65632 0
    endloop
  endfacet
  facet normal 0.197282 0.960291 -0.197283
    outer loop
      vertex 8.79275 -4.6492 1.43091
      vertex 7.46086 -4.56507 0.508533
      vertex 8.83562 -4.56507 1.88329
    endloop
  endfacet
  facet normal 0.197283 0.960291 -0.197284
    outer loop
      vertex 7.46086 -4.56507 0.508533
      vertex 8.79275 -4.6492 1.43091
      vertex 7.4111 -4.6492 0.0492655
    endloop
  endfacet
  facet normal 0.239512 -0.940887 -0.239513
    outer loop
      vertex 7.52126 4.46293 0.970176
      vertex 8.83562 4.56507 1.88329
      vertex 8.88766 4.46293 2.33657
    endloop
  endfacet
  facet normal 0.239511 -0.940887 -0.239511
    outer loop
      vertex 8.83562 4.56507 1.88329
      vertex 7.52126 4.46293 0.970176
      vertex 7.46086 4.56507 0.508533
    endloop
  endfacet
  facet normal 0.0665505 0.995561 -0.0665536
    outer loop
      vertex 8.19921 -4.76215 0
      vertex 8.72074 -4.79053 0.0969755
      vertex 8.62376 -4.79053 0
    endloop
  endfacet
  facet normal 0.0665499 0.995561 -0.06655
    outer loop
      vertex 8.72074 -4.79053 0.0969755
      vertex 8.19921 -4.76215 0
      vertex 8.7352 -4.76215 0.535989
    endloop
  endfacet
  facet normal 0.665303 0.338728 -0.665308
    outer loop
      vertex 9.78919 -1.767 7.05072
      vertex 8.61977 -1.48328 6.02576
      vertex 9.83413 -1.48328 7.24011
    endloop
  endfacet
  facet normal 0.665304 0.338722 -0.665311
    outer loop
      vertex 8.61977 -1.48328 6.02576
      vertex 9.78919 -1.767 7.05072
      vertex 8.59501 -1.63959 5.92142
    endloop
  endfacet
  facet normal 0.665292 0.338781 -0.665292
    outer loop
      vertex 8.59501 -1.63959 5.92142
      vertex 9.78919 -1.767 7.05072
      vertex 8.56653 -1.767 5.82806
    endloop
  endfacet
  facet normal 0.690083 0.218128 -0.690077
    outer loop
      vertex 9.87658 -1.19371 7.40155
      vertex 8.69965 -0.89943 6.31763
      vertex 9.9044 -0.89943 7.52239
    endloop
  endfacet
  facet normal 0.690083 0.218109 -0.690083
    outer loop
      vertex 8.69965 -0.89943 6.31763
      vertex 9.87658 -1.19371 7.40155
      vertex 8.681 -1.09667 6.23664
    endloop
  endfacet
  facet normal 0.690076 0.218171 -0.69007
    outer loop
      vertex 8.681 -1.09667 6.23664
      vertex 9.87658 -1.19371 7.40155
      vertex 8.66563 -1.19371 6.19059
    endloop
  endfacet
  facet normal 0.280829 0.917753 -0.280827
    outer loop
      vertex 8.88766 -4.46293 2.33657
      vertex 7.59209 -4.34317 1.43237
      vertex 8.94868 -4.34317 2.78897
    endloop
  endfacet
  facet normal 0.280836 0.917748 -0.280837
    outer loop
      vertex 7.59209 -4.34317 1.43237
      vertex 8.88766 -4.46293 2.33657
      vertex 7.52126 -4.46293 0.970176
    endloop
  endfacet
  facet normal 0.679019 -0.279062 -0.679013
    outer loop
      vertex 8.66563 1.19371 6.19059
      vertex 9.87154 1.24707 7.37458
      vertex 9.87658 1.19371 7.40155
    endloop
  endfacet
  facet normal 0.679027 -0.279014 -0.679024
    outer loop
      vertex 9.87154 1.24707 7.37458
      vertex 8.66563 1.19371 6.19059
      vertex 9.83413 1.48328 7.24011
    endloop
  endfacet
  facet normal 0.679029 -0.278983 -0.679035
    outer loop
      vertex 9.83413 1.48328 7.24011
      vertex 8.66563 1.19371 6.19059
      vertex 8.61977 1.48328 6.02576
    endloop
  endfacet
  facet normal 0.690076 -0.218171 -0.69007
    outer loop
      vertex 9.87658 1.19371 7.40155
      vertex 8.681 1.09667 6.23664
      vertex 8.66563 1.19371 6.19059
    endloop
  endfacet
  facet normal 0.690083 -0.218128 -0.690077
    outer loop
      vertex 8.69965 0.89943 6.31763
      vertex 9.87658 1.19371 7.40155
      vertex 9.9044 0.89943 7.52239
    endloop
  endfacet
  facet normal 0.690083 -0.218109 -0.690083
    outer loop
      vertex 9.87658 1.19371 7.40155
      vertex 8.69965 0.89943 6.31763
      vertex 8.681 1.09667 6.23664
    endloop
  endfacet
  facet normal 0.499999 0.707108 -0.499999
    outer loop
      vertex 9.31024 -3.49905 4.9071
      vertex 8.10753 -3.28583 4.00593
      vertex 9.38701 -3.28583 5.28541
    endloop
  endfacet
  facet normal 0.499999 0.707108 -0.499999
    outer loop
      vertex 8.10753 -3.28583 4.00593
      vertex 9.31024 -3.49905 4.9071
      vertex 8.01526 -3.49905 3.61212
    endloop
  endfacet
  facet normal 0.467612 0.750119 -0.467611
    outer loop
      vertex 8.01526 -3.49905 3.61212
      vertex 9.25128 -3.66284 4.5854
      vertex 9.23586 -3.69846 4.51284
    endloop
  endfacet
  facet normal 0.467615 0.750115 -0.467615
    outer loop
      vertex 9.25128 -3.66284 4.5854
      vertex 8.01526 -3.49905 3.61212
      vertex 9.31024 -3.49905 4.9071
    endloop
  endfacet
  facet normal 0.46761 0.750124 -0.467606
    outer loop
      vertex 8.01526 -3.49905 3.61212
      vertex 9.23586 -3.69846 4.51284
      vertex 7.92897 -3.69846 3.20594
    endloop
  endfacet
  facet normal 0.397446 0.827088 -0.397446
    outer loop
      vertex 9.08254 -4.05277 3.66985
      vertex 7.83688 -3.88328 2.7769
      vertex 9.15588 -3.88328 4.0959
    endloop
  endfacet
  facet normal 0.397446 0.827088 -0.397446
    outer loop
      vertex 7.83688 -3.88328 2.7769
      vertex 9.08254 -4.05277 3.66985
      vertex 7.75052 -4.05277 2.33783
    endloop
  endfacet
  facet normal 0.35995 -0.860739 -0.35995
    outer loop
      vertex 7.75052 4.05277 2.33783
      vertex 9.01611 4.20627 3.23636
      vertex 9.08254 4.05277 3.66985
    endloop
  endfacet
  facet normal 0.35995 -0.860739 -0.35995
    outer loop
      vertex 9.01611 4.20627 3.23636
      vertex 7.75052 4.05277 2.33783
      vertex 7.67231 4.20627 1.89256
    endloop
  endfacet
  facet normal 0.63004 0.453981 -0.63004
    outer loop
      vertex 9.67362 -2.31242 6.57219
      vertex 8.50467 -2.04374 5.59684
      vertex 9.73368 -2.04374 6.82585
    endloop
  endfacet
  facet normal 0.63004 0.453981 -0.63004
    outer loop
      vertex 8.50467 -2.04374 5.59684
      vertex 9.67362 -2.31242 6.57219
      vertex 8.4751 -2.17604 5.47194
    endloop
  endfacet
  facet normal 0.63004 0.453982 -0.63004
    outer loop
      vertex 8.4751 -2.17604 5.47194
      vertex 9.67362 -2.31242 6.57219
      vertex 8.43548 -2.31242 5.33405
    endloop
  endfacet
  facet normal 0.022202 0.999507 -0.022203
    outer loop
      vertex 8.72074 -4.79053 0.0969755
      vertex 8.71965 -4.79266 0
      vertex 8.62376 -4.79053 0
    endloop
  endfacet
  facet normal 0.499999 -0.707108 -0.499999
    outer loop
      vertex 8.10753 3.28583 4.00593
      vertex 9.31024 3.49905 4.9071
      vertex 9.38701 3.28583 5.28541
    endloop
  endfacet
  facet normal 0.499999 -0.707108 -0.499999
    outer loop
      vertex 9.31024 3.49905 4.9071
      vertex 8.10753 3.28583 4.00593
      vertex 8.01526 3.49905 3.61212
    endloop
  endfacet
  facet normal 0.995562 0.0941065 0
    outer loop
      vertex 11.3276 0.712672 34.6
      vertex 11.2605 1.42253 28
      vertex 11.2605 1.42253 34.6
    endloop
  endfacet
  facet normal 0.995562 0.0941065 0
    outer loop
      vertex 11.2605 1.42253 28
      vertex 11.3276 0.712672 34.6
      vertex 11.3276 0.712672 28
    endloop
  endfacet
  facet normal 0.999506 0.0314155 0
    outer loop
      vertex 11.35 0 34.6
      vertex 11.3276 0.712672 28
      vertex 11.3276 0.712672 34.6
    endloop
  endfacet
  facet normal 0.999506 0.0314155 0
    outer loop
      vertex 11.3276 0.712672 28
      vertex 11.35 0 34.6
      vertex 11.35 0 28
    endloop
  endfacet
  facet normal 0.987697 0.156377 0
    outer loop
      vertex 11.2605 1.42253 34.6
      vertex 11.149 2.12678 28
      vertex 11.149 2.12678 34.6
    endloop
  endfacet
  facet normal 0.987697 0.156377 0
    outer loop
      vertex 11.149 2.12678 28
      vertex 11.2605 1.42253 34.6
      vertex 11.2605 1.42253 28
    endloop
  endfacet
  facet normal 0.975899 0.218222 0
    outer loop
      vertex 11.149 2.12678 34.6
      vertex 10.9934 2.82263 28
      vertex 10.9934 2.82263 34.6
    endloop
  endfacet
  facet normal 0.975899 0.218222 0
    outer loop
      vertex 10.9934 2.82263 28
      vertex 11.149 2.12678 34.6
      vertex 11.149 2.12678 28
    endloop
  endfacet
  facet normal 0.707107 -0.707107 0
    outer loop
      vertex 7.76961 -8.27379 34.6
      vertex 8.27379 -7.76961 28
      vertex 8.27379 -7.76961 34.6
    endloop
  endfacet
  facet normal 0.707107 -0.707107 0
    outer loop
      vertex 8.27379 -7.76961 28
      vertex 7.76961 -8.27379 34.6
      vertex 7.76961 -8.27379 28
    endloop
  endfacet
  facet normal 0.917742 0.397177 0
    outer loop
      vertex 10.553 4.17821 34.6
      vertex 10.2698 4.83259 28
      vertex 10.2698 4.83259 34.6
    endloop
  endfacet
  facet normal 0.917742 0.397177 0
    outer loop
      vertex 10.2698 4.83259 28
      vertex 10.553 4.17821 34.6
      vertex 10.553 4.17821 28
    endloop
  endfacet
  facet normal -0.79016 0.6129 0
    outer loop
      vertex -9.18234 6.67136 28
      vertex -8.74533 7.23476 34.6
      vertex -8.74533 7.23476 28
    endloop
  endfacet
  facet normal -0.79016 0.6129 0
    outer loop
      vertex -8.74533 7.23476 34.6
      vertex -9.18234 6.67136 28
      vertex -9.18234 6.67136 34.6
    endloop
  endfacet
  facet normal -0.509043 -0.860741 0
    outer loop
      vertex -6.08163 -9.58312 28
      vertex -5.4679 -9.94608 34.6
      vertex -6.08163 -9.58312 34.6
    endloop
  endfacet
  facet normal -0.509043 -0.860741 -0
    outer loop
      vertex -5.4679 -9.94608 34.6
      vertex -6.08163 -9.58312 28
      vertex -5.4679 -9.94608 28
    endloop
  endfacet
  facet normal 0.987697 -0.156377 0
    outer loop
      vertex 11.149 -2.12678 34.6
      vertex 11.2605 -1.42253 28
      vertex 11.2605 -1.42253 34.6
    endloop
  endfacet
  facet normal 0.987697 -0.156377 0
    outer loop
      vertex 11.2605 -1.42253 28
      vertex 11.149 -2.12678 34.6
      vertex 11.149 -2.12678 28
    endloop
  endfacet
  facet normal 0.827081 0.562083 0
    outer loop
      vertex 9.58312 6.08163 34.6
      vertex 9.18234 6.67136 28
      vertex 9.18234 6.67136 34.6
    endloop
  endfacet
  facet normal 0.827081 0.562083 0
    outer loop
      vertex 9.18234 6.67136 28
      vertex 9.58312 6.08163 34.6
      vertex 9.58312 6.08163 28
    endloop
  endfacet
  facet normal 0.940893 0.338703 0
    outer loop
      vertex 10.7945 3.50734 34.6
      vertex 10.553 4.17821 28
      vertex 10.553 4.17821 34.6
    endloop
  endfacet
  facet normal 0.940893 0.338703 0
    outer loop
      vertex 10.553 4.17821 28
      vertex 10.7945 3.50734 34.6
      vertex 10.7945 3.50734 28
    endloop
  endfacet
  facet normal -0.562083 -0.827081 0
    outer loop
      vertex -6.67136 -9.18234 28
      vertex -6.08163 -9.58312 34.6
      vertex -6.67136 -9.18234 34.6
    endloop
  endfacet
  facet normal -0.562083 -0.827081 -0
    outer loop
      vertex -6.08163 -9.58312 34.6
      vertex -6.67136 -9.18234 28
      vertex -6.08163 -9.58312 28
    endloop
  endfacet
  facet normal -0.995562 0.0941065 0
    outer loop
      vertex -11.3276 0.712672 28
      vertex -11.2605 1.42253 34.6
      vertex -11.2605 1.42253 28
    endloop
  endfacet
  facet normal -0.995562 0.0941065 0
    outer loop
      vertex -11.2605 1.42253 34.6
      vertex -11.3276 0.712672 28
      vertex -11.3276 0.712672 34.6
    endloop
  endfacet
  facet normal 0.79016 -0.6129 0
    outer loop
      vertex 8.74533 -7.23476 34.6
      vertex 9.18234 -6.67136 28
      vertex 9.18234 -6.67136 34.6
    endloop
  endfacet
  facet normal 0.79016 -0.6129 0
    outer loop
      vertex 9.18234 -6.67136 28
      vertex 8.74533 -7.23476 34.6
      vertex 8.74533 -7.23476 28
    endloop
  endfacet
  facet normal -0.156377 -0.987697 0
    outer loop
      vertex -2.12678 -11.149 28
      vertex -1.42253 -11.2605 34.6
      vertex -2.12678 -11.149 34.6
    endloop
  endfacet
  facet normal -0.156377 -0.987697 -0
    outer loop
      vertex -1.42253 -11.2605 34.6
      vertex -2.12678 -11.149 28
      vertex -1.42253 -11.2605 28
    endloop
  endfacet
  facet normal -0.397177 0.917742 0
    outer loop
      vertex -4.17821 10.553 28
      vertex -4.83259 10.2698 34.6
      vertex -4.17821 10.553 34.6
    endloop
  endfacet
  facet normal -0.397177 0.917742 0
    outer loop
      vertex -4.83259 10.2698 34.6
      vertex -4.17821 10.553 28
      vertex -4.83259 10.2698 28
    endloop
  endfacet
  facet normal 0.0314155 0.999506 -0
    outer loop
      vertex 0.712672 11.3276 28
      vertex 0 11.35 34.6
      vertex 0.712672 11.3276 34.6
    endloop
  endfacet
  facet normal 0.0314155 0.999506 0
    outer loop
      vertex 0 11.35 34.6
      vertex 0.712672 11.3276 28
      vertex 0 11.35 28
    endloop
  endfacet
  facet normal 0.278957 -0.960304 0
    outer loop
      vertex 2.82263 -10.9934 28
      vertex 3.50734 -10.7945 34.6
      vertex 2.82263 -10.9934 34.6
    endloop
  endfacet
  facet normal 0.278957 -0.960304 0
    outer loop
      vertex 3.50734 -10.7945 34.6
      vertex 2.82263 -10.9934 28
      vertex 3.50734 -10.7945 28
    endloop
  endfacet
  facet normal -0.0314155 -0.999506 0
    outer loop
      vertex -0.712672 -11.3276 28
      vertex 0 -11.35 34.6
      vertex -0.712672 -11.3276 34.6
    endloop
  endfacet
  facet normal -0.0314155 -0.999506 -0
    outer loop
      vertex 0 -11.35 34.6
      vertex -0.712672 -11.3276 28
      vertex 0 -11.35 28
    endloop
  endfacet
  facet normal -0.960304 -0.278957 0
    outer loop
      vertex -10.7945 -3.50734 28
      vertex -10.9934 -2.82263 34.6
      vertex -10.9934 -2.82263 28
    endloop
  endfacet
  facet normal -0.960304 -0.278957 0
    outer loop
      vertex -10.9934 -2.82263 34.6
      vertex -10.7945 -3.50734 28
      vertex -10.7945 -3.50734 34.6
    endloop
  endfacet
  facet normal 0.156377 0.987697 -0
    outer loop
      vertex 2.12678 11.149 28
      vertex 1.42253 11.2605 34.6
      vertex 2.12678 11.149 34.6
    endloop
  endfacet
  facet normal 0.156377 0.987697 0
    outer loop
      vertex 1.42253 11.2605 34.6
      vertex 2.12678 11.149 28
      vertex 1.42253 11.2605 28
    endloop
  endfacet
  facet normal -0.338703 0.940893 0
    outer loop
      vertex -3.50734 10.7945 28
      vertex -4.17821 10.553 34.6
      vertex -3.50734 10.7945 34.6
    endloop
  endfacet
  facet normal -0.338703 0.940893 0
    outer loop
      vertex -4.17821 10.553 34.6
      vertex -3.50734 10.7945 28
      vertex -4.17821 10.553 28
    endloop
  endfacet
  facet normal 0.0314155 -0.999506 0
    outer loop
      vertex 0 -11.35 28
      vertex 0.712672 -11.3276 34.6
      vertex 0 -11.35 34.6
    endloop
  endfacet
  facet normal 0.0314155 -0.999506 0
    outer loop
      vertex 0.712672 -11.3276 34.6
      vertex 0 -11.35 28
      vertex 0.712672 -11.3276 28
    endloop
  endfacet
  facet normal -0.827081 -0.562083 0
    outer loop
      vertex -9.18234 -6.67136 28
      vertex -9.58312 -6.08163 34.6
      vertex -9.58312 -6.08163 28
    endloop
  endfacet
  facet normal -0.827081 -0.562083 0
    outer loop
      vertex -9.58312 -6.08163 34.6
      vertex -9.18234 -6.67136 28
      vertex -9.18234 -6.67136 34.6
    endloop
  endfacet
  facet normal 0.156377 -0.987697 0
    outer loop
      vertex 1.42253 -11.2605 28
      vertex 2.12678 -11.149 34.6
      vertex 1.42253 -11.2605 34.6
    endloop
  endfacet
  facet normal 0.156377 -0.987697 0
    outer loop
      vertex 2.12678 -11.149 34.6
      vertex 1.42253 -11.2605 28
      vertex 2.12678 -11.149 28
    endloop
  endfacet
  facet normal 0.890999 -0.454005 0
    outer loop
      vertex 9.94608 -5.4679 34.6
      vertex 10.2698 -4.83259 28
      vertex 10.2698 -4.83259 34.6
    endloop
  endfacet
  facet normal 0.890999 -0.454005 0
    outer loop
      vertex 10.2698 -4.83259 28
      vertex 9.94608 -5.4679 34.6
      vertex 9.94608 -5.4679 28
    endloop
  endfacet
  facet normal 0.975899 -0.218222 0
    outer loop
      vertex 10.9934 -2.82263 34.6
      vertex 11.149 -2.12678 28
      vertex 11.149 -2.12678 34.6
    endloop
  endfacet
  facet normal 0.975899 -0.218222 0
    outer loop
      vertex 11.149 -2.12678 28
      vertex 10.9934 -2.82263 34.6
      vertex 10.9934 -2.82263 28
    endloop
  endfacet
  facet normal -0.6129 0.79016 0
    outer loop
      vertex -6.67136 9.18234 28
      vertex -7.23476 8.74533 34.6
      vertex -6.67136 9.18234 34.6
    endloop
  endfacet
  facet normal -0.6129 0.79016 0
    outer loop
      vertex -7.23476 8.74533 34.6
      vertex -6.67136 9.18234 28
      vertex -7.23476 8.74533 28
    endloop
  endfacet
  facet normal -0.995562 -0.0941065 0
    outer loop
      vertex -11.2605 -1.42253 28
      vertex -11.3276 -0.712672 34.6
      vertex -11.3276 -0.712672 28
    endloop
  endfacet
  facet normal -0.995562 -0.0941065 0
    outer loop
      vertex -11.3276 -0.712672 34.6
      vertex -11.2605 -1.42253 28
      vertex -11.2605 -1.42253 34.6
    endloop
  endfacet
  facet normal -0.999506 0.0314155 0
    outer loop
      vertex -11.35 0 28
      vertex -11.3276 0.712672 34.6
      vertex -11.3276 0.712672 28
    endloop
  endfacet
  facet normal -0.999506 0.0314155 0
    outer loop
      vertex -11.3276 0.712672 34.6
      vertex -11.35 0 28
      vertex -11.35 0 34.6
    endloop
  endfacet
  facet normal -0.860741 0.509043 0
    outer loop
      vertex -9.94608 5.4679 28
      vertex -9.58312 6.08163 34.6
      vertex -9.58312 6.08163 28
    endloop
  endfacet
  facet normal -0.860741 0.509043 0
    outer loop
      vertex -9.58312 6.08163 34.6
      vertex -9.94608 5.4679 28
      vertex -9.94608 5.4679 34.6
    endloop
  endfacet
  facet normal 0.397177 -0.917742 0
    outer loop
      vertex 4.17821 -10.553 28
      vertex 4.83259 -10.2698 34.6
      vertex 4.17821 -10.553 34.6
    endloop
  endfacet
  facet normal 0.397177 -0.917742 0
    outer loop
      vertex 4.83259 -10.2698 34.6
      vertex 4.17821 -10.553 28
      vertex 4.83259 -10.2698 28
    endloop
  endfacet
  facet normal 0.454005 0.890999 -0
    outer loop
      vertex 5.4679 9.94608 28
      vertex 4.83259 10.2698 34.6
      vertex 5.4679 9.94608 34.6
    endloop
  endfacet
  facet normal 0.454005 0.890999 0
    outer loop
      vertex 4.83259 10.2698 34.6
      vertex 5.4679 9.94608 28
      vertex 4.83259 10.2698 28
    endloop
  endfacet
  facet normal 0.6129 -0.79016 0
    outer loop
      vertex 6.67136 -9.18234 28
      vertex 7.23476 -8.74533 34.6
      vertex 6.67136 -9.18234 34.6
    endloop
  endfacet
  facet normal 0.6129 -0.79016 0
    outer loop
      vertex 7.23476 -8.74533 34.6
      vertex 6.67136 -9.18234 28
      vertex 7.23476 -8.74533 28
    endloop
  endfacet
  facet normal -0.975899 -0.218222 0
    outer loop
      vertex -10.9934 -2.82263 28
      vertex -11.149 -2.12678 34.6
      vertex -11.149 -2.12678 28
    endloop
  endfacet
  facet normal -0.975899 -0.218222 0
    outer loop
      vertex -11.149 -2.12678 34.6
      vertex -10.9934 -2.82263 28
      vertex -10.9934 -2.82263 34.6
    endloop
  endfacet
  facet normal 0.338703 0.940893 -0
    outer loop
      vertex 4.17821 10.553 28
      vertex 3.50734 10.7945 34.6
      vertex 4.17821 10.553 34.6
    endloop
  endfacet
  facet normal 0.338703 0.940893 0
    outer loop
      vertex 3.50734 10.7945 34.6
      vertex 4.17821 10.553 28
      vertex 3.50734 10.7945 28
    endloop
  endfacet
  facet normal 0.509043 0.860741 -0
    outer loop
      vertex 6.08163 9.58312 28
      vertex 5.4679 9.94608 34.6
      vertex 6.08163 9.58312 34.6
    endloop
  endfacet
  facet normal 0.509043 0.860741 0
    outer loop
      vertex 5.4679 9.94608 34.6
      vertex 6.08163 9.58312 28
      vertex 5.4679 9.94608 28
    endloop
  endfacet
  facet normal -0.6129 -0.79016 0
    outer loop
      vertex -7.23476 -8.74533 28
      vertex -6.67136 -9.18234 34.6
      vertex -7.23476 -8.74533 34.6
    endloop
  endfacet
  facet normal -0.6129 -0.79016 -0
    outer loop
      vertex -6.67136 -9.18234 34.6
      vertex -7.23476 -8.74533 28
      vertex -6.67136 -9.18234 28
    endloop
  endfacet
  facet normal 0.338703 -0.940893 0
    outer loop
      vertex 3.50734 -10.7945 28
      vertex 4.17821 -10.553 34.6
      vertex 3.50734 -10.7945 34.6
    endloop
  endfacet
  facet normal 0.338703 -0.940893 0
    outer loop
      vertex 4.17821 -10.553 34.6
      vertex 3.50734 -10.7945 28
      vertex 4.17821 -10.553 28
    endloop
  endfacet
  facet normal 0.960304 0.278957 0
    outer loop
      vertex 10.9934 2.82263 34.6
      vertex 10.7945 3.50734 28
      vertex 10.7945 3.50734 34.6
    endloop
  endfacet
  facet normal 0.960304 0.278957 0
    outer loop
      vertex 10.7945 3.50734 28
      vertex 10.9934 2.82263 34.6
      vertex 10.9934 2.82263 28
    endloop
  endfacet
  facet normal -0.0941065 0.995562 0
    outer loop
      vertex -0.712672 11.3276 28
      vertex -1.42253 11.2605 34.6
      vertex -0.712672 11.3276 34.6
    endloop
  endfacet
  facet normal -0.0941065 0.995562 0
    outer loop
      vertex -1.42253 11.2605 34.6
      vertex -0.712672 11.3276 28
      vertex -1.42253 11.2605 28
    endloop
  endfacet
  facet normal 0.397177 0.917742 -0
    outer loop
      vertex 4.83259 10.2698 28
      vertex 4.17821 10.553 34.6
      vertex 4.83259 10.2698 34.6
    endloop
  endfacet
  facet normal 0.397177 0.917742 0
    outer loop
      vertex 4.17821 10.553 34.6
      vertex 4.83259 10.2698 28
      vertex 4.17821 10.553 28
    endloop
  endfacet
  facet normal -0.454005 0.890999 0
    outer loop
      vertex -4.83259 10.2698 28
      vertex -5.4679 9.94608 34.6
      vertex -4.83259 10.2698 34.6
    endloop
  endfacet
  facet normal -0.454005 0.890999 0
    outer loop
      vertex -5.4679 9.94608 34.6
      vertex -4.83259 10.2698 28
      vertex -5.4679 9.94608 28
    endloop
  endfacet
  facet normal -0.707107 -0.707107 0
    outer loop
      vertex -7.76961 -8.27379 28
      vertex -8.27379 -7.76961 34.6
      vertex -8.27379 -7.76961 28
    endloop
  endfacet
  facet normal -0.707107 -0.707107 0
    outer loop
      vertex -8.27379 -7.76961 34.6
      vertex -7.76961 -8.27379 28
      vertex -7.76961 -8.27379 34.6
    endloop
  endfacet
  facet normal 0.6129 0.79016 -0
    outer loop
      vertex 7.23476 8.74533 28
      vertex 6.67136 9.18234 34.6
      vertex 7.23476 8.74533 34.6
    endloop
  endfacet
  facet normal 0.6129 0.79016 0
    outer loop
      vertex 6.67136 9.18234 34.6
      vertex 7.23476 8.74533 28
      vertex 6.67136 9.18234 28
    endloop
  endfacet
  facet normal -0.917742 0.397177 0
    outer loop
      vertex -10.553 4.17821 28
      vertex -10.2698 4.83259 34.6
      vertex -10.2698 4.83259 28
    endloop
  endfacet
  facet normal -0.917742 0.397177 0
    outer loop
      vertex -10.2698 4.83259 34.6
      vertex -10.553 4.17821 28
      vertex -10.553 4.17821 34.6
    endloop
  endfacet
  facet normal -0.750107 -0.661317 0
    outer loop
      vertex -8.27379 -7.76961 28
      vertex -8.74533 -7.23476 34.6
      vertex -8.74533 -7.23476 28
    endloop
  endfacet
  facet normal -0.750107 -0.661317 0
    outer loop
      vertex -8.74533 -7.23476 34.6
      vertex -8.27379 -7.76961 28
      vertex -8.27379 -7.76961 34.6
    endloop
  endfacet
  facet normal -0.975899 0.218222 0
    outer loop
      vertex -11.149 2.12678 28
      vertex -10.9934 2.82263 34.6
      vertex -10.9934 2.82263 28
    endloop
  endfacet
  facet normal -0.975899 0.218222 0
    outer loop
      vertex -10.9934 2.82263 34.6
      vertex -11.149 2.12678 28
      vertex -11.149 2.12678 34.6
    endloop
  endfacet
  facet normal -0.397177 -0.917742 0
    outer loop
      vertex -4.83259 -10.2698 28
      vertex -4.17821 -10.553 34.6
      vertex -4.83259 -10.2698 34.6
    endloop
  endfacet
  facet normal -0.397177 -0.917742 -0
    outer loop
      vertex -4.17821 -10.553 34.6
      vertex -4.83259 -10.2698 28
      vertex -4.17821 -10.553 28
    endloop
  endfacet
  facet normal -0.0941065 -0.995562 0
    outer loop
      vertex -1.42253 -11.2605 28
      vertex -0.712672 -11.3276 34.6
      vertex -1.42253 -11.2605 34.6
    endloop
  endfacet
  facet normal -0.0941065 -0.995562 -0
    outer loop
      vertex -0.712672 -11.3276 34.6
      vertex -1.42253 -11.2605 28
      vertex -0.712672 -11.3276 28
    endloop
  endfacet
  facet normal 0.750107 0.661317 0
    outer loop
      vertex 8.74533 7.23476 34.6
      vertex 8.27379 7.76961 28
      vertex 8.27379 7.76961 34.6
    endloop
  endfacet
  facet normal 0.750107 0.661317 0
    outer loop
      vertex 8.27379 7.76961 28
      vertex 8.74533 7.23476 34.6
      vertex 8.74533 7.23476 28
    endloop
  endfacet
  facet normal 0.562083 -0.827081 0
    outer loop
      vertex 6.08163 -9.58312 28
      vertex 6.67136 -9.18234 34.6
      vertex 6.08163 -9.58312 34.6
    endloop
  endfacet
  facet normal 0.562083 -0.827081 0
    outer loop
      vertex 6.67136 -9.18234 34.6
      vertex 6.08163 -9.58312 28
      vertex 6.67136 -9.18234 28
    endloop
  endfacet
  facet normal -0.218222 0.975899 0
    outer loop
      vertex -2.12678 11.149 28
      vertex -2.82263 10.9934 34.6
      vertex -2.12678 11.149 34.6
    endloop
  endfacet
  facet normal -0.218222 0.975899 0
    outer loop
      vertex -2.82263 10.9934 34.6
      vertex -2.12678 11.149 28
      vertex -2.82263 10.9934 28
    endloop
  endfacet
  facet normal 0.860741 -0.509043 0
    outer loop
      vertex 9.58312 -6.08163 34.6
      vertex 9.94608 -5.4679 28
      vertex 9.94608 -5.4679 34.6
    endloop
  endfacet
  facet normal 0.860741 -0.509043 0
    outer loop
      vertex 9.94608 -5.4679 28
      vertex 9.58312 -6.08163 34.6
      vertex 9.58312 -6.08163 28
    endloop
  endfacet
  facet normal 0.995562 -0.0941065 0
    outer loop
      vertex 11.2605 -1.42253 34.6
      vertex 11.3276 -0.712672 28
      vertex 11.3276 -0.712672 34.6
    endloop
  endfacet
  facet normal 0.995562 -0.0941065 0
    outer loop
      vertex 11.3276 -0.712672 28
      vertex 11.2605 -1.42253 34.6
      vertex 11.2605 -1.42253 28
    endloop
  endfacet
  facet normal 0.999506 -0.0314155 0
    outer loop
      vertex 11.3276 -0.712672 34.6
      vertex 11.35 0 28
      vertex 11.35 0 34.6
    endloop
  endfacet
  facet normal 0.999506 -0.0314155 0
    outer loop
      vertex 11.35 0 28
      vertex 11.3276 -0.712672 34.6
      vertex 11.3276 -0.712672 28
    endloop
  endfacet
  facet normal -0.827081 0.562083 0
    outer loop
      vertex -9.58312 6.08163 28
      vertex -9.18234 6.67136 34.6
      vertex -9.18234 6.67136 28
    endloop
  endfacet
  facet normal -0.827081 0.562083 0
    outer loop
      vertex -9.18234 6.67136 34.6
      vertex -9.58312 6.08163 28
      vertex -9.58312 6.08163 34.6
    endloop
  endfacet
  facet normal -0.890999 -0.454005 0
    outer loop
      vertex -9.94608 -5.4679 28
      vertex -10.2698 -4.83259 34.6
      vertex -10.2698 -4.83259 28
    endloop
  endfacet
  facet normal -0.890999 -0.454005 0
    outer loop
      vertex -10.2698 -4.83259 34.6
      vertex -9.94608 -5.4679 28
      vertex -9.94608 -5.4679 34.6
    endloop
  endfacet
  facet normal -0.278957 0.960304 0
    outer loop
      vertex -2.82263 10.9934 28
      vertex -3.50734 10.7945 34.6
      vertex -2.82263 10.9934 34.6
    endloop
  endfacet
  facet normal -0.278957 0.960304 0
    outer loop
      vertex -3.50734 10.7945 34.6
      vertex -2.82263 10.9934 28
      vertex -3.50734 10.7945 28
    endloop
  endfacet
  facet normal 0.750107 -0.661317 0
    outer loop
      vertex 8.27379 -7.76961 34.6
      vertex 8.74533 -7.23476 28
      vertex 8.74533 -7.23476 34.6
    endloop
  endfacet
  facet normal 0.750107 -0.661317 0
    outer loop
      vertex 8.74533 -7.23476 28
      vertex 8.27379 -7.76961 34.6
      vertex 8.27379 -7.76961 28
    endloop
  endfacet
  facet normal -0.278957 -0.960304 0
    outer loop
      vertex -3.50734 -10.7945 28
      vertex -2.82263 -10.9934 34.6
      vertex -3.50734 -10.7945 34.6
    endloop
  endfacet
  facet normal -0.278957 -0.960304 -0
    outer loop
      vertex -2.82263 -10.9934 34.6
      vertex -3.50734 -10.7945 28
      vertex -2.82263 -10.9934 28
    endloop
  endfacet
  facet normal 0.0941065 0.995562 -0
    outer loop
      vertex 1.42253 11.2605 28
      vertex 0.712672 11.3276 34.6
      vertex 1.42253 11.2605 34.6
    endloop
  endfacet
  facet normal 0.0941065 0.995562 0
    outer loop
      vertex 0.712672 11.3276 34.6
      vertex 1.42253 11.2605 28
      vertex 0.712672 11.3276 28
    endloop
  endfacet
  facet normal 0.890999 0.454005 0
    outer loop
      vertex 10.2698 4.83259 34.6
      vertex 9.94608 5.4679 28
      vertex 9.94608 5.4679 34.6
    endloop
  endfacet
  facet normal 0.890999 0.454005 0
    outer loop
      vertex 9.94608 5.4679 28
      vertex 10.2698 4.83259 34.6
      vertex 10.2698 4.83259 28
    endloop
  endfacet
  facet normal 0.661317 -0.750107 0
    outer loop
      vertex 7.23476 -8.74533 28
      vertex 7.76961 -8.27379 34.6
      vertex 7.23476 -8.74533 34.6
    endloop
  endfacet
  facet normal 0.661317 -0.750107 0
    outer loop
      vertex 7.76961 -8.27379 34.6
      vertex 7.23476 -8.74533 28
      vertex 7.76961 -8.27379 28
    endloop
  endfacet
  facet normal 0.454005 -0.890999 0
    outer loop
      vertex 4.83259 -10.2698 28
      vertex 5.4679 -9.94608 34.6
      vertex 4.83259 -10.2698 34.6
    endloop
  endfacet
  facet normal 0.454005 -0.890999 0
    outer loop
      vertex 5.4679 -9.94608 34.6
      vertex 4.83259 -10.2698 28
      vertex 5.4679 -9.94608 28
    endloop
  endfacet
  facet normal 0.278957 0.960304 -0
    outer loop
      vertex 3.50734 10.7945 28
      vertex 2.82263 10.9934 34.6
      vertex 3.50734 10.7945 34.6
    endloop
  endfacet
  facet normal 0.278957 0.960304 0
    outer loop
      vertex 2.82263 10.9934 34.6
      vertex 3.50734 10.7945 28
      vertex 2.82263 10.9934 28
    endloop
  endfacet
  facet normal -0.960304 0.278957 0
    outer loop
      vertex -10.9934 2.82263 28
      vertex -10.7945 3.50734 34.6
      vertex -10.7945 3.50734 28
    endloop
  endfacet
  facet normal -0.960304 0.278957 0
    outer loop
      vertex -10.7945 3.50734 34.6
      vertex -10.9934 2.82263 28
      vertex -10.9934 2.82263 34.6
    endloop
  endfacet
  facet normal 0.0941065 -0.995562 0
    outer loop
      vertex 0.712672 -11.3276 28
      vertex 1.42253 -11.2605 34.6
      vertex 0.712672 -11.3276 34.6
    endloop
  endfacet
  facet normal 0.0941065 -0.995562 0
    outer loop
      vertex 1.42253 -11.2605 34.6
      vertex 0.712672 -11.3276 28
      vertex 1.42253 -11.2605 28
    endloop
  endfacet
  facet normal 0.79016 0.6129 0
    outer loop
      vertex 9.18234 6.67136 34.6
      vertex 8.74533 7.23476 28
      vertex 8.74533 7.23476 34.6
    endloop
  endfacet
  facet normal 0.79016 0.6129 0
    outer loop
      vertex 8.74533 7.23476 28
      vertex 9.18234 6.67136 34.6
      vertex 9.18234 6.67136 28
    endloop
  endfacet
  facet normal 0.562083 0.827081 -0
    outer loop
      vertex 6.67136 9.18234 28
      vertex 6.08163 9.58312 34.6
      vertex 6.67136 9.18234 34.6
    endloop
  endfacet
  facet normal 0.562083 0.827081 0
    outer loop
      vertex 6.08163 9.58312 34.6
      vertex 6.67136 9.18234 28
      vertex 6.08163 9.58312 28
    endloop
  endfacet
  facet normal -0.454005 -0.890999 0
    outer loop
      vertex -5.4679 -9.94608 28
      vertex -4.83259 -10.2698 34.6
      vertex -5.4679 -9.94608 34.6
    endloop
  endfacet
  facet normal -0.454005 -0.890999 -0
    outer loop
      vertex -4.83259 -10.2698 34.6
      vertex -5.4679 -9.94608 28
      vertex -4.83259 -10.2698 28
    endloop
  endfacet
  facet normal 0.860741 0.509043 0
    outer loop
      vertex 9.94608 5.4679 34.6
      vertex 9.58312 6.08163 28
      vertex 9.58312 6.08163 34.6
    endloop
  endfacet
  facet normal 0.860741 0.509043 0
    outer loop
      vertex 9.58312 6.08163 28
      vertex 9.94608 5.4679 34.6
      vertex 9.94608 5.4679 28
    endloop
  endfacet
  facet normal 0.509043 -0.860741 0
    outer loop
      vertex 5.4679 -9.94608 28
      vertex 6.08163 -9.58312 34.6
      vertex 5.4679 -9.94608 34.6
    endloop
  endfacet
  facet normal 0.509043 -0.860741 0
    outer loop
      vertex 6.08163 -9.58312 34.6
      vertex 5.4679 -9.94608 28
      vertex 6.08163 -9.58312 28
    endloop
  endfacet
  facet normal -0.999506 -0.0314155 0
    outer loop
      vertex -11.3276 -0.712672 28
      vertex -11.35 0 34.6
      vertex -11.35 0 28
    endloop
  endfacet
  facet normal -0.999506 -0.0314155 0
    outer loop
      vertex -11.35 0 34.6
      vertex -11.3276 -0.712672 28
      vertex -11.3276 -0.712672 34.6
    endloop
  endfacet
  facet normal 0.827081 -0.562083 0
    outer loop
      vertex 9.18234 -6.67136 34.6
      vertex 9.58312 -6.08163 28
      vertex 9.58312 -6.08163 34.6
    endloop
  endfacet
  facet normal 0.827081 -0.562083 0
    outer loop
      vertex 9.58312 -6.08163 28
      vertex 9.18234 -6.67136 34.6
      vertex 9.18234 -6.67136 28
    endloop
  endfacet
  facet normal -0.79016 -0.6129 0
    outer loop
      vertex -8.74533 -7.23476 28
      vertex -9.18234 -6.67136 34.6
      vertex -9.18234 -6.67136 28
    endloop
  endfacet
  facet normal -0.79016 -0.6129 0
    outer loop
      vertex -9.18234 -6.67136 34.6
      vertex -8.74533 -7.23476 28
      vertex -8.74533 -7.23476 34.6
    endloop
  endfacet
  facet normal -0.940893 0.338703 0
    outer loop
      vertex -10.7945 3.50734 28
      vertex -10.553 4.17821 34.6
      vertex -10.553 4.17821 28
    endloop
  endfacet
  facet normal -0.940893 0.338703 0
    outer loop
      vertex -10.553 4.17821 34.6
      vertex -10.7945 3.50734 28
      vertex -10.7945 3.50734 34.6
    endloop
  endfacet
  facet normal -0.338703 -0.940893 0
    outer loop
      vertex -4.17821 -10.553 28
      vertex -3.50734 -10.7945 34.6
      vertex -4.17821 -10.553 34.6
    endloop
  endfacet
  facet normal -0.338703 -0.940893 -0
    outer loop
      vertex -3.50734 -10.7945 34.6
      vertex -4.17821 -10.553 28
      vertex -3.50734 -10.7945 28
    endloop
  endfacet
  facet normal 0.960304 -0.278957 0
    outer loop
      vertex 10.7945 -3.50734 34.6
      vertex 10.9934 -2.82263 28
      vertex 10.9934 -2.82263 34.6
    endloop
  endfacet
  facet normal 0.960304 -0.278957 0
    outer loop
      vertex 10.9934 -2.82263 28
      vertex 10.7945 -3.50734 34.6
      vertex 10.7945 -3.50734 28
    endloop
  endfacet
  facet normal -0.156377 0.987697 0
    outer loop
      vertex -1.42253 11.2605 28
      vertex -2.12678 11.149 34.6
      vertex -1.42253 11.2605 34.6
    endloop
  endfacet
  facet normal -0.156377 0.987697 0
    outer loop
      vertex -2.12678 11.149 34.6
      vertex -1.42253 11.2605 28
      vertex -2.12678 11.149 28
    endloop
  endfacet
  facet normal -0.707107 0.707107 0
    outer loop
      vertex -8.27379 7.76961 28
      vertex -7.76961 8.27379 34.6
      vertex -7.76961 8.27379 28
    endloop
  endfacet
  facet normal -0.707107 0.707107 0
    outer loop
      vertex -7.76961 8.27379 34.6
      vertex -8.27379 7.76961 28
      vertex -8.27379 7.76961 34.6
    endloop
  endfacet
  facet normal 0.218222 0.975899 -0
    outer loop
      vertex 2.82263 10.9934 28
      vertex 2.12678 11.149 34.6
      vertex 2.82263 10.9934 34.6
    endloop
  endfacet
  facet normal 0.218222 0.975899 0
    outer loop
      vertex 2.12678 11.149 34.6
      vertex 2.82263 10.9934 28
      vertex 2.12678 11.149 28
    endloop
  endfacet
  facet normal -0.661317 0.750107 0
    outer loop
      vertex -7.23476 8.74533 28
      vertex -7.76961 8.27379 34.6
      vertex -7.23476 8.74533 34.6
    endloop
  endfacet
  facet normal -0.661317 0.750107 0
    outer loop
      vertex -7.76961 8.27379 34.6
      vertex -7.23476 8.74533 28
      vertex -7.76961 8.27379 28
    endloop
  endfacet
  facet normal 0.661317 0.750107 -0
    outer loop
      vertex 7.76961 8.27379 28
      vertex 7.23476 8.74533 34.6
      vertex 7.76961 8.27379 34.6
    endloop
  endfacet
  facet normal 0.661317 0.750107 0
    outer loop
      vertex 7.23476 8.74533 34.6
      vertex 7.76961 8.27379 28
      vertex 7.23476 8.74533 28
    endloop
  endfacet
  facet normal -0.562083 0.827081 0
    outer loop
      vertex -6.08163 9.58312 28
      vertex -6.67136 9.18234 34.6
      vertex -6.08163 9.58312 34.6
    endloop
  endfacet
  facet normal -0.562083 0.827081 0
    outer loop
      vertex -6.67136 9.18234 34.6
      vertex -6.08163 9.58312 28
      vertex -6.67136 9.18234 28
    endloop
  endfacet
  facet normal -0.890999 0.454005 0
    outer loop
      vertex -10.2698 4.83259 28
      vertex -9.94608 5.4679 34.6
      vertex -9.94608 5.4679 28
    endloop
  endfacet
  facet normal -0.890999 0.454005 0
    outer loop
      vertex -9.94608 5.4679 34.6
      vertex -10.2698 4.83259 28
      vertex -10.2698 4.83259 34.6
    endloop
  endfacet
  facet normal 0.218222 -0.975899 0
    outer loop
      vertex 2.12678 -11.149 28
      vertex 2.82263 -10.9934 34.6
      vertex 2.12678 -11.149 34.6
    endloop
  endfacet
  facet normal 0.218222 -0.975899 0
    outer loop
      vertex 2.82263 -10.9934 34.6
      vertex 2.12678 -11.149 28
      vertex 2.82263 -10.9934 28
    endloop
  endfacet
  facet normal -0.987697 -0.156377 0
    outer loop
      vertex -11.149 -2.12678 28
      vertex -11.2605 -1.42253 34.6
      vertex -11.2605 -1.42253 28
    endloop
  endfacet
  facet normal -0.987697 -0.156377 0
    outer loop
      vertex -11.2605 -1.42253 34.6
      vertex -11.149 -2.12678 28
      vertex -11.149 -2.12678 34.6
    endloop
  endfacet
  facet normal -0.509043 0.860741 0
    outer loop
      vertex -5.4679 9.94608 28
      vertex -6.08163 9.58312 34.6
      vertex -5.4679 9.94608 34.6
    endloop
  endfacet
  facet normal -0.509043 0.860741 0
    outer loop
      vertex -6.08163 9.58312 34.6
      vertex -5.4679 9.94608 28
      vertex -6.08163 9.58312 28
    endloop
  endfacet
  facet normal -0.750107 0.661317 0
    outer loop
      vertex -8.74533 7.23476 28
      vertex -8.27379 7.76961 34.6
      vertex -8.27379 7.76961 28
    endloop
  endfacet
  facet normal -0.750107 0.661317 0
    outer loop
      vertex -8.27379 7.76961 34.6
      vertex -8.74533 7.23476 28
      vertex -8.74533 7.23476 34.6
    endloop
  endfacet
  facet normal -0.0314155 0.999506 0
    outer loop
      vertex 0 11.35 28
      vertex -0.712672 11.3276 34.6
      vertex 0 11.35 34.6
    endloop
  endfacet
  facet normal -0.0314155 0.999506 0
    outer loop
      vertex -0.712672 11.3276 34.6
      vertex 0 11.35 28
      vertex -0.712672 11.3276 28
    endloop
  endfacet
  facet normal -0.661317 -0.750107 0
    outer loop
      vertex -7.76961 -8.27379 28
      vertex -7.23476 -8.74533 34.6
      vertex -7.76961 -8.27379 34.6
    endloop
  endfacet
  facet normal -0.661317 -0.750107 -0
    outer loop
      vertex -7.23476 -8.74533 34.6
      vertex -7.76961 -8.27379 28
      vertex -7.23476 -8.74533 28
    endloop
  endfacet
  facet normal -0.987697 0.156377 0
    outer loop
      vertex -11.2605 1.42253 28
      vertex -11.149 2.12678 34.6
      vertex -11.149 2.12678 28
    endloop
  endfacet
  facet normal -0.987697 0.156377 0
    outer loop
      vertex -11.149 2.12678 34.6
      vertex -11.2605 1.42253 28
      vertex -11.2605 1.42253 34.6
    endloop
  endfacet
  facet normal -0.940893 -0.338703 0
    outer loop
      vertex -10.553 -4.17821 28
      vertex -10.7945 -3.50734 34.6
      vertex -10.7945 -3.50734 28
    endloop
  endfacet
  facet normal -0.940893 -0.338703 0
    outer loop
      vertex -10.7945 -3.50734 34.6
      vertex -10.553 -4.17821 28
      vertex -10.553 -4.17821 34.6
    endloop
  endfacet
  facet normal -0.917742 -0.397177 0
    outer loop
      vertex -10.2698 -4.83259 28
      vertex -10.553 -4.17821 34.6
      vertex -10.553 -4.17821 28
    endloop
  endfacet
  facet normal -0.917742 -0.397177 0
    outer loop
      vertex -10.553 -4.17821 34.6
      vertex -10.2698 -4.83259 28
      vertex -10.2698 -4.83259 34.6
    endloop
  endfacet
  facet normal 0.917742 -0.397177 0
    outer loop
      vertex 10.2698 -4.83259 34.6
      vertex 10.553 -4.17821 28
      vertex 10.553 -4.17821 34.6
    endloop
  endfacet
  facet normal 0.917742 -0.397177 0
    outer loop
      vertex 10.553 -4.17821 28
      vertex 10.2698 -4.83259 34.6
      vertex 10.2698 -4.83259 28
    endloop
  endfacet
  facet normal 0.940893 -0.338703 0
    outer loop
      vertex 10.553 -4.17821 34.6
      vertex 10.7945 -3.50734 28
      vertex 10.7945 -3.50734 34.6
    endloop
  endfacet
  facet normal 0.940893 -0.338703 0
    outer loop
      vertex 10.7945 -3.50734 28
      vertex 10.553 -4.17821 34.6
      vertex 10.553 -4.17821 28
    endloop
  endfacet
  facet normal 0.707107 0.707107 0
    outer loop
      vertex 8.27379 7.76961 34.6
      vertex 7.76961 8.27379 28
      vertex 7.76961 8.27379 34.6
    endloop
  endfacet
  facet normal 0.707107 0.707107 0
    outer loop
      vertex 7.76961 8.27379 28
      vertex 8.27379 7.76961 34.6
      vertex 8.27379 7.76961 28
    endloop
  endfacet
  facet normal -0.218222 -0.975899 0
    outer loop
      vertex -2.82263 -10.9934 28
      vertex -2.12678 -11.149 34.6
      vertex -2.82263 -10.9934 34.6
    endloop
  endfacet
  facet normal -0.218222 -0.975899 -0
    outer loop
      vertex -2.12678 -11.149 34.6
      vertex -2.82263 -10.9934 28
      vertex -2.12678 -11.149 28
    endloop
  endfacet
  facet normal -0.860741 -0.509043 0
    outer loop
      vertex -9.58312 -6.08163 28
      vertex -9.94608 -5.4679 34.6
      vertex -9.94608 -5.4679 28
    endloop
  endfacet
  facet normal -0.860741 -0.509043 0
    outer loop
      vertex -9.94608 -5.4679 34.6
      vertex -9.58312 -6.08163 28
      vertex -9.58312 -6.08163 34.6
    endloop
  endfacet
  facet normal -0.716093 -0.555449 -0.422714
    outer loop
      vertex -8.74533 -7.23476 28
      vertex -9.18234 -6.67136 28
      vertex -8.04972 -5.84846 25
    endloop
  endfacet
  facet normal -0.461327 0.780058 -0.422713
    outer loop
      vertex -5.33148 8.40106 25
      vertex -6.08163 9.58312 28
      vertex -5.4679 9.94608 28
    endloop
  endfacet
  facet normal -0.852694 -0.306953 -0.422721
    outer loop
      vertex -10.553 -4.17821 28
      vertex -10.7945 -3.50734 28
      vertex -9.25128 -3.66284 25
    endloop
  endfacet
  facet normal -0.197702 -0.884438 -0.42271
    outer loop
      vertex -1.86444 -9.77376 25
      vertex -2.82263 -10.9934 28
      vertex -2.47446 -9.6374 25
    endloop
  endfacet
  facet normal 0.905816 0.0284707 -0.422714
    outer loop
      vertex 11.35 0 28
      vertex 9.95 0 25
      vertex 11.3276 0.712672 28
    endloop
  endfacet
  facet normal 0.905817 0.0284606 -0.422712
    outer loop
      vertex 9.95 0 25
      vertex 9.93037 0.624765 25
      vertex 11.3276 0.712672 28
    endloop
  endfacet
  facet normal -0.902241 0.0852852 -0.422714
    outer loop
      vertex -9.87154 1.24707 25
      vertex -11.3276 0.712672 28
      vertex -11.2605 1.42253 28
    endloop
  endfacet
  facet normal -0.852687 0.306977 -0.422716
    outer loop
      vertex -9.46301 3.07472 25
      vertex -10.7945 3.50734 28
      vertex -9.25128 3.66284 25
    endloop
  endfacet
  facet normal 0.807487 0.411435 -0.422714
    outer loop
      vertex 9.00303 4.2365 25
      vertex 8.71925 4.79345 25
      vertex 9.94608 5.4679 28
    endloop
  endfacet
  facet normal -0.141718 -0.895114 -0.422714
    outer loop
      vertex -1.42253 -11.2605 28
      vertex -2.12678 -11.149 28
      vertex -1.24707 -9.87154 25
    endloop
  endfacet
  facet normal 0.831713 -0.359945 -0.422721
    outer loop
      vertex 10.2698 -4.83259 28
      vertex 9.25128 -3.66284 25
      vertex 10.553 -4.17821 28
    endloop
  endfacet
  facet normal 0.780058 -0.461327 -0.422713
    outer loop
      vertex 9.58312 -6.08163 28
      vertex 8.40106 -5.33148 25
      vertex 9.94608 -5.4679 28
    endloop
  endfacet
  facet normal -0.807478 -0.411448 -0.422716
    outer loop
      vertex -9.94608 -5.4679 28
      vertex -10.2698 -4.83259 28
      vertex -9.00303 -4.2365 25
    endloop
  endfacet
  facet normal 0.411448 -0.807478 -0.422716
    outer loop
      vertex 4.83259 -10.2698 28
      vertex 4.2365 -9.00303 25
      vertex 5.4679 -9.94608 28
    endloop
  endfacet
  facet normal 0.716093 0.55545 -0.422714
    outer loop
      vertex 8.04972 5.84846 25
      vertex 7.66661 6.34237 25
      vertex 8.74533 7.23476 28
    endloop
  endfacet
  facet normal 0.895114 -0.141718 -0.422714
    outer loop
      vertex 11.149 -2.12678 28
      vertex 9.87154 -1.24707 25
      vertex 11.2605 -1.42253 28
    endloop
  endfacet
  facet normal -0.831713 -0.359945 -0.422721
    outer loop
      vertex -10.2698 -4.83259 28
      vertex -10.553 -4.17821 28
      vertex -9.25128 -3.66284 25
    endloop
  endfacet
  facet normal 0.807478 0.411448 -0.422716
    outer loop
      vertex 10.2698 4.83259 28
      vertex 9.00303 4.2365 25
      vertex 9.94608 5.4679 28
    endloop
  endfacet
  facet normal 0.852687 -0.306977 -0.422716
    outer loop
      vertex 10.7945 -3.50734 28
      vertex 9.25128 -3.66284 25
      vertex 9.46301 -3.07472 25
    endloop
  endfacet
  facet normal -0.085294 -0.902241 -0.422712
    outer loop
      vertex -0.712672 -11.3276 28
      vertex -1.24707 -9.87154 25
      vertex -0.624765 -9.93037 25
    endloop
  endfacet
  facet normal 0.884417 -0.197766 -0.422723
    outer loop
      vertex 10.9934 -2.82263 28
      vertex 9.77376 -1.86444 25
      vertex 11.149 -2.12678 28
    endloop
  endfacet
  facet normal -0.870287 -0.252808 -0.422716
    outer loop
      vertex -10.7945 -3.50734 28
      vertex -10.9934 -2.82263 28
      vertex -9.46301 -3.07472 25
    endloop
  endfacet
  facet normal -0.870281 -0.252838 -0.42271
    outer loop
      vertex -9.46301 -3.07472 25
      vertex -10.9934 -2.82263 28
      vertex -9.6374 -2.47446 25
    endloop
  endfacet
  facet normal 0.749552 -0.509396 -0.422713
    outer loop
      vertex 9.58312 -6.08163 28
      vertex 8.04972 -5.84846 25
      vertex 8.40106 -5.33148 25
    endloop
  endfacet
  facet normal -0.509396 0.749553 -0.422713
    outer loop
      vertex -5.84846 8.04972 25
      vertex -6.67136 9.18234 28
      vertex -6.08163 9.58312 28
    endloop
  endfacet
  facet normal -0.141768 0.895102 -0.422724
    outer loop
      vertex -1.86444 9.77376 25
      vertex -2.12678 11.149 28
      vertex -1.24707 9.87154 25
    endloop
  endfacet
  facet normal 0.780059 -0.461326 -0.422714
    outer loop
      vertex 9.94608 -5.4679 28
      vertex 8.40106 -5.33148 25
      vertex 8.71925 -4.79345 25
    endloop
  endfacet
  facet normal 0.831723 -0.359926 -0.422717
    outer loop
      vertex 10.2698 -4.83259 28
      vertex 9.00303 -4.2365 25
      vertex 9.25128 -3.66284 25
    endloop
  endfacet
  facet normal 0.905817 -0.0284606 -0.422712
    outer loop
      vertex 11.3276 -0.712672 28
      vertex 9.93037 -0.624765 25
      vertex 9.95 0 25
    endloop
  endfacet
  facet normal -0.902241 -0.0852852 -0.422714
    outer loop
      vertex -11.2605 -1.42253 28
      vertex -11.3276 -0.712672 28
      vertex -9.87154 -1.24707 25
    endloop
  endfacet
  facet normal -0.252808 0.870287 -0.422716
    outer loop
      vertex -3.07472 9.46301 25
      vertex -3.50734 10.7945 28
      vertex -2.82263 10.9934 28
    endloop
  endfacet
  facet normal -0.197702 0.884438 -0.42271
    outer loop
      vertex -2.47446 9.6374 25
      vertex -2.82263 10.9934 28
      vertex -1.86444 9.77376 25
    endloop
  endfacet
  facet normal -0.679794 0.599327 -0.422714
    outer loop
      vertex -7.25324 6.81124 25
      vertex -8.74533 7.23476 28
      vertex -8.27379 7.76961 28
    endloop
  endfacet
  facet normal -0.0284606 -0.905817 -0.422712
    outer loop
      vertex 0 -9.95 25
      vertex -0.712672 -11.3276 28
      vertex -0.624765 -9.93037 25
    endloop
  endfacet
  facet normal -0.599327 -0.679794 -0.422714
    outer loop
      vertex -7.23476 -8.74533 28
      vertex -7.76961 -8.27379 28
      vertex -6.81124 -7.25324 25
    endloop
  endfacet
  facet normal 0.555449 -0.716093 -0.422714
    outer loop
      vertex 6.67136 -9.18234 28
      vertex 5.84846 -8.04972 25
      vertex 7.23476 -8.74533 28
    endloop
  endfacet
  facet normal 0.905816 -0.0284707 -0.422714
    outer loop
      vertex 11.3276 -0.712672 28
      vertex 9.95 0 25
      vertex 11.35 0 28
    endloop
  endfacet
  facet normal 0.884438 -0.197702 -0.42271
    outer loop
      vertex 10.9934 -2.82263 28
      vertex 9.6374 -2.47446 25
      vertex 9.77376 -1.86444 25
    endloop
  endfacet
  facet normal -0.141768 -0.895102 -0.422724
    outer loop
      vertex -1.24707 -9.87154 25
      vertex -2.12678 -11.149 28
      vertex -1.86444 -9.77376 25
    endloop
  endfacet
  facet normal -0.599327 0.679794 -0.422714
    outer loop
      vertex -6.81124 7.25324 25
      vertex -7.23476 8.74533 28
      vertex -6.34237 7.66661 25
    endloop
  endfacet
  facet normal 0.411435 -0.807487 -0.422714
    outer loop
      vertex 5.4679 -9.94608 28
      vertex 4.2365 -9.00303 25
      vertex 4.79345 -8.71925 25
    endloop
  endfacet
  facet normal -0.902241 -0.085294 -0.422712
    outer loop
      vertex -9.87154 -1.24707 25
      vertex -11.3276 -0.712672 28
      vertex -9.93037 -0.624765 25
    endloop
  endfacet
  facet normal 0.306953 -0.852694 -0.422721
    outer loop
      vertex 4.17821 -10.553 28
      vertex 3.50734 -10.7945 28
      vertex 3.66284 -9.25128 25
    endloop
  endfacet
  facet normal 0.141768 0.895102 -0.422724
    outer loop
      vertex 1.86444 9.77376 25
      vertex 1.24707 9.87154 25
      vertex 2.12678 11.149 28
    endloop
  endfacet
  facet normal 0.902241 -0.085294 -0.422712
    outer loop
      vertex 11.3276 -0.712672 28
      vertex 9.87154 -1.24707 25
      vertex 9.93037 -0.624765 25
    endloop
  endfacet
  facet normal 0.870287 -0.252808 -0.422716
    outer loop
      vertex 10.7945 -3.50734 28
      vertex 9.46301 -3.07472 25
      vertex 10.9934 -2.82263 28
    endloop
  endfacet
  facet normal 0.679794 -0.599327 -0.422714
    outer loop
      vertex 8.74533 -7.23476 28
      vertex 7.25324 -6.81124 25
      vertex 7.66661 -6.34237 25
    endloop
  endfacet
  facet normal 0.716093 0.555449 -0.422714
    outer loop
      vertex 9.18234 6.67136 28
      vertex 8.04972 5.84846 25
      vertex 8.74533 7.23476 28
    endloop
  endfacet
  facet normal 0.895102 -0.141768 -0.422724
    outer loop
      vertex 11.149 -2.12678 28
      vertex 9.77376 -1.86444 25
      vertex 9.87154 -1.24707 25
    endloop
  endfacet
  facet normal 0.852694 -0.306953 -0.422721
    outer loop
      vertex 10.553 -4.17821 28
      vertex 9.25128 -3.66284 25
      vertex 10.7945 -3.50734 28
    endloop
  endfacet
  facet normal -0.0284606 0.905817 -0.422712
    outer loop
      vertex -0.624765 9.93037 25
      vertex -0.712672 11.3276 28
      vertex 0 9.95 25
    endloop
  endfacet
  facet normal -0.0852852 -0.902241 -0.422714
    outer loop
      vertex -0.712672 -11.3276 28
      vertex -1.42253 -11.2605 28
      vertex -1.24707 -9.87154 25
    endloop
  endfacet
  facet normal 0.085294 0.902241 -0.422712
    outer loop
      vertex 1.24707 9.87154 25
      vertex 0.624765 9.93037 25
      vertex 0.712672 11.3276 28
    endloop
  endfacet
  facet normal -0.306953 -0.852694 -0.422721
    outer loop
      vertex -3.50734 -10.7945 28
      vertex -4.17821 -10.553 28
      vertex -3.66284 -9.25128 25
    endloop
  endfacet
  facet normal -0.197766 -0.884417 -0.422723
    outer loop
      vertex -2.12678 -11.149 28
      vertex -2.82263 -10.9934 28
      vertex -1.86444 -9.77376 25
    endloop
  endfacet
  facet normal 0.716093 -0.555449 -0.422714
    outer loop
      vertex 8.74533 -7.23476 28
      vertex 8.04972 -5.84846 25
      vertex 9.18234 -6.67136 28
    endloop
  endfacet
  facet normal 0.461327 -0.780058 -0.422713
    outer loop
      vertex 5.4679 -9.94608 28
      vertex 5.33148 -8.40106 25
      vertex 6.08163 -9.58312 28
    endloop
  endfacet
  facet normal 0.461327 0.780058 -0.422713
    outer loop
      vertex 6.08163 9.58312 28
      vertex 5.33148 8.40106 25
      vertex 5.4679 9.94608 28
    endloop
  endfacet
  facet normal 0.0852852 -0.902241 -0.422714
    outer loop
      vertex 1.42253 -11.2605 28
      vertex 0.712672 -11.3276 28
      vertex 1.24707 -9.87154 25
    endloop
  endfacet
  facet normal -0.461326 -0.780059 -0.422714
    outer loop
      vertex -4.79345 -8.71925 25
      vertex -5.4679 -9.94608 28
      vertex -5.33148 -8.40106 25
    endloop
  endfacet
  facet normal 0.749553 -0.509396 -0.422713
    outer loop
      vertex 9.18234 -6.67136 28
      vertex 8.04972 -5.84846 25
      vertex 9.58312 -6.08163 28
    endloop
  endfacet
  facet normal 0.252808 0.870287 -0.422716
    outer loop
      vertex 3.07472 9.46301 25
      vertex 2.82263 10.9934 28
      vertex 3.50734 10.7945 28
    endloop
  endfacet
  facet normal 0.599327 -0.679794 -0.422714
    outer loop
      vertex 7.23476 -8.74533 28
      vertex 6.34237 -7.66661 25
      vertex 6.81124 -7.25324 25
    endloop
  endfacet
  facet normal -0.306977 -0.852687 -0.422716
    outer loop
      vertex -3.50734 -10.7945 28
      vertex -3.66284 -9.25128 25
      vertex -3.07472 -9.46301 25
    endloop
  endfacet
  facet normal -0.0284707 -0.905816 -0.422714
    outer loop
      vertex 0 -11.35 28
      vertex -0.712672 -11.3276 28
      vertex 0 -9.95 25
    endloop
  endfacet
  facet normal -0.509396 -0.749552 -0.422713
    outer loop
      vertex -5.33148 -8.40106 25
      vertex -6.08163 -9.58312 28
      vertex -5.84846 -8.04972 25
    endloop
  endfacet
  facet normal -0.555449 -0.716093 -0.422714
    outer loop
      vertex -6.67136 -9.18234 28
      vertex -7.23476 -8.74533 28
      vertex -5.84846 -8.04972 25
    endloop
  endfacet
  facet normal 0.599327 -0.679794 -0.422714
    outer loop
      vertex 7.23476 -8.74533 28
      vertex 6.81124 -7.25324 25
      vertex 7.76961 -8.27379 28
    endloop
  endfacet
  facet normal -0.509396 -0.749553 -0.422713
    outer loop
      vertex -6.08163 -9.58312 28
      vertex -6.67136 -9.18234 28
      vertex -5.84846 -8.04972 25
    endloop
  endfacet
  facet normal -0.895102 0.141768 -0.422724
    outer loop
      vertex -9.87154 1.24707 25
      vertex -11.149 2.12678 28
      vertex -9.77376 1.86444 25
    endloop
  endfacet
  facet normal -0.780058 -0.461327 -0.422713
    outer loop
      vertex -9.58312 -6.08163 28
      vertex -9.94608 -5.4679 28
      vertex -8.40106 -5.33148 25
    endloop
  endfacet
  facet normal -0.411448 0.807478 -0.422716
    outer loop
      vertex -4.2365 9.00303 25
      vertex -5.4679 9.94608 28
      vertex -4.83259 10.2698 28
    endloop
  endfacet
  facet normal -0.884417 -0.197766 -0.422723
    outer loop
      vertex -10.9934 -2.82263 28
      vertex -11.149 -2.12678 28
      vertex -9.77376 -1.86444 25
    endloop
  endfacet
  facet normal -0.807478 0.411448 -0.422716
    outer loop
      vertex -9.00303 4.2365 25
      vertex -10.2698 4.83259 28
      vertex -9.94608 5.4679 28
    endloop
  endfacet
  facet normal 0.141718 -0.895114 -0.422714
    outer loop
      vertex 1.42253 -11.2605 28
      vertex 1.24707 -9.87154 25
      vertex 2.12678 -11.149 28
    endloop
  endfacet
  facet normal -0.749552 0.509396 -0.422713
    outer loop
      vertex -8.40106 5.33148 25
      vertex -9.58312 6.08163 28
      vertex -8.04972 5.84846 25
    endloop
  endfacet
  facet normal 0.640825 -0.640825 -0.422714
    outer loop
      vertex 8.27379 -7.76961 28
      vertex 6.81124 -7.25324 25
      vertex 7.25324 -6.81124 25
    endloop
  endfacet
  facet normal 0.640825 -0.640825 -0.422714
    outer loop
      vertex 6.81124 -7.25324 25
      vertex 8.27379 -7.76961 28
      vertex 7.76961 -8.27379 28
    endloop
  endfacet
  facet normal -0.359926 -0.831723 -0.422717
    outer loop
      vertex -3.66284 -9.25128 25
      vertex -4.83259 -10.2698 28
      vertex -4.2365 -9.00303 25
    endloop
  endfacet
  facet normal -0.085294 0.902241 -0.422712
    outer loop
      vertex -0.624765 9.93037 25
      vertex -1.24707 9.87154 25
      vertex -0.712672 11.3276 28
    endloop
  endfacet
  facet normal 0.870281 -0.252838 -0.42271
    outer loop
      vertex 10.9934 -2.82263 28
      vertex 9.46301 -3.07472 25
      vertex 9.6374 -2.47446 25
    endloop
  endfacet
  facet normal 0.141768 -0.895102 -0.422724
    outer loop
      vertex 2.12678 -11.149 28
      vertex 1.24707 -9.87154 25
      vertex 1.86444 -9.77376 25
    endloop
  endfacet
  facet normal 0.55545 0.716093 -0.422714
    outer loop
      vertex 6.34237 7.66661 25
      vertex 5.84846 8.04972 25
      vertex 7.23476 8.74533 28
    endloop
  endfacet
  facet normal 0.197702 -0.884438 -0.42271
    outer loop
      vertex 2.82263 -10.9934 28
      vertex 1.86444 -9.77376 25
      vertex 2.47446 -9.6374 25
    endloop
  endfacet
  facet normal 0.902241 -0.0852852 -0.422714
    outer loop
      vertex 11.2605 -1.42253 28
      vertex 9.87154 -1.24707 25
      vertex 11.3276 -0.712672 28
    endloop
  endfacet
  facet normal -0.252838 -0.870281 -0.42271
    outer loop
      vertex -2.82263 -10.9934 28
      vertex -3.07472 -9.46301 25
      vertex -2.47446 -9.6374 25
    endloop
  endfacet
  facet normal 0.411435 0.807487 -0.422714
    outer loop
      vertex 4.79345 8.71925 25
      vertex 4.2365 9.00303 25
      vertex 5.4679 9.94608 28
    endloop
  endfacet
  facet normal 0.306977 0.852687 -0.422716
    outer loop
      vertex 3.66284 9.25128 25
      vertex 3.07472 9.46301 25
      vertex 3.50734 10.7945 28
    endloop
  endfacet
  facet normal -0.679794 -0.599327 -0.422714
    outer loop
      vertex -7.25324 -6.81124 25
      vertex -8.74533 -7.23476 28
      vertex -7.66661 -6.34237 25
    endloop
  endfacet
  facet normal 0.852694 0.306953 -0.422721
    outer loop
      vertex 10.7945 3.50734 28
      vertex 9.25128 3.66284 25
      vertex 10.553 4.17821 28
    endloop
  endfacet
  facet normal -0.461327 -0.780058 -0.422713
    outer loop
      vertex -5.4679 -9.94608 28
      vertex -6.08163 -9.58312 28
      vertex -5.33148 -8.40106 25
    endloop
  endfacet
  facet normal 0.461326 -0.780059 -0.422714
    outer loop
      vertex 5.4679 -9.94608 28
      vertex 4.79345 -8.71925 25
      vertex 5.33148 -8.40106 25
    endloop
  endfacet
  facet normal -0.640825 -0.640825 -0.422714
    outer loop
      vertex -6.81124 -7.25324 25
      vertex -8.27379 -7.76961 28
      vertex -7.25324 -6.81124 25
    endloop
  endfacet
  facet normal -0.640825 -0.640825 -0.422714
    outer loop
      vertex -8.27379 -7.76961 28
      vertex -6.81124 -7.25324 25
      vertex -7.76961 -8.27379 28
    endloop
  endfacet
  facet normal 0.197702 0.884438 -0.42271
    outer loop
      vertex 2.47446 9.6374 25
      vertex 1.86444 9.77376 25
      vertex 2.82263 10.9934 28
    endloop
  endfacet
  facet normal -0.252808 -0.870287 -0.422716
    outer loop
      vertex -2.82263 -10.9934 28
      vertex -3.50734 -10.7945 28
      vertex -3.07472 -9.46301 25
    endloop
  endfacet
  facet normal 0.085294 -0.902241 -0.422712
    outer loop
      vertex 0.712672 -11.3276 28
      vertex 0.624765 -9.93037 25
      vertex 1.24707 -9.87154 25
    endloop
  endfacet
  facet normal 0.0284606 -0.905817 -0.422712
    outer loop
      vertex 0.712672 -11.3276 28
      vertex 0 -9.95 25
      vertex 0.624765 -9.93037 25
    endloop
  endfacet
  facet normal -0.870281 0.252838 -0.42271
    outer loop
      vertex -9.6374 2.47446 25
      vertex -10.9934 2.82263 28
      vertex -9.46301 3.07472 25
    endloop
  endfacet
  facet normal 0.0284707 -0.905816 -0.422714
    outer loop
      vertex 0.712672 -11.3276 28
      vertex 0 -11.35 28
      vertex 0 -9.95 25
    endloop
  endfacet
  facet normal -0.716093 -0.55545 -0.422714
    outer loop
      vertex -7.66661 -6.34237 25
      vertex -8.74533 -7.23476 28
      vertex -8.04972 -5.84846 25
    endloop
  endfacet
  facet normal -0.55545 -0.716093 -0.422714
    outer loop
      vertex -5.84846 -8.04972 25
      vertex -7.23476 -8.74533 28
      vertex -6.34237 -7.66661 25
    endloop
  endfacet
  facet normal 0.306977 -0.852687 -0.422716
    outer loop
      vertex 3.50734 -10.7945 28
      vertex 3.07472 -9.46301 25
      vertex 3.66284 -9.25128 25
    endloop
  endfacet
  facet normal -0.852687 -0.306977 -0.422716
    outer loop
      vertex -9.25128 -3.66284 25
      vertex -10.7945 -3.50734 28
      vertex -9.46301 -3.07472 25
    endloop
  endfacet
  facet normal 0.807478 -0.411448 -0.422716
    outer loop
      vertex 9.94608 -5.4679 28
      vertex 9.00303 -4.2365 25
      vertex 10.2698 -4.83259 28
    endloop
  endfacet
  facet normal 0.0284707 0.905816 -0.422714
    outer loop
      vertex 0.712672 11.3276 28
      vertex 0 9.95 25
      vertex 0 11.35 28
    endloop
  endfacet
  facet normal 0.197766 -0.884417 -0.422723
    outer loop
      vertex 2.12678 -11.149 28
      vertex 1.86444 -9.77376 25
      vertex 2.82263 -10.9934 28
    endloop
  endfacet
  facet normal -0.0852852 0.902241 -0.422714
    outer loop
      vertex -1.24707 9.87154 25
      vertex -1.42253 11.2605 28
      vertex -0.712672 11.3276 28
    endloop
  endfacet
  facet normal 0.359945 0.831713 -0.422721
    outer loop
      vertex 4.83259 10.2698 28
      vertex 3.66284 9.25128 25
      vertex 4.17821 10.553 28
    endloop
  endfacet
  facet normal -0.884417 0.197766 -0.422723
    outer loop
      vertex -9.77376 1.86444 25
      vertex -11.149 2.12678 28
      vertex -10.9934 2.82263 28
    endloop
  endfacet
  facet normal -0.141718 0.895114 -0.422714
    outer loop
      vertex -1.24707 9.87154 25
      vertex -2.12678 11.149 28
      vertex -1.42253 11.2605 28
    endloop
  endfacet
  facet normal 0.884438 0.197702 -0.42271
    outer loop
      vertex 9.77376 1.86444 25
      vertex 9.6374 2.47446 25
      vertex 10.9934 2.82263 28
    endloop
  endfacet
  facet normal -0.411435 -0.807487 -0.422714
    outer loop
      vertex -4.2365 -9.00303 25
      vertex -5.4679 -9.94608 28
      vertex -4.79345 -8.71925 25
    endloop
  endfacet
  facet normal 0.870287 0.252808 -0.422716
    outer loop
      vertex 10.9934 2.82263 28
      vertex 9.46301 3.07472 25
      vertex 10.7945 3.50734 28
    endloop
  endfacet
  facet normal -0.461326 0.780059 -0.422714
    outer loop
      vertex -5.33148 8.40106 25
      vertex -5.4679 9.94608 28
      vertex -4.79345 8.71925 25
    endloop
  endfacet
  facet normal -0.716093 0.55545 -0.422714
    outer loop
      vertex -8.04972 5.84846 25
      vertex -8.74533 7.23476 28
      vertex -7.66661 6.34237 25
    endloop
  endfacet
  facet normal -0.831723 -0.359926 -0.422717
    outer loop
      vertex -9.00303 -4.2365 25
      vertex -10.2698 -4.83259 28
      vertex -9.25128 -3.66284 25
    endloop
  endfacet
  facet normal -0.197766 0.884417 -0.422723
    outer loop
      vertex -1.86444 9.77376 25
      vertex -2.82263 10.9934 28
      vertex -2.12678 11.149 28
    endloop
  endfacet
  facet normal -0.679794 0.599327 -0.422714
    outer loop
      vertex -7.66661 6.34237 25
      vertex -8.74533 7.23476 28
      vertex -7.25324 6.81124 25
    endloop
  endfacet
  facet normal -0.780059 -0.461326 -0.422714
    outer loop
      vertex -8.40106 -5.33148 25
      vertex -9.94608 -5.4679 28
      vertex -8.71925 -4.79345 25
    endloop
  endfacet
  facet normal -0.716093 0.555449 -0.422714
    outer loop
      vertex -8.04972 5.84846 25
      vertex -9.18234 6.67136 28
      vertex -8.74533 7.23476 28
    endloop
  endfacet
  facet normal -0.306953 0.852694 -0.422721
    outer loop
      vertex -3.66284 9.25128 25
      vertex -4.17821 10.553 28
      vertex -3.50734 10.7945 28
    endloop
  endfacet
  facet normal 0.252838 -0.870281 -0.42271
    outer loop
      vertex 2.82263 -10.9934 28
      vertex 2.47446 -9.6374 25
      vertex 3.07472 -9.46301 25
    endloop
  endfacet
  facet normal -0.359945 0.831713 -0.422721
    outer loop
      vertex -3.66284 9.25128 25
      vertex -4.83259 10.2698 28
      vertex -4.17821 10.553 28
    endloop
  endfacet
  facet normal 0.807487 -0.411435 -0.422714
    outer loop
      vertex 9.94608 -5.4679 28
      vertex 8.71925 -4.79345 25
      vertex 9.00303 -4.2365 25
    endloop
  endfacet
  facet normal -0.749553 -0.509396 -0.422713
    outer loop
      vertex -9.18234 -6.67136 28
      vertex -9.58312 -6.08163 28
      vertex -8.04972 -5.84846 25
    endloop
  endfacet
  facet normal -0.599327 0.679794 -0.422714
    outer loop
      vertex -6.81124 7.25324 25
      vertex -7.76961 8.27379 28
      vertex -7.23476 8.74533 28
    endloop
  endfacet
  facet normal -0.831713 0.359945 -0.422721
    outer loop
      vertex -9.25128 3.66284 25
      vertex -10.553 4.17821 28
      vertex -10.2698 4.83259 28
    endloop
  endfacet
  facet normal 0.461326 0.780059 -0.422714
    outer loop
      vertex 5.33148 8.40106 25
      vertex 4.79345 8.71925 25
      vertex 5.4679 9.94608 28
    endloop
  endfacet
  facet normal -0.895114 -0.141718 -0.422714
    outer loop
      vertex -11.149 -2.12678 28
      vertex -11.2605 -1.42253 28
      vertex -9.87154 -1.24707 25
    endloop
  endfacet
  facet normal 0.509396 -0.749553 -0.422713
    outer loop
      vertex 6.08163 -9.58312 28
      vertex 5.84846 -8.04972 25
      vertex 6.67136 -9.18234 28
    endloop
  endfacet
  facet normal 0.359926 -0.831723 -0.422717
    outer loop
      vertex 4.83259 -10.2698 28
      vertex 3.66284 -9.25128 25
      vertex 4.2365 -9.00303 25
    endloop
  endfacet
  facet normal 0.679794 -0.599327 -0.422714
    outer loop
      vertex 8.27379 -7.76961 28
      vertex 7.25324 -6.81124 25
      vertex 8.74533 -7.23476 28
    endloop
  endfacet
  facet normal 0.55545 -0.716093 -0.422714
    outer loop
      vertex 7.23476 -8.74533 28
      vertex 5.84846 -8.04972 25
      vertex 6.34237 -7.66661 25
    endloop
  endfacet
  facet normal -0.679794 -0.599327 -0.422714
    outer loop
      vertex -8.27379 -7.76961 28
      vertex -8.74533 -7.23476 28
      vertex -7.25324 -6.81124 25
    endloop
  endfacet
  facet normal 0.640825 0.640825 -0.422714
    outer loop
      vertex 8.27379 7.76961 28
      vertex 6.81124 7.25324 25
      vertex 7.76961 8.27379 28
    endloop
  endfacet
  facet normal 0.640825 0.640825 -0.422714
    outer loop
      vertex 6.81124 7.25324 25
      vertex 8.27379 7.76961 28
      vertex 7.25324 6.81124 25
    endloop
  endfacet
  facet normal -0.252838 0.870281 -0.42271
    outer loop
      vertex -2.47446 9.6374 25
      vertex -3.07472 9.46301 25
      vertex -2.82263 10.9934 28
    endloop
  endfacet
  facet normal -0.902241 0.085294 -0.422712
    outer loop
      vertex -9.93037 0.624765 25
      vertex -11.3276 0.712672 28
      vertex -9.87154 1.24707 25
    endloop
  endfacet
  facet normal -0.780058 0.461327 -0.422713
    outer loop
      vertex -8.40106 5.33148 25
      vertex -9.94608 5.4679 28
      vertex -9.58312 6.08163 28
    endloop
  endfacet
  facet normal -0.599327 -0.679794 -0.422714
    outer loop
      vertex -6.34237 -7.66661 25
      vertex -7.23476 -8.74533 28
      vertex -6.81124 -7.25324 25
    endloop
  endfacet
  facet normal 0.884417 0.197766 -0.422723
    outer loop
      vertex 11.149 2.12678 28
      vertex 9.77376 1.86444 25
      vertex 10.9934 2.82263 28
    endloop
  endfacet
  facet normal 0.599327 0.679794 -0.422714
    outer loop
      vertex 6.81124 7.25324 25
      vertex 6.34237 7.66661 25
      vertex 7.23476 8.74533 28
    endloop
  endfacet
  facet normal 0.716093 -0.55545 -0.422714
    outer loop
      vertex 8.74533 -7.23476 28
      vertex 7.66661 -6.34237 25
      vertex 8.04972 -5.84846 25
    endloop
  endfacet
  facet normal -0.509396 0.749552 -0.422713
    outer loop
      vertex -5.84846 8.04972 25
      vertex -6.08163 9.58312 28
      vertex -5.33148 8.40106 25
    endloop
  endfacet
  facet normal 0.749552 0.509396 -0.422713
    outer loop
      vertex 8.40106 5.33148 25
      vertex 8.04972 5.84846 25
      vertex 9.58312 6.08163 28
    endloop
  endfacet
  facet normal 0.359945 -0.831713 -0.422721
    outer loop
      vertex 4.17821 -10.553 28
      vertex 3.66284 -9.25128 25
      vertex 4.83259 -10.2698 28
    endloop
  endfacet
  facet normal -0.359945 -0.831713 -0.422721
    outer loop
      vertex -4.17821 -10.553 28
      vertex -4.83259 -10.2698 28
      vertex -3.66284 -9.25128 25
    endloop
  endfacet
  facet normal 0.509396 0.749552 -0.422713
    outer loop
      vertex 5.84846 8.04972 25
      vertex 5.33148 8.40106 25
      vertex 6.08163 9.58312 28
    endloop
  endfacet
  facet normal -0.831723 0.359926 -0.422717
    outer loop
      vertex -9.25128 3.66284 25
      vertex -10.2698 4.83259 28
      vertex -9.00303 4.2365 25
    endloop
  endfacet
  facet normal -0.306977 0.852687 -0.422716
    outer loop
      vertex -3.07472 9.46301 25
      vertex -3.66284 9.25128 25
      vertex -3.50734 10.7945 28
    endloop
  endfacet
  facet normal -0.780059 0.461326 -0.422714
    outer loop
      vertex -8.71925 4.79345 25
      vertex -9.94608 5.4679 28
      vertex -8.40106 5.33148 25
    endloop
  endfacet
  facet normal 0.679794 0.599327 -0.422714
    outer loop
      vertex 8.74533 7.23476 28
      vertex 7.25324 6.81124 25
      vertex 8.27379 7.76961 28
    endloop
  endfacet
  facet normal -0.0284707 0.905816 -0.422714
    outer loop
      vertex 0 9.95 25
      vertex -0.712672 11.3276 28
      vertex 0 11.35 28
    endloop
  endfacet
  facet normal 0.509396 0.749553 -0.422713
    outer loop
      vertex 6.67136 9.18234 28
      vertex 5.84846 8.04972 25
      vertex 6.08163 9.58312 28
    endloop
  endfacet
  facet normal -0.852694 0.306953 -0.422721
    outer loop
      vertex -9.25128 3.66284 25
      vertex -10.7945 3.50734 28
      vertex -10.553 4.17821 28
    endloop
  endfacet
  facet normal 0.555449 0.716093 -0.422714
    outer loop
      vertex 7.23476 8.74533 28
      vertex 5.84846 8.04972 25
      vertex 6.67136 9.18234 28
    endloop
  endfacet
  facet normal 0.599327 0.679794 -0.422714
    outer loop
      vertex 7.76961 8.27379 28
      vertex 6.81124 7.25324 25
      vertex 7.23476 8.74533 28
    endloop
  endfacet
  facet normal 0.141718 0.895114 -0.422714
    outer loop
      vertex 2.12678 11.149 28
      vertex 1.24707 9.87154 25
      vertex 1.42253 11.2605 28
    endloop
  endfacet
  facet normal 0.0852852 0.902241 -0.422714
    outer loop
      vertex 1.24707 9.87154 25
      vertex 0.712672 11.3276 28
      vertex 1.42253 11.2605 28
    endloop
  endfacet
  facet normal -0.749553 0.509396 -0.422713
    outer loop
      vertex -8.04972 5.84846 25
      vertex -9.58312 6.08163 28
      vertex -9.18234 6.67136 28
    endloop
  endfacet
  facet normal -0.640825 0.640825 -0.422714
    outer loop
      vertex -6.81124 7.25324 25
      vertex -8.27379 7.76961 28
      vertex -7.76961 8.27379 28
    endloop
  endfacet
  facet normal -0.640825 0.640825 -0.422714
    outer loop
      vertex -8.27379 7.76961 28
      vertex -6.81124 7.25324 25
      vertex -7.25324 6.81124 25
    endloop
  endfacet
  facet normal -0.895102 -0.141768 -0.422724
    outer loop
      vertex -9.77376 -1.86444 25
      vertex -11.149 -2.12678 28
      vertex -9.87154 -1.24707 25
    endloop
  endfacet
  facet normal -0.411448 -0.807478 -0.422716
    outer loop
      vertex -4.83259 -10.2698 28
      vertex -5.4679 -9.94608 28
      vertex -4.2365 -9.00303 25
    endloop
  endfacet
  facet normal -0.884438 -0.197702 -0.42271
    outer loop
      vertex -9.6374 -2.47446 25
      vertex -10.9934 -2.82263 28
      vertex -9.77376 -1.86444 25
    endloop
  endfacet
  facet normal -0.905816 0.0284707 -0.422714
    outer loop
      vertex -9.95 0 25
      vertex -11.35 0 28
      vertex -11.3276 0.712672 28
    endloop
  endfacet
  facet normal -0.870287 0.252808 -0.422716
    outer loop
      vertex -9.46301 3.07472 25
      vertex -10.9934 2.82263 28
      vertex -10.7945 3.50734 28
    endloop
  endfacet
  facet normal 0.252808 -0.870287 -0.422716
    outer loop
      vertex 3.50734 -10.7945 28
      vertex 2.82263 -10.9934 28
      vertex 3.07472 -9.46301 25
    endloop
  endfacet
  facet normal -0.807487 -0.411435 -0.422714
    outer loop
      vertex -8.71925 -4.79345 25
      vertex -9.94608 -5.4679 28
      vertex -9.00303 -4.2365 25
    endloop
  endfacet
  facet normal 0.509396 -0.749552 -0.422713
    outer loop
      vertex 6.08163 -9.58312 28
      vertex 5.33148 -8.40106 25
      vertex 5.84846 -8.04972 25
    endloop
  endfacet
  facet normal -0.55545 0.716093 -0.422714
    outer loop
      vertex -6.34237 7.66661 25
      vertex -7.23476 8.74533 28
      vertex -5.84846 8.04972 25
    endloop
  endfacet
  facet normal 0.306953 0.852694 -0.422721
    outer loop
      vertex 3.66284 9.25128 25
      vertex 3.50734 10.7945 28
      vertex 4.17821 10.553 28
    endloop
  endfacet
  facet normal -0.905816 -0.0284707 -0.422714
    outer loop
      vertex -11.3276 -0.712672 28
      vertex -11.35 0 28
      vertex -9.95 0 25
    endloop
  endfacet
  facet normal -0.905817 0.0284606 -0.422712
    outer loop
      vertex -9.95 0 25
      vertex -11.3276 0.712672 28
      vertex -9.93037 0.624765 25
    endloop
  endfacet
  facet normal -0.807487 0.411435 -0.422714
    outer loop
      vertex -9.00303 4.2365 25
      vertex -9.94608 5.4679 28
      vertex -8.71925 4.79345 25
    endloop
  endfacet
  facet normal -0.905817 -0.0284606 -0.422712
    outer loop
      vertex -9.93037 -0.624765 25
      vertex -11.3276 -0.712672 28
      vertex -9.95 0 25
    endloop
  endfacet
  facet normal 0.359926 0.831723 -0.422717
    outer loop
      vertex 4.2365 9.00303 25
      vertex 3.66284 9.25128 25
      vertex 4.83259 10.2698 28
    endloop
  endfacet
  facet normal 0.197766 0.884417 -0.422723
    outer loop
      vertex 2.82263 10.9934 28
      vertex 1.86444 9.77376 25
      vertex 2.12678 11.149 28
    endloop
  endfacet
  facet normal -0.749552 -0.509396 -0.422713
    outer loop
      vertex -8.04972 -5.84846 25
      vertex -9.58312 -6.08163 28
      vertex -8.40106 -5.33148 25
    endloop
  endfacet
  facet normal 0.749553 0.509396 -0.422713
    outer loop
      vertex 9.58312 6.08163 28
      vertex 8.04972 5.84846 25
      vertex 9.18234 6.67136 28
    endloop
  endfacet
  facet normal 0.780059 0.461326 -0.422714
    outer loop
      vertex 8.71925 4.79345 25
      vertex 8.40106 5.33148 25
      vertex 9.94608 5.4679 28
    endloop
  endfacet
  facet normal 0.679794 0.599327 -0.422714
    outer loop
      vertex 7.66661 6.34237 25
      vertex 7.25324 6.81124 25
      vertex 8.74533 7.23476 28
    endloop
  endfacet
  facet normal -0.895114 0.141718 -0.422714
    outer loop
      vertex -9.87154 1.24707 25
      vertex -11.2605 1.42253 28
      vertex -11.149 2.12678 28
    endloop
  endfacet
  facet normal -0.555449 0.716093 -0.422714
    outer loop
      vertex -5.84846 8.04972 25
      vertex -7.23476 8.74533 28
      vertex -6.67136 9.18234 28
    endloop
  endfacet
  facet normal 0.0284606 0.905817 -0.422712
    outer loop
      vertex 0.624765 9.93037 25
      vertex 0 9.95 25
      vertex 0.712672 11.3276 28
    endloop
  endfacet
  facet normal -0.411435 0.807487 -0.422714
    outer loop
      vertex -4.79345 8.71925 25
      vertex -5.4679 9.94608 28
      vertex -4.2365 9.00303 25
    endloop
  endfacet
  facet normal 0.411448 0.807478 -0.422716
    outer loop
      vertex 5.4679 9.94608 28
      vertex 4.2365 9.00303 25
      vertex 4.83259 10.2698 28
    endloop
  endfacet
  facet normal -0.359926 0.831723 -0.422717
    outer loop
      vertex -4.2365 9.00303 25
      vertex -4.83259 10.2698 28
      vertex -3.66284 9.25128 25
    endloop
  endfacet
  facet normal -0.884438 0.197702 -0.42271
    outer loop
      vertex -9.77376 1.86444 25
      vertex -10.9934 2.82263 28
      vertex -9.6374 2.47446 25
    endloop
  endfacet
  facet normal 0.852687 0.306977 -0.422716
    outer loop
      vertex 9.46301 3.07472 25
      vertex 9.25128 3.66284 25
      vertex 10.7945 3.50734 28
    endloop
  endfacet
  facet normal 0.895102 0.141768 -0.422724
    outer loop
      vertex 9.87154 1.24707 25
      vertex 9.77376 1.86444 25
      vertex 11.149 2.12678 28
    endloop
  endfacet
  facet normal 0.831723 0.359926 -0.422717
    outer loop
      vertex 9.25128 3.66284 25
      vertex 9.00303 4.2365 25
      vertex 10.2698 4.83259 28
    endloop
  endfacet
  facet normal 0.870281 0.252838 -0.42271
    outer loop
      vertex 9.6374 2.47446 25
      vertex 9.46301 3.07472 25
      vertex 10.9934 2.82263 28
    endloop
  endfacet
  facet normal 0.780058 0.461327 -0.422713
    outer loop
      vertex 9.94608 5.4679 28
      vertex 8.40106 5.33148 25
      vertex 9.58312 6.08163 28
    endloop
  endfacet
  facet normal 0.252838 0.870281 -0.42271
    outer loop
      vertex 3.07472 9.46301 25
      vertex 2.47446 9.6374 25
      vertex 2.82263 10.9934 28
    endloop
  endfacet
  facet normal 0.831713 0.359945 -0.422721
    outer loop
      vertex 10.553 4.17821 28
      vertex 9.25128 3.66284 25
      vertex 10.2698 4.83259 28
    endloop
  endfacet
  facet normal 0.895114 0.141718 -0.422714
    outer loop
      vertex 11.2605 1.42253 28
      vertex 9.87154 1.24707 25
      vertex 11.149 2.12678 28
    endloop
  endfacet
  facet normal 0.902241 0.0852852 -0.422714
    outer loop
      vertex 11.3276 0.712672 28
      vertex 9.87154 1.24707 25
      vertex 11.2605 1.42253 28
    endloop
  endfacet
  facet normal 0.902241 0.085294 -0.422712
    outer loop
      vertex 9.93037 0.624765 25
      vertex 9.87154 1.24707 25
      vertex 11.3276 0.712672 28
    endloop
  endfacet
  facet normal 0.905814 0.0284707 0.422718
    outer loop
      vertex 11.35 0 34.6
      vertex 10.1468 0.10181 37.1714
      vertex 10.15 0 37.1714
    endloop
  endfacet
  facet normal 0.905814 0.0284706 0.422718
    outer loop
      vertex 10.1468 0.10181 37.1714
      vertex 11.35 0 34.6
      vertex 11.3276 0.712672 34.6
    endloop
  endfacet
  facet normal 0.0854199 0.902232 0.422707
    outer loop
      vertex 0.712672 11.3276 34.6
      vertex 0.637323 10.13 37.1714
      vertex 1.17072 10.0795 37.1714
    endloop
  endfacet
  facet normal -0.0284706 -0.905814 0.422718
    outer loop
      vertex 0 -11.35 34.6
      vertex -0.10181 -10.1468 37.1714
      vertex -0.712672 -11.3276 34.6
    endloop
  endfacet
  facet normal -0.0284707 -0.905814 0.422718
    outer loop
      vertex -0.10181 -10.1468 37.1714
      vertex 0 -11.35 34.6
      vertex 0 -10.15 37.1714
    endloop
  endfacet
  facet normal -0.870273 -0.25287 0.422707
    outer loop
      vertex -10.9934 -2.82263 34.6
      vertex -9.65322 -3.13652 37.1714
      vertex -9.68164 -3.03871 37.1714
    endloop
  endfacet
  facet normal -0.870285 -0.252807 0.422721
    outer loop
      vertex -9.65322 -3.13652 37.1714
      vertex -10.9934 -2.82263 34.6
      vertex -10.7945 -3.50734 34.6
    endloop
  endfacet
  facet normal 0.411401 -0.807499 0.422722
    outer loop
      vertex 4.83259 -10.2698 34.6
      vertex 4.41242 -9.13775 37.1714
      vertex 4.32166 -9.18399 37.1714
    endloop
  endfacet
  facet normal 0.411447 -0.807477 0.42272
    outer loop
      vertex 4.41242 -9.13775 37.1714
      vertex 4.83259 -10.2698 34.6
      vertex 5.4679 -9.94608 34.6
    endloop
  endfacet
  facet normal 0.852688 -0.306968 0.422721
    outer loop
      vertex 10.7945 -3.50734 34.6
      vertex 9.65322 -3.13652 37.1714
      vertex 9.47174 -3.64063 37.1714
    endloop
  endfacet
  facet normal -0.780061 -0.461318 0.422718
    outer loop
      vertex -8.89451 -4.8898 37.1714
      vertex -9.94608 -5.4679 34.6
      vertex -8.62178 -5.35097 37.1714
    endloop
  endfacet
  facet normal -0.411438 -0.807483 0.422718
    outer loop
      vertex -4.8898 -8.89451 37.1714
      vertex -5.4679 -9.94608 34.6
      vertex -4.41242 -9.13775 37.1714
    endloop
  endfacet
  facet normal 0.411438 -0.807483 0.422718
    outer loop
      vertex 4.8898 -8.89451 37.1714
      vertex 4.41242 -9.13775 37.1714
      vertex 5.4679 -9.94608 34.6
    endloop
  endfacet
  facet normal 0.0854199 -0.902232 0.422707
    outer loop
      vertex 1.17072 -10.0795 37.1714
      vertex 0.637323 -10.13 37.1714
      vertex 0.712672 -11.3276 34.6
    endloop
  endfacet
  facet normal 0.679779 -0.599345 0.422713
    outer loop
      vertex 7.39903 -6.94815 37.1714
      vertex 8.74533 -7.23476 34.6
      vertex 7.46639 -6.87175 37.1714
    endloop
  endfacet
  facet normal 0.679793 -0.599326 0.422718
    outer loop
      vertex 8.74533 -7.23476 34.6
      vertex 7.39903 -6.94815 37.1714
      vertex 8.27379 -7.76961 34.6
    endloop
  endfacet
  facet normal 0.780061 0.461318 0.422718
    outer loop
      vertex 9.94608 5.4679 34.6
      vertex 8.62178 5.35097 37.1714
      vertex 8.89451 4.8898 37.1714
    endloop
  endfacet
  facet normal -0.555429 0.716106 0.422718
    outer loop
      vertex -6.67136 9.18234 34.6
      vertex -6.04651 8.14909 37.1714
      vertex -5.96602 8.21152 37.1714
    endloop
  endfacet
  facet normal -0.555448 0.716092 0.422717
    outer loop
      vertex -6.04651 8.14909 37.1714
      vertex -6.67136 9.18234 34.6
      vertex -7.23476 8.74533 34.6
    endloop
  endfacet
  facet normal -0.90582 0.0284172 0.422708
    outer loop
      vertex -10.13 0.637323 37.1714
      vertex -11.3276 0.712672 34.6
      vertex -10.1468 0.10181 37.1714
    endloop
  endfacet
  facet normal -0.90232 0.0845286 0.422698
    outer loop
      vertex -11.2605 1.42253 34.6
      vertex -10.0795 1.17072 37.1714
      vertex -10.07 1.27213 37.1714
    endloop
  endfacet
  facet normal -0.902233 0.0852844 0.422732
    outer loop
      vertex -10.0795 1.17072 37.1714
      vertex -11.2605 1.42253 34.6
      vertex -11.3276 0.712672 34.6
    endloop
  endfacet
  facet normal 0.509394 0.749552 0.422717
    outer loop
      vertex 6.08163 9.58312 34.6
      vertex 5.43864 8.56993 37.1714
      vertex 5.88177 8.26878 37.1714
    endloop
  endfacet
  facet normal -0.884436 0.197703 0.422713
    outer loop
      vertex -9.83112 2.5242 37.1714
      vertex -10.9934 2.82263 34.6
      vertex -9.948 2.00133 37.1714
    endloop
  endfacet
  facet normal 0.306968 0.852688 0.422721
    outer loop
      vertex 3.50734 10.7945 34.6
      vertex 3.13652 9.65322 37.1714
      vertex 3.64063 9.47174 37.1714
    endloop
  endfacet
  facet normal -0.197602 -0.88445 0.422732
    outer loop
      vertex -2.12678 -11.149 34.6
      vertex -1.90192 -9.97021 37.1714
      vertex -2.00133 -9.948 37.1714
    endloop
  endfacet
  facet normal -0.197766 -0.884417 0.422725
    outer loop
      vertex -2.12678 -11.149 34.6
      vertex -2.00133 -9.948 37.1714
      vertex -2.82263 -10.9934 34.6
    endloop
  endfacet
  facet normal 0.461339 -0.780051 0.422714
    outer loop
      vertex 5.4679 -9.94608 34.6
      vertex 5.43864 -8.56993 37.1714
      vertex 5.35097 -8.62178 37.1714
    endloop
  endfacet
  facet normal 0.461326 -0.780057 0.422717
    outer loop
      vertex 5.43864 -8.56993 37.1714
      vertex 5.4679 -9.94608 34.6
      vertex 6.08163 -9.58312 34.6
    endloop
  endfacet
  facet normal 0.716083 0.555458 0.422719
    outer loop
      vertex 8.74533 7.23476 34.6
      vertex 7.82071 6.46985 37.1714
      vertex 8.14909 6.04651 37.1714
    endloop
  endfacet
  facet normal -0.780051 -0.461339 0.422714
    outer loop
      vertex -9.94608 -5.4679 34.6
      vertex -8.56993 -5.43864 37.1714
      vertex -8.62178 -5.35097 37.1714
    endloop
  endfacet
  facet normal -0.780057 -0.461326 0.422717
    outer loop
      vertex -8.56993 -5.43864 37.1714
      vertex -9.94608 -5.4679 34.6
      vertex -9.58312 -6.08163 34.6
    endloop
  endfacet
  facet normal -0.411401 0.807499 0.422722
    outer loop
      vertex -4.83259 10.2698 34.6
      vertex -4.41242 9.13775 37.1714
      vertex -4.32166 9.18399 37.1714
    endloop
  endfacet
  facet normal -0.411447 0.807477 0.42272
    outer loop
      vertex -4.41242 9.13775 37.1714
      vertex -4.83259 10.2698 34.6
      vertex -5.4679 9.94608 34.6
    endloop
  endfacet
  facet normal -0.0284172 0.90582 0.422708
    outer loop
      vertex -0.712672 11.3276 34.6
      vertex -0.637323 10.13 37.1714
      vertex -0.10181 10.1468 37.1714
    endloop
  endfacet
  facet normal -0.679793 0.599326 0.422718
    outer loop
      vertex -8.74533 7.23476 34.6
      vertex -7.39903 6.94815 37.1714
      vertex -8.27379 7.76961 34.6
    endloop
  endfacet
  facet normal -0.679779 0.599345 0.422713
    outer loop
      vertex -7.39903 6.94815 37.1714
      vertex -8.74533 7.23476 34.6
      vertex -7.46639 6.87175 37.1714
    endloop
  endfacet
  facet normal -0.749538 -0.509419 0.422711
    outer loop
      vertex -9.58312 -6.08163 34.6
      vertex -8.21152 -5.96602 37.1714
      vertex -8.26878 -5.88177 37.1714
    endloop
  endfacet
  facet normal -0.749551 -0.509394 0.422717
    outer loop
      vertex -8.21152 -5.96602 37.1714
      vertex -9.58312 -6.08163 34.6
      vertex -9.18234 -6.67136 34.6
    endloop
  endfacet
  facet normal -0.252841 -0.870279 0.422713
    outer loop
      vertex -2.82263 -10.9934 34.6
      vertex -2.5242 -9.83112 37.1714
      vertex -3.03871 -9.68164 37.1714
    endloop
  endfacet
  facet normal 0.509419 -0.749538 0.422711
    outer loop
      vertex 6.08163 -9.58312 34.6
      vertex 5.96602 -8.21152 37.1714
      vertex 5.88177 -8.26878 37.1714
    endloop
  endfacet
  facet normal 0.509394 -0.749551 0.422717
    outer loop
      vertex 5.96602 -8.21152 37.1714
      vertex 6.08163 -9.58312 34.6
      vertex 6.67136 -9.18234 34.6
    endloop
  endfacet
  facet normal 0.509394 0.749551 0.422717
    outer loop
      vertex 6.08163 9.58312 34.6
      vertex 5.96602 8.21152 37.1714
      vertex 6.67136 9.18234 34.6
    endloop
  endfacet
  facet normal 0.509419 0.749538 0.422711
    outer loop
      vertex 5.96602 8.21152 37.1714
      vertex 6.08163 9.58312 34.6
      vertex 5.88177 8.26878 37.1714
    endloop
  endfacet
  facet normal -0.509419 0.749538 0.422711
    outer loop
      vertex -6.08163 9.58312 34.6
      vertex -5.96602 8.21152 37.1714
      vertex -5.88177 8.26878 37.1714
    endloop
  endfacet
  facet normal -0.509394 0.749551 0.422717
    outer loop
      vertex -5.96602 8.21152 37.1714
      vertex -6.08163 9.58312 34.6
      vertex -6.67136 9.18234 34.6
    endloop
  endfacet
  facet normal -0.252841 0.870279 0.422713
    outer loop
      vertex -2.5242 9.83112 37.1714
      vertex -2.82263 10.9934 34.6
      vertex -3.03871 9.68164 37.1714
    endloop
  endfacet
  facet normal 0.0284707 -0.905814 0.422718
    outer loop
      vertex 0 -11.35 34.6
      vertex 0.10181 -10.1468 37.1714
      vertex 0 -10.15 37.1714
    endloop
  endfacet
  facet normal 0.0284706 -0.905814 0.422718
    outer loop
      vertex 0.10181 -10.1468 37.1714
      vertex 0 -11.35 34.6
      vertex 0.712672 -11.3276 34.6
    endloop
  endfacet
  facet normal -0.831719 0.35993 0.422722
    outer loop
      vertex -9.18399 4.32166 37.1714
      vertex -10.2698 4.83259 34.6
      vertex -9.39678 3.82995 37.1714
    endloop
  endfacet
  facet normal -0.509394 0.749552 0.422717
    outer loop
      vertex -5.43864 8.56993 37.1714
      vertex -6.08163 9.58312 34.6
      vertex -5.88177 8.26878 37.1714
    endloop
  endfacet
  facet normal -0.0845286 0.90232 0.422698
    outer loop
      vertex -1.42253 11.2605 34.6
      vertex -1.27213 10.07 37.1714
      vertex -1.17072 10.0795 37.1714
    endloop
  endfacet
  facet normal -0.0852844 0.902233 0.422732
    outer loop
      vertex -1.42253 11.2605 34.6
      vertex -1.17072 10.0795 37.1714
      vertex -0.712672 11.3276 34.6
    endloop
  endfacet
  facet normal 0.599319 0.679798 0.422719
    outer loop
      vertex 7.23476 8.74533 34.6
      vertex 6.46985 7.82071 37.1714
      vertex 6.87175 7.46639 37.1714
    endloop
  endfacet
  facet normal 0.461318 -0.780061 0.422718
    outer loop
      vertex 5.35097 -8.62178 37.1714
      vertex 4.8898 -8.89451 37.1714
      vertex 5.4679 -9.94608 34.6
    endloop
  endfacet
  facet normal 0.0845286 0.90232 0.422698
    outer loop
      vertex 1.27213 10.07 37.1714
      vertex 1.42253 11.2605 34.6
      vertex 1.17072 10.0795 37.1714
    endloop
  endfacet
  facet normal 0.0852844 0.902233 0.422732
    outer loop
      vertex 1.17072 10.0795 37.1714
      vertex 1.42253 11.2605 34.6
      vertex 0.712672 11.3276 34.6
    endloop
  endfacet
  facet normal -0.599319 -0.679798 0.422719
    outer loop
      vertex -6.87175 -7.46639 37.1714
      vertex -7.23476 -8.74533 34.6
      vertex -6.46985 -7.82071 37.1714
    endloop
  endfacet
  facet normal 0.831743 -0.359867 0.422729
    outer loop
      vertex 9.39678 -3.82995 37.1714
      vertex 10.553 -4.17821 34.6
      vertex 9.43723 -3.73646 37.1714
    endloop
  endfacet
  facet normal 0.831711 -0.359945 0.422725
    outer loop
      vertex 10.553 -4.17821 34.6
      vertex 9.39678 -3.82995 37.1714
      vertex 10.2698 -4.83259 34.6
    endloop
  endfacet
  facet normal 0.679798 0.599319 0.422719
    outer loop
      vertex 8.74533 7.23476 34.6
      vertex 7.46639 6.87175 37.1714
      vertex 7.82071 6.46985 37.1714
    endloop
  endfacet
  facet normal -0.807477 0.411447 0.42272
    outer loop
      vertex -10.2698 4.83259 34.6
      vertex -9.13775 4.41242 37.1714
      vertex -9.94608 5.4679 34.6
    endloop
  endfacet
  facet normal -0.807499 0.411401 0.422722
    outer loop
      vertex -9.13775 4.41242 37.1714
      vertex -10.2698 4.83259 34.6
      vertex -9.18399 4.32166 37.1714
    endloop
  endfacet
  facet normal 0.411447 0.807477 0.42272
    outer loop
      vertex 4.83259 10.2698 34.6
      vertex 4.41242 9.13775 37.1714
      vertex 5.4679 9.94608 34.6
    endloop
  endfacet
  facet normal 0.411401 0.807499 0.422722
    outer loop
      vertex 4.41242 9.13775 37.1714
      vertex 4.83259 10.2698 34.6
      vertex 4.32166 9.18399 37.1714
    endloop
  endfacet
  facet normal 0.252841 -0.870279 0.422713
    outer loop
      vertex 2.5242 -9.83112 37.1714
      vertex 2.82263 -10.9934 34.6
      vertex 3.03871 -9.68164 37.1714
    endloop
  endfacet
  facet normal 0.895104 0.14173 0.422731
    outer loop
      vertex 11.149 2.12678 34.6
      vertex 9.97021 1.90192 37.1714
      vertex 10.054 1.37274 37.1714
    endloop
  endfacet
  facet normal 0.25287 -0.870273 0.422707
    outer loop
      vertex 2.82263 -10.9934 34.6
      vertex 3.13652 -9.65322 37.1714
      vertex 3.03871 -9.68164 37.1714
    endloop
  endfacet
  facet normal 0.252807 -0.870285 0.422721
    outer loop
      vertex 3.13652 -9.65322 37.1714
      vertex 2.82263 -10.9934 34.6
      vertex 3.50734 -10.7945 34.6
    endloop
  endfacet
  facet normal 0.0845286 -0.90232 0.422698
    outer loop
      vertex 1.42253 -11.2605 34.6
      vertex 1.27213 -10.07 37.1714
      vertex 1.17072 -10.0795 37.1714
    endloop
  endfacet
  facet normal 0.0852844 -0.902233 0.422732
    outer loop
      vertex 1.42253 -11.2605 34.6
      vertex 1.17072 -10.0795 37.1714
      vertex 0.712672 -11.3276 34.6
    endloop
  endfacet
  facet normal 0.905814 -0.0284707 0.422718
    outer loop
      vertex 10.1468 -0.10181 37.1714
      vertex 11.35 0 34.6
      vertex 10.15 0 37.1714
    endloop
  endfacet
  facet normal 0.905814 -0.0284706 0.422718
    outer loop
      vertex 11.35 0 34.6
      vertex 10.1468 -0.10181 37.1714
      vertex 11.3276 -0.712672 34.6
    endloop
  endfacet
  facet normal 0.88445 -0.197602 0.422732
    outer loop
      vertex 11.149 -2.12678 34.6
      vertex 9.97021 -1.90192 37.1714
      vertex 9.948 -2.00133 37.1714
    endloop
  endfacet
  facet normal 0.884417 -0.197766 0.422725
    outer loop
      vertex 11.149 -2.12678 34.6
      vertex 9.948 -2.00133 37.1714
      vertex 10.9934 -2.82263 34.6
    endloop
  endfacet
  facet normal 0.141717 0.895107 0.422728
    outer loop
      vertex 1.42253 11.2605 34.6
      vertex 1.37274 10.054 37.1714
      vertex 2.12678 11.149 34.6
    endloop
  endfacet
  facet normal 0.142335 0.895022 0.4227
    outer loop
      vertex 1.37274 10.054 37.1714
      vertex 1.42253 11.2605 34.6
      vertex 1.27213 10.07 37.1714
    endloop
  endfacet
  facet normal 0.359867 -0.831743 0.422729
    outer loop
      vertex 4.17821 -10.553 34.6
      vertex 3.82995 -9.39678 37.1714
      vertex 3.73646 -9.43723 37.1714
    endloop
  endfacet
  facet normal 0.359945 -0.831711 0.422725
    outer loop
      vertex 3.82995 -9.39678 37.1714
      vertex 4.17821 -10.553 34.6
      vertex 4.83259 -10.2698 34.6
    endloop
  endfacet
  facet normal 0.884417 0.197766 0.422725
    outer loop
      vertex 9.948 2.00133 37.1714
      vertex 11.149 2.12678 34.6
      vertex 10.9934 2.82263 34.6
    endloop
  endfacet
  facet normal 0.88445 0.197602 0.422732
    outer loop
      vertex 9.97021 1.90192 37.1714
      vertex 11.149 2.12678 34.6
      vertex 9.948 2.00133 37.1714
    endloop
  endfacet
  facet normal 0.252841 0.870279 0.422713
    outer loop
      vertex 2.82263 10.9934 34.6
      vertex 2.5242 9.83112 37.1714
      vertex 3.03871 9.68164 37.1714
    endloop
  endfacet
  facet normal 0.411438 0.807483 0.422718
    outer loop
      vertex 5.4679 9.94608 34.6
      vertex 4.41242 9.13775 37.1714
      vertex 4.8898 8.89451 37.1714
    endloop
  endfacet
  facet normal 0.0284706 0.905814 0.422718
    outer loop
      vertex 0 11.35 34.6
      vertex 0.10181 10.1468 37.1714
      vertex 0.712672 11.3276 34.6
    endloop
  endfacet
  facet normal 0.0284707 0.905814 0.422718
    outer loop
      vertex 0.10181 10.1468 37.1714
      vertex 0 11.35 34.6
      vertex 0 10.15 37.1714
    endloop
  endfacet
  facet normal 0.555458 0.716083 0.422719
    outer loop
      vertex 7.23476 8.74533 34.6
      vertex 6.04651 8.14909 37.1714
      vertex 6.46985 7.82071 37.1714
    endloop
  endfacet
  facet normal -0.0845286 -0.90232 0.422698
    outer loop
      vertex -1.27213 -10.07 37.1714
      vertex -1.42253 -11.2605 34.6
      vertex -1.17072 -10.0795 37.1714
    endloop
  endfacet
  facet normal -0.0852844 -0.902233 0.422732
    outer loop
      vertex -1.17072 -10.0795 37.1714
      vertex -1.42253 -11.2605 34.6
      vertex -0.712672 -11.3276 34.6
    endloop
  endfacet
  facet normal -0.88445 -0.197602 0.422732
    outer loop
      vertex -9.97021 -1.90192 37.1714
      vertex -11.149 -2.12678 34.6
      vertex -9.948 -2.00133 37.1714
    endloop
  endfacet
  facet normal -0.884417 -0.197766 0.422725
    outer loop
      vertex -9.948 -2.00133 37.1714
      vertex -11.149 -2.12678 34.6
      vertex -10.9934 -2.82263 34.6
    endloop
  endfacet
  facet normal -0.716106 -0.555429 0.422718
    outer loop
      vertex -9.18234 -6.67136 34.6
      vertex -8.14909 -6.04651 37.1714
      vertex -8.21152 -5.96602 37.1714
    endloop
  endfacet
  facet normal -0.716092 -0.555448 0.422717
    outer loop
      vertex -8.14909 -6.04651 37.1714
      vertex -9.18234 -6.67136 34.6
      vertex -8.74533 -7.23476 34.6
    endloop
  endfacet
  facet normal -0.831711 0.359945 0.422725
    outer loop
      vertex -10.553 4.17821 34.6
      vertex -9.39678 3.82995 37.1714
      vertex -10.2698 4.83259 34.6
    endloop
  endfacet
  facet normal -0.831743 0.359867 0.422729
    outer loop
      vertex -9.39678 3.82995 37.1714
      vertex -10.553 4.17821 34.6
      vertex -9.43723 3.73646 37.1714
    endloop
  endfacet
  facet normal -0.307059 0.852664 0.422704
    outer loop
      vertex -3.50734 10.7945 34.6
      vertex -3.73646 9.43723 37.1714
      vertex -3.64063 9.47174 37.1714
    endloop
  endfacet
  facet normal -0.306952 0.852691 0.422728
    outer loop
      vertex -3.73646 9.43723 37.1714
      vertex -3.50734 10.7945 34.6
      vertex -4.17821 10.553 34.6
    endloop
  endfacet
  facet normal -0.870279 -0.252841 0.422713
    outer loop
      vertex -9.83112 -2.5242 37.1714
      vertex -10.9934 -2.82263 34.6
      vertex -9.68164 -3.03871 37.1714
    endloop
  endfacet
  facet normal 0.884436 -0.197703 0.422713
    outer loop
      vertex 9.948 -2.00133 37.1714
      vertex 9.83112 -2.5242 37.1714
      vertex 10.9934 -2.82263 34.6
    endloop
  endfacet
  facet normal -0.852664 -0.307059 0.422704
    outer loop
      vertex -10.7945 -3.50734 34.6
      vertex -9.43723 -3.73646 37.1714
      vertex -9.47174 -3.64063 37.1714
    endloop
  endfacet
  facet normal -0.852691 -0.306952 0.422728
    outer loop
      vertex -9.43723 -3.73646 37.1714
      vertex -10.7945 -3.50734 34.6
      vertex -10.553 -4.17821 34.6
    endloop
  endfacet
  facet normal -0.0284172 -0.90582 0.422708
    outer loop
      vertex -0.637323 -10.13 37.1714
      vertex -0.712672 -11.3276 34.6
      vertex -0.10181 -10.1468 37.1714
    endloop
  endfacet
  facet normal 0.749552 -0.509394 0.422717
    outer loop
      vertex 8.56993 -5.43864 37.1714
      vertex 8.26878 -5.88177 37.1714
      vertex 9.58312 -6.08163 34.6
    endloop
  endfacet
  facet normal 0.852664 0.307059 0.422704
    outer loop
      vertex 10.7945 3.50734 34.6
      vertex 9.43723 3.73646 37.1714
      vertex 9.47174 3.64063 37.1714
    endloop
  endfacet
  facet normal 0.852691 0.306952 0.422728
    outer loop
      vertex 9.43723 3.73646 37.1714
      vertex 10.7945 3.50734 34.6
      vertex 10.553 4.17821 34.6
    endloop
  endfacet
  facet normal 0.807499 -0.411401 0.422722
    outer loop
      vertex 9.13775 -4.41242 37.1714
      vertex 10.2698 -4.83259 34.6
      vertex 9.18399 -4.32166 37.1714
    endloop
  endfacet
  facet normal 0.807477 -0.411447 0.42272
    outer loop
      vertex 10.2698 -4.83259 34.6
      vertex 9.13775 -4.41242 37.1714
      vertex 9.94608 -5.4679 34.6
    endloop
  endfacet
  facet normal 0.461326 0.780057 0.422717
    outer loop
      vertex 5.4679 9.94608 34.6
      vertex 5.43864 8.56993 37.1714
      vertex 6.08163 9.58312 34.6
    endloop
  endfacet
  facet normal 0.461339 0.780051 0.422714
    outer loop
      vertex 5.43864 8.56993 37.1714
      vertex 5.4679 9.94608 34.6
      vertex 5.35097 8.62178 37.1714
    endloop
  endfacet
  facet normal 0.716106 -0.555429 0.422718
    outer loop
      vertex 8.14909 -6.04651 37.1714
      vertex 9.18234 -6.67136 34.6
      vertex 8.21152 -5.96602 37.1714
    endloop
  endfacet
  facet normal 0.716092 -0.555448 0.422717
    outer loop
      vertex 9.18234 -6.67136 34.6
      vertex 8.14909 -6.04651 37.1714
      vertex 8.74533 -7.23476 34.6
    endloop
  endfacet
  facet normal 0.870279 0.252841 0.422713
    outer loop
      vertex 9.83112 2.5242 37.1714
      vertex 10.9934 2.82263 34.6
      vertex 9.68164 3.03871 37.1714
    endloop
  endfacet
  facet normal 0.679793 0.599326 0.422718
    outer loop
      vertex 7.39903 6.94815 37.1714
      vertex 8.74533 7.23476 34.6
      vertex 8.27379 7.76961 34.6
    endloop
  endfacet
  facet normal 0.679779 0.599345 0.422713
    outer loop
      vertex 8.74533 7.23476 34.6
      vertex 7.39903 6.94815 37.1714
      vertex 7.46639 6.87175 37.1714
    endloop
  endfacet
  facet normal -0.780057 0.461326 0.422717
    outer loop
      vertex -9.94608 5.4679 34.6
      vertex -8.56993 5.43864 37.1714
      vertex -9.58312 6.08163 34.6
    endloop
  endfacet
  facet normal -0.780051 0.461339 0.422714
    outer loop
      vertex -8.56993 5.43864 37.1714
      vertex -9.94608 5.4679 34.6
      vertex -8.62178 5.35097 37.1714
    endloop
  endfacet
  facet normal 0.679798 -0.599319 0.422719
    outer loop
      vertex 7.82071 -6.46985 37.1714
      vertex 7.46639 -6.87175 37.1714
      vertex 8.74533 -7.23476 34.6
    endloop
  endfacet
  facet normal 0.359945 0.831711 0.422725
    outer loop
      vertex 4.17821 10.553 34.6
      vertex 3.82995 9.39678 37.1714
      vertex 4.83259 10.2698 34.6
    endloop
  endfacet
  facet normal 0.359867 0.831743 0.422729
    outer loop
      vertex 3.82995 9.39678 37.1714
      vertex 4.17821 10.553 34.6
      vertex 3.73646 9.43723 37.1714
    endloop
  endfacet
  facet normal 0.870273 0.25287 0.422707
    outer loop
      vertex 10.9934 2.82263 34.6
      vertex 9.65322 3.13652 37.1714
      vertex 9.68164 3.03871 37.1714
    endloop
  endfacet
  facet normal 0.870285 0.252807 0.422721
    outer loop
      vertex 9.65322 3.13652 37.1714
      vertex 10.9934 2.82263 34.6
      vertex 10.7945 3.50734 34.6
    endloop
  endfacet
  facet normal 0.555448 0.716092 0.422717
    outer loop
      vertex 6.67136 9.18234 34.6
      vertex 6.04651 8.14909 37.1714
      vertex 7.23476 8.74533 34.6
    endloop
  endfacet
  facet normal 0.555429 0.716106 0.422718
    outer loop
      vertex 6.04651 8.14909 37.1714
      vertex 6.67136 9.18234 34.6
      vertex 5.96602 8.21152 37.1714
    endloop
  endfacet
  facet normal 0.142335 -0.895022 0.4227
    outer loop
      vertex 1.42253 -11.2605 34.6
      vertex 1.37274 -10.054 37.1714
      vertex 1.27213 -10.07 37.1714
    endloop
  endfacet
  facet normal 0.141717 -0.895107 0.422728
    outer loop
      vertex 1.37274 -10.054 37.1714
      vertex 1.42253 -11.2605 34.6
      vertex 2.12678 -11.149 34.6
    endloop
  endfacet
  facet normal 0.461318 0.780061 0.422718
    outer loop
      vertex 5.4679 9.94608 34.6
      vertex 4.8898 8.89451 37.1714
      vertex 5.35097 8.62178 37.1714
    endloop
  endfacet
  facet normal -0.35993 0.831719 0.422722
    outer loop
      vertex -4.83259 10.2698 34.6
      vertex -4.32166 9.18399 37.1714
      vertex -3.82995 9.39678 37.1714
    endloop
  endfacet
  facet normal 0.807477 0.411447 0.42272
    outer loop
      vertex 9.13775 4.41242 37.1714
      vertex 10.2698 4.83259 34.6
      vertex 9.94608 5.4679 34.6
    endloop
  endfacet
  facet normal 0.807499 0.411401 0.422722
    outer loop
      vertex 10.2698 4.83259 34.6
      vertex 9.13775 4.41242 37.1714
      vertex 9.18399 4.32166 37.1714
    endloop
  endfacet
  facet normal -0.359867 0.831743 0.422729
    outer loop
      vertex -4.17821 10.553 34.6
      vertex -3.82995 9.39678 37.1714
      vertex -3.73646 9.43723 37.1714
    endloop
  endfacet
  facet normal -0.359945 0.831711 0.422725
    outer loop
      vertex -3.82995 9.39678 37.1714
      vertex -4.17821 10.553 34.6
      vertex -4.83259 10.2698 34.6
    endloop
  endfacet
  facet normal 0.716083 -0.555458 0.422719
    outer loop
      vertex 7.82071 -6.46985 37.1714
      vertex 8.74533 -7.23476 34.6
      vertex 8.14909 -6.04651 37.1714
    endloop
  endfacet
  facet normal 0.599345 -0.679779 0.422713
    outer loop
      vertex 7.23476 -8.74533 34.6
      vertex 6.94815 -7.39903 37.1714
      vertex 6.87175 -7.46639 37.1714
    endloop
  endfacet
  facet normal 0.599326 -0.679793 0.422718
    outer loop
      vertex 6.94815 -7.39903 37.1714
      vertex 7.23476 -8.74533 34.6
      vertex 7.76961 -8.27379 34.6
    endloop
  endfacet
  facet normal 0.307059 -0.852664 0.422704
    outer loop
      vertex 3.50734 -10.7945 34.6
      vertex 3.73646 -9.43723 37.1714
      vertex 3.64063 -9.47174 37.1714
    endloop
  endfacet
  facet normal 0.306952 -0.852691 0.422728
    outer loop
      vertex 3.73646 -9.43723 37.1714
      vertex 3.50734 -10.7945 34.6
      vertex 4.17821 -10.553 34.6
    endloop
  endfacet
  facet normal 0.884436 0.197703 0.422713
    outer loop
      vertex 10.9934 2.82263 34.6
      vertex 9.83112 2.5242 37.1714
      vertex 9.948 2.00133 37.1714
    endloop
  endfacet
  facet normal -0.306968 0.852688 0.422721
    outer loop
      vertex -3.13652 9.65322 37.1714
      vertex -3.50734 10.7945 34.6
      vertex -3.64063 9.47174 37.1714
    endloop
  endfacet
  facet normal -0.749552 0.509394 0.422717
    outer loop
      vertex -8.26878 5.88177 37.1714
      vertex -9.58312 6.08163 34.6
      vertex -8.56993 5.43864 37.1714
    endloop
  endfacet
  facet normal -0.411447 -0.807477 0.42272
    outer loop
      vertex -4.83259 -10.2698 34.6
      vertex -4.41242 -9.13775 37.1714
      vertex -5.4679 -9.94608 34.6
    endloop
  endfacet
  facet normal -0.411401 -0.807499 0.422722
    outer loop
      vertex -4.41242 -9.13775 37.1714
      vertex -4.83259 -10.2698 34.6
      vertex -4.32166 -9.18399 37.1714
    endloop
  endfacet
  facet normal -0.197703 -0.884436 0.422713
    outer loop
      vertex -2.5242 -9.83112 37.1714
      vertex -2.82263 -10.9934 34.6
      vertex -2.00133 -9.948 37.1714
    endloop
  endfacet
  facet normal -0.555448 -0.716092 0.422717
    outer loop
      vertex -6.67136 -9.18234 34.6
      vertex -6.04651 -8.14909 37.1714
      vertex -7.23476 -8.74533 34.6
    endloop
  endfacet
  facet normal -0.555429 -0.716106 0.422718
    outer loop
      vertex -6.04651 -8.14909 37.1714
      vertex -6.67136 -9.18234 34.6
      vertex -5.96602 -8.21152 37.1714
    endloop
  endfacet
  facet normal 0.252807 0.870285 0.422721
    outer loop
      vertex 2.82263 10.9934 34.6
      vertex 3.13652 9.65322 37.1714
      vertex 3.50734 10.7945 34.6
    endloop
  endfacet
  facet normal 0.25287 0.870273 0.422707
    outer loop
      vertex 3.13652 9.65322 37.1714
      vertex 2.82263 10.9934 34.6
      vertex 3.03871 9.68164 37.1714
    endloop
  endfacet
  facet normal -0.461326 -0.780057 0.422717
    outer loop
      vertex -5.4679 -9.94608 34.6
      vertex -5.43864 -8.56993 37.1714
      vertex -6.08163 -9.58312 34.6
    endloop
  endfacet
  facet normal -0.461339 -0.780051 0.422714
    outer loop
      vertex -5.43864 -8.56993 37.1714
      vertex -5.4679 -9.94608 34.6
      vertex -5.35097 -8.62178 37.1714
    endloop
  endfacet
  facet normal 0.14173 0.895104 0.422731
    outer loop
      vertex 2.12678 11.149 34.6
      vertex 1.37274 10.054 37.1714
      vertex 1.90192 9.97021 37.1714
    endloop
  endfacet
  facet normal -0.0284707 0.905814 0.422718
    outer loop
      vertex 0 11.35 34.6
      vertex -0.10181 10.1468 37.1714
      vertex 0 10.15 37.1714
    endloop
  endfacet
  facet normal -0.0284706 0.905814 0.422718
    outer loop
      vertex -0.10181 10.1468 37.1714
      vertex 0 11.35 34.6
      vertex -0.712672 11.3276 34.6
    endloop
  endfacet
  facet normal 0.831719 0.35993 0.422722
    outer loop
      vertex 10.2698 4.83259 34.6
      vertex 9.18399 4.32166 37.1714
      vertex 9.39678 3.82995 37.1714
    endloop
  endfacet
  facet normal -0.884417 0.197766 0.422725
    outer loop
      vertex -11.149 2.12678 34.6
      vertex -9.948 2.00133 37.1714
      vertex -10.9934 2.82263 34.6
    endloop
  endfacet
  facet normal -0.88445 0.197602 0.422732
    outer loop
      vertex -11.149 2.12678 34.6
      vertex -9.97021 1.90192 37.1714
      vertex -9.948 2.00133 37.1714
    endloop
  endfacet
  facet normal 0.831711 0.359945 0.422725
    outer loop
      vertex 9.39678 3.82995 37.1714
      vertex 10.553 4.17821 34.6
      vertex 10.2698 4.83259 34.6
    endloop
  endfacet
  facet normal 0.831743 0.359867 0.422729
    outer loop
      vertex 10.553 4.17821 34.6
      vertex 9.39678 3.82995 37.1714
      vertex 9.43723 3.73646 37.1714
    endloop
  endfacet
  facet normal 0.306952 0.852691 0.422728
    outer loop
      vertex 3.50734 10.7945 34.6
      vertex 3.73646 9.43723 37.1714
      vertex 4.17821 10.553 34.6
    endloop
  endfacet
  facet normal 0.307059 0.852664 0.422704
    outer loop
      vertex 3.73646 9.43723 37.1714
      vertex 3.50734 10.7945 34.6
      vertex 3.64063 9.47174 37.1714
    endloop
  endfacet
  facet normal -0.509394 -0.749551 0.422717
    outer loop
      vertex -6.08163 -9.58312 34.6
      vertex -5.96602 -8.21152 37.1714
      vertex -6.67136 -9.18234 34.6
    endloop
  endfacet
  facet normal -0.509419 -0.749538 0.422711
    outer loop
      vertex -5.96602 -8.21152 37.1714
      vertex -6.08163 -9.58312 34.6
      vertex -5.88177 -8.26878 37.1714
    endloop
  endfacet
  facet normal -0.807483 0.411438 0.422718
    outer loop
      vertex -8.89451 4.8898 37.1714
      vertex -9.94608 5.4679 34.6
      vertex -9.13775 4.41242 37.1714
    endloop
  endfacet
  facet normal -0.905814 0.0284706 0.422718
    outer loop
      vertex -11.35 0 34.6
      vertex -10.1468 0.10181 37.1714
      vertex -11.3276 0.712672 34.6
    endloop
  endfacet
  facet normal -0.905814 0.0284707 0.422718
    outer loop
      vertex -10.1468 0.10181 37.1714
      vertex -11.35 0 34.6
      vertex -10.15 0 37.1714
    endloop
  endfacet
  facet normal -0.870279 0.252841 0.422713
    outer loop
      vertex -10.9934 2.82263 34.6
      vertex -9.83112 2.5242 37.1714
      vertex -9.68164 3.03871 37.1714
    endloop
  endfacet
  facet normal -0.749551 0.509394 0.422717
    outer loop
      vertex -9.58312 6.08163 34.6
      vertex -8.21152 5.96602 37.1714
      vertex -9.18234 6.67136 34.6
    endloop
  endfacet
  facet normal -0.749538 0.509419 0.422711
    outer loop
      vertex -8.21152 5.96602 37.1714
      vertex -9.58312 6.08163 34.6
      vertex -8.26878 5.88177 37.1714
    endloop
  endfacet
  facet normal -0.831719 -0.35993 0.422722
    outer loop
      vertex -10.2698 -4.83259 34.6
      vertex -9.18399 -4.32166 37.1714
      vertex -9.39678 -3.82995 37.1714
    endloop
  endfacet
  facet normal -0.25287 0.870273 0.422707
    outer loop
      vertex -2.82263 10.9934 34.6
      vertex -3.13652 9.65322 37.1714
      vertex -3.03871 9.68164 37.1714
    endloop
  endfacet
  facet normal -0.252807 0.870285 0.422721
    outer loop
      vertex -3.13652 9.65322 37.1714
      vertex -2.82263 10.9934 34.6
      vertex -3.50734 10.7945 34.6
    endloop
  endfacet
  facet normal -0.306968 -0.852688 0.422721
    outer loop
      vertex -3.50734 -10.7945 34.6
      vertex -3.13652 -9.65322 37.1714
      vertex -3.64063 -9.47174 37.1714
    endloop
  endfacet
  facet normal -0.0854199 0.902232 0.422707
    outer loop
      vertex -0.712672 11.3276 34.6
      vertex -1.17072 10.0795 37.1714
      vertex -0.637323 10.13 37.1714
    endloop
  endfacet
  facet normal -0.895104 -0.14173 0.422731
    outer loop
      vertex -10.054 -1.37274 37.1714
      vertex -11.149 -2.12678 34.6
      vertex -9.97021 -1.90192 37.1714
    endloop
  endfacet
  facet normal -0.679779 -0.599345 0.422713
    outer loop
      vertex -8.74533 -7.23476 34.6
      vertex -7.39903 -6.94815 37.1714
      vertex -7.46639 -6.87175 37.1714
    endloop
  endfacet
  facet normal -0.679793 -0.599326 0.422718
    outer loop
      vertex -7.39903 -6.94815 37.1714
      vertex -8.74533 -7.23476 34.6
      vertex -8.27379 -7.76961 34.6
    endloop
  endfacet
  facet normal -0.461318 0.780061 0.422718
    outer loop
      vertex -4.8898 8.89451 37.1714
      vertex -5.4679 9.94608 34.6
      vertex -5.35097 8.62178 37.1714
    endloop
  endfacet
  facet normal -0.679798 0.599319 0.422719
    outer loop
      vertex -7.46639 6.87175 37.1714
      vertex -8.74533 7.23476 34.6
      vertex -7.82071 6.46985 37.1714
    endloop
  endfacet
  facet normal 0.35993 0.831719 0.422722
    outer loop
      vertex 4.32166 9.18399 37.1714
      vertex 4.83259 10.2698 34.6
      vertex 3.82995 9.39678 37.1714
    endloop
  endfacet
  facet normal -0.461318 -0.780061 0.422718
    outer loop
      vertex -5.35097 -8.62178 37.1714
      vertex -5.4679 -9.94608 34.6
      vertex -4.8898 -8.89451 37.1714
    endloop
  endfacet
  facet normal -0.716092 0.555448 0.422717
    outer loop
      vertex -9.18234 6.67136 34.6
      vertex -8.14909 6.04651 37.1714
      vertex -8.74533 7.23476 34.6
    endloop
  endfacet
  facet normal -0.716106 0.555429 0.422718
    outer loop
      vertex -8.14909 6.04651 37.1714
      vertex -9.18234 6.67136 34.6
      vertex -8.21152 5.96602 37.1714
    endloop
  endfacet
  facet normal -0.252807 -0.870285 0.422721
    outer loop
      vertex -2.82263 -10.9934 34.6
      vertex -3.13652 -9.65322 37.1714
      vertex -3.50734 -10.7945 34.6
    endloop
  endfacet
  facet normal -0.25287 -0.870273 0.422707
    outer loop
      vertex -3.13652 -9.65322 37.1714
      vertex -2.82263 -10.9934 34.6
      vertex -3.03871 -9.68164 37.1714
    endloop
  endfacet
  facet normal -0.640823 0.640823 0.422718
    outer loop
      vertex -6.94815 7.39903 37.1714
      vertex -7.76961 8.27379 34.6
      vertex -7.39903 6.94815 37.1714
    endloop
  endfacet
  facet normal -0.640823 0.640823 0.422718
    outer loop
      vertex -7.39903 6.94815 37.1714
      vertex -7.76961 8.27379 34.6
      vertex -8.27379 7.76961 34.6
    endloop
  endfacet
  facet normal -0.411438 0.807483 0.422718
    outer loop
      vertex -4.41242 9.13775 37.1714
      vertex -5.4679 9.94608 34.6
      vertex -4.8898 8.89451 37.1714
    endloop
  endfacet
  facet normal 0.749551 0.509394 0.422717
    outer loop
      vertex 8.21152 5.96602 37.1714
      vertex 9.58312 6.08163 34.6
      vertex 9.18234 6.67136 34.6
    endloop
  endfacet
  facet normal 0.749538 0.509419 0.422711
    outer loop
      vertex 9.58312 6.08163 34.6
      vertex 8.21152 5.96602 37.1714
      vertex 8.26878 5.88177 37.1714
    endloop
  endfacet
  facet normal 0.716092 0.555448 0.422717
    outer loop
      vertex 8.14909 6.04651 37.1714
      vertex 9.18234 6.67136 34.6
      vertex 8.74533 7.23476 34.6
    endloop
  endfacet
  facet normal 0.716106 0.555429 0.422718
    outer loop
      vertex 9.18234 6.67136 34.6
      vertex 8.14909 6.04651 37.1714
      vertex 8.21152 5.96602 37.1714
    endloop
  endfacet
  facet normal -0.555458 0.716083 0.422719
    outer loop
      vertex -6.04651 8.14909 37.1714
      vertex -7.23476 8.74533 34.6
      vertex -6.46985 7.82071 37.1714
    endloop
  endfacet
  facet normal 0.780051 -0.461339 0.422714
    outer loop
      vertex 8.56993 -5.43864 37.1714
      vertex 9.94608 -5.4679 34.6
      vertex 8.62178 -5.35097 37.1714
    endloop
  endfacet
  facet normal 0.780057 -0.461326 0.422717
    outer loop
      vertex 9.94608 -5.4679 34.6
      vertex 8.56993 -5.43864 37.1714
      vertex 9.58312 -6.08163 34.6
    endloop
  endfacet
  facet normal 0.599319 -0.679798 0.422719
    outer loop
      vertex 6.87175 -7.46639 37.1714
      vertex 6.46985 -7.82071 37.1714
      vertex 7.23476 -8.74533 34.6
    endloop
  endfacet
  facet normal 0.509394 -0.749552 0.422717
    outer loop
      vertex 5.88177 -8.26878 37.1714
      vertex 5.43864 -8.56993 37.1714
      vertex 6.08163 -9.58312 34.6
    endloop
  endfacet
  facet normal -0.679798 -0.599319 0.422719
    outer loop
      vertex -7.82071 -6.46985 37.1714
      vertex -8.74533 -7.23476 34.6
      vertex -7.46639 -6.87175 37.1714
    endloop
  endfacet
  facet normal 0.640823 -0.640823 0.422718
    outer loop
      vertex 8.27379 -7.76961 34.6
      vertex 7.39903 -6.94815 37.1714
      vertex 6.94815 -7.39903 37.1714
    endloop
  endfacet
  facet normal 0.640823 -0.640823 0.422718
    outer loop
      vertex 8.27379 -7.76961 34.6
      vertex 6.94815 -7.39903 37.1714
      vertex 7.76961 -8.27379 34.6
    endloop
  endfacet
  facet normal 0.807483 0.411438 0.422718
    outer loop
      vertex 9.94608 5.4679 34.6
      vertex 8.89451 4.8898 37.1714
      vertex 9.13775 4.41242 37.1714
    endloop
  endfacet
  facet normal 0.852688 0.306968 0.422721
    outer loop
      vertex 9.65322 3.13652 37.1714
      vertex 10.7945 3.50734 34.6
      vertex 9.47174 3.64063 37.1714
    endloop
  endfacet
  facet normal 0.0284172 -0.90582 0.422708
    outer loop
      vertex 0.712672 -11.3276 34.6
      vertex 0.637323 -10.13 37.1714
      vertex 0.10181 -10.1468 37.1714
    endloop
  endfacet
  facet normal 0.749552 0.509394 0.422717
    outer loop
      vertex 9.58312 6.08163 34.6
      vertex 8.26878 5.88177 37.1714
      vertex 8.56993 5.43864 37.1714
    endloop
  endfacet
  facet normal 0.780057 0.461326 0.422717
    outer loop
      vertex 8.56993 5.43864 37.1714
      vertex 9.94608 5.4679 34.6
      vertex 9.58312 6.08163 34.6
    endloop
  endfacet
  facet normal 0.780051 0.461339 0.422714
    outer loop
      vertex 9.94608 5.4679 34.6
      vertex 8.56993 5.43864 37.1714
      vertex 8.62178 5.35097 37.1714
    endloop
  endfacet
  facet normal 0.870273 -0.25287 0.422707
    outer loop
      vertex 9.65322 -3.13652 37.1714
      vertex 10.9934 -2.82263 34.6
      vertex 9.68164 -3.03871 37.1714
    endloop
  endfacet
  facet normal 0.870285 -0.252807 0.422721
    outer loop
      vertex 10.9934 -2.82263 34.6
      vertex 9.65322 -3.13652 37.1714
      vertex 10.7945 -3.50734 34.6
    endloop
  endfacet
  facet normal 0.555458 -0.716083 0.422719
    outer loop
      vertex 6.46985 -7.82071 37.1714
      vertex 6.04651 -8.14909 37.1714
      vertex 7.23476 -8.74533 34.6
    endloop
  endfacet
  facet normal 0.197602 0.88445 0.422732
    outer loop
      vertex 2.12678 11.149 34.6
      vertex 1.90192 9.97021 37.1714
      vertex 2.00133 9.948 37.1714
    endloop
  endfacet
  facet normal 0.197766 0.884417 0.422725
    outer loop
      vertex 2.12678 11.149 34.6
      vertex 2.00133 9.948 37.1714
      vertex 2.82263 10.9934 34.6
    endloop
  endfacet
  facet normal 0.90232 -0.0845286 0.422698
    outer loop
      vertex 11.2605 -1.42253 34.6
      vertex 10.0795 -1.17072 37.1714
      vertex 10.07 -1.27213 37.1714
    endloop
  endfacet
  facet normal 0.902233 -0.0852844 0.422732
    outer loop
      vertex 10.0795 -1.17072 37.1714
      vertex 11.2605 -1.42253 34.6
      vertex 11.3276 -0.712672 34.6
    endloop
  endfacet
  facet normal 0.895022 -0.142335 0.4227
    outer loop
      vertex 10.054 -1.37274 37.1714
      vertex 11.2605 -1.42253 34.6
      vertex 10.07 -1.27213 37.1714
    endloop
  endfacet
  facet normal 0.895107 -0.141717 0.422728
    outer loop
      vertex 11.2605 -1.42253 34.6
      vertex 10.054 -1.37274 37.1714
      vertex 11.149 -2.12678 34.6
    endloop
  endfacet
  facet normal 0.90232 0.0845286 0.422698
    outer loop
      vertex 10.0795 1.17072 37.1714
      vertex 11.2605 1.42253 34.6
      vertex 10.07 1.27213 37.1714
    endloop
  endfacet
  facet normal 0.902233 0.0852844 0.422732
    outer loop
      vertex 11.2605 1.42253 34.6
      vertex 10.0795 1.17072 37.1714
      vertex 11.3276 0.712672 34.6
    endloop
  endfacet
  facet normal 0.895107 0.141717 0.422728
    outer loop
      vertex 10.054 1.37274 37.1714
      vertex 11.2605 1.42253 34.6
      vertex 11.149 2.12678 34.6
    endloop
  endfacet
  facet normal 0.895022 0.142335 0.4227
    outer loop
      vertex 11.2605 1.42253 34.6
      vertex 10.054 1.37274 37.1714
      vertex 10.07 1.27213 37.1714
    endloop
  endfacet
  facet normal -0.599345 0.679779 0.422713
    outer loop
      vertex -7.23476 8.74533 34.6
      vertex -6.94815 7.39903 37.1714
      vertex -6.87175 7.46639 37.1714
    endloop
  endfacet
  facet normal -0.599326 0.679793 0.422718
    outer loop
      vertex -6.94815 7.39903 37.1714
      vertex -7.23476 8.74533 34.6
      vertex -7.76961 8.27379 34.6
    endloop
  endfacet
  facet normal 0.831719 -0.35993 0.422722
    outer loop
      vertex 9.18399 -4.32166 37.1714
      vertex 10.2698 -4.83259 34.6
      vertex 9.39678 -3.82995 37.1714
    endloop
  endfacet
  facet normal 0.90582 0.0284172 0.422708
    outer loop
      vertex 11.3276 0.712672 34.6
      vertex 10.13 0.637323 37.1714
      vertex 10.1468 0.10181 37.1714
    endloop
  endfacet
  facet normal 0.895104 -0.14173 0.422731
    outer loop
      vertex 10.054 -1.37274 37.1714
      vertex 9.97021 -1.90192 37.1714
      vertex 11.149 -2.12678 34.6
    endloop
  endfacet
  facet normal 0.902232 -0.0854199 0.422707
    outer loop
      vertex 10.13 -0.637323 37.1714
      vertex 10.0795 -1.17072 37.1714
      vertex 11.3276 -0.712672 34.6
    endloop
  endfacet
  facet normal 0.90582 -0.0284172 0.422708
    outer loop
      vertex 10.13 -0.637323 37.1714
      vertex 11.3276 -0.712672 34.6
      vertex 10.1468 -0.10181 37.1714
    endloop
  endfacet
  facet normal -0.749552 -0.509394 0.422717
    outer loop
      vertex -8.56993 -5.43864 37.1714
      vertex -9.58312 -6.08163 34.6
      vertex -8.26878 -5.88177 37.1714
    endloop
  endfacet
  facet normal 0.555429 -0.716106 0.422718
    outer loop
      vertex 6.67136 -9.18234 34.6
      vertex 6.04651 -8.14909 37.1714
      vertex 5.96602 -8.21152 37.1714
    endloop
  endfacet
  facet normal 0.555448 -0.716092 0.422717
    outer loop
      vertex 6.04651 -8.14909 37.1714
      vertex 6.67136 -9.18234 34.6
      vertex 7.23476 -8.74533 34.6
    endloop
  endfacet
  facet normal -0.905814 -0.0284707 0.422718
    outer loop
      vertex -11.35 0 34.6
      vertex -10.1468 -0.10181 37.1714
      vertex -10.15 0 37.1714
    endloop
  endfacet
  facet normal -0.905814 -0.0284706 0.422718
    outer loop
      vertex -10.1468 -0.10181 37.1714
      vertex -11.35 0 34.6
      vertex -11.3276 -0.712672 34.6
    endloop
  endfacet
  facet normal -0.197703 0.884436 0.422713
    outer loop
      vertex -2.00133 9.948 37.1714
      vertex -2.82263 10.9934 34.6
      vertex -2.5242 9.83112 37.1714
    endloop
  endfacet
  facet normal -0.831743 -0.359867 0.422729
    outer loop
      vertex -10.553 -4.17821 34.6
      vertex -9.39678 -3.82995 37.1714
      vertex -9.43723 -3.73646 37.1714
    endloop
  endfacet
  facet normal -0.831711 -0.359945 0.422725
    outer loop
      vertex -9.39678 -3.82995 37.1714
      vertex -10.553 -4.17821 34.6
      vertex -10.2698 -4.83259 34.6
    endloop
  endfacet
  facet normal -0.142335 0.895022 0.4227
    outer loop
      vertex -1.42253 11.2605 34.6
      vertex -1.37274 10.054 37.1714
      vertex -1.27213 10.07 37.1714
    endloop
  endfacet
  facet normal -0.141717 0.895107 0.422728
    outer loop
      vertex -1.37274 10.054 37.1714
      vertex -1.42253 11.2605 34.6
      vertex -2.12678 11.149 34.6
    endloop
  endfacet
  facet normal -0.895104 0.14173 0.422731
    outer loop
      vertex -9.97021 1.90192 37.1714
      vertex -11.149 2.12678 34.6
      vertex -10.054 1.37274 37.1714
    endloop
  endfacet
  facet normal -0.716083 0.555458 0.422719
    outer loop
      vertex -7.82071 6.46985 37.1714
      vertex -8.74533 7.23476 34.6
      vertex -8.14909 6.04651 37.1714
    endloop
  endfacet
  facet normal -0.461339 0.780051 0.422714
    outer loop
      vertex -5.4679 9.94608 34.6
      vertex -5.43864 8.56993 37.1714
      vertex -5.35097 8.62178 37.1714
    endloop
  endfacet
  facet normal -0.461326 0.780057 0.422717
    outer loop
      vertex -5.43864 8.56993 37.1714
      vertex -5.4679 9.94608 34.6
      vertex -6.08163 9.58312 34.6
    endloop
  endfacet
  facet normal 0.197703 -0.884436 0.422713
    outer loop
      vertex 2.5242 -9.83112 37.1714
      vertex 2.00133 -9.948 37.1714
      vertex 2.82263 -10.9934 34.6
    endloop
  endfacet
  facet normal -0.599326 -0.679793 0.422718
    outer loop
      vertex -7.23476 -8.74533 34.6
      vertex -6.94815 -7.39903 37.1714
      vertex -7.76961 -8.27379 34.6
    endloop
  endfacet
  facet normal -0.599345 -0.679779 0.422713
    outer loop
      vertex -6.94815 -7.39903 37.1714
      vertex -7.23476 -8.74533 34.6
      vertex -6.87175 -7.46639 37.1714
    endloop
  endfacet
  facet normal 0.852664 -0.307059 0.422704
    outer loop
      vertex 9.43723 -3.73646 37.1714
      vertex 10.7945 -3.50734 34.6
      vertex 9.47174 -3.64063 37.1714
    endloop
  endfacet
  facet normal 0.852691 -0.306952 0.422728
    outer loop
      vertex 10.7945 -3.50734 34.6
      vertex 9.43723 -3.73646 37.1714
      vertex 10.553 -4.17821 34.6
    endloop
  endfacet
  facet normal -0.716083 -0.555458 0.422719
    outer loop
      vertex -8.14909 -6.04651 37.1714
      vertex -8.74533 -7.23476 34.6
      vertex -7.82071 -6.46985 37.1714
    endloop
  endfacet
  facet normal -0.780061 0.461318 0.422718
    outer loop
      vertex -8.62178 5.35097 37.1714
      vertex -9.94608 5.4679 34.6
      vertex -8.89451 4.8898 37.1714
    endloop
  endfacet
  facet normal 0.197703 0.884436 0.422713
    outer loop
      vertex 2.82263 10.9934 34.6
      vertex 2.00133 9.948 37.1714
      vertex 2.5242 9.83112 37.1714
    endloop
  endfacet
  facet normal -0.14173 0.895104 0.422731
    outer loop
      vertex -1.37274 10.054 37.1714
      vertex -2.12678 11.149 34.6
      vertex -1.90192 9.97021 37.1714
    endloop
  endfacet
  facet normal -0.197602 0.88445 0.422732
    outer loop
      vertex -1.90192 9.97021 37.1714
      vertex -2.12678 11.149 34.6
      vertex -2.00133 9.948 37.1714
    endloop
  endfacet
  facet normal -0.197766 0.884417 0.422725
    outer loop
      vertex -2.00133 9.948 37.1714
      vertex -2.12678 11.149 34.6
      vertex -2.82263 10.9934 34.6
    endloop
  endfacet
  facet normal -0.895022 -0.142335 0.4227
    outer loop
      vertex -11.2605 -1.42253 34.6
      vertex -10.054 -1.37274 37.1714
      vertex -10.07 -1.27213 37.1714
    endloop
  endfacet
  facet normal -0.895107 -0.141717 0.422728
    outer loop
      vertex -10.054 -1.37274 37.1714
      vertex -11.2605 -1.42253 34.6
      vertex -11.149 -2.12678 34.6
    endloop
  endfacet
  facet normal 0.0284172 0.90582 0.422708
    outer loop
      vertex 0.637323 10.13 37.1714
      vertex 0.712672 11.3276 34.6
      vertex 0.10181 10.1468 37.1714
    endloop
  endfacet
  facet normal 0.599326 0.679793 0.422718
    outer loop
      vertex 7.23476 8.74533 34.6
      vertex 6.94815 7.39903 37.1714
      vertex 7.76961 8.27379 34.6
    endloop
  endfacet
  facet normal 0.599345 0.679779 0.422713
    outer loop
      vertex 6.94815 7.39903 37.1714
      vertex 7.23476 8.74533 34.6
      vertex 6.87175 7.46639 37.1714
    endloop
  endfacet
  facet normal -0.640823 -0.640823 0.422718
    outer loop
      vertex -7.39903 -6.94815 37.1714
      vertex -8.27379 -7.76961 34.6
      vertex -6.94815 -7.39903 37.1714
    endloop
  endfacet
  facet normal -0.640823 -0.640823 0.422718
    outer loop
      vertex -6.94815 -7.39903 37.1714
      vertex -8.27379 -7.76961 34.6
      vertex -7.76961 -8.27379 34.6
    endloop
  endfacet
  facet normal 0.640823 0.640823 0.422718
    outer loop
      vertex 6.94815 7.39903 37.1714
      vertex 8.27379 7.76961 34.6
      vertex 7.76961 8.27379 34.6
    endloop
  endfacet
  facet normal 0.640823 0.640823 0.422718
    outer loop
      vertex 7.39903 6.94815 37.1714
      vertex 8.27379 7.76961 34.6
      vertex 6.94815 7.39903 37.1714
    endloop
  endfacet
  facet normal -0.141717 -0.895107 0.422728
    outer loop
      vertex -1.42253 -11.2605 34.6
      vertex -1.37274 -10.054 37.1714
      vertex -2.12678 -11.149 34.6
    endloop
  endfacet
  facet normal -0.142335 -0.895022 0.4227
    outer loop
      vertex -1.37274 -10.054 37.1714
      vertex -1.42253 -11.2605 34.6
      vertex -1.27213 -10.07 37.1714
    endloop
  endfacet
  facet normal 0.35993 -0.831719 0.422722
    outer loop
      vertex 4.83259 -10.2698 34.6
      vertex 4.32166 -9.18399 37.1714
      vertex 3.82995 -9.39678 37.1714
    endloop
  endfacet
  facet normal 0.197602 -0.88445 0.422732
    outer loop
      vertex 1.90192 -9.97021 37.1714
      vertex 2.12678 -11.149 34.6
      vertex 2.00133 -9.948 37.1714
    endloop
  endfacet
  facet normal 0.197766 -0.884417 0.422725
    outer loop
      vertex 2.00133 -9.948 37.1714
      vertex 2.12678 -11.149 34.6
      vertex 2.82263 -10.9934 34.6
    endloop
  endfacet
  facet normal -0.902232 0.0854199 0.422707
    outer loop
      vertex -10.0795 1.17072 37.1714
      vertex -11.3276 0.712672 34.6
      vertex -10.13 0.637323 37.1714
    endloop
  endfacet
  facet normal -0.0854199 -0.902232 0.422707
    outer loop
      vertex -0.637323 -10.13 37.1714
      vertex -1.17072 -10.0795 37.1714
      vertex -0.712672 -11.3276 34.6
    endloop
  endfacet
  facet normal 0.870279 -0.252841 0.422713
    outer loop
      vertex 10.9934 -2.82263 34.6
      vertex 9.83112 -2.5242 37.1714
      vertex 9.68164 -3.03871 37.1714
    endloop
  endfacet
  facet normal -0.895107 0.141717 0.422728
    outer loop
      vertex -11.2605 1.42253 34.6
      vertex -10.054 1.37274 37.1714
      vertex -11.149 2.12678 34.6
    endloop
  endfacet
  facet normal -0.895022 0.142335 0.4227
    outer loop
      vertex -10.054 1.37274 37.1714
      vertex -11.2605 1.42253 34.6
      vertex -10.07 1.27213 37.1714
    endloop
  endfacet
  facet normal 0.902232 0.0854199 0.422707
    outer loop
      vertex 11.3276 0.712672 34.6
      vertex 10.0795 1.17072 37.1714
      vertex 10.13 0.637323 37.1714
    endloop
  endfacet
  facet normal 0.749538 -0.509419 0.422711
    outer loop
      vertex 8.21152 -5.96602 37.1714
      vertex 9.58312 -6.08163 34.6
      vertex 8.26878 -5.88177 37.1714
    endloop
  endfacet
  facet normal 0.749551 -0.509394 0.422717
    outer loop
      vertex 9.58312 -6.08163 34.6
      vertex 8.21152 -5.96602 37.1714
      vertex 9.18234 -6.67136 34.6
    endloop
  endfacet
  facet normal -0.599319 0.679798 0.422719
    outer loop
      vertex -6.46985 7.82071 37.1714
      vertex -7.23476 8.74533 34.6
      vertex -6.87175 7.46639 37.1714
    endloop
  endfacet
  facet normal -0.509394 -0.749552 0.422717
    outer loop
      vertex -5.88177 -8.26878 37.1714
      vertex -6.08163 -9.58312 34.6
      vertex -5.43864 -8.56993 37.1714
    endloop
  endfacet
  facet normal 0.306968 -0.852688 0.422721
    outer loop
      vertex 3.13652 -9.65322 37.1714
      vertex 3.50734 -10.7945 34.6
      vertex 3.64063 -9.47174 37.1714
    endloop
  endfacet
  facet normal -0.870285 0.252807 0.422721
    outer loop
      vertex -10.9934 2.82263 34.6
      vertex -9.65322 3.13652 37.1714
      vertex -10.7945 3.50734 34.6
    endloop
  endfacet
  facet normal -0.870273 0.25287 0.422707
    outer loop
      vertex -9.65322 3.13652 37.1714
      vertex -10.9934 2.82263 34.6
      vertex -9.68164 3.03871 37.1714
    endloop
  endfacet
  facet normal -0.852691 0.306952 0.422728
    outer loop
      vertex -10.7945 3.50734 34.6
      vertex -9.43723 3.73646 37.1714
      vertex -10.553 4.17821 34.6
    endloop
  endfacet
  facet normal -0.852664 0.307059 0.422704
    outer loop
      vertex -9.43723 3.73646 37.1714
      vertex -10.7945 3.50734 34.6
      vertex -9.47174 3.64063 37.1714
    endloop
  endfacet
  facet normal 0.780061 -0.461318 0.422718
    outer loop
      vertex 8.89451 -4.8898 37.1714
      vertex 8.62178 -5.35097 37.1714
      vertex 9.94608 -5.4679 34.6
    endloop
  endfacet
  facet normal 0.807483 -0.411438 0.422718
    outer loop
      vertex 8.89451 -4.8898 37.1714
      vertex 9.94608 -5.4679 34.6
      vertex 9.13775 -4.41242 37.1714
    endloop
  endfacet
  facet normal -0.852688 0.306968 0.422721
    outer loop
      vertex -10.7945 3.50734 34.6
      vertex -9.65322 3.13652 37.1714
      vertex -9.47174 3.64063 37.1714
    endloop
  endfacet
  facet normal -0.90582 -0.0284172 0.422708
    outer loop
      vertex -11.3276 -0.712672 34.6
      vertex -10.13 -0.637323 37.1714
      vertex -10.1468 -0.10181 37.1714
    endloop
  endfacet
  facet normal -0.807499 -0.411401 0.422722
    outer loop
      vertex -10.2698 -4.83259 34.6
      vertex -9.13775 -4.41242 37.1714
      vertex -9.18399 -4.32166 37.1714
    endloop
  endfacet
  facet normal -0.807477 -0.411447 0.42272
    outer loop
      vertex -9.13775 -4.41242 37.1714
      vertex -10.2698 -4.83259 34.6
      vertex -9.94608 -5.4679 34.6
    endloop
  endfacet
  facet normal -0.852688 -0.306968 0.422721
    outer loop
      vertex -9.65322 -3.13652 37.1714
      vertex -10.7945 -3.50734 34.6
      vertex -9.47174 -3.64063 37.1714
    endloop
  endfacet
  facet normal -0.35993 -0.831719 0.422722
    outer loop
      vertex -4.32166 -9.18399 37.1714
      vertex -4.83259 -10.2698 34.6
      vertex -3.82995 -9.39678 37.1714
    endloop
  endfacet
  facet normal -0.884436 -0.197703 0.422713
    outer loop
      vertex -9.948 -2.00133 37.1714
      vertex -10.9934 -2.82263 34.6
      vertex -9.83112 -2.5242 37.1714
    endloop
  endfacet
  facet normal -0.359945 -0.831711 0.422725
    outer loop
      vertex -4.17821 -10.553 34.6
      vertex -3.82995 -9.39678 37.1714
      vertex -4.83259 -10.2698 34.6
    endloop
  endfacet
  facet normal -0.359867 -0.831743 0.422729
    outer loop
      vertex -3.82995 -9.39678 37.1714
      vertex -4.17821 -10.553 34.6
      vertex -3.73646 -9.43723 37.1714
    endloop
  endfacet
  facet normal -0.14173 -0.895104 0.422731
    outer loop
      vertex -1.90192 -9.97021 37.1714
      vertex -2.12678 -11.149 34.6
      vertex -1.37274 -10.054 37.1714
    endloop
  endfacet
  facet normal 0.14173 -0.895104 0.422731
    outer loop
      vertex 1.90192 -9.97021 37.1714
      vertex 1.37274 -10.054 37.1714
      vertex 2.12678 -11.149 34.6
    endloop
  endfacet
  facet normal -0.555458 -0.716083 0.422719
    outer loop
      vertex -6.46985 -7.82071 37.1714
      vertex -7.23476 -8.74533 34.6
      vertex -6.04651 -8.14909 37.1714
    endloop
  endfacet
  facet normal -0.306952 -0.852691 0.422728
    outer loop
      vertex -3.50734 -10.7945 34.6
      vertex -3.73646 -9.43723 37.1714
      vertex -4.17821 -10.553 34.6
    endloop
  endfacet
  facet normal -0.307059 -0.852664 0.422704
    outer loop
      vertex -3.73646 -9.43723 37.1714
      vertex -3.50734 -10.7945 34.6
      vertex -3.64063 -9.47174 37.1714
    endloop
  endfacet
  facet normal -0.902232 -0.0854199 0.422707
    outer loop
      vertex -10.13 -0.637323 37.1714
      vertex -11.3276 -0.712672 34.6
      vertex -10.0795 -1.17072 37.1714
    endloop
  endfacet
  facet normal -0.902233 -0.0852844 0.422732
    outer loop
      vertex -11.2605 -1.42253 34.6
      vertex -10.0795 -1.17072 37.1714
      vertex -11.3276 -0.712672 34.6
    endloop
  endfacet
  facet normal -0.90232 -0.0845286 0.422698
    outer loop
      vertex -10.0795 -1.17072 37.1714
      vertex -11.2605 -1.42253 34.6
      vertex -10.07 -1.27213 37.1714
    endloop
  endfacet
  facet normal -0.807483 -0.411438 0.422718
    outer loop
      vertex -9.13775 -4.41242 37.1714
      vertex -9.94608 -5.4679 34.6
      vertex -8.89451 -4.8898 37.1714
    endloop
  endfacet
  facet normal -0.995641 -0.0932708 0
    outer loop
      vertex 10.07 1.27213 28
      vertex 10.0795 1.17072 37.1714
      vertex 10.07 1.27213 37.1714
    endloop
  endfacet
  facet normal -0.995563 -0.0940975 -9.22253e-06
    outer loop
      vertex 10.13 0.637323 28
      vertex 10.0795 1.17072 37.1714
      vertex 10.07 1.27213 28
    endloop
  endfacet
  facet normal -0.995548 -0.0942547 0
    outer loop
      vertex 10.0795 1.17072 37.1714
      vertex 10.13 0.637323 28
      vertex 10.13 0.637323 37.1714
    endloop
  endfacet
  facet normal -0.999508 -0.0313564 0
    outer loop
      vertex 10.13 0.637323 28
      vertex 10.1468 0.10181 37.1714
      vertex 10.13 0.637323 37.1714
    endloop
  endfacet
  facet normal -0.999508 -0.0313658 -5.52939e-07
    outer loop
      vertex 10.15 0 28
      vertex 10.1468 0.10181 37.1714
      vertex 10.13 0.637323 28
    endloop
  endfacet
  facet normal -0.999506 -0.0314156 0
    outer loop
      vertex 10.1468 0.10181 37.1714
      vertex 10.15 0 28
      vertex 10.15 0 37.1714
    endloop
  endfacet
  facet normal -0.397161 0.917749 0
    outer loop
      vertex 4.32166 -9.18399 28
      vertex 3.82995 -9.39678 37.1714
      vertex 4.32166 -9.18399 37.1714
    endloop
  endfacet
  facet normal -0.39715 0.917754 6.95544e-07
    outer loop
      vertex 3.73646 -9.43723 28
      vertex 3.82995 -9.39678 37.1714
      vertex 4.32166 -9.18399 28
    endloop
  endfacet
  facet normal -0.397092 0.917779 0
    outer loop
      vertex 3.82995 -9.39678 37.1714
      vertex 3.73646 -9.43723 28
      vertex 3.73646 -9.43723 37.1714
    endloop
  endfacet
  facet normal -0.509057 0.860733 0
    outer loop
      vertex 5.43864 -8.56993 28
      vertex 5.35097 -8.62178 37.1714
      vertex 5.43864 -8.56993 37.1714
    endloop
  endfacet
  facet normal -0.509034 0.860746 2.90078e-07
    outer loop
      vertex 5.35097 -8.62178 37.1714
      vertex 5.43864 -8.56993 28
      vertex 4.8898 -8.89451 37.1714
    endloop
  endfacet
  facet normal -0.509038 0.860744 0
    outer loop
      vertex 4.8898 -8.89451 37.1714
      vertex 5.43864 -8.56993 28
      vertex 4.8898 -8.89451 28
    endloop
  endfacet
  facet normal 0.61288 0.790176 -0
    outer loop
      vertex -5.96602 -8.21152 28
      vertex -6.04651 -8.14909 37.1714
      vertex -5.96602 -8.21152 37.1714
    endloop
  endfacet
  facet normal 0.612912 0.790152 4.45687e-07
    outer loop
      vertex -6.04651 -8.14909 37.1714
      vertex -5.96602 -8.21152 28
      vertex -6.46985 -7.82071 37.1714
    endloop
  endfacet
  facet normal 0.612906 0.790155 0
    outer loop
      vertex -6.46985 -7.82071 37.1714
      vertex -5.96602 -8.21152 28
      vertex -6.46985 -7.82071 28
    endloop
  endfacet
  facet normal -0.278993 -0.960293 0
    outer loop
      vertex 2.5242 9.83112 28
      vertex 3.03871 9.68164 37.1714
      vertex 2.5242 9.83112 37.1714
    endloop
  endfacet
  facet normal -0.278998 -0.960292 2.96749e-07
    outer loop
      vertex 3.13652 9.65322 28
      vertex 3.03871 9.68164 37.1714
      vertex 2.5242 9.83112 28
    endloop
  endfacet
  facet normal -0.279023 -0.960284 0
    outer loop
      vertex 3.03871 9.68164 37.1714
      vertex 3.13652 9.65322 28
      vertex 3.13652 9.65322 37.1714
    endloop
  endfacet
  facet normal 0.987695 -0.156391 0
    outer loop
      vertex -10.054 1.37274 37.1714
      vertex -9.97021 1.90192 28
      vertex -9.97021 1.90192 37.1714
    endloop
  endfacet
  facet normal 0.98759 -0.157056 0
    outer loop
      vertex -10.07 1.27213 28
      vertex -10.054 1.37274 37.1714
      vertex -10.07 1.27213 37.1714
    endloop
  endfacet
  facet normal 0.987678 -0.156497 -6.28717e-06
    outer loop
      vertex -10.054 1.37274 37.1714
      vertex -10.07 1.27213 28
      vertex -9.97021 1.90192 28
    endloop
  endfacet
  facet normal 0.562109 -0.827063 0
    outer loop
      vertex -5.96602 8.21152 28
      vertex -5.88177 8.26878 37.1714
      vertex -5.96602 8.21152 37.1714
    endloop
  endfacet
  facet normal 0.562082 -0.827081 3.53351e-07
    outer loop
      vertex -5.88177 8.26878 37.1714
      vertex -5.96602 8.21152 28
      vertex -5.43864 8.56993 37.1714
    endloop
  endfacet
  facet normal 0.562087 -0.827078 0
    outer loop
      vertex -5.43864 8.56993 28
      vertex -5.43864 8.56993 37.1714
      vertex -5.96602 8.21152 28
    endloop
  endfacet
  facet normal 0.999506 0.0314156 0
    outer loop
      vertex -10.1468 -0.10181 37.1714
      vertex -10.15 0 28
      vertex -10.15 0 37.1714
    endloop
  endfacet
  facet normal 0.999508 0.0313564 -0
    outer loop
      vertex -10.13 -0.637323 28
      vertex -10.1468 -0.10181 37.1714
      vertex -10.13 -0.637323 37.1714
    endloop
  endfacet
  facet normal 0.999508 0.0313658 -5.52939e-07
    outer loop
      vertex -10.1468 -0.10181 37.1714
      vertex -10.13 -0.637323 28
      vertex -10.15 0 28
    endloop
  endfacet
  facet normal 0.661336 -0.75009 0
    outer loop
      vertex -6.94815 7.39903 28
      vertex -6.87175 7.46639 37.1714
      vertex -6.94815 7.39903 37.1714
    endloop
  endfacet
  facet normal 0.661309 -0.750113 3.93984e-07
    outer loop
      vertex -6.87175 7.46639 37.1714
      vertex -6.94815 7.39903 28
      vertex -6.46985 7.82071 37.1714
    endloop
  endfacet
  facet normal 0.661313 -0.75011 0
    outer loop
      vertex -6.46985 7.82071 37.1714
      vertex -6.94815 7.39903 28
      vertex -6.46985 7.82071 28
    endloop
  endfacet
  facet normal -0.156391 0.987695 0
    outer loop
      vertex 1.90192 -9.97021 37.1714
      vertex 1.90192 -9.97021 28
      vertex 1.37274 -10.054 37.1714
    endloop
  endfacet
  facet normal -0.156497 0.987678 -6.28717e-06
    outer loop
      vertex 1.27213 -10.07 28
      vertex 1.37274 -10.054 37.1714
      vertex 1.90192 -9.97021 28
    endloop
  endfacet
  facet normal -0.157056 0.98759 0
    outer loop
      vertex 1.37274 -10.054 37.1714
      vertex 1.27213 -10.07 28
      vertex 1.27213 -10.07 37.1714
    endloop
  endfacet
  facet normal 0.975915 -0.218152 0
    outer loop
      vertex -9.948 2.00133 37.1714
      vertex -9.83112 2.5242 28
      vertex -9.83112 2.5242 37.1714
    endloop
  endfacet
  facet normal 0.975939 -0.218043 0
    outer loop
      vertex -9.97021 1.90192 28
      vertex -9.948 2.00133 37.1714
      vertex -9.97021 1.90192 37.1714
    endloop
  endfacet
  facet normal 0.975919 -0.218134 1.04277e-06
    outer loop
      vertex -9.948 2.00133 37.1714
      vertex -9.97021 1.90192 28
      vertex -9.83112 2.5242 28
    endloop
  endfacet
  facet normal 0.338817 -0.940852 0
    outer loop
      vertex -3.73646 9.43723 28
      vertex -3.64063 9.47174 37.1714
      vertex -3.73646 9.43723 37.1714
    endloop
  endfacet
  facet normal 0.338736 -0.940882 9.58907e-07
    outer loop
      vertex -3.13652 9.65322 28
      vertex -3.64063 9.47174 37.1714
      vertex -3.73646 9.43723 28
    endloop
  endfacet
  facet normal 0.33872 -0.940887 0
    outer loop
      vertex -3.64063 9.47174 37.1714
      vertex -3.13652 9.65322 28
      vertex -3.13652 9.65322 37.1714
    endloop
  endfacet
  facet normal -0.860733 -0.509057 0
    outer loop
      vertex 8.56993 5.43864 28
      vertex 8.62178 5.35097 37.1714
      vertex 8.56993 5.43864 37.1714
    endloop
  endfacet
  facet normal -0.860744 -0.509038 2.43741e-07
    outer loop
      vertex 8.89451 4.8898 28
      vertex 8.62178 5.35097 37.1714
      vertex 8.56993 5.43864 28
    endloop
  endfacet
  facet normal -0.860746 -0.509034 0
    outer loop
      vertex 8.62178 5.35097 37.1714
      vertex 8.89451 4.8898 28
      vertex 8.89451 4.8898 37.1714
    endloop
  endfacet
  facet normal -0.750113 0.661309 0
    outer loop
      vertex 7.82071 -6.46985 28
      vertex 7.46639 -6.87175 37.1714
      vertex 7.82071 -6.46985 37.1714
    endloop
  endfacet
  facet normal -0.75011 0.661313 3.3105e-07
    outer loop
      vertex 7.39903 -6.94815 28
      vertex 7.46639 -6.87175 37.1714
      vertex 7.82071 -6.46985 28
    endloop
  endfacet
  facet normal -0.75009 0.661336 0
    outer loop
      vertex 7.46639 -6.87175 37.1714
      vertex 7.39903 -6.94815 28
      vertex 7.39903 -6.94815 37.1714
    endloop
  endfacet
  facet normal 0.960293 0.278993 0
    outer loop
      vertex -9.68164 -3.03871 37.1714
      vertex -9.83112 -2.5242 28
      vertex -9.83112 -2.5242 37.1714
    endloop
  endfacet
  facet normal 0.960284 0.279023 -0
    outer loop
      vertex -9.65322 -3.13652 28
      vertex -9.68164 -3.03871 37.1714
      vertex -9.65322 -3.13652 37.1714
    endloop
  endfacet
  facet normal 0.960292 0.278998 2.96749e-07
    outer loop
      vertex -9.68164 -3.03871 37.1714
      vertex -9.65322 -3.13652 28
      vertex -9.83112 -2.5242 28
    endloop
  endfacet
  facet normal 0.827081 0.562082 0
    outer loop
      vertex -8.26878 -5.88177 37.1714
      vertex -8.56993 -5.43864 28
      vertex -8.56993 -5.43864 37.1714
    endloop
  endfacet
  facet normal 0.827063 0.562109 -0
    outer loop
      vertex -8.21152 -5.96602 28
      vertex -8.26878 -5.88177 37.1714
      vertex -8.21152 -5.96602 37.1714
    endloop
  endfacet
  facet normal 0.827078 0.562087 2.96901e-07
    outer loop
      vertex -8.26878 -5.88177 37.1714
      vertex -8.21152 -5.96602 28
      vertex -8.56993 -5.43864 28
    endloop
  endfacet
  facet normal 0.278993 0.960293 -0
    outer loop
      vertex -2.5242 -9.83112 28
      vertex -3.03871 -9.68164 37.1714
      vertex -2.5242 -9.83112 37.1714
    endloop
  endfacet
  facet normal 0.278998 0.960292 2.96749e-07
    outer loop
      vertex -3.13652 -9.65322 28
      vertex -3.03871 -9.68164 37.1714
      vertex -2.5242 -9.83112 28
    endloop
  endfacet
  facet normal 0.279023 0.960284 0
    outer loop
      vertex -3.03871 -9.68164 37.1714
      vertex -3.13652 -9.65322 28
      vertex -3.13652 -9.65322 37.1714
    endloop
  endfacet
  facet normal 0.397161 -0.917749 0
    outer loop
      vertex -4.32166 9.18399 28
      vertex -3.82995 9.39678 37.1714
      vertex -4.32166 9.18399 37.1714
    endloop
  endfacet
  facet normal 0.39715 -0.917754 6.95544e-07
    outer loop
      vertex -3.73646 9.43723 28
      vertex -3.82995 9.39678 37.1714
      vertex -4.32166 9.18399 28
    endloop
  endfacet
  facet normal 0.397092 -0.917779 0
    outer loop
      vertex -3.82995 9.39678 37.1714
      vertex -3.73646 9.43723 28
      vertex -3.73646 9.43723 37.1714
    endloop
  endfacet
  facet normal -0.33872 -0.940887 0
    outer loop
      vertex 3.13652 9.65322 28
      vertex 3.64063 9.47174 37.1714
      vertex 3.13652 9.65322 37.1714
    endloop
  endfacet
  facet normal -0.338736 -0.940882 9.58907e-07
    outer loop
      vertex 3.73646 9.43723 28
      vertex 3.64063 9.47174 37.1714
      vertex 3.13652 9.65322 28
    endloop
  endfacet
  facet normal -0.338817 -0.940852 0
    outer loop
      vertex 3.64063 9.47174 37.1714
      vertex 3.73646 9.43723 28
      vertex 3.73646 9.43723 37.1714
    endloop
  endfacet
  facet normal -0.707107 0.707107 0
    outer loop
      vertex 6.94815 -7.39903 28
      vertex 7.39903 -6.94815 37.1714
      vertex 7.39903 -6.94815 28
    endloop
  endfacet
  facet normal -0.707107 0.707107 0
    outer loop
      vertex 7.39903 -6.94815 37.1714
      vertex 6.94815 -7.39903 28
      vertex 6.94815 -7.39903 37.1714
    endloop
  endfacet
  facet normal 0.860746 0.509034 0
    outer loop
      vertex -8.62178 -5.35097 37.1714
      vertex -8.89451 -4.8898 28
      vertex -8.89451 -4.8898 37.1714
    endloop
  endfacet
  facet normal 0.860733 0.509057 -0
    outer loop
      vertex -8.56993 -5.43864 28
      vertex -8.62178 -5.35097 37.1714
      vertex -8.56993 -5.43864 37.1714
    endloop
  endfacet
  facet normal 0.860744 0.509038 2.43741e-07
    outer loop
      vertex -8.62178 -5.35097 37.1714
      vertex -8.56993 -5.43864 28
      vertex -8.89451 -4.8898 28
    endloop
  endfacet
  facet normal -0.0932708 0.995641 0
    outer loop
      vertex 1.27213 -10.07 28
      vertex 1.17072 -10.0795 37.1714
      vertex 1.27213 -10.07 37.1714
    endloop
  endfacet
  facet normal -0.0940975 0.995563 -9.22253e-06
    outer loop
      vertex 0.637323 -10.13 28
      vertex 1.17072 -10.0795 37.1714
      vertex 1.27213 -10.07 28
    endloop
  endfacet
  facet normal -0.0942547 0.995548 0
    outer loop
      vertex 1.17072 -10.0795 37.1714
      vertex 0.637323 -10.13 28
      vertex 0.637323 -10.13 37.1714
    endloop
  endfacet
  facet normal -0.509034 -0.860746 0
    outer loop
      vertex 4.8898 8.89451 28
      vertex 5.35097 8.62178 37.1714
      vertex 4.8898 8.89451 37.1714
    endloop
  endfacet
  facet normal -0.509038 -0.860744 2.43741e-07
    outer loop
      vertex 5.43864 8.56993 28
      vertex 5.35097 8.62178 37.1714
      vertex 4.8898 8.89451 28
    endloop
  endfacet
  facet normal -0.509057 -0.860733 0
    outer loop
      vertex 5.35097 8.62178 37.1714
      vertex 5.43864 8.56993 28
      vertex 5.43864 8.56993 37.1714
    endloop
  endfacet
  facet normal -0.453955 -0.891025 0
    outer loop
      vertex 4.32166 9.18399 28
      vertex 4.41242 9.13775 37.1714
      vertex 4.32166 9.18399 37.1714
    endloop
  endfacet
  facet normal -0.453995 -0.891004 4.90697e-07
    outer loop
      vertex 4.41242 9.13775 37.1714
      vertex 4.32166 9.18399 28
      vertex 4.8898 8.89451 37.1714
    endloop
  endfacet
  facet normal -0.453988 -0.891008 -0
    outer loop
      vertex 4.8898 8.89451 37.1714
      vertex 4.32166 9.18399 28
      vertex 4.8898 8.89451 28
    endloop
  endfacet
  facet normal -0.0313564 0.999508 0
    outer loop
      vertex 0.637323 -10.13 28
      vertex 0.10181 -10.1468 37.1714
      vertex 0.637323 -10.13 37.1714
    endloop
  endfacet
  facet normal -0.0313658 0.999508 -5.52939e-07
    outer loop
      vertex 0 -10.15 28
      vertex 0.10181 -10.1468 37.1714
      vertex 0.637323 -10.13 28
    endloop
  endfacet
  facet normal -0.0314156 0.999506 0
    outer loop
      vertex 0.10181 -10.1468 37.1714
      vertex 0 -10.15 28
      vertex 0 -10.15 37.1714
    endloop
  endfacet
  facet normal -0.218043 -0.975939 0
    outer loop
      vertex 1.90192 9.97021 28
      vertex 2.00133 9.948 37.1714
      vertex 1.90192 9.97021 37.1714
    endloop
  endfacet
  facet normal -0.218134 -0.975919 1.04277e-06
    outer loop
      vertex 2.5242 9.83112 28
      vertex 2.00133 9.948 37.1714
      vertex 1.90192 9.97021 28
    endloop
  endfacet
  facet normal -0.218152 -0.975915 0
    outer loop
      vertex 2.00133 9.948 37.1714
      vertex 2.5242 9.83112 28
      vertex 2.5242 9.83112 37.1714
    endloop
  endfacet
  facet normal 0.790176 0.61288 0
    outer loop
      vertex -8.14909 -6.04651 37.1714
      vertex -8.21152 -5.96602 28
      vertex -8.21152 -5.96602 37.1714
    endloop
  endfacet
  facet normal 0.790152 0.612912 4.45687e-07
    outer loop
      vertex -7.82071 -6.46985 37.1714
      vertex -8.21152 -5.96602 28
      vertex -8.14909 -6.04651 37.1714
    endloop
  endfacet
  facet normal 0.790155 0.612906 0
    outer loop
      vertex -8.21152 -5.96602 28
      vertex -7.82071 -6.46985 37.1714
      vertex -7.82071 -6.46985 28
    endloop
  endfacet
  facet normal -0.218152 0.975915 0
    outer loop
      vertex 2.5242 -9.83112 37.1714
      vertex 2.5242 -9.83112 28
      vertex 2.00133 -9.948 37.1714
    endloop
  endfacet
  facet normal -0.218134 0.975919 1.04277e-06
    outer loop
      vertex 1.90192 -9.97021 28
      vertex 2.00133 -9.948 37.1714
      vertex 2.5242 -9.83112 28
    endloop
  endfacet
  facet normal -0.218043 0.975939 0
    outer loop
      vertex 2.00133 -9.948 37.1714
      vertex 1.90192 -9.97021 28
      vertex 1.90192 -9.97021 37.1714
    endloop
  endfacet
  facet normal 0.750113 0.661309 0
    outer loop
      vertex -7.46639 -6.87175 37.1714
      vertex -7.82071 -6.46985 28
      vertex -7.82071 -6.46985 37.1714
    endloop
  endfacet
  facet normal 0.75009 0.661336 -0
    outer loop
      vertex -7.39903 -6.94815 28
      vertex -7.46639 -6.87175 37.1714
      vertex -7.39903 -6.94815 37.1714
    endloop
  endfacet
  facet normal 0.75011 0.661313 3.3105e-07
    outer loop
      vertex -7.46639 -6.87175 37.1714
      vertex -7.39903 -6.94815 28
      vertex -7.82071 -6.46985 28
    endloop
  endfacet
  facet normal -0.960284 -0.279023 0
    outer loop
      vertex 9.65322 3.13652 28
      vertex 9.68164 3.03871 37.1714
      vertex 9.65322 3.13652 37.1714
    endloop
  endfacet
  facet normal -0.960292 -0.278998 2.96749e-07
    outer loop
      vertex 9.83112 2.5242 28
      vertex 9.68164 3.03871 37.1714
      vertex 9.65322 3.13652 28
    endloop
  endfacet
  facet normal -0.960293 -0.278993 0
    outer loop
      vertex 9.68164 3.03871 37.1714
      vertex 9.83112 2.5242 28
      vertex 9.83112 2.5242 37.1714
    endloop
  endfacet
  facet normal 0.0942547 0.995548 0
    outer loop
      vertex -0.637323 -10.13 37.1714
      vertex -0.637323 -10.13 28
      vertex -1.17072 -10.0795 37.1714
    endloop
  endfacet
  facet normal 0.0940975 0.995563 -9.22253e-06
    outer loop
      vertex -1.27213 -10.07 28
      vertex -1.17072 -10.0795 37.1714
      vertex -0.637323 -10.13 28
    endloop
  endfacet
  facet normal 0.0932708 0.995641 0
    outer loop
      vertex -1.17072 -10.0795 37.1714
      vertex -1.27213 -10.07 28
      vertex -1.27213 -10.07 37.1714
    endloop
  endfacet
  facet normal 0.827063 -0.562109 0
    outer loop
      vertex -8.26878 5.88177 37.1714
      vertex -8.21152 5.96602 28
      vertex -8.21152 5.96602 37.1714
    endloop
  endfacet
  facet normal 0.827081 -0.562082 3.53351e-07
    outer loop
      vertex -8.56993 5.43864 37.1714
      vertex -8.21152 5.96602 28
      vertex -8.26878 5.88177 37.1714
    endloop
  endfacet
  facet normal 0.827078 -0.562087 0
    outer loop
      vertex -8.56993 5.43864 37.1714
      vertex -8.56993 5.43864 28
      vertex -8.21152 5.96602 28
    endloop
  endfacet
  facet normal -0.891004 -0.453995 0
    outer loop
      vertex 8.89451 4.8898 28
      vertex 9.13775 4.41242 37.1714
      vertex 8.89451 4.8898 37.1714
    endloop
  endfacet
  facet normal -0.891008 -0.453988 4.1231e-07
    outer loop
      vertex 9.18399 4.32166 28
      vertex 9.13775 4.41242 37.1714
      vertex 8.89451 4.8898 28
    endloop
  endfacet
  facet normal -0.891025 -0.453955 0
    outer loop
      vertex 9.13775 4.41242 37.1714
      vertex 9.18399 4.32166 28
      vertex 9.18399 4.32166 37.1714
    endloop
  endfacet
  facet normal -0.960293 0.278993 0
    outer loop
      vertex 9.83112 -2.5242 28
      vertex 9.68164 -3.03871 37.1714
      vertex 9.83112 -2.5242 37.1714
    endloop
  endfacet
  facet normal -0.960292 0.278998 2.96749e-07
    outer loop
      vertex 9.65322 -3.13652 28
      vertex 9.68164 -3.03871 37.1714
      vertex 9.83112 -2.5242 28
    endloop
  endfacet
  facet normal -0.960284 0.279023 0
    outer loop
      vertex 9.68164 -3.03871 37.1714
      vertex 9.65322 -3.13652 28
      vertex 9.65322 -3.13652 37.1714
    endloop
  endfacet
  facet normal 0.453995 -0.891004 0
    outer loop
      vertex -4.8898 8.89451 28
      vertex -4.41242 9.13775 37.1714
      vertex -4.8898 8.89451 37.1714
    endloop
  endfacet
  facet normal 0.453988 -0.891008 4.1231e-07
    outer loop
      vertex -4.32166 9.18399 28
      vertex -4.41242 9.13775 37.1714
      vertex -4.8898 8.89451 28
    endloop
  endfacet
  facet normal 0.453955 -0.891025 0
    outer loop
      vertex -4.41242 9.13775 37.1714
      vertex -4.32166 9.18399 28
      vertex -4.32166 9.18399 37.1714
    endloop
  endfacet
  facet normal 0.156391 -0.987695 0
    outer loop
      vertex -1.90192 9.97021 37.1714
      vertex -1.90192 9.97021 28
      vertex -1.37274 10.054 37.1714
    endloop
  endfacet
  facet normal 0.156497 -0.987678 -6.28717e-06
    outer loop
      vertex -1.27213 10.07 28
      vertex -1.37274 10.054 37.1714
      vertex -1.90192 9.97021 28
    endloop
  endfacet
  facet normal 0.157056 -0.98759 0
    outer loop
      vertex -1.37274 10.054 37.1714
      vertex -1.27213 10.07 28
      vertex -1.27213 10.07 37.1714
    endloop
  endfacet
  facet normal -0.995548 0.0942547 0
    outer loop
      vertex 10.13 -0.637323 28
      vertex 10.0795 -1.17072 37.1714
      vertex 10.13 -0.637323 37.1714
    endloop
  endfacet
  facet normal -0.995563 0.0940975 -9.22253e-06
    outer loop
      vertex 10.07 -1.27213 28
      vertex 10.0795 -1.17072 37.1714
      vertex 10.13 -0.637323 28
    endloop
  endfacet
  facet normal -0.995641 0.0932708 0
    outer loop
      vertex 10.0795 -1.17072 37.1714
      vertex 10.07 -1.27213 28
      vertex 10.07 -1.27213 37.1714
    endloop
  endfacet
  facet normal -0.975939 0.218043 0
    outer loop
      vertex 9.97021 -1.90192 28
      vertex 9.948 -2.00133 37.1714
      vertex 9.97021 -1.90192 37.1714
    endloop
  endfacet
  facet normal -0.975919 0.218134 1.04277e-06
    outer loop
      vertex 9.83112 -2.5242 28
      vertex 9.948 -2.00133 37.1714
      vertex 9.97021 -1.90192 28
    endloop
  endfacet
  facet normal -0.975915 0.218152 0
    outer loop
      vertex 9.948 -2.00133 37.1714
      vertex 9.83112 -2.5242 28
      vertex 9.83112 -2.5242 37.1714
    endloop
  endfacet
  facet normal -0.0942547 -0.995548 -0
    outer loop
      vertex 0.637323 10.13 37.1714
      vertex 0.637323 10.13 28
      vertex 1.17072 10.0795 37.1714
    endloop
  endfacet
  facet normal -0.0940975 -0.995563 -9.22253e-06
    outer loop
      vertex 1.27213 10.07 28
      vertex 1.17072 10.0795 37.1714
      vertex 0.637323 10.13 28
    endloop
  endfacet
  facet normal -0.0932708 -0.995641 0
    outer loop
      vertex 1.17072 10.0795 37.1714
      vertex 1.27213 10.07 28
      vertex 1.27213 10.07 37.1714
    endloop
  endfacet
  facet normal -0.860746 0.509034 0
    outer loop
      vertex 8.89451 -4.8898 28
      vertex 8.62178 -5.35097 37.1714
      vertex 8.89451 -4.8898 37.1714
    endloop
  endfacet
  facet normal -0.860744 0.509038 2.43741e-07
    outer loop
      vertex 8.56993 -5.43864 28
      vertex 8.62178 -5.35097 37.1714
      vertex 8.89451 -4.8898 28
    endloop
  endfacet
  facet normal -0.860733 0.509057 0
    outer loop
      vertex 8.62178 -5.35097 37.1714
      vertex 8.56993 -5.43864 28
      vertex 8.56993 -5.43864 37.1714
    endloop
  endfacet
  facet normal -0.98759 0.157056 0
    outer loop
      vertex 10.07 -1.27213 28
      vertex 10.054 -1.37274 37.1714
      vertex 10.07 -1.27213 37.1714
    endloop
  endfacet
  facet normal -0.987678 0.156497 -6.28717e-06
    outer loop
      vertex 9.97021 -1.90192 28
      vertex 10.054 -1.37274 37.1714
      vertex 10.07 -1.27213 28
    endloop
  endfacet
  facet normal -0.987695 0.156391 0
    outer loop
      vertex 10.054 -1.37274 37.1714
      vertex 9.97021 -1.90192 28
      vertex 9.97021 -1.90192 37.1714
    endloop
  endfacet
  facet normal -0.661309 -0.750113 0
    outer loop
      vertex 6.46985 7.82071 28
      vertex 6.87175 7.46639 37.1714
      vertex 6.46985 7.82071 37.1714
    endloop
  endfacet
  facet normal -0.661313 -0.75011 3.3105e-07
    outer loop
      vertex 6.94815 7.39903 28
      vertex 6.87175 7.46639 37.1714
      vertex 6.46985 7.82071 28
    endloop
  endfacet
  facet normal -0.661336 -0.75009 0
    outer loop
      vertex 6.87175 7.46639 37.1714
      vertex 6.94815 7.39903 28
      vertex 6.94815 7.39903 37.1714
    endloop
  endfacet
  facet normal -0.562109 0.827063 0
    outer loop
      vertex 5.96602 -8.21152 28
      vertex 5.88177 -8.26878 37.1714
      vertex 5.96602 -8.21152 37.1714
    endloop
  endfacet
  facet normal -0.562082 0.827081 3.53351e-07
    outer loop
      vertex 5.88177 -8.26878 37.1714
      vertex 5.96602 -8.21152 28
      vertex 5.43864 -8.56993 37.1714
    endloop
  endfacet
  facet normal -0.562087 0.827078 0
    outer loop
      vertex 5.43864 -8.56993 28
      vertex 5.43864 -8.56993 37.1714
      vertex 5.96602 -8.21152 28
    endloop
  endfacet
  facet normal -0.397092 -0.917779 -0
    outer loop
      vertex 3.73646 9.43723 37.1714
      vertex 3.73646 9.43723 28
      vertex 3.82995 9.39678 37.1714
    endloop
  endfacet
  facet normal -0.39715 -0.917754 6.95544e-07
    outer loop
      vertex 4.32166 9.18399 28
      vertex 3.82995 9.39678 37.1714
      vertex 3.73646 9.43723 28
    endloop
  endfacet
  facet normal -0.397161 -0.917749 0
    outer loop
      vertex 3.82995 9.39678 37.1714
      vertex 4.32166 9.18399 28
      vertex 4.32166 9.18399 37.1714
    endloop
  endfacet
  facet normal -0.827063 -0.562109 0
    outer loop
      vertex 8.21152 5.96602 28
      vertex 8.26878 5.88177 37.1714
      vertex 8.21152 5.96602 37.1714
    endloop
  endfacet
  facet normal -0.827081 -0.562082 3.53351e-07
    outer loop
      vertex 8.21152 5.96602 28
      vertex 8.56993 5.43864 37.1714
      vertex 8.26878 5.88177 37.1714
    endloop
  endfacet
  facet normal -0.827078 -0.562087 0
    outer loop
      vertex 8.56993 5.43864 28
      vertex 8.56993 5.43864 37.1714
      vertex 8.21152 5.96602 28
    endloop
  endfacet
  facet normal -0.157056 -0.98759 -0
    outer loop
      vertex 1.27213 10.07 37.1714
      vertex 1.27213 10.07 28
      vertex 1.37274 10.054 37.1714
    endloop
  endfacet
  facet normal -0.156497 -0.987678 -6.28717e-06
    outer loop
      vertex 1.90192 9.97021 28
      vertex 1.37274 10.054 37.1714
      vertex 1.27213 10.07 28
    endloop
  endfacet
  facet normal -0.156391 -0.987695 0
    outer loop
      vertex 1.37274 10.054 37.1714
      vertex 1.90192 9.97021 28
      vertex 1.90192 9.97021 37.1714
    endloop
  endfacet
  facet normal -0.453995 0.891004 0
    outer loop
      vertex 4.8898 -8.89451 28
      vertex 4.41242 -9.13775 37.1714
      vertex 4.8898 -8.89451 37.1714
    endloop
  endfacet
  facet normal -0.453988 0.891008 4.1231e-07
    outer loop
      vertex 4.32166 -9.18399 28
      vertex 4.41242 -9.13775 37.1714
      vertex 4.8898 -8.89451 28
    endloop
  endfacet
  facet normal -0.453955 0.891025 0
    outer loop
      vertex 4.41242 -9.13775 37.1714
      vertex 4.32166 -9.18399 28
      vertex 4.32166 -9.18399 37.1714
    endloop
  endfacet
  facet normal -0.0314156 -0.999506 0
    outer loop
      vertex 0 10.15 28
      vertex 0.10181 10.1468 37.1714
      vertex 0 10.15 37.1714
    endloop
  endfacet
  facet normal -0.0313658 -0.999508 -5.52939e-07
    outer loop
      vertex 0.637323 10.13 28
      vertex 0.10181 10.1468 37.1714
      vertex 0 10.15 28
    endloop
  endfacet
  facet normal -0.0313564 -0.999508 0
    outer loop
      vertex 0.10181 10.1468 37.1714
      vertex 0.637323 10.13 28
      vertex 0.637323 10.13 37.1714
    endloop
  endfacet
  facet normal -0.917749 -0.397161 0
    outer loop
      vertex 9.18399 4.32166 28
      vertex 9.39678 3.82995 37.1714
      vertex 9.18399 4.32166 37.1714
    endloop
  endfacet
  facet normal -0.917754 -0.39715 6.95544e-07
    outer loop
      vertex 9.43723 3.73646 28
      vertex 9.39678 3.82995 37.1714
      vertex 9.18399 4.32166 28
    endloop
  endfacet
  facet normal -0.917779 -0.397092 0
    outer loop
      vertex 9.39678 3.82995 37.1714
      vertex 9.43723 3.73646 28
      vertex 9.43723 3.73646 37.1714
    endloop
  endfacet
  facet normal 0.860733 -0.509057 0
    outer loop
      vertex -8.62178 5.35097 37.1714
      vertex -8.56993 5.43864 28
      vertex -8.56993 5.43864 37.1714
    endloop
  endfacet
  facet normal 0.860746 -0.509034 2.90078e-07
    outer loop
      vertex -8.89451 4.8898 37.1714
      vertex -8.56993 5.43864 28
      vertex -8.62178 5.35097 37.1714
    endloop
  endfacet
  facet normal 0.860744 -0.509038 0
    outer loop
      vertex -8.56993 5.43864 28
      vertex -8.89451 4.8898 37.1714
      vertex -8.89451 4.8898 28
    endloop
  endfacet
  facet normal 0.98759 0.157056 0
    outer loop
      vertex -10.054 -1.37274 37.1714
      vertex -10.07 -1.27213 28
      vertex -10.07 -1.27213 37.1714
    endloop
  endfacet
  facet normal 0.987695 0.156391 -0
    outer loop
      vertex -9.97021 -1.90192 28
      vertex -10.054 -1.37274 37.1714
      vertex -9.97021 -1.90192 37.1714
    endloop
  endfacet
  facet normal 0.987678 0.156497 -6.28717e-06
    outer loop
      vertex -10.054 -1.37274 37.1714
      vertex -9.97021 -1.90192 28
      vertex -10.07 -1.27213 28
    endloop
  endfacet
  facet normal -0.661336 0.75009 0
    outer loop
      vertex 6.94815 -7.39903 28
      vertex 6.87175 -7.46639 37.1714
      vertex 6.94815 -7.39903 37.1714
    endloop
  endfacet
  facet normal -0.661309 0.750113 3.93984e-07
    outer loop
      vertex 6.87175 -7.46639 37.1714
      vertex 6.94815 -7.39903 28
      vertex 6.46985 -7.82071 37.1714
    endloop
  endfacet
  facet normal -0.661313 0.75011 0
    outer loop
      vertex 6.46985 -7.82071 37.1714
      vertex 6.94815 -7.39903 28
      vertex 6.46985 -7.82071 28
    endloop
  endfacet
  facet normal 0.279023 -0.960284 0
    outer loop
      vertex -3.13652 9.65322 37.1714
      vertex -3.13652 9.65322 28
      vertex -3.03871 9.68164 37.1714
    endloop
  endfacet
  facet normal 0.278998 -0.960292 2.96749e-07
    outer loop
      vertex -2.5242 9.83112 28
      vertex -3.03871 9.68164 37.1714
      vertex -3.13652 9.65322 28
    endloop
  endfacet
  facet normal 0.278993 -0.960293 0
    outer loop
      vertex -3.03871 9.68164 37.1714
      vertex -2.5242 9.83112 28
      vertex -2.5242 9.83112 37.1714
    endloop
  endfacet
  facet normal 0.707107 0.707107 0
    outer loop
      vertex -6.94815 -7.39903 37.1714
      vertex -7.39903 -6.94815 28
      vertex -7.39903 -6.94815 37.1714
    endloop
  endfacet
  facet normal 0.707107 0.707107 0
    outer loop
      vertex -7.39903 -6.94815 28
      vertex -6.94815 -7.39903 37.1714
      vertex -6.94815 -7.39903 28
    endloop
  endfacet
  facet normal -0.75009 -0.661336 0
    outer loop
      vertex 7.39903 6.94815 28
      vertex 7.46639 6.87175 37.1714
      vertex 7.39903 6.94815 37.1714
    endloop
  endfacet
  facet normal -0.75011 -0.661313 3.3105e-07
    outer loop
      vertex 7.82071 6.46985 28
      vertex 7.46639 6.87175 37.1714
      vertex 7.39903 6.94815 28
    endloop
  endfacet
  facet normal -0.750113 -0.661309 0
    outer loop
      vertex 7.46639 6.87175 37.1714
      vertex 7.82071 6.46985 28
      vertex 7.82071 6.46985 37.1714
    endloop
  endfacet
  facet normal -0.999506 0.0314156 0
    outer loop
      vertex 10.15 0 28
      vertex 10.1468 -0.10181 37.1714
      vertex 10.15 0 37.1714
    endloop
  endfacet
  facet normal -0.999508 0.0313658 -5.52939e-07
    outer loop
      vertex 10.13 -0.637323 28
      vertex 10.1468 -0.10181 37.1714
      vertex 10.15 0 28
    endloop
  endfacet
  facet normal -0.999508 0.0313564 0
    outer loop
      vertex 10.1468 -0.10181 37.1714
      vertex 10.13 -0.637323 28
      vertex 10.13 -0.637323 37.1714
    endloop
  endfacet
  facet normal -0.562082 -0.827081 -0
    outer loop
      vertex 5.43864 8.56993 37.1714
      vertex 5.43864 8.56993 28
      vertex 5.88177 8.26878 37.1714
    endloop
  endfacet
  facet normal -0.562087 -0.827078 2.96901e-07
    outer loop
      vertex 5.96602 8.21152 28
      vertex 5.88177 8.26878 37.1714
      vertex 5.43864 8.56993 28
    endloop
  endfacet
  facet normal -0.562109 -0.827063 0
    outer loop
      vertex 5.88177 8.26878 37.1714
      vertex 5.96602 8.21152 28
      vertex 5.96602 8.21152 37.1714
    endloop
  endfacet
  facet normal 0.218152 -0.975915 0
    outer loop
      vertex -2.5242 9.83112 37.1714
      vertex -2.5242 9.83112 28
      vertex -2.00133 9.948 37.1714
    endloop
  endfacet
  facet normal 0.218134 -0.975919 1.04277e-06
    outer loop
      vertex -1.90192 9.97021 28
      vertex -2.00133 9.948 37.1714
      vertex -2.5242 9.83112 28
    endloop
  endfacet
  facet normal 0.218043 -0.975939 0
    outer loop
      vertex -2.00133 9.948 37.1714
      vertex -1.90192 9.97021 28
      vertex -1.90192 9.97021 37.1714
    endloop
  endfacet
  facet normal 0.562082 0.827081 0
    outer loop
      vertex -5.43864 -8.56993 37.1714
      vertex -5.43864 -8.56993 28
      vertex -5.88177 -8.26878 37.1714
    endloop
  endfacet
  facet normal 0.562087 0.827078 2.96901e-07
    outer loop
      vertex -5.96602 -8.21152 28
      vertex -5.88177 -8.26878 37.1714
      vertex -5.43864 -8.56993 28
    endloop
  endfacet
  facet normal 0.562109 0.827063 0
    outer loop
      vertex -5.88177 -8.26878 37.1714
      vertex -5.96602 -8.21152 28
      vertex -5.96602 -8.21152 37.1714
    endloop
  endfacet
  facet normal 0.995548 0.0942547 0
    outer loop
      vertex -10.0795 -1.17072 37.1714
      vertex -10.13 -0.637323 28
      vertex -10.13 -0.637323 37.1714
    endloop
  endfacet
  facet normal 0.995641 0.0932708 -0
    outer loop
      vertex -10.07 -1.27213 28
      vertex -10.0795 -1.17072 37.1714
      vertex -10.07 -1.27213 37.1714
    endloop
  endfacet
  facet normal 0.995563 0.0940975 -9.22253e-06
    outer loop
      vertex -10.0795 -1.17072 37.1714
      vertex -10.07 -1.27213 28
      vertex -10.13 -0.637323 28
    endloop
  endfacet
  facet normal 0.975939 0.218043 0
    outer loop
      vertex -9.948 -2.00133 37.1714
      vertex -9.97021 -1.90192 28
      vertex -9.97021 -1.90192 37.1714
    endloop
  endfacet
  facet normal 0.975915 0.218152 -0
    outer loop
      vertex -9.83112 -2.5242 28
      vertex -9.948 -2.00133 37.1714
      vertex -9.83112 -2.5242 37.1714
    endloop
  endfacet
  facet normal 0.975919 0.218134 1.04277e-06
    outer loop
      vertex -9.948 -2.00133 37.1714
      vertex -9.83112 -2.5242 28
      vertex -9.97021 -1.90192 28
    endloop
  endfacet
  facet normal -0.61288 -0.790176 0
    outer loop
      vertex 5.96602 8.21152 28
      vertex 6.04651 8.14909 37.1714
      vertex 5.96602 8.21152 37.1714
    endloop
  endfacet
  facet normal -0.612912 -0.790152 4.45687e-07
    outer loop
      vertex 6.04651 8.14909 37.1714
      vertex 5.96602 8.21152 28
      vertex 6.46985 7.82071 37.1714
    endloop
  endfacet
  facet normal -0.612906 -0.790155 -0
    outer loop
      vertex 6.46985 7.82071 37.1714
      vertex 5.96602 8.21152 28
      vertex 6.46985 7.82071 28
    endloop
  endfacet
  facet normal 0.509034 0.860746 -0
    outer loop
      vertex -4.8898 -8.89451 28
      vertex -5.35097 -8.62178 37.1714
      vertex -4.8898 -8.89451 37.1714
    endloop
  endfacet
  facet normal 0.509038 0.860744 2.43741e-07
    outer loop
      vertex -5.43864 -8.56993 28
      vertex -5.35097 -8.62178 37.1714
      vertex -4.8898 -8.89451 28
    endloop
  endfacet
  facet normal 0.509057 0.860733 0
    outer loop
      vertex -5.35097 -8.62178 37.1714
      vertex -5.43864 -8.56993 28
      vertex -5.43864 -8.56993 37.1714
    endloop
  endfacet
  facet normal -0.940887 0.33872 0
    outer loop
      vertex 9.65322 -3.13652 28
      vertex 9.47174 -3.64063 37.1714
      vertex 9.65322 -3.13652 37.1714
    endloop
  endfacet
  facet normal -0.940882 0.338736 9.58907e-07
    outer loop
      vertex 9.43723 -3.73646 28
      vertex 9.47174 -3.64063 37.1714
      vertex 9.65322 -3.13652 28
    endloop
  endfacet
  facet normal -0.940852 0.338817 0
    outer loop
      vertex 9.47174 -3.64063 37.1714
      vertex 9.43723 -3.73646 28
      vertex 9.43723 -3.73646 37.1714
    endloop
  endfacet
  facet normal 0.917749 -0.397161 0
    outer loop
      vertex -9.39678 3.82995 37.1714
      vertex -9.18399 4.32166 28
      vertex -9.18399 4.32166 37.1714
    endloop
  endfacet
  facet normal 0.917779 -0.397092 0
    outer loop
      vertex -9.43723 3.73646 28
      vertex -9.39678 3.82995 37.1714
      vertex -9.43723 3.73646 37.1714
    endloop
  endfacet
  facet normal 0.917754 -0.39715 6.95544e-07
    outer loop
      vertex -9.39678 3.82995 37.1714
      vertex -9.43723 3.73646 28
      vertex -9.18399 4.32166 28
    endloop
  endfacet
  facet normal 0.0313564 -0.999508 0
    outer loop
      vertex -0.637323 10.13 28
      vertex -0.10181 10.1468 37.1714
      vertex -0.637323 10.13 37.1714
    endloop
  endfacet
  facet normal 0.0313658 -0.999508 -5.52939e-07
    outer loop
      vertex 0 10.15 28
      vertex -0.10181 10.1468 37.1714
      vertex -0.637323 10.13 28
    endloop
  endfacet
  facet normal 0.0314156 -0.999506 0
    outer loop
      vertex -0.10181 10.1468 37.1714
      vertex 0 10.15 28
      vertex 0 10.15 37.1714
    endloop
  endfacet
  facet normal -0.790176 0.61288 0
    outer loop
      vertex 8.21152 -5.96602 28
      vertex 8.14909 -6.04651 37.1714
      vertex 8.21152 -5.96602 37.1714
    endloop
  endfacet
  facet normal -0.790155 0.612906 3.74487e-07
    outer loop
      vertex 7.82071 -6.46985 28
      vertex 8.14909 -6.04651 37.1714
      vertex 8.21152 -5.96602 28
    endloop
  endfacet
  facet normal -0.790152 0.612912 0
    outer loop
      vertex 8.14909 -6.04651 37.1714
      vertex 7.82071 -6.46985 28
      vertex 7.82071 -6.46985 37.1714
    endloop
  endfacet
  facet normal -0.790152 -0.612912 0
    outer loop
      vertex 7.82071 6.46985 28
      vertex 8.14909 6.04651 37.1714
      vertex 7.82071 6.46985 37.1714
    endloop
  endfacet
  facet normal -0.790155 -0.612906 3.74487e-07
    outer loop
      vertex 8.21152 5.96602 28
      vertex 8.14909 6.04651 37.1714
      vertex 7.82071 6.46985 28
    endloop
  endfacet
  facet normal -0.790176 -0.61288 0
    outer loop
      vertex 8.14909 6.04651 37.1714
      vertex 8.21152 5.96602 28
      vertex 8.21152 5.96602 37.1714
    endloop
  endfacet
  facet normal -0.891025 0.453955 0
    outer loop
      vertex 9.18399 -4.32166 28
      vertex 9.13775 -4.41242 37.1714
      vertex 9.18399 -4.32166 37.1714
    endloop
  endfacet
  facet normal -0.891008 0.453988 4.1231e-07
    outer loop
      vertex 8.89451 -4.8898 28
      vertex 9.13775 -4.41242 37.1714
      vertex 9.18399 -4.32166 28
    endloop
  endfacet
  facet normal -0.891004 0.453995 0
    outer loop
      vertex 9.13775 -4.41242 37.1714
      vertex 8.89451 -4.8898 28
      vertex 8.89451 -4.8898 37.1714
    endloop
  endfacet
  facet normal -0.975915 -0.218152 0
    outer loop
      vertex 9.83112 2.5242 28
      vertex 9.948 2.00133 37.1714
      vertex 9.83112 2.5242 37.1714
    endloop
  endfacet
  facet normal -0.975919 -0.218134 1.04277e-06
    outer loop
      vertex 9.97021 1.90192 28
      vertex 9.948 2.00133 37.1714
      vertex 9.83112 2.5242 28
    endloop
  endfacet
  facet normal -0.975939 -0.218043 0
    outer loop
      vertex 9.948 2.00133 37.1714
      vertex 9.97021 1.90192 28
      vertex 9.97021 1.90192 37.1714
    endloop
  endfacet
  facet normal -0.917779 0.397092 0
    outer loop
      vertex 9.43723 -3.73646 28
      vertex 9.39678 -3.82995 37.1714
      vertex 9.43723 -3.73646 37.1714
    endloop
  endfacet
  facet normal -0.917754 0.39715 6.95544e-07
    outer loop
      vertex 9.18399 -4.32166 28
      vertex 9.39678 -3.82995 37.1714
      vertex 9.43723 -3.73646 28
    endloop
  endfacet
  facet normal -0.917749 0.397161 0
    outer loop
      vertex 9.39678 -3.82995 37.1714
      vertex 9.18399 -4.32166 28
      vertex 9.18399 -4.32166 37.1714
    endloop
  endfacet
  facet normal 0.509057 -0.860733 0
    outer loop
      vertex -5.43864 8.56993 28
      vertex -5.35097 8.62178 37.1714
      vertex -5.43864 8.56993 37.1714
    endloop
  endfacet
  facet normal 0.509034 -0.860746 2.90078e-07
    outer loop
      vertex -5.35097 8.62178 37.1714
      vertex -5.43864 8.56993 28
      vertex -4.8898 8.89451 37.1714
    endloop
  endfacet
  facet normal 0.509038 -0.860744 0
    outer loop
      vertex -4.8898 8.89451 37.1714
      vertex -5.43864 8.56993 28
      vertex -4.8898 8.89451 28
    endloop
  endfacet
  facet normal 0.999508 -0.0313564 0
    outer loop
      vertex -10.1468 0.10181 37.1714
      vertex -10.13 0.637323 28
      vertex -10.13 0.637323 37.1714
    endloop
  endfacet
  facet normal 0.999506 -0.0314156 0
    outer loop
      vertex -10.15 0 28
      vertex -10.1468 0.10181 37.1714
      vertex -10.15 0 37.1714
    endloop
  endfacet
  facet normal 0.999508 -0.0313658 -5.52939e-07
    outer loop
      vertex -10.1468 0.10181 37.1714
      vertex -10.15 0 28
      vertex -10.13 0.637323 28
    endloop
  endfacet
  facet normal -0.338817 0.940852 0
    outer loop
      vertex 3.73646 -9.43723 28
      vertex 3.64063 -9.47174 37.1714
      vertex 3.73646 -9.43723 37.1714
    endloop
  endfacet
  facet normal -0.338736 0.940882 9.58907e-07
    outer loop
      vertex 3.13652 -9.65322 28
      vertex 3.64063 -9.47174 37.1714
      vertex 3.73646 -9.43723 28
    endloop
  endfacet
  facet normal -0.33872 0.940887 0
    outer loop
      vertex 3.64063 -9.47174 37.1714
      vertex 3.13652 -9.65322 28
      vertex 3.13652 -9.65322 37.1714
    endloop
  endfacet
  facet normal -0.612912 0.790152 0
    outer loop
      vertex 6.46985 -7.82071 28
      vertex 6.04651 -8.14909 37.1714
      vertex 6.46985 -7.82071 37.1714
    endloop
  endfacet
  facet normal -0.612906 0.790155 3.74487e-07
    outer loop
      vertex 5.96602 -8.21152 28
      vertex 6.04651 -8.14909 37.1714
      vertex 6.46985 -7.82071 28
    endloop
  endfacet
  facet normal -0.61288 0.790176 0
    outer loop
      vertex 6.04651 -8.14909 37.1714
      vertex 5.96602 -8.21152 28
      vertex 5.96602 -8.21152 37.1714
    endloop
  endfacet
  facet normal -0.707107 -0.707107 0
    outer loop
      vertex 7.39903 6.94815 28
      vertex 6.94815 7.39903 37.1714
      vertex 6.94815 7.39903 28
    endloop
  endfacet
  facet normal -0.707107 -0.707107 0
    outer loop
      vertex 6.94815 7.39903 37.1714
      vertex 7.39903 6.94815 28
      vertex 7.39903 6.94815 37.1714
    endloop
  endfacet
  facet normal 0.0314156 0.999506 -0
    outer loop
      vertex 0 -10.15 28
      vertex -0.10181 -10.1468 37.1714
      vertex 0 -10.15 37.1714
    endloop
  endfacet
  facet normal 0.0313658 0.999508 -5.52939e-07
    outer loop
      vertex -0.637323 -10.13 28
      vertex -0.10181 -10.1468 37.1714
      vertex 0 -10.15 28
    endloop
  endfacet
  facet normal 0.0313564 0.999508 0
    outer loop
      vertex -0.10181 -10.1468 37.1714
      vertex -0.637323 -10.13 28
      vertex -0.637323 -10.13 37.1714
    endloop
  endfacet
  facet normal 0.917779 0.397092 0
    outer loop
      vertex -9.39678 -3.82995 37.1714
      vertex -9.43723 -3.73646 28
      vertex -9.43723 -3.73646 37.1714
    endloop
  endfacet
  facet normal 0.917749 0.397161 -0
    outer loop
      vertex -9.18399 -4.32166 28
      vertex -9.39678 -3.82995 37.1714
      vertex -9.18399 -4.32166 37.1714
    endloop
  endfacet
  facet normal 0.917754 0.39715 6.95544e-07
    outer loop
      vertex -9.39678 -3.82995 37.1714
      vertex -9.18399 -4.32166 28
      vertex -9.43723 -3.73646 28
    endloop
  endfacet
  facet normal -0.940852 -0.338817 0
    outer loop
      vertex 9.43723 3.73646 28
      vertex 9.47174 3.64063 37.1714
      vertex 9.43723 3.73646 37.1714
    endloop
  endfacet
  facet normal -0.940882 -0.338736 9.58907e-07
    outer loop
      vertex 9.65322 3.13652 28
      vertex 9.47174 3.64063 37.1714
      vertex 9.43723 3.73646 28
    endloop
  endfacet
  facet normal -0.940887 -0.33872 0
    outer loop
      vertex 9.47174 3.64063 37.1714
      vertex 9.65322 3.13652 28
      vertex 9.65322 3.13652 37.1714
    endloop
  endfacet
  facet normal 0.940852 -0.338817 0
    outer loop
      vertex -9.47174 3.64063 37.1714
      vertex -9.43723 3.73646 28
      vertex -9.43723 3.73646 37.1714
    endloop
  endfacet
  facet normal 0.940887 -0.33872 0
    outer loop
      vertex -9.65322 3.13652 28
      vertex -9.47174 3.64063 37.1714
      vertex -9.65322 3.13652 37.1714
    endloop
  endfacet
  facet normal 0.940882 -0.338736 9.58907e-07
    outer loop
      vertex -9.47174 3.64063 37.1714
      vertex -9.65322 3.13652 28
      vertex -9.43723 3.73646 28
    endloop
  endfacet
  facet normal -0.987695 -0.156391 0
    outer loop
      vertex 9.97021 1.90192 28
      vertex 10.054 1.37274 37.1714
      vertex 9.97021 1.90192 37.1714
    endloop
  endfacet
  facet normal -0.987678 -0.156497 -6.28717e-06
    outer loop
      vertex 10.07 1.27213 28
      vertex 10.054 1.37274 37.1714
      vertex 9.97021 1.90192 28
    endloop
  endfacet
  facet normal -0.98759 -0.157056 0
    outer loop
      vertex 10.054 1.37274 37.1714
      vertex 10.07 1.27213 28
      vertex 10.07 1.27213 37.1714
    endloop
  endfacet
  facet normal 0.453955 0.891025 -0
    outer loop
      vertex -4.32166 -9.18399 28
      vertex -4.41242 -9.13775 37.1714
      vertex -4.32166 -9.18399 37.1714
    endloop
  endfacet
  facet normal 0.453995 0.891004 4.90697e-07
    outer loop
      vertex -4.41242 -9.13775 37.1714
      vertex -4.32166 -9.18399 28
      vertex -4.8898 -8.89451 37.1714
    endloop
  endfacet
  facet normal 0.453988 0.891008 0
    outer loop
      vertex -4.8898 -8.89451 37.1714
      vertex -4.32166 -9.18399 28
      vertex -4.8898 -8.89451 28
    endloop
  endfacet
  facet normal 0.33872 0.940887 -0
    outer loop
      vertex -3.13652 -9.65322 28
      vertex -3.64063 -9.47174 37.1714
      vertex -3.13652 -9.65322 37.1714
    endloop
  endfacet
  facet normal 0.338736 0.940882 9.58907e-07
    outer loop
      vertex -3.73646 -9.43723 28
      vertex -3.64063 -9.47174 37.1714
      vertex -3.13652 -9.65322 28
    endloop
  endfacet
  facet normal 0.338817 0.940852 0
    outer loop
      vertex -3.64063 -9.47174 37.1714
      vertex -3.73646 -9.43723 28
      vertex -3.73646 -9.43723 37.1714
    endloop
  endfacet
  facet normal -0.279023 0.960284 0
    outer loop
      vertex 3.13652 -9.65322 37.1714
      vertex 3.13652 -9.65322 28
      vertex 3.03871 -9.68164 37.1714
    endloop
  endfacet
  facet normal -0.278998 0.960292 2.96749e-07
    outer loop
      vertex 2.5242 -9.83112 28
      vertex 3.03871 -9.68164 37.1714
      vertex 3.13652 -9.65322 28
    endloop
  endfacet
  facet normal -0.278993 0.960293 0
    outer loop
      vertex 3.03871 -9.68164 37.1714
      vertex 2.5242 -9.83112 28
      vertex 2.5242 -9.83112 37.1714
    endloop
  endfacet
  facet normal 0.75009 -0.661336 0
    outer loop
      vertex -7.46639 6.87175 37.1714
      vertex -7.39903 6.94815 28
      vertex -7.39903 6.94815 37.1714
    endloop
  endfacet
  facet normal 0.750113 -0.661309 3.93984e-07
    outer loop
      vertex -7.82071 6.46985 37.1714
      vertex -7.39903 6.94815 28
      vertex -7.46639 6.87175 37.1714
    endloop
  endfacet
  facet normal 0.75011 -0.661313 0
    outer loop
      vertex -7.39903 6.94815 28
      vertex -7.82071 6.46985 37.1714
      vertex -7.82071 6.46985 28
    endloop
  endfacet
  facet normal 0.0932708 -0.995641 0
    outer loop
      vertex -1.27213 10.07 28
      vertex -1.17072 10.0795 37.1714
      vertex -1.27213 10.07 37.1714
    endloop
  endfacet
  facet normal 0.0940975 -0.995563 -9.22253e-06
    outer loop
      vertex -0.637323 10.13 28
      vertex -1.17072 10.0795 37.1714
      vertex -1.27213 10.07 28
    endloop
  endfacet
  facet normal 0.0942547 -0.995548 0
    outer loop
      vertex -1.17072 10.0795 37.1714
      vertex -0.637323 10.13 28
      vertex -0.637323 10.13 37.1714
    endloop
  endfacet
  facet normal 0.940887 0.33872 0
    outer loop
      vertex -9.47174 -3.64063 37.1714
      vertex -9.65322 -3.13652 28
      vertex -9.65322 -3.13652 37.1714
    endloop
  endfacet
  facet normal 0.940852 0.338817 -0
    outer loop
      vertex -9.43723 -3.73646 28
      vertex -9.47174 -3.64063 37.1714
      vertex -9.43723 -3.73646 37.1714
    endloop
  endfacet
  facet normal 0.940882 0.338736 9.58907e-07
    outer loop
      vertex -9.47174 -3.64063 37.1714
      vertex -9.43723 -3.73646 28
      vertex -9.65322 -3.13652 28
    endloop
  endfacet
  facet normal 0.218043 0.975939 -0
    outer loop
      vertex -1.90192 -9.97021 28
      vertex -2.00133 -9.948 37.1714
      vertex -1.90192 -9.97021 37.1714
    endloop
  endfacet
  facet normal 0.218134 0.975919 1.04277e-06
    outer loop
      vertex -2.5242 -9.83112 28
      vertex -2.00133 -9.948 37.1714
      vertex -1.90192 -9.97021 28
    endloop
  endfacet
  facet normal 0.218152 0.975915 0
    outer loop
      vertex -2.00133 -9.948 37.1714
      vertex -2.5242 -9.83112 28
      vertex -2.5242 -9.83112 37.1714
    endloop
  endfacet
  facet normal 0.891004 -0.453995 0
    outer loop
      vertex -9.13775 4.41242 37.1714
      vertex -8.89451 4.8898 28
      vertex -8.89451 4.8898 37.1714
    endloop
  endfacet
  facet normal 0.891025 -0.453955 0
    outer loop
      vertex -9.18399 4.32166 28
      vertex -9.13775 4.41242 37.1714
      vertex -9.18399 4.32166 37.1714
    endloop
  endfacet
  facet normal 0.891008 -0.453988 4.1231e-07
    outer loop
      vertex -9.13775 4.41242 37.1714
      vertex -9.18399 4.32166 28
      vertex -8.89451 4.8898 28
    endloop
  endfacet
  facet normal 0.661309 0.750113 -0
    outer loop
      vertex -6.46985 -7.82071 28
      vertex -6.87175 -7.46639 37.1714
      vertex -6.46985 -7.82071 37.1714
    endloop
  endfacet
  facet normal 0.661313 0.75011 3.3105e-07
    outer loop
      vertex -6.94815 -7.39903 28
      vertex -6.87175 -7.46639 37.1714
      vertex -6.46985 -7.82071 28
    endloop
  endfacet
  facet normal 0.661336 0.75009 0
    outer loop
      vertex -6.87175 -7.46639 37.1714
      vertex -6.94815 -7.39903 28
      vertex -6.94815 -7.39903 37.1714
    endloop
  endfacet
  facet normal 0.157056 0.98759 0
    outer loop
      vertex -1.27213 -10.07 37.1714
      vertex -1.27213 -10.07 28
      vertex -1.37274 -10.054 37.1714
    endloop
  endfacet
  facet normal 0.156497 0.987678 -6.28717e-06
    outer loop
      vertex -1.90192 -9.97021 28
      vertex -1.37274 -10.054 37.1714
      vertex -1.27213 -10.07 28
    endloop
  endfacet
  facet normal 0.156391 0.987695 0
    outer loop
      vertex -1.37274 -10.054 37.1714
      vertex -1.90192 -9.97021 28
      vertex -1.90192 -9.97021 37.1714
    endloop
  endfacet
  facet normal 0.707107 -0.707107 0
    outer loop
      vertex -7.39903 6.94815 37.1714
      vertex -6.94815 7.39903 28
      vertex -6.94815 7.39903 37.1714
    endloop
  endfacet
  facet normal 0.707107 -0.707107 0
    outer loop
      vertex -6.94815 7.39903 28
      vertex -7.39903 6.94815 37.1714
      vertex -7.39903 6.94815 28
    endloop
  endfacet
  facet normal 0 0 1
    outer loop
      vertex 9.95 0 28
      vertex 10.15 0 28
      vertex 10.13 0.637323 28
    endloop
  endfacet
  facet normal 0 0 1
    outer loop
      vertex 9.93037 0.624765 28
      vertex 10.13 0.637323 28
      vertex 10.07 1.27213 28
    endloop
  endfacet
  facet normal 0 0 1
    outer loop
      vertex 10.15 0 28
      vertex 9.95 0 28
      vertex 10.13 -0.637323 28
    endloop
  endfacet
  facet normal 0 0 1
    outer loop
      vertex 9.87154 1.24707 28
      vertex 10.07 1.27213 28
      vertex 9.97021 1.90192 28
    endloop
  endfacet
  facet normal -0 0 1
    outer loop
      vertex 9.93037 -0.624765 28
      vertex 10.13 -0.637323 28
      vertex 9.95 0 28
    endloop
  endfacet
  facet normal 0 0 1
    outer loop
      vertex 10.13 -0.637323 28
      vertex 9.93037 -0.624765 28
      vertex 10.07 -1.27213 28
    endloop
  endfacet
  facet normal 0 0 1
    outer loop
      vertex 10.13 0.637323 28
      vertex 9.93037 0.624765 28
      vertex 9.95 0 28
    endloop
  endfacet
  facet normal 0 0 1
    outer loop
      vertex 10.07 1.27213 28
      vertex 9.87154 1.24707 28
      vertex 9.93037 0.624765 28
    endloop
  endfacet
  facet normal 0 0 1
    outer loop
      vertex 9.77376 1.86444 28
      vertex 9.97021 1.90192 28
      vertex 9.83112 2.5242 28
    endloop
  endfacet
  facet normal 0 0 1
    outer loop
      vertex 9.97021 1.90192 28
      vertex 9.77376 1.86444 28
      vertex 9.87154 1.24707 28
    endloop
  endfacet
  facet normal 0 0 1
    outer loop
      vertex 9.6374 2.47446 28
      vertex 9.83112 2.5242 28
      vertex 9.65322 3.13652 28
    endloop
  endfacet
  facet normal 0 0 1
    outer loop
      vertex 9.83112 2.5242 28
      vertex 9.6374 2.47446 28
      vertex 9.77376 1.86444 28
    endloop
  endfacet
  facet normal 0 0 1
    outer loop
      vertex 9.65322 3.13652 28
      vertex 9.46301 3.07472 28
      vertex 9.6374 2.47446 28
    endloop
  endfacet
  facet normal 0 0 1
    outer loop
      vertex 9.43723 3.73646 28
      vertex 9.46301 3.07472 28
      vertex 9.65322 3.13652 28
    endloop
  endfacet
  facet normal 0 0 1
    outer loop
      vertex 9.43723 3.73646 28
      vertex 9.25128 3.66284 28
      vertex 9.46301 3.07472 28
    endloop
  endfacet
  facet normal 0 0 1
    outer loop
      vertex 9.18399 4.32166 28
      vertex 9.25128 3.66284 28
      vertex 9.43723 3.73646 28
    endloop
  endfacet
  facet normal 0 0 1
    outer loop
      vertex 9.18399 4.32166 28
      vertex 9.00303 4.2365 28
      vertex 9.25128 3.66284 28
    endloop
  endfacet
  facet normal 0 0 1
    outer loop
      vertex 8.89451 4.8898 28
      vertex 9.00303 4.2365 28
      vertex 9.18399 4.32166 28
    endloop
  endfacet
  facet normal 0 0 1
    outer loop
      vertex 8.89451 4.8898 28
      vertex 8.71925 4.79345 28
      vertex 9.00303 4.2365 28
    endloop
  endfacet
  facet normal 0 0 1
    outer loop
      vertex 8.56993 5.43864 28
      vertex 8.71925 4.79345 28
      vertex 8.89451 4.8898 28
    endloop
  endfacet
  facet normal 0 0 1
    outer loop
      vertex 8.56993 5.43864 28
      vertex 8.40106 5.33148 28
      vertex 8.71925 4.79345 28
    endloop
  endfacet
  facet normal 0 0 1
    outer loop
      vertex 8.21152 5.96602 28
      vertex 8.40106 5.33148 28
      vertex 8.56993 5.43864 28
    endloop
  endfacet
  facet normal 0 0 1
    outer loop
      vertex 8.21152 5.96602 28
      vertex 8.04972 5.84846 28
      vertex 8.40106 5.33148 28
    endloop
  endfacet
  facet normal 0 0 1
    outer loop
      vertex 7.82071 6.46985 28
      vertex 8.04972 5.84846 28
      vertex 8.21152 5.96602 28
    endloop
  endfacet
  facet normal 0 0 1
    outer loop
      vertex 7.82071 6.46985 28
      vertex 7.66661 6.34237 28
      vertex 8.04972 5.84846 28
    endloop
  endfacet
  facet normal 0 0 1
    outer loop
      vertex 7.39903 6.94815 28
      vertex 7.66661 6.34237 28
      vertex 7.82071 6.46985 28
    endloop
  endfacet
  facet normal 0 0 1
    outer loop
      vertex 7.39903 6.94815 28
      vertex 7.25324 6.81124 28
      vertex 7.66661 6.34237 28
    endloop
  endfacet
  facet normal 0 0 1
    outer loop
      vertex 6.94815 7.39903 28
      vertex 7.25324 6.81124 28
      vertex 7.39903 6.94815 28
    endloop
  endfacet
  facet normal 0 0 1
    outer loop
      vertex 6.94815 7.39903 28
      vertex 6.81124 7.25324 28
      vertex 7.25324 6.81124 28
    endloop
  endfacet
  facet normal 0 0 1
    outer loop
      vertex 6.46985 7.82071 28
      vertex 6.81124 7.25324 28
      vertex 6.94815 7.39903 28
    endloop
  endfacet
  facet normal 0 0 1
    outer loop
      vertex 6.46985 7.82071 28
      vertex 6.34237 7.66661 28
      vertex 6.81124 7.25324 28
    endloop
  endfacet
  facet normal 0 0 1
    outer loop
      vertex 5.96602 8.21152 28
      vertex 6.34237 7.66661 28
      vertex 6.46985 7.82071 28
    endloop
  endfacet
  facet normal 0 0 1
    outer loop
      vertex 5.96602 8.21152 28
      vertex 5.84846 8.04972 28
      vertex 6.34237 7.66661 28
    endloop
  endfacet
  facet normal 0 0 1
    outer loop
      vertex 5.43864 8.56993 28
      vertex 5.84846 8.04972 28
      vertex 5.96602 8.21152 28
    endloop
  endfacet
  facet normal 0 0 1
    outer loop
      vertex 5.43864 8.56993 28
      vertex 5.33148 8.40106 28
      vertex 5.84846 8.04972 28
    endloop
  endfacet
  facet normal 0 0 1
    outer loop
      vertex 4.8898 8.89451 28
      vertex 5.33148 8.40106 28
      vertex 5.43864 8.56993 28
    endloop
  endfacet
  facet normal 0 0 1
    outer loop
      vertex 4.8898 8.89451 28
      vertex 4.79345 8.71925 28
      vertex 5.33148 8.40106 28
    endloop
  endfacet
  facet normal 0 0 1
    outer loop
      vertex 4.32166 9.18399 28
      vertex 4.79345 8.71925 28
      vertex 4.8898 8.89451 28
    endloop
  endfacet
  facet normal 0 0 1
    outer loop
      vertex 4.32166 9.18399 28
      vertex 4.2365 9.00303 28
      vertex 4.79345 8.71925 28
    endloop
  endfacet
  facet normal 0 0 1
    outer loop
      vertex 3.73646 9.43723 28
      vertex 4.2365 9.00303 28
      vertex 4.32166 9.18399 28
    endloop
  endfacet
  facet normal 0 0 1
    outer loop
      vertex 3.73646 9.43723 28
      vertex 3.66284 9.25128 28
      vertex 4.2365 9.00303 28
    endloop
  endfacet
  facet normal 0 0 1
    outer loop
      vertex 3.13652 9.65322 28
      vertex 3.66284 9.25128 28
      vertex 3.73646 9.43723 28
    endloop
  endfacet
  facet normal 0 0 1
    outer loop
      vertex 3.13652 9.65322 28
      vertex 3.07472 9.46301 28
      vertex 3.66284 9.25128 28
    endloop
  endfacet
  facet normal 0 0 1
    outer loop
      vertex 2.5242 9.83112 28
      vertex 3.07472 9.46301 28
      vertex 3.13652 9.65322 28
    endloop
  endfacet
  facet normal 0 0 1
    outer loop
      vertex 2.5242 9.83112 28
      vertex 2.47446 9.6374 28
      vertex 3.07472 9.46301 28
    endloop
  endfacet
  facet normal 0 0 1
    outer loop
      vertex 1.90192 9.97021 28
      vertex 2.47446 9.6374 28
      vertex 2.5242 9.83112 28
    endloop
  endfacet
  facet normal 0 0 1
    outer loop
      vertex 1.90192 9.97021 28
      vertex 1.86444 9.77376 28
      vertex 2.47446 9.6374 28
    endloop
  endfacet
  facet normal 0 0 1
    outer loop
      vertex 1.27213 10.07 28
      vertex 1.86444 9.77376 28
      vertex 1.90192 9.97021 28
    endloop
  endfacet
  facet normal 0 0 1
    outer loop
      vertex 1.27213 10.07 28
      vertex 1.24707 9.87154 28
      vertex 1.86444 9.77376 28
    endloop
  endfacet
  facet normal 0 0 1
    outer loop
      vertex 0.637323 10.13 28
      vertex 1.24707 9.87154 28
      vertex 1.27213 10.07 28
    endloop
  endfacet
  facet normal 0 0 1
    outer loop
      vertex 0.637323 10.13 28
      vertex 0.624765 9.93037 28
      vertex 1.24707 9.87154 28
    endloop
  endfacet
  facet normal 0 0 1
    outer loop
      vertex 0 10.15 28
      vertex 0.624765 9.93037 28
      vertex 0.637323 10.13 28
    endloop
  endfacet
  facet normal 0 0 1
    outer loop
      vertex 0 10.15 28
      vertex 0 9.95 28
      vertex 0.624765 9.93037 28
    endloop
  endfacet
  facet normal 0 0 1
    outer loop
      vertex 0 10.15 28
      vertex -0.624765 9.93037 28
      vertex 0 9.95 28
    endloop
  endfacet
  facet normal -0 0 1
    outer loop
      vertex -0.637323 10.13 28
      vertex -0.624765 9.93037 28
      vertex 0 10.15 28
    endloop
  endfacet
  facet normal 0 0 1
    outer loop
      vertex -0.637323 10.13 28
      vertex -1.24707 9.87154 28
      vertex -0.624765 9.93037 28
    endloop
  endfacet
  facet normal -0 0 1
    outer loop
      vertex -1.27213 10.07 28
      vertex -1.24707 9.87154 28
      vertex -0.637323 10.13 28
    endloop
  endfacet
  facet normal 0 0 1
    outer loop
      vertex -1.27213 10.07 28
      vertex -1.86444 9.77376 28
      vertex -1.24707 9.87154 28
    endloop
  endfacet
  facet normal -0 0 1
    outer loop
      vertex -1.90192 9.97021 28
      vertex -1.86444 9.77376 28
      vertex -1.27213 10.07 28
    endloop
  endfacet
  facet normal 0 0 1
    outer loop
      vertex -1.90192 9.97021 28
      vertex -2.47446 9.6374 28
      vertex -1.86444 9.77376 28
    endloop
  endfacet
  facet normal -0 0 1
    outer loop
      vertex -2.5242 9.83112 28
      vertex -2.47446 9.6374 28
      vertex -1.90192 9.97021 28
    endloop
  endfacet
  facet normal 0 0 1
    outer loop
      vertex -2.5242 9.83112 28
      vertex -3.07472 9.46301 28
      vertex -2.47446 9.6374 28
    endloop
  endfacet
  facet normal -0 0 1
    outer loop
      vertex -3.13652 9.65322 28
      vertex -3.07472 9.46301 28
      vertex -2.5242 9.83112 28
    endloop
  endfacet
  facet normal 0 0 1
    outer loop
      vertex -3.13652 9.65322 28
      vertex -3.66284 9.25128 28
      vertex -3.07472 9.46301 28
    endloop
  endfacet
  facet normal -0 0 1
    outer loop
      vertex -3.73646 9.43723 28
      vertex -3.66284 9.25128 28
      vertex -3.13652 9.65322 28
    endloop
  endfacet
  facet normal 0 0 1
    outer loop
      vertex -3.73646 9.43723 28
      vertex -4.2365 9.00303 28
      vertex -3.66284 9.25128 28
    endloop
  endfacet
  facet normal -0 0 1
    outer loop
      vertex -4.32166 9.18399 28
      vertex -4.2365 9.00303 28
      vertex -3.73646 9.43723 28
    endloop
  endfacet
  facet normal 0 0 1
    outer loop
      vertex -4.32166 9.18399 28
      vertex -4.79345 8.71925 28
      vertex -4.2365 9.00303 28
    endloop
  endfacet
  facet normal -0 0 1
    outer loop
      vertex -4.8898 8.89451 28
      vertex -4.79345 8.71925 28
      vertex -4.32166 9.18399 28
    endloop
  endfacet
  facet normal 0 0 1
    outer loop
      vertex -4.8898 8.89451 28
      vertex -5.33148 8.40106 28
      vertex -4.79345 8.71925 28
    endloop
  endfacet
  facet normal -0 0 1
    outer loop
      vertex -5.43864 8.56993 28
      vertex -5.33148 8.40106 28
      vertex -4.8898 8.89451 28
    endloop
  endfacet
  facet normal 0 0 1
    outer loop
      vertex -5.43864 8.56993 28
      vertex -5.84846 8.04972 28
      vertex -5.33148 8.40106 28
    endloop
  endfacet
  facet normal -0 0 1
    outer loop
      vertex -5.96602 8.21152 28
      vertex -5.84846 8.04972 28
      vertex -5.43864 8.56993 28
    endloop
  endfacet
  facet normal 0 0 1
    outer loop
      vertex -5.96602 8.21152 28
      vertex -6.34237 7.66661 28
      vertex -5.84846 8.04972 28
    endloop
  endfacet
  facet normal -0 0 1
    outer loop
      vertex -6.46985 7.82071 28
      vertex -6.34237 7.66661 28
      vertex -5.96602 8.21152 28
    endloop
  endfacet
  facet normal 0 0 1
    outer loop
      vertex -6.46985 7.82071 28
      vertex -6.81124 7.25324 28
      vertex -6.34237 7.66661 28
    endloop
  endfacet
  facet normal -0 0 1
    outer loop
      vertex -6.94815 7.39903 28
      vertex -6.81124 7.25324 28
      vertex -6.46985 7.82071 28
    endloop
  endfacet
  facet normal 0 0 1
    outer loop
      vertex -6.94815 7.39903 28
      vertex -7.25324 6.81124 28
      vertex -6.81124 7.25324 28
    endloop
  endfacet
  facet normal -0 0 1
    outer loop
      vertex -7.39903 6.94815 28
      vertex -7.25324 6.81124 28
      vertex -6.94815 7.39903 28
    endloop
  endfacet
  facet normal 0 0 1
    outer loop
      vertex -7.39903 6.94815 28
      vertex -7.66661 6.34237 28
      vertex -7.25324 6.81124 28
    endloop
  endfacet
  facet normal -0 0 1
    outer loop
      vertex -7.82071 6.46985 28
      vertex -7.66661 6.34237 28
      vertex -7.39903 6.94815 28
    endloop
  endfacet
  facet normal 0 0 1
    outer loop
      vertex -7.82071 6.46985 28
      vertex -8.04972 5.84846 28
      vertex -7.66661 6.34237 28
    endloop
  endfacet
  facet normal -0 0 1
    outer loop
      vertex -8.21152 5.96602 28
      vertex -8.04972 5.84846 28
      vertex -7.82071 6.46985 28
    endloop
  endfacet
  facet normal 0 0 1
    outer loop
      vertex -8.21152 5.96602 28
      vertex -8.40106 5.33148 28
      vertex -8.04972 5.84846 28
    endloop
  endfacet
  facet normal -0 0 1
    outer loop
      vertex -8.56993 5.43864 28
      vertex -8.40106 5.33148 28
      vertex -8.21152 5.96602 28
    endloop
  endfacet
  facet normal 0 0 1
    outer loop
      vertex -8.56993 5.43864 28
      vertex -8.71925 4.79345 28
      vertex -8.40106 5.33148 28
    endloop
  endfacet
  facet normal -0 0 1
    outer loop
      vertex -8.89451 4.8898 28
      vertex -8.71925 4.79345 28
      vertex -8.56993 5.43864 28
    endloop
  endfacet
  facet normal 0 0 1
    outer loop
      vertex -8.89451 4.8898 28
      vertex -9.00303 4.2365 28
      vertex -8.71925 4.79345 28
    endloop
  endfacet
  facet normal -0 0 1
    outer loop
      vertex -9.18399 4.32166 28
      vertex -9.00303 4.2365 28
      vertex -8.89451 4.8898 28
    endloop
  endfacet
  facet normal 0 0 1
    outer loop
      vertex -9.18399 4.32166 28
      vertex -9.25128 3.66284 28
      vertex -9.00303 4.2365 28
    endloop
  endfacet
  facet normal -0 0 1
    outer loop
      vertex -9.43723 3.73646 28
      vertex -9.25128 3.66284 28
      vertex -9.18399 4.32166 28
    endloop
  endfacet
  facet normal 0 0 1
    outer loop
      vertex -9.43723 3.73646 28
      vertex -9.46301 3.07472 28
      vertex -9.25128 3.66284 28
    endloop
  endfacet
  facet normal -0 0 1
    outer loop
      vertex -9.65322 3.13652 28
      vertex -9.46301 3.07472 28
      vertex -9.43723 3.73646 28
    endloop
  endfacet
  facet normal 0 0 1
    outer loop
      vertex -9.46301 3.07472 28
      vertex -9.65322 3.13652 28
      vertex -9.6374 2.47446 28
    endloop
  endfacet
  facet normal -0 0 1
    outer loop
      vertex -9.83112 2.5242 28
      vertex -9.6374 2.47446 28
      vertex -9.65322 3.13652 28
    endloop
  endfacet
  facet normal 0 0 1
    outer loop
      vertex -9.6374 2.47446 28
      vertex -9.83112 2.5242 28
      vertex -9.77376 1.86444 28
    endloop
  endfacet
  facet normal -0 0 1
    outer loop
      vertex -9.97021 1.90192 28
      vertex -9.77376 1.86444 28
      vertex -9.83112 2.5242 28
    endloop
  endfacet
  facet normal 0 0 1
    outer loop
      vertex -9.77376 1.86444 28
      vertex -9.97021 1.90192 28
      vertex -9.87154 1.24707 28
    endloop
  endfacet
  facet normal 0 0 1
    outer loop
      vertex -9.87154 1.24707 28
      vertex -10.07 1.27213 28
      vertex -9.93037 0.624765 28
    endloop
  endfacet
  facet normal -0 0 1
    outer loop
      vertex -10.07 1.27213 28
      vertex -9.87154 1.24707 28
      vertex -9.97021 1.90192 28
    endloop
  endfacet
  facet normal -0 0 1
    outer loop
      vertex 9.87154 -1.24707 28
      vertex 10.07 -1.27213 28
      vertex 9.93037 -0.624765 28
    endloop
  endfacet
  facet normal 0 0 1
    outer loop
      vertex 10.07 -1.27213 28
      vertex 9.87154 -1.24707 28
      vertex 9.97021 -1.90192 28
    endloop
  endfacet
  facet normal -0 0 1
    outer loop
      vertex 9.77376 -1.86444 28
      vertex 9.97021 -1.90192 28
      vertex 9.87154 -1.24707 28
    endloop
  endfacet
  facet normal 0 0 1
    outer loop
      vertex 9.97021 -1.90192 28
      vertex 9.77376 -1.86444 28
      vertex 9.83112 -2.5242 28
    endloop
  endfacet
  facet normal -0 0 1
    outer loop
      vertex 9.6374 -2.47446 28
      vertex 9.83112 -2.5242 28
      vertex 9.77376 -1.86444 28
    endloop
  endfacet
  facet normal 0 0 1
    outer loop
      vertex 9.83112 -2.5242 28
      vertex 9.6374 -2.47446 28
      vertex 9.65322 -3.13652 28
    endloop
  endfacet
  facet normal -0 0 1
    outer loop
      vertex 9.46301 -3.07472 28
      vertex 9.65322 -3.13652 28
      vertex 9.6374 -2.47446 28
    endloop
  endfacet
  facet normal 0 0 1
    outer loop
      vertex 9.46301 -3.07472 28
      vertex 9.43723 -3.73646 28
      vertex 9.65322 -3.13652 28
    endloop
  endfacet
  facet normal -0 0 1
    outer loop
      vertex 9.25128 -3.66284 28
      vertex 9.43723 -3.73646 28
      vertex 9.46301 -3.07472 28
    endloop
  endfacet
  facet normal 0 0 1
    outer loop
      vertex 9.25128 -3.66284 28
      vertex 9.18399 -4.32166 28
      vertex 9.43723 -3.73646 28
    endloop
  endfacet
  facet normal -0 0 1
    outer loop
      vertex 9.00303 -4.2365 28
      vertex 9.18399 -4.32166 28
      vertex 9.25128 -3.66284 28
    endloop
  endfacet
  facet normal 0 0 1
    outer loop
      vertex 9.00303 -4.2365 28
      vertex 8.89451 -4.8898 28
      vertex 9.18399 -4.32166 28
    endloop
  endfacet
  facet normal -0 0 1
    outer loop
      vertex 8.71925 -4.79345 28
      vertex 8.89451 -4.8898 28
      vertex 9.00303 -4.2365 28
    endloop
  endfacet
  facet normal 0 0 1
    outer loop
      vertex 8.71925 -4.79345 28
      vertex 8.56993 -5.43864 28
      vertex 8.89451 -4.8898 28
    endloop
  endfacet
  facet normal -0 0 1
    outer loop
      vertex 8.40106 -5.33148 28
      vertex 8.56993 -5.43864 28
      vertex 8.71925 -4.79345 28
    endloop
  endfacet
  facet normal 0 0 1
    outer loop
      vertex 8.40106 -5.33148 28
      vertex 8.21152 -5.96602 28
      vertex 8.56993 -5.43864 28
    endloop
  endfacet
  facet normal -0 0 1
    outer loop
      vertex 8.04972 -5.84846 28
      vertex 8.21152 -5.96602 28
      vertex 8.40106 -5.33148 28
    endloop
  endfacet
  facet normal 0 0 1
    outer loop
      vertex 8.04972 -5.84846 28
      vertex 7.82071 -6.46985 28
      vertex 8.21152 -5.96602 28
    endloop
  endfacet
  facet normal -0 0 1
    outer loop
      vertex 7.66661 -6.34237 28
      vertex 7.82071 -6.46985 28
      vertex 8.04972 -5.84846 28
    endloop
  endfacet
  facet normal 0 0 1
    outer loop
      vertex 7.66661 -6.34237 28
      vertex 7.39903 -6.94815 28
      vertex 7.82071 -6.46985 28
    endloop
  endfacet
  facet normal -0 0 1
    outer loop
      vertex 7.25324 -6.81124 28
      vertex 7.39903 -6.94815 28
      vertex 7.66661 -6.34237 28
    endloop
  endfacet
  facet normal 0 0 1
    outer loop
      vertex 7.25324 -6.81124 28
      vertex 6.94815 -7.39903 28
      vertex 7.39903 -6.94815 28
    endloop
  endfacet
  facet normal -0 0 1
    outer loop
      vertex 6.81124 -7.25324 28
      vertex 6.94815 -7.39903 28
      vertex 7.25324 -6.81124 28
    endloop
  endfacet
  facet normal 0 0 1
    outer loop
      vertex 6.81124 -7.25324 28
      vertex 6.46985 -7.82071 28
      vertex 6.94815 -7.39903 28
    endloop
  endfacet
  facet normal -0 0 1
    outer loop
      vertex 6.34237 -7.66661 28
      vertex 6.46985 -7.82071 28
      vertex 6.81124 -7.25324 28
    endloop
  endfacet
  facet normal 0 0 1
    outer loop
      vertex 6.34237 -7.66661 28
      vertex 5.96602 -8.21152 28
      vertex 6.46985 -7.82071 28
    endloop
  endfacet
  facet normal -0 0 1
    outer loop
      vertex 5.84846 -8.04972 28
      vertex 5.96602 -8.21152 28
      vertex 6.34237 -7.66661 28
    endloop
  endfacet
  facet normal 0 0 1
    outer loop
      vertex 5.84846 -8.04972 28
      vertex 5.43864 -8.56993 28
      vertex 5.96602 -8.21152 28
    endloop
  endfacet
  facet normal -0 0 1
    outer loop
      vertex 5.33148 -8.40106 28
      vertex 5.43864 -8.56993 28
      vertex 5.84846 -8.04972 28
    endloop
  endfacet
  facet normal 0 0 1
    outer loop
      vertex 5.33148 -8.40106 28
      vertex 4.8898 -8.89451 28
      vertex 5.43864 -8.56993 28
    endloop
  endfacet
  facet normal -0 0 1
    outer loop
      vertex 4.79345 -8.71925 28
      vertex 4.8898 -8.89451 28
      vertex 5.33148 -8.40106 28
    endloop
  endfacet
  facet normal 0 0 1
    outer loop
      vertex 4.79345 -8.71925 28
      vertex 4.32166 -9.18399 28
      vertex 4.8898 -8.89451 28
    endloop
  endfacet
  facet normal -0 0 1
    outer loop
      vertex 4.2365 -9.00303 28
      vertex 4.32166 -9.18399 28
      vertex 4.79345 -8.71925 28
    endloop
  endfacet
  facet normal 0 0 1
    outer loop
      vertex 4.2365 -9.00303 28
      vertex 3.73646 -9.43723 28
      vertex 4.32166 -9.18399 28
    endloop
  endfacet
  facet normal -0 0 1
    outer loop
      vertex 3.66284 -9.25128 28
      vertex 3.73646 -9.43723 28
      vertex 4.2365 -9.00303 28
    endloop
  endfacet
  facet normal 0 0 1
    outer loop
      vertex 3.66284 -9.25128 28
      vertex 3.13652 -9.65322 28
      vertex 3.73646 -9.43723 28
    endloop
  endfacet
  facet normal -0 0 1
    outer loop
      vertex 3.07472 -9.46301 28
      vertex 3.13652 -9.65322 28
      vertex 3.66284 -9.25128 28
    endloop
  endfacet
  facet normal 0 0 1
    outer loop
      vertex 3.07472 -9.46301 28
      vertex 2.5242 -9.83112 28
      vertex 3.13652 -9.65322 28
    endloop
  endfacet
  facet normal -0 0 1
    outer loop
      vertex 2.47446 -9.6374 28
      vertex 2.5242 -9.83112 28
      vertex 3.07472 -9.46301 28
    endloop
  endfacet
  facet normal 0 0 1
    outer loop
      vertex 2.47446 -9.6374 28
      vertex 1.90192 -9.97021 28
      vertex 2.5242 -9.83112 28
    endloop
  endfacet
  facet normal -0 0 1
    outer loop
      vertex 1.86444 -9.77376 28
      vertex 1.90192 -9.97021 28
      vertex 2.47446 -9.6374 28
    endloop
  endfacet
  facet normal 0 0 1
    outer loop
      vertex 1.86444 -9.77376 28
      vertex 1.27213 -10.07 28
      vertex 1.90192 -9.97021 28
    endloop
  endfacet
  facet normal -0 0 1
    outer loop
      vertex 1.24707 -9.87154 28
      vertex 1.27213 -10.07 28
      vertex 1.86444 -9.77376 28
    endloop
  endfacet
  facet normal 0 0 1
    outer loop
      vertex 1.24707 -9.87154 28
      vertex 0.637323 -10.13 28
      vertex 1.27213 -10.07 28
    endloop
  endfacet
  facet normal -0 0 1
    outer loop
      vertex 0.624765 -9.93037 28
      vertex 0.637323 -10.13 28
      vertex 1.24707 -9.87154 28
    endloop
  endfacet
  facet normal -0 0 1
    outer loop
      vertex 0 -9.95 28
      vertex 0.637323 -10.13 28
      vertex 0.624765 -9.93037 28
    endloop
  endfacet
  facet normal 0 0 1
    outer loop
      vertex 0 -9.95 28
      vertex 0 -10.15 28
      vertex 0.637323 -10.13 28
    endloop
  endfacet
  facet normal 0 0 1
    outer loop
      vertex -0.624765 -9.93037 28
      vertex 0 -10.15 28
      vertex 0 -9.95 28
    endloop
  endfacet
  facet normal 0 0 1
    outer loop
      vertex -0.624765 -9.93037 28
      vertex -0.637323 -10.13 28
      vertex 0 -10.15 28
    endloop
  endfacet
  facet normal 0 0 1
    outer loop
      vertex -1.24707 -9.87154 28
      vertex -0.637323 -10.13 28
      vertex -0.624765 -9.93037 28
    endloop
  endfacet
  facet normal 0 0 1
    outer loop
      vertex -1.24707 -9.87154 28
      vertex -1.27213 -10.07 28
      vertex -0.637323 -10.13 28
    endloop
  endfacet
  facet normal 0 0 1
    outer loop
      vertex -1.86444 -9.77376 28
      vertex -1.27213 -10.07 28
      vertex -1.24707 -9.87154 28
    endloop
  endfacet
  facet normal 0 0 1
    outer loop
      vertex -1.86444 -9.77376 28
      vertex -1.90192 -9.97021 28
      vertex -1.27213 -10.07 28
    endloop
  endfacet
  facet normal 0 0 1
    outer loop
      vertex -2.47446 -9.6374 28
      vertex -1.90192 -9.97021 28
      vertex -1.86444 -9.77376 28
    endloop
  endfacet
  facet normal 0 0 1
    outer loop
      vertex -2.47446 -9.6374 28
      vertex -2.5242 -9.83112 28
      vertex -1.90192 -9.97021 28
    endloop
  endfacet
  facet normal 0 0 1
    outer loop
      vertex -3.07472 -9.46301 28
      vertex -2.5242 -9.83112 28
      vertex -2.47446 -9.6374 28
    endloop
  endfacet
  facet normal 0 0 1
    outer loop
      vertex -3.07472 -9.46301 28
      vertex -3.13652 -9.65322 28
      vertex -2.5242 -9.83112 28
    endloop
  endfacet
  facet normal 0 0 1
    outer loop
      vertex -3.66284 -9.25128 28
      vertex -3.13652 -9.65322 28
      vertex -3.07472 -9.46301 28
    endloop
  endfacet
  facet normal 0 0 1
    outer loop
      vertex -3.66284 -9.25128 28
      vertex -3.73646 -9.43723 28
      vertex -3.13652 -9.65322 28
    endloop
  endfacet
  facet normal 0 0 1
    outer loop
      vertex -4.2365 -9.00303 28
      vertex -3.73646 -9.43723 28
      vertex -3.66284 -9.25128 28
    endloop
  endfacet
  facet normal 0 0 1
    outer loop
      vertex -4.2365 -9.00303 28
      vertex -4.32166 -9.18399 28
      vertex -3.73646 -9.43723 28
    endloop
  endfacet
  facet normal 0 0 1
    outer loop
      vertex -4.79345 -8.71925 28
      vertex -4.32166 -9.18399 28
      vertex -4.2365 -9.00303 28
    endloop
  endfacet
  facet normal 0 0 1
    outer loop
      vertex -4.79345 -8.71925 28
      vertex -4.8898 -8.89451 28
      vertex -4.32166 -9.18399 28
    endloop
  endfacet
  facet normal 0 0 1
    outer loop
      vertex -5.33148 -8.40106 28
      vertex -4.8898 -8.89451 28
      vertex -4.79345 -8.71925 28
    endloop
  endfacet
  facet normal 0 0 1
    outer loop
      vertex -5.33148 -8.40106 28
      vertex -5.43864 -8.56993 28
      vertex -4.8898 -8.89451 28
    endloop
  endfacet
  facet normal 0 0 1
    outer loop
      vertex -5.84846 -8.04972 28
      vertex -5.43864 -8.56993 28
      vertex -5.33148 -8.40106 28
    endloop
  endfacet
  facet normal 0 0 1
    outer loop
      vertex -5.84846 -8.04972 28
      vertex -5.96602 -8.21152 28
      vertex -5.43864 -8.56993 28
    endloop
  endfacet
  facet normal 0 0 1
    outer loop
      vertex -6.34237 -7.66661 28
      vertex -5.96602 -8.21152 28
      vertex -5.84846 -8.04972 28
    endloop
  endfacet
  facet normal 0 0 1
    outer loop
      vertex -6.34237 -7.66661 28
      vertex -6.46985 -7.82071 28
      vertex -5.96602 -8.21152 28
    endloop
  endfacet
  facet normal 0 0 1
    outer loop
      vertex -6.81124 -7.25324 28
      vertex -6.46985 -7.82071 28
      vertex -6.34237 -7.66661 28
    endloop
  endfacet
  facet normal 0 0 1
    outer loop
      vertex -6.81124 -7.25324 28
      vertex -6.94815 -7.39903 28
      vertex -6.46985 -7.82071 28
    endloop
  endfacet
  facet normal 0 0 1
    outer loop
      vertex -7.25324 -6.81124 28
      vertex -6.94815 -7.39903 28
      vertex -6.81124 -7.25324 28
    endloop
  endfacet
  facet normal 0 0 1
    outer loop
      vertex -7.25324 -6.81124 28
      vertex -7.39903 -6.94815 28
      vertex -6.94815 -7.39903 28
    endloop
  endfacet
  facet normal 0 0 1
    outer loop
      vertex -7.66661 -6.34237 28
      vertex -7.39903 -6.94815 28
      vertex -7.25324 -6.81124 28
    endloop
  endfacet
  facet normal 0 0 1
    outer loop
      vertex -7.66661 -6.34237 28
      vertex -7.82071 -6.46985 28
      vertex -7.39903 -6.94815 28
    endloop
  endfacet
  facet normal 0 0 1
    outer loop
      vertex -8.04972 -5.84846 28
      vertex -7.82071 -6.46985 28
      vertex -7.66661 -6.34237 28
    endloop
  endfacet
  facet normal 0 0 1
    outer loop
      vertex -8.04972 -5.84846 28
      vertex -8.21152 -5.96602 28
      vertex -7.82071 -6.46985 28
    endloop
  endfacet
  facet normal 0 0 1
    outer loop
      vertex -8.40106 -5.33148 28
      vertex -8.21152 -5.96602 28
      vertex -8.04972 -5.84846 28
    endloop
  endfacet
  facet normal 0 0 1
    outer loop
      vertex -8.40106 -5.33148 28
      vertex -8.56993 -5.43864 28
      vertex -8.21152 -5.96602 28
    endloop
  endfacet
  facet normal 0 0 1
    outer loop
      vertex -8.71925 -4.79345 28
      vertex -8.56993 -5.43864 28
      vertex -8.40106 -5.33148 28
    endloop
  endfacet
  facet normal 0 0 1
    outer loop
      vertex -8.71925 -4.79345 28
      vertex -8.89451 -4.8898 28
      vertex -8.56993 -5.43864 28
    endloop
  endfacet
  facet normal 0 0 1
    outer loop
      vertex -9.00303 -4.2365 28
      vertex -8.89451 -4.8898 28
      vertex -8.71925 -4.79345 28
    endloop
  endfacet
  facet normal 0 0 1
    outer loop
      vertex -9.00303 -4.2365 28
      vertex -9.18399 -4.32166 28
      vertex -8.89451 -4.8898 28
    endloop
  endfacet
  facet normal 0 0 1
    outer loop
      vertex -9.25128 -3.66284 28
      vertex -9.18399 -4.32166 28
      vertex -9.00303 -4.2365 28
    endloop
  endfacet
  facet normal 0 0 1
    outer loop
      vertex -9.25128 -3.66284 28
      vertex -9.43723 -3.73646 28
      vertex -9.18399 -4.32166 28
    endloop
  endfacet
  facet normal 0 0 1
    outer loop
      vertex -9.46301 -3.07472 28
      vertex -9.43723 -3.73646 28
      vertex -9.25128 -3.66284 28
    endloop
  endfacet
  facet normal 0 0 1
    outer loop
      vertex -9.65322 -3.13652 28
      vertex -9.46301 -3.07472 28
      vertex -9.6374 -2.47446 28
    endloop
  endfacet
  facet normal 0 0 1
    outer loop
      vertex -9.46301 -3.07472 28
      vertex -9.65322 -3.13652 28
      vertex -9.43723 -3.73646 28
    endloop
  endfacet
  facet normal 0 0 1
    outer loop
      vertex -9.83112 -2.5242 28
      vertex -9.6374 -2.47446 28
      vertex -9.77376 -1.86444 28
    endloop
  endfacet
  facet normal 0 0 1
    outer loop
      vertex -9.6374 -2.47446 28
      vertex -9.83112 -2.5242 28
      vertex -9.65322 -3.13652 28
    endloop
  endfacet
  facet normal 0 0 1
    outer loop
      vertex -9.97021 -1.90192 28
      vertex -9.77376 -1.86444 28
      vertex -9.87154 -1.24707 28
    endloop
  endfacet
  facet normal 0 0 1
    outer loop
      vertex -10.07 -1.27213 28
      vertex -9.87154 -1.24707 28
      vertex -9.93037 -0.624765 28
    endloop
  endfacet
  facet normal 0 0 1
    outer loop
      vertex -9.77376 -1.86444 28
      vertex -9.97021 -1.90192 28
      vertex -9.83112 -2.5242 28
    endloop
  endfacet
  facet normal 0 0 1
    outer loop
      vertex -10.13 -0.637323 28
      vertex -9.93037 -0.624765 28
      vertex -9.95 0 28
    endloop
  endfacet
  facet normal -0 0 1
    outer loop
      vertex -10.13 0.637323 28
      vertex -9.93037 0.624765 28
      vertex -10.07 1.27213 28
    endloop
  endfacet
  facet normal 0 0 1
    outer loop
      vertex -9.93037 0.624765 28
      vertex -10.13 0.637323 28
      vertex -9.95 0 28
    endloop
  endfacet
  facet normal 0 0 1
    outer loop
      vertex -9.87154 -1.24707 28
      vertex -10.07 -1.27213 28
      vertex -9.97021 -1.90192 28
    endloop
  endfacet
  facet normal 0 0 1
    outer loop
      vertex -10.15 0 28
      vertex -9.95 0 28
      vertex -10.13 0.637323 28
    endloop
  endfacet
  facet normal 0 0 1
    outer loop
      vertex -9.93037 -0.624765 28
      vertex -10.13 -0.637323 28
      vertex -10.07 -1.27213 28
    endloop
  endfacet
  facet normal 0 0 1
    outer loop
      vertex -9.95 0 28
      vertex -10.15 0 28
      vertex -10.13 -0.637323 28
    endloop
  endfacet
  facet normal 0.960284 -0.279023 0
    outer loop
      vertex -9.68164 3.03871 37.1714
      vertex -9.65322 3.13652 28
      vertex -9.65322 3.13652 37.1714
    endloop
  endfacet
  facet normal 0.960293 -0.278993 0
    outer loop
      vertex -9.83112 2.5242 28
      vertex -9.68164 3.03871 37.1714
      vertex -9.83112 2.5242 37.1714
    endloop
  endfacet
  facet normal 0.960292 -0.278998 2.96749e-07
    outer loop
      vertex -9.68164 3.03871 37.1714
      vertex -9.83112 2.5242 28
      vertex -9.65322 3.13652 28
    endloop
  endfacet
  facet normal -0.827081 0.562082 0
    outer loop
      vertex 8.56993 -5.43864 28
      vertex 8.26878 -5.88177 37.1714
      vertex 8.56993 -5.43864 37.1714
    endloop
  endfacet
  facet normal -0.827078 0.562087 2.96901e-07
    outer loop
      vertex 8.21152 -5.96602 28
      vertex 8.26878 -5.88177 37.1714
      vertex 8.56993 -5.43864 28
    endloop
  endfacet
  facet normal -0.827063 0.562109 0
    outer loop
      vertex 8.26878 -5.88177 37.1714
      vertex 8.21152 -5.96602 28
      vertex 8.21152 -5.96602 37.1714
    endloop
  endfacet
  facet normal 0.790152 -0.612912 0
    outer loop
      vertex -8.14909 6.04651 37.1714
      vertex -7.82071 6.46985 28
      vertex -7.82071 6.46985 37.1714
    endloop
  endfacet
  facet normal 0.790176 -0.61288 0
    outer loop
      vertex -8.21152 5.96602 28
      vertex -8.14909 6.04651 37.1714
      vertex -8.21152 5.96602 37.1714
    endloop
  endfacet
  facet normal 0.790155 -0.612906 3.74487e-07
    outer loop
      vertex -8.14909 6.04651 37.1714
      vertex -8.21152 5.96602 28
      vertex -7.82071 6.46985 28
    endloop
  endfacet
  facet normal 0.612912 -0.790152 0
    outer loop
      vertex -6.46985 7.82071 28
      vertex -6.04651 8.14909 37.1714
      vertex -6.46985 7.82071 37.1714
    endloop
  endfacet
  facet normal 0.612906 -0.790155 3.74487e-07
    outer loop
      vertex -5.96602 8.21152 28
      vertex -6.04651 8.14909 37.1714
      vertex -6.46985 7.82071 28
    endloop
  endfacet
  facet normal 0.61288 -0.790176 0
    outer loop
      vertex -6.04651 8.14909 37.1714
      vertex -5.96602 8.21152 28
      vertex -5.96602 8.21152 37.1714
    endloop
  endfacet
  facet normal 0.995641 -0.0932708 0
    outer loop
      vertex -10.0795 1.17072 37.1714
      vertex -10.07 1.27213 28
      vertex -10.07 1.27213 37.1714
    endloop
  endfacet
  facet normal 0.995548 -0.0942547 0
    outer loop
      vertex -10.13 0.637323 28
      vertex -10.0795 1.17072 37.1714
      vertex -10.13 0.637323 37.1714
    endloop
  endfacet
  facet normal 0.995563 -0.0940975 -9.22253e-06
    outer loop
      vertex -10.0795 1.17072 37.1714
      vertex -10.13 0.637323 28
      vertex -10.07 1.27213 28
    endloop
  endfacet
  facet normal 0.891025 0.453955 0
    outer loop
      vertex -9.13775 -4.41242 37.1714
      vertex -9.18399 -4.32166 28
      vertex -9.18399 -4.32166 37.1714
    endloop
  endfacet
  facet normal 0.891004 0.453995 4.90697e-07
    outer loop
      vertex -8.89451 -4.8898 37.1714
      vertex -9.18399 -4.32166 28
      vertex -9.13775 -4.41242 37.1714
    endloop
  endfacet
  facet normal 0.891008 0.453988 0
    outer loop
      vertex -9.18399 -4.32166 28
      vertex -8.89451 -4.8898 37.1714
      vertex -8.89451 -4.8898 28
    endloop
  endfacet
  facet normal 0.397092 0.917779 0
    outer loop
      vertex -3.73646 -9.43723 37.1714
      vertex -3.73646 -9.43723 28
      vertex -3.82995 -9.39678 37.1714
    endloop
  endfacet
  facet normal 0.39715 0.917754 6.95544e-07
    outer loop
      vertex -4.32166 -9.18399 28
      vertex -3.82995 -9.39678 37.1714
      vertex -3.73646 -9.43723 28
    endloop
  endfacet
  facet normal 0.397161 0.917749 0
    outer loop
      vertex -3.82995 -9.39678 37.1714
      vertex -4.32166 -9.18399 28
      vertex -4.32166 -9.18399 37.1714
    endloop
  endfacet
endsolid OpenSCAD_Model
