solid OpenSCAD_Model
  facet normal 0.857515 -0.514458 0
    outer loop
      vertex 126.026 -27.8223 21.55
      vertex 126.228 -27.4856 19.15
      vertex 126.228 -27.4856 21.55
    endloop
  endfacet
  facet normal 0.857515 -0.514458 0
    outer loop
      vertex 126.228 -27.4856 19.15
      vertex 126.026 -27.8223 21.55
      vertex 126.026 -27.8223 19.15
    endloop
  endfacet
  facet normal 0.146844 0.98916 -0
    outer loop
      vertex 123.48 29.5231 19.15
      vertex 123.092 29.5807 21.55
      vertex 123.48 29.5231 21.55
    endloop
  endfacet
  facet normal 0.146844 0.98916 0
    outer loop
      vertex 123.092 29.5807 21.55
      vertex 123.48 29.5231 19.15
      vertex 123.092 29.5807 19.15
    endloop
  endfacet
  facet normal -0.0491751 0.99879 0
    outer loop
      vertex -122.7 29.6 19.15
      vertex -123.092 29.5807 21.55
      vertex -122.7 29.6 21.55
    endloop
  endfacet
  facet normal -0.0491751 0.99879 0
    outer loop
      vertex -123.092 29.5807 21.55
      vertex -122.7 29.6 19.15
      vertex -123.092 29.5807 19.15
    endloop
  endfacet
  facet normal -0.672622 0.739986 0
    outer loop
      vertex -125.238 28.692 19.15
      vertex -125.528 28.4284 21.55
      vertex -125.238 28.692 21.55
    endloop
  endfacet
  facet normal -0.672622 0.739986 0
    outer loop
      vertex -125.528 28.4284 21.55
      vertex -125.238 28.692 19.15
      vertex -125.528 28.4284 19.15
    endloop
  endfacet
  facet normal 0.989028 0.14773 0
    outer loop
      vertex 126.681 25.9921 21.55
      vertex 126.623 26.3804 19.15
      vertex 126.623 26.3804 21.55
    endloop
  endfacet
  facet normal 0.989028 0.14773 0
    outer loop
      vertex 126.623 26.3804 19.15
      vertex 126.681 25.9921 21.55
      vertex 126.681 25.9921 19.15
    endloop
  endfacet
  facet normal 0.427342 -0.90409 0
    outer loop
      vertex 124.231 -29.2955 19.15
      vertex 124.586 -29.1277 21.55
      vertex 124.231 -29.2955 21.55
    endloop
  endfacet
  facet normal 0.427342 -0.90409 0
    outer loop
      vertex 124.586 -29.1277 21.55
      vertex 124.231 -29.2955 19.15
      vertex 124.586 -29.1277 19.15
    endloop
  endfacet
  facet normal 0.242655 0.970113 -0
    outer loop
      vertex 123.861 29.4278 19.15
      vertex 123.48 29.5231 21.55
      vertex 123.861 29.4278 21.55
    endloop
  endfacet
  facet normal 0.242655 0.970113 0
    outer loop
      vertex 123.48 29.5231 21.55
      vertex 123.861 29.4278 19.15
      vertex 123.48 29.5231 19.15
    endloop
  endfacet
  facet normal 0.146844 -0.98916 0
    outer loop
      vertex 123.092 -29.5807 19.15
      vertex 123.48 -29.5231 21.55
      vertex 123.092 -29.5807 21.55
    endloop
  endfacet
  facet normal 0.146844 -0.98916 0
    outer loop
      vertex 123.48 -29.5231 21.55
      vertex 123.092 -29.5807 19.15
      vertex 123.48 -29.5231 19.15
    endloop
  endfacet
  facet normal 0.427342 0.90409 -0
    outer loop
      vertex 124.586 29.1277 19.15
      vertex 124.231 29.2955 21.55
      vertex 124.586 29.1277 21.55
    endloop
  endfacet
  facet normal 0.427342 0.90409 0
    outer loop
      vertex 124.231 29.2955 21.55
      vertex 124.586 29.1277 19.15
      vertex 124.231 29.2955 19.15
    endloop
  endfacet
  facet normal 1 -0 0
    outer loop
      vertex 126.7 -25.6 21.55
      vertex 126.7 25.6 19.15
      vertex 126.7 25.6 21.55
    endloop
  endfacet
  facet normal 1 0 0
    outer loop
      vertex 126.7 25.6 19.15
      vertex 126.7 -25.6 21.55
      vertex 126.7 -25.6 19.15
    endloop
  endfacet
  facet normal -0.514871 -0.857268 0
    outer loop
      vertex -124.922 -28.9259 19.15
      vertex -124.586 -29.1277 21.55
      vertex -124.922 -28.9259 21.55
    endloop
  endfacet
  facet normal -0.514871 -0.857268 -0
    outer loop
      vertex -124.586 -29.1277 21.55
      vertex -124.922 -28.9259 19.15
      vertex -124.586 -29.1277 19.15
    endloop
  endfacet
  facet normal -0.998828 -0.0484002 0
    outer loop
      vertex -126.681 -25.9921 19.15
      vertex -126.7 -25.6 21.55
      vertex -126.7 -25.6 19.15
    endloop
  endfacet
  facet normal -0.998828 -0.0484002 0
    outer loop
      vertex -126.7 -25.6 21.55
      vertex -126.681 -25.9921 19.15
      vertex -126.681 -25.9921 21.55
    endloop
  endfacet
  facet normal 0.0491751 -0.99879 0
    outer loop
      vertex 122.7 -29.6 19.15
      vertex 123.092 -29.5807 21.55
      vertex 122.7 -29.6 21.55
    endloop
  endfacet
  facet normal 0.0491751 -0.99879 0
    outer loop
      vertex 123.092 -29.5807 21.55
      vertex 122.7 -29.6 19.15
      vertex 123.092 -29.5807 19.15
    endloop
  endfacet
  facet normal 0.941742 -0.336336 0
    outer loop
      vertex 126.396 -27.1307 21.55
      vertex 126.528 -26.7611 19.15
      vertex 126.528 -26.7611 21.55
    endloop
  endfacet
  facet normal 0.941742 -0.336336 0
    outer loop
      vertex 126.528 -26.7611 19.15
      vertex 126.396 -27.1307 21.55
      vertex 126.396 -27.1307 19.15
    endloop
  endfacet
  facet normal -0.146844 -0.98916 0
    outer loop
      vertex -123.48 -29.5231 19.15
      vertex -123.092 -29.5807 21.55
      vertex -123.48 -29.5231 21.55
    endloop
  endfacet
  facet normal -0.146844 -0.98916 -0
    outer loop
      vertex -123.092 -29.5807 21.55
      vertex -123.48 -29.5231 19.15
      vertex -123.092 -29.5807 19.15
    endloop
  endfacet
  facet normal 0.903847 -0.427856 0
    outer loop
      vertex 126.228 -27.4856 21.55
      vertex 126.396 -27.1307 19.15
      vertex 126.396 -27.1307 21.55
    endloop
  endfacet
  facet normal 0.903847 -0.427856 0
    outer loop
      vertex 126.396 -27.1307 19.15
      vertex 126.228 -27.4856 21.55
      vertex 126.228 -27.4856 19.15
    endloop
  endfacet
  facet normal 0.941742 0.336336 0
    outer loop
      vertex 126.528 26.7611 21.55
      vertex 126.396 27.1307 19.15
      vertex 126.396 27.1307 21.55
    endloop
  endfacet
  facet normal 0.941742 0.336336 0
    outer loop
      vertex 126.396 27.1307 19.15
      vertex 126.528 26.7611 21.55
      vertex 126.528 26.7611 19.15
    endloop
  endfacet
  facet normal -0.903847 0.427856 0
    outer loop
      vertex -126.396 27.1307 19.15
      vertex -126.228 27.4856 21.55
      vertex -126.228 27.4856 19.15
    endloop
  endfacet
  facet normal -0.903847 0.427856 0
    outer loop
      vertex -126.228 27.4856 21.55
      vertex -126.396 27.1307 19.15
      vertex -126.396 27.1307 21.55
    endloop
  endfacet
  facet normal -0.857515 -0.514458 0
    outer loop
      vertex -126.026 -27.8223 19.15
      vertex -126.228 -27.4856 21.55
      vertex -126.228 -27.4856 19.15
    endloop
  endfacet
  facet normal -0.857515 -0.514458 0
    outer loop
      vertex -126.228 -27.4856 21.55
      vertex -126.026 -27.8223 19.15
      vertex -126.026 -27.8223 21.55
    endloop
  endfacet
  facet normal 0 -1 0
    outer loop
      vertex 113.8 -29.6 19.15
      vertex 122.7 -29.6 21.55
      vertex 113.8 -29.6 21.55
    endloop
  endfacet
  facet normal 0 -1 -0
    outer loop
      vertex 122.7 -29.6 21.55
      vertex 113.8 -29.6 19.15
      vertex 122.7 -29.6 19.15
    endloop
  endfacet
  facet normal 0 -1 0
    outer loop
      vertex -122.7 -29.6 19.15
      vertex -113.8 -29.6 21.55
      vertex -122.7 -29.6 21.55
    endloop
  endfacet
  facet normal 0 -1 -0
    outer loop
      vertex -113.8 -29.6 21.55
      vertex -122.7 -29.6 19.15
      vertex -113.8 -29.6 19.15
    endloop
  endfacet
  facet normal 0.857515 0.514458 0
    outer loop
      vertex 126.228 27.4856 21.55
      vertex 126.026 27.8223 19.15
      vertex 126.026 27.8223 21.55
    endloop
  endfacet
  facet normal 0.857515 0.514458 0
    outer loop
      vertex 126.026 27.8223 19.15
      vertex 126.228 27.4856 21.55
      vertex 126.228 27.4856 19.15
    endloop
  endfacet
  facet normal -0.594942 0.803769 0
    outer loop
      vertex -124.922 28.9259 19.15
      vertex -125.238 28.692 21.55
      vertex -124.922 28.9259 21.55
    endloop
  endfacet
  facet normal -0.594942 0.803769 0
    outer loop
      vertex -125.238 28.692 21.55
      vertex -124.922 28.9259 19.15
      vertex -125.238 28.692 19.15
    endloop
  endfacet
  facet normal 0.336691 0.941615 -0
    outer loop
      vertex 124.231 29.2955 19.15
      vertex 123.861 29.4278 21.55
      vertex 124.231 29.2955 21.55
    endloop
  endfacet
  facet normal 0.336691 0.941615 0
    outer loop
      vertex 123.861 29.4278 21.55
      vertex 124.231 29.2955 19.15
      vertex 123.861 29.4278 19.15
    endloop
  endfacet
  facet normal -0.427342 -0.90409 0
    outer loop
      vertex -124.586 -29.1277 19.15
      vertex -124.231 -29.2955 21.55
      vertex -124.586 -29.1277 21.55
    endloop
  endfacet
  facet normal -0.427342 -0.90409 -0
    outer loop
      vertex -124.231 -29.2955 21.55
      vertex -124.586 -29.1277 19.15
      vertex -124.231 -29.2955 19.15
    endloop
  endfacet
  facet normal -1 0 0
    outer loop
      vertex -126.7 -25.6 19.15
      vertex -126.7 25.6 21.55
      vertex -126.7 25.6 19.15
    endloop
  endfacet
  facet normal -1 -0 0
    outer loop
      vertex -126.7 25.6 21.55
      vertex -126.7 -25.6 19.15
      vertex -126.7 -25.6 21.55
    endloop
  endfacet
  facet normal -0.740401 0.672166 0
    outer loop
      vertex -125.792 28.1376 19.15
      vertex -125.528 28.4284 21.55
      vertex -125.528 28.4284 19.15
    endloop
  endfacet
  facet normal -0.740401 0.672166 0
    outer loop
      vertex -125.528 28.4284 21.55
      vertex -125.792 28.1376 19.15
      vertex -125.792 28.1376 21.55
    endloop
  endfacet
  facet normal 0.802996 -0.595984 0
    outer loop
      vertex 125.8 -28.1268 21.55
      vertex 126.026 -27.8223 19.15
      vertex 126.026 -27.8223 21.55
    endloop
  endfacet
  facet normal 0.802996 -0.595984 0
    outer loop
      vertex 126.026 -27.8223 19.15
      vertex 125.8 -28.1268 21.55
      vertex 125.8 -28.1268 19.15
    endloop
  endfacet
  facet normal 0.514871 0.857268 -0
    outer loop
      vertex 124.922 28.9259 19.15
      vertex 124.586 29.1277 21.55
      vertex 124.922 28.9259 21.55
    endloop
  endfacet
  facet normal 0.514871 0.857268 0
    outer loop
      vertex 124.586 29.1277 21.55
      vertex 124.922 28.9259 19.15
      vertex 124.586 29.1277 19.15
    endloop
  endfacet
  facet normal 0.595183 -0.80359 0
    outer loop
      vertex 124.922 -28.9259 19.15
      vertex 125.227 -28.7 21.55
      vertex 124.922 -28.9259 21.55
    endloop
  endfacet
  facet normal 0.595183 -0.80359 0
    outer loop
      vertex 125.227 -28.7 21.55
      vertex 124.922 -28.9259 19.15
      vertex 125.227 -28.7 19.15
    endloop
  endfacet
  facet normal 0.970247 -0.242116 0
    outer loop
      vertex 126.528 -26.7611 21.55
      vertex 126.623 -26.3804 19.15
      vertex 126.623 -26.3804 21.55
    endloop
  endfacet
  facet normal 0.970247 -0.242116 0
    outer loop
      vertex 126.623 -26.3804 19.15
      vertex 126.528 -26.7611 21.55
      vertex 126.528 -26.7611 19.15
    endloop
  endfacet
  facet normal 0.242655 -0.970113 0
    outer loop
      vertex 123.48 -29.5231 19.15
      vertex 123.861 -29.4278 21.55
      vertex 123.48 -29.5231 21.55
    endloop
  endfacet
  facet normal 0.242655 -0.970113 0
    outer loop
      vertex 123.861 -29.4278 21.55
      vertex 123.48 -29.5231 19.15
      vertex 123.861 -29.4278 19.15
    endloop
  endfacet
  facet normal 0.336691 -0.941615 0
    outer loop
      vertex 123.861 -29.4278 19.15
      vertex 124.231 -29.2955 21.55
      vertex 123.861 -29.4278 21.55
    endloop
  endfacet
  facet normal 0.336691 -0.941615 0
    outer loop
      vertex 124.231 -29.2955 21.55
      vertex 123.861 -29.4278 19.15
      vertex 124.231 -29.2955 19.15
    endloop
  endfacet
  facet normal -0.514871 0.857268 0
    outer loop
      vertex -124.586 29.1277 19.15
      vertex -124.922 28.9259 21.55
      vertex -124.586 29.1277 21.55
    endloop
  endfacet
  facet normal -0.514871 0.857268 0
    outer loop
      vertex -124.922 28.9259 21.55
      vertex -124.586 29.1277 19.15
      vertex -124.922 28.9259 19.15
    endloop
  endfacet
  facet normal 0.595183 0.80359 -0
    outer loop
      vertex 125.227 28.7 19.15
      vertex 124.922 28.9259 21.55
      vertex 125.227 28.7 21.55
    endloop
  endfacet
  facet normal 0.595183 0.80359 0
    outer loop
      vertex 124.922 28.9259 21.55
      vertex 125.227 28.7 19.15
      vertex 124.922 28.9259 19.15
    endloop
  endfacet
  facet normal 0.0491751 0.99879 -0
    outer loop
      vertex 123.092 29.5807 19.15
      vertex 122.7 29.6 21.55
      vertex 123.092 29.5807 21.55
    endloop
  endfacet
  facet normal 0.0491751 0.99879 0
    outer loop
      vertex 122.7 29.6 21.55
      vertex 123.092 29.5807 19.15
      vertex 122.7 29.6 19.15
    endloop
  endfacet
  facet normal 0.514871 -0.857268 0
    outer loop
      vertex 124.586 -29.1277 19.15
      vertex 124.922 -28.9259 21.55
      vertex 124.586 -29.1277 21.55
    endloop
  endfacet
  facet normal 0.514871 -0.857268 0
    outer loop
      vertex 124.922 -28.9259 21.55
      vertex 124.586 -29.1277 19.15
      vertex 124.922 -28.9259 19.15
    endloop
  endfacet
  facet normal 0.989028 -0.14773 0
    outer loop
      vertex 126.623 -26.3804 21.55
      vertex 126.681 -25.9921 19.15
      vertex 126.681 -25.9921 21.55
    endloop
  endfacet
  facet normal 0.989028 -0.14773 0
    outer loop
      vertex 126.681 -25.9921 19.15
      vertex 126.623 -26.3804 21.55
      vertex 126.623 -26.3804 19.15
    endloop
  endfacet
  facet normal 0.903847 0.427856 0
    outer loop
      vertex 126.396 27.1307 21.55
      vertex 126.228 27.4856 19.15
      vertex 126.228 27.4856 21.55
    endloop
  endfacet
  facet normal 0.903847 0.427856 0
    outer loop
      vertex 126.228 27.4856 19.15
      vertex 126.396 27.1307 21.55
      vertex 126.396 27.1307 19.15
    endloop
  endfacet
  facet normal 0.998828 -0.0484002 0
    outer loop
      vertex 126.681 -25.9921 21.55
      vertex 126.7 -25.6 19.15
      vertex 126.7 -25.6 21.55
    endloop
  endfacet
  facet normal 0.998828 -0.0484002 0
    outer loop
      vertex 126.7 -25.6 19.15
      vertex 126.681 -25.9921 21.55
      vertex 126.681 -25.9921 19.15
    endloop
  endfacet
  facet normal 0 0 1
    outer loop
      vertex 125.8 28.1268 21.55
      vertex 126.7 25.6 21.55
      vertex 126.681 25.9921 21.55
    endloop
  endfacet
  facet normal 0 0 1
    outer loop
      vertex 126.7 25.6 21.55
      vertex 125.8 28.1268 21.55
      vertex 126.7 -25.6 21.55
    endloop
  endfacet
  facet normal 0 0 1
    outer loop
      vertex 125.8 28.1268 21.55
      vertex 126.681 25.9921 21.55
      vertex 126.623 26.3804 21.55
    endloop
  endfacet
  facet normal 0 0 1
    outer loop
      vertex 125.8 -28.1268 21.55
      vertex 126.7 -25.6 21.55
      vertex 125.8 28.1268 21.55
    endloop
  endfacet
  facet normal 0 0 1
    outer loop
      vertex 125.8 28.1268 21.55
      vertex 126.623 26.3804 21.55
      vertex 126.528 26.7611 21.55
    endloop
  endfacet
  facet normal 0 0 1
    outer loop
      vertex 126.7 -25.6 21.55
      vertex 125.8 -28.1268 21.55
      vertex 126.681 -25.9921 21.55
    endloop
  endfacet
  facet normal 0 0 1
    outer loop
      vertex 125.8 28.1268 21.55
      vertex 126.528 26.7611 21.55
      vertex 126.396 27.1307 21.55
    endloop
  endfacet
  facet normal 0 0 1
    outer loop
      vertex 126.681 -25.9921 21.55
      vertex 125.8 -28.1268 21.55
      vertex 126.623 -26.3804 21.55
    endloop
  endfacet
  facet normal 0 0 1
    outer loop
      vertex 125.8 28.1268 21.55
      vertex 126.396 27.1307 21.55
      vertex 126.228 27.4856 21.55
    endloop
  endfacet
  facet normal 0 0 1
    outer loop
      vertex 126.623 -26.3804 21.55
      vertex 125.8 -28.1268 21.55
      vertex 126.528 -26.7611 21.55
    endloop
  endfacet
  facet normal 0 0 1
    outer loop
      vertex 125.8 28.1268 21.55
      vertex 126.228 27.4856 21.55
      vertex 126.026 27.8223 21.55
    endloop
  endfacet
  facet normal 0 0 1
    outer loop
      vertex 126.528 -26.7611 21.55
      vertex 125.8 -28.1268 21.55
      vertex 126.396 -27.1307 21.55
    endloop
  endfacet
  facet normal 0 0 1
    outer loop
      vertex 126.396 -27.1307 21.55
      vertex 125.8 -28.1268 21.55
      vertex 126.228 -27.4856 21.55
    endloop
  endfacet
  facet normal 0 0 1
    outer loop
      vertex 126.228 -27.4856 21.55
      vertex 125.8 -28.1268 21.55
      vertex 126.026 -27.8223 21.55
    endloop
  endfacet
  facet normal 0 0 1
    outer loop
      vertex 121.8 28.7 21.55
      vertex 124.922 28.9259 21.55
      vertex 124.586 29.1277 21.55
    endloop
  endfacet
  facet normal 0 0 1
    outer loop
      vertex 121.8 28.7 21.55
      vertex 124.586 29.1277 21.55
      vertex 124.231 29.2955 21.55
    endloop
  endfacet
  facet normal 0 0 1
    outer loop
      vertex 121.8 28.7 21.55
      vertex 124.231 29.2955 21.55
      vertex 123.861 29.4278 21.55
    endloop
  endfacet
  facet normal 0 0 1
    outer loop
      vertex 121.8 28.7 21.55
      vertex 123.861 29.4278 21.55
      vertex 123.48 29.5231 21.55
    endloop
  endfacet
  facet normal 0 0 1
    outer loop
      vertex 121.8 28.7 21.55
      vertex 123.48 29.5231 21.55
      vertex 123.092 29.5807 21.55
    endloop
  endfacet
  facet normal 0 0 1
    outer loop
      vertex 121.8 28.7 21.55
      vertex 123.092 29.5807 21.55
      vertex 122.7 29.6 21.55
    endloop
  endfacet
  facet normal 0 0 1
    outer loop
      vertex 124.922 28.9259 21.55
      vertex 121.8 28.7 21.55
      vertex 125.227 28.7 21.55
    endloop
  endfacet
  facet normal 0 0 1
    outer loop
      vertex 122.7 29.6 21.55
      vertex -121.8 28.7 21.55
      vertex 121.8 28.7 21.55
    endloop
  endfacet
  facet normal -0 0 1
    outer loop
      vertex -122.7 29.6 21.55
      vertex -121.8 28.7 21.55
      vertex 122.7 29.6 21.55
    endloop
  endfacet
  facet normal 0 0 1
    outer loop
      vertex -122.7 29.6 21.55
      vertex -122.192 28.6807 21.55
      vertex -121.8 28.7 21.55
    endloop
  endfacet
  facet normal 0 0 1
    outer loop
      vertex -122.7 29.6 21.55
      vertex -122.58 28.6231 21.55
      vertex -122.192 28.6807 21.55
    endloop
  endfacet
  facet normal -0 0 1
    outer loop
      vertex -123.092 29.5807 21.55
      vertex -122.58 28.6231 21.55
      vertex -122.7 29.6 21.55
    endloop
  endfacet
  facet normal 0 0 1
    outer loop
      vertex -122.58 28.6231 21.55
      vertex -123.092 29.5807 21.55
      vertex -122.961 28.5278 21.55
    endloop
  endfacet
  facet normal -0 0 1
    outer loop
      vertex -123.48 29.5231 21.55
      vertex -122.961 28.5278 21.55
      vertex -123.092 29.5807 21.55
    endloop
  endfacet
  facet normal 0 0 1
    outer loop
      vertex -122.961 28.5278 21.55
      vertex -123.48 29.5231 21.55
      vertex -123.331 28.3955 21.55
    endloop
  endfacet
  facet normal -0 0 1
    outer loop
      vertex -123.861 29.4278 21.55
      vertex -123.331 28.3955 21.55
      vertex -123.48 29.5231 21.55
    endloop
  endfacet
  facet normal 0 0 1
    outer loop
      vertex -123.331 28.3955 21.55
      vertex -123.861 29.4278 21.55
      vertex -123.686 28.2277 21.55
    endloop
  endfacet
  facet normal -0 0 1
    outer loop
      vertex -124.231 29.2955 21.55
      vertex -123.686 28.2277 21.55
      vertex -123.861 29.4278 21.55
    endloop
  endfacet
  facet normal -0 0 1
    outer loop
      vertex -124.586 29.1277 21.55
      vertex -123.686 28.2277 21.55
      vertex -124.231 29.2955 21.55
    endloop
  endfacet
  facet normal 0 0 1
    outer loop
      vertex -123.686 28.2277 21.55
      vertex -124.586 29.1277 21.55
      vertex -124.022 28.0259 21.55
    endloop
  endfacet
  facet normal -0 0 1
    outer loop
      vertex -124.922 28.9259 21.55
      vertex -124.022 28.0259 21.55
      vertex -124.586 29.1277 21.55
    endloop
  endfacet
  facet normal 0 0 1
    outer loop
      vertex -124.022 28.0259 21.55
      vertex -124.922 28.9259 21.55
      vertex -124.338 27.792 21.55
    endloop
  endfacet
  facet normal -0 0 1
    outer loop
      vertex -125.238 28.692 21.55
      vertex -124.338 27.792 21.55
      vertex -124.922 28.9259 21.55
    endloop
  endfacet
  facet normal 0 0 1
    outer loop
      vertex -124.338 27.792 21.55
      vertex -125.238 28.692 21.55
      vertex -124.628 27.5284 21.55
    endloop
  endfacet
  facet normal -0 0 1
    outer loop
      vertex -125.528 28.4284 21.55
      vertex -124.628 27.5284 21.55
      vertex -125.238 28.692 21.55
    endloop
  endfacet
  facet normal -0 0 1
    outer loop
      vertex -125.792 28.1376 21.55
      vertex -124.628 27.5284 21.55
      vertex -125.528 28.4284 21.55
    endloop
  endfacet
  facet normal 0 0 1
    outer loop
      vertex -124.628 27.5284 21.55
      vertex -125.792 28.1376 21.55
      vertex -124.892 27.2376 21.55
    endloop
  endfacet
  facet normal 0 0 1
    outer loop
      vertex -125.8 27.2 21.55
      vertex -124.892 27.2376 21.55
      vertex -125.792 28.1376 21.55
    endloop
  endfacet
  facet normal 0 0 1
    outer loop
      vertex -124.892 27.2376 21.55
      vertex -125.8 27.2 21.55
      vertex -124.92 27.2 21.55
    endloop
  endfacet
  facet normal -0 0 1
    outer loop
      vertex -126.7 25.6 21.55
      vertex -125.8 5.5 21.55
      vertex -125.8 27.2 21.55
    endloop
  endfacet
  facet normal -0 0 1
    outer loop
      vertex -126.026 27.8223 21.55
      vertex -125.8 27.2 21.55
      vertex -125.792 28.1376 21.55
    endloop
  endfacet
  facet normal -0 0 1
    outer loop
      vertex -126.228 27.4856 21.55
      vertex -125.8 27.2 21.55
      vertex -126.026 27.8223 21.55
    endloop
  endfacet
  facet normal 0 0 1
    outer loop
      vertex -125.8 5.5 21.55
      vertex -126.7 25.6 21.55
      vertex -126.7 -25.6 21.55
    endloop
  endfacet
  facet normal 0 0 1
    outer loop
      vertex -126.396 27.1307 21.55
      vertex -125.8 27.2 21.55
      vertex -126.228 27.4856 21.55
    endloop
  endfacet
  facet normal 0 0 1
    outer loop
      vertex -125.8 5.5 21.55
      vertex -126.7 -25.6 21.55
      vertex -125.8 -28.1268 21.55
    endloop
  endfacet
  facet normal 0 0 1
    outer loop
      vertex -126.528 26.7611 21.55
      vertex -125.8 27.2 21.55
      vertex -126.396 27.1307 21.55
    endloop
  endfacet
  facet normal 0 0 1
    outer loop
      vertex -125.8 -28.1268 21.55
      vertex -126.7 -25.6 21.55
      vertex -126.026 -27.8223 21.55
    endloop
  endfacet
  facet normal 0 0 1
    outer loop
      vertex -126.623 26.3804 21.55
      vertex -125.8 27.2 21.55
      vertex -126.528 26.7611 21.55
    endloop
  endfacet
  facet normal 0 0 1
    outer loop
      vertex -126.026 -27.8223 21.55
      vertex -126.7 -25.6 21.55
      vertex -126.228 -27.4856 21.55
    endloop
  endfacet
  facet normal 0 0 1
    outer loop
      vertex -126.681 25.9921 21.55
      vertex -125.8 27.2 21.55
      vertex -126.623 26.3804 21.55
    endloop
  endfacet
  facet normal 0 0 1
    outer loop
      vertex -126.228 -27.4856 21.55
      vertex -126.7 -25.6 21.55
      vertex -126.396 -27.1307 21.55
    endloop
  endfacet
  facet normal 0 0 1
    outer loop
      vertex -125.8 27.2 21.55
      vertex -126.681 25.9921 21.55
      vertex -126.7 25.6 21.55
    endloop
  endfacet
  facet normal 0 0 1
    outer loop
      vertex -126.396 -27.1307 21.55
      vertex -126.7 -25.6 21.55
      vertex -126.528 -26.7611 21.55
    endloop
  endfacet
  facet normal 0 0 1
    outer loop
      vertex -126.528 -26.7611 21.55
      vertex -126.7 -25.6 21.55
      vertex -126.623 -26.3804 21.55
    endloop
  endfacet
  facet normal 0 0 1
    outer loop
      vertex -126.623 -26.3804 21.55
      vertex -126.7 -25.6 21.55
      vertex -126.681 -25.9921 21.55
    endloop
  endfacet
  facet normal -0 0 1
    outer loop
      vertex -121.8 -28.7 21.55
      vertex -113.8 -29.6 21.55
      vertex -113.8 -28.7 21.55
    endloop
  endfacet
  facet normal 0 0 1
    outer loop
      vertex -121.8 -28.7 21.55
      vertex -122.7 -29.6 21.55
      vertex -113.8 -29.6 21.55
    endloop
  endfacet
  facet normal 0 0 1
    outer loop
      vertex -121.8 -28.7 21.55
      vertex -123.092 -29.5807 21.55
      vertex -122.7 -29.6 21.55
    endloop
  endfacet
  facet normal 0 0 1
    outer loop
      vertex -121.8 -28.7 21.55
      vertex -123.48 -29.5231 21.55
      vertex -123.092 -29.5807 21.55
    endloop
  endfacet
  facet normal 0 0 1
    outer loop
      vertex -121.8 -28.7 21.55
      vertex -123.861 -29.4278 21.55
      vertex -123.48 -29.5231 21.55
    endloop
  endfacet
  facet normal 0 0 1
    outer loop
      vertex -121.8 -28.7 21.55
      vertex -124.231 -29.2955 21.55
      vertex -123.861 -29.4278 21.55
    endloop
  endfacet
  facet normal 0 0 1
    outer loop
      vertex -121.8 -28.7 21.55
      vertex -124.586 -29.1277 21.55
      vertex -124.231 -29.2955 21.55
    endloop
  endfacet
  facet normal 0 0 1
    outer loop
      vertex -121.8 -28.7 21.55
      vertex -124.922 -28.9259 21.55
      vertex -124.586 -29.1277 21.55
    endloop
  endfacet
  facet normal 0 -0 1
    outer loop
      vertex -124.922 -28.9259 21.55
      vertex -121.8 -28.7 21.55
      vertex -125.227 -28.7 21.55
    endloop
  endfacet
  facet normal -0 0 1
    outer loop
      vertex 121.8 -28.7 21.55
      vertex 124.922 -28.9259 21.55
      vertex 125.227 -28.7 21.55
    endloop
  endfacet
  facet normal 0 0 1
    outer loop
      vertex 124.922 -28.9259 21.55
      vertex 121.8 -28.7 21.55
      vertex 124.586 -29.1277 21.55
    endloop
  endfacet
  facet normal 0 0 1
    outer loop
      vertex 124.586 -29.1277 21.55
      vertex 121.8 -28.7 21.55
      vertex 124.231 -29.2955 21.55
    endloop
  endfacet
  facet normal 0 0 1
    outer loop
      vertex 124.231 -29.2955 21.55
      vertex 121.8 -28.7 21.55
      vertex 123.861 -29.4278 21.55
    endloop
  endfacet
  facet normal 0 0 1
    outer loop
      vertex 123.861 -29.4278 21.55
      vertex 121.8 -28.7 21.55
      vertex 123.48 -29.5231 21.55
    endloop
  endfacet
  facet normal 0 0 1
    outer loop
      vertex 123.48 -29.5231 21.55
      vertex 121.8 -28.7 21.55
      vertex 123.092 -29.5807 21.55
    endloop
  endfacet
  facet normal 0 0 1
    outer loop
      vertex 123.092 -29.5807 21.55
      vertex 121.8 -28.7 21.55
      vertex 122.7 -29.6 21.55
    endloop
  endfacet
  facet normal 0 0 1
    outer loop
      vertex 113.8 -29.6 21.55
      vertex 121.8 -28.7 21.55
      vertex 113.8 -28.7 21.55
    endloop
  endfacet
  facet normal 0 0 1
    outer loop
      vertex 121.8 -28.7 21.55
      vertex 113.8 -29.6 21.55
      vertex 122.7 -29.6 21.55
    endloop
  endfacet
  facet normal 0.998828 0.0484002 0
    outer loop
      vertex 126.7 25.6 21.55
      vertex 126.681 25.9921 19.15
      vertex 126.681 25.9921 21.55
    endloop
  endfacet
  facet normal 0.998828 0.0484002 0
    outer loop
      vertex 126.681 25.9921 19.15
      vertex 126.7 25.6 21.55
      vertex 126.7 25.6 19.15
    endloop
  endfacet
  facet normal -0.802996 -0.595984 0
    outer loop
      vertex -125.8 -28.1268 19.15
      vertex -126.026 -27.8223 21.55
      vertex -126.026 -27.8223 19.15
    endloop
  endfacet
  facet normal -0.802996 -0.595984 0
    outer loop
      vertex -126.026 -27.8223 21.55
      vertex -125.8 -28.1268 19.15
      vertex -125.8 -28.1268 21.55
    endloop
  endfacet
  facet normal -0.903847 -0.427856 0
    outer loop
      vertex -126.228 -27.4856 19.15
      vertex -126.396 -27.1307 21.55
      vertex -126.396 -27.1307 19.15
    endloop
  endfacet
  facet normal -0.903847 -0.427856 0
    outer loop
      vertex -126.396 -27.1307 21.55
      vertex -126.228 -27.4856 19.15
      vertex -126.228 -27.4856 21.55
    endloop
  endfacet
  facet normal -0.427342 0.90409 0
    outer loop
      vertex -124.231 29.2955 19.15
      vertex -124.586 29.1277 21.55
      vertex -124.231 29.2955 21.55
    endloop
  endfacet
  facet normal -0.427342 0.90409 0
    outer loop
      vertex -124.586 29.1277 21.55
      vertex -124.231 29.2955 19.15
      vertex -124.586 29.1277 19.15
    endloop
  endfacet
  facet normal 0 1 -0
    outer loop
      vertex 122.7 29.6 19.15
      vertex -122.7 29.6 21.55
      vertex 122.7 29.6 21.55
    endloop
  endfacet
  facet normal 0 1 0
    outer loop
      vertex -122.7 29.6 21.55
      vertex 122.7 29.6 19.15
      vertex -122.7 29.6 19.15
    endloop
  endfacet
  facet normal -0.0491751 -0.99879 0
    outer loop
      vertex -123.092 -29.5807 19.15
      vertex -122.7 -29.6 21.55
      vertex -123.092 -29.5807 21.55
    endloop
  endfacet
  facet normal -0.0491751 -0.99879 -0
    outer loop
      vertex -122.7 -29.6 21.55
      vertex -123.092 -29.5807 19.15
      vertex -122.7 -29.6 19.15
    endloop
  endfacet
  facet normal 0.802996 0.595984 0
    outer loop
      vertex 126.026 27.8223 21.55
      vertex 125.8 28.1268 19.15
      vertex 125.8 28.1268 21.55
    endloop
  endfacet
  facet normal 0.802996 0.595984 0
    outer loop
      vertex 125.8 28.1268 19.15
      vertex 126.026 27.8223 21.55
      vertex 126.026 27.8223 19.15
    endloop
  endfacet
  facet normal -0.803015 0.595958 0
    outer loop
      vertex -126.026 27.8223 19.15
      vertex -125.792 28.1376 21.55
      vertex -125.792 28.1376 19.15
    endloop
  endfacet
  facet normal -0.803015 0.595958 0
    outer loop
      vertex -125.792 28.1376 21.55
      vertex -126.026 27.8223 19.15
      vertex -126.026 27.8223 21.55
    endloop
  endfacet
  facet normal 0.970247 0.242116 0
    outer loop
      vertex 126.623 26.3804 21.55
      vertex 126.528 26.7611 19.15
      vertex 126.528 26.7611 21.55
    endloop
  endfacet
  facet normal 0.970247 0.242116 0
    outer loop
      vertex 126.528 26.7611 19.15
      vertex 126.623 26.3804 21.55
      vertex 126.623 26.3804 19.15
    endloop
  endfacet
  facet normal -0.242655 0.970113 0
    outer loop
      vertex -123.48 29.5231 19.15
      vertex -123.861 29.4278 21.55
      vertex -123.48 29.5231 21.55
    endloop
  endfacet
  facet normal -0.242655 0.970113 0
    outer loop
      vertex -123.861 29.4278 21.55
      vertex -123.48 29.5231 19.15
      vertex -123.861 29.4278 19.15
    endloop
  endfacet
  facet normal -0.595183 -0.80359 0
    outer loop
      vertex -125.227 -28.7 19.15
      vertex -124.922 -28.9259 21.55
      vertex -125.227 -28.7 21.55
    endloop
  endfacet
  facet normal -0.595183 -0.80359 -0
    outer loop
      vertex -124.922 -28.9259 21.55
      vertex -125.227 -28.7 19.15
      vertex -124.922 -28.9259 19.15
    endloop
  endfacet
  facet normal 0 0 -1
    outer loop
      vertex -126.7 -25.6 19.15
      vertex -125.8 5.5 19.15
      vertex -125.8 -28.1268 19.15
    endloop
  endfacet
  facet normal 0 0 -1
    outer loop
      vertex -126.7 -25.6 19.15
      vertex -125.8 -28.1268 19.15
      vertex -126.026 -27.8223 19.15
    endloop
  endfacet
  facet normal 0 0 -1
    outer loop
      vertex 121.8 28.7 19.15
      vertex 124.922 28.9259 19.15
      vertex 125.227 28.7 19.15
    endloop
  endfacet
  facet normal -0 0 -1
    outer loop
      vertex 124.922 28.9259 19.15
      vertex 121.8 28.7 19.15
      vertex 124.586 29.1277 19.15
    endloop
  endfacet
  facet normal -0 0 -1
    outer loop
      vertex 124.586 29.1277 19.15
      vertex 121.8 28.7 19.15
      vertex 124.231 29.2955 19.15
    endloop
  endfacet
  facet normal -0 0 -1
    outer loop
      vertex 124.231 29.2955 19.15
      vertex 121.8 28.7 19.15
      vertex 123.861 29.4278 19.15
    endloop
  endfacet
  facet normal -0 0 -1
    outer loop
      vertex 123.861 29.4278 19.15
      vertex 121.8 28.7 19.15
      vertex 123.48 29.5231 19.15
    endloop
  endfacet
  facet normal -0 0 -1
    outer loop
      vertex 123.48 29.5231 19.15
      vertex 121.8 28.7 19.15
      vertex 123.092 29.5807 19.15
    endloop
  endfacet
  facet normal -0 0 -1
    outer loop
      vertex 123.092 29.5807 19.15
      vertex 121.8 28.7 19.15
      vertex 122.7 29.6 19.15
    endloop
  endfacet
  facet normal 0 0 -1
    outer loop
      vertex -121.8 28.7 19.15
      vertex 122.7 29.6 19.15
      vertex 121.8 28.7 19.15
    endloop
  endfacet
  facet normal 0 0 -1
    outer loop
      vertex -121.8 28.7 19.15
      vertex -122.7 29.6 19.15
      vertex 122.7 29.6 19.15
    endloop
  endfacet
  facet normal 0 0 -1
    outer loop
      vertex -122.192 28.6807 19.15
      vertex -122.7 29.6 19.15
      vertex -121.8 28.7 19.15
    endloop
  endfacet
  facet normal 0 0 -1
    outer loop
      vertex -122.58 28.6231 19.15
      vertex -122.7 29.6 19.15
      vertex -122.192 28.6807 19.15
    endloop
  endfacet
  facet normal 0 0 -1
    outer loop
      vertex -123.092 29.5807 19.15
      vertex -122.58 28.6231 19.15
      vertex -122.961 28.5278 19.15
    endloop
  endfacet
  facet normal 0 0 -1
    outer loop
      vertex -122.58 28.6231 19.15
      vertex -123.092 29.5807 19.15
      vertex -122.7 29.6 19.15
    endloop
  endfacet
  facet normal 0 0 -1
    outer loop
      vertex -123.48 29.5231 19.15
      vertex -122.961 28.5278 19.15
      vertex -123.331 28.3955 19.15
    endloop
  endfacet
  facet normal 0 0 -1
    outer loop
      vertex -122.961 28.5278 19.15
      vertex -123.48 29.5231 19.15
      vertex -123.092 29.5807 19.15
    endloop
  endfacet
  facet normal 0 0 -1
    outer loop
      vertex -123.861 29.4278 19.15
      vertex -123.331 28.3955 19.15
      vertex -123.686 28.2277 19.15
    endloop
  endfacet
  facet normal 0 0 -1
    outer loop
      vertex -123.331 28.3955 19.15
      vertex -123.861 29.4278 19.15
      vertex -123.48 29.5231 19.15
    endloop
  endfacet
  facet normal 0 0 -1
    outer loop
      vertex -124.586 29.1277 19.15
      vertex -123.686 28.2277 19.15
      vertex -124.022 28.0259 19.15
    endloop
  endfacet
  facet normal 0 0 -1
    outer loop
      vertex -123.686 28.2277 19.15
      vertex -124.231 29.2955 19.15
      vertex -123.861 29.4278 19.15
    endloop
  endfacet
  facet normal 0 0 -1
    outer loop
      vertex -124.922 28.9259 19.15
      vertex -124.022 28.0259 19.15
      vertex -124.338 27.792 19.15
    endloop
  endfacet
  facet normal 0 0 -1
    outer loop
      vertex -123.686 28.2277 19.15
      vertex -124.586 29.1277 19.15
      vertex -124.231 29.2955 19.15
    endloop
  endfacet
  facet normal 0 0 -1
    outer loop
      vertex -125.238 28.692 19.15
      vertex -124.338 27.792 19.15
      vertex -124.628 27.5284 19.15
    endloop
  endfacet
  facet normal 0 0 -1
    outer loop
      vertex -125.792 28.1376 19.15
      vertex -124.628 27.5284 19.15
      vertex -124.892 27.2376 19.15
    endloop
  endfacet
  facet normal 0 0 -1
    outer loop
      vertex -125.8 27.2 19.15
      vertex -124.892 27.2376 19.15
      vertex -124.92 27.2 19.15
    endloop
  endfacet
  facet normal 0 0 -1
    outer loop
      vertex -124.022 28.0259 19.15
      vertex -124.922 28.9259 19.15
      vertex -124.586 29.1277 19.15
    endloop
  endfacet
  facet normal 0 0 -1
    outer loop
      vertex -124.338 27.792 19.15
      vertex -125.238 28.692 19.15
      vertex -124.922 28.9259 19.15
    endloop
  endfacet
  facet normal 0 0 -1
    outer loop
      vertex -124.628 27.5284 19.15
      vertex -125.528 28.4284 19.15
      vertex -125.238 28.692 19.15
    endloop
  endfacet
  facet normal 0 0 -1
    outer loop
      vertex -124.628 27.5284 19.15
      vertex -125.792 28.1376 19.15
      vertex -125.528 28.4284 19.15
    endloop
  endfacet
  facet normal -0 0 -1
    outer loop
      vertex -124.892 27.2376 19.15
      vertex -125.8 27.2 19.15
      vertex -125.792 28.1376 19.15
    endloop
  endfacet
  facet normal 0 0 -1
    outer loop
      vertex -125.8 27.2 19.15
      vertex -126.026 27.8223 19.15
      vertex -125.792 28.1376 19.15
    endloop
  endfacet
  facet normal 0 0 -1
    outer loop
      vertex -126.7 25.6 19.15
      vertex -125.8 5.5 19.15
      vertex -126.7 -25.6 19.15
    endloop
  endfacet
  facet normal 0 0 -1
    outer loop
      vertex -126.7 -25.6 19.15
      vertex -126.026 -27.8223 19.15
      vertex -126.228 -27.4856 19.15
    endloop
  endfacet
  facet normal 0 0 -1
    outer loop
      vertex -125.8 5.5 19.15
      vertex -126.7 25.6 19.15
      vertex -125.8 27.2 19.15
    endloop
  endfacet
  facet normal 0 0 -1
    outer loop
      vertex -126.7 -25.6 19.15
      vertex -126.228 -27.4856 19.15
      vertex -126.396 -27.1307 19.15
    endloop
  endfacet
  facet normal 0 -0 -1
    outer loop
      vertex -126.681 25.9921 19.15
      vertex -125.8 27.2 19.15
      vertex -126.7 25.6 19.15
    endloop
  endfacet
  facet normal 0 0 -1
    outer loop
      vertex -126.7 -25.6 19.15
      vertex -126.396 -27.1307 19.15
      vertex -126.528 -26.7611 19.15
    endloop
  endfacet
  facet normal 0 0 -1
    outer loop
      vertex -125.8 27.2 19.15
      vertex -126.228 27.4856 19.15
      vertex -126.026 27.8223 19.15
    endloop
  endfacet
  facet normal 0 0 -1
    outer loop
      vertex -126.7 -25.6 19.15
      vertex -126.528 -26.7611 19.15
      vertex -126.623 -26.3804 19.15
    endloop
  endfacet
  facet normal -0 0 -1
    outer loop
      vertex -125.8 27.2 19.15
      vertex -126.396 27.1307 19.15
      vertex -126.228 27.4856 19.15
    endloop
  endfacet
  facet normal 0 0 -1
    outer loop
      vertex -126.7 -25.6 19.15
      vertex -126.623 -26.3804 19.15
      vertex -126.681 -25.9921 19.15
    endloop
  endfacet
  facet normal 0 0 -1
    outer loop
      vertex -125.8 27.2 19.15
      vertex -126.528 26.7611 19.15
      vertex -126.396 27.1307 19.15
    endloop
  endfacet
  facet normal 0 0 -1
    outer loop
      vertex -125.8 27.2 19.15
      vertex -126.623 26.3804 19.15
      vertex -126.528 26.7611 19.15
    endloop
  endfacet
  facet normal 0 0 -1
    outer loop
      vertex -125.8 27.2 19.15
      vertex -126.681 25.9921 19.15
      vertex -126.623 26.3804 19.15
    endloop
  endfacet
  facet normal 0 0 -1
    outer loop
      vertex 125.8 -28.1268 19.15
      vertex 126.7 -25.6 19.15
      vertex 126.681 -25.9921 19.15
    endloop
  endfacet
  facet normal -0 0 -1
    outer loop
      vertex 126.7 -25.6 19.15
      vertex 125.8 -28.1268 19.15
      vertex 126.7 25.6 19.15
    endloop
  endfacet
  facet normal 0 0 -1
    outer loop
      vertex 125.8 -28.1268 19.15
      vertex 126.681 -25.9921 19.15
      vertex 126.623 -26.3804 19.15
    endloop
  endfacet
  facet normal 0 0 -1
    outer loop
      vertex 125.8 28.1268 19.15
      vertex 126.7 25.6 19.15
      vertex 125.8 -28.1268 19.15
    endloop
  endfacet
  facet normal 0 0 -1
    outer loop
      vertex 125.8 -28.1268 19.15
      vertex 126.623 -26.3804 19.15
      vertex 126.528 -26.7611 19.15
    endloop
  endfacet
  facet normal 0 0 -1
    outer loop
      vertex 126.7 25.6 19.15
      vertex 125.8 28.1268 19.15
      vertex 126.681 25.9921 19.15
    endloop
  endfacet
  facet normal 0 0 -1
    outer loop
      vertex 125.8 -28.1268 19.15
      vertex 126.528 -26.7611 19.15
      vertex 126.396 -27.1307 19.15
    endloop
  endfacet
  facet normal 0 0 -1
    outer loop
      vertex 126.681 25.9921 19.15
      vertex 125.8 28.1268 19.15
      vertex 126.623 26.3804 19.15
    endloop
  endfacet
  facet normal 0 0 -1
    outer loop
      vertex 125.8 -28.1268 19.15
      vertex 126.396 -27.1307 19.15
      vertex 126.228 -27.4856 19.15
    endloop
  endfacet
  facet normal 0 0 -1
    outer loop
      vertex 126.623 26.3804 19.15
      vertex 125.8 28.1268 19.15
      vertex 126.528 26.7611 19.15
    endloop
  endfacet
  facet normal 0 0 -1
    outer loop
      vertex 125.8 -28.1268 19.15
      vertex 126.228 -27.4856 19.15
      vertex 126.026 -27.8223 19.15
    endloop
  endfacet
  facet normal 0 0 -1
    outer loop
      vertex 126.528 26.7611 19.15
      vertex 125.8 28.1268 19.15
      vertex 126.396 27.1307 19.15
    endloop
  endfacet
  facet normal 0 0 -1
    outer loop
      vertex 126.396 27.1307 19.15
      vertex 125.8 28.1268 19.15
      vertex 126.228 27.4856 19.15
    endloop
  endfacet
  facet normal 0 0 -1
    outer loop
      vertex 126.228 27.4856 19.15
      vertex 125.8 28.1268 19.15
      vertex 126.026 27.8223 19.15
    endloop
  endfacet
  facet normal 0 0 -1
    outer loop
      vertex -113.8 -29.6 19.15
      vertex -121.8 -28.7 19.15
      vertex -113.8 -28.7 19.15
    endloop
  endfacet
  facet normal 0 0 -1
    outer loop
      vertex -122.7 -29.6 19.15
      vertex -121.8 -28.7 19.15
      vertex -113.8 -29.6 19.15
    endloop
  endfacet
  facet normal 0 0 -1
    outer loop
      vertex -123.092 -29.5807 19.15
      vertex -121.8 -28.7 19.15
      vertex -122.7 -29.6 19.15
    endloop
  endfacet
  facet normal 0 0 -1
    outer loop
      vertex -123.48 -29.5231 19.15
      vertex -121.8 -28.7 19.15
      vertex -123.092 -29.5807 19.15
    endloop
  endfacet
  facet normal 0 0 -1
    outer loop
      vertex -123.861 -29.4278 19.15
      vertex -121.8 -28.7 19.15
      vertex -123.48 -29.5231 19.15
    endloop
  endfacet
  facet normal 0 0 -1
    outer loop
      vertex -124.231 -29.2955 19.15
      vertex -121.8 -28.7 19.15
      vertex -123.861 -29.4278 19.15
    endloop
  endfacet
  facet normal 0 0 -1
    outer loop
      vertex -124.586 -29.1277 19.15
      vertex -121.8 -28.7 19.15
      vertex -124.231 -29.2955 19.15
    endloop
  endfacet
  facet normal 0 0 -1
    outer loop
      vertex -124.922 -28.9259 19.15
      vertex -121.8 -28.7 19.15
      vertex -124.586 -29.1277 19.15
    endloop
  endfacet
  facet normal -0 0 -1
    outer loop
      vertex -121.8 -28.7 19.15
      vertex -124.922 -28.9259 19.15
      vertex -125.227 -28.7 19.15
    endloop
  endfacet
  facet normal 0 0 -1
    outer loop
      vertex 121.8 -28.7 19.15
      vertex 124.922 -28.9259 19.15
      vertex 124.586 -29.1277 19.15
    endloop
  endfacet
  facet normal 0 0 -1
    outer loop
      vertex 121.8 -28.7 19.15
      vertex 124.586 -29.1277 19.15
      vertex 124.231 -29.2955 19.15
    endloop
  endfacet
  facet normal 0 0 -1
    outer loop
      vertex 121.8 -28.7 19.15
      vertex 124.231 -29.2955 19.15
      vertex 123.861 -29.4278 19.15
    endloop
  endfacet
  facet normal 0 0 -1
    outer loop
      vertex 121.8 -28.7 19.15
      vertex 123.861 -29.4278 19.15
      vertex 123.48 -29.5231 19.15
    endloop
  endfacet
  facet normal 0 0 -1
    outer loop
      vertex 121.8 -28.7 19.15
      vertex 123.48 -29.5231 19.15
      vertex 123.092 -29.5807 19.15
    endloop
  endfacet
  facet normal 0 0 -1
    outer loop
      vertex 121.8 -28.7 19.15
      vertex 123.092 -29.5807 19.15
      vertex 122.7 -29.6 19.15
    endloop
  endfacet
  facet normal 0 0 -1
    outer loop
      vertex 124.922 -28.9259 19.15
      vertex 121.8 -28.7 19.15
      vertex 125.227 -28.7 19.15
    endloop
  endfacet
  facet normal 0 0 -1
    outer loop
      vertex 113.8 -29.6 19.15
      vertex 121.8 -28.7 19.15
      vertex 122.7 -29.6 19.15
    endloop
  endfacet
  facet normal -0 0 -1
    outer loop
      vertex 121.8 -28.7 19.15
      vertex 113.8 -29.6 19.15
      vertex 113.8 -28.7 19.15
    endloop
  endfacet
  facet normal -0.998828 0.0484002 0
    outer loop
      vertex -126.7 25.6 19.15
      vertex -126.681 25.9921 21.55
      vertex -126.681 25.9921 19.15
    endloop
  endfacet
  facet normal -0.998828 0.0484002 0
    outer loop
      vertex -126.681 25.9921 21.55
      vertex -126.7 25.6 19.15
      vertex -126.7 25.6 21.55
    endloop
  endfacet
  facet normal -0.989028 0.14773 0
    outer loop
      vertex -126.681 25.9921 19.15
      vertex -126.623 26.3804 21.55
      vertex -126.623 26.3804 19.15
    endloop
  endfacet
  facet normal -0.989028 0.14773 0
    outer loop
      vertex -126.623 26.3804 21.55
      vertex -126.681 25.9921 19.15
      vertex -126.681 25.9921 21.55
    endloop
  endfacet
  facet normal -0.242655 -0.970113 0
    outer loop
      vertex -123.861 -29.4278 19.15
      vertex -123.48 -29.5231 21.55
      vertex -123.861 -29.4278 21.55
    endloop
  endfacet
  facet normal -0.242655 -0.970113 -0
    outer loop
      vertex -123.48 -29.5231 21.55
      vertex -123.861 -29.4278 19.15
      vertex -123.48 -29.5231 19.15
    endloop
  endfacet
  facet normal -0.146844 0.98916 0
    outer loop
      vertex -123.092 29.5807 19.15
      vertex -123.48 29.5231 21.55
      vertex -123.092 29.5807 21.55
    endloop
  endfacet
  facet normal -0.146844 0.98916 0
    outer loop
      vertex -123.48 29.5231 21.55
      vertex -123.092 29.5807 19.15
      vertex -123.48 29.5231 19.15
    endloop
  endfacet
  facet normal -0.989028 -0.14773 0
    outer loop
      vertex -126.623 -26.3804 19.15
      vertex -126.681 -25.9921 21.55
      vertex -126.681 -25.9921 19.15
    endloop
  endfacet
  facet normal -0.989028 -0.14773 0
    outer loop
      vertex -126.681 -25.9921 21.55
      vertex -126.623 -26.3804 19.15
      vertex -126.623 -26.3804 21.55
    endloop
  endfacet
  facet normal -0.941742 0.336336 0
    outer loop
      vertex -126.528 26.7611 19.15
      vertex -126.396 27.1307 21.55
      vertex -126.396 27.1307 19.15
    endloop
  endfacet
  facet normal -0.941742 0.336336 0
    outer loop
      vertex -126.396 27.1307 21.55
      vertex -126.528 26.7611 19.15
      vertex -126.528 26.7611 21.55
    endloop
  endfacet
  facet normal -0.970247 0.242116 0
    outer loop
      vertex -126.623 26.3804 19.15
      vertex -126.528 26.7611 21.55
      vertex -126.528 26.7611 19.15
    endloop
  endfacet
  facet normal -0.970247 0.242116 0
    outer loop
      vertex -126.528 26.7611 21.55
      vertex -126.623 26.3804 19.15
      vertex -126.623 26.3804 21.55
    endloop
  endfacet
  facet normal -0.941742 -0.336336 0
    outer loop
      vertex -126.396 -27.1307 19.15
      vertex -126.528 -26.7611 21.55
      vertex -126.528 -26.7611 19.15
    endloop
  endfacet
  facet normal -0.941742 -0.336336 0
    outer loop
      vertex -126.528 -26.7611 21.55
      vertex -126.396 -27.1307 19.15
      vertex -126.396 -27.1307 21.55
    endloop
  endfacet
  facet normal -0.970247 -0.242116 0
    outer loop
      vertex -126.528 -26.7611 19.15
      vertex -126.623 -26.3804 21.55
      vertex -126.623 -26.3804 19.15
    endloop
  endfacet
  facet normal -0.970247 -0.242116 0
    outer loop
      vertex -126.623 -26.3804 21.55
      vertex -126.528 -26.7611 19.15
      vertex -126.528 -26.7611 21.55
    endloop
  endfacet
  facet normal -0.857515 0.514458 0
    outer loop
      vertex -126.228 27.4856 19.15
      vertex -126.026 27.8223 21.55
      vertex -126.026 27.8223 19.15
    endloop
  endfacet
  facet normal -0.857515 0.514458 0
    outer loop
      vertex -126.026 27.8223 21.55
      vertex -126.228 27.4856 19.15
      vertex -126.228 27.4856 21.55
    endloop
  endfacet
  facet normal -0.336691 0.941615 0
    outer loop
      vertex -123.861 29.4278 19.15
      vertex -124.231 29.2955 21.55
      vertex -123.861 29.4278 21.55
    endloop
  endfacet
  facet normal -0.336691 0.941615 0
    outer loop
      vertex -124.231 29.2955 21.55
      vertex -123.861 29.4278 19.15
      vertex -124.231 29.2955 19.15
    endloop
  endfacet
  facet normal -0.336691 -0.941615 0
    outer loop
      vertex -124.231 -29.2955 19.15
      vertex -123.861 -29.4278 21.55
      vertex -124.231 -29.2955 21.55
    endloop
  endfacet
  facet normal -0.336691 -0.941615 -0
    outer loop
      vertex -123.861 -29.4278 21.55
      vertex -124.231 -29.2955 19.15
      vertex -123.861 -29.4278 19.15
    endloop
  endfacet
  facet normal 0.989133 0.147023 0
    outer loop
      vertex 128.766 25.3861 19.15
      vertex 128.665 26.0656 0
      vertex 128.665 26.0656 19.15
    endloop
  endfacet
  facet normal 0.989133 0.147023 0
    outer loop
      vertex 128.665 26.0656 0
      vertex 128.766 25.3861 19.15
      vertex 128.766 25.3861 0
    endloop
  endfacet
  facet normal -0.94128 0.337627 0
    outer loop
      vertex -128.499 26.732 0
      vertex -128.267 27.3788 19.15
      vertex -128.267 27.3788 0
    endloop
  endfacet
  facet normal -0.94128 0.337627 0
    outer loop
      vertex -128.267 27.3788 19.15
      vertex -128.499 26.732 0
      vertex -128.499 26.732 19.15
    endloop
  endfacet
  facet normal -0.146633 0.989191 0
    outer loop
      vertex -122.486 31.6663 0
      vertex -123.166 31.5655 19.15
      vertex -122.486 31.6663 19.15
    endloop
  endfacet
  facet normal -0.146633 0.989191 0
    outer loop
      vertex -123.166 31.5655 19.15
      vertex -122.486 31.6663 0
      vertex -123.166 31.5655 0
    endloop
  endfacet
  facet normal 0 -1 0
    outer loop
      vertex -113.8 -31.7 23.65
      vertex -38.4333 -31.7 23.75
      vertex -113.8 -31.7 23.75
    endloop
  endfacet
  facet normal 0 -1 -0
    outer loop
      vertex -38.4333 -31.7 23.75
      vertex -113.8 -31.7 23.65
      vertex -38.4333 -31.7 23.65
    endloop
  endfacet
  facet normal 0 -1 0
    outer loop
      vertex 38.4333 -31.7 23.65
      vertex 113.8 -31.7 23.75
      vertex 38.4333 -31.7 23.75
    endloop
  endfacet
  facet normal 0 -1 -0
    outer loop
      vertex 113.8 -31.7 23.75
      vertex 38.4333 -31.7 23.65
      vertex 113.8 -31.7 23.65
    endloop
  endfacet
  facet normal 0 -1 0
    outer loop
      vertex -121.8 -31.7 0
      vertex -113.8 -31.7 19.15
      vertex -121.8 -31.7 19.15
    endloop
  endfacet
  facet normal 0 -1 -0
    outer loop
      vertex -113.8 -31.7 19.15
      vertex -121.8 -31.7 0
      vertex -38.4333 -31.7 19.15
    endloop
  endfacet
  facet normal 0 -1 -0
    outer loop
      vertex -38.4333 -31.7 19.15
      vertex -121.8 -31.7 0
      vertex 38.4333 -31.7 19.15
    endloop
  endfacet
  facet normal 0 -1 0
    outer loop
      vertex 121.8 -31.7 0
      vertex 38.4333 -31.7 19.15
      vertex -121.8 -31.7 0
    endloop
  endfacet
  facet normal 0 -1 0
    outer loop
      vertex 38.4333 -31.7 19.15
      vertex 121.8 -31.7 0
      vertex 113.8 -31.7 19.15
    endloop
  endfacet
  facet normal 0 -1 0
    outer loop
      vertex 113.8 -31.7 19.15
      vertex 121.8 -31.7 0
      vertex 121.8 -31.7 19.15
    endloop
  endfacet
  facet normal 0 -1 0
    outer loop
      vertex -113.8 -31.7 19.15
      vertex -38.4333 -31.7 20.85
      vertex -113.8 -31.7 20.85
    endloop
  endfacet
  facet normal 0 -1 -0
    outer loop
      vertex -38.4333 -31.7 20.85
      vertex -113.8 -31.7 19.15
      vertex -38.4333 -31.7 19.15
    endloop
  endfacet
  facet normal 0 -1 0
    outer loop
      vertex 38.4333 -31.7 19.15
      vertex 113.8 -31.7 20.85
      vertex 38.4333 -31.7 20.85
    endloop
  endfacet
  facet normal 0 -1 -0
    outer loop
      vertex 113.8 -31.7 20.85
      vertex 38.4333 -31.7 19.15
      vertex 113.8 -31.7 19.15
    endloop
  endfacet
  facet normal 0.146633 -0.989191 0
    outer loop
      vertex 122.486 -31.6663 0
      vertex 123.166 -31.5655 19.15
      vertex 122.486 -31.6663 19.15
    endloop
  endfacet
  facet normal 0.146633 -0.989191 0
    outer loop
      vertex 123.166 -31.5655 19.15
      vertex 122.486 -31.6663 0
      vertex 123.166 -31.5655 0
    endloop
  endfacet
  facet normal 0.803377 0.595471 0
    outer loop
      vertex 127.62 28.589 19.15
      vertex 127.211 29.1408 0
      vertex 127.211 29.1408 19.15
    endloop
  endfacet
  facet normal 0.803377 0.595471 0
    outer loop
      vertex 127.211 29.1408 0
      vertex 127.62 28.589 19.15
      vertex 127.62 28.589 0
    endloop
  endfacet
  facet normal -0.0490662 0.998796 0
    outer loop
      vertex -121.8 31.7 0
      vertex -122.486 31.6663 19.15
      vertex -121.8 31.7 19.15
    endloop
  endfacet
  facet normal -0.0490662 0.998796 0
    outer loop
      vertex -122.486 31.6663 19.15
      vertex -121.8 31.7 0
      vertex -122.486 31.6663 0
    endloop
  endfacet
  facet normal -0.741125 -0.671367 0
    outer loop
      vertex -126.75 -29.6497 0
      vertex -127.211 -29.1408 19.15
      vertex -127.211 -29.1408 0
    endloop
  endfacet
  facet normal -0.741125 -0.671367 0
    outer loop
      vertex -127.211 -29.1408 19.15
      vertex -126.75 -29.6497 0
      vertex -126.75 -29.6497 19.15
    endloop
  endfacet
  facet normal 0.33676 0.94159 -0
    outer loop
      vertex 124.479 31.1672 0
      vertex 123.832 31.3986 19.15
      vertex 124.479 31.1672 19.15
    endloop
  endfacet
  facet normal 0.33676 0.94159 0
    outer loop
      vertex 123.832 31.3986 19.15
      vertex 124.479 31.1672 0
      vertex 123.832 31.3986 0
    endloop
  endfacet
  facet normal 0.59552 0.803341 -0
    outer loop
      vertex 126.241 30.1111 0
      vertex 125.689 30.5203 19.15
      vertex 126.241 30.1111 19.15
    endloop
  endfacet
  facet normal 0.59552 0.803341 0
    outer loop
      vertex 125.689 30.5203 19.15
      vertex 126.241 30.1111 0
      vertex 125.689 30.5203 0
    endloop
  endfacet
  facet normal 0.741125 0.671367 0
    outer loop
      vertex 127.211 29.1408 19.15
      vertex 126.75 29.6497 0
      vertex 126.75 29.6497 19.15
    endloop
  endfacet
  facet normal 0.741125 0.671367 0
    outer loop
      vertex 126.75 29.6497 0
      vertex 127.211 29.1408 19.15
      vertex 127.211 29.1408 0
    endloop
  endfacet
  facet normal 0.33676 -0.94159 0
    outer loop
      vertex 123.832 -31.3986 0
      vertex 124.479 -31.1672 19.15
      vertex 123.832 -31.3986 19.15
    endloop
  endfacet
  facet normal 0.33676 -0.94159 0
    outer loop
      vertex 124.479 -31.1672 19.15
      vertex 123.832 -31.3986 0
      vertex 124.479 -31.1672 0
    endloop
  endfacet
  facet normal -0.903827 0.427899 0
    outer loop
      vertex -128.267 27.3788 0
      vertex -127.973 27.9998 19.15
      vertex -127.973 27.9998 0
    endloop
  endfacet
  facet normal -0.903827 0.427899 0
    outer loop
      vertex -127.973 27.9998 19.15
      vertex -128.267 27.3788 0
      vertex -128.267 27.3788 19.15
    endloop
  endfacet
  facet normal 1 -0 0
    outer loop
      vertex 128.8 -24.7 19.15
      vertex 128.8 24.7 0
      vertex 128.8 24.7 19.15
    endloop
  endfacet
  facet normal 1 0 0
    outer loop
      vertex 128.8 24.7 0
      vertex 128.8 -24.7 19.15
      vertex 128.8 -24.7 0
    endloop
  endfacet
  facet normal -0.989133 -0.147023 0
    outer loop
      vertex -128.665 -26.0656 0
      vertex -128.766 -25.3861 19.15
      vertex -128.766 -25.3861 0
    endloop
  endfacet
  facet normal -0.989133 -0.147023 0
    outer loop
      vertex -128.766 -25.3861 19.15
      vertex -128.665 -26.0656 0
      vertex -128.665 -26.0656 19.15
    endloop
  endfacet
  facet normal -0.970348 0.241713 0
    outer loop
      vertex -128.665 26.0656 0
      vertex -128.499 26.732 19.15
      vertex -128.499 26.732 0
    endloop
  endfacet
  facet normal -0.970348 0.241713 0
    outer loop
      vertex -128.499 26.732 19.15
      vertex -128.665 26.0656 0
      vertex -128.665 26.0656 19.15
    endloop
  endfacet
  facet normal 0.146633 0.989191 -0
    outer loop
      vertex 123.166 31.5655 0
      vertex 122.486 31.6663 19.15
      vertex 123.166 31.5655 19.15
    endloop
  endfacet
  facet normal 0.146633 0.989191 0
    outer loop
      vertex 122.486 31.6663 19.15
      vertex 123.166 31.5655 0
      vertex 122.486 31.6663 0
    endloop
  endfacet
  facet normal -0.94128 -0.337627 0
    outer loop
      vertex -128.267 -27.3788 0
      vertex -128.499 -26.732 19.15
      vertex -128.499 -26.732 0
    endloop
  endfacet
  facet normal -0.94128 -0.337627 0
    outer loop
      vertex -128.499 -26.732 19.15
      vertex -128.267 -27.3788 0
      vertex -128.267 -27.3788 19.15
    endloop
  endfacet
  facet normal 0.671614 -0.740901 0
    outer loop
      vertex 126.241 -30.1111 0
      vertex 126.75 -29.6497 19.15
      vertex 126.241 -30.1111 19.15
    endloop
  endfacet
  facet normal 0.671614 -0.740901 0
    outer loop
      vertex 126.75 -29.6497 19.15
      vertex 126.241 -30.1111 0
      vertex 126.75 -29.6497 0
    endloop
  endfacet
  facet normal 0.741125 -0.671367 0
    outer loop
      vertex 126.75 -29.6497 19.15
      vertex 127.211 -29.1408 0
      vertex 127.211 -29.1408 19.15
    endloop
  endfacet
  facet normal 0.741125 -0.671367 0
    outer loop
      vertex 127.211 -29.1408 0
      vertex 126.75 -29.6497 19.15
      vertex 126.75 -29.6497 0
    endloop
  endfacet
  facet normal 0.243084 -0.970005 0
    outer loop
      vertex 123.166 -31.5655 0
      vertex 123.832 -31.3986 19.15
      vertex 123.166 -31.5655 19.15
    endloop
  endfacet
  facet normal 0.243084 -0.970005 0
    outer loop
      vertex 123.832 -31.3986 19.15
      vertex 123.166 -31.5655 0
      vertex 123.832 -31.3986 0
    endloop
  endfacet
  facet normal 0.671614 0.740901 -0
    outer loop
      vertex 126.75 29.6497 0
      vertex 126.241 30.1111 19.15
      vertex 126.75 29.6497 19.15
    endloop
  endfacet
  facet normal 0.671614 0.740901 0
    outer loop
      vertex 126.241 30.1111 19.15
      vertex 126.75 29.6497 0
      vertex 126.241 30.1111 0
    endloop
  endfacet
  facet normal 0.989133 -0.147023 0
    outer loop
      vertex 128.665 -26.0656 19.15
      vertex 128.766 -25.3861 0
      vertex 128.766 -25.3861 19.15
    endloop
  endfacet
  facet normal 0.989133 -0.147023 0
    outer loop
      vertex 128.766 -25.3861 0
      vertex 128.665 -26.0656 19.15
      vertex 128.665 -26.0656 0
    endloop
  endfacet
  facet normal -0.903827 -0.427899 0
    outer loop
      vertex -127.973 -27.9998 0
      vertex -128.267 -27.3788 19.15
      vertex -128.267 -27.3788 0
    endloop
  endfacet
  facet normal -0.903827 -0.427899 0
    outer loop
      vertex -128.267 -27.3788 19.15
      vertex -127.973 -27.9998 0
      vertex -127.973 -27.9998 19.15
    endloop
  endfacet
  facet normal 0 1 0
    outer loop
      vertex 121.8 31.7 19.15
      vertex 23.5789 31.7 17
      vertex 23.5789 31.7 19.15
    endloop
  endfacet
  facet normal 0 1 0
    outer loop
      vertex 23.5789 31.7 17
      vertex 121.8 31.7 0
      vertex -23.5789 31.7 17
    endloop
  endfacet
  facet normal 0 1 -0
    outer loop
      vertex 121.8 31.7 0
      vertex 23.5789 31.7 17
      vertex 121.8 31.7 19.15
    endloop
  endfacet
  facet normal 0 1 -0
    outer loop
      vertex -23.5789 31.7 17
      vertex -121.8 31.7 19.15
      vertex -23.5789 31.7 19.15
    endloop
  endfacet
  facet normal 0 1 0
    outer loop
      vertex -121.8 31.7 0
      vertex -23.5789 31.7 17
      vertex 121.8 31.7 0
    endloop
  endfacet
  facet normal 0 1 0
    outer loop
      vertex -23.5789 31.7 17
      vertex -121.8 31.7 0
      vertex -121.8 31.7 19.15
    endloop
  endfacet
  facet normal 0.998774 -0.0494947 0
    outer loop
      vertex 128.766 -25.3861 19.15
      vertex 128.8 -24.7 0
      vertex 128.8 -24.7 19.15
    endloop
  endfacet
  facet normal 0.998774 -0.0494947 0
    outer loop
      vertex 128.8 -24.7 0
      vertex 128.766 -25.3861 19.15
      vertex 128.766 -25.3861 0
    endloop
  endfacet
  facet normal 0.243084 0.970005 -0
    outer loop
      vertex 123.832 31.3986 0
      vertex 123.166 31.5655 19.15
      vertex 123.832 31.3986 19.15
    endloop
  endfacet
  facet normal 0.243084 0.970005 0
    outer loop
      vertex 123.166 31.5655 19.15
      vertex 123.832 31.3986 0
      vertex 123.166 31.5655 0
    endloop
  endfacet
  facet normal 0.0490662 0.998796 -0
    outer loop
      vertex 122.486 31.6663 0
      vertex 121.8 31.7 19.15
      vertex 122.486 31.6663 19.15
    endloop
  endfacet
  facet normal 0.0490662 0.998796 0
    outer loop
      vertex 121.8 31.7 19.15
      vertex 122.486 31.6663 0
      vertex 121.8 31.7 0
    endloop
  endfacet
  facet normal -0.671614 0.740901 0
    outer loop
      vertex -126.241 30.1111 0
      vertex -126.75 29.6497 19.15
      vertex -126.241 30.1111 19.15
    endloop
  endfacet
  facet normal -0.671614 0.740901 0
    outer loop
      vertex -126.75 29.6497 19.15
      vertex -126.241 30.1111 0
      vertex -126.75 29.6497 0
    endloop
  endfacet
  facet normal -0.998774 -0.0494947 0
    outer loop
      vertex -128.766 -25.3861 0
      vertex -128.8 -24.7 19.15
      vertex -128.8 -24.7 0
    endloop
  endfacet
  facet normal -0.998774 -0.0494947 0
    outer loop
      vertex -128.8 -24.7 19.15
      vertex -128.766 -25.3861 0
      vertex -128.766 -25.3861 19.15
    endloop
  endfacet
  facet normal -0.427661 -0.903939 0
    outer loop
      vertex -125.1 -30.8734 0
      vertex -124.479 -31.1672 19.15
      vertex -125.1 -30.8734 19.15
    endloop
  endfacet
  facet normal -0.427661 -0.903939 -0
    outer loop
      vertex -124.479 -31.1672 19.15
      vertex -125.1 -30.8734 0
      vertex -124.479 -31.1672 0
    endloop
  endfacet
  facet normal -1 0 0
    outer loop
      vertex -128.8 -24.7 0
      vertex -128.8 24.7 19.15
      vertex -128.8 24.7 0
    endloop
  endfacet
  facet normal -1 -0 0
    outer loop
      vertex -128.8 24.7 19.15
      vertex -128.8 -24.7 0
      vertex -128.8 -24.7 19.15
    endloop
  endfacet
  facet normal -0.146633 -0.989191 0
    outer loop
      vertex -123.166 -31.5655 0
      vertex -122.486 -31.6663 19.15
      vertex -123.166 -31.5655 19.15
    endloop
  endfacet
  facet normal -0.146633 -0.989191 -0
    outer loop
      vertex -122.486 -31.6663 19.15
      vertex -123.166 -31.5655 0
      vertex -122.486 -31.6663 0
    endloop
  endfacet
  facet normal 0.514175 0.857686 -0
    outer loop
      vertex 125.689 30.5203 0
      vertex 125.1 30.8734 19.15
      vertex 125.689 30.5203 19.15
    endloop
  endfacet
  facet normal 0.514175 0.857686 0
    outer loop
      vertex 125.1 30.8734 19.15
      vertex 125.689 30.5203 0
      vertex 125.1 30.8734 0
    endloop
  endfacet
  facet normal -0.857827 0.513939 0
    outer loop
      vertex -127.973 27.9998 0
      vertex -127.62 28.589 19.15
      vertex -127.62 28.589 0
    endloop
  endfacet
  facet normal -0.857827 0.513939 0
    outer loop
      vertex -127.62 28.589 19.15
      vertex -127.973 27.9998 0
      vertex -127.973 27.9998 19.15
    endloop
  endfacet
  facet normal 0.514175 -0.857686 0
    outer loop
      vertex 125.1 -30.8734 0
      vertex 125.689 -30.5203 19.15
      vertex 125.1 -30.8734 19.15
    endloop
  endfacet
  facet normal 0.514175 -0.857686 0
    outer loop
      vertex 125.689 -30.5203 19.15
      vertex 125.1 -30.8734 0
      vertex 125.689 -30.5203 0
    endloop
  endfacet
  facet normal -0.998774 0.0494947 0
    outer loop
      vertex -128.8 24.7 0
      vertex -128.766 25.3861 19.15
      vertex -128.766 25.3861 0
    endloop
  endfacet
  facet normal -0.998774 0.0494947 0
    outer loop
      vertex -128.766 25.3861 19.15
      vertex -128.8 24.7 0
      vertex -128.8 24.7 19.15
    endloop
  endfacet
  facet normal 0.998774 0.0494947 0
    outer loop
      vertex 128.8 24.7 19.15
      vertex 128.766 25.3861 0
      vertex 128.766 25.3861 19.15
    endloop
  endfacet
  facet normal 0.998774 0.0494947 0
    outer loop
      vertex 128.766 25.3861 0
      vertex 128.8 24.7 19.15
      vertex 128.8 24.7 0
    endloop
  endfacet
  facet normal -0.514175 -0.857686 0
    outer loop
      vertex -125.689 -30.5203 0
      vertex -125.1 -30.8734 19.15
      vertex -125.689 -30.5203 19.15
    endloop
  endfacet
  facet normal -0.514175 -0.857686 -0
    outer loop
      vertex -125.1 -30.8734 19.15
      vertex -125.689 -30.5203 0
      vertex -125.1 -30.8734 0
    endloop
  endfacet
  facet normal -0.427661 0.903939 0
    outer loop
      vertex -124.479 31.1672 0
      vertex -125.1 30.8734 19.15
      vertex -124.479 31.1672 19.15
    endloop
  endfacet
  facet normal -0.427661 0.903939 0
    outer loop
      vertex -125.1 30.8734 19.15
      vertex -124.479 31.1672 0
      vertex -125.1 30.8734 0
    endloop
  endfacet
  facet normal -0.0490662 -0.998796 0
    outer loop
      vertex -122.486 -31.6663 0
      vertex -121.8 -31.7 19.15
      vertex -122.486 -31.6663 19.15
    endloop
  endfacet
  facet normal -0.0490662 -0.998796 -0
    outer loop
      vertex -121.8 -31.7 19.15
      vertex -122.486 -31.6663 0
      vertex -121.8 -31.7 0
    endloop
  endfacet
  facet normal 0.0490662 -0.998796 0
    outer loop
      vertex 121.8 -31.7 0
      vertex 122.486 -31.6663 19.15
      vertex 121.8 -31.7 19.15
    endloop
  endfacet
  facet normal 0.0490662 -0.998796 0
    outer loop
      vertex 122.486 -31.6663 19.15
      vertex 121.8 -31.7 0
      vertex 122.486 -31.6663 0
    endloop
  endfacet
  facet normal -0.970348 -0.241713 0
    outer loop
      vertex -128.499 -26.732 0
      vertex -128.665 -26.0656 19.15
      vertex -128.665 -26.0656 0
    endloop
  endfacet
  facet normal -0.970348 -0.241713 0
    outer loop
      vertex -128.665 -26.0656 19.15
      vertex -128.499 -26.732 0
      vertex -128.499 -26.732 19.15
    endloop
  endfacet
  facet normal 0.94128 0.337627 0
    outer loop
      vertex 128.499 26.732 19.15
      vertex 128.267 27.3788 0
      vertex 128.267 27.3788 19.15
    endloop
  endfacet
  facet normal 0.94128 0.337627 0
    outer loop
      vertex 128.267 27.3788 0
      vertex 128.499 26.732 19.15
      vertex 128.499 26.732 0
    endloop
  endfacet
  facet normal 0.970348 0.241713 0
    outer loop
      vertex 128.665 26.0656 19.15
      vertex 128.499 26.732 0
      vertex 128.499 26.732 19.15
    endloop
  endfacet
  facet normal 0.970348 0.241713 0
    outer loop
      vertex 128.499 26.732 0
      vertex 128.665 26.0656 19.15
      vertex 128.665 26.0656 0
    endloop
  endfacet
  facet normal 0.427661 -0.903939 0
    outer loop
      vertex 124.479 -31.1672 0
      vertex 125.1 -30.8734 19.15
      vertex 124.479 -31.1672 19.15
    endloop
  endfacet
  facet normal 0.427661 -0.903939 0
    outer loop
      vertex 125.1 -30.8734 19.15
      vertex 124.479 -31.1672 0
      vertex 125.1 -30.8734 0
    endloop
  endfacet
  facet normal 0.970348 -0.241713 0
    outer loop
      vertex 128.499 -26.732 19.15
      vertex 128.665 -26.0656 0
      vertex 128.665 -26.0656 19.15
    endloop
  endfacet
  facet normal 0.970348 -0.241713 0
    outer loop
      vertex 128.665 -26.0656 0
      vertex 128.499 -26.732 19.15
      vertex 128.499 -26.732 0
    endloop
  endfacet
  facet normal 0.857827 0.513939 0
    outer loop
      vertex 127.973 27.9998 19.15
      vertex 127.62 28.589 0
      vertex 127.62 28.589 19.15
    endloop
  endfacet
  facet normal 0.857827 0.513939 0
    outer loop
      vertex 127.62 28.589 0
      vertex 127.973 27.9998 19.15
      vertex 127.973 27.9998 0
    endloop
  endfacet
  facet normal -0.59552 0.803341 0
    outer loop
      vertex -125.689 30.5203 0
      vertex -126.241 30.1111 19.15
      vertex -125.689 30.5203 19.15
    endloop
  endfacet
  facet normal -0.59552 0.803341 0
    outer loop
      vertex -126.241 30.1111 19.15
      vertex -125.689 30.5203 0
      vertex -126.241 30.1111 0
    endloop
  endfacet
  facet normal 0.903827 0.427899 0
    outer loop
      vertex 128.267 27.3788 19.15
      vertex 127.973 27.9998 0
      vertex 127.973 27.9998 19.15
    endloop
  endfacet
  facet normal 0.903827 0.427899 0
    outer loop
      vertex 127.973 27.9998 0
      vertex 128.267 27.3788 19.15
      vertex 128.267 27.3788 0
    endloop
  endfacet
  facet normal -0.803377 -0.595471 0
    outer loop
      vertex -127.211 -29.1408 0
      vertex -127.62 -28.589 19.15
      vertex -127.62 -28.589 0
    endloop
  endfacet
  facet normal -0.803377 -0.595471 0
    outer loop
      vertex -127.62 -28.589 19.15
      vertex -127.211 -29.1408 0
      vertex -127.211 -29.1408 19.15
    endloop
  endfacet
  facet normal -0.33676 0.94159 0
    outer loop
      vertex -123.832 31.3986 0
      vertex -124.479 31.1672 19.15
      vertex -123.832 31.3986 19.15
    endloop
  endfacet
  facet normal -0.33676 0.94159 0
    outer loop
      vertex -124.479 31.1672 19.15
      vertex -123.832 31.3986 0
      vertex -124.479 31.1672 0
    endloop
  endfacet
  facet normal 0.59552 -0.803341 0
    outer loop
      vertex 125.689 -30.5203 0
      vertex 126.241 -30.1111 19.15
      vertex 125.689 -30.5203 19.15
    endloop
  endfacet
  facet normal 0.59552 -0.803341 0
    outer loop
      vertex 126.241 -30.1111 19.15
      vertex 125.689 -30.5203 0
      vertex 126.241 -30.1111 0
    endloop
  endfacet
  facet normal -0.857827 -0.513939 0
    outer loop
      vertex -127.62 -28.589 0
      vertex -127.973 -27.9998 19.15
      vertex -127.973 -27.9998 0
    endloop
  endfacet
  facet normal -0.857827 -0.513939 0
    outer loop
      vertex -127.973 -27.9998 19.15
      vertex -127.62 -28.589 0
      vertex -127.62 -28.589 19.15
    endloop
  endfacet
  facet normal 0.857827 -0.513939 0
    outer loop
      vertex 127.62 -28.589 19.15
      vertex 127.973 -27.9998 0
      vertex 127.973 -27.9998 19.15
    endloop
  endfacet
  facet normal 0.857827 -0.513939 0
    outer loop
      vertex 127.973 -27.9998 0
      vertex 127.62 -28.589 19.15
      vertex 127.62 -28.589 0
    endloop
  endfacet
  facet normal -0.741125 0.671367 0
    outer loop
      vertex -127.211 29.1408 0
      vertex -126.75 29.6497 19.15
      vertex -126.75 29.6497 0
    endloop
  endfacet
  facet normal -0.741125 0.671367 0
    outer loop
      vertex -126.75 29.6497 19.15
      vertex -127.211 29.1408 0
      vertex -127.211 29.1408 19.15
    endloop
  endfacet
  facet normal 0.427661 0.903939 -0
    outer loop
      vertex 125.1 30.8734 0
      vertex 124.479 31.1672 19.15
      vertex 125.1 30.8734 19.15
    endloop
  endfacet
  facet normal 0.427661 0.903939 0
    outer loop
      vertex 124.479 31.1672 19.15
      vertex 125.1 30.8734 0
      vertex 124.479 31.1672 0
    endloop
  endfacet
  facet normal -0.671614 -0.740901 0
    outer loop
      vertex -126.75 -29.6497 0
      vertex -126.241 -30.1111 19.15
      vertex -126.75 -29.6497 19.15
    endloop
  endfacet
  facet normal -0.671614 -0.740901 -0
    outer loop
      vertex -126.241 -30.1111 19.15
      vertex -126.75 -29.6497 0
      vertex -126.241 -30.1111 0
    endloop
  endfacet
  facet normal -0.989133 0.147023 0
    outer loop
      vertex -128.766 25.3861 0
      vertex -128.665 26.0656 19.15
      vertex -128.665 26.0656 0
    endloop
  endfacet
  facet normal -0.989133 0.147023 0
    outer loop
      vertex -128.665 26.0656 19.15
      vertex -128.766 25.3861 0
      vertex -128.766 25.3861 19.15
    endloop
  endfacet
  facet normal -0.59552 -0.803341 0
    outer loop
      vertex -126.241 -30.1111 0
      vertex -125.689 -30.5203 19.15
      vertex -126.241 -30.1111 19.15
    endloop
  endfacet
  facet normal -0.59552 -0.803341 -0
    outer loop
      vertex -125.689 -30.5203 19.15
      vertex -126.241 -30.1111 0
      vertex -125.689 -30.5203 0
    endloop
  endfacet
  facet normal 0.903827 -0.427899 0
    outer loop
      vertex 127.973 -27.9998 19.15
      vertex 128.267 -27.3788 0
      vertex 128.267 -27.3788 19.15
    endloop
  endfacet
  facet normal 0.903827 -0.427899 0
    outer loop
      vertex 128.267 -27.3788 0
      vertex 127.973 -27.9998 19.15
      vertex 127.973 -27.9998 0
    endloop
  endfacet
  facet normal -0.243084 -0.970005 0
    outer loop
      vertex -123.832 -31.3986 0
      vertex -123.166 -31.5655 19.15
      vertex -123.832 -31.3986 19.15
    endloop
  endfacet
  facet normal -0.243084 -0.970005 -0
    outer loop
      vertex -123.166 -31.5655 19.15
      vertex -123.832 -31.3986 0
      vertex -123.166 -31.5655 0
    endloop
  endfacet
  facet normal -0.803377 0.595471 0
    outer loop
      vertex -127.62 28.589 0
      vertex -127.211 29.1408 19.15
      vertex -127.211 29.1408 0
    endloop
  endfacet
  facet normal -0.803377 0.595471 0
    outer loop
      vertex -127.211 29.1408 19.15
      vertex -127.62 28.589 0
      vertex -127.62 28.589 19.15
    endloop
  endfacet
  facet normal 0.803377 -0.595471 0
    outer loop
      vertex 127.211 -29.1408 19.15
      vertex 127.62 -28.589 0
      vertex 127.62 -28.589 19.15
    endloop
  endfacet
  facet normal 0.803377 -0.595471 0
    outer loop
      vertex 127.62 -28.589 0
      vertex 127.211 -29.1408 19.15
      vertex 127.211 -29.1408 0
    endloop
  endfacet
  facet normal 0.94128 -0.337627 0
    outer loop
      vertex 128.267 -27.3788 19.15
      vertex 128.499 -26.732 0
      vertex 128.499 -26.732 19.15
    endloop
  endfacet
  facet normal 0.94128 -0.337627 0
    outer loop
      vertex 128.499 -26.732 0
      vertex 128.267 -27.3788 19.15
      vertex 128.267 -27.3788 0
    endloop
  endfacet
  facet normal -0.33676 -0.94159 0
    outer loop
      vertex -124.479 -31.1672 0
      vertex -123.832 -31.3986 19.15
      vertex -124.479 -31.1672 19.15
    endloop
  endfacet
  facet normal -0.33676 -0.94159 -0
    outer loop
      vertex -123.832 -31.3986 19.15
      vertex -124.479 -31.1672 0
      vertex -123.832 -31.3986 0
    endloop
  endfacet
  facet normal -0.243084 0.970005 0
    outer loop
      vertex -123.166 31.5655 0
      vertex -123.832 31.3986 19.15
      vertex -123.166 31.5655 19.15
    endloop
  endfacet
  facet normal -0.243084 0.970005 0
    outer loop
      vertex -123.832 31.3986 19.15
      vertex -123.166 31.5655 0
      vertex -123.832 31.3986 0
    endloop
  endfacet
  facet normal -0.514175 0.857686 0
    outer loop
      vertex -125.1 30.8734 0
      vertex -125.689 30.5203 19.15
      vertex -125.1 30.8734 19.15
    endloop
  endfacet
  facet normal -0.514175 0.857686 0
    outer loop
      vertex -125.689 30.5203 19.15
      vertex -125.1 30.8734 0
      vertex -125.689 30.5203 0
    endloop
  endfacet
  facet normal 0 0 1
    outer loop
      vertex 125.8 28.7 19.15
      vertex 128.8 24.7 19.15
      vertex 128.766 25.3861 19.15
    endloop
  endfacet
  facet normal 0 0 1
    outer loop
      vertex 128.8 24.7 19.15
      vertex 125.8 28.7 19.15
      vertex 128.8 -24.7 19.15
    endloop
  endfacet
  facet normal 0 0 1
    outer loop
      vertex 125.8 28.7 19.15
      vertex 128.766 25.3861 19.15
      vertex 128.665 26.0656 19.15
    endloop
  endfacet
  facet normal 0 0 1
    outer loop
      vertex 125.8 -28.7 19.15
      vertex 128.8 -24.7 19.15
      vertex 125.8 28.7 19.15
    endloop
  endfacet
  facet normal 0 0 1
    outer loop
      vertex 125.8 28.7 19.15
      vertex 128.665 26.0656 19.15
      vertex 128.499 26.732 19.15
    endloop
  endfacet
  facet normal 0 0 1
    outer loop
      vertex 128.8 -24.7 19.15
      vertex 125.8 -28.7 19.15
      vertex 128.766 -25.3861 19.15
    endloop
  endfacet
  facet normal 0 0 1
    outer loop
      vertex 125.8 28.7 19.15
      vertex 128.499 26.732 19.15
      vertex 128.267 27.3788 19.15
    endloop
  endfacet
  facet normal 0 0 1
    outer loop
      vertex 128.766 -25.3861 19.15
      vertex 125.8 -28.7 19.15
      vertex 128.665 -26.0656 19.15
    endloop
  endfacet
  facet normal 0 0 1
    outer loop
      vertex 125.8 28.7 19.15
      vertex 128.267 27.3788 19.15
      vertex 127.973 27.9998 19.15
    endloop
  endfacet
  facet normal 0 0 1
    outer loop
      vertex 128.665 -26.0656 19.15
      vertex 125.8 -28.7 19.15
      vertex 128.499 -26.732 19.15
    endloop
  endfacet
  facet normal 0 0 1
    outer loop
      vertex 125.8 28.7 19.15
      vertex 127.973 27.9998 19.15
      vertex 127.62 28.589 19.15
    endloop
  endfacet
  facet normal 0 0 1
    outer loop
      vertex 128.499 -26.732 19.15
      vertex 125.8 -28.7 19.15
      vertex 128.267 -27.3788 19.15
    endloop
  endfacet
  facet normal -0 0 1
    outer loop
      vertex 125.8 28.7 19.15
      vertex 127.62 28.589 19.15
      vertex 127.211 29.1408 19.15
    endloop
  endfacet
  facet normal 0 0 1
    outer loop
      vertex 128.267 -27.3788 19.15
      vertex 125.8 -28.7 19.15
      vertex 127.973 -27.9998 19.15
    endloop
  endfacet
  facet normal 0 0 1
    outer loop
      vertex 125.8 28.7 19.15
      vertex 127.211 29.1408 19.15
      vertex 126.75 29.6497 19.15
    endloop
  endfacet
  facet normal 0 0 1
    outer loop
      vertex 127.973 -27.9998 19.15
      vertex 125.8 -28.7 19.15
      vertex 127.62 -28.589 19.15
    endloop
  endfacet
  facet normal 0 0 1
    outer loop
      vertex 125.8 28.7 19.15
      vertex 126.75 29.6497 19.15
      vertex 126.241 30.1111 19.15
    endloop
  endfacet
  facet normal 0 0 1
    outer loop
      vertex 127.62 -28.589 19.15
      vertex 125.8 -28.7 19.15
      vertex 127.211 -29.1408 19.15
    endloop
  endfacet
  facet normal 0 0 1
    outer loop
      vertex 127.211 -29.1408 19.15
      vertex 125.8 -28.7 19.15
      vertex 126.75 -29.6497 19.15
    endloop
  endfacet
  facet normal 0 0 1
    outer loop
      vertex 125.689 30.5203 19.15
      vertex 125.8 28.7 19.15
      vertex 126.241 30.1111 19.15
    endloop
  endfacet
  facet normal 0 0 1
    outer loop
      vertex 125.1 30.8734 19.15
      vertex 125.8 28.7 19.15
      vertex 125.689 30.5203 19.15
    endloop
  endfacet
  facet normal 0 0 1
    outer loop
      vertex 124.479 31.1672 19.15
      vertex 125.8 28.7 19.15
      vertex 125.1 30.8734 19.15
    endloop
  endfacet
  facet normal 0 0 1
    outer loop
      vertex 121.8 28.7 19.15
      vertex 124.479 31.1672 19.15
      vertex 123.832 31.3986 19.15
    endloop
  endfacet
  facet normal 0 0 1
    outer loop
      vertex 121.8 28.7 19.15
      vertex 123.832 31.3986 19.15
      vertex 123.166 31.5655 19.15
    endloop
  endfacet
  facet normal 0 0 1
    outer loop
      vertex 121.8 28.7 19.15
      vertex 123.166 31.5655 19.15
      vertex 122.486 31.6663 19.15
    endloop
  endfacet
  facet normal 0 0 1
    outer loop
      vertex 124.479 31.1672 19.15
      vertex 121.8 28.7 19.15
      vertex 125.8 28.7 19.15
    endloop
  endfacet
  facet normal 0 0 1
    outer loop
      vertex 121.8 28.7 19.15
      vertex 122.486 31.6663 19.15
      vertex 121.8 31.7 19.15
    endloop
  endfacet
  facet normal -0 0 1
    outer loop
      vertex 23.5789 31.7 19.15
      vertex 121.8 28.7 19.15
      vertex 121.8 31.7 19.15
    endloop
  endfacet
  facet normal -0 0 1
    outer loop
      vertex 23.4882 31.6178 19.15
      vertex 121.8 28.7 19.15
      vertex 23.5789 31.7 19.15
    endloop
  endfacet
  facet normal -0 0 1
    outer loop
      vertex 23.3778 31.5359 19.15
      vertex 121.8 28.7 19.15
      vertex 23.4882 31.6178 19.15
    endloop
  endfacet
  facet normal -0 0 1
    outer loop
      vertex 23.26 31.4653 19.15
      vertex 121.8 28.7 19.15
      vertex 23.3778 31.5359 19.15
    endloop
  endfacet
  facet normal -0 0 1
    outer loop
      vertex 23.1358 31.4066 19.15
      vertex 121.8 28.7 19.15
      vertex 23.26 31.4653 19.15
    endloop
  endfacet
  facet normal -0 0 1
    outer loop
      vertex 23.0064 31.3603 19.15
      vertex 121.8 28.7 19.15
      vertex 23.1358 31.4066 19.15
    endloop
  endfacet
  facet normal -0 0 1
    outer loop
      vertex 22.8731 31.3269 19.15
      vertex 121.8 28.7 19.15
      vertex 23.0064 31.3603 19.15
    endloop
  endfacet
  facet normal -0 0 1
    outer loop
      vertex 22.7372 31.3067 19.15
      vertex 121.8 28.7 19.15
      vertex 22.8731 31.3269 19.15
    endloop
  endfacet
  facet normal -0 0 1
    outer loop
      vertex 22.6 31.3 19.15
      vertex 121.8 28.7 19.15
      vertex 22.7372 31.3067 19.15
    endloop
  endfacet
  facet normal -0 0 1
    outer loop
      vertex -22.6 31.3 19.15
      vertex 121.8 28.7 19.15
      vertex 22.6 31.3 19.15
    endloop
  endfacet
  facet normal 0 0 1
    outer loop
      vertex -121.8 28.7 19.15
      vertex -23.5789 31.7 19.15
      vertex -121.8 31.7 19.15
    endloop
  endfacet
  facet normal 0 0 1
    outer loop
      vertex -23.5789 31.7 19.15
      vertex -121.8 28.7 19.15
      vertex -23.4882 31.6178 19.15
    endloop
  endfacet
  facet normal 0 0 1
    outer loop
      vertex -23.4882 31.6178 19.15
      vertex -121.8 28.7 19.15
      vertex -23.3778 31.5359 19.15
    endloop
  endfacet
  facet normal 0 0 1
    outer loop
      vertex -23.3778 31.5359 19.15
      vertex -121.8 28.7 19.15
      vertex -23.26 31.4653 19.15
    endloop
  endfacet
  facet normal 0 0 1
    outer loop
      vertex -23.26 31.4653 19.15
      vertex -121.8 28.7 19.15
      vertex -23.1358 31.4066 19.15
    endloop
  endfacet
  facet normal 0 0 1
    outer loop
      vertex -23.1358 31.4066 19.15
      vertex -121.8 28.7 19.15
      vertex -23.0064 31.3603 19.15
    endloop
  endfacet
  facet normal 0 0 1
    outer loop
      vertex -23.0064 31.3603 19.15
      vertex -121.8 28.7 19.15
      vertex -22.8731 31.3269 19.15
    endloop
  endfacet
  facet normal 0 0 1
    outer loop
      vertex -22.8731 31.3269 19.15
      vertex -121.8 28.7 19.15
      vertex -22.7372 31.3067 19.15
    endloop
  endfacet
  facet normal 0 0 1
    outer loop
      vertex -22.7372 31.3067 19.15
      vertex -121.8 28.7 19.15
      vertex -22.6 31.3 19.15
    endloop
  endfacet
  facet normal 0 0 1
    outer loop
      vertex -22.6 31.3 19.15
      vertex -121.8 28.7 19.15
      vertex 121.8 28.7 19.15
    endloop
  endfacet
  facet normal 0 0 1
    outer loop
      vertex -121.8 31.7 19.15
      vertex -122.192 28.6807 19.15
      vertex -121.8 28.7 19.15
    endloop
  endfacet
  facet normal -0 0 1
    outer loop
      vertex -122.486 31.6663 19.15
      vertex -122.192 28.6807 19.15
      vertex -121.8 31.7 19.15
    endloop
  endfacet
  facet normal 0 0 1
    outer loop
      vertex -122.486 31.6663 19.15
      vertex -122.58 28.6231 19.15
      vertex -122.192 28.6807 19.15
    endloop
  endfacet
  facet normal -0 0 1
    outer loop
      vertex -123.166 31.5655 19.15
      vertex -122.58 28.6231 19.15
      vertex -122.486 31.6663 19.15
    endloop
  endfacet
  facet normal 0 0 1
    outer loop
      vertex -122.58 28.6231 19.15
      vertex -123.166 31.5655 19.15
      vertex -122.961 28.5278 19.15
    endloop
  endfacet
  facet normal -0 0 1
    outer loop
      vertex -123.832 31.3986 19.15
      vertex -122.961 28.5278 19.15
      vertex -123.166 31.5655 19.15
    endloop
  endfacet
  facet normal 0 0 1
    outer loop
      vertex -122.961 28.5278 19.15
      vertex -123.832 31.3986 19.15
      vertex -123.331 28.3955 19.15
    endloop
  endfacet
  facet normal -0 0 1
    outer loop
      vertex -124.479 31.1672 19.15
      vertex -123.331 28.3955 19.15
      vertex -123.832 31.3986 19.15
    endloop
  endfacet
  facet normal 0 0 1
    outer loop
      vertex -123.331 28.3955 19.15
      vertex -124.479 31.1672 19.15
      vertex -123.686 28.2277 19.15
    endloop
  endfacet
  facet normal -0 0 1
    outer loop
      vertex -125.1 30.8734 19.15
      vertex -123.686 28.2277 19.15
      vertex -124.479 31.1672 19.15
    endloop
  endfacet
  facet normal 0 0 1
    outer loop
      vertex -123.686 28.2277 19.15
      vertex -125.1 30.8734 19.15
      vertex -124.022 28.0259 19.15
    endloop
  endfacet
  facet normal -0 0 1
    outer loop
      vertex -125.689 30.5203 19.15
      vertex -124.022 28.0259 19.15
      vertex -125.1 30.8734 19.15
    endloop
  endfacet
  facet normal 0 0 1
    outer loop
      vertex -124.022 28.0259 19.15
      vertex -125.689 30.5203 19.15
      vertex -124.338 27.792 19.15
    endloop
  endfacet
  facet normal -0 0 1
    outer loop
      vertex -126.241 30.1111 19.15
      vertex -124.338 27.792 19.15
      vertex -125.689 30.5203 19.15
    endloop
  endfacet
  facet normal 0 0 1
    outer loop
      vertex -124.338 27.792 19.15
      vertex -126.241 30.1111 19.15
      vertex -124.628 27.5284 19.15
    endloop
  endfacet
  facet normal -0 0 1
    outer loop
      vertex -126.75 29.6497 19.15
      vertex -124.628 27.5284 19.15
      vertex -126.241 30.1111 19.15
    endloop
  endfacet
  facet normal 0 0 1
    outer loop
      vertex -124.628 27.5284 19.15
      vertex -125.8 27.2 19.15
      vertex -124.892 27.2376 19.15
    endloop
  endfacet
  facet normal -0 0 1
    outer loop
      vertex -128.8 24.7 19.15
      vertex -125.8 5.5 19.15
      vertex -125.8 27.2 19.15
    endloop
  endfacet
  facet normal 0 0 1
    outer loop
      vertex -124.628 27.5284 19.15
      vertex -126.75 29.6497 19.15
      vertex -125.8 27.2 19.15
    endloop
  endfacet
  facet normal 0 0 1
    outer loop
      vertex -124.892 27.2376 19.15
      vertex -125.8 27.2 19.15
      vertex -124.92 27.2 19.15
    endloop
  endfacet
  facet normal 0 0 1
    outer loop
      vertex 126.75 -29.6497 19.15
      vertex 125.8 -28.7 19.15
      vertex 126.241 -30.1111 19.15
    endloop
  endfacet
  facet normal 0 0 1
    outer loop
      vertex 125.8 -28.7 19.15
      vertex 125.689 -30.5203 19.15
      vertex 126.241 -30.1111 19.15
    endloop
  endfacet
  facet normal 0 0 1
    outer loop
      vertex 125.8 -28.7 19.15
      vertex 125.1 -30.8734 19.15
      vertex 125.689 -30.5203 19.15
    endloop
  endfacet
  facet normal 0 0 1
    outer loop
      vertex 125.8 -28.7 19.15
      vertex 124.479 -31.1672 19.15
      vertex 125.1 -30.8734 19.15
    endloop
  endfacet
  facet normal -0 0 1
    outer loop
      vertex 121.8 -28.7 19.15
      vertex 124.479 -31.1672 19.15
      vertex 125.8 -28.7 19.15
    endloop
  endfacet
  facet normal 0 0 1
    outer loop
      vertex 124.479 -31.1672 19.15
      vertex 121.8 -28.7 19.15
      vertex 123.832 -31.3986 19.15
    endloop
  endfacet
  facet normal 0 0 1
    outer loop
      vertex 123.832 -31.3986 19.15
      vertex 121.8 -28.7 19.15
      vertex 123.166 -31.5655 19.15
    endloop
  endfacet
  facet normal 0 0 1
    outer loop
      vertex 123.166 -31.5655 19.15
      vertex 121.8 -28.7 19.15
      vertex 122.486 -31.6663 19.15
    endloop
  endfacet
  facet normal 0 0 1
    outer loop
      vertex 121.8 -28.7 19.15
      vertex 121.8 -31.7 19.15
      vertex 122.486 -31.6663 19.15
    endloop
  endfacet
  facet normal -0 0 1
    outer loop
      vertex 113.8 -28.7 19.15
      vertex 121.8 -31.7 19.15
      vertex 121.8 -28.7 19.15
    endloop
  endfacet
  facet normal 0 0 1
    outer loop
      vertex 121.8 -31.7 19.15
      vertex 113.8 -28.7 19.15
      vertex 113.8 -31.7 19.15
    endloop
  endfacet
  facet normal -0 0 1
    outer loop
      vertex -121.8 -28.7 19.15
      vertex -113.8 -31.7 19.15
      vertex -113.8 -28.7 19.15
    endloop
  endfacet
  facet normal 0 0 1
    outer loop
      vertex -121.8 -28.7 19.15
      vertex -121.8 -31.7 19.15
      vertex -113.8 -31.7 19.15
    endloop
  endfacet
  facet normal 0 0 1
    outer loop
      vertex -121.8 -28.7 19.15
      vertex -122.486 -31.6663 19.15
      vertex -121.8 -31.7 19.15
    endloop
  endfacet
  facet normal 0 0 1
    outer loop
      vertex -121.8 -28.7 19.15
      vertex -123.166 -31.5655 19.15
      vertex -122.486 -31.6663 19.15
    endloop
  endfacet
  facet normal 0 0 1
    outer loop
      vertex -121.8 -28.7 19.15
      vertex -123.832 -31.3986 19.15
      vertex -123.166 -31.5655 19.15
    endloop
  endfacet
  facet normal 0 0 1
    outer loop
      vertex -121.8 -28.7 19.15
      vertex -124.479 -31.1672 19.15
      vertex -123.832 -31.3986 19.15
    endloop
  endfacet
  facet normal -0 0 1
    outer loop
      vertex -125.8 -28.7 19.15
      vertex -124.479 -31.1672 19.15
      vertex -121.8 -28.7 19.15
    endloop
  endfacet
  facet normal 0 0 1
    outer loop
      vertex -124.479 -31.1672 19.15
      vertex -125.8 -28.7 19.15
      vertex -125.1 -30.8734 19.15
    endloop
  endfacet
  facet normal 0 0 1
    outer loop
      vertex -125.1 -30.8734 19.15
      vertex -125.8 -28.7 19.15
      vertex -125.689 -30.5203 19.15
    endloop
  endfacet
  facet normal 0 0 1
    outer loop
      vertex -125.8 -28.7 19.15
      vertex -126.241 -30.1111 19.15
      vertex -125.689 -30.5203 19.15
    endloop
  endfacet
  facet normal 0 0 1
    outer loop
      vertex -125.8 5.5 19.15
      vertex -128.8 24.7 19.15
      vertex -128.8 -24.7 19.15
    endloop
  endfacet
  facet normal -0 0 1
    outer loop
      vertex -127.211 29.1408 19.15
      vertex -125.8 27.2 19.15
      vertex -126.75 29.6497 19.15
    endloop
  endfacet
  facet normal 0 0 1
    outer loop
      vertex -125.8 5.5 19.15
      vertex -128.8 -24.7 19.15
      vertex -125.8 -28.7 19.15
    endloop
  endfacet
  facet normal -0 0 1
    outer loop
      vertex -127.62 28.589 19.15
      vertex -125.8 27.2 19.15
      vertex -127.211 29.1408 19.15
    endloop
  endfacet
  facet normal -0 -0 1
    outer loop
      vertex -128.766 -25.3861 19.15
      vertex -125.8 -28.7 19.15
      vertex -128.8 -24.7 19.15
    endloop
  endfacet
  facet normal -0 0 1
    outer loop
      vertex -127.973 27.9998 19.15
      vertex -125.8 27.2 19.15
      vertex -127.62 28.589 19.15
    endloop
  endfacet
  facet normal 0 0 1
    outer loop
      vertex -125.8 -28.7 19.15
      vertex -126.75 -29.6497 19.15
      vertex -126.241 -30.1111 19.15
    endloop
  endfacet
  facet normal -0 0 1
    outer loop
      vertex -128.267 27.3788 19.15
      vertex -125.8 27.2 19.15
      vertex -127.973 27.9998 19.15
    endloop
  endfacet
  facet normal 0 0 1
    outer loop
      vertex -125.8 -28.7 19.15
      vertex -127.211 -29.1408 19.15
      vertex -126.75 -29.6497 19.15
    endloop
  endfacet
  facet normal 0 0 1
    outer loop
      vertex -128.499 26.732 19.15
      vertex -125.8 27.2 19.15
      vertex -128.267 27.3788 19.15
    endloop
  endfacet
  facet normal 0 0 1
    outer loop
      vertex -125.8 -28.7 19.15
      vertex -127.62 -28.589 19.15
      vertex -127.211 -29.1408 19.15
    endloop
  endfacet
  facet normal 0 0 1
    outer loop
      vertex -128.665 26.0656 19.15
      vertex -125.8 27.2 19.15
      vertex -128.499 26.732 19.15
    endloop
  endfacet
  facet normal 0 0 1
    outer loop
      vertex -125.8 -28.7 19.15
      vertex -127.973 -27.9998 19.15
      vertex -127.62 -28.589 19.15
    endloop
  endfacet
  facet normal 0 0 1
    outer loop
      vertex -128.766 25.3861 19.15
      vertex -125.8 27.2 19.15
      vertex -128.665 26.0656 19.15
    endloop
  endfacet
  facet normal 0 0 1
    outer loop
      vertex -125.8 -28.7 19.15
      vertex -128.267 -27.3788 19.15
      vertex -127.973 -27.9998 19.15
    endloop
  endfacet
  facet normal 0 0 1
    outer loop
      vertex -125.8 27.2 19.15
      vertex -128.766 25.3861 19.15
      vertex -128.8 24.7 19.15
    endloop
  endfacet
  facet normal 0 0 1
    outer loop
      vertex -125.8 -28.7 19.15
      vertex -128.499 -26.732 19.15
      vertex -128.267 -27.3788 19.15
    endloop
  endfacet
  facet normal 0 0 1
    outer loop
      vertex -125.8 -28.7 19.15
      vertex -128.665 -26.0656 19.15
      vertex -128.499 -26.732 19.15
    endloop
  endfacet
  facet normal 0 0 1
    outer loop
      vertex -125.8 -28.7 19.15
      vertex -128.766 -25.3861 19.15
      vertex -128.665 -26.0656 19.15
    endloop
  endfacet
  facet normal -0 0 1
    outer loop
      vertex -38.4333 -28.7 19.15
      vertex 38.4333 -31.7 19.15
      vertex 38.4333 -28.7 19.15
    endloop
  endfacet
  facet normal 0 0 1
    outer loop
      vertex 38.4333 -31.7 19.15
      vertex -38.4333 -28.7 19.15
      vertex -38.4333 -31.7 19.15
    endloop
  endfacet
  facet normal 0 0 -1
    outer loop
      vertex 121.8 -31.7 0
      vertex 128.8 -24.7 0
      vertex 128.766 -25.3861 0
    endloop
  endfacet
  facet normal -0 0 -1
    outer loop
      vertex 128.8 -24.7 0
      vertex 121.8 -31.7 0
      vertex 128.8 24.7 0
    endloop
  endfacet
  facet normal 0 0 -1
    outer loop
      vertex 121.8 -31.7 0
      vertex 128.766 -25.3861 0
      vertex 128.665 -26.0656 0
    endloop
  endfacet
  facet normal 0 0 -1
    outer loop
      vertex 121.8 31.7 0
      vertex 128.8 24.7 0
      vertex 121.8 -31.7 0
    endloop
  endfacet
  facet normal 0 0 -1
    outer loop
      vertex 121.8 -31.7 0
      vertex 128.665 -26.0656 0
      vertex 128.499 -26.732 0
    endloop
  endfacet
  facet normal 0 0 -1
    outer loop
      vertex 128.8 24.7 0
      vertex 121.8 31.7 0
      vertex 128.766 25.3861 0
    endloop
  endfacet
  facet normal 0 0 -1
    outer loop
      vertex 121.8 -31.7 0
      vertex 128.499 -26.732 0
      vertex 128.267 -27.3788 0
    endloop
  endfacet
  facet normal 0 0 -1
    outer loop
      vertex 128.766 25.3861 0
      vertex 121.8 31.7 0
      vertex 128.665 26.0656 0
    endloop
  endfacet
  facet normal 0 0 -1
    outer loop
      vertex 121.8 -31.7 0
      vertex 128.267 -27.3788 0
      vertex 127.973 -27.9998 0
    endloop
  endfacet
  facet normal 0 0 -1
    outer loop
      vertex 128.665 26.0656 0
      vertex 121.8 31.7 0
      vertex 128.499 26.732 0
    endloop
  endfacet
  facet normal 0 0 -1
    outer loop
      vertex 121.8 -31.7 0
      vertex 127.973 -27.9998 0
      vertex 127.62 -28.589 0
    endloop
  endfacet
  facet normal 0 0 -1
    outer loop
      vertex 128.499 26.732 0
      vertex 121.8 31.7 0
      vertex 128.267 27.3788 0
    endloop
  endfacet
  facet normal 0 0 -1
    outer loop
      vertex 121.8 -31.7 0
      vertex 127.62 -28.589 0
      vertex 127.211 -29.1408 0
    endloop
  endfacet
  facet normal 0 0 -1
    outer loop
      vertex 128.267 27.3788 0
      vertex 121.8 31.7 0
      vertex 127.973 27.9998 0
    endloop
  endfacet
  facet normal 0 0 -1
    outer loop
      vertex 121.8 -31.7 0
      vertex 127.211 -29.1408 0
      vertex 126.75 -29.6497 0
    endloop
  endfacet
  facet normal 0 0 -1
    outer loop
      vertex 127.973 27.9998 0
      vertex 121.8 31.7 0
      vertex 127.62 28.589 0
    endloop
  endfacet
  facet normal 0 0 -1
    outer loop
      vertex 121.8 -31.7 0
      vertex 126.75 -29.6497 0
      vertex 126.241 -30.1111 0
    endloop
  endfacet
  facet normal 0 0 -1
    outer loop
      vertex 127.62 28.589 0
      vertex 121.8 31.7 0
      vertex 127.211 29.1408 0
    endloop
  endfacet
  facet normal 0 0 -1
    outer loop
      vertex 121.8 -31.7 0
      vertex 126.241 -30.1111 0
      vertex 125.689 -30.5203 0
    endloop
  endfacet
  facet normal 0 0 -1
    outer loop
      vertex 127.211 29.1408 0
      vertex 121.8 31.7 0
      vertex 126.75 29.6497 0
    endloop
  endfacet
  facet normal 0 0 -1
    outer loop
      vertex 121.8 -31.7 0
      vertex 125.689 -30.5203 0
      vertex 125.1 -30.8734 0
    endloop
  endfacet
  facet normal 0 0 -1
    outer loop
      vertex 126.75 29.6497 0
      vertex 121.8 31.7 0
      vertex 126.241 30.1111 0
    endloop
  endfacet
  facet normal 0 0 -1
    outer loop
      vertex 121.8 -31.7 0
      vertex 125.1 -30.8734 0
      vertex 124.479 -31.1672 0
    endloop
  endfacet
  facet normal 0 0 -1
    outer loop
      vertex 126.241 30.1111 0
      vertex 121.8 31.7 0
      vertex 125.689 30.5203 0
    endloop
  endfacet
  facet normal 0 0 -1
    outer loop
      vertex 121.8 -31.7 0
      vertex 124.479 -31.1672 0
      vertex 123.832 -31.3986 0
    endloop
  endfacet
  facet normal 0 0 -1
    outer loop
      vertex 125.689 30.5203 0
      vertex 121.8 31.7 0
      vertex 125.1 30.8734 0
    endloop
  endfacet
  facet normal 0 0 -1
    outer loop
      vertex 121.8 -31.7 0
      vertex 123.832 -31.3986 0
      vertex 123.166 -31.5655 0
    endloop
  endfacet
  facet normal 0 0 -1
    outer loop
      vertex 125.1 30.8734 0
      vertex 121.8 31.7 0
      vertex 124.479 31.1672 0
    endloop
  endfacet
  facet normal 0 0 -1
    outer loop
      vertex 121.8 -31.7 0
      vertex 123.166 -31.5655 0
      vertex 122.486 -31.6663 0
    endloop
  endfacet
  facet normal 0 0 -1
    outer loop
      vertex 124.479 31.1672 0
      vertex 121.8 31.7 0
      vertex 123.832 31.3986 0
    endloop
  endfacet
  facet normal 0 0 -1
    outer loop
      vertex 123.832 31.3986 0
      vertex 121.8 31.7 0
      vertex 123.166 31.5655 0
    endloop
  endfacet
  facet normal 0 0 -1
    outer loop
      vertex 123.166 31.5655 0
      vertex 121.8 31.7 0
      vertex 122.486 31.6663 0
    endloop
  endfacet
  facet normal 0 0 -1
    outer loop
      vertex -121.8 -31.7 0
      vertex 121.8 31.7 0
      vertex 121.8 -31.7 0
    endloop
  endfacet
  facet normal 0 0 -1
    outer loop
      vertex -121.8 -31.7 0
      vertex -121.8 31.7 0
      vertex 121.8 31.7 0
    endloop
  endfacet
  facet normal 0 0 -1
    outer loop
      vertex -128.8 -24.7 0
      vertex -121.8 -31.7 0
      vertex -122.486 -31.6663 0
    endloop
  endfacet
  facet normal 0 0 -1
    outer loop
      vertex -121.8 -31.7 0
      vertex -128.8 -24.7 0
      vertex -121.8 31.7 0
    endloop
  endfacet
  facet normal 0 0 -1
    outer loop
      vertex -128.8 -24.7 0
      vertex -122.486 -31.6663 0
      vertex -123.166 -31.5655 0
    endloop
  endfacet
  facet normal 0 0 -1
    outer loop
      vertex -128.8 24.7 0
      vertex -121.8 31.7 0
      vertex -128.8 -24.7 0
    endloop
  endfacet
  facet normal 0 0 -1
    outer loop
      vertex -128.8 -24.7 0
      vertex -123.166 -31.5655 0
      vertex -123.832 -31.3986 0
    endloop
  endfacet
  facet normal 0 0 -1
    outer loop
      vertex -121.8 31.7 0
      vertex -128.8 24.7 0
      vertex -122.486 31.6663 0
    endloop
  endfacet
  facet normal 0 0 -1
    outer loop
      vertex -128.8 -24.7 0
      vertex -123.832 -31.3986 0
      vertex -124.479 -31.1672 0
    endloop
  endfacet
  facet normal 0 0 -1
    outer loop
      vertex -122.486 31.6663 0
      vertex -128.8 24.7 0
      vertex -123.166 31.5655 0
    endloop
  endfacet
  facet normal 0 0 -1
    outer loop
      vertex -128.8 -24.7 0
      vertex -124.479 -31.1672 0
      vertex -125.1 -30.8734 0
    endloop
  endfacet
  facet normal 0 0 -1
    outer loop
      vertex -123.166 31.5655 0
      vertex -128.8 24.7 0
      vertex -123.832 31.3986 0
    endloop
  endfacet
  facet normal 0 0 -1
    outer loop
      vertex -128.8 -24.7 0
      vertex -125.1 -30.8734 0
      vertex -125.689 -30.5203 0
    endloop
  endfacet
  facet normal 0 0 -1
    outer loop
      vertex -123.832 31.3986 0
      vertex -128.8 24.7 0
      vertex -124.479 31.1672 0
    endloop
  endfacet
  facet normal 0 0 -1
    outer loop
      vertex -128.8 -24.7 0
      vertex -125.689 -30.5203 0
      vertex -126.241 -30.1111 0
    endloop
  endfacet
  facet normal 0 0 -1
    outer loop
      vertex -124.479 31.1672 0
      vertex -128.8 24.7 0
      vertex -125.1 30.8734 0
    endloop
  endfacet
  facet normal 0 0 -1
    outer loop
      vertex -128.8 -24.7 0
      vertex -126.241 -30.1111 0
      vertex -126.75 -29.6497 0
    endloop
  endfacet
  facet normal 0 0 -1
    outer loop
      vertex -125.1 30.8734 0
      vertex -128.8 24.7 0
      vertex -125.689 30.5203 0
    endloop
  endfacet
  facet normal 0 0 -1
    outer loop
      vertex -128.8 -24.7 0
      vertex -126.75 -29.6497 0
      vertex -127.211 -29.1408 0
    endloop
  endfacet
  facet normal 0 0 -1
    outer loop
      vertex -125.689 30.5203 0
      vertex -128.8 24.7 0
      vertex -126.241 30.1111 0
    endloop
  endfacet
  facet normal 0 0 -1
    outer loop
      vertex -128.8 -24.7 0
      vertex -127.211 -29.1408 0
      vertex -127.62 -28.589 0
    endloop
  endfacet
  facet normal 0 0 -1
    outer loop
      vertex -126.241 30.1111 0
      vertex -128.8 24.7 0
      vertex -126.75 29.6497 0
    endloop
  endfacet
  facet normal 0 0 -1
    outer loop
      vertex -128.8 -24.7 0
      vertex -127.62 -28.589 0
      vertex -127.973 -27.9998 0
    endloop
  endfacet
  facet normal 0 0 -1
    outer loop
      vertex -126.75 29.6497 0
      vertex -128.8 24.7 0
      vertex -127.211 29.1408 0
    endloop
  endfacet
  facet normal 0 0 -1
    outer loop
      vertex -128.8 -24.7 0
      vertex -127.973 -27.9998 0
      vertex -128.267 -27.3788 0
    endloop
  endfacet
  facet normal 0 0 -1
    outer loop
      vertex -127.211 29.1408 0
      vertex -128.8 24.7 0
      vertex -127.62 28.589 0
    endloop
  endfacet
  facet normal 0 0 -1
    outer loop
      vertex -128.8 -24.7 0
      vertex -128.267 -27.3788 0
      vertex -128.499 -26.732 0
    endloop
  endfacet
  facet normal 0 0 -1
    outer loop
      vertex -127.62 28.589 0
      vertex -128.8 24.7 0
      vertex -127.973 27.9998 0
    endloop
  endfacet
  facet normal 0 0 -1
    outer loop
      vertex -128.8 -24.7 0
      vertex -128.499 -26.732 0
      vertex -128.665 -26.0656 0
    endloop
  endfacet
  facet normal 0 0 -1
    outer loop
      vertex -127.973 27.9998 0
      vertex -128.8 24.7 0
      vertex -128.267 27.3788 0
    endloop
  endfacet
  facet normal 0 0 -1
    outer loop
      vertex -128.8 -24.7 0
      vertex -128.665 -26.0656 0
      vertex -128.766 -25.3861 0
    endloop
  endfacet
  facet normal 0 0 -1
    outer loop
      vertex -128.267 27.3788 0
      vertex -128.8 24.7 0
      vertex -128.499 26.732 0
    endloop
  endfacet
  facet normal 0 0 -1
    outer loop
      vertex -128.499 26.732 0
      vertex -128.8 24.7 0
      vertex -128.665 26.0656 0
    endloop
  endfacet
  facet normal 0 0 -1
    outer loop
      vertex -128.665 26.0656 0
      vertex -128.8 24.7 0
      vertex -128.766 25.3861 0
    endloop
  endfacet
  facet normal 0 0.941544 0.33689
    outer loop
      vertex 106.2 -26.3741 10.9979
      vertex -125.239 -26.7328 12.0004
      vertex 106.2 -26.7328 12.0004
    endloop
  endfacet
  facet normal 0 0.941544 0.33689
    outer loop
      vertex -125.239 -26.7328 12.0004
      vertex 106.2 -26.3741 10.9979
      vertex -125.428 -26.3741 10.9979
    endloop
  endfacet
  facet normal 0 0.941544 0.33689
    outer loop
      vertex -125.239 -26.7328 12.0004
      vertex -125.428 -26.3741 10.9979
      vertex -125.8 -26.7328 12.0004
    endloop
  endfacet
  facet normal 0 0.941544 0.33689
    outer loop
      vertex -125.8 -26.7328 12.0004
      vertex -125.428 -26.3741 10.9979
      vertex -125.8 -26.3741 10.9979
    endloop
  endfacet
  facet normal 0 0.740929 0.671583
    outer loop
      vertex 106.2 -24.0221 7.47789
      vertex -125.798 -24.7372 8.26683
      vertex 106.2 -24.7372 8.26683
    endloop
  endfacet
  facet normal -0 0.740929 0.671583
    outer loop
      vertex -125.8 -24.0221 7.47789
      vertex -125.798 -24.7372 8.26683
      vertex 106.2 -24.0221 7.47789
    endloop
  endfacet
  facet normal 0 0.740929 0.671583
    outer loop
      vertex -125.798 -24.7372 8.26683
      vertex -125.8 -24.0221 7.47789
      vertex -125.8 -24.7372 8.26683
    endloop
  endfacet
  facet normal 0 0.903981 0.427574
    outer loop
      vertex 106.2 -25.9188 10.0353
      vertex -125.428 -26.3741 10.9979
      vertex 106.2 -26.3741 10.9979
    endloop
  endfacet
  facet normal 0 0.903981 0.427574
    outer loop
      vertex -125.428 -26.3741 10.9979
      vertex 106.2 -25.9188 10.0353
      vertex -125.607 -25.9188 10.0353
    endloop
  endfacet
  facet normal 0 0.903981 0.427574
    outer loop
      vertex -125.428 -26.3741 10.9979
      vertex -125.607 -25.9188 10.0353
      vertex -125.8 -26.3741 10.9979
    endloop
  endfacet
  facet normal 0 0.903981 0.427574
    outer loop
      vertex -125.8 -26.3741 10.9979
      vertex -125.607 -25.9188 10.0353
      vertex -125.8 -25.9188 10.0353
    endloop
  endfacet
  facet normal 0 0.857718 0.51412
    outer loop
      vertex 106.2 -25.3714 9.12206
      vertex -125.607 -25.9188 10.0353
      vertex 106.2 -25.9188 10.0353
    endloop
  endfacet
  facet normal 0 0.857718 0.51412
    outer loop
      vertex -125.607 -25.9188 10.0353
      vertex 106.2 -25.3714 9.12206
      vertex -125.739 -25.3714 9.12206
    endloop
  endfacet
  facet normal 0 0.857718 0.51412
    outer loop
      vertex -125.607 -25.9188 10.0353
      vertex -125.739 -25.3714 9.12206
      vertex -125.8 -25.9188 10.0353
    endloop
  endfacet
  facet normal 0 0.857718 0.51412
    outer loop
      vertex -125.8 -25.9188 10.0353
      vertex -125.739 -25.3714 9.12206
      vertex -125.8 -25.3714 9.12206
    endloop
  endfacet
  facet normal 0 0.970037 0.242955
    outer loop
      vertex 106.2 -26.7328 12.0004
      vertex -125.075 -26.9915 13.0333
      vertex 106.2 -26.9915 13.0333
    endloop
  endfacet
  facet normal 0 0.970037 0.242955
    outer loop
      vertex -125.075 -26.9915 13.0333
      vertex 106.2 -26.7328 12.0004
      vertex -125.239 -26.7328 12.0004
    endloop
  endfacet
  facet normal 0 0.970037 0.242955
    outer loop
      vertex -125.075 -26.9915 13.0333
      vertex -125.239 -26.7328 12.0004
      vertex -125.8 -26.9915 13.0333
    endloop
  endfacet
  facet normal 0 0.970037 0.242955
    outer loop
      vertex -125.8 -26.9915 13.0333
      vertex -125.239 -26.7328 12.0004
      vertex -125.8 -26.7328 12.0004
    endloop
  endfacet
  facet normal -0 0.989167 0.146797
    outer loop
      vertex -125.075 -26.9915 13.0333
      vertex 106.2 -27.1478 14.0865
      vertex 106.2 -26.9915 13.0333
    endloop
  endfacet
  facet normal 0 0.989167 0.146797
    outer loop
      vertex 106.2 -27.1478 14.0865
      vertex -125.075 -26.9915 13.0333
      vertex -125.8 -27.1478 14.0865
    endloop
  endfacet
  facet normal 0 0.989167 0.146797
    outer loop
      vertex -125.8 -27.1478 14.0865
      vertex -125.075 -26.9915 13.0333
      vertex -125.8 -26.9915 13.0333
    endloop
  endfacet
  facet normal 0 0.803244 0.59565
    outer loop
      vertex 106.2 -24.7372 8.26683
      vertex -125.739 -25.3714 9.12206
      vertex 106.2 -25.3714 9.12206
    endloop
  endfacet
  facet normal -0 0.803244 0.59565
    outer loop
      vertex -125.798 -24.7372 8.26683
      vertex -125.739 -25.3714 9.12206
      vertex 106.2 -24.7372 8.26683
    endloop
  endfacet
  facet normal 0 0.803244 0.59565
    outer loop
      vertex -125.739 -25.3714 9.12206
      vertex -125.798 -24.7372 8.26683
      vertex -125.8 -25.3714 9.12206
    endloop
  endfacet
  facet normal 0 0.803244 0.59565
    outer loop
      vertex -125.8 -25.3714 9.12206
      vertex -125.798 -24.7372 8.26683
      vertex -125.8 -24.7372 8.26683
    endloop
  endfacet
  facet normal 0 0.941544 0.33689
    outer loop
      vertex 125.428 -26.3741 10.9979
      vertex 125.239 -26.7328 12.0004
      vertex 125.8 -26.7328 12.0004
    endloop
  endfacet
  facet normal -0 0.941544 0.33689
    outer loop
      vertex 125.428 -26.3741 10.9979
      vertex 125.8 -26.7328 12.0004
      vertex 125.8 -26.3741 10.9979
    endloop
  endfacet
  facet normal -0 0.941544 0.33689
    outer loop
      vertex 118.8 -26.3741 10.9979
      vertex 125.239 -26.7328 12.0004
      vertex 125.428 -26.3741 10.9979
    endloop
  endfacet
  facet normal 0 0.941544 0.33689
    outer loop
      vertex 125.239 -26.7328 12.0004
      vertex 118.8 -26.3741 10.9979
      vertex 118.8 -26.7328 12.0004
    endloop
  endfacet
  facet normal 0 0.740929 0.671583
    outer loop
      vertex 125.8 -24.0221 7.47789
      vertex 125.798 -24.7372 8.26683
      vertex 125.8 -24.7372 8.26683
    endloop
  endfacet
  facet normal 0 0.740929 0.671583
    outer loop
      vertex 125.798 -24.7372 8.26683
      vertex 125.8 -24.0221 7.47789
      vertex 118.8 -24.7372 8.26683
    endloop
  endfacet
  facet normal 0 0.740929 0.671583
    outer loop
      vertex 118.8 -24.7372 8.26683
      vertex 125.8 -24.0221 7.47789
      vertex 118.8 -24.0221 7.47789
    endloop
  endfacet
  facet normal 0 0.903981 0.427574
    outer loop
      vertex 125.607 -25.9188 10.0353
      vertex 125.428 -26.3741 10.9979
      vertex 125.8 -26.3741 10.9979
    endloop
  endfacet
  facet normal -0 0.903981 0.427574
    outer loop
      vertex 125.607 -25.9188 10.0353
      vertex 125.8 -26.3741 10.9979
      vertex 125.8 -25.9188 10.0353
    endloop
  endfacet
  facet normal -0 0.903981 0.427574
    outer loop
      vertex 118.8 -25.9188 10.0353
      vertex 125.428 -26.3741 10.9979
      vertex 125.607 -25.9188 10.0353
    endloop
  endfacet
  facet normal 0 0.903981 0.427574
    outer loop
      vertex 125.428 -26.3741 10.9979
      vertex 118.8 -25.9188 10.0353
      vertex 118.8 -26.3741 10.9979
    endloop
  endfacet
  facet normal 0 0.857718 0.51412
    outer loop
      vertex 125.739 -25.3714 9.12206
      vertex 125.607 -25.9188 10.0353
      vertex 125.8 -25.9188 10.0353
    endloop
  endfacet
  facet normal -0 0.857718 0.51412
    outer loop
      vertex 125.739 -25.3714 9.12206
      vertex 125.8 -25.9188 10.0353
      vertex 125.8 -25.3714 9.12206
    endloop
  endfacet
  facet normal -0 0.857718 0.51412
    outer loop
      vertex 118.8 -25.3714 9.12206
      vertex 125.607 -25.9188 10.0353
      vertex 125.739 -25.3714 9.12206
    endloop
  endfacet
  facet normal 0 0.857718 0.51412
    outer loop
      vertex 125.607 -25.9188 10.0353
      vertex 118.8 -25.3714 9.12206
      vertex 118.8 -25.9188 10.0353
    endloop
  endfacet
  facet normal 0 0.970037 0.242955
    outer loop
      vertex 125.239 -26.7328 12.0004
      vertex 125.075 -26.9915 13.0333
      vertex 125.8 -26.9915 13.0333
    endloop
  endfacet
  facet normal -0 0.970037 0.242955
    outer loop
      vertex 125.239 -26.7328 12.0004
      vertex 125.8 -26.9915 13.0333
      vertex 125.8 -26.7328 12.0004
    endloop
  endfacet
  facet normal -0 0.970037 0.242955
    outer loop
      vertex 118.8 -26.7328 12.0004
      vertex 125.075 -26.9915 13.0333
      vertex 125.239 -26.7328 12.0004
    endloop
  endfacet
  facet normal 0 0.970037 0.242955
    outer loop
      vertex 125.075 -26.9915 13.0333
      vertex 118.8 -26.7328 12.0004
      vertex 118.8 -26.9915 13.0333
    endloop
  endfacet
  facet normal -0 0.989167 0.146797
    outer loop
      vertex 125.075 -26.9915 13.0333
      vertex 125.8 -27.1478 14.0865
      vertex 125.8 -26.9915 13.0333
    endloop
  endfacet
  facet normal 0 0.989167 0.146797
    outer loop
      vertex 125.8 -27.1478 14.0865
      vertex 125.075 -26.9915 13.0333
      vertex 118.8 -27.1478 14.0865
    endloop
  endfacet
  facet normal 0 0.989167 0.146797
    outer loop
      vertex 118.8 -27.1478 14.0865
      vertex 125.075 -26.9915 13.0333
      vertex 118.8 -26.9915 13.0333
    endloop
  endfacet
  facet normal 0 0.803244 0.59565
    outer loop
      vertex 125.798 -24.7372 8.26683
      vertex 125.739 -25.3714 9.12206
      vertex 125.8 -25.3714 9.12206
    endloop
  endfacet
  facet normal -0 0.803244 0.59565
    outer loop
      vertex 125.798 -24.7372 8.26683
      vertex 125.8 -25.3714 9.12206
      vertex 125.8 -24.7372 8.26683
    endloop
  endfacet
  facet normal -0 0.803244 0.59565
    outer loop
      vertex 118.8 -24.7372 8.26683
      vertex 125.739 -25.3714 9.12206
      vertex 125.798 -24.7372 8.26683
    endloop
  endfacet
  facet normal 0 0.803244 0.59565
    outer loop
      vertex 125.739 -25.3714 9.12206
      vertex 118.8 -24.7372 8.26683
      vertex 118.8 -25.3714 9.12206
    endloop
  endfacet
  facet normal -1 0 0
    outer loop
      vertex 125.8 -4 14.15
      vertex 125.8 -5.54913 14.15
      vertex 125.8 -4 15.15
    endloop
  endfacet
  facet normal -1 0 0
    outer loop
      vertex 125.8 3 2.8
      vertex 125.8 -3 2.8
      vertex 125.8 3 15.15
    endloop
  endfacet
  facet normal -1 0 0
    outer loop
      vertex 125.8 27.1509 14.15
      vertex 125.8 28.7 19.15
      vertex 125.8 28.7 14.15
    endloop
  endfacet
  facet normal -1 0 0
    outer loop
      vertex 125.8 26.9915 13.0333
      vertex 125.8 27.1509 14.15
      vertex 125.8 27.1478 14.0865
    endloop
  endfacet
  facet normal -1 0 0
    outer loop
      vertex 125.8 26.7328 12.0004
      vertex 125.8 27.1509 14.15
      vertex 125.8 26.9915 13.0333
    endloop
  endfacet
  facet normal -1 0 0
    outer loop
      vertex 125.8 26.3741 10.9979
      vertex 125.8 27.1509 14.15
      vertex 125.8 26.7328 12.0004
    endloop
  endfacet
  facet normal -1 0 0
    outer loop
      vertex 125.8 25.9188 10.0353
      vertex 125.8 27.1509 14.15
      vertex 125.8 26.3741 10.9979
    endloop
  endfacet
  facet normal -1 0 0
    outer loop
      vertex 125.8 25.3714 9.12206
      vertex 125.8 27.1509 14.15
      vertex 125.8 25.9188 10.0353
    endloop
  endfacet
  facet normal -1 0 0
    outer loop
      vertex 125.8 5.54913 14.15
      vertex 125.8 27.1509 14.15
      vertex 125.8 25.3714 9.12206
    endloop
  endfacet
  facet normal -1 0 0
    outer loop
      vertex 125.8 5.54913 14.15
      vertex 125.8 25.3714 9.12206
      vertex 125.8 24.7372 8.26683
    endloop
  endfacet
  facet normal -1 0 0
    outer loop
      vertex 125.8 5.54913 14.15
      vertex 125.8 24.7372 8.26683
      vertex 125.8 24.0221 7.47789
    endloop
  endfacet
  facet normal -1 0 0
    outer loop
      vertex 125.8 5.54913 14.15
      vertex 125.8 24.0221 7.47789
      vertex 125.8 23.2332 6.76284
    endloop
  endfacet
  facet normal -1 0 0
    outer loop
      vertex 125.8 5.54913 14.15
      vertex 125.8 23.2332 6.76284
      vertex 125.8 22.3779 6.12855
    endloop
  endfacet
  facet normal -1 0 0
    outer loop
      vertex 125.8 5.54913 14.15
      vertex 125.8 22.3779 6.12855
      vertex 125.8 21.4647 5.58116
    endloop
  endfacet
  facet normal -1 0 0
    outer loop
      vertex 125.8 5.54913 14.15
      vertex 125.8 21.4647 5.58116
      vertex 125.8 20.5021 5.12591
    endloop
  endfacet
  facet normal -1 0 0
    outer loop
      vertex 125.8 5.54913 14.15
      vertex 125.8 20.5021 5.12591
      vertex 125.8 19.4996 4.7672
    endloop
  endfacet
  facet normal -1 0 0
    outer loop
      vertex 125.8 5.54913 14.15
      vertex 125.8 19.4996 4.7672
      vertex 125.8 18.4667 4.50848
    endloop
  endfacet
  facet normal -1 0 0
    outer loop
      vertex 125.8 5.54913 14.15
      vertex 125.8 18.4667 4.50848
      vertex 125.8 17.4135 4.35225
    endloop
  endfacet
  facet normal -1 0 0
    outer loop
      vertex 125.8 5.54913 14.15
      vertex 125.8 17.4135 4.35225
      vertex 125.8 16.35 4.3
    endloop
  endfacet
  facet normal -1 0 0
    outer loop
      vertex 125.8 5.54913 14.15
      vertex 125.8 16.35 4.3
      vertex 125.8 15.2865 4.35225
    endloop
  endfacet
  facet normal -1 0 0
    outer loop
      vertex 125.8 5.54913 14.15
      vertex 125.8 15.2865 4.35225
      vertex 125.8 14.2333 4.50848
    endloop
  endfacet
  facet normal -1 0 0
    outer loop
      vertex 125.8 5.54913 14.15
      vertex 125.8 14.2333 4.50848
      vertex 125.8 13.2004 4.7672
    endloop
  endfacet
  facet normal -1 0 0
    outer loop
      vertex 125.8 5.54913 14.15
      vertex 125.8 13.2004 4.7672
      vertex 125.8 12.1979 5.12591
    endloop
  endfacet
  facet normal -1 0 0
    outer loop
      vertex 125.8 5.54913 14.15
      vertex 125.8 12.1979 5.12591
      vertex 125.8 11.2353 5.58116
    endloop
  endfacet
  facet normal -1 0 0
    outer loop
      vertex 125.8 5.54913 14.15
      vertex 125.8 11.2353 5.58116
      vertex 125.8 10.3221 6.12855
    endloop
  endfacet
  facet normal -1 0 0
    outer loop
      vertex 125.8 5.54913 14.15
      vertex 125.8 10.3221 6.12855
      vertex 125.8 9.46683 6.76284
    endloop
  endfacet
  facet normal -1 0 0
    outer loop
      vertex 125.8 5.54913 14.15
      vertex 125.8 9.46683 6.76284
      vertex 125.8 8.67789 7.47789
    endloop
  endfacet
  facet normal -1 0 0
    outer loop
      vertex 125.8 5.54913 14.15
      vertex 125.8 8.67789 7.47789
      vertex 125.8 7.96284 8.26683
    endloop
  endfacet
  facet normal -1 0 0
    outer loop
      vertex 125.8 5.54913 14.15
      vertex 125.8 7.96284 8.26683
      vertex 125.8 7.32855 9.12206
    endloop
  endfacet
  facet normal -1 0 0
    outer loop
      vertex 125.8 5.54913 14.15
      vertex 125.8 7.32855 9.12206
      vertex 125.8 6.78116 10.0353
    endloop
  endfacet
  facet normal -1 0 0
    outer loop
      vertex 125.8 5.54913 14.15
      vertex 125.8 6.78116 10.0353
      vertex 125.8 6.32591 10.9979
    endloop
  endfacet
  facet normal -1 0 0
    outer loop
      vertex 125.8 5.54913 14.15
      vertex 125.8 6.32591 10.9979
      vertex 125.8 5.9672 12.0004
    endloop
  endfacet
  facet normal -1 0 0
    outer loop
      vertex 125.8 5.54913 14.15
      vertex 125.8 5.9672 12.0004
      vertex 125.8 5.70848 13.0333
    endloop
  endfacet
  facet normal -1 0 0
    outer loop
      vertex 125.8 5.54913 14.15
      vertex 125.8 5.70848 13.0333
      vertex 125.8 5.55225 14.0865
    endloop
  endfacet
  facet normal -1 0 0
    outer loop
      vertex 125.8 27.1509 14.15
      vertex 125.8 5.54913 14.15
      vertex 125.8 28.7 19.15
    endloop
  endfacet
  facet normal -1 0 0
    outer loop
      vertex 125.8 4 15.15
      vertex 125.8 5.54913 14.15
      vertex 125.8 4 14.15
    endloop
  endfacet
  facet normal -1 0 0
    outer loop
      vertex 125.8 5.54913 14.15
      vertex 125.8 4 15.15
      vertex 125.8 28.7 19.15
    endloop
  endfacet
  facet normal -1 0 0
    outer loop
      vertex 125.8 3 15.15
      vertex 125.8 28.7 19.15
      vertex 125.8 4 15.15
    endloop
  endfacet
  facet normal -1 0 0
    outer loop
      vertex 125.8 -3 15.15
      vertex 125.8 3 15.15
      vertex 125.8 -3 2.8
    endloop
  endfacet
  facet normal -1 0 0
    outer loop
      vertex 125.8 -3 15.15
      vertex 125.8 28.7 19.15
      vertex 125.8 3 15.15
    endloop
  endfacet
  facet normal -1 0 0
    outer loop
      vertex 125.8 -28.7 19.15
      vertex 125.8 -3 15.15
      vertex 125.8 -4 15.15
    endloop
  endfacet
  facet normal -1 0 0
    outer loop
      vertex 125.8 -5.70848 13.0333
      vertex 125.8 -5.54913 14.15
      vertex 125.8 -5.55225 14.0865
    endloop
  endfacet
  facet normal -1 0 0
    outer loop
      vertex 125.8 -5.9672 12.0004
      vertex 125.8 -5.54913 14.15
      vertex 125.8 -5.70848 13.0333
    endloop
  endfacet
  facet normal -1 0 0
    outer loop
      vertex 125.8 -6.32591 10.9979
      vertex 125.8 -5.54913 14.15
      vertex 125.8 -5.9672 12.0004
    endloop
  endfacet
  facet normal -1 0 0
    outer loop
      vertex 125.8 -6.78116 10.0353
      vertex 125.8 -5.54913 14.15
      vertex 125.8 -6.32591 10.9979
    endloop
  endfacet
  facet normal -1 0 0
    outer loop
      vertex 125.8 -7.32855 9.12206
      vertex 125.8 -5.54913 14.15
      vertex 125.8 -6.78116 10.0353
    endloop
  endfacet
  facet normal -1 0 0
    outer loop
      vertex 125.8 -7.96284 8.26683
      vertex 125.8 -5.54913 14.15
      vertex 125.8 -7.32855 9.12206
    endloop
  endfacet
  facet normal -1 0 0
    outer loop
      vertex 125.8 -8.67789 7.47789
      vertex 125.8 -5.54913 14.15
      vertex 125.8 -7.96284 8.26683
    endloop
  endfacet
  facet normal -1 0 0
    outer loop
      vertex 125.8 -9.46683 6.76284
      vertex 125.8 -5.54913 14.15
      vertex 125.8 -8.67789 7.47789
    endloop
  endfacet
  facet normal -1 0 0
    outer loop
      vertex 125.8 -10.3221 6.12855
      vertex 125.8 -5.54913 14.15
      vertex 125.8 -9.46683 6.76284
    endloop
  endfacet
  facet normal -1 0 0
    outer loop
      vertex 125.8 -11.2353 5.58116
      vertex 125.8 -5.54913 14.15
      vertex 125.8 -10.3221 6.12855
    endloop
  endfacet
  facet normal -1 0 0
    outer loop
      vertex 125.8 -12.1979 5.12591
      vertex 125.8 -5.54913 14.15
      vertex 125.8 -11.2353 5.58116
    endloop
  endfacet
  facet normal -1 0 0
    outer loop
      vertex 125.8 -13.2004 4.7672
      vertex 125.8 -5.54913 14.15
      vertex 125.8 -12.1979 5.12591
    endloop
  endfacet
  facet normal -1 0 0
    outer loop
      vertex 125.8 -14.2333 4.50848
      vertex 125.8 -5.54913 14.15
      vertex 125.8 -13.2004 4.7672
    endloop
  endfacet
  facet normal -1 0 0
    outer loop
      vertex 125.8 -15.2865 4.35225
      vertex 125.8 -5.54913 14.15
      vertex 125.8 -14.2333 4.50848
    endloop
  endfacet
  facet normal -1 0 0
    outer loop
      vertex 125.8 -16.35 4.3
      vertex 125.8 -5.54913 14.15
      vertex 125.8 -15.2865 4.35225
    endloop
  endfacet
  facet normal -1 0 0
    outer loop
      vertex 125.8 -17.4135 4.35225
      vertex 125.8 -5.54913 14.15
      vertex 125.8 -16.35 4.3
    endloop
  endfacet
  facet normal -1 0 0
    outer loop
      vertex 125.8 -18.4667 4.50848
      vertex 125.8 -5.54913 14.15
      vertex 125.8 -17.4135 4.35225
    endloop
  endfacet
  facet normal -1 0 0
    outer loop
      vertex 125.8 -19.4996 4.7672
      vertex 125.8 -5.54913 14.15
      vertex 125.8 -18.4667 4.50848
    endloop
  endfacet
  facet normal -1 0 0
    outer loop
      vertex 125.8 -20.5021 5.12591
      vertex 125.8 -5.54913 14.15
      vertex 125.8 -19.4996 4.7672
    endloop
  endfacet
  facet normal -1 0 0
    outer loop
      vertex 125.8 -21.4647 5.58116
      vertex 125.8 -5.54913 14.15
      vertex 125.8 -20.5021 5.12591
    endloop
  endfacet
  facet normal -1 0 0
    outer loop
      vertex 125.8 -22.3779 6.12855
      vertex 125.8 -5.54913 14.15
      vertex 125.8 -21.4647 5.58116
    endloop
  endfacet
  facet normal -1 0 0
    outer loop
      vertex 125.8 -23.2332 6.76284
      vertex 125.8 -5.54913 14.15
      vertex 125.8 -22.3779 6.12855
    endloop
  endfacet
  facet normal -1 0 0
    outer loop
      vertex 125.8 -24.0221 7.47789
      vertex 125.8 -5.54913 14.15
      vertex 125.8 -23.2332 6.76284
    endloop
  endfacet
  facet normal -1 0 0
    outer loop
      vertex 125.8 -24.7372 8.26683
      vertex 125.8 -5.54913 14.15
      vertex 125.8 -24.0221 7.47789
    endloop
  endfacet
  facet normal -1 0 0
    outer loop
      vertex 125.8 -25.3714 9.12206
      vertex 125.8 -5.54913 14.15
      vertex 125.8 -24.7372 8.26683
    endloop
  endfacet
  facet normal -1 0 0
    outer loop
      vertex 125.8 -25.9188 10.0353
      vertex 125.8 -5.54913 14.15
      vertex 125.8 -25.3714 9.12206
    endloop
  endfacet
  facet normal -1 0 0
    outer loop
      vertex 125.8 -26.3741 10.9979
      vertex 125.8 -5.54913 14.15
      vertex 125.8 -25.9188 10.0353
    endloop
  endfacet
  facet normal -1 0 0
    outer loop
      vertex 125.8 -26.7328 12.0004
      vertex 125.8 -5.54913 14.15
      vertex 125.8 -26.3741 10.9979
    endloop
  endfacet
  facet normal -1 0 0
    outer loop
      vertex 125.8 -26.9915 13.0333
      vertex 125.8 -5.54913 14.15
      vertex 125.8 -26.7328 12.0004
    endloop
  endfacet
  facet normal -1 0 0
    outer loop
      vertex 125.8 -27.1509 14.15
      vertex 125.8 -5.54913 14.15
      vertex 125.8 -26.9915 13.0333
    endloop
  endfacet
  facet normal -1 0 0
    outer loop
      vertex 125.8 -28.7 19.15
      vertex 125.8 -5.54913 14.15
      vertex 125.8 -27.1509 14.15
    endloop
  endfacet
  facet normal -1 0 0
    outer loop
      vertex 125.8 -27.1509 14.15
      vertex 125.8 -26.9915 13.0333
      vertex 125.8 -27.1478 14.0865
    endloop
  endfacet
  facet normal -1 0 0
    outer loop
      vertex 125.8 -5.54913 14.15
      vertex 125.8 -28.7 19.15
      vertex 125.8 -4 15.15
    endloop
  endfacet
  facet normal -1 0 0
    outer loop
      vertex 125.8 -28.7 19.15
      vertex 125.8 -27.1509 14.15
      vertex 125.8 -28.7 14.15
    endloop
  endfacet
  facet normal -1 0 0
    outer loop
      vertex 125.8 -3 15.15
      vertex 125.8 -28.7 19.15
      vertex 125.8 28.7 19.15
    endloop
  endfacet
  facet normal -1 0 0
    outer loop
      vertex 125.8 -28.1268 19.15
      vertex 125.8 28.1268 21.55
      vertex 125.8 28.1268 19.15
    endloop
  endfacet
  facet normal -1 -0 0
    outer loop
      vertex 125.8 28.1268 21.55
      vertex 125.8 -28.1268 19.15
      vertex 125.8 -28.1268 21.55
    endloop
  endfacet
  facet normal 1 0 0
    outer loop
      vertex -125.8 5.5 19.15
      vertex -125.8 4.5 13.65
      vertex -125.8 5.5 13.65
    endloop
  endfacet
  facet normal 1 0 0
    outer loop
      vertex -125.8 -3 2.8
      vertex -125.8 4.5 13.65
      vertex -125.8 -3 15.15
    endloop
  endfacet
  facet normal 1 0 0
    outer loop
      vertex -125.8 5.5 19.15
      vertex -125.8 -3 15.15
      vertex -125.8 4.5 13.65
    endloop
  endfacet
  facet normal 1 0 0
    outer loop
      vertex -125.8 5.5 19.15
      vertex -125.8 -4 15.15
      vertex -125.8 -3 15.15
    endloop
  endfacet
  facet normal 1 0 0
    outer loop
      vertex -125.8 -4 15.15
      vertex -125.8 -5.54913 14.15
      vertex -125.8 -4 14.15
    endloop
  endfacet
  facet normal 1 0 0
    outer loop
      vertex -125.8 -5.54913 14.15
      vertex -125.8 -5.70848 13.0333
      vertex -125.8 -5.55225 14.0865
    endloop
  endfacet
  facet normal 1 0 0
    outer loop
      vertex -125.8 -5.54913 14.15
      vertex -125.8 -5.9672 12.0004
      vertex -125.8 -5.70848 13.0333
    endloop
  endfacet
  facet normal 1 0 0
    outer loop
      vertex -125.8 -5.54913 14.15
      vertex -125.8 -6.32591 10.9979
      vertex -125.8 -5.9672 12.0004
    endloop
  endfacet
  facet normal 1 0 0
    outer loop
      vertex -125.8 -5.54913 14.15
      vertex -125.8 -6.78116 10.0353
      vertex -125.8 -6.32591 10.9979
    endloop
  endfacet
  facet normal 1 0 0
    outer loop
      vertex -125.8 -5.54913 14.15
      vertex -125.8 -7.32855 9.12206
      vertex -125.8 -6.78116 10.0353
    endloop
  endfacet
  facet normal 1 0 0
    outer loop
      vertex -125.8 -5.54913 14.15
      vertex -125.8 -7.96284 8.26683
      vertex -125.8 -7.32855 9.12206
    endloop
  endfacet
  facet normal 1 0 0
    outer loop
      vertex -125.8 -5.54913 14.15
      vertex -125.8 -8.67789 7.47789
      vertex -125.8 -7.96284 8.26683
    endloop
  endfacet
  facet normal 1 0 0
    outer loop
      vertex -125.8 -5.54913 14.15
      vertex -125.8 -9.46683 6.76284
      vertex -125.8 -8.67789 7.47789
    endloop
  endfacet
  facet normal 1 0 0
    outer loop
      vertex -125.8 -5.54913 14.15
      vertex -125.8 -10.3221 6.12855
      vertex -125.8 -9.46683 6.76284
    endloop
  endfacet
  facet normal 1 0 0
    outer loop
      vertex -125.8 -5.54913 14.15
      vertex -125.8 -11.2353 5.58116
      vertex -125.8 -10.3221 6.12855
    endloop
  endfacet
  facet normal 1 0 0
    outer loop
      vertex -125.8 -5.54913 14.15
      vertex -125.8 -12.1979 5.12591
      vertex -125.8 -11.2353 5.58116
    endloop
  endfacet
  facet normal 1 0 0
    outer loop
      vertex -125.8 -5.54913 14.15
      vertex -125.8 -13.2004 4.7672
      vertex -125.8 -12.1979 5.12591
    endloop
  endfacet
  facet normal 1 0 0
    outer loop
      vertex -125.8 -5.54913 14.15
      vertex -125.8 -14.2333 4.50848
      vertex -125.8 -13.2004 4.7672
    endloop
  endfacet
  facet normal 1 0 0
    outer loop
      vertex -125.8 -5.54913 14.15
      vertex -125.8 -15.2865 4.35225
      vertex -125.8 -14.2333 4.50848
    endloop
  endfacet
  facet normal 1 0 0
    outer loop
      vertex -125.8 -5.54913 14.15
      vertex -125.8 -16.35 4.3
      vertex -125.8 -15.2865 4.35225
    endloop
  endfacet
  facet normal 1 0 0
    outer loop
      vertex -125.8 -5.54913 14.15
      vertex -125.8 -17.4135 4.35225
      vertex -125.8 -16.35 4.3
    endloop
  endfacet
  facet normal 1 0 0
    outer loop
      vertex -125.8 -5.54913 14.15
      vertex -125.8 -18.4667 4.50848
      vertex -125.8 -17.4135 4.35225
    endloop
  endfacet
  facet normal 1 0 0
    outer loop
      vertex -125.8 -5.54913 14.15
      vertex -125.8 -19.4996 4.7672
      vertex -125.8 -18.4667 4.50848
    endloop
  endfacet
  facet normal 1 0 0
    outer loop
      vertex -125.8 -5.54913 14.15
      vertex -125.8 -20.5021 5.12591
      vertex -125.8 -19.4996 4.7672
    endloop
  endfacet
  facet normal 1 0 0
    outer loop
      vertex -125.8 -28.7 19.15
      vertex -125.8 -5.54913 14.15
      vertex -125.8 -4 15.15
    endloop
  endfacet
  facet normal 1 0 0
    outer loop
      vertex -125.8 -5.54913 14.15
      vertex -125.8 -27.1509 14.15
      vertex -125.8 -20.5021 5.12591
    endloop
  endfacet
  facet normal 1 0 0
    outer loop
      vertex -125.8 -20.5021 5.12591
      vertex -125.8 -27.1509 14.15
      vertex -125.8 -21.4647 5.58116
    endloop
  endfacet
  facet normal 1 0 0
    outer loop
      vertex -125.8 -21.4647 5.58116
      vertex -125.8 -27.1509 14.15
      vertex -125.8 -22.3779 6.12855
    endloop
  endfacet
  facet normal 1 0 0
    outer loop
      vertex -125.8 -22.3779 6.12855
      vertex -125.8 -27.1509 14.15
      vertex -125.8 -23.2332 6.76284
    endloop
  endfacet
  facet normal 1 -0 0
    outer loop
      vertex -125.8 -28.7 19.15
      vertex -125.8 -4 15.15
      vertex -125.8 5.5 19.15
    endloop
  endfacet
  facet normal 1 0 0
    outer loop
      vertex -125.8 -23.2332 6.76284
      vertex -125.8 -27.1509 14.15
      vertex -125.8 -24.0221 7.47789
    endloop
  endfacet
  facet normal 1 0 0
    outer loop
      vertex -125.8 -24.0221 7.47789
      vertex -125.8 -27.1509 14.15
      vertex -125.8 -24.7372 8.26683
    endloop
  endfacet
  facet normal 1 0 0
    outer loop
      vertex -125.8 -24.7372 8.26683
      vertex -125.8 -27.1509 14.15
      vertex -125.8 -25.3714 9.12206
    endloop
  endfacet
  facet normal 1 0 0
    outer loop
      vertex -125.8 -25.3714 9.12206
      vertex -125.8 -27.1509 14.15
      vertex -125.8 -25.9188 10.0353
    endloop
  endfacet
  facet normal 1 0 0
    outer loop
      vertex -125.8 -25.9188 10.0353
      vertex -125.8 -27.1509 14.15
      vertex -125.8 -26.3741 10.9979
    endloop
  endfacet
  facet normal 1 0 0
    outer loop
      vertex -125.8 -26.3741 10.9979
      vertex -125.8 -27.1509 14.15
      vertex -125.8 -26.7328 12.0004
    endloop
  endfacet
  facet normal 1 0 0
    outer loop
      vertex -125.8 -26.7328 12.0004
      vertex -125.8 -27.1509 14.15
      vertex -125.8 -26.9915 13.0333
    endloop
  endfacet
  facet normal 1 0 0
    outer loop
      vertex -125.8 -26.9915 13.0333
      vertex -125.8 -27.1509 14.15
      vertex -125.8 -27.1478 14.0865
    endloop
  endfacet
  facet normal 1 0 0
    outer loop
      vertex -125.8 -5.54913 14.15
      vertex -125.8 -28.7 19.15
      vertex -125.8 -27.1509 14.15
    endloop
  endfacet
  facet normal 1 0 0
    outer loop
      vertex -125.8 -27.1509 14.15
      vertex -125.8 -28.7 19.15
      vertex -125.8 -28.7 14.15
    endloop
  endfacet
  facet normal 1 0 0
    outer loop
      vertex -125.8 4.5 13.65
      vertex -125.8 -3 2.8
      vertex -125.8 4.5 2.8
    endloop
  endfacet
  facet normal 1 -0 0
    outer loop
      vertex -125.8 -28.1268 21.55
      vertex -125.8 5.5 19.15
      vertex -125.8 5.5 21.55
    endloop
  endfacet
  facet normal 1 0 0
    outer loop
      vertex -125.8 5.5 19.15
      vertex -125.8 -28.1268 21.55
      vertex -125.8 -28.1268 19.15
    endloop
  endfacet
  facet normal 0 1 0
    outer loop
      vertex 125.8 -28.7 19.15
      vertex 121.8 -28.7 15.15
      vertex 121.8 -28.7 19.15
    endloop
  endfacet
  facet normal 0 1 0
    outer loop
      vertex 125.8 -28.7 14.15
      vertex 87.575 -28.7 15.15
      vertex 121.8 -28.7 15.15
    endloop
  endfacet
  facet normal 0 1 0
    outer loop
      vertex 87.575 -28.7 15.15
      vertex 125.8 -28.7 14.15
      vertex 63.575 -28.7 15.15
    endloop
  endfacet
  facet normal 0 1 0
    outer loop
      vertex 63.575 -28.7 15.15
      vertex 125.8 -28.7 14.15
      vertex 34.325 -28.7 15.15
    endloop
  endfacet
  facet normal 0 1 0
    outer loop
      vertex 34.325 -28.7 15.15
      vertex 125.8 -28.7 14.15
      vertex 10.325 -28.7 15.15
    endloop
  endfacet
  facet normal 0 1 0
    outer loop
      vertex 10.325 -28.7 15.15
      vertex 125.8 -28.7 14.15
      vertex -18.925 -28.7 15.15
    endloop
  endfacet
  facet normal 0 1 0
    outer loop
      vertex -18.925 -28.7 15.15
      vertex 125.8 -28.7 14.15
      vertex -42.925 -28.7 15.15
    endloop
  endfacet
  facet normal 0 1 0
    outer loop
      vertex -125.8 -28.7 14.15
      vertex -42.925 -28.7 15.15
      vertex 125.8 -28.7 14.15
    endloop
  endfacet
  facet normal 0 1 0
    outer loop
      vertex -42.925 -28.7 15.15
      vertex -125.8 -28.7 14.15
      vertex -72.175 -28.7 15.15
    endloop
  endfacet
  facet normal 0 1 0
    outer loop
      vertex -72.175 -28.7 15.15
      vertex -125.8 -28.7 14.15
      vertex -96.175 -28.7 15.15
    endloop
  endfacet
  facet normal 0 1 -0
    outer loop
      vertex 125.8 -28.7 14.15
      vertex 121.8 -28.7 15.15
      vertex 125.8 -28.7 19.15
    endloop
  endfacet
  facet normal 0 1 -0
    outer loop
      vertex 87.575 -28.7 15.15
      vertex 63.575 -28.7 15.4
      vertex 87.575 -28.7 15.4
    endloop
  endfacet
  facet normal 0 1 0
    outer loop
      vertex 63.575 -28.7 15.4
      vertex 87.575 -28.7 15.15
      vertex 63.575 -28.7 15.15
    endloop
  endfacet
  facet normal 0 1 -0
    outer loop
      vertex 34.325 -28.7 15.15
      vertex 10.325 -28.7 15.4
      vertex 34.325 -28.7 15.4
    endloop
  endfacet
  facet normal 0 1 0
    outer loop
      vertex 10.325 -28.7 15.4
      vertex 34.325 -28.7 15.15
      vertex 10.325 -28.7 15.15
    endloop
  endfacet
  facet normal 0 1 -0
    outer loop
      vertex -18.925 -28.7 15.15
      vertex -42.925 -28.7 15.4
      vertex -18.925 -28.7 15.4
    endloop
  endfacet
  facet normal 0 1 0
    outer loop
      vertex -42.925 -28.7 15.4
      vertex -18.925 -28.7 15.15
      vertex -42.925 -28.7 15.15
    endloop
  endfacet
  facet normal 0 1 -0
    outer loop
      vertex -72.175 -28.7 15.15
      vertex -96.175 -28.7 15.4
      vertex -72.175 -28.7 15.4
    endloop
  endfacet
  facet normal 0 1 0
    outer loop
      vertex -96.175 -28.7 15.4
      vertex -72.175 -28.7 15.15
      vertex -96.175 -28.7 15.15
    endloop
  endfacet
  facet normal 0 1 -0
    outer loop
      vertex -121.8 -28.7 15.15
      vertex -125.8 -28.7 19.15
      vertex -121.8 -28.7 19.15
    endloop
  endfacet
  facet normal 0 1 0
    outer loop
      vertex -121.8 -28.7 15.15
      vertex -125.8 -28.7 14.15
      vertex -125.8 -28.7 19.15
    endloop
  endfacet
  facet normal 0 1 0
    outer loop
      vertex -96.175 -28.7 15.15
      vertex -125.8 -28.7 14.15
      vertex -121.8 -28.7 15.15
    endloop
  endfacet
  facet normal 0 1 -0
    outer loop
      vertex -121.8 -28.7 19.15
      vertex -125.227 -28.7 21.55
      vertex -121.8 -28.7 21.55
    endloop
  endfacet
  facet normal 0 1 0
    outer loop
      vertex -125.227 -28.7 21.55
      vertex -121.8 -28.7 19.15
      vertex -125.227 -28.7 19.15
    endloop
  endfacet
  facet normal 0 1 -0
    outer loop
      vertex 125.227 -28.7 19.15
      vertex 121.8 -28.7 21.55
      vertex 125.227 -28.7 21.55
    endloop
  endfacet
  facet normal 0 1 0
    outer loop
      vertex 121.8 -28.7 21.55
      vertex 125.227 -28.7 19.15
      vertex 121.8 -28.7 19.15
    endloop
  endfacet
  facet normal 0 -0.671576 0.740936
    outer loop
      vertex -125.8 24.0221 7.47789
      vertex 27.4646 23.2332 6.76284
      vertex 27.4646 24.0221 7.47789
    endloop
  endfacet
  facet normal 0 -0.671576 0.740936
    outer loop
      vertex 27.4646 23.2332 6.76284
      vertex -125.8 24.0221 7.47789
      vertex -125.8 23.2332 6.76284
    endloop
  endfacet
  facet normal 0 -0.242973 0.970033
    outer loop
      vertex -125.8 19.4996 4.7672
      vertex 27.4646 18.4667 4.50848
      vertex 27.4646 19.4996 4.7672
    endloop
  endfacet
  facet normal 0 -0.242973 0.970033
    outer loop
      vertex 27.4646 18.4667 4.50848
      vertex -125.8 19.4996 4.7672
      vertex -125.8 18.4667 4.50848
    endloop
  endfacet
  facet normal 0 0.941541 0.336898
    outer loop
      vertex 27.4646 6.32591 10.9979
      vertex -125.8 5.9672 12.0004
      vertex 27.4646 5.9672 12.0004
    endloop
  endfacet
  facet normal 0 0.941541 0.336898
    outer loop
      vertex -125.8 5.9672 12.0004
      vertex 27.4646 6.32591 10.9979
      vertex -125.8 6.32591 10.9979
    endloop
  endfacet
  facet normal 0 -0.049071 0.998795
    outer loop
      vertex -125.8 17.4135 4.35225
      vertex 27.4646 16.35 4.3
      vertex 27.4646 17.4135 4.35225
    endloop
  endfacet
  facet normal 0 -0.049071 0.998795
    outer loop
      vertex 27.4646 16.35 4.3
      vertex -125.8 17.4135 4.35225
      vertex -125.8 16.35 4.3
    endloop
  endfacet
  facet normal 0 0.740953 0.671557
    outer loop
      vertex 27.4646 8.67789 7.47789
      vertex -125.8 7.96284 8.26683
      vertex 27.4646 7.96284 8.26683
    endloop
  endfacet
  facet normal 0 0.740953 0.671557
    outer loop
      vertex -125.8 7.96284 8.26683
      vertex 27.4646 8.67789 7.47789
      vertex -125.8 8.67789 7.47789
    endloop
  endfacet
  facet normal 0 -0.427535 0.903999
    outer loop
      vertex -125.8 21.4647 5.58116
      vertex 27.4646 20.5021 5.12591
      vertex 27.4646 21.4647 5.58116
    endloop
  endfacet
  facet normal 0 -0.427535 0.903999
    outer loop
      vertex 27.4646 20.5021 5.12591
      vertex -125.8 21.4647 5.58116
      vertex -125.8 20.5021 5.12591
    endloop
  endfacet
  facet normal 0 0.903999 0.427535
    outer loop
      vertex 27.4646 6.78116 10.0353
      vertex -125.8 6.32591 10.9979
      vertex 27.4646 6.32591 10.9979
    endloop
  endfacet
  facet normal 0 0.903999 0.427535
    outer loop
      vertex -125.8 6.32591 10.9979
      vertex 27.4646 6.78116 10.0353
      vertex -125.8 6.78116 10.0353
    endloop
  endfacet
  facet normal 0 -0.740929 0.671583
    outer loop
      vertex -125.8 24.0221 7.47789
      vertex -125.798 24.7372 8.26683
      vertex -125.8 24.7372 8.26683
    endloop
  endfacet
  facet normal 0 -0.740929 0.671583
    outer loop
      vertex -125.798 24.7372 8.26683
      vertex -125.8 24.0221 7.47789
      vertex 27.4646 24.7372 8.26683
    endloop
  endfacet
  facet normal 0 -0.740929 0.671583
    outer loop
      vertex 27.4646 24.7372 8.26683
      vertex -125.8 24.0221 7.47789
      vertex 27.4646 24.0221 7.47789
    endloop
  endfacet
  facet normal 0 0.857722 0.514113
    outer loop
      vertex 27.4646 7.32855 9.12206
      vertex -125.8 6.78116 10.0353
      vertex 27.4646 6.78116 10.0353
    endloop
  endfacet
  facet normal 0 0.857722 0.514113
    outer loop
      vertex -125.8 6.78116 10.0353
      vertex 27.4646 7.32855 9.12206
      vertex -125.8 7.32855 9.12206
    endloop
  endfacet
  facet normal 0 -0.857718 0.51412
    outer loop
      vertex -125.739 25.3714 9.12206
      vertex -125.607 25.9188 10.0353
      vertex -125.8 25.9188 10.0353
    endloop
  endfacet
  facet normal 0 -0.857718 0.51412
    outer loop
      vertex -125.739 25.3714 9.12206
      vertex -125.8 25.9188 10.0353
      vertex -125.8 25.3714 9.12206
    endloop
  endfacet
  facet normal 0 -0.857718 0.51412
    outer loop
      vertex 27.4646 25.3714 9.12206
      vertex -125.607 25.9188 10.0353
      vertex -125.739 25.3714 9.12206
    endloop
  endfacet
  facet normal 0 -0.857718 0.51412
    outer loop
      vertex -125.607 25.9188 10.0353
      vertex 27.4646 25.3714 9.12206
      vertex 27.4646 25.9188 10.0353
    endloop
  endfacet
  facet normal -0 0.242973 0.970033
    outer loop
      vertex -125.8 14.2333 4.50848
      vertex 27.4646 13.2004 4.7672
      vertex 27.4646 14.2333 4.50848
    endloop
  endfacet
  facet normal 0 0.242973 0.970033
    outer loop
      vertex 27.4646 13.2004 4.7672
      vertex -125.8 14.2333 4.50848
      vertex -125.8 13.2004 4.7672
    endloop
  endfacet
  facet normal 0 -0.595673 0.803227
    outer loop
      vertex -125.8 23.2332 6.76284
      vertex 27.4646 22.3779 6.12855
      vertex 27.4646 23.2332 6.76284
    endloop
  endfacet
  facet normal 0 -0.595673 0.803227
    outer loop
      vertex 27.4646 22.3779 6.12855
      vertex -125.8 23.2332 6.76284
      vertex -125.8 22.3779 6.12855
    endloop
  endfacet
  facet normal 0 -0.803244 0.59565
    outer loop
      vertex -125.798 24.7372 8.26683
      vertex -125.739 25.3714 9.12206
      vertex -125.8 25.3714 9.12206
    endloop
  endfacet
  facet normal 0 -0.803244 0.59565
    outer loop
      vertex -125.798 24.7372 8.26683
      vertex -125.8 25.3714 9.12206
      vertex -125.8 24.7372 8.26683
    endloop
  endfacet
  facet normal 0 -0.803244 0.59565
    outer loop
      vertex 27.4646 24.7372 8.26683
      vertex -125.739 25.3714 9.12206
      vertex -125.798 24.7372 8.26683
    endloop
  endfacet
  facet normal 0 -0.803244 0.59565
    outer loop
      vertex -125.739 25.3714 9.12206
      vertex 27.4646 24.7372 8.26683
      vertex 27.4646 25.3714 9.12206
    endloop
  endfacet
  facet normal 0 -0.903981 0.427574
    outer loop
      vertex -125.607 25.9188 10.0353
      vertex -125.428 26.3741 10.9979
      vertex -125.8 26.3741 10.9979
    endloop
  endfacet
  facet normal 0 -0.903981 0.427574
    outer loop
      vertex -125.607 25.9188 10.0353
      vertex -125.8 26.3741 10.9979
      vertex -125.8 25.9188 10.0353
    endloop
  endfacet
  facet normal 0 -0.903981 0.427574
    outer loop
      vertex 27.4646 25.9188 10.0353
      vertex -125.428 26.3741 10.9979
      vertex -125.607 25.9188 10.0353
    endloop
  endfacet
  facet normal 0 -0.903981 0.427574
    outer loop
      vertex -125.428 26.3741 10.9979
      vertex 27.4646 25.9188 10.0353
      vertex 27.4646 26.3741 10.9979
    endloop
  endfacet
  facet normal 0 -0.146733 0.989176
    outer loop
      vertex -125.8 18.4667 4.50848
      vertex 27.4646 17.4135 4.35225
      vertex 27.4646 18.4667 4.50848
    endloop
  endfacet
  facet normal 0 -0.146733 0.989176
    outer loop
      vertex 27.4646 17.4135 4.35225
      vertex -125.8 18.4667 4.50848
      vertex -125.8 17.4135 4.35225
    endloop
  endfacet
  facet normal -0 0.146733 0.989176
    outer loop
      vertex -125.8 15.2865 4.35225
      vertex 27.4646 14.2333 4.50848
      vertex 27.4646 15.2865 4.35225
    endloop
  endfacet
  facet normal 0 0.146733 0.989176
    outer loop
      vertex 27.4646 14.2333 4.50848
      vertex -125.8 15.2865 4.35225
      vertex -125.8 14.2333 4.50848
    endloop
  endfacet
  facet normal -0 0.427535 0.903999
    outer loop
      vertex -125.8 12.1979 5.12591
      vertex 27.4646 11.2353 5.58116
      vertex 27.4646 12.1979 5.12591
    endloop
  endfacet
  facet normal 0 0.427535 0.903999
    outer loop
      vertex 27.4646 11.2353 5.58116
      vertex -125.8 12.1979 5.12591
      vertex -125.8 11.2353 5.58116
    endloop
  endfacet
  facet normal -0 0.049071 0.998795
    outer loop
      vertex -125.8 16.35 4.3
      vertex 27.4646 15.2865 4.35225
      vertex 27.4646 16.35 4.3
    endloop
  endfacet
  facet normal 0 0.049071 0.998795
    outer loop
      vertex 27.4646 15.2865 4.35225
      vertex -125.8 16.35 4.3
      vertex -125.8 15.2865 4.35225
    endloop
  endfacet
  facet normal -0 0.671557 0.740953
    outer loop
      vertex -125.8 9.46683 6.76284
      vertex 27.4646 8.67789 7.47789
      vertex 27.4646 9.46683 6.76284
    endloop
  endfacet
  facet normal 0 0.671557 0.740953
    outer loop
      vertex 27.4646 8.67789 7.47789
      vertex -125.8 9.46683 6.76284
      vertex -125.8 8.67789 7.47789
    endloop
  endfacet
  facet normal 0 0.970033 0.242973
    outer loop
      vertex 27.4646 5.9672 12.0004
      vertex -125.8 5.70848 13.0333
      vertex 27.4646 5.70848 13.0333
    endloop
  endfacet
  facet normal 0 0.970033 0.242973
    outer loop
      vertex -125.8 5.70848 13.0333
      vertex 27.4646 5.9672 12.0004
      vertex -125.8 5.9672 12.0004
    endloop
  endfacet
  facet normal 0 0.989176 0.146732
    outer loop
      vertex 27.4646 5.70848 13.0333
      vertex 2.19257 5.617 13.65
      vertex 27.4646 5.617 13.65
    endloop
  endfacet
  facet normal 0 0.989176 0.146732
    outer loop
      vertex 2.19257 5.617 13.65
      vertex 27.4646 5.70848 13.0333
      vertex -18.3515 5.617 13.65
    endloop
  endfacet
  facet normal 0 0.989176 0.146732
    outer loop
      vertex -18.3515 5.617 13.65
      vertex 27.4646 5.70848 13.0333
      vertex -38.8956 5.617 13.65
    endloop
  endfacet
  facet normal 0 0.989176 0.146732
    outer loop
      vertex -38.8956 5.617 13.65
      vertex 27.4646 5.70848 13.0333
      vertex -59.4397 5.617 13.65
    endloop
  endfacet
  facet normal 0 0.989176 0.146732
    outer loop
      vertex -59.4397 5.617 13.65
      vertex 27.4646 5.70848 13.0333
      vertex -79.9838 5.617 13.65
    endloop
  endfacet
  facet normal -0 0.989176 0.146732
    outer loop
      vertex -125.8 5.70848 13.0333
      vertex -79.9838 5.617 13.65
      vertex 27.4646 5.70848 13.0333
    endloop
  endfacet
  facet normal 0 0.989176 0.146732
    outer loop
      vertex -79.9838 5.617 13.65
      vertex -125.8 5.70848 13.0333
      vertex -100.528 5.617 13.65
    endloop
  endfacet
  facet normal 0 0.989176 0.146732
    outer loop
      vertex -100.528 5.617 13.65
      vertex -125.8 5.70848 13.0333
      vertex -125.8 5.617 13.65
    endloop
  endfacet
  facet normal 0 0.989176 0.146733
    outer loop
      vertex 2.19257 5.617 13.65
      vertex -18.3515 5.55225 14.0865
      vertex 2.19257 5.55225 14.0865
    endloop
  endfacet
  facet normal 0 0.989176 0.146733
    outer loop
      vertex -18.3515 5.55225 14.0865
      vertex 2.19257 5.617 13.65
      vertex -18.3515 5.617 13.65
    endloop
  endfacet
  facet normal 0 0.989176 0.146733
    outer loop
      vertex -38.8956 5.617 13.65
      vertex -59.4397 5.55225 14.0865
      vertex -38.8956 5.55225 14.0865
    endloop
  endfacet
  facet normal 0 0.989176 0.146733
    outer loop
      vertex -59.4397 5.55225 14.0865
      vertex -38.8956 5.617 13.65
      vertex -59.4397 5.617 13.65
    endloop
  endfacet
  facet normal 0 0.989176 0.146733
    outer loop
      vertex -79.9838 5.617 13.65
      vertex -100.528 5.55225 14.0865
      vertex -79.9838 5.55225 14.0865
    endloop
  endfacet
  facet normal 0 0.989176 0.146733
    outer loop
      vertex -100.528 5.55225 14.0865
      vertex -79.9838 5.617 13.65
      vertex -100.528 5.617 13.65
    endloop
  endfacet
  facet normal 0 -0.336898 0.941541
    outer loop
      vertex -125.8 20.5021 5.12591
      vertex 27.4646 19.4996 4.7672
      vertex 27.4646 20.5021 5.12591
    endloop
  endfacet
  facet normal 0 -0.336898 0.941541
    outer loop
      vertex 27.4646 19.4996 4.7672
      vertex -125.8 20.5021 5.12591
      vertex -125.8 19.4996 4.7672
    endloop
  endfacet
  facet normal -0 0.595686 0.803217
    outer loop
      vertex -125.8 10.3221 6.12855
      vertex 27.4646 9.46683 6.76284
      vertex 27.4646 10.3221 6.12855
    endloop
  endfacet
  facet normal 0 0.595686 0.803217
    outer loop
      vertex 27.4646 9.46683 6.76284
      vertex -125.8 10.3221 6.12855
      vertex -125.8 9.46683 6.76284
    endloop
  endfacet
  facet normal -0 0.51413 0.857712
    outer loop
      vertex -125.8 11.2353 5.58116
      vertex 27.4646 10.3221 6.12855
      vertex 27.4646 11.2353 5.58116
    endloop
  endfacet
  facet normal 0 0.51413 0.857712
    outer loop
      vertex 27.4646 10.3221 6.12855
      vertex -125.8 11.2353 5.58116
      vertex -125.8 10.3221 6.12855
    endloop
  endfacet
  facet normal -0 0.336898 0.941541
    outer loop
      vertex -125.8 13.2004 4.7672
      vertex 27.4646 12.1979 5.12591
      vertex 27.4646 13.2004 4.7672
    endloop
  endfacet
  facet normal 0 0.336898 0.941541
    outer loop
      vertex 27.4646 12.1979 5.12591
      vertex -125.8 13.2004 4.7672
      vertex -125.8 12.1979 5.12591
    endloop
  endfacet
  facet normal 0 -0.989172 0.146764
    outer loop
      vertex -125.075 26.9915 13.0333
      vertex -100.528 27.083 13.65
      vertex -125.8 27.083 13.65
    endloop
  endfacet
  facet normal 0 -0.989172 0.146764
    outer loop
      vertex -100.528 27.083 13.65
      vertex -125.075 26.9915 13.0333
      vertex -79.9838 27.083 13.65
    endloop
  endfacet
  facet normal 0 -0.989172 0.146764
    outer loop
      vertex -79.9838 27.083 13.65
      vertex -125.075 26.9915 13.0333
      vertex -59.4397 27.083 13.65
    endloop
  endfacet
  facet normal 0 -0.989172 0.146764
    outer loop
      vertex -59.4397 27.083 13.65
      vertex -125.075 26.9915 13.0333
      vertex -38.8956 27.083 13.65
    endloop
  endfacet
  facet normal 0 -0.989172 0.146764
    outer loop
      vertex -38.8956 27.083 13.65
      vertex -125.075 26.9915 13.0333
      vertex -18.3515 27.083 13.65
    endloop
  endfacet
  facet normal 0 -0.989172 0.146764
    outer loop
      vertex 27.4646 26.9915 13.0333
      vertex -18.3515 27.083 13.65
      vertex -125.075 26.9915 13.0333
    endloop
  endfacet
  facet normal 0 -0.989172 0.146764
    outer loop
      vertex -125.075 26.9915 13.0333
      vertex -125.8 27.083 13.65
      vertex -125.8 26.9915 13.0333
    endloop
  endfacet
  facet normal 0 -0.989172 0.146764
    outer loop
      vertex -18.3515 27.083 13.65
      vertex 27.4646 26.9915 13.0333
      vertex 2.19257 27.083 13.65
    endloop
  endfacet
  facet normal 0 -0.989172 0.146764
    outer loop
      vertex 2.19257 27.083 13.65
      vertex 27.4646 26.9915 13.0333
      vertex 27.4646 27.083 13.65
    endloop
  endfacet
  facet normal 0 -0.98916 0.146844
    outer loop
      vertex -100.528 27.083 13.65
      vertex -79.9838 27.1478 14.0865
      vertex -100.528 27.1478 14.0865
    endloop
  endfacet
  facet normal 0 -0.98916 0.146844
    outer loop
      vertex -79.9838 27.1478 14.0865
      vertex -100.528 27.083 13.65
      vertex -79.9838 27.083 13.65
    endloop
  endfacet
  facet normal 0 -0.98916 0.146844
    outer loop
      vertex -59.4397 27.083 13.65
      vertex -38.8956 27.1478 14.0865
      vertex -59.4397 27.1478 14.0865
    endloop
  endfacet
  facet normal 0 -0.98916 0.146844
    outer loop
      vertex -38.8956 27.1478 14.0865
      vertex -59.4397 27.083 13.65
      vertex -38.8956 27.083 13.65
    endloop
  endfacet
  facet normal 0 -0.98916 0.146844
    outer loop
      vertex -18.3515 27.083 13.65
      vertex 2.19257 27.1478 14.0865
      vertex -18.3515 27.1478 14.0865
    endloop
  endfacet
  facet normal 0 -0.98916 0.146844
    outer loop
      vertex 2.19257 27.1478 14.0865
      vertex -18.3515 27.083 13.65
      vertex 2.19257 27.083 13.65
    endloop
  endfacet
  facet normal 0 -0.51413 0.857712
    outer loop
      vertex -125.8 22.3779 6.12855
      vertex 27.4646 21.4647 5.58116
      vertex 27.4646 22.3779 6.12855
    endloop
  endfacet
  facet normal 0 -0.51413 0.857712
    outer loop
      vertex 27.4646 21.4647 5.58116
      vertex -125.8 22.3779 6.12855
      vertex -125.8 21.4647 5.58116
    endloop
  endfacet
  facet normal 0 0.803204 0.595704
    outer loop
      vertex 27.4646 7.96284 8.26683
      vertex -125.8 7.32855 9.12206
      vertex 27.4646 7.32855 9.12206
    endloop
  endfacet
  facet normal 0 0.803204 0.595704
    outer loop
      vertex -125.8 7.32855 9.12206
      vertex 27.4646 7.96284 8.26683
      vertex -125.8 7.96284 8.26683
    endloop
  endfacet
  facet normal 0 -0.970037 0.242955
    outer loop
      vertex -125.239 26.7328 12.0004
      vertex -125.075 26.9915 13.0333
      vertex -125.8 26.9915 13.0333
    endloop
  endfacet
  facet normal 0 -0.970037 0.242955
    outer loop
      vertex -125.239 26.7328 12.0004
      vertex -125.8 26.9915 13.0333
      vertex -125.8 26.7328 12.0004
    endloop
  endfacet
  facet normal 0 -0.970037 0.242955
    outer loop
      vertex 27.4646 26.7328 12.0004
      vertex -125.075 26.9915 13.0333
      vertex -125.239 26.7328 12.0004
    endloop
  endfacet
  facet normal 0 -0.970037 0.242955
    outer loop
      vertex -125.075 26.9915 13.0333
      vertex 27.4646 26.7328 12.0004
      vertex 27.4646 26.9915 13.0333
    endloop
  endfacet
  facet normal 0 -0.941544 0.33689
    outer loop
      vertex -125.428 26.3741 10.9979
      vertex -125.239 26.7328 12.0004
      vertex -125.8 26.7328 12.0004
    endloop
  endfacet
  facet normal 0 -0.941544 0.33689
    outer loop
      vertex -125.428 26.3741 10.9979
      vertex -125.8 26.7328 12.0004
      vertex -125.8 26.3741 10.9979
    endloop
  endfacet
  facet normal 0 -0.941544 0.33689
    outer loop
      vertex 27.4646 26.3741 10.9979
      vertex -125.239 26.7328 12.0004
      vertex -125.428 26.3741 10.9979
    endloop
  endfacet
  facet normal 0 -0.941544 0.33689
    outer loop
      vertex -125.239 26.7328 12.0004
      vertex 27.4646 26.3741 10.9979
      vertex 27.4646 26.7328 12.0004
    endloop
  endfacet
  facet normal 1 0 0
    outer loop
      vertex -125.8 27.2 19.15
      vertex -125.8 27.083 13.65
      vertex -125.8 27.2 13.65
    endloop
  endfacet
  facet normal 1 0 0
    outer loop
      vertex -125.8 5.617 13.65
      vertex -125.8 27.083 13.65
      vertex -125.8 27.2 19.15
    endloop
  endfacet
  facet normal 1 0 -0
    outer loop
      vertex -125.8 26.7328 12.0004
      vertex -125.8 27.083 13.65
      vertex -125.8 5.617 13.65
    endloop
  endfacet
  facet normal 1 0 0
    outer loop
      vertex -125.8 27.083 13.65
      vertex -125.8 26.7328 12.0004
      vertex -125.8 26.9915 13.0333
    endloop
  endfacet
  facet normal 1 0 0
    outer loop
      vertex -125.8 26.7328 12.0004
      vertex -125.8 5.617 13.65
      vertex -125.8 26.3741 10.9979
    endloop
  endfacet
  facet normal 1 0 0
    outer loop
      vertex -125.8 26.3741 10.9979
      vertex -125.8 5.617 13.65
      vertex -125.8 25.9188 10.0353
    endloop
  endfacet
  facet normal 1 0 0
    outer loop
      vertex -125.8 25.9188 10.0353
      vertex -125.8 5.617 13.65
      vertex -125.8 25.3714 9.12206
    endloop
  endfacet
  facet normal 1 0 0
    outer loop
      vertex -125.8 25.3714 9.12206
      vertex -125.8 5.617 13.65
      vertex -125.8 24.7372 8.26683
    endloop
  endfacet
  facet normal 1 0 0
    outer loop
      vertex -125.8 24.7372 8.26683
      vertex -125.8 5.617 13.65
      vertex -125.8 24.0221 7.47789
    endloop
  endfacet
  facet normal 1 0 0
    outer loop
      vertex -125.8 24.0221 7.47789
      vertex -125.8 5.617 13.65
      vertex -125.8 23.2332 6.76284
    endloop
  endfacet
  facet normal 1 0 0
    outer loop
      vertex -125.8 23.2332 6.76284
      vertex -125.8 5.617 13.65
      vertex -125.8 22.3779 6.12855
    endloop
  endfacet
  facet normal 1 0 0
    outer loop
      vertex -125.8 22.3779 6.12855
      vertex -125.8 5.617 13.65
      vertex -125.8 21.4647 5.58116
    endloop
  endfacet
  facet normal 1 0 0
    outer loop
      vertex -125.8 21.4647 5.58116
      vertex -125.8 5.617 13.65
      vertex -125.8 20.5021 5.12591
    endloop
  endfacet
  facet normal 1 0 0
    outer loop
      vertex -125.8 20.5021 5.12591
      vertex -125.8 5.617 13.65
      vertex -125.8 19.4996 4.7672
    endloop
  endfacet
  facet normal 1 0 0
    outer loop
      vertex -125.8 19.4996 4.7672
      vertex -125.8 5.617 13.65
      vertex -125.8 18.4667 4.50848
    endloop
  endfacet
  facet normal 1 0 0
    outer loop
      vertex -125.8 18.4667 4.50848
      vertex -125.8 5.617 13.65
      vertex -125.8 17.4135 4.35225
    endloop
  endfacet
  facet normal 1 0 0
    outer loop
      vertex -125.8 17.4135 4.35225
      vertex -125.8 5.617 13.65
      vertex -125.8 16.35 4.3
    endloop
  endfacet
  facet normal 1 0 0
    outer loop
      vertex -125.8 16.35 4.3
      vertex -125.8 5.617 13.65
      vertex -125.8 15.2865 4.35225
    endloop
  endfacet
  facet normal 1 0 0
    outer loop
      vertex -125.8 15.2865 4.35225
      vertex -125.8 5.617 13.65
      vertex -125.8 14.2333 4.50848
    endloop
  endfacet
  facet normal 1 0 0
    outer loop
      vertex -125.8 14.2333 4.50848
      vertex -125.8 5.617 13.65
      vertex -125.8 13.2004 4.7672
    endloop
  endfacet
  facet normal 1 0 0
    outer loop
      vertex -125.8 13.2004 4.7672
      vertex -125.8 5.617 13.65
      vertex -125.8 12.1979 5.12591
    endloop
  endfacet
  facet normal 1 0 0
    outer loop
      vertex -125.8 12.1979 5.12591
      vertex -125.8 5.617 13.65
      vertex -125.8 11.2353 5.58116
    endloop
  endfacet
  facet normal 1 0 0
    outer loop
      vertex -125.8 11.2353 5.58116
      vertex -125.8 5.617 13.65
      vertex -125.8 10.3221 6.12855
    endloop
  endfacet
  facet normal 1 0 0
    outer loop
      vertex -125.8 10.3221 6.12855
      vertex -125.8 5.617 13.65
      vertex -125.8 9.46683 6.76284
    endloop
  endfacet
  facet normal 1 0 0
    outer loop
      vertex -125.8 9.46683 6.76284
      vertex -125.8 5.617 13.65
      vertex -125.8 8.67789 7.47789
    endloop
  endfacet
  facet normal 1 0 0
    outer loop
      vertex -125.8 8.67789 7.47789
      vertex -125.8 5.617 13.65
      vertex -125.8 7.96284 8.26683
    endloop
  endfacet
  facet normal 1 0 0
    outer loop
      vertex -125.8 7.96284 8.26683
      vertex -125.8 5.617 13.65
      vertex -125.8 7.32855 9.12206
    endloop
  endfacet
  facet normal 1 0 0
    outer loop
      vertex -125.8 7.32855 9.12206
      vertex -125.8 5.617 13.65
      vertex -125.8 6.78116 10.0353
    endloop
  endfacet
  facet normal 1 0 0
    outer loop
      vertex -125.8 6.78116 10.0353
      vertex -125.8 5.617 13.65
      vertex -125.8 6.32591 10.9979
    endloop
  endfacet
  facet normal 1 0 0
    outer loop
      vertex -125.8 6.32591 10.9979
      vertex -125.8 5.617 13.65
      vertex -125.8 5.9672 12.0004
    endloop
  endfacet
  facet normal 1 0 0
    outer loop
      vertex -125.8 5.9672 12.0004
      vertex -125.8 5.617 13.65
      vertex -125.8 5.70848 13.0333
    endloop
  endfacet
  facet normal 1 -0 0
    outer loop
      vertex -125.8 5.5 19.15
      vertex -125.8 5.617 13.65
      vertex -125.8 27.2 19.15
    endloop
  endfacet
  facet normal 1 0 0
    outer loop
      vertex -125.8 5.617 13.65
      vertex -125.8 5.5 19.15
      vertex -125.8 5.5 13.65
    endloop
  endfacet
  facet normal 1 -0 0
    outer loop
      vertex -125.8 5.5 21.55
      vertex -125.8 27.2 19.15
      vertex -125.8 27.2 21.55
    endloop
  endfacet
  facet normal 1 0 0
    outer loop
      vertex -125.8 27.2 19.15
      vertex -125.8 5.5 21.55
      vertex -125.8 5.5 19.15
    endloop
  endfacet
  facet normal 0 -1 0
    outer loop
      vertex -125.8 27.2 13.65
      vertex -124.92 27.2 19.15
      vertex -125.8 27.2 19.15
    endloop
  endfacet
  facet normal 0 -1 -0
    outer loop
      vertex -124.92 27.2 19.15
      vertex -125.8 27.2 13.65
      vertex -124.92 27.2 13.65
    endloop
  endfacet
  facet normal 0 -1 0
    outer loop
      vertex -125.8 27.2 19.15
      vertex -124.92 27.2 21.55
      vertex -125.8 27.2 21.55
    endloop
  endfacet
  facet normal 0 -1 -0
    outer loop
      vertex -124.92 27.2 21.55
      vertex -125.8 27.2 19.15
      vertex -124.92 27.2 19.15
    endloop
  endfacet
  facet normal 0 -0.941544 0.33689
    outer loop
      vertex 93.8 26.3741 10.9979
      vertex 125.239 26.7328 12.0004
      vertex 93.8 26.7328 12.0004
    endloop
  endfacet
  facet normal 0 -0.941544 0.33689
    outer loop
      vertex 125.239 26.7328 12.0004
      vertex 93.8 26.3741 10.9979
      vertex 125.428 26.3741 10.9979
    endloop
  endfacet
  facet normal 0 -0.941544 0.33689
    outer loop
      vertex 125.239 26.7328 12.0004
      vertex 125.428 26.3741 10.9979
      vertex 125.8 26.7328 12.0004
    endloop
  endfacet
  facet normal 0 -0.941544 0.33689
    outer loop
      vertex 125.8 26.7328 12.0004
      vertex 125.428 26.3741 10.9979
      vertex 125.8 26.3741 10.9979
    endloop
  endfacet
  facet normal 0 -0.740929 0.671583
    outer loop
      vertex 93.8 24.0221 7.47789
      vertex 125.798 24.7372 8.26683
      vertex 93.8 24.7372 8.26683
    endloop
  endfacet
  facet normal 0 -0.740929 0.671583
    outer loop
      vertex 125.8 24.0221 7.47789
      vertex 125.798 24.7372 8.26683
      vertex 93.8 24.0221 7.47789
    endloop
  endfacet
  facet normal 0 -0.740929 0.671583
    outer loop
      vertex 125.798 24.7372 8.26683
      vertex 125.8 24.0221 7.47789
      vertex 125.8 24.7372 8.26683
    endloop
  endfacet
  facet normal 0 -0.903981 0.427574
    outer loop
      vertex 93.8 25.9188 10.0353
      vertex 125.428 26.3741 10.9979
      vertex 93.8 26.3741 10.9979
    endloop
  endfacet
  facet normal 0 -0.903981 0.427574
    outer loop
      vertex 125.428 26.3741 10.9979
      vertex 93.8 25.9188 10.0353
      vertex 125.607 25.9188 10.0353
    endloop
  endfacet
  facet normal 0 -0.903981 0.427574
    outer loop
      vertex 125.428 26.3741 10.9979
      vertex 125.607 25.9188 10.0353
      vertex 125.8 26.3741 10.9979
    endloop
  endfacet
  facet normal 0 -0.903981 0.427574
    outer loop
      vertex 125.8 26.3741 10.9979
      vertex 125.607 25.9188 10.0353
      vertex 125.8 25.9188 10.0353
    endloop
  endfacet
  facet normal 0 -0.857718 0.51412
    outer loop
      vertex 93.8 25.3714 9.12206
      vertex 125.607 25.9188 10.0353
      vertex 93.8 25.9188 10.0353
    endloop
  endfacet
  facet normal 0 -0.857718 0.51412
    outer loop
      vertex 125.607 25.9188 10.0353
      vertex 93.8 25.3714 9.12206
      vertex 125.739 25.3714 9.12206
    endloop
  endfacet
  facet normal 0 -0.857718 0.51412
    outer loop
      vertex 125.607 25.9188 10.0353
      vertex 125.739 25.3714 9.12206
      vertex 125.8 25.9188 10.0353
    endloop
  endfacet
  facet normal 0 -0.857718 0.51412
    outer loop
      vertex 125.8 25.9188 10.0353
      vertex 125.739 25.3714 9.12206
      vertex 125.8 25.3714 9.12206
    endloop
  endfacet
  facet normal 0 -0.970037 0.242955
    outer loop
      vertex 93.8 26.7328 12.0004
      vertex 125.075 26.9915 13.0333
      vertex 93.8 26.9915 13.0333
    endloop
  endfacet
  facet normal 0 -0.970037 0.242955
    outer loop
      vertex 125.075 26.9915 13.0333
      vertex 93.8 26.7328 12.0004
      vertex 125.239 26.7328 12.0004
    endloop
  endfacet
  facet normal 0 -0.970037 0.242955
    outer loop
      vertex 125.075 26.9915 13.0333
      vertex 125.239 26.7328 12.0004
      vertex 125.8 26.9915 13.0333
    endloop
  endfacet
  facet normal 0 -0.970037 0.242955
    outer loop
      vertex 125.8 26.9915 13.0333
      vertex 125.239 26.7328 12.0004
      vertex 125.8 26.7328 12.0004
    endloop
  endfacet
  facet normal 0 -0.989167 0.146797
    outer loop
      vertex 125.075 26.9915 13.0333
      vertex 93.8 27.1478 14.0865
      vertex 93.8 26.9915 13.0333
    endloop
  endfacet
  facet normal 0 -0.989167 0.146797
    outer loop
      vertex 93.8 27.1478 14.0865
      vertex 125.075 26.9915 13.0333
      vertex 125.8 27.1478 14.0865
    endloop
  endfacet
  facet normal 0 -0.989167 0.146797
    outer loop
      vertex 125.8 27.1478 14.0865
      vertex 125.075 26.9915 13.0333
      vertex 125.8 26.9915 13.0333
    endloop
  endfacet
  facet normal 0 -0.803244 0.59565
    outer loop
      vertex 93.8 24.7372 8.26683
      vertex 125.739 25.3714 9.12206
      vertex 93.8 25.3714 9.12206
    endloop
  endfacet
  facet normal 0 -0.803244 0.59565
    outer loop
      vertex 125.798 24.7372 8.26683
      vertex 125.739 25.3714 9.12206
      vertex 93.8 24.7372 8.26683
    endloop
  endfacet
  facet normal 0 -0.803244 0.59565
    outer loop
      vertex 125.739 25.3714 9.12206
      vertex 125.798 24.7372 8.26683
      vertex 125.8 25.3714 9.12206
    endloop
  endfacet
  facet normal 0 -0.803244 0.59565
    outer loop
      vertex 125.8 25.3714 9.12206
      vertex 125.798 24.7372 8.26683
      vertex 125.8 24.7372 8.26683
    endloop
  endfacet
  facet normal 0 -1 0
    outer loop
      vertex 74.2 28.7 14.15
      vertex 95.05 28.7 15.15
      vertex 74.2 28.7 15.15
    endloop
  endfacet
  facet normal 0 -1 0
    outer loop
      vertex 125.8 28.7 14.15
      vertex 95.05 28.7 15.15
      vertex 74.2 28.7 14.15
    endloop
  endfacet
  facet normal 0 -1 0
    outer loop
      vertex 95.05 28.7 15.15
      vertex 125.8 28.7 14.15
      vertex 113.55 28.7 15.15
    endloop
  endfacet
  facet normal 0 -1 0
    outer loop
      vertex 95.05 28.7 15.15
      vertex 113.55 28.7 15.4
      vertex 95.05 28.7 15.4
    endloop
  endfacet
  facet normal 0 -1 -0
    outer loop
      vertex 113.55 28.7 15.4
      vertex 95.05 28.7 15.15
      vertex 113.55 28.7 15.15
    endloop
  endfacet
  facet normal 0 -1 0
    outer loop
      vertex 121.8 28.7 15.15
      vertex 125.8 28.7 19.15
      vertex 121.8 28.7 19.15
    endloop
  endfacet
  facet normal 0 -1 0
    outer loop
      vertex 121.8 28.7 15.15
      vertex 125.8 28.7 14.15
      vertex 125.8 28.7 19.15
    endloop
  endfacet
  facet normal 0 -1 0
    outer loop
      vertex 113.55 28.7 15.15
      vertex 125.8 28.7 14.15
      vertex 121.8 28.7 15.15
    endloop
  endfacet
  facet normal 0 -1 0
    outer loop
      vertex 121.8 28.7 19.15
      vertex 125.227 28.7 21.55
      vertex 121.8 28.7 21.55
    endloop
  endfacet
  facet normal 0 -1 -0
    outer loop
      vertex 125.227 28.7 21.55
      vertex 121.8 28.7 19.15
      vertex 125.227 28.7 19.15
    endloop
  endfacet
  facet normal 0.514871 -0.857268 0
    outer loop
      vertex -124.022 28.0259 13.65
      vertex -123.686 28.2277 19.15
      vertex -124.022 28.0259 19.15
    endloop
  endfacet
  facet normal 0.514713 -0.857362 1.31158e-05
    outer loop
      vertex -123.732 28.2 13.65
      vertex -123.686 28.2277 19.15
      vertex -124.022 28.0259 13.65
    endloop
  endfacet
  facet normal 0.515864 -0.85667 0
    outer loop
      vertex -123.686 28.2277 2.8
      vertex -123.732 28.2 13.65
      vertex -123.732 28.2 2.8
    endloop
  endfacet
  facet normal 0.515864 -0.85667 0
    outer loop
      vertex -123.732 28.2 13.65
      vertex -123.686 28.2277 2.8
      vertex -123.686 28.2277 19.15
    endloop
  endfacet
  facet normal 0.514871 -0.857268 0
    outer loop
      vertex -124.022 28.0259 19.15
      vertex -123.686 28.2277 21.55
      vertex -124.022 28.0259 21.55
    endloop
  endfacet
  facet normal 0.514871 -0.857268 0
    outer loop
      vertex -123.686 28.2277 21.55
      vertex -124.022 28.0259 19.15
      vertex -123.686 28.2277 19.15
    endloop
  endfacet
  facet normal 0.740401 -0.672166 0
    outer loop
      vertex -124.892 27.2376 19.15
      vertex -124.628 27.5284 13.65
      vertex -124.628 27.5284 19.15
    endloop
  endfacet
  facet normal 0.740401 -0.672166 0
    outer loop
      vertex -124.628 27.5284 13.65
      vertex -124.892 27.2376 19.15
      vertex -124.892 27.2376 13.65
    endloop
  endfacet
  facet normal 0.740401 -0.672166 0
    outer loop
      vertex -124.892 27.2376 21.55
      vertex -124.628 27.5284 19.15
      vertex -124.628 27.5284 21.55
    endloop
  endfacet
  facet normal 0.740401 -0.672166 0
    outer loop
      vertex -124.628 27.5284 19.15
      vertex -124.892 27.2376 21.55
      vertex -124.892 27.2376 19.15
    endloop
  endfacet
  facet normal 0 1 -0
    outer loop
      vertex -42.925 -28.7 15.15
      vertex -72.175 -28.7 15.4
      vertex -42.925 -28.7 15.4
    endloop
  endfacet
  facet normal 0 1 0
    outer loop
      vertex -72.175 -28.7 15.4
      vertex -42.925 -28.7 15.15
      vertex -72.175 -28.7 15.15
    endloop
  endfacet
  facet normal 0 1 -0
    outer loop
      vertex 10.325 -28.7 15.15
      vertex -18.925 -28.7 15.4
      vertex 10.325 -28.7 15.4
    endloop
  endfacet
  facet normal 0 1 0
    outer loop
      vertex -18.925 -28.7 15.4
      vertex 10.325 -28.7 15.15
      vertex -18.925 -28.7 15.15
    endloop
  endfacet
  facet normal 0 1 0
    outer loop
      vertex 34.325 -28.7 15.15
      vertex 38.4333 -28.7 18.9
      vertex 63.575 -28.7 15.15
    endloop
  endfacet
  facet normal 0 1 0
    outer loop
      vertex 38.4333 -28.7 18.9
      vertex 34.325 -28.7 15.15
      vertex 34.325 -28.7 15.4
    endloop
  endfacet
  facet normal 0 1 0
    outer loop
      vertex 121.8 -28.7 19.15
      vertex 113.8 -28.7 18.9
      vertex 113.8 -28.7 19.15
    endloop
  endfacet
  facet normal 0 1 -0
    outer loop
      vertex 63.575 -28.7 15.4
      vertex 38.4333 -28.7 18.9
      vertex 113.8 -28.7 18.9
    endloop
  endfacet
  facet normal 0 1 0
    outer loop
      vertex 10.325 -28.7 15.4
      vertex 38.4333 -28.7 18.9
      vertex 34.325 -28.7 15.4
    endloop
  endfacet
  facet normal 0 1 0
    outer loop
      vertex 63.575 -28.7 15.4
      vertex 113.8 -28.7 18.9
      vertex 87.575 -28.7 15.4
    endloop
  endfacet
  facet normal 0 1 -0
    outer loop
      vertex 121.8 -28.7 15.15
      vertex 113.8 -28.7 18.9
      vertex 121.8 -28.7 19.15
    endloop
  endfacet
  facet normal 0 1 0
    outer loop
      vertex 87.575 -28.7 15.15
      vertex 113.8 -28.7 18.9
      vertex 121.8 -28.7 15.15
    endloop
  endfacet
  facet normal 0 1 0
    outer loop
      vertex 113.8 -28.7 18.9
      vertex 87.575 -28.7 15.15
      vertex 87.575 -28.7 15.4
    endloop
  endfacet
  facet normal 0 1 -0
    outer loop
      vertex 38.4333 -28.7 18.9
      vertex -38.4333 -28.7 19.15
      vertex 38.4333 -28.7 19.15
    endloop
  endfacet
  facet normal 0 1 0
    outer loop
      vertex -38.4333 -28.7 19.15
      vertex 38.4333 -28.7 18.9
      vertex -38.4333 -28.7 18.9
    endloop
  endfacet
  facet normal 0 1 -0
    outer loop
      vertex -113.8 -28.7 18.9
      vertex -121.8 -28.7 19.15
      vertex -113.8 -28.7 19.15
    endloop
  endfacet
  facet normal 0 1 -0
    outer loop
      vertex 63.575 -28.7 15.15
      vertex 38.4333 -28.7 18.9
      vertex 63.575 -28.7 15.4
    endloop
  endfacet
  facet normal 0 1 0
    outer loop
      vertex 38.4333 -28.7 18.9
      vertex 10.325 -28.7 15.4
      vertex -38.4333 -28.7 18.9
    endloop
  endfacet
  facet normal 0 1 -0
    outer loop
      vertex -18.925 -28.7 15.4
      vertex -38.4333 -28.7 18.9
      vertex 10.325 -28.7 15.4
    endloop
  endfacet
  facet normal 0 1 0
    outer loop
      vertex -42.925 -28.7 15.4
      vertex -38.4333 -28.7 18.9
      vertex -18.925 -28.7 15.4
    endloop
  endfacet
  facet normal 0 1 0
    outer loop
      vertex -72.175 -28.7 15.4
      vertex -38.4333 -28.7 18.9
      vertex -42.925 -28.7 15.4
    endloop
  endfacet
  facet normal 0 1 0
    outer loop
      vertex -38.4333 -28.7 18.9
      vertex -72.175 -28.7 15.4
      vertex -113.8 -28.7 18.9
    endloop
  endfacet
  facet normal 0 1 -0
    outer loop
      vertex -96.175 -28.7 15.4
      vertex -113.8 -28.7 18.9
      vertex -72.175 -28.7 15.4
    endloop
  endfacet
  facet normal 0 1 -0
    outer loop
      vertex -96.175 -28.7 15.15
      vertex -113.8 -28.7 18.9
      vertex -96.175 -28.7 15.4
    endloop
  endfacet
  facet normal 0 1 0
    outer loop
      vertex -113.8 -28.7 18.9
      vertex -96.175 -28.7 15.15
      vertex -121.8 -28.7 15.15
    endloop
  endfacet
  facet normal 0 1 0
    outer loop
      vertex -113.8 -28.7 18.9
      vertex -121.8 -28.7 15.15
      vertex -121.8 -28.7 19.15
    endloop
  endfacet
  facet normal 0 1 -0
    outer loop
      vertex -113.8 -28.7 19.15
      vertex -121.8 -28.7 21.55
      vertex -113.8 -28.7 21.55
    endloop
  endfacet
  facet normal 0 1 0
    outer loop
      vertex -121.8 -28.7 21.55
      vertex -113.8 -28.7 19.15
      vertex -121.8 -28.7 19.15
    endloop
  endfacet
  facet normal 0 1 -0
    outer loop
      vertex 121.8 -28.7 19.15
      vertex 113.8 -28.7 21.55
      vertex 121.8 -28.7 21.55
    endloop
  endfacet
  facet normal 0 1 0
    outer loop
      vertex 113.8 -28.7 21.55
      vertex 121.8 -28.7 19.15
      vertex 113.8 -28.7 19.15
    endloop
  endfacet
  facet normal 0 -1 0
    outer loop
      vertex 121.8 28.7 19.15
      vertex 74.2 28.7 15.15
      vertex 95.05 28.7 15.4
    endloop
  endfacet
  facet normal 0 -1 0
    outer loop
      vertex 2.19257 28.7 2.8
      vertex 74.2 28.7 15.15
      vertex 2.19257 28.7 15.4
    endloop
  endfacet
  facet normal 0 -1 -0
    outer loop
      vertex 74.2 28.7 15.15
      vertex 2.19257 28.7 2.8
      vertex 74.2 28.7 2.8
    endloop
  endfacet
  facet normal 0 -1 0
    outer loop
      vertex -38.8956 28.7 2.8
      vertex -18.3515 28.7 15.4
      vertex -38.8956 28.7 15.4
    endloop
  endfacet
  facet normal 0 -1 -0
    outer loop
      vertex -18.3515 28.7 15.4
      vertex -38.8956 28.7 2.8
      vertex -18.3515 28.7 2.8
    endloop
  endfacet
  facet normal 0 -1 0
    outer loop
      vertex -79.9838 28.7 2.8
      vertex -59.4397 28.7 15.4
      vertex -79.9838 28.7 15.4
    endloop
  endfacet
  facet normal 0 -1 -0
    outer loop
      vertex -59.4397 28.7 15.4
      vertex -79.9838 28.7 2.8
      vertex -59.4397 28.7 2.8
    endloop
  endfacet
  facet normal 0 -1 0
    outer loop
      vertex -79.9838 28.7 15.4
      vertex -121.8 28.7 19.15
      vertex -100.528 28.7 15.4
    endloop
  endfacet
  facet normal 0 -1 0
    outer loop
      vertex -121.8 28.7 2.8
      vertex -100.528 28.7 15.4
      vertex -121.8 28.7 19.15
    endloop
  endfacet
  facet normal 0 -1 -0
    outer loop
      vertex -100.528 28.7 15.4
      vertex -121.8 28.7 2.8
      vertex -100.528 28.7 2.8
    endloop
  endfacet
  facet normal 0 -1 0
    outer loop
      vertex -59.4397 28.7 15.4
      vertex -121.8 28.7 19.15
      vertex -79.9838 28.7 15.4
    endloop
  endfacet
  facet normal 0 -1 0
    outer loop
      vertex -38.8956 28.7 15.4
      vertex -121.8 28.7 19.15
      vertex -59.4397 28.7 15.4
    endloop
  endfacet
  facet normal 0 -1 0
    outer loop
      vertex -18.3515 28.7 15.4
      vertex -121.8 28.7 19.15
      vertex -38.8956 28.7 15.4
    endloop
  endfacet
  facet normal 0 -1 0
    outer loop
      vertex -121.8 28.7 19.15
      vertex -18.3515 28.7 15.4
      vertex 121.8 28.7 19.15
    endloop
  endfacet
  facet normal 0 -1 0
    outer loop
      vertex 2.19257 28.7 15.4
      vertex 121.8 28.7 19.15
      vertex -18.3515 28.7 15.4
    endloop
  endfacet
  facet normal 0 -1 0
    outer loop
      vertex 74.2 28.7 15.15
      vertex 121.8 28.7 19.15
      vertex 2.19257 28.7 15.4
    endloop
  endfacet
  facet normal 0 -1 0
    outer loop
      vertex 113.55 28.7 15.4
      vertex 121.8 28.7 19.15
      vertex 95.05 28.7 15.4
    endloop
  endfacet
  facet normal 0 -1 0
    outer loop
      vertex 121.8 28.7 15.15
      vertex 113.55 28.7 15.4
      vertex 113.55 28.7 15.15
    endloop
  endfacet
  facet normal 0 -1 0
    outer loop
      vertex 113.55 28.7 15.4
      vertex 121.8 28.7 15.15
      vertex 121.8 28.7 19.15
    endloop
  endfacet
  facet normal 0 -1 -0
    outer loop
      vertex 95.05 28.7 15.4
      vertex 74.2 28.7 15.15
      vertex 95.05 28.7 15.15
    endloop
  endfacet
  facet normal 0 -1 0
    outer loop
      vertex -121.8 28.7 19.15
      vertex 121.8 28.7 21.55
      vertex -121.8 28.7 21.55
    endloop
  endfacet
  facet normal 0 -1 -0
    outer loop
      vertex 121.8 28.7 21.55
      vertex -121.8 28.7 19.15
      vertex 121.8 28.7 19.15
    endloop
  endfacet
  facet normal 0.802043 -0.597266 0
    outer loop
      vertex -124.92 27.2 19.15
      vertex -124.892 27.2376 13.65
      vertex -124.892 27.2376 19.15
    endloop
  endfacet
  facet normal 0.802043 -0.597266 0
    outer loop
      vertex -124.892 27.2376 13.65
      vertex -124.92 27.2 19.15
      vertex -124.92 27.2 13.65
    endloop
  endfacet
  facet normal 0.802043 -0.597266 0
    outer loop
      vertex -124.92 27.2 21.55
      vertex -124.892 27.2376 19.15
      vertex -124.892 27.2376 21.55
    endloop
  endfacet
  facet normal 0.802043 -0.597266 0
    outer loop
      vertex -124.892 27.2376 19.15
      vertex -124.92 27.2 21.55
      vertex -124.92 27.2 19.15
    endloop
  endfacet
  facet normal 0.672622 -0.739986 0
    outer loop
      vertex -124.628 27.5284 13.65
      vertex -124.338 27.792 19.15
      vertex -124.628 27.5284 19.15
    endloop
  endfacet
  facet normal 0.672622 -0.739986 0
    outer loop
      vertex -124.338 27.792 19.15
      vertex -124.628 27.5284 13.65
      vertex -124.338 27.792 13.65
    endloop
  endfacet
  facet normal 0.672622 -0.739986 0
    outer loop
      vertex -124.628 27.5284 19.15
      vertex -124.338 27.792 21.55
      vertex -124.628 27.5284 21.55
    endloop
  endfacet
  facet normal 0.672622 -0.739986 0
    outer loop
      vertex -124.338 27.792 21.55
      vertex -124.628 27.5284 19.15
      vertex -124.338 27.792 19.15
    endloop
  endfacet
  facet normal 0.594942 -0.803769 0
    outer loop
      vertex -124.338 27.792 13.65
      vertex -124.022 28.0259 19.15
      vertex -124.338 27.792 19.15
    endloop
  endfacet
  facet normal 0.594942 -0.803769 0
    outer loop
      vertex -124.022 28.0259 19.15
      vertex -124.338 27.792 13.65
      vertex -124.022 28.0259 13.65
    endloop
  endfacet
  facet normal 0.594942 -0.803769 0
    outer loop
      vertex -124.338 27.792 19.15
      vertex -124.022 28.0259 21.55
      vertex -124.338 27.792 21.55
    endloop
  endfacet
  facet normal 0.594942 -0.803769 0
    outer loop
      vertex -124.022 28.0259 21.55
      vertex -124.338 27.792 19.15
      vertex -124.022 28.0259 19.15
    endloop
  endfacet
  facet normal 0.242655 -0.970113 0
    outer loop
      vertex -122.961 28.5278 2.8
      vertex -122.58 28.6231 19.15
      vertex -122.961 28.5278 19.15
    endloop
  endfacet
  facet normal 0.242655 -0.970113 0
    outer loop
      vertex -122.58 28.6231 19.15
      vertex -122.961 28.5278 2.8
      vertex -122.58 28.6231 2.8
    endloop
  endfacet
  facet normal 0.242655 -0.970113 0
    outer loop
      vertex -122.961 28.5278 19.15
      vertex -122.58 28.6231 21.55
      vertex -122.961 28.5278 21.55
    endloop
  endfacet
  facet normal 0.242655 -0.970113 0
    outer loop
      vertex -122.58 28.6231 21.55
      vertex -122.961 28.5278 19.15
      vertex -122.58 28.6231 19.15
    endloop
  endfacet
  facet normal 0.336691 -0.941615 0
    outer loop
      vertex -123.331 28.3955 2.8
      vertex -122.961 28.5278 19.15
      vertex -123.331 28.3955 19.15
    endloop
  endfacet
  facet normal 0.336691 -0.941615 0
    outer loop
      vertex -122.961 28.5278 19.15
      vertex -123.331 28.3955 2.8
      vertex -122.961 28.5278 2.8
    endloop
  endfacet
  facet normal 0.336691 -0.941615 0
    outer loop
      vertex -123.331 28.3955 19.15
      vertex -122.961 28.5278 21.55
      vertex -123.331 28.3955 21.55
    endloop
  endfacet
  facet normal 0.336691 -0.941615 0
    outer loop
      vertex -122.961 28.5278 21.55
      vertex -123.331 28.3955 19.15
      vertex -122.961 28.5278 19.15
    endloop
  endfacet
  facet normal 0.0491751 -0.99879 0
    outer loop
      vertex -122.192 28.6807 2.8
      vertex -121.8 28.7 19.15
      vertex -122.192 28.6807 19.15
    endloop
  endfacet
  facet normal 0.0491751 -0.99879 0
    outer loop
      vertex -121.8 28.7 19.15
      vertex -122.192 28.6807 2.8
      vertex -121.8 28.7 2.8
    endloop
  endfacet
  facet normal 0.0491751 -0.99879 0
    outer loop
      vertex -122.192 28.6807 19.15
      vertex -121.8 28.7 21.55
      vertex -122.192 28.6807 21.55
    endloop
  endfacet
  facet normal 0.0491751 -0.99879 0
    outer loop
      vertex -121.8 28.7 21.55
      vertex -122.192 28.6807 19.15
      vertex -121.8 28.7 19.15
    endloop
  endfacet
  facet normal 0.427342 -0.90409 0
    outer loop
      vertex -123.686 28.2277 2.8
      vertex -123.331 28.3955 19.15
      vertex -123.686 28.2277 19.15
    endloop
  endfacet
  facet normal 0.427342 -0.90409 0
    outer loop
      vertex -123.331 28.3955 19.15
      vertex -123.686 28.2277 2.8
      vertex -123.331 28.3955 2.8
    endloop
  endfacet
  facet normal 0.427342 -0.90409 0
    outer loop
      vertex -123.686 28.2277 19.15
      vertex -123.331 28.3955 21.55
      vertex -123.686 28.2277 21.55
    endloop
  endfacet
  facet normal 0.427342 -0.90409 0
    outer loop
      vertex -123.331 28.3955 21.55
      vertex -123.686 28.2277 19.15
      vertex -123.331 28.3955 19.15
    endloop
  endfacet
  facet normal 0.146844 -0.98916 0
    outer loop
      vertex -122.58 28.6231 2.8
      vertex -122.192 28.6807 19.15
      vertex -122.58 28.6231 19.15
    endloop
  endfacet
  facet normal 0.146844 -0.98916 0
    outer loop
      vertex -122.192 28.6807 19.15
      vertex -122.58 28.6231 2.8
      vertex -122.192 28.6807 2.8
    endloop
  endfacet
  facet normal 0.146844 -0.98916 0
    outer loop
      vertex -122.58 28.6231 19.15
      vertex -122.192 28.6807 21.55
      vertex -122.58 28.6231 21.55
    endloop
  endfacet
  facet normal 0.146844 -0.98916 0
    outer loop
      vertex -122.192 28.6807 21.55
      vertex -122.58 28.6231 19.15
      vertex -122.192 28.6807 19.15
    endloop
  endfacet
  facet normal -0 0 1
    outer loop
      vertex -121.8 28.7 2.8
      vertex -100.528 28.2 2.8
      vertex -100.528 28.7 2.8
    endloop
  endfacet
  facet normal 0 0 1
    outer loop
      vertex -123.732 28.2 2.8
      vertex -121.8 28.7 2.8
      vertex -122.192 28.6807 2.8
    endloop
  endfacet
  facet normal 0 0 1
    outer loop
      vertex -123.732 28.2 2.8
      vertex -122.192 28.6807 2.8
      vertex -122.58 28.6231 2.8
    endloop
  endfacet
  facet normal 0 0 1
    outer loop
      vertex -123.732 28.2 2.8
      vertex -122.58 28.6231 2.8
      vertex -122.961 28.5278 2.8
    endloop
  endfacet
  facet normal 0 0 1
    outer loop
      vertex -123.732 28.2 2.8
      vertex -122.961 28.5278 2.8
      vertex -123.331 28.3955 2.8
    endloop
  endfacet
  facet normal 0 0 1
    outer loop
      vertex -123.732 28.2 2.8
      vertex -123.331 28.3955 2.8
      vertex -123.686 28.2277 2.8
    endloop
  endfacet
  facet normal 0 0 1
    outer loop
      vertex -121.8 28.7 2.8
      vertex -123.732 28.2 2.8
      vertex -100.528 28.2 2.8
    endloop
  endfacet
  facet normal 0 0 1
    outer loop
      vertex -100.528 4.5 2.8
      vertex -125.8 4.5 2.8
      vertex -100.528 3.5 2.8
    endloop
  endfacet
  facet normal 0 0 1
    outer loop
      vertex -59.4397 4.5 2.8
      vertex -79.9838 4.5 2.8
      vertex -59.4397 3.5 2.8
    endloop
  endfacet
  facet normal 0 0 1
    outer loop
      vertex -18.3515 4.5 2.8
      vertex -38.8956 4.5 2.8
      vertex -18.3515 3.5 2.8
    endloop
  endfacet
  facet normal 0 0 1
    outer loop
      vertex 27.4646 4.5 2.8
      vertex 74.2 28.7 2.8
      vertex 27.4646 28.2 2.8
    endloop
  endfacet
  facet normal -0 0 1
    outer loop
      vertex 2.19257 28.7 2.8
      vertex 27.4646 28.2 2.8
      vertex 74.2 28.7 2.8
    endloop
  endfacet
  facet normal 0 0 1
    outer loop
      vertex 27.4646 28.2 2.8
      vertex 2.19257 28.7 2.8
      vertex 2.19257 28.2 2.8
    endloop
  endfacet
  facet normal -0 0 1
    outer loop
      vertex 74.2 3 2.8
      vertex 125.8 -3 2.8
      vertex 125.8 3 2.8
    endloop
  endfacet
  facet normal 0 0 1
    outer loop
      vertex 74.2 28.7 2.8
      vertex 27.4646 4.5 2.8
      vertex 74.2 3 2.8
    endloop
  endfacet
  facet normal 0 0 1
    outer loop
      vertex 27.4646 4.5 2.8
      vertex 125.8 -3 2.8
      vertex 74.2 3 2.8
    endloop
  endfacet
  facet normal 0 0 1
    outer loop
      vertex 2.19257 3.5 2.8
      vertex 27.4646 4.5 2.8
      vertex 2.19257 4.5 2.8
    endloop
  endfacet
  facet normal 0 0 1
    outer loop
      vertex 27.4646 4.5 2.8
      vertex 2.19257 3.5 2.8
      vertex 125.8 -3 2.8
    endloop
  endfacet
  facet normal -0 0 1
    outer loop
      vertex -18.3515 3.5 2.8
      vertex 125.8 -3 2.8
      vertex 2.19257 3.5 2.8
    endloop
  endfacet
  facet normal 0 0 1
    outer loop
      vertex -38.8956 3.5 2.8
      vertex -18.3515 3.5 2.8
      vertex -38.8956 4.5 2.8
    endloop
  endfacet
  facet normal 0 0 1
    outer loop
      vertex -125.8 -3 2.8
      vertex -18.3515 3.5 2.8
      vertex -38.8956 3.5 2.8
    endloop
  endfacet
  facet normal 0 0 1
    outer loop
      vertex -125.8 -3 2.8
      vertex -38.8956 3.5 2.8
      vertex -59.4397 3.5 2.8
    endloop
  endfacet
  facet normal 0 0 1
    outer loop
      vertex -79.9838 3.5 2.8
      vertex -59.4397 3.5 2.8
      vertex -79.9838 4.5 2.8
    endloop
  endfacet
  facet normal 0 0 1
    outer loop
      vertex -125.8 -3 2.8
      vertex -59.4397 3.5 2.8
      vertex -79.9838 3.5 2.8
    endloop
  endfacet
  facet normal 0 0 1
    outer loop
      vertex -125.8 -3 2.8
      vertex -79.9838 3.5 2.8
      vertex -100.528 3.5 2.8
    endloop
  endfacet
  facet normal 0 0 1
    outer loop
      vertex -18.3515 3.5 2.8
      vertex -125.8 -3 2.8
      vertex 125.8 -3 2.8
    endloop
  endfacet
  facet normal 0 0 1
    outer loop
      vertex -125.8 -3 2.8
      vertex -100.528 3.5 2.8
      vertex -125.8 4.5 2.8
    endloop
  endfacet
  facet normal -0 0 1
    outer loop
      vertex -79.9838 28.7 2.8
      vertex -59.4397 28.2 2.8
      vertex -59.4397 28.7 2.8
    endloop
  endfacet
  facet normal 0 0 1
    outer loop
      vertex -59.4397 28.2 2.8
      vertex -79.9838 28.7 2.8
      vertex -79.9838 28.2 2.8
    endloop
  endfacet
  facet normal -0 0 1
    outer loop
      vertex -38.8956 28.7 2.8
      vertex -18.3515 28.2 2.8
      vertex -18.3515 28.7 2.8
    endloop
  endfacet
  facet normal 0 0 1
    outer loop
      vertex -18.3515 28.2 2.8
      vertex -38.8956 28.7 2.8
      vertex -38.8956 28.2 2.8
    endloop
  endfacet
  facet normal -1 0 0
    outer loop
      vertex 38.4333 -28.1 23.75
      vertex 38.4333 -30.3067 22.1128
      vertex 38.4333 -30.3 22.25
    endloop
  endfacet
  facet normal -1 0 0
    outer loop
      vertex 38.4333 -28.1 23.75
      vertex 38.4333 -30.3269 21.9769
      vertex 38.4333 -30.3067 22.1128
    endloop
  endfacet
  facet normal -1 0 0
    outer loop
      vertex 38.4333 -28.7 19.15
      vertex 38.4333 -30.3603 21.8436
      vertex 38.4333 -30.3269 21.9769
    endloop
  endfacet
  facet normal -1 0 0
    outer loop
      vertex 38.4333 -28.7 19.15
      vertex 38.4333 -30.4066 21.7142
      vertex 38.4333 -30.3603 21.8436
    endloop
  endfacet
  facet normal -1 0 0
    outer loop
      vertex 38.4333 -28.7 19.15
      vertex 38.4333 -30.4653 21.59
      vertex 38.4333 -30.4066 21.7142
    endloop
  endfacet
  facet normal -1 0 0
    outer loop
      vertex 38.4333 -28.7 19.15
      vertex 38.4333 -30.5359 21.4722
      vertex 38.4333 -30.4653 21.59
    endloop
  endfacet
  facet normal -1 0 0
    outer loop
      vertex 38.4333 -28.7 19.15
      vertex 38.4333 -30.6178 21.3618
      vertex 38.4333 -30.5359 21.4722
    endloop
  endfacet
  facet normal -1 0 0
    outer loop
      vertex 38.4333 -28.7 19.15
      vertex 38.4333 -30.71 21.26
      vertex 38.4333 -30.6178 21.3618
    endloop
  endfacet
  facet normal -1 0 0
    outer loop
      vertex 38.4333 -28.7 19.15
      vertex 38.4333 -30.8118 21.1678
      vertex 38.4333 -30.71 21.26
    endloop
  endfacet
  facet normal -1 0 0
    outer loop
      vertex 38.4333 -28.7 19.15
      vertex 38.4333 -30.9222 21.0859
      vertex 38.4333 -30.8118 21.1678
    endloop
  endfacet
  facet normal -1 0 0
    outer loop
      vertex 38.4333 -28.7 19.15
      vertex 38.4333 -31.04 21.0153
      vertex 38.4333 -30.9222 21.0859
    endloop
  endfacet
  facet normal -1 0 0
    outer loop
      vertex 38.4333 -31.7 19.15
      vertex 38.4333 -31.04 21.0153
      vertex 38.4333 -28.7 19.15
    endloop
  endfacet
  facet normal -1 0 0
    outer loop
      vertex 38.4333 -31.04 21.0153
      vertex 38.4333 -31.7 19.15
      vertex 38.4333 -31.1642 20.9566
    endloop
  endfacet
  facet normal -1 0 0
    outer loop
      vertex 38.4333 -31.1642 20.9566
      vertex 38.4333 -31.7 19.15
      vertex 38.4333 -31.2936 20.9103
    endloop
  endfacet
  facet normal -1 0 0
    outer loop
      vertex 38.4333 -31.2936 20.9103
      vertex 38.4333 -31.7 19.15
      vertex 38.4333 -31.4269 20.8769
    endloop
  endfacet
  facet normal -1 0 0
    outer loop
      vertex 38.4333 -31.4269 20.8769
      vertex 38.4333 -31.7 19.15
      vertex 38.4333 -31.5628 20.8567
    endloop
  endfacet
  facet normal -1 0 0
    outer loop
      vertex 38.4333 -31.5628 20.8567
      vertex 38.4333 -31.7 19.15
      vertex 38.4333 -31.7 20.85
    endloop
  endfacet
  facet normal -1 0 0
    outer loop
      vertex 38.4333 -28.7 19.15
      vertex 38.4333 -28.1 18.9
      vertex 38.4333 -28.7 18.9
    endloop
  endfacet
  facet normal -1 0 0
    outer loop
      vertex 38.4333 -28.1 18.9
      vertex 38.4333 -28.7 19.15
      vertex 38.4333 -28.1 23.75
    endloop
  endfacet
  facet normal -1 0 0
    outer loop
      vertex 38.4333 -30.3269 21.9769
      vertex 38.4333 -28.1 23.75
      vertex 38.4333 -28.7 19.15
    endloop
  endfacet
  facet normal -1 0 0
    outer loop
      vertex 38.4333 -30.3067 22.3872
      vertex 38.4333 -28.1 23.75
      vertex 38.4333 -30.3 22.25
    endloop
  endfacet
  facet normal -1 0 0
    outer loop
      vertex 38.4333 -30.3269 22.5231
      vertex 38.4333 -28.1 23.75
      vertex 38.4333 -30.3067 22.3872
    endloop
  endfacet
  facet normal -1 0 0
    outer loop
      vertex 38.4333 -30.3603 22.6564
      vertex 38.4333 -28.1 23.75
      vertex 38.4333 -30.3269 22.5231
    endloop
  endfacet
  facet normal -1 0 0
    outer loop
      vertex 38.4333 -30.4066 22.7858
      vertex 38.4333 -28.1 23.75
      vertex 38.4333 -30.3603 22.6564
    endloop
  endfacet
  facet normal -1 0 0
    outer loop
      vertex 38.4333 -30.4653 22.91
      vertex 38.4333 -28.1 23.75
      vertex 38.4333 -30.4066 22.7858
    endloop
  endfacet
  facet normal -1 0 0
    outer loop
      vertex 38.4333 -30.5359 23.0278
      vertex 38.4333 -28.1 23.75
      vertex 38.4333 -30.4653 22.91
    endloop
  endfacet
  facet normal -1 0 0
    outer loop
      vertex 38.4333 -30.6178 23.1381
      vertex 38.4333 -28.1 23.75
      vertex 38.4333 -30.5359 23.0278
    endloop
  endfacet
  facet normal -1 0 0
    outer loop
      vertex 38.4333 -30.71 23.2399
      vertex 38.4333 -28.1 23.75
      vertex 38.4333 -30.6178 23.1381
    endloop
  endfacet
  facet normal -1 0 0
    outer loop
      vertex 38.4333 -30.8118 23.3322
      vertex 38.4333 -28.1 23.75
      vertex 38.4333 -30.71 23.2399
    endloop
  endfacet
  facet normal -1 0 0
    outer loop
      vertex 38.4333 -30.9222 23.4141
      vertex 38.4333 -28.1 23.75
      vertex 38.4333 -30.8118 23.3322
    endloop
  endfacet
  facet normal -1 0 0
    outer loop
      vertex 38.4333 -31.04 23.4847
      vertex 38.4333 -28.1 23.75
      vertex 38.4333 -30.9222 23.4141
    endloop
  endfacet
  facet normal -1 0 0
    outer loop
      vertex 38.4333 -31.1642 23.5434
      vertex 38.4333 -28.1 23.75
      vertex 38.4333 -31.04 23.4847
    endloop
  endfacet
  facet normal -1 0 0
    outer loop
      vertex 38.4333 -31.2936 23.5897
      vertex 38.4333 -28.1 23.75
      vertex 38.4333 -31.1642 23.5434
    endloop
  endfacet
  facet normal -1 0 0
    outer loop
      vertex 38.4333 -31.7 23.75
      vertex 38.4333 -31.2936 23.5897
      vertex 38.4333 -31.4269 23.6231
    endloop
  endfacet
  facet normal -1 0 0
    outer loop
      vertex 38.4333 -31.7 23.75
      vertex 38.4333 -31.4269 23.6231
      vertex 38.4333 -31.5628 23.6433
    endloop
  endfacet
  facet normal -1 0 0
    outer loop
      vertex 38.4333 -31.7 23.75
      vertex 38.4333 -31.5628 23.6433
      vertex 38.4333 -31.7 23.65
    endloop
  endfacet
  facet normal -1 0 0
    outer loop
      vertex 38.4333 -31.2936 23.5897
      vertex 38.4333 -31.7 23.75
      vertex 38.4333 -28.1 23.75
    endloop
  endfacet
  facet normal 1 0 0
    outer loop
      vertex -38.4333 -28.1 23.75
      vertex -38.4333 -28.7 19.15
      vertex -38.4333 -28.1 18.9
    endloop
  endfacet
  facet normal 1 0 0
    outer loop
      vertex -38.4333 -30.3067 22.1128
      vertex -38.4333 -28.1 23.75
      vertex -38.4333 -30.3 22.25
    endloop
  endfacet
  facet normal 1 0 0
    outer loop
      vertex -38.4333 -28.1 23.75
      vertex -38.4333 -30.3067 22.3872
      vertex -38.4333 -30.3 22.25
    endloop
  endfacet
  facet normal 1 0 0
    outer loop
      vertex -38.4333 -28.1 23.75
      vertex -38.4333 -30.3269 22.5231
      vertex -38.4333 -30.3067 22.3872
    endloop
  endfacet
  facet normal 1 0 0
    outer loop
      vertex -38.4333 -28.1 23.75
      vertex -38.4333 -30.3603 22.6564
      vertex -38.4333 -30.3269 22.5231
    endloop
  endfacet
  facet normal 1 0 0
    outer loop
      vertex -38.4333 -28.1 23.75
      vertex -38.4333 -30.4066 22.7858
      vertex -38.4333 -30.3603 22.6564
    endloop
  endfacet
  facet normal 1 0 0
    outer loop
      vertex -38.4333 -28.1 23.75
      vertex -38.4333 -30.4653 22.91
      vertex -38.4333 -30.4066 22.7858
    endloop
  endfacet
  facet normal 1 0 0
    outer loop
      vertex -38.4333 -28.1 23.75
      vertex -38.4333 -30.5359 23.0278
      vertex -38.4333 -30.4653 22.91
    endloop
  endfacet
  facet normal 1 0 0
    outer loop
      vertex -38.4333 -28.1 23.75
      vertex -38.4333 -30.6178 23.1381
      vertex -38.4333 -30.5359 23.0278
    endloop
  endfacet
  facet normal 1 0 0
    outer loop
      vertex -38.4333 -28.1 23.75
      vertex -38.4333 -30.71 23.2399
      vertex -38.4333 -30.6178 23.1381
    endloop
  endfacet
  facet normal 1 0 0
    outer loop
      vertex -38.4333 -28.1 23.75
      vertex -38.4333 -30.8118 23.3322
      vertex -38.4333 -30.71 23.2399
    endloop
  endfacet
  facet normal 1 0 0
    outer loop
      vertex -38.4333 -28.1 23.75
      vertex -38.4333 -30.9222 23.4141
      vertex -38.4333 -30.8118 23.3322
    endloop
  endfacet
  facet normal 1 0 0
    outer loop
      vertex -38.4333 -28.1 23.75
      vertex -38.4333 -31.04 23.4847
      vertex -38.4333 -30.9222 23.4141
    endloop
  endfacet
  facet normal 1 0 0
    outer loop
      vertex -38.4333 -28.1 23.75
      vertex -38.4333 -31.1642 23.5434
      vertex -38.4333 -31.04 23.4847
    endloop
  endfacet
  facet normal 1 0 0
    outer loop
      vertex -38.4333 -28.1 23.75
      vertex -38.4333 -31.2936 23.5897
      vertex -38.4333 -31.1642 23.5434
    endloop
  endfacet
  facet normal 1 -0 0
    outer loop
      vertex -38.4333 -31.7 23.75
      vertex -38.4333 -31.2936 23.5897
      vertex -38.4333 -28.1 23.75
    endloop
  endfacet
  facet normal 1 0 0
    outer loop
      vertex -38.4333 -31.2936 23.5897
      vertex -38.4333 -31.7 23.75
      vertex -38.4333 -31.4269 23.6231
    endloop
  endfacet
  facet normal 1 0 0
    outer loop
      vertex -38.4333 -31.4269 23.6231
      vertex -38.4333 -31.7 23.75
      vertex -38.4333 -31.5628 23.6433
    endloop
  endfacet
  facet normal 1 0 0
    outer loop
      vertex -38.4333 -31.5628 23.6433
      vertex -38.4333 -31.7 23.75
      vertex -38.4333 -31.7 23.65
    endloop
  endfacet
  facet normal 1 0 0
    outer loop
      vertex -38.4333 -28.1 18.9
      vertex -38.4333 -28.7 19.15
      vertex -38.4333 -28.7 18.9
    endloop
  endfacet
  facet normal 1 0 0
    outer loop
      vertex -38.4333 -30.3269 21.9769
      vertex -38.4333 -28.1 23.75
      vertex -38.4333 -30.3067 22.1128
    endloop
  endfacet
  facet normal 1 0 0
    outer loop
      vertex -38.4333 -28.1 23.75
      vertex -38.4333 -30.3269 21.9769
      vertex -38.4333 -28.7 19.15
    endloop
  endfacet
  facet normal 1 -0 0
    outer loop
      vertex -38.4333 -30.3603 21.8436
      vertex -38.4333 -28.7 19.15
      vertex -38.4333 -30.3269 21.9769
    endloop
  endfacet
  facet normal 1 -0 0
    outer loop
      vertex -38.4333 -30.4066 21.7142
      vertex -38.4333 -28.7 19.15
      vertex -38.4333 -30.3603 21.8436
    endloop
  endfacet
  facet normal 1 -0 0
    outer loop
      vertex -38.4333 -30.4653 21.59
      vertex -38.4333 -28.7 19.15
      vertex -38.4333 -30.4066 21.7142
    endloop
  endfacet
  facet normal 1 -0 0
    outer loop
      vertex -38.4333 -30.5359 21.4722
      vertex -38.4333 -28.7 19.15
      vertex -38.4333 -30.4653 21.59
    endloop
  endfacet
  facet normal 1 -0 0
    outer loop
      vertex -38.4333 -30.6178 21.3618
      vertex -38.4333 -28.7 19.15
      vertex -38.4333 -30.5359 21.4722
    endloop
  endfacet
  facet normal 1 -0 0
    outer loop
      vertex -38.4333 -30.71 21.26
      vertex -38.4333 -28.7 19.15
      vertex -38.4333 -30.6178 21.3618
    endloop
  endfacet
  facet normal 1 -0 0
    outer loop
      vertex -38.4333 -30.8118 21.1678
      vertex -38.4333 -28.7 19.15
      vertex -38.4333 -30.71 21.26
    endloop
  endfacet
  facet normal 1 -0 0
    outer loop
      vertex -38.4333 -30.9222 21.0859
      vertex -38.4333 -28.7 19.15
      vertex -38.4333 -30.8118 21.1678
    endloop
  endfacet
  facet normal 1 -0 0
    outer loop
      vertex -38.4333 -31.04 21.0153
      vertex -38.4333 -28.7 19.15
      vertex -38.4333 -30.9222 21.0859
    endloop
  endfacet
  facet normal 1 0 0
    outer loop
      vertex -38.4333 -31.7 19.15
      vertex -38.4333 -31.04 21.0153
      vertex -38.4333 -31.1642 20.9566
    endloop
  endfacet
  facet normal 1 0 0
    outer loop
      vertex -38.4333 -31.7 19.15
      vertex -38.4333 -31.1642 20.9566
      vertex -38.4333 -31.2936 20.9103
    endloop
  endfacet
  facet normal 1 0 0
    outer loop
      vertex -38.4333 -31.7 19.15
      vertex -38.4333 -31.2936 20.9103
      vertex -38.4333 -31.4269 20.8769
    endloop
  endfacet
  facet normal 1 0 0
    outer loop
      vertex -38.4333 -31.7 19.15
      vertex -38.4333 -31.4269 20.8769
      vertex -38.4333 -31.5628 20.8567
    endloop
  endfacet
  facet normal 1 0 0
    outer loop
      vertex -38.4333 -31.7 19.15
      vertex -38.4333 -31.5628 20.8567
      vertex -38.4333 -31.7 20.85
    endloop
  endfacet
  facet normal 1 0 0
    outer loop
      vertex -38.4333 -31.04 21.0153
      vertex -38.4333 -31.7 19.15
      vertex -38.4333 -28.7 19.15
    endloop
  endfacet
  facet normal 0 -0.671557 0.740953
    outer loop
      vertex -125.8 -8.67789 7.47789
      vertex 106.2 -9.46683 6.76284
      vertex 106.2 -8.67789 7.47789
    endloop
  endfacet
  facet normal 0 -0.671557 0.740953
    outer loop
      vertex 106.2 -9.46683 6.76284
      vertex -125.8 -8.67789 7.47789
      vertex -125.8 -9.46683 6.76284
    endloop
  endfacet
  facet normal 0 -0.242973 0.970033
    outer loop
      vertex -125.8 -13.2004 4.7672
      vertex 106.2 -14.2333 4.50848
      vertex 106.2 -13.2004 4.7672
    endloop
  endfacet
  facet normal 0 -0.242973 0.970033
    outer loop
      vertex 106.2 -14.2333 4.50848
      vertex -125.8 -13.2004 4.7672
      vertex -125.8 -14.2333 4.50848
    endloop
  endfacet
  facet normal 0 -0.049071 0.998795
    outer loop
      vertex -125.8 -15.2865 4.35225
      vertex 106.2 -16.35 4.3
      vertex 106.2 -15.2865 4.35225
    endloop
  endfacet
  facet normal 0 -0.049071 0.998795
    outer loop
      vertex 106.2 -16.35 4.3
      vertex -125.8 -15.2865 4.35225
      vertex -125.8 -16.35 4.3
    endloop
  endfacet
  facet normal 0 -0.427535 0.903999
    outer loop
      vertex -125.8 -11.2353 5.58116
      vertex 106.2 -12.1979 5.12591
      vertex 106.2 -11.2353 5.58116
    endloop
  endfacet
  facet normal 0 -0.427535 0.903999
    outer loop
      vertex 106.2 -12.1979 5.12591
      vertex -125.8 -11.2353 5.58116
      vertex -125.8 -12.1979 5.12591
    endloop
  endfacet
  facet normal 0 0.99881 0.0487608
    outer loop
      vertex 106.2 -27.1478 14.0865
      vertex -125.8 -27.1509 14.15
      vertex 106.2 -27.1509 14.15
    endloop
  endfacet
  facet normal 0 0.99881 0.0487608
    outer loop
      vertex -125.8 -27.1509 14.15
      vertex 106.2 -27.1478 14.0865
      vertex -125.8 -27.1478 14.0865
    endloop
  endfacet
  facet normal 0 -0.740953 0.671557
    outer loop
      vertex -125.8 -8.67789 7.47789
      vertex 106.2 -7.96284 8.26683
      vertex -125.8 -7.96284 8.26683
    endloop
  endfacet
  facet normal 0 -0.740953 0.671557
    outer loop
      vertex 106.2 -7.96284 8.26683
      vertex -125.8 -8.67789 7.47789
      vertex 106.2 -8.67789 7.47789
    endloop
  endfacet
  facet normal 0 -0.857722 0.514113
    outer loop
      vertex -125.8 -7.32855 9.12206
      vertex 106.2 -6.78116 10.0353
      vertex -125.8 -6.78116 10.0353
    endloop
  endfacet
  facet normal 0 -0.857722 0.514113
    outer loop
      vertex 106.2 -6.78116 10.0353
      vertex -125.8 -7.32855 9.12206
      vertex 106.2 -7.32855 9.12206
    endloop
  endfacet
  facet normal -0 0.242973 0.970033
    outer loop
      vertex -125.8 -18.4667 4.50848
      vertex 106.2 -19.4996 4.7672
      vertex 106.2 -18.4667 4.50848
    endloop
  endfacet
  facet normal 0 0.242973 0.970033
    outer loop
      vertex 106.2 -19.4996 4.7672
      vertex -125.8 -18.4667 4.50848
      vertex -125.8 -19.4996 4.7672
    endloop
  endfacet
  facet normal 0 -0.595686 0.803217
    outer loop
      vertex -125.8 -9.46683 6.76284
      vertex 106.2 -10.3221 6.12855
      vertex 106.2 -9.46683 6.76284
    endloop
  endfacet
  facet normal 0 -0.595686 0.803217
    outer loop
      vertex 106.2 -10.3221 6.12855
      vertex -125.8 -9.46683 6.76284
      vertex -125.8 -10.3221 6.12855
    endloop
  endfacet
  facet normal 0 -0.803204 0.595704
    outer loop
      vertex -125.8 -7.96284 8.26683
      vertex 106.2 -7.32855 9.12206
      vertex -125.8 -7.32855 9.12206
    endloop
  endfacet
  facet normal 0 -0.803204 0.595704
    outer loop
      vertex 106.2 -7.32855 9.12206
      vertex -125.8 -7.96284 8.26683
      vertex 106.2 -7.96284 8.26683
    endloop
  endfacet
  facet normal 0 -0.903999 0.427535
    outer loop
      vertex -125.8 -6.78116 10.0353
      vertex 106.2 -6.32591 10.9979
      vertex -125.8 -6.32591 10.9979
    endloop
  endfacet
  facet normal 0 -0.903999 0.427535
    outer loop
      vertex 106.2 -6.32591 10.9979
      vertex -125.8 -6.78116 10.0353
      vertex 106.2 -6.78116 10.0353
    endloop
  endfacet
  facet normal 0 -0.998795 0.0490747
    outer loop
      vertex -125.8 -5.55225 14.0865
      vertex 106.2 -5.54913 14.15
      vertex -125.8 -5.54913 14.15
    endloop
  endfacet
  facet normal 0 -0.998795 0.0490747
    outer loop
      vertex 106.2 -5.54913 14.15
      vertex -125.8 -5.55225 14.0865
      vertex 106.2 -5.55225 14.0865
    endloop
  endfacet
  facet normal 0 -0.146733 0.989176
    outer loop
      vertex -125.8 -14.2333 4.50848
      vertex 106.2 -15.2865 4.35225
      vertex 106.2 -14.2333 4.50848
    endloop
  endfacet
  facet normal 0 -0.146733 0.989176
    outer loop
      vertex 106.2 -15.2865 4.35225
      vertex -125.8 -14.2333 4.50848
      vertex -125.8 -15.2865 4.35225
    endloop
  endfacet
  facet normal -0 0.146733 0.989176
    outer loop
      vertex -125.8 -17.4135 4.35225
      vertex 106.2 -18.4667 4.50848
      vertex 106.2 -17.4135 4.35225
    endloop
  endfacet
  facet normal 0 0.146733 0.989176
    outer loop
      vertex 106.2 -18.4667 4.50848
      vertex -125.8 -17.4135 4.35225
      vertex -125.8 -18.4667 4.50848
    endloop
  endfacet
  facet normal -0 0.427535 0.903999
    outer loop
      vertex -125.8 -20.5021 5.12591
      vertex 106.2 -21.4647 5.58116
      vertex 106.2 -20.5021 5.12591
    endloop
  endfacet
  facet normal 0 0.427535 0.903999
    outer loop
      vertex 106.2 -21.4647 5.58116
      vertex -125.8 -20.5021 5.12591
      vertex -125.8 -21.4647 5.58116
    endloop
  endfacet
  facet normal -0 0.049071 0.998795
    outer loop
      vertex -125.8 -16.35 4.3
      vertex 106.2 -17.4135 4.35225
      vertex 106.2 -16.35 4.3
    endloop
  endfacet
  facet normal 0 0.049071 0.998795
    outer loop
      vertex 106.2 -17.4135 4.35225
      vertex -125.8 -16.35 4.3
      vertex -125.8 -17.4135 4.35225
    endloop
  endfacet
  facet normal -0 0.671576 0.740936
    outer loop
      vertex -125.8 -23.2332 6.76284
      vertex 106.2 -24.0221 7.47789
      vertex 106.2 -23.2332 6.76284
    endloop
  endfacet
  facet normal 0 0.671576 0.740936
    outer loop
      vertex 106.2 -24.0221 7.47789
      vertex -125.8 -23.2332 6.76284
      vertex -125.8 -24.0221 7.47789
    endloop
  endfacet
  facet normal 0 -0.336898 0.941541
    outer loop
      vertex -125.8 -12.1979 5.12591
      vertex 106.2 -13.2004 4.7672
      vertex 106.2 -12.1979 5.12591
    endloop
  endfacet
  facet normal 0 -0.336898 0.941541
    outer loop
      vertex 106.2 -13.2004 4.7672
      vertex -125.8 -12.1979 5.12591
      vertex -125.8 -13.2004 4.7672
    endloop
  endfacet
  facet normal -0 0.595673 0.803227
    outer loop
      vertex -125.8 -22.3779 6.12855
      vertex 106.2 -23.2332 6.76284
      vertex 106.2 -22.3779 6.12855
    endloop
  endfacet
  facet normal 0 0.595673 0.803227
    outer loop
      vertex 106.2 -23.2332 6.76284
      vertex -125.8 -22.3779 6.12855
      vertex -125.8 -23.2332 6.76284
    endloop
  endfacet
  facet normal -0 0.51413 0.857712
    outer loop
      vertex -125.8 -21.4647 5.58116
      vertex 106.2 -22.3779 6.12855
      vertex 106.2 -21.4647 5.58116
    endloop
  endfacet
  facet normal 0 0.51413 0.857712
    outer loop
      vertex 106.2 -22.3779 6.12855
      vertex -125.8 -21.4647 5.58116
      vertex -125.8 -22.3779 6.12855
    endloop
  endfacet
  facet normal -0 0.336898 0.941541
    outer loop
      vertex -125.8 -19.4996 4.7672
      vertex 106.2 -20.5021 5.12591
      vertex 106.2 -19.4996 4.7672
    endloop
  endfacet
  facet normal 0 0.336898 0.941541
    outer loop
      vertex 106.2 -20.5021 5.12591
      vertex -125.8 -19.4996 4.7672
      vertex -125.8 -20.5021 5.12591
    endloop
  endfacet
  facet normal 0 -0.989176 0.146733
    outer loop
      vertex -125.8 -5.70848 13.0333
      vertex 106.2 -5.55225 14.0865
      vertex -125.8 -5.55225 14.0865
    endloop
  endfacet
  facet normal 0 -0.989176 0.146733
    outer loop
      vertex 106.2 -5.55225 14.0865
      vertex -125.8 -5.70848 13.0333
      vertex 106.2 -5.70848 13.0333
    endloop
  endfacet
  facet normal 0 -0.51413 0.857712
    outer loop
      vertex -125.8 -10.3221 6.12855
      vertex 106.2 -11.2353 5.58116
      vertex 106.2 -10.3221 6.12855
    endloop
  endfacet
  facet normal 0 -0.51413 0.857712
    outer loop
      vertex 106.2 -11.2353 5.58116
      vertex -125.8 -10.3221 6.12855
      vertex -125.8 -11.2353 5.58116
    endloop
  endfacet
  facet normal 0 -0.970033 0.242973
    outer loop
      vertex -125.8 -5.9672 12.0004
      vertex 106.2 -5.70848 13.0333
      vertex -125.8 -5.70848 13.0333
    endloop
  endfacet
  facet normal 0 -0.970033 0.242973
    outer loop
      vertex 106.2 -5.70848 13.0333
      vertex -125.8 -5.9672 12.0004
      vertex 106.2 -5.9672 12.0004
    endloop
  endfacet
  facet normal 0 -0.941541 0.336898
    outer loop
      vertex -125.8 -6.32591 10.9979
      vertex 106.2 -5.9672 12.0004
      vertex -125.8 -5.9672 12.0004
    endloop
  endfacet
  facet normal 0 -0.941541 0.336898
    outer loop
      vertex 106.2 -5.9672 12.0004
      vertex -125.8 -6.32591 10.9979
      vertex 106.2 -6.32591 10.9979
    endloop
  endfacet
  facet normal 0.44678 0.662891 0.600803
    outer loop
      vertex 109.2 -25.8967 7.31524
      vertex 109.2 -25.0828 6.41723
      vertex 106.2 -24.7372 8.26683
    endloop
  endfacet
  facet normal 0.446774 -0.382493 0.80876
    outer loop
      vertex 109.2 -10.5283 4.25827
      vertex 106.2 -11.2353 5.58116
      vertex 106.2 -12.1979 5.12591
    endloop
  endfacet
  facet normal 0.446782 -0.0438995 0.893565
    outer loop
      vertex 109.2 -16.35 2.8
      vertex 109.2 -15.1395 2.85947
      vertex 106.2 -16.35 4.3
    endloop
  endfacet
  facet normal 0.446783 -0.043901 0.893565
    outer loop
      vertex 109.2 -15.1395 2.85947
      vertex 106.2 -15.2865 4.35225
      vertex 106.2 -16.35 4.3
    endloop
  endfacet
  facet normal 0.446784 0.532914 0.718601
    outer loop
      vertex 109.2 -24.1848 5.60332
      vertex 106.2 -22.3779 6.12855
      vertex 106.2 -23.2332 6.76284
    endloop
  endfacet
  facet normal 0.446785 0.131264 0.884959
    outer loop
      vertex 109.2 -18.7594 3.0373
      vertex 109.2 -17.5605 2.85947
      vertex 106.2 -18.4667 4.50848
    endloop
  endfacet
  facet normal 0.446788 0.532923 0.718591
    outer loop
      vertex 109.2 -24.1848 5.60332
      vertex 109.2 -23.2113 4.88135
      vertex 106.2 -22.3779 6.12855
    endloop
  endfacet
  facet normal 0.446762 0.884961 0.131332
    outer loop
      vertex 109.2 -28.6405 13.9395
      vertex 106.2 -26.9915 13.0333
      vertex 106.2 -27.1478 14.0865
    endloop
  endfacet
  facet normal 0.44679 0.662864 0.600824
    outer loop
      vertex 109.2 -25.0828 6.41723
      vertex 106.2 -24.0221 7.47789
      vertex 106.2 -24.7372 8.26683
    endloop
  endfacet
  facet normal 0.446772 0.459965 0.767351
    outer loop
      vertex 109.2 -22.1717 4.25827
      vertex 106.2 -21.4647 5.58116
      vertex 106.2 -22.3779 6.12855
    endloop
  endfacet
  facet normal 0.446782 0.80874 0.382526
    outer loop
      vertex 109.2 -27.2417 9.32825
      vertex 106.2 -25.9188 10.0353
      vertex 106.2 -26.3741 10.9979
    endloop
  endfacet
  facet normal 0.446782 -0.662888 0.600804
    outer loop
      vertex 109.2 -7.61723 6.41723
      vertex 106.2 -7.96284 8.26683
      vertex 106.2 -8.67789 7.47789
    endloop
  endfacet
  facet normal 0.446789 0.88496 0.131242
    outer loop
      vertex 109.2 -28.6405 13.9395
      vertex 109.2 -28.4627 12.7406
      vertex 106.2 -26.9915 13.0333
    endloop
  endfacet
  facet normal 0.446781 -0.842344 0.301404
    outer loop
      vertex 109.2 -4.94009 10.4239
      vertex 106.2 -5.9672 12.0004
      vertex 106.2 -6.32591 10.9979
    endloop
  endfacet
  facet normal 0.446782 0.71861 0.532903
    outer loop
      vertex 109.2 -26.6186 8.28871
      vertex 109.2 -25.8967 7.31524
      vertex 106.2 -25.3714 9.12206
    endloop
  endfacet
  facet normal 0.44678 0.382509 0.808748
    outer loop
      vertex 109.2 -22.1717 4.25827
      vertex 109.2 -21.0761 3.74009
      vertex 106.2 -20.5021 5.12591
    endloop
  endfacet
  facet normal 0.446783 0.043901 0.893565
    outer loop
      vertex 109.2 -17.5605 2.85947
      vertex 106.2 -16.35 4.3
      vertex 106.2 -17.4135 4.35225
    endloop
  endfacet
  facet normal 0.446782 0.0438995 0.893565
    outer loop
      vertex 109.2 -17.5605 2.85947
      vertex 109.2 -16.35 2.8
      vertex 106.2 -16.35 4.3
    endloop
  endfacet
  facet normal 0.446782 0.131273 0.884959
    outer loop
      vertex 109.2 -17.5605 2.85947
      vertex 106.2 -17.4135 4.35225
      vertex 106.2 -18.4667 4.50848
    endloop
  endfacet
  facet normal 0.446781 -0.718586 0.532936
    outer loop
      vertex 109.2 -6.80332 7.31524
      vertex 109.2 -6.08135 8.28871
      vertex 106.2 -7.32855 9.12206
    endloop
  endfacet
  facet normal 0.446778 -0.767357 0.459949
    outer loop
      vertex 109.2 -5.45827 9.32825
      vertex 106.2 -6.78116 10.0353
      vertex 106.2 -7.32855 9.12206
    endloop
  endfacet
  facet normal 0.44678 -0.382509 0.808748
    outer loop
      vertex 109.2 -11.6239 3.74009
      vertex 109.2 -10.5283 4.25827
      vertex 106.2 -12.1979 5.12591
    endloop
  endfacet
  facet normal 0.446792 0.867832 0.217357
    outer loop
      vertex 109.2 -28.4627 12.7406
      vertex 106.2 -26.7328 12.0004
      vertex 106.2 -26.9915 13.0333
    endloop
  endfacet
  facet normal 0.446781 -0.76736 0.459941
    outer loop
      vertex 109.2 -6.08135 8.28871
      vertex 109.2 -5.45827 9.32825
      vertex 106.2 -7.32855 9.12206
    endloop
  endfacet
  facet normal 0.446577 -0.893668 0.043898
    outer loop
      vertex 109.2 -4.05947 13.9395
      vertex 109.2 -4.04913 14.15
      vertex 108.678 -4.30998 14.15
    endloop
  endfacet
  facet normal 0.446779 0.867828 0.2174
    outer loop
      vertex 109.2 -28.4627 12.7406
      vertex 109.2 -28.1682 11.565
      vertex 106.2 -26.7328 12.0004
    endloop
  endfacet
  facet normal 0.446785 0.600809 0.662882
    outer loop
      vertex 109.2 -25.0828 6.41723
      vertex 109.2 -24.1848 5.60332
      vertex 106.2 -23.2332 6.76284
    endloop
  endfacet
  facet normal 0.446789 0.600818 0.66287
    outer loop
      vertex 109.2 -25.0828 6.41723
      vertex 106.2 -23.2332 6.76284
      vertex 106.2 -24.0221 7.47789
    endloop
  endfacet
  facet normal 0.446781 0.767353 0.459951
    outer loop
      vertex 109.2 -27.2417 9.32825
      vertex 109.2 -26.6186 8.28871
      vertex 106.2 -25.3714 9.12206
    endloop
  endfacet
  facet normal 0.446787 0.217374 0.867831
    outer loop
      vertex 109.2 -18.7594 3.0373
      vertex 106.2 -18.4667 4.50848
      vertex 106.2 -19.4996 4.7672
    endloop
  endfacet
  facet normal 0.44678 0.301402 0.842345
    outer loop
      vertex 109.2 -21.0761 3.74009
      vertex 109.2 -19.935 3.33179
      vertex 106.2 -19.4996 4.7672
    endloop
  endfacet
  facet normal 0.446781 0.217393 0.867829
    outer loop
      vertex 109.2 -19.935 3.33179
      vertex 109.2 -18.7594 3.0373
      vertex 106.2 -19.4996 4.7672
    endloop
  endfacet
  facet normal 0.446781 0.301404 0.842344
    outer loop
      vertex 109.2 -21.0761 3.74009
      vertex 106.2 -19.4996 4.7672
      vertex 106.2 -20.5021 5.12591
    endloop
  endfacet
  facet normal 0.446787 0.45992 0.767369
    outer loop
      vertex 109.2 -23.2113 4.88135
      vertex 109.2 -22.1717 4.25827
      vertex 106.2 -22.3779 6.12855
    endloop
  endfacet
  facet normal 0.446774 0.382493 0.80876
    outer loop
      vertex 109.2 -22.1717 4.25827
      vertex 106.2 -20.5021 5.12591
      vertex 106.2 -21.4647 5.58116
    endloop
  endfacet
  facet normal 0.446778 0.718618 0.532895
    outer loop
      vertex 109.2 -25.8967 7.31524
      vertex 106.2 -24.7372 8.26683
      vertex 106.2 -25.3714 9.12206
    endloop
  endfacet
  facet normal 0.44678 0.767352 0.459954
    outer loop
      vertex 109.2 -27.2417 9.32825
      vertex 106.2 -25.3714 9.12206
      vertex 106.2 -25.9188 10.0353
    endloop
  endfacet
  facet normal 0.446641 0.893623 0.0441505
    outer loop
      vertex 109.2 -28.6509 14.15
      vertex 109.2 -28.6405 13.9395
      vertex 108.678 -28.39 14.15
    endloop
  endfacet
  facet normal 0.446817 0.893561 0.0436227
    outer loop
      vertex 108.678 -28.39 14.15
      vertex 106.2 -27.1478 14.0865
      vertex 106.2 -27.1509 14.15
    endloop
  endfacet
  facet normal 0.446777 0.893533 0.0445979
    outer loop
      vertex 106.2 -27.1478 14.0865
      vertex 108.678 -28.39 14.15
      vertex 109.2 -28.6405 13.9395
    endloop
  endfacet
  facet normal 0.44678 -0.301402 0.842345
    outer loop
      vertex 109.2 -12.765 3.33179
      vertex 109.2 -11.6239 3.74009
      vertex 106.2 -13.2004 4.7672
    endloop
  endfacet
  facet normal 0.446783 -0.532926 0.718592
    outer loop
      vertex 109.2 -8.51524 5.60332
      vertex 106.2 -9.46683 6.76284
      vertex 106.2 -10.3221 6.12855
    endloop
  endfacet
  facet normal 0.446785 -0.884959 0.131264
    outer loop
      vertex 109.2 -4.2373 12.7406
      vertex 109.2 -4.05947 13.9395
      vertex 106.2 -5.70848 13.0333
    endloop
  endfacet
  facet normal 0.446826 -0.893543 0.0439032
    outer loop
      vertex 106.2 -5.55225 14.0865
      vertex 108.678 -4.30998 14.15
      vertex 106.2 -5.54913 14.15
    endloop
  endfacet
  facet normal 0.446797 -0.893522 0.0446163
    outer loop
      vertex 108.678 -4.30998 14.15
      vertex 106.2 -5.55225 14.0865
      vertex 109.2 -4.05947 13.9395
    endloop
  endfacet
  facet normal 0.446772 -0.459965 0.767351
    outer loop
      vertex 109.2 -10.5283 4.25827
      vertex 106.2 -10.3221 6.12855
      vertex 106.2 -11.2353 5.58116
    endloop
  endfacet
  facet normal 0.446786 -0.459923 0.767368
    outer loop
      vertex 109.2 -10.5283 4.25827
      vertex 109.2 -9.48871 4.88135
      vertex 106.2 -10.3221 6.12855
    endloop
  endfacet
  facet normal 0.446782 -0.600804 0.662888
    outer loop
      vertex 109.2 -7.61723 6.41723
      vertex 106.2 -8.67789 7.47789
      vertex 106.2 -9.46683 6.76284
    endloop
  endfacet
  facet normal 0.446776 0.842348 0.301397
    outer loop
      vertex 109.2 -27.7599 10.4239
      vertex 106.2 -26.3741 10.9979
      vertex 106.2 -26.7328 12.0004
    endloop
  endfacet
  facet normal 0.446778 0.842346 0.301402
    outer loop
      vertex 109.2 -28.1682 11.565
      vertex 109.2 -27.7599 10.4239
      vertex 106.2 -26.7328 12.0004
    endloop
  endfacet
  facet normal 0.446776 0.808751 0.382508
    outer loop
      vertex 109.2 -27.7599 10.4239
      vertex 109.2 -27.2417 9.32825
      vertex 106.2 -26.3741 10.9979
    endloop
  endfacet
  facet normal 0.446783 -0.662886 0.600805
    outer loop
      vertex 109.2 -7.61723 6.41723
      vertex 109.2 -6.80332 7.31524
      vertex 106.2 -7.96284 8.26683
    endloop
  endfacet
  facet normal 0.44678 -0.808755 0.382495
    outer loop
      vertex 109.2 -5.45827 9.32825
      vertex 109.2 -4.94009 10.4239
      vertex 106.2 -6.32591 10.9979
    endloop
  endfacet
  facet normal 0.44678 -0.842345 0.301402
    outer loop
      vertex 109.2 -4.94009 10.4239
      vertex 109.2 -4.53179 11.565
      vertex 106.2 -5.9672 12.0004
    endloop
  endfacet
  facet normal 0.446787 -0.867831 0.217374
    outer loop
      vertex 109.2 -4.2373 12.7406
      vertex 106.2 -5.70848 13.0333
      vertex 106.2 -5.9672 12.0004
    endloop
  endfacet
  facet normal 0.446783 -0.71858 0.532942
    outer loop
      vertex 109.2 -6.80332 7.31524
      vertex 106.2 -7.32855 9.12206
      vertex 106.2 -7.96284 8.26683
    endloop
  endfacet
  facet normal 0.446787 -0.532935 0.718584
    outer loop
      vertex 109.2 -9.48871 4.88135
      vertex 109.2 -8.51524 5.60332
      vertex 106.2 -10.3221 6.12855
    endloop
  endfacet
  facet normal 0.446779 -0.808757 0.382492
    outer loop
      vertex 109.2 -5.45827 9.32825
      vertex 106.2 -6.32591 10.9979
      vertex 106.2 -6.78116 10.0353
    endloop
  endfacet
  facet normal 0.446782 -0.884959 0.131273
    outer loop
      vertex 109.2 -4.05947 13.9395
      vertex 106.2 -5.55225 14.0865
      vertex 106.2 -5.70848 13.0333
    endloop
  endfacet
  facet normal 0.446783 -0.600805 0.662886
    outer loop
      vertex 109.2 -8.51524 5.60332
      vertex 109.2 -7.61723 6.41723
      vertex 106.2 -9.46683 6.76284
    endloop
  endfacet
  facet normal 0.446781 -0.867829 0.217393
    outer loop
      vertex 109.2 -4.53179 11.565
      vertex 109.2 -4.2373 12.7406
      vertex 106.2 -5.9672 12.0004
    endloop
  endfacet
  facet normal 0.446781 -0.217393 0.867829
    outer loop
      vertex 109.2 -13.9406 3.0373
      vertex 109.2 -12.765 3.33179
      vertex 106.2 -13.2004 4.7672
    endloop
  endfacet
  facet normal 0.446787 -0.217374 0.867831
    outer loop
      vertex 109.2 -13.9406 3.0373
      vertex 106.2 -13.2004 4.7672
      vertex 106.2 -14.2333 4.50848
    endloop
  endfacet
  facet normal 0.446781 -0.301404 0.842344
    outer loop
      vertex 109.2 -11.6239 3.74009
      vertex 106.2 -12.1979 5.12591
      vertex 106.2 -13.2004 4.7672
    endloop
  endfacet
  facet normal 0.446785 -0.131264 0.884959
    outer loop
      vertex 109.2 -15.1395 2.85947
      vertex 109.2 -13.9406 3.0373
      vertex 106.2 -14.2333 4.50848
    endloop
  endfacet
  facet normal 0.446782 -0.131273 0.884959
    outer loop
      vertex 109.2 -15.1395 2.85947
      vertex 106.2 -14.2333 4.50848
      vertex 106.2 -15.2865 4.35225
    endloop
  endfacet
  facet normal 0 -0.242994 0.970028
    outer loop
      vertex 109.2 -12.765 3.33179
      vertex 115.8 -13.9406 3.0373
      vertex 115.8 -12.765 3.33179
    endloop
  endfacet
  facet normal 0 -0.242994 0.970028
    outer loop
      vertex 115.8 -13.9406 3.0373
      vertex 109.2 -12.765 3.33179
      vertex 109.2 -13.9406 3.0373
    endloop
  endfacet
  facet normal -0 0.0490693 0.998795
    outer loop
      vertex 109.2 -16.35 2.8
      vertex 115.8 -17.5605 2.85947
      vertex 115.8 -16.35 2.8
    endloop
  endfacet
  facet normal 0 0.0490693 0.998795
    outer loop
      vertex 115.8 -17.5605 2.85947
      vertex 109.2 -16.35 2.8
      vertex 109.2 -17.5605 2.85947
    endloop
  endfacet
  facet normal 0 -0.903997 0.427539
    outer loop
      vertex 109.2 -5.45827 9.32825
      vertex 115.8 -4.94009 10.4239
      vertex 109.2 -4.94009 10.4239
    endloop
  endfacet
  facet normal 0 -0.903997 0.427539
    outer loop
      vertex 115.8 -4.94009 10.4239
      vertex 109.2 -5.45827 9.32825
      vertex 115.8 -5.45827 9.32825
    endloop
  endfacet
  facet normal -0 0.336896 0.941542
    outer loop
      vertex 109.2 -19.935 3.33179
      vertex 115.8 -21.0761 3.74009
      vertex 115.8 -19.935 3.33179
    endloop
  endfacet
  facet normal 0 0.336896 0.941542
    outer loop
      vertex 115.8 -21.0761 3.74009
      vertex 109.2 -19.935 3.33179
      vertex 109.2 -21.0761 3.74009
    endloop
  endfacet
  facet normal 0 -0.0490693 0.998795
    outer loop
      vertex 109.2 -15.1395 2.85947
      vertex 115.8 -16.35 2.8
      vertex 115.8 -15.1395 2.85947
    endloop
  endfacet
  facet normal 0 -0.0490693 0.998795
    outer loop
      vertex 115.8 -16.35 2.8
      vertex 109.2 -15.1395 2.85947
      vertex 109.2 -16.35 2.8
    endloop
  endfacet
  facet normal 0 -0.998796 0.049062
    outer loop
      vertex 109.2 -4.05947 13.9395
      vertex 115.8 -4.04913 14.15
      vertex 109.2 -4.04913 14.15
    endloop
  endfacet
  facet normal 0 -0.998796 0.049062
    outer loop
      vertex 115.8 -4.04913 14.15
      vertex 109.2 -4.05947 13.9395
      vertex 115.8 -4.05947 13.9395
    endloop
  endfacet
  facet normal -0 0.427555 0.903989
    outer loop
      vertex 109.2 -21.0761 3.74009
      vertex 115.8 -22.1717 4.25827
      vertex 115.8 -21.0761 3.74009
    endloop
  endfacet
  facet normal 0 0.427555 0.903989
    outer loop
      vertex 115.8 -22.1717 4.25827
      vertex 109.2 -21.0761 3.74009
      vertex 109.2 -22.1717 4.25827
    endloop
  endfacet
  facet normal 0 -0.595697 0.803209
    outer loop
      vertex 109.2 -8.51524 5.60332
      vertex 115.8 -9.48871 4.88135
      vertex 115.8 -8.51524 5.60332
    endloop
  endfacet
  facet normal 0 -0.595697 0.803209
    outer loop
      vertex 115.8 -9.48871 4.88135
      vertex 109.2 -8.51524 5.60332
      vertex 109.2 -9.48871 4.88135
    endloop
  endfacet
  facet normal -0 0.146722 0.989178
    outer loop
      vertex 109.2 -17.5605 2.85947
      vertex 115.8 -18.7594 3.0373
      vertex 115.8 -17.5605 2.85947
    endloop
  endfacet
  facet normal 0 0.146722 0.989178
    outer loop
      vertex 115.8 -18.7594 3.0373
      vertex 109.2 -17.5605 2.85947
      vertex 109.2 -18.7594 3.0373
    endloop
  endfacet
  facet normal 0 0.998782 0.049346
    outer loop
      vertex 115.8 -28.6405 13.9395
      vertex 109.2 -28.6509 14.15
      vertex 115.8 -28.6509 14.15
    endloop
  endfacet
  facet normal 0 0.998782 0.049346
    outer loop
      vertex 109.2 -28.6509 14.15
      vertex 115.8 -28.6405 13.9395
      vertex 109.2 -28.6405 13.9395
    endloop
  endfacet
  facet normal 0 -0.740951 0.671559
    outer loop
      vertex 109.2 -7.61723 6.41723
      vertex 115.8 -6.80332 7.31524
      vertex 109.2 -6.80332 7.31524
    endloop
  endfacet
  facet normal 0 -0.740951 0.671559
    outer loop
      vertex 115.8 -6.80332 7.31524
      vertex 109.2 -7.61723 6.41723
      vertex 115.8 -7.61723 6.41723
    endloop
  endfacet
  facet normal 0 -0.427555 0.903989
    outer loop
      vertex 109.2 -10.5283 4.25827
      vertex 115.8 -11.6239 3.74009
      vertex 115.8 -10.5283 4.25827
    endloop
  endfacet
  facet normal 0 -0.427555 0.903989
    outer loop
      vertex 115.8 -11.6239 3.74009
      vertex 109.2 -10.5283 4.25827
      vertex 109.2 -11.6239 3.74009
    endloop
  endfacet
  facet normal -0 0.595685 0.803218
    outer loop
      vertex 109.2 -23.2113 4.88135
      vertex 115.8 -24.1848 5.60332
      vertex 115.8 -23.2113 4.88135
    endloop
  endfacet
  facet normal 0 0.595685 0.803218
    outer loop
      vertex 115.8 -24.1848 5.60332
      vertex 109.2 -23.2113 4.88135
      vertex 109.2 -24.1848 5.60332
    endloop
  endfacet
  facet normal 0 0.989181 0.146698
    outer loop
      vertex 115.8 -28.4627 12.7406
      vertex 109.2 -28.6405 13.9395
      vertex 115.8 -28.6405 13.9395
    endloop
  endfacet
  facet normal 0 0.989181 0.146698
    outer loop
      vertex 109.2 -28.6405 13.9395
      vertex 115.8 -28.4627 12.7406
      vertex 109.2 -28.4627 12.7406
    endloop
  endfacet
  facet normal 0 -0.941542 0.336896
    outer loop
      vertex 109.2 -4.94009 10.4239
      vertex 115.8 -4.53179 11.565
      vertex 109.2 -4.53179 11.565
    endloop
  endfacet
  facet normal 0 -0.941542 0.336896
    outer loop
      vertex 115.8 -4.53179 11.565
      vertex 109.2 -4.94009 10.4239
      vertex 115.8 -4.94009 10.4239
    endloop
  endfacet
  facet normal 0 -0.146722 0.989178
    outer loop
      vertex 109.2 -13.9406 3.0373
      vertex 115.8 -15.1395 2.85947
      vertex 115.8 -13.9406 3.0373
    endloop
  endfacet
  facet normal 0 -0.146722 0.989178
    outer loop
      vertex 115.8 -15.1395 2.85947
      vertex 109.2 -13.9406 3.0373
      vertex 109.2 -15.1395 2.85947
    endloop
  endfacet
  facet normal -0 0.514083 0.85774
    outer loop
      vertex 109.2 -22.1717 4.25827
      vertex 115.8 -23.2113 4.88135
      vertex 115.8 -22.1717 4.25827
    endloop
  endfacet
  facet normal 0 0.514083 0.85774
    outer loop
      vertex 115.8 -23.2113 4.88135
      vertex 109.2 -22.1717 4.25827
      vertex 109.2 -23.2113 4.88135
    endloop
  endfacet
  facet normal -0 0.671564 0.740947
    outer loop
      vertex 109.2 -24.1848 5.60332
      vertex 115.8 -25.0828 6.41723
      vertex 115.8 -24.1848 5.60332
    endloop
  endfacet
  facet normal 0 0.671564 0.740947
    outer loop
      vertex 115.8 -25.0828 6.41723
      vertex 109.2 -24.1848 5.60332
      vertex 109.2 -25.0828 6.41723
    endloop
  endfacet
  facet normal 0 -0.803209 0.595697
    outer loop
      vertex 109.2 -6.80332 7.31524
      vertex 115.8 -6.08135 8.28871
      vertex 109.2 -6.08135 8.28871
    endloop
  endfacet
  facet normal 0 -0.803209 0.595697
    outer loop
      vertex 115.8 -6.08135 8.28871
      vertex 109.2 -6.80332 7.31524
      vertex 115.8 -6.80332 7.31524
    endloop
  endfacet
  facet normal 0 0.903991 0.427552
    outer loop
      vertex 115.8 -27.2417 9.32825
      vertex 109.2 -27.7599 10.4239
      vertex 115.8 -27.7599 10.4239
    endloop
  endfacet
  facet normal 0 0.903991 0.427552
    outer loop
      vertex 109.2 -27.7599 10.4239
      vertex 115.8 -27.2417 9.32825
      vertex 109.2 -27.2417 9.32825
    endloop
  endfacet
  facet normal 0 0.970026 0.243002
    outer loop
      vertex 115.8 -28.1682 11.565
      vertex 109.2 -28.4627 12.7406
      vertex 115.8 -28.4627 12.7406
    endloop
  endfacet
  facet normal 0 0.970026 0.243002
    outer loop
      vertex 109.2 -28.4627 12.7406
      vertex 115.8 -28.1682 11.565
      vertex 109.2 -28.1682 11.565
    endloop
  endfacet
  facet normal 0 -0.336896 0.941542
    outer loop
      vertex 109.2 -11.6239 3.74009
      vertex 115.8 -12.765 3.33179
      vertex 115.8 -11.6239 3.74009
    endloop
  endfacet
  facet normal 0 -0.336896 0.941542
    outer loop
      vertex 115.8 -12.765 3.33179
      vertex 109.2 -11.6239 3.74009
      vertex 109.2 -12.765 3.33179
    endloop
  endfacet
  facet normal 0 -0.857727 0.514105
    outer loop
      vertex 109.2 -6.08135 8.28871
      vertex 115.8 -5.45827 9.32825
      vertex 109.2 -5.45827 9.32825
    endloop
  endfacet
  facet normal 0 -0.857727 0.514105
    outer loop
      vertex 115.8 -5.45827 9.32825
      vertex 109.2 -6.08135 8.28871
      vertex 115.8 -6.08135 8.28871
    endloop
  endfacet
  facet normal -0 0.242994 0.970028
    outer loop
      vertex 109.2 -18.7594 3.0373
      vertex 115.8 -19.935 3.33179
      vertex 115.8 -18.7594 3.0373
    endloop
  endfacet
  facet normal 0 0.242994 0.970028
    outer loop
      vertex 115.8 -19.935 3.33179
      vertex 109.2 -18.7594 3.0373
      vertex 109.2 -19.935 3.33179
    endloop
  endfacet
  facet normal 0 -0.514087 0.857738
    outer loop
      vertex 109.2 -9.48871 4.88135
      vertex 115.8 -10.5283 4.25827
      vertex 115.8 -9.48871 4.88135
    endloop
  endfacet
  facet normal 0 -0.514087 0.857738
    outer loop
      vertex 115.8 -10.5283 4.25827
      vertex 109.2 -9.48871 4.88135
      vertex 109.2 -10.5283 4.25827
    endloop
  endfacet
  facet normal 0 -0.671559 0.740951
    outer loop
      vertex 109.2 -7.61723 6.41723
      vertex 115.8 -8.51524 5.60332
      vertex 115.8 -7.61723 6.41723
    endloop
  endfacet
  facet normal 0 -0.671559 0.740951
    outer loop
      vertex 115.8 -8.51524 5.60332
      vertex 109.2 -7.61723 6.41723
      vertex 109.2 -8.51524 5.60332
    endloop
  endfacet
  facet normal 0 -0.989178 0.146722
    outer loop
      vertex 109.2 -4.2373 12.7406
      vertex 115.8 -4.05947 13.9395
      vertex 109.2 -4.05947 13.9395
    endloop
  endfacet
  facet normal 0 -0.989178 0.146722
    outer loop
      vertex 115.8 -4.05947 13.9395
      vertex 109.2 -4.2373 12.7406
      vertex 115.8 -4.2373 12.7406
    endloop
  endfacet
  facet normal 0 0.803237 0.59566
    outer loop
      vertex 115.8 -25.8967 7.31524
      vertex 109.2 -26.6186 8.28871
      vertex 115.8 -26.6186 8.28871
    endloop
  endfacet
  facet normal 0 0.803237 0.59566
    outer loop
      vertex 109.2 -26.6186 8.28871
      vertex 115.8 -25.8967 7.31524
      vertex 109.2 -25.8967 7.31524
    endloop
  endfacet
  facet normal 0 0.740955 0.671555
    outer loop
      vertex 115.8 -25.0828 6.41723
      vertex 109.2 -25.8967 7.31524
      vertex 115.8 -25.8967 7.31524
    endloop
  endfacet
  facet normal 0 0.740955 0.671555
    outer loop
      vertex 109.2 -25.8967 7.31524
      vertex 115.8 -25.0828 6.41723
      vertex 109.2 -25.0828 6.41723
    endloop
  endfacet
  facet normal 0 0.941542 0.336896
    outer loop
      vertex 115.8 -27.7599 10.4239
      vertex 109.2 -28.1682 11.565
      vertex 115.8 -28.1682 11.565
    endloop
  endfacet
  facet normal 0 0.941542 0.336896
    outer loop
      vertex 109.2 -28.1682 11.565
      vertex 115.8 -27.7599 10.4239
      vertex 109.2 -27.7599 10.4239
    endloop
  endfacet
  facet normal 0 0.85772 0.514117
    outer loop
      vertex 115.8 -26.6186 8.28871
      vertex 109.2 -27.2417 9.32825
      vertex 115.8 -27.2417 9.32825
    endloop
  endfacet
  facet normal 0 0.85772 0.514117
    outer loop
      vertex 109.2 -27.2417 9.32825
      vertex 115.8 -26.6186 8.28871
      vertex 109.2 -26.6186 8.28871
    endloop
  endfacet
  facet normal 0 -0.970028 0.242994
    outer loop
      vertex 109.2 -4.53179 11.565
      vertex 115.8 -4.2373 12.7406
      vertex 109.2 -4.2373 12.7406
    endloop
  endfacet
  facet normal 0 -0.970028 0.242994
    outer loop
      vertex 115.8 -4.2373 12.7406
      vertex 109.2 -4.53179 11.565
      vertex 115.8 -4.53179 11.565
    endloop
  endfacet
  facet normal -0.446782 -0.0438995 0.893565
    outer loop
      vertex 118.8 -16.35 4.3
      vertex 115.8 -15.1395 2.85947
      vertex 115.8 -16.35 2.8
    endloop
  endfacet
  facet normal -0.446787 0.217374 0.867831
    outer loop
      vertex 118.8 -19.4996 4.7672
      vertex 118.8 -18.4667 4.50848
      vertex 115.8 -18.7594 3.0373
    endloop
  endfacet
  facet normal -0.446772 0.459965 0.767351
    outer loop
      vertex 118.8 -22.3779 6.12855
      vertex 118.8 -21.4647 5.58116
      vertex 115.8 -22.1717 4.25827
    endloop
  endfacet
  facet normal -0.446782 0.0438995 0.893565
    outer loop
      vertex 118.8 -16.35 4.3
      vertex 115.8 -16.35 2.8
      vertex 115.8 -17.5605 2.85947
    endloop
  endfacet
  facet normal -0.446781 -0.76736 0.459941
    outer loop
      vertex 118.8 -7.32855 9.12206
      vertex 115.8 -5.45827 9.32825
      vertex 115.8 -6.08135 8.28871
    endloop
  endfacet
  facet normal -0.446783 -0.71858 0.532942
    outer loop
      vertex 118.8 -7.96284 8.26683
      vertex 118.8 -7.32855 9.12206
      vertex 115.8 -6.80332 7.31524
    endloop
  endfacet
  facet normal -0.446781 -0.301404 0.842344
    outer loop
      vertex 118.8 -13.2004 4.7672
      vertex 118.8 -12.1979 5.12591
      vertex 115.8 -11.6239 3.74009
    endloop
  endfacet
  facet normal -0.44678 0.767352 0.459954
    outer loop
      vertex 118.8 -25.9188 10.0353
      vertex 118.8 -25.3714 9.12206
      vertex 115.8 -27.2417 9.32825
    endloop
  endfacet
  facet normal -0.446781 -0.867829 0.217393
    outer loop
      vertex 118.8 -5.9672 12.0004
      vertex 115.8 -4.2373 12.7406
      vertex 115.8 -4.53179 11.565
    endloop
  endfacet
  facet normal -0.446783 -0.600805 0.662886
    outer loop
      vertex 118.8 -9.46683 6.76284
      vertex 115.8 -7.61723 6.41723
      vertex 115.8 -8.51524 5.60332
    endloop
  endfacet
  facet normal -0.446577 -0.893668 0.043898
    outer loop
      vertex 116.322 -4.30998 14.15
      vertex 115.8 -4.04913 14.15
      vertex 115.8 -4.05947 13.9395
    endloop
  endfacet
  facet normal -0.44678 -0.842345 0.301402
    outer loop
      vertex 118.8 -5.9672 12.0004
      vertex 115.8 -4.53179 11.565
      vertex 115.8 -4.94009 10.4239
    endloop
  endfacet
  facet normal -0.44678 -0.382509 0.808748
    outer loop
      vertex 118.8 -12.1979 5.12591
      vertex 115.8 -10.5283 4.25827
      vertex 115.8 -11.6239 3.74009
    endloop
  endfacet
  facet normal -0.446776 0.808751 0.382508
    outer loop
      vertex 118.8 -26.3741 10.9979
      vertex 115.8 -27.2417 9.32825
      vertex 115.8 -27.7599 10.4239
    endloop
  endfacet
  facet normal -0.446817 0.893561 0.0436227
    outer loop
      vertex 118.8 -27.1478 14.0865
      vertex 116.322 -28.39 14.15
      vertex 118.8 -27.1509 14.15
    endloop
  endfacet
  facet normal -0.446777 0.893533 0.0445979
    outer loop
      vertex 116.322 -28.39 14.15
      vertex 118.8 -27.1478 14.0865
      vertex 115.8 -28.6405 13.9395
    endloop
  endfacet
  facet normal -0.446786 -0.459923 0.767368
    outer loop
      vertex 118.8 -10.3221 6.12855
      vertex 115.8 -9.48871 4.88135
      vertex 115.8 -10.5283 4.25827
    endloop
  endfacet
  facet normal -0.446787 -0.217374 0.867831
    outer loop
      vertex 118.8 -14.2333 4.50848
      vertex 118.8 -13.2004 4.7672
      vertex 115.8 -13.9406 3.0373
    endloop
  endfacet
  facet normal -0.446785 0.600809 0.662882
    outer loop
      vertex 118.8 -23.2332 6.76284
      vertex 115.8 -24.1848 5.60332
      vertex 115.8 -25.0828 6.41723
    endloop
  endfacet
  facet normal -0.446788 0.532923 0.718591
    outer loop
      vertex 118.8 -22.3779 6.12855
      vertex 115.8 -23.2113 4.88135
      vertex 115.8 -24.1848 5.60332
    endloop
  endfacet
  facet normal -0.446787 -0.532935 0.718584
    outer loop
      vertex 118.8 -10.3221 6.12855
      vertex 115.8 -8.51524 5.60332
      vertex 115.8 -9.48871 4.88135
    endloop
  endfacet
  facet normal -0.446783 -0.662886 0.600805
    outer loop
      vertex 118.8 -7.96284 8.26683
      vertex 115.8 -6.80332 7.31524
      vertex 115.8 -7.61723 6.41723
    endloop
  endfacet
  facet normal -0.446826 -0.893543 0.0439032
    outer loop
      vertex 116.322 -4.30998 14.15
      vertex 118.8 -5.55225 14.0865
      vertex 118.8 -5.54913 14.15
    endloop
  endfacet
  facet normal -0.446797 -0.893522 0.0446163
    outer loop
      vertex 118.8 -5.55225 14.0865
      vertex 116.322 -4.30998 14.15
      vertex 115.8 -4.05947 13.9395
    endloop
  endfacet
  facet normal -0.446772 -0.459965 0.767351
    outer loop
      vertex 118.8 -11.2353 5.58116
      vertex 118.8 -10.3221 6.12855
      vertex 115.8 -10.5283 4.25827
    endloop
  endfacet
  facet normal -0.44678 0.382509 0.808748
    outer loop
      vertex 118.8 -20.5021 5.12591
      vertex 115.8 -21.0761 3.74009
      vertex 115.8 -22.1717 4.25827
    endloop
  endfacet
  facet normal -0.446774 -0.382493 0.80876
    outer loop
      vertex 118.8 -12.1979 5.12591
      vertex 118.8 -11.2353 5.58116
      vertex 115.8 -10.5283 4.25827
    endloop
  endfacet
  facet normal -0.446779 -0.808757 0.382492
    outer loop
      vertex 118.8 -6.78116 10.0353
      vertex 118.8 -6.32591 10.9979
      vertex 115.8 -5.45827 9.32825
    endloop
  endfacet
  facet normal -0.446781 -0.718586 0.532936
    outer loop
      vertex 118.8 -7.32855 9.12206
      vertex 115.8 -6.08135 8.28871
      vertex 115.8 -6.80332 7.31524
    endloop
  endfacet
  facet normal -0.446785 -0.884959 0.131264
    outer loop
      vertex 118.8 -5.70848 13.0333
      vertex 115.8 -4.05947 13.9395
      vertex 115.8 -4.2373 12.7406
    endloop
  endfacet
  facet normal -0.446787 -0.867831 0.217374
    outer loop
      vertex 118.8 -5.9672 12.0004
      vertex 118.8 -5.70848 13.0333
      vertex 115.8 -4.2373 12.7406
    endloop
  endfacet
  facet normal -0.446782 -0.600804 0.662888
    outer loop
      vertex 118.8 -9.46683 6.76284
      vertex 118.8 -8.67789 7.47789
      vertex 115.8 -7.61723 6.41723
    endloop
  endfacet
  facet normal -0.446787 0.45992 0.767369
    outer loop
      vertex 118.8 -22.3779 6.12855
      vertex 115.8 -22.1717 4.25827
      vertex 115.8 -23.2113 4.88135
    endloop
  endfacet
  facet normal -0.446784 0.532914 0.718601
    outer loop
      vertex 118.8 -23.2332 6.76284
      vertex 118.8 -22.3779 6.12855
      vertex 115.8 -24.1848 5.60332
    endloop
  endfacet
  facet normal -0.446783 -0.532926 0.718592
    outer loop
      vertex 118.8 -10.3221 6.12855
      vertex 118.8 -9.46683 6.76284
      vertex 115.8 -8.51524 5.60332
    endloop
  endfacet
  facet normal -0.44678 0.301402 0.842345
    outer loop
      vertex 118.8 -19.4996 4.7672
      vertex 115.8 -19.935 3.33179
      vertex 115.8 -21.0761 3.74009
    endloop
  endfacet
  facet normal -0.446781 0.217393 0.867829
    outer loop
      vertex 118.8 -19.4996 4.7672
      vertex 115.8 -18.7594 3.0373
      vertex 115.8 -19.935 3.33179
    endloop
  endfacet
  facet normal -0.446782 -0.131273 0.884959
    outer loop
      vertex 118.8 -15.2865 4.35225
      vertex 118.8 -14.2333 4.50848
      vertex 115.8 -15.1395 2.85947
    endloop
  endfacet
  facet normal -0.44678 -0.301402 0.842345
    outer loop
      vertex 118.8 -13.2004 4.7672
      vertex 115.8 -11.6239 3.74009
      vertex 115.8 -12.765 3.33179
    endloop
  endfacet
  facet normal -0.446781 0.301404 0.842344
    outer loop
      vertex 118.8 -20.5021 5.12591
      vertex 118.8 -19.4996 4.7672
      vertex 115.8 -21.0761 3.74009
    endloop
  endfacet
  facet normal -0.446776 0.842348 0.301397
    outer loop
      vertex 118.8 -26.7328 12.0004
      vertex 118.8 -26.3741 10.9979
      vertex 115.8 -27.7599 10.4239
    endloop
  endfacet
  facet normal -0.446785 0.131264 0.884959
    outer loop
      vertex 118.8 -18.4667 4.50848
      vertex 115.8 -17.5605 2.85947
      vertex 115.8 -18.7594 3.0373
    endloop
  endfacet
  facet normal -0.446792 0.867832 0.217357
    outer loop
      vertex 118.8 -26.9915 13.0333
      vertex 118.8 -26.7328 12.0004
      vertex 115.8 -28.4627 12.7406
    endloop
  endfacet
  facet normal -0.446778 0.842346 0.301402
    outer loop
      vertex 118.8 -26.7328 12.0004
      vertex 115.8 -27.7599 10.4239
      vertex 115.8 -28.1682 11.565
    endloop
  endfacet
  facet normal -0.446781 -0.842344 0.301404
    outer loop
      vertex 118.8 -6.32591 10.9979
      vertex 118.8 -5.9672 12.0004
      vertex 115.8 -4.94009 10.4239
    endloop
  endfacet
  facet normal -0.446781 0.767353 0.459951
    outer loop
      vertex 118.8 -25.3714 9.12206
      vertex 115.8 -26.6186 8.28871
      vertex 115.8 -27.2417 9.32825
    endloop
  endfacet
  facet normal -0.44678 -0.808755 0.382495
    outer loop
      vertex 118.8 -6.32591 10.9979
      vertex 115.8 -4.94009 10.4239
      vertex 115.8 -5.45827 9.32825
    endloop
  endfacet
  facet normal -0.44678 0.662891 0.600803
    outer loop
      vertex 118.8 -24.7372 8.26683
      vertex 115.8 -25.0828 6.41723
      vertex 115.8 -25.8967 7.31524
    endloop
  endfacet
  facet normal -0.446782 0.80874 0.382526
    outer loop
      vertex 118.8 -26.3741 10.9979
      vertex 118.8 -25.9188 10.0353
      vertex 115.8 -27.2417 9.32825
    endloop
  endfacet
  facet normal -0.446641 0.893623 0.0441505
    outer loop
      vertex 116.322 -28.39 14.15
      vertex 115.8 -28.6405 13.9395
      vertex 115.8 -28.6509 14.15
    endloop
  endfacet
  facet normal -0.446762 0.884961 0.131332
    outer loop
      vertex 118.8 -27.1478 14.0865
      vertex 118.8 -26.9915 13.0333
      vertex 115.8 -28.6405 13.9395
    endloop
  endfacet
  facet normal -0.446774 0.382493 0.80876
    outer loop
      vertex 118.8 -21.4647 5.58116
      vertex 118.8 -20.5021 5.12591
      vertex 115.8 -22.1717 4.25827
    endloop
  endfacet
  facet normal -0.446781 -0.217393 0.867829
    outer loop
      vertex 118.8 -13.2004 4.7672
      vertex 115.8 -12.765 3.33179
      vertex 115.8 -13.9406 3.0373
    endloop
  endfacet
  facet normal -0.446785 -0.131264 0.884959
    outer loop
      vertex 118.8 -14.2333 4.50848
      vertex 115.8 -13.9406 3.0373
      vertex 115.8 -15.1395 2.85947
    endloop
  endfacet
  facet normal -0.446778 0.718618 0.532895
    outer loop
      vertex 118.8 -25.3714 9.12206
      vertex 118.8 -24.7372 8.26683
      vertex 115.8 -25.8967 7.31524
    endloop
  endfacet
  facet normal -0.446789 0.88496 0.131242
    outer loop
      vertex 118.8 -26.9915 13.0333
      vertex 115.8 -28.4627 12.7406
      vertex 115.8 -28.6405 13.9395
    endloop
  endfacet
  facet normal -0.446782 0.71861 0.532903
    outer loop
      vertex 118.8 -25.3714 9.12206
      vertex 115.8 -25.8967 7.31524
      vertex 115.8 -26.6186 8.28871
    endloop
  endfacet
  facet normal -0.446783 -0.043901 0.893565
    outer loop
      vertex 118.8 -16.35 4.3
      vertex 118.8 -15.2865 4.35225
      vertex 115.8 -15.1395 2.85947
    endloop
  endfacet
  facet normal -0.446782 0.131273 0.884959
    outer loop
      vertex 118.8 -18.4667 4.50848
      vertex 118.8 -17.4135 4.35225
      vertex 115.8 -17.5605 2.85947
    endloop
  endfacet
  facet normal -0.446783 0.043901 0.893565
    outer loop
      vertex 118.8 -17.4135 4.35225
      vertex 118.8 -16.35 4.3
      vertex 115.8 -17.5605 2.85947
    endloop
  endfacet
  facet normal -0.446782 -0.662888 0.600804
    outer loop
      vertex 118.8 -8.67789 7.47789
      vertex 118.8 -7.96284 8.26683
      vertex 115.8 -7.61723 6.41723
    endloop
  endfacet
  facet normal -0.446778 -0.767357 0.459949
    outer loop
      vertex 118.8 -7.32855 9.12206
      vertex 118.8 -6.78116 10.0353
      vertex 115.8 -5.45827 9.32825
    endloop
  endfacet
  facet normal -0.446782 -0.884959 0.131273
    outer loop
      vertex 118.8 -5.70848 13.0333
      vertex 118.8 -5.55225 14.0865
      vertex 115.8 -4.05947 13.9395
    endloop
  endfacet
  facet normal -0.446779 0.867828 0.2174
    outer loop
      vertex 118.8 -26.7328 12.0004
      vertex 115.8 -28.1682 11.565
      vertex 115.8 -28.4627 12.7406
    endloop
  endfacet
  facet normal -0.44679 0.662864 0.600824
    outer loop
      vertex 118.8 -24.7372 8.26683
      vertex 118.8 -24.0221 7.47789
      vertex 115.8 -25.0828 6.41723
    endloop
  endfacet
  facet normal -0.446789 0.600818 0.66287
    outer loop
      vertex 118.8 -24.0221 7.47789
      vertex 118.8 -23.2332 6.76284
      vertex 115.8 -25.0828 6.41723
    endloop
  endfacet
  facet normal 0 -0.671557 0.740953
    outer loop
      vertex 118.8 -8.67789 7.47789
      vertex 125.8 -9.46683 6.76284
      vertex 125.8 -8.67789 7.47789
    endloop
  endfacet
  facet normal 0 -0.671557 0.740953
    outer loop
      vertex 125.8 -9.46683 6.76284
      vertex 118.8 -8.67789 7.47789
      vertex 118.8 -9.46683 6.76284
    endloop
  endfacet
  facet normal 0 -0.242973 0.970033
    outer loop
      vertex 118.8 -13.2004 4.7672
      vertex 125.8 -14.2333 4.50848
      vertex 125.8 -13.2004 4.7672
    endloop
  endfacet
  facet normal 0 -0.242973 0.970033
    outer loop
      vertex 125.8 -14.2333 4.50848
      vertex 118.8 -13.2004 4.7672
      vertex 118.8 -14.2333 4.50848
    endloop
  endfacet
  facet normal 0 -0.049071 0.998795
    outer loop
      vertex 118.8 -15.2865 4.35225
      vertex 125.8 -16.35 4.3
      vertex 125.8 -15.2865 4.35225
    endloop
  endfacet
  facet normal 0 -0.049071 0.998795
    outer loop
      vertex 125.8 -16.35 4.3
      vertex 118.8 -15.2865 4.35225
      vertex 118.8 -16.35 4.3
    endloop
  endfacet
  facet normal 0 -0.427535 0.903999
    outer loop
      vertex 118.8 -11.2353 5.58116
      vertex 125.8 -12.1979 5.12591
      vertex 125.8 -11.2353 5.58116
    endloop
  endfacet
  facet normal 0 -0.427535 0.903999
    outer loop
      vertex 125.8 -12.1979 5.12591
      vertex 118.8 -11.2353 5.58116
      vertex 118.8 -12.1979 5.12591
    endloop
  endfacet
  facet normal 0 0.99881 0.0487608
    outer loop
      vertex 125.8 -27.1478 14.0865
      vertex 118.8 -27.1509 14.15
      vertex 125.8 -27.1509 14.15
    endloop
  endfacet
  facet normal 0 0.99881 0.0487608
    outer loop
      vertex 118.8 -27.1509 14.15
      vertex 125.8 -27.1478 14.0865
      vertex 118.8 -27.1478 14.0865
    endloop
  endfacet
  facet normal 0 -0.740953 0.671557
    outer loop
      vertex 118.8 -8.67789 7.47789
      vertex 125.8 -7.96284 8.26683
      vertex 118.8 -7.96284 8.26683
    endloop
  endfacet
  facet normal 0 -0.740953 0.671557
    outer loop
      vertex 125.8 -7.96284 8.26683
      vertex 118.8 -8.67789 7.47789
      vertex 125.8 -8.67789 7.47789
    endloop
  endfacet
  facet normal 0 -0.857722 0.514113
    outer loop
      vertex 118.8 -7.32855 9.12206
      vertex 125.8 -6.78116 10.0353
      vertex 118.8 -6.78116 10.0353
    endloop
  endfacet
  facet normal 0 -0.857722 0.514113
    outer loop
      vertex 125.8 -6.78116 10.0353
      vertex 118.8 -7.32855 9.12206
      vertex 125.8 -7.32855 9.12206
    endloop
  endfacet
  facet normal -0 0.242973 0.970033
    outer loop
      vertex 118.8 -18.4667 4.50848
      vertex 125.8 -19.4996 4.7672
      vertex 125.8 -18.4667 4.50848
    endloop
  endfacet
  facet normal 0 0.242973 0.970033
    outer loop
      vertex 125.8 -19.4996 4.7672
      vertex 118.8 -18.4667 4.50848
      vertex 118.8 -19.4996 4.7672
    endloop
  endfacet
  facet normal 0 -0.595686 0.803217
    outer loop
      vertex 118.8 -9.46683 6.76284
      vertex 125.8 -10.3221 6.12855
      vertex 125.8 -9.46683 6.76284
    endloop
  endfacet
  facet normal 0 -0.595686 0.803217
    outer loop
      vertex 125.8 -10.3221 6.12855
      vertex 118.8 -9.46683 6.76284
      vertex 118.8 -10.3221 6.12855
    endloop
  endfacet
  facet normal 0 -0.803204 0.595704
    outer loop
      vertex 118.8 -7.96284 8.26683
      vertex 125.8 -7.32855 9.12206
      vertex 118.8 -7.32855 9.12206
    endloop
  endfacet
  facet normal 0 -0.803204 0.595704
    outer loop
      vertex 125.8 -7.32855 9.12206
      vertex 118.8 -7.96284 8.26683
      vertex 125.8 -7.96284 8.26683
    endloop
  endfacet
  facet normal 0 -0.903999 0.427535
    outer loop
      vertex 118.8 -6.78116 10.0353
      vertex 125.8 -6.32591 10.9979
      vertex 118.8 -6.32591 10.9979
    endloop
  endfacet
  facet normal 0 -0.903999 0.427535
    outer loop
      vertex 125.8 -6.32591 10.9979
      vertex 118.8 -6.78116 10.0353
      vertex 125.8 -6.78116 10.0353
    endloop
  endfacet
  facet normal 0 -0.998795 0.0490747
    outer loop
      vertex 118.8 -5.55225 14.0865
      vertex 125.8 -5.54913 14.15
      vertex 118.8 -5.54913 14.15
    endloop
  endfacet
  facet normal 0 -0.998795 0.0490747
    outer loop
      vertex 125.8 -5.54913 14.15
      vertex 118.8 -5.55225 14.0865
      vertex 125.8 -5.55225 14.0865
    endloop
  endfacet
  facet normal 0 -0.146733 0.989176
    outer loop
      vertex 118.8 -14.2333 4.50848
      vertex 125.8 -15.2865 4.35225
      vertex 125.8 -14.2333 4.50848
    endloop
  endfacet
  facet normal 0 -0.146733 0.989176
    outer loop
      vertex 125.8 -15.2865 4.35225
      vertex 118.8 -14.2333 4.50848
      vertex 118.8 -15.2865 4.35225
    endloop
  endfacet
  facet normal -0 0.146733 0.989176
    outer loop
      vertex 118.8 -17.4135 4.35225
      vertex 125.8 -18.4667 4.50848
      vertex 125.8 -17.4135 4.35225
    endloop
  endfacet
  facet normal 0 0.146733 0.989176
    outer loop
      vertex 125.8 -18.4667 4.50848
      vertex 118.8 -17.4135 4.35225
      vertex 118.8 -18.4667 4.50848
    endloop
  endfacet
  facet normal -0 0.427535 0.903999
    outer loop
      vertex 118.8 -20.5021 5.12591
      vertex 125.8 -21.4647 5.58116
      vertex 125.8 -20.5021 5.12591
    endloop
  endfacet
  facet normal 0 0.427535 0.903999
    outer loop
      vertex 125.8 -21.4647 5.58116
      vertex 118.8 -20.5021 5.12591
      vertex 118.8 -21.4647 5.58116
    endloop
  endfacet
  facet normal -0 0.049071 0.998795
    outer loop
      vertex 118.8 -16.35 4.3
      vertex 125.8 -17.4135 4.35225
      vertex 125.8 -16.35 4.3
    endloop
  endfacet
  facet normal 0 0.049071 0.998795
    outer loop
      vertex 125.8 -17.4135 4.35225
      vertex 118.8 -16.35 4.3
      vertex 118.8 -17.4135 4.35225
    endloop
  endfacet
  facet normal -0 0.671576 0.740936
    outer loop
      vertex 118.8 -23.2332 6.76284
      vertex 125.8 -24.0221 7.47789
      vertex 125.8 -23.2332 6.76284
    endloop
  endfacet
  facet normal 0 0.671576 0.740936
    outer loop
      vertex 125.8 -24.0221 7.47789
      vertex 118.8 -23.2332 6.76284
      vertex 118.8 -24.0221 7.47789
    endloop
  endfacet
  facet normal 0 -0.336898 0.941541
    outer loop
      vertex 118.8 -12.1979 5.12591
      vertex 125.8 -13.2004 4.7672
      vertex 125.8 -12.1979 5.12591
    endloop
  endfacet
  facet normal 0 -0.336898 0.941541
    outer loop
      vertex 125.8 -13.2004 4.7672
      vertex 118.8 -12.1979 5.12591
      vertex 118.8 -13.2004 4.7672
    endloop
  endfacet
  facet normal -0 0.595673 0.803227
    outer loop
      vertex 118.8 -22.3779 6.12855
      vertex 125.8 -23.2332 6.76284
      vertex 125.8 -22.3779 6.12855
    endloop
  endfacet
  facet normal 0 0.595673 0.803227
    outer loop
      vertex 125.8 -23.2332 6.76284
      vertex 118.8 -22.3779 6.12855
      vertex 118.8 -23.2332 6.76284
    endloop
  endfacet
  facet normal -0 0.51413 0.857712
    outer loop
      vertex 118.8 -21.4647 5.58116
      vertex 125.8 -22.3779 6.12855
      vertex 125.8 -21.4647 5.58116
    endloop
  endfacet
  facet normal 0 0.51413 0.857712
    outer loop
      vertex 125.8 -22.3779 6.12855
      vertex 118.8 -21.4647 5.58116
      vertex 118.8 -22.3779 6.12855
    endloop
  endfacet
  facet normal -0 0.336898 0.941541
    outer loop
      vertex 118.8 -19.4996 4.7672
      vertex 125.8 -20.5021 5.12591
      vertex 125.8 -19.4996 4.7672
    endloop
  endfacet
  facet normal 0 0.336898 0.941541
    outer loop
      vertex 125.8 -20.5021 5.12591
      vertex 118.8 -19.4996 4.7672
      vertex 118.8 -20.5021 5.12591
    endloop
  endfacet
  facet normal 0 -0.989176 0.146733
    outer loop
      vertex 118.8 -5.70848 13.0333
      vertex 125.8 -5.55225 14.0865
      vertex 118.8 -5.55225 14.0865
    endloop
  endfacet
  facet normal 0 -0.989176 0.146733
    outer loop
      vertex 125.8 -5.55225 14.0865
      vertex 118.8 -5.70848 13.0333
      vertex 125.8 -5.70848 13.0333
    endloop
  endfacet
  facet normal 0 -0.51413 0.857712
    outer loop
      vertex 118.8 -10.3221 6.12855
      vertex 125.8 -11.2353 5.58116
      vertex 125.8 -10.3221 6.12855
    endloop
  endfacet
  facet normal 0 -0.51413 0.857712
    outer loop
      vertex 125.8 -11.2353 5.58116
      vertex 118.8 -10.3221 6.12855
      vertex 118.8 -11.2353 5.58116
    endloop
  endfacet
  facet normal 0 -0.970033 0.242973
    outer loop
      vertex 118.8 -5.9672 12.0004
      vertex 125.8 -5.70848 13.0333
      vertex 118.8 -5.70848 13.0333
    endloop
  endfacet
  facet normal 0 -0.970033 0.242973
    outer loop
      vertex 125.8 -5.70848 13.0333
      vertex 118.8 -5.9672 12.0004
      vertex 125.8 -5.9672 12.0004
    endloop
  endfacet
  facet normal 0 -0.941541 0.336898
    outer loop
      vertex 118.8 -6.32591 10.9979
      vertex 125.8 -5.9672 12.0004
      vertex 118.8 -5.9672 12.0004
    endloop
  endfacet
  facet normal 0 -0.941541 0.336898
    outer loop
      vertex 125.8 -5.9672 12.0004
      vertex 118.8 -6.32591 10.9979
      vertex 125.8 -6.32591 10.9979
    endloop
  endfacet
  facet normal 0 0 1
    outer loop
      vertex 125.8 -4 14.15
      vertex 118.8 -5.54913 14.15
      vertex 125.8 -5.54913 14.15
    endloop
  endfacet
  facet normal 0 0 1
    outer loop
      vertex 125.8 -4 14.15
      vertex 116.322 -4.30998 14.15
      vertex 118.8 -5.54913 14.15
    endloop
  endfacet
  facet normal 0 0 1
    outer loop
      vertex 125.8 -4 14.15
      vertex 115.8 -4.04913 14.15
      vertex 116.322 -4.30998 14.15
    endloop
  endfacet
  facet normal 0 0 1
    outer loop
      vertex 125.8 -4 14.15
      vertex 109.2 -4.04913 14.15
      vertex 115.8 -4.04913 14.15
    endloop
  endfacet
  facet normal 0 0 -1
    outer loop
      vertex 109.2 -4.04913 14.15
      vertex 106.2 -5.54913 14.15
      vertex 108.678 -4.30998 14.15
    endloop
  endfacet
  facet normal -0 0 1
    outer loop
      vertex -125.8 -4 14.15
      vertex 109.2 -4.04913 14.15
      vertex 125.8 -4 14.15
    endloop
  endfacet
  facet normal 0 0 1
    outer loop
      vertex -125.8 -4 14.15
      vertex 106.2 -5.54913 14.15
      vertex 109.2 -4.04913 14.15
    endloop
  endfacet
  facet normal 0 0 1
    outer loop
      vertex 106.2 -5.54913 14.15
      vertex -125.8 -4 14.15
      vertex -125.8 -5.54913 14.15
    endloop
  endfacet
  facet normal -0 0 1
    outer loop
      vertex 118.8 -27.1509 14.15
      vertex 125.8 -28.7 14.15
      vertex 125.8 -27.1509 14.15
    endloop
  endfacet
  facet normal -0 0 1
    outer loop
      vertex 116.322 -28.39 14.15
      vertex 125.8 -28.7 14.15
      vertex 118.8 -27.1509 14.15
    endloop
  endfacet
  facet normal -0 0 1
    outer loop
      vertex 115.8 -28.6509 14.15
      vertex 125.8 -28.7 14.15
      vertex 116.322 -28.39 14.15
    endloop
  endfacet
  facet normal -0 0 1
    outer loop
      vertex 109.2 -28.6509 14.15
      vertex 125.8 -28.7 14.15
      vertex 115.8 -28.6509 14.15
    endloop
  endfacet
  facet normal 0 0 -1
    outer loop
      vertex 106.2 -27.1509 14.15
      vertex 109.2 -28.6509 14.15
      vertex 108.678 -28.39 14.15
    endloop
  endfacet
  facet normal 0 0 1
    outer loop
      vertex -125.8 -28.7 14.15
      vertex 106.2 -27.1509 14.15
      vertex -125.8 -27.1509 14.15
    endloop
  endfacet
  facet normal 0 0 1
    outer loop
      vertex 109.2 -28.6509 14.15
      vertex -125.8 -28.7 14.15
      vertex 125.8 -28.7 14.15
    endloop
  endfacet
  facet normal 0 0 1
    outer loop
      vertex 106.2 -27.1509 14.15
      vertex -125.8 -28.7 14.15
      vertex 109.2 -28.6509 14.15
    endloop
  endfacet
  facet normal 0 -1 0
    outer loop
      vertex -125.8 -4 14.15
      vertex -96.175 -4 15.15
      vertex -125.8 -4 15.15
    endloop
  endfacet
  facet normal 0 -1 -0
    outer loop
      vertex -96.175 -4 15.15
      vertex -125.8 -4 14.15
      vertex -72.175 -4 15.15
    endloop
  endfacet
  facet normal 0 -1 -0
    outer loop
      vertex -72.175 -4 15.15
      vertex -125.8 -4 14.15
      vertex -42.925 -4 15.15
    endloop
  endfacet
  facet normal 0 -1 -0
    outer loop
      vertex -42.925 -4 15.15
      vertex -125.8 -4 14.15
      vertex -18.925 -4 15.15
    endloop
  endfacet
  facet normal 0 -1 -0
    outer loop
      vertex -18.925 -4 15.15
      vertex -125.8 -4 14.15
      vertex 10.325 -4 15.15
    endloop
  endfacet
  facet normal 0 -1 -0
    outer loop
      vertex 10.325 -4 15.15
      vertex -125.8 -4 14.15
      vertex 34.325 -4 15.15
    endloop
  endfacet
  facet normal 0 -1 -0
    outer loop
      vertex 34.325 -4 15.15
      vertex -125.8 -4 14.15
      vertex 63.575 -4 15.15
    endloop
  endfacet
  facet normal 0 -1 0
    outer loop
      vertex 125.8 -4 14.15
      vertex 63.575 -4 15.15
      vertex -125.8 -4 14.15
    endloop
  endfacet
  facet normal 0 -1 0
    outer loop
      vertex 63.575 -4 15.15
      vertex 125.8 -4 14.15
      vertex 87.575 -4 15.15
    endloop
  endfacet
  facet normal 0 -1 0
    outer loop
      vertex 87.575 -4 15.15
      vertex 125.8 -4 14.15
      vertex 125.8 -4 15.15
    endloop
  endfacet
  facet normal 0 -1 0
    outer loop
      vertex -96.175 -4 15.15
      vertex -72.175 -4 15.4
      vertex -96.175 -4 15.4
    endloop
  endfacet
  facet normal 0 -1 -0
    outer loop
      vertex -72.175 -4 15.4
      vertex -96.175 -4 15.15
      vertex -72.175 -4 15.15
    endloop
  endfacet
  facet normal 0 -1 0
    outer loop
      vertex -42.925 -4 15.15
      vertex -18.925 -4 15.4
      vertex -42.925 -4 15.4
    endloop
  endfacet
  facet normal 0 -1 -0
    outer loop
      vertex -18.925 -4 15.4
      vertex -42.925 -4 15.15
      vertex -18.925 -4 15.15
    endloop
  endfacet
  facet normal 0 -1 0
    outer loop
      vertex 10.325 -4 15.15
      vertex 34.325 -4 15.4
      vertex 10.325 -4 15.4
    endloop
  endfacet
  facet normal 0 -1 -0
    outer loop
      vertex 34.325 -4 15.4
      vertex 10.325 -4 15.15
      vertex 34.325 -4 15.15
    endloop
  endfacet
  facet normal 0 -1 0
    outer loop
      vertex 63.575 -4 15.15
      vertex 87.575 -4 15.4
      vertex 63.575 -4 15.4
    endloop
  endfacet
  facet normal 0 -1 -0
    outer loop
      vertex 87.575 -4 15.4
      vertex 63.575 -4 15.15
      vertex 87.575 -4 15.15
    endloop
  endfacet
  facet normal 0 0 1
    outer loop
      vertex 125.8 -3 15.15
      vertex 87.575 -3.5 15.15
      vertex 125.8 -4 15.15
    endloop
  endfacet
  facet normal 0 0 1
    outer loop
      vertex 125.8 -3 15.15
      vertex 63.575 -3.5 15.15
      vertex 87.575 -3.5 15.15
    endloop
  endfacet
  facet normal 0 0 1
    outer loop
      vertex 63.575 -3.5 15.15
      vertex 34.325 -3.5 15.15
      vertex 63.575 -4 15.15
    endloop
  endfacet
  facet normal 0 0 1
    outer loop
      vertex 125.8 -3 15.15
      vertex 34.325 -3.5 15.15
      vertex 63.575 -3.5 15.15
    endloop
  endfacet
  facet normal 0 0 1
    outer loop
      vertex 125.8 -3 15.15
      vertex 10.325 -3.5 15.15
      vertex 34.325 -3.5 15.15
    endloop
  endfacet
  facet normal 0 0 1
    outer loop
      vertex 10.325 -3.5 15.15
      vertex -18.925 -3.5 15.15
      vertex 10.325 -4 15.15
    endloop
  endfacet
  facet normal 0 0 1
    outer loop
      vertex 125.8 -3 15.15
      vertex -18.925 -3.5 15.15
      vertex 10.325 -3.5 15.15
    endloop
  endfacet
  facet normal 0 0 1
    outer loop
      vertex 125.8 -3 15.15
      vertex -42.925 -3.5 15.15
      vertex -18.925 -3.5 15.15
    endloop
  endfacet
  facet normal 0 0 1
    outer loop
      vertex -42.925 -3.5 15.15
      vertex -72.175 -3.5 15.15
      vertex -42.925 -4 15.15
    endloop
  endfacet
  facet normal 0 0 1
    outer loop
      vertex 125.8 -3 15.15
      vertex -72.175 -3.5 15.15
      vertex -42.925 -3.5 15.15
    endloop
  endfacet
  facet normal -0 0 1
    outer loop
      vertex -125.8 -3 15.15
      vertex -72.175 -3.5 15.15
      vertex 125.8 -3 15.15
    endloop
  endfacet
  facet normal 0 0 1
    outer loop
      vertex -72.175 -3.5 15.15
      vertex -125.8 -3 15.15
      vertex -96.175 -3.5 15.15
    endloop
  endfacet
  facet normal 0 0 1
    outer loop
      vertex -125.8 -4 15.15
      vertex -96.175 -3.5 15.15
      vertex -125.8 -3 15.15
    endloop
  endfacet
  facet normal 0 0 1
    outer loop
      vertex -96.175 -3.5 15.15
      vertex -125.8 -4 15.15
      vertex -96.175 -4 15.15
    endloop
  endfacet
  facet normal 0 0 1
    outer loop
      vertex 125.8 -4 15.15
      vertex 87.575 -3.5 15.15
      vertex 87.575 -4 15.15
    endloop
  endfacet
  facet normal 0 0 1
    outer loop
      vertex 63.575 -4 15.15
      vertex 34.325 -3.5 15.15
      vertex 34.325 -4 15.15
    endloop
  endfacet
  facet normal 0 0 1
    outer loop
      vertex 10.325 -4 15.15
      vertex -18.925 -3.5 15.15
      vertex -18.925 -4 15.15
    endloop
  endfacet
  facet normal 0 0 1
    outer loop
      vertex -42.925 -4 15.15
      vertex -72.175 -3.5 15.15
      vertex -72.175 -4 15.15
    endloop
  endfacet
  facet normal 0 1 -0
    outer loop
      vertex 125.8 -3 2.8
      vertex -125.8 -3 15.15
      vertex 125.8 -3 15.15
    endloop
  endfacet
  facet normal 0 1 0
    outer loop
      vertex -125.8 -3 15.15
      vertex 125.8 -3 2.8
      vertex -125.8 -3 2.8
    endloop
  endfacet
  facet normal 1 -0 0
    outer loop
      vertex -72.175 -4 15.4
      vertex -72.175 -3.5 15.15
      vertex -72.175 -3.5 15.4
    endloop
  endfacet
  facet normal 1 0 0
    outer loop
      vertex -72.175 -3.5 15.15
      vertex -72.175 -4 15.4
      vertex -72.175 -4 15.15
    endloop
  endfacet
  facet normal -0 0 1
    outer loop
      vertex -96.175 -3.5 15.4
      vertex -72.175 -4 15.4
      vertex -72.175 -3.5 15.4
    endloop
  endfacet
  facet normal 0 0 1
    outer loop
      vertex -72.175 -4 15.4
      vertex -96.175 -3.5 15.4
      vertex -96.175 -4 15.4
    endloop
  endfacet
  facet normal -1 0 0
    outer loop
      vertex -96.175 -4 15.15
      vertex -96.175 -3.5 15.4
      vertex -96.175 -3.5 15.15
    endloop
  endfacet
  facet normal -1 -0 0
    outer loop
      vertex -96.175 -3.5 15.4
      vertex -96.175 -4 15.15
      vertex -96.175 -4 15.4
    endloop
  endfacet
  facet normal 0 1 -0
    outer loop
      vertex -72.175 -3.5 15.15
      vertex -96.175 -3.5 15.4
      vertex -72.175 -3.5 15.4
    endloop
  endfacet
  facet normal 0 1 0
    outer loop
      vertex -96.175 -3.5 15.4
      vertex -72.175 -3.5 15.15
      vertex -96.175 -3.5 15.15
    endloop
  endfacet
  facet normal 1 -0 0
    outer loop
      vertex -18.925 -4 15.4
      vertex -18.925 -3.5 15.15
      vertex -18.925 -3.5 15.4
    endloop
  endfacet
  facet normal 1 0 0
    outer loop
      vertex -18.925 -3.5 15.15
      vertex -18.925 -4 15.4
      vertex -18.925 -4 15.15
    endloop
  endfacet
  facet normal -0 0 1
    outer loop
      vertex -42.925 -3.5 15.4
      vertex -18.925 -4 15.4
      vertex -18.925 -3.5 15.4
    endloop
  endfacet
  facet normal 0 0 1
    outer loop
      vertex -18.925 -4 15.4
      vertex -42.925 -3.5 15.4
      vertex -42.925 -4 15.4
    endloop
  endfacet
  facet normal -1 0 0
    outer loop
      vertex -42.925 -4 15.15
      vertex -42.925 -3.5 15.4
      vertex -42.925 -3.5 15.15
    endloop
  endfacet
  facet normal -1 -0 0
    outer loop
      vertex -42.925 -3.5 15.4
      vertex -42.925 -4 15.15
      vertex -42.925 -4 15.4
    endloop
  endfacet
  facet normal 0 1 -0
    outer loop
      vertex -18.925 -3.5 15.15
      vertex -42.925 -3.5 15.4
      vertex -18.925 -3.5 15.4
    endloop
  endfacet
  facet normal 0 1 0
    outer loop
      vertex -42.925 -3.5 15.4
      vertex -18.925 -3.5 15.15
      vertex -42.925 -3.5 15.15
    endloop
  endfacet
  facet normal 1 -0 0
    outer loop
      vertex 34.325 -4 15.4
      vertex 34.325 -3.5 15.15
      vertex 34.325 -3.5 15.4
    endloop
  endfacet
  facet normal 1 0 0
    outer loop
      vertex 34.325 -3.5 15.15
      vertex 34.325 -4 15.4
      vertex 34.325 -4 15.15
    endloop
  endfacet
  facet normal -0 0 1
    outer loop
      vertex 10.325 -3.5 15.4
      vertex 34.325 -4 15.4
      vertex 34.325 -3.5 15.4
    endloop
  endfacet
  facet normal 0 0 1
    outer loop
      vertex 34.325 -4 15.4
      vertex 10.325 -3.5 15.4
      vertex 10.325 -4 15.4
    endloop
  endfacet
  facet normal -1 0 0
    outer loop
      vertex 10.325 -4 15.15
      vertex 10.325 -3.5 15.4
      vertex 10.325 -3.5 15.15
    endloop
  endfacet
  facet normal -1 -0 0
    outer loop
      vertex 10.325 -3.5 15.4
      vertex 10.325 -4 15.15
      vertex 10.325 -4 15.4
    endloop
  endfacet
  facet normal 0 1 -0
    outer loop
      vertex 34.325 -3.5 15.15
      vertex 10.325 -3.5 15.4
      vertex 34.325 -3.5 15.4
    endloop
  endfacet
  facet normal 0 1 0
    outer loop
      vertex 10.325 -3.5 15.4
      vertex 34.325 -3.5 15.15
      vertex 10.325 -3.5 15.15
    endloop
  endfacet
  facet normal 1 -0 0
    outer loop
      vertex 87.575 -4 15.4
      vertex 87.575 -3.5 15.15
      vertex 87.575 -3.5 15.4
    endloop
  endfacet
  facet normal 1 0 0
    outer loop
      vertex 87.575 -3.5 15.15
      vertex 87.575 -4 15.4
      vertex 87.575 -4 15.15
    endloop
  endfacet
  facet normal -0 0 1
    outer loop
      vertex 63.575 -3.5 15.4
      vertex 87.575 -4 15.4
      vertex 87.575 -3.5 15.4
    endloop
  endfacet
  facet normal 0 0 1
    outer loop
      vertex 87.575 -4 15.4
      vertex 63.575 -3.5 15.4
      vertex 63.575 -4 15.4
    endloop
  endfacet
  facet normal -1 0 0
    outer loop
      vertex 63.575 -4 15.15
      vertex 63.575 -3.5 15.4
      vertex 63.575 -3.5 15.15
    endloop
  endfacet
  facet normal -1 -0 0
    outer loop
      vertex 63.575 -3.5 15.4
      vertex 63.575 -4 15.15
      vertex 63.575 -4 15.4
    endloop
  endfacet
  facet normal 0 1 -0
    outer loop
      vertex 87.575 -3.5 15.15
      vertex 63.575 -3.5 15.4
      vertex 87.575 -3.5 15.4
    endloop
  endfacet
  facet normal 0 1 0
    outer loop
      vertex 63.575 -3.5 15.4
      vertex 87.575 -3.5 15.15
      vertex 63.575 -3.5 15.15
    endloop
  endfacet
  facet normal 0 0.998795 0.0490747
    outer loop
      vertex 2.19257 5.55225 14.0865
      vertex -18.3515 5.54913 14.15
      vertex 2.19257 5.54913 14.15
    endloop
  endfacet
  facet normal 0 0.998795 0.0490747
    outer loop
      vertex -18.3515 5.54913 14.15
      vertex 2.19257 5.55225 14.0865
      vertex -18.3515 5.55225 14.0865
    endloop
  endfacet
  facet normal 0 0.998795 0.0490747
    outer loop
      vertex -79.9838 5.55225 14.0865
      vertex -100.528 5.54913 14.15
      vertex -79.9838 5.54913 14.15
    endloop
  endfacet
  facet normal 0 0.998795 0.0490747
    outer loop
      vertex -100.528 5.54913 14.15
      vertex -79.9838 5.55225 14.0865
      vertex -100.528 5.55225 14.0865
    endloop
  endfacet
  facet normal 0 0.998795 0.0490747
    outer loop
      vertex -38.8956 5.55225 14.0865
      vertex -59.4397 5.54913 14.15
      vertex -38.8956 5.54913 14.15
    endloop
  endfacet
  facet normal 0 0.998795 0.0490747
    outer loop
      vertex -59.4397 5.54913 14.15
      vertex -38.8956 5.55225 14.0865
      vertex -59.4397 5.55225 14.0865
    endloop
  endfacet
  facet normal 0 -0.99881 0.0487608
    outer loop
      vertex -18.3515 27.1478 14.0865
      vertex 2.19257 27.1509 14.15
      vertex -18.3515 27.1509 14.15
    endloop
  endfacet
  facet normal 0 -0.99881 0.0487608
    outer loop
      vertex 2.19257 27.1509 14.15
      vertex -18.3515 27.1478 14.0865
      vertex 2.19257 27.1478 14.0865
    endloop
  endfacet
  facet normal 0 -0.99881 0.0487608
    outer loop
      vertex -100.528 27.1478 14.0865
      vertex -79.9838 27.1509 14.15
      vertex -100.528 27.1509 14.15
    endloop
  endfacet
  facet normal 0 -0.99881 0.0487608
    outer loop
      vertex -79.9838 27.1509 14.15
      vertex -100.528 27.1478 14.0865
      vertex -79.9838 27.1478 14.0865
    endloop
  endfacet
  facet normal 0 -0.99881 0.0487608
    outer loop
      vertex -59.4397 27.1478 14.0865
      vertex -38.8956 27.1509 14.15
      vertex -59.4397 27.1509 14.15
    endloop
  endfacet
  facet normal 0 -0.99881 0.0487608
    outer loop
      vertex -38.8956 27.1509 14.15
      vertex -59.4397 27.1478 14.0865
      vertex -38.8956 27.1478 14.0865
    endloop
  endfacet
  facet normal 1 0 0
    outer loop
      vertex 27.4646 26.9915 13.0333
      vertex 27.4646 28.2 13.65
      vertex 27.4646 27.083 13.65
    endloop
  endfacet
  facet normal 1 0 0
    outer loop
      vertex 27.4646 26.7328 12.0004
      vertex 27.4646 28.2 13.65
      vertex 27.4646 26.9915 13.0333
    endloop
  endfacet
  facet normal 1 0 0
    outer loop
      vertex 27.4646 26.3741 10.9979
      vertex 27.4646 28.2 13.65
      vertex 27.4646 26.7328 12.0004
    endloop
  endfacet
  facet normal 1 0 0
    outer loop
      vertex 27.4646 28.2 13.65
      vertex 27.4646 26.3741 10.9979
      vertex 27.4646 28.2 2.8
    endloop
  endfacet
  facet normal 1 -0 0
    outer loop
      vertex 27.4646 25.9188 10.0353
      vertex 27.4646 28.2 2.8
      vertex 27.4646 26.3741 10.9979
    endloop
  endfacet
  facet normal 1 -0 0
    outer loop
      vertex 27.4646 25.3714 9.12206
      vertex 27.4646 28.2 2.8
      vertex 27.4646 25.9188 10.0353
    endloop
  endfacet
  facet normal 1 -0 0
    outer loop
      vertex 27.4646 24.7372 8.26683
      vertex 27.4646 28.2 2.8
      vertex 27.4646 25.3714 9.12206
    endloop
  endfacet
  facet normal 1 -0 0
    outer loop
      vertex 27.4646 24.0221 7.47789
      vertex 27.4646 28.2 2.8
      vertex 27.4646 24.7372 8.26683
    endloop
  endfacet
  facet normal 1 -0 0
    outer loop
      vertex 27.4646 23.2332 6.76284
      vertex 27.4646 28.2 2.8
      vertex 27.4646 24.0221 7.47789
    endloop
  endfacet
  facet normal 1 -0 0
    outer loop
      vertex 27.4646 22.3779 6.12855
      vertex 27.4646 28.2 2.8
      vertex 27.4646 23.2332 6.76284
    endloop
  endfacet
  facet normal 1 -0 0
    outer loop
      vertex 27.4646 21.4647 5.58116
      vertex 27.4646 28.2 2.8
      vertex 27.4646 22.3779 6.12855
    endloop
  endfacet
  facet normal 1 -0 0
    outer loop
      vertex 27.4646 20.5021 5.12591
      vertex 27.4646 28.2 2.8
      vertex 27.4646 21.4647 5.58116
    endloop
  endfacet
  facet normal 1 -0 0
    outer loop
      vertex 27.4646 19.4996 4.7672
      vertex 27.4646 28.2 2.8
      vertex 27.4646 20.5021 5.12591
    endloop
  endfacet
  facet normal 1 -0 0
    outer loop
      vertex 27.4646 18.4667 4.50848
      vertex 27.4646 28.2 2.8
      vertex 27.4646 19.4996 4.7672
    endloop
  endfacet
  facet normal 1 -0 0
    outer loop
      vertex 27.4646 17.4135 4.35225
      vertex 27.4646 28.2 2.8
      vertex 27.4646 18.4667 4.50848
    endloop
  endfacet
  facet normal 1 -0 0
    outer loop
      vertex 27.4646 16.35 4.3
      vertex 27.4646 28.2 2.8
      vertex 27.4646 17.4135 4.35225
    endloop
  endfacet
  facet normal 1 0 0
    outer loop
      vertex 27.4646 4.5 2.8
      vertex 27.4646 16.35 4.3
      vertex 27.4646 15.2865 4.35225
    endloop
  endfacet
  facet normal 1 -0 0
    outer loop
      vertex 27.4646 4.5 13.65
      vertex 27.4646 5.70848 13.0333
      vertex 27.4646 5.617 13.65
    endloop
  endfacet
  facet normal 1 0 0
    outer loop
      vertex 27.4646 4.5 13.65
      vertex 27.4646 5.9672 12.0004
      vertex 27.4646 5.70848 13.0333
    endloop
  endfacet
  facet normal 1 0 0
    outer loop
      vertex 27.4646 4.5 13.65
      vertex 27.4646 6.32591 10.9979
      vertex 27.4646 5.9672 12.0004
    endloop
  endfacet
  facet normal 1 0 0
    outer loop
      vertex 27.4646 4.5 2.8
      vertex 27.4646 6.32591 10.9979
      vertex 27.4646 4.5 13.65
    endloop
  endfacet
  facet normal 1 0 0
    outer loop
      vertex 27.4646 6.32591 10.9979
      vertex 27.4646 4.5 2.8
      vertex 27.4646 6.78116 10.0353
    endloop
  endfacet
  facet normal 1 0 0
    outer loop
      vertex 27.4646 16.35 4.3
      vertex 27.4646 4.5 2.8
      vertex 27.4646 28.2 2.8
    endloop
  endfacet
  facet normal 1 0 0
    outer loop
      vertex 27.4646 14.2333 4.50848
      vertex 27.4646 4.5 2.8
      vertex 27.4646 15.2865 4.35225
    endloop
  endfacet
  facet normal 1 0 0
    outer loop
      vertex 27.4646 13.2004 4.7672
      vertex 27.4646 4.5 2.8
      vertex 27.4646 14.2333 4.50848
    endloop
  endfacet
  facet normal 1 0 0
    outer loop
      vertex 27.4646 12.1979 5.12591
      vertex 27.4646 4.5 2.8
      vertex 27.4646 13.2004 4.7672
    endloop
  endfacet
  facet normal 1 0 0
    outer loop
      vertex 27.4646 11.2353 5.58116
      vertex 27.4646 4.5 2.8
      vertex 27.4646 12.1979 5.12591
    endloop
  endfacet
  facet normal 1 0 0
    outer loop
      vertex 27.4646 10.3221 6.12855
      vertex 27.4646 4.5 2.8
      vertex 27.4646 11.2353 5.58116
    endloop
  endfacet
  facet normal 1 0 0
    outer loop
      vertex 27.4646 9.46683 6.76284
      vertex 27.4646 4.5 2.8
      vertex 27.4646 10.3221 6.12855
    endloop
  endfacet
  facet normal 1 0 0
    outer loop
      vertex 27.4646 8.67789 7.47789
      vertex 27.4646 4.5 2.8
      vertex 27.4646 9.46683 6.76284
    endloop
  endfacet
  facet normal 1 0 0
    outer loop
      vertex 27.4646 7.96284 8.26683
      vertex 27.4646 4.5 2.8
      vertex 27.4646 8.67789 7.47789
    endloop
  endfacet
  facet normal 1 0 0
    outer loop
      vertex 27.4646 7.32855 9.12206
      vertex 27.4646 4.5 2.8
      vertex 27.4646 7.96284 8.26683
    endloop
  endfacet
  facet normal 1 0 0
    outer loop
      vertex 27.4646 6.78116 10.0353
      vertex 27.4646 4.5 2.8
      vertex 27.4646 7.32855 9.12206
    endloop
  endfacet
  facet normal -0 0 1
    outer loop
      vertex -18.3515 27.2 14.15
      vertex 2.19257 27.1509 14.15
      vertex 2.19257 27.2 14.15
    endloop
  endfacet
  facet normal 0 0 1
    outer loop
      vertex 2.19257 27.1509 14.15
      vertex -18.3515 27.2 14.15
      vertex -18.3515 27.1509 14.15
    endloop
  endfacet
  facet normal -0 0 1
    outer loop
      vertex -100.528 27.2 14.15
      vertex -79.9838 27.1509 14.15
      vertex -79.9838 27.2 14.15
    endloop
  endfacet
  facet normal 0 0 1
    outer loop
      vertex -79.9838 27.1509 14.15
      vertex -100.528 27.2 14.15
      vertex -100.528 27.1509 14.15
    endloop
  endfacet
  facet normal -0 0 1
    outer loop
      vertex -59.4397 27.2 14.15
      vertex -38.8956 27.1509 14.15
      vertex -38.8956 27.2 14.15
    endloop
  endfacet
  facet normal 0 0 1
    outer loop
      vertex -38.8956 27.1509 14.15
      vertex -59.4397 27.2 14.15
      vertex -59.4397 27.1509 14.15
    endloop
  endfacet
  facet normal -0 0 1
    outer loop
      vertex -18.3515 5.54913 14.15
      vertex 2.19257 5.5 14.15
      vertex 2.19257 5.54913 14.15
    endloop
  endfacet
  facet normal 0 0 1
    outer loop
      vertex 2.19257 5.5 14.15
      vertex -18.3515 5.54913 14.15
      vertex -18.3515 5.5 14.15
    endloop
  endfacet
  facet normal -0 0 1
    outer loop
      vertex -100.528 5.54913 14.15
      vertex -79.9838 5.5 14.15
      vertex -79.9838 5.54913 14.15
    endloop
  endfacet
  facet normal 0 0 1
    outer loop
      vertex -79.9838 5.5 14.15
      vertex -100.528 5.54913 14.15
      vertex -100.528 5.5 14.15
    endloop
  endfacet
  facet normal -0 0 1
    outer loop
      vertex -59.4397 5.54913 14.15
      vertex -38.8956 5.5 14.15
      vertex -38.8956 5.54913 14.15
    endloop
  endfacet
  facet normal 0 0 1
    outer loop
      vertex -38.8956 5.5 14.15
      vertex -59.4397 5.54913 14.15
      vertex -59.4397 5.5 14.15
    endloop
  endfacet
  facet normal 0 -1 0
    outer loop
      vertex -18.3515 27.2 14.15
      vertex 2.19257 27.2 15.4
      vertex -18.3515 27.2 15.4
    endloop
  endfacet
  facet normal 0 -1 -0
    outer loop
      vertex 2.19257 27.2 15.4
      vertex -18.3515 27.2 14.15
      vertex 2.19257 27.2 14.15
    endloop
  endfacet
  facet normal 0 -1 0
    outer loop
      vertex -100.528 27.2 14.15
      vertex -79.9838 27.2 15.4
      vertex -100.528 27.2 15.4
    endloop
  endfacet
  facet normal 0 -1 -0
    outer loop
      vertex -79.9838 27.2 15.4
      vertex -100.528 27.2 14.15
      vertex -79.9838 27.2 14.15
    endloop
  endfacet
  facet normal 0 -1 0
    outer loop
      vertex -59.4397 27.2 14.15
      vertex -38.8956 27.2 15.4
      vertex -59.4397 27.2 15.4
    endloop
  endfacet
  facet normal 0 -1 -0
    outer loop
      vertex -38.8956 27.2 15.4
      vertex -59.4397 27.2 14.15
      vertex -38.8956 27.2 14.15
    endloop
  endfacet
  facet normal 0 1 -0
    outer loop
      vertex 2.19257 5.5 14.15
      vertex -18.3515 5.5 15.4
      vertex 2.19257 5.5 15.4
    endloop
  endfacet
  facet normal 0 1 0
    outer loop
      vertex -18.3515 5.5 15.4
      vertex 2.19257 5.5 14.15
      vertex -18.3515 5.5 14.15
    endloop
  endfacet
  facet normal 0 1 -0
    outer loop
      vertex -79.9838 5.5 14.15
      vertex -100.528 5.5 15.4
      vertex -79.9838 5.5 15.4
    endloop
  endfacet
  facet normal 0 1 0
    outer loop
      vertex -100.528 5.5 15.4
      vertex -79.9838 5.5 14.15
      vertex -100.528 5.5 14.15
    endloop
  endfacet
  facet normal 0 1 -0
    outer loop
      vertex -38.8956 5.5 14.15
      vertex -59.4397 5.5 15.4
      vertex -38.8956 5.5 15.4
    endloop
  endfacet
  facet normal 0 1 0
    outer loop
      vertex -59.4397 5.5 15.4
      vertex -38.8956 5.5 14.15
      vertex -59.4397 5.5 14.15
    endloop
  endfacet
  facet normal -0 0 1
    outer loop
      vertex -123.732 28.2 13.65
      vertex -100.528 27.083 13.65
      vertex -100.528 28.2 13.65
    endloop
  endfacet
  facet normal 0 0 1
    outer loop
      vertex -124.92 27.2 13.65
      vertex -123.732 28.2 13.65
      vertex -124.022 28.0259 13.65
    endloop
  endfacet
  facet normal 0 0 1
    outer loop
      vertex -124.92 27.2 13.65
      vertex -124.022 28.0259 13.65
      vertex -124.338 27.792 13.65
    endloop
  endfacet
  facet normal 0 0 1
    outer loop
      vertex -124.92 27.2 13.65
      vertex -124.338 27.792 13.65
      vertex -124.628 27.5284 13.65
    endloop
  endfacet
  facet normal 0 0 1
    outer loop
      vertex -124.92 27.2 13.65
      vertex -124.628 27.5284 13.65
      vertex -124.892 27.2376 13.65
    endloop
  endfacet
  facet normal 0 0 1
    outer loop
      vertex -123.732 28.2 13.65
      vertex -124.92 27.2 13.65
      vertex -100.528 27.083 13.65
    endloop
  endfacet
  facet normal 0 0 1
    outer loop
      vertex -125.8 27.083 13.65
      vertex -124.92 27.2 13.65
      vertex -125.8 27.2 13.65
    endloop
  endfacet
  facet normal 0 0 1
    outer loop
      vertex -124.92 27.2 13.65
      vertex -125.8 27.083 13.65
      vertex -100.528 27.083 13.65
    endloop
  endfacet
  facet normal -0 0 1
    outer loop
      vertex 2.19257 28.2 13.65
      vertex 27.4646 27.083 13.65
      vertex 27.4646 28.2 13.65
    endloop
  endfacet
  facet normal 0 0 1
    outer loop
      vertex 27.4646 27.083 13.65
      vertex 2.19257 28.2 13.65
      vertex 2.19257 27.083 13.65
    endloop
  endfacet
  facet normal 0 0 1
    outer loop
      vertex -125.8 5.5 13.65
      vertex -100.528 5.617 13.65
      vertex -125.8 5.617 13.65
    endloop
  endfacet
  facet normal 0 0 1
    outer loop
      vertex -100.528 5.617 13.65
      vertex -125.8 5.5 13.65
      vertex -100.528 4.5 13.65
    endloop
  endfacet
  facet normal 0 0 1
    outer loop
      vertex -100.528 4.5 13.65
      vertex -125.8 5.5 13.65
      vertex -125.8 4.5 13.65
    endloop
  endfacet
  facet normal -0 0 1
    outer loop
      vertex 2.19257 5.617 13.65
      vertex 27.4646 4.5 13.65
      vertex 27.4646 5.617 13.65
    endloop
  endfacet
  facet normal 0 0 1
    outer loop
      vertex 27.4646 4.5 13.65
      vertex 2.19257 5.617 13.65
      vertex 2.19257 4.5 13.65
    endloop
  endfacet
  facet normal -0 0 1
    outer loop
      vertex -79.9838 28.2 13.65
      vertex -59.4397 27.083 13.65
      vertex -59.4397 28.2 13.65
    endloop
  endfacet
  facet normal 0 0 1
    outer loop
      vertex -59.4397 27.083 13.65
      vertex -79.9838 28.2 13.65
      vertex -79.9838 27.083 13.65
    endloop
  endfacet
  facet normal -0 0 1
    outer loop
      vertex -38.8956 28.2 13.65
      vertex -18.3515 27.083 13.65
      vertex -18.3515 28.2 13.65
    endloop
  endfacet
  facet normal 0 0 1
    outer loop
      vertex -18.3515 27.083 13.65
      vertex -38.8956 28.2 13.65
      vertex -38.8956 27.083 13.65
    endloop
  endfacet
  facet normal -0 0 1
    outer loop
      vertex -79.9838 5.617 13.65
      vertex -59.4397 4.5 13.65
      vertex -59.4397 5.617 13.65
    endloop
  endfacet
  facet normal 0 0 1
    outer loop
      vertex -59.4397 4.5 13.65
      vertex -79.9838 5.617 13.65
      vertex -79.9838 4.5 13.65
    endloop
  endfacet
  facet normal -0 0 1
    outer loop
      vertex -38.8956 5.617 13.65
      vertex -18.3515 4.5 13.65
      vertex -18.3515 5.617 13.65
    endloop
  endfacet
  facet normal 0 0 1
    outer loop
      vertex -18.3515 4.5 13.65
      vertex -38.8956 5.617 13.65
      vertex -38.8956 4.5 13.65
    endloop
  endfacet
  facet normal 0 1 -0
    outer loop
      vertex 27.4646 28.2 2.8
      vertex 2.19257 28.2 13.65
      vertex 27.4646 28.2 13.65
    endloop
  endfacet
  facet normal 0 1 0
    outer loop
      vertex 2.19257 28.2 13.65
      vertex 27.4646 28.2 2.8
      vertex 2.19257 28.2 2.8
    endloop
  endfacet
  facet normal 0 1 -0
    outer loop
      vertex -100.528 28.2 2.8
      vertex -123.732 28.2 13.65
      vertex -100.528 28.2 13.65
    endloop
  endfacet
  facet normal 0 1 0
    outer loop
      vertex -123.732 28.2 13.65
      vertex -100.528 28.2 2.8
      vertex -123.732 28.2 2.8
    endloop
  endfacet
  facet normal 0 1 -0
    outer loop
      vertex -59.4397 28.2 2.8
      vertex -79.9838 28.2 13.65
      vertex -59.4397 28.2 13.65
    endloop
  endfacet
  facet normal 0 1 0
    outer loop
      vertex -79.9838 28.2 13.65
      vertex -59.4397 28.2 2.8
      vertex -79.9838 28.2 2.8
    endloop
  endfacet
  facet normal 0 1 -0
    outer loop
      vertex -18.3515 28.2 2.8
      vertex -38.8956 28.2 13.65
      vertex -18.3515 28.2 13.65
    endloop
  endfacet
  facet normal 0 1 0
    outer loop
      vertex -38.8956 28.2 13.65
      vertex -18.3515 28.2 2.8
      vertex -38.8956 28.2 2.8
    endloop
  endfacet
  facet normal 0 -1 0
    outer loop
      vertex 2.19257 4.5 2.8
      vertex 27.4646 4.5 13.65
      vertex 2.19257 4.5 13.65
    endloop
  endfacet
  facet normal 0 -1 -0
    outer loop
      vertex 27.4646 4.5 13.65
      vertex 2.19257 4.5 2.8
      vertex 27.4646 4.5 2.8
    endloop
  endfacet
  facet normal 0 -1 0
    outer loop
      vertex -125.8 4.5 2.8
      vertex -100.528 4.5 13.65
      vertex -125.8 4.5 13.65
    endloop
  endfacet
  facet normal 0 -1 -0
    outer loop
      vertex -100.528 4.5 13.65
      vertex -125.8 4.5 2.8
      vertex -100.528 4.5 2.8
    endloop
  endfacet
  facet normal 0 -1 0
    outer loop
      vertex -79.9838 4.5 2.8
      vertex -59.4397 4.5 13.65
      vertex -79.9838 4.5 13.65
    endloop
  endfacet
  facet normal 0 -1 -0
    outer loop
      vertex -59.4397 4.5 13.65
      vertex -79.9838 4.5 2.8
      vertex -59.4397 4.5 2.8
    endloop
  endfacet
  facet normal 0 -1 0
    outer loop
      vertex -38.8956 4.5 2.8
      vertex -18.3515 4.5 13.65
      vertex -38.8956 4.5 13.65
    endloop
  endfacet
  facet normal 0 -1 -0
    outer loop
      vertex -18.3515 4.5 13.65
      vertex -38.8956 4.5 2.8
      vertex -18.3515 4.5 2.8
    endloop
  endfacet
  facet normal 1 0 0
    outer loop
      vertex -79.9838 28.7 15.4
      vertex -79.9838 28.2 13.65
      vertex -79.9838 28.7 2.8
    endloop
  endfacet
  facet normal 1 0 0
    outer loop
      vertex -79.9838 27.2 14.15
      vertex -79.9838 28.7 15.4
      vertex -79.9838 27.2 15.4
    endloop
  endfacet
  facet normal 1 0 0
    outer loop
      vertex -79.9838 28.7 15.4
      vertex -79.9838 27.2 14.15
      vertex -79.9838 28.2 13.65
    endloop
  endfacet
  facet normal 1 0 0
    outer loop
      vertex -79.9838 27.1478 14.0865
      vertex -79.9838 27.2 14.15
      vertex -79.9838 27.1509 14.15
    endloop
  endfacet
  facet normal 1 0 0
    outer loop
      vertex -79.9838 27.083 13.65
      vertex -79.9838 27.2 14.15
      vertex -79.9838 27.1478 14.0865
    endloop
  endfacet
  facet normal 1 0 0
    outer loop
      vertex -79.9838 27.2 14.15
      vertex -79.9838 27.083 13.65
      vertex -79.9838 28.2 13.65
    endloop
  endfacet
  facet normal 1 0 0
    outer loop
      vertex -79.9838 28.7 2.8
      vertex -79.9838 28.2 13.65
      vertex -79.9838 28.2 2.8
    endloop
  endfacet
  facet normal 1 0 0
    outer loop
      vertex -79.9838 5.5 15.4
      vertex -79.9838 4.5 13.65
      vertex -79.9838 5.5 14.15
    endloop
  endfacet
  facet normal 1 -0 0
    outer loop
      vertex -79.9838 3.5 15.4
      vertex -79.9838 4.5 13.65
      vertex -79.9838 5.5 15.4
    endloop
  endfacet
  facet normal 1 0 0
    outer loop
      vertex -79.9838 3.5 2.8
      vertex -79.9838 4.5 13.65
      vertex -79.9838 3.5 15.4
    endloop
  endfacet
  facet normal 1 0 0
    outer loop
      vertex -79.9838 4.5 13.65
      vertex -79.9838 3.5 2.8
      vertex -79.9838 4.5 2.8
    endloop
  endfacet
  facet normal 1 -0 0
    outer loop
      vertex -79.9838 5.5 14.15
      vertex -79.9838 5.55225 14.0865
      vertex -79.9838 5.54913 14.15
    endloop
  endfacet
  facet normal 1 0 0
    outer loop
      vertex -79.9838 5.5 14.15
      vertex -79.9838 5.617 13.65
      vertex -79.9838 5.55225 14.0865
    endloop
  endfacet
  facet normal 1 0 0
    outer loop
      vertex -79.9838 5.617 13.65
      vertex -79.9838 5.5 14.15
      vertex -79.9838 4.5 13.65
    endloop
  endfacet
  facet normal -0 0 1
    outer loop
      vertex -100.528 28.7 15.4
      vertex -79.9838 27.2 15.4
      vertex -79.9838 28.7 15.4
    endloop
  endfacet
  facet normal 0 0 1
    outer loop
      vertex -79.9838 27.2 15.4
      vertex -100.528 28.7 15.4
      vertex -100.528 27.2 15.4
    endloop
  endfacet
  facet normal -0 0 1
    outer loop
      vertex -100.528 5.5 15.4
      vertex -79.9838 3.5 15.4
      vertex -79.9838 5.5 15.4
    endloop
  endfacet
  facet normal 0 0 1
    outer loop
      vertex -79.9838 3.5 15.4
      vertex -100.528 5.5 15.4
      vertex -100.528 3.5 15.4
    endloop
  endfacet
  facet normal -1 0 0
    outer loop
      vertex -100.528 27.083 13.65
      vertex -100.528 27.2 14.15
      vertex -100.528 28.2 13.65
    endloop
  endfacet
  facet normal -1 -0 0
    outer loop
      vertex -100.528 27.2 14.15
      vertex -100.528 27.1478 14.0865
      vertex -100.528 27.1509 14.15
    endloop
  endfacet
  facet normal -1 0 0
    outer loop
      vertex -100.528 27.2 14.15
      vertex -100.528 27.083 13.65
      vertex -100.528 27.1478 14.0865
    endloop
  endfacet
  facet normal -1 0 0
    outer loop
      vertex -100.528 28.2 13.65
      vertex -100.528 28.7 2.8
      vertex -100.528 28.2 2.8
    endloop
  endfacet
  facet normal -1 0 0
    outer loop
      vertex -100.528 28.7 2.8
      vertex -100.528 28.2 13.65
      vertex -100.528 28.7 15.4
    endloop
  endfacet
  facet normal -1 0 0
    outer loop
      vertex -100.528 27.2 14.15
      vertex -100.528 28.7 15.4
      vertex -100.528 28.2 13.65
    endloop
  endfacet
  facet normal -1 -0 0
    outer loop
      vertex -100.528 28.7 15.4
      vertex -100.528 27.2 14.15
      vertex -100.528 27.2 15.4
    endloop
  endfacet
  facet normal -1 0 0
    outer loop
      vertex -100.528 4.5 2.8
      vertex -100.528 3.5 2.8
      vertex -100.528 4.5 13.65
    endloop
  endfacet
  facet normal -1 0 0
    outer loop
      vertex -100.528 5.55225 14.0865
      vertex -100.528 5.5 14.15
      vertex -100.528 5.54913 14.15
    endloop
  endfacet
  facet normal -1 0 0
    outer loop
      vertex -100.528 5.617 13.65
      vertex -100.528 5.5 14.15
      vertex -100.528 5.55225 14.0865
    endloop
  endfacet
  facet normal -1 0 0
    outer loop
      vertex -100.528 4.5 13.65
      vertex -100.528 5.5 14.15
      vertex -100.528 5.617 13.65
    endloop
  endfacet
  facet normal -1 0 0
    outer loop
      vertex -100.528 4.5 13.65
      vertex -100.528 5.5 15.4
      vertex -100.528 5.5 14.15
    endloop
  endfacet
  facet normal -1 0 0
    outer loop
      vertex -100.528 4.5 13.65
      vertex -100.528 3.5 15.4
      vertex -100.528 5.5 15.4
    endloop
  endfacet
  facet normal -1 0 0
    outer loop
      vertex -100.528 3.5 15.4
      vertex -100.528 4.5 13.65
      vertex -100.528 3.5 2.8
    endloop
  endfacet
  facet normal 0 -1 0
    outer loop
      vertex -100.528 3.5 2.8
      vertex -79.9838 3.5 15.4
      vertex -100.528 3.5 15.4
    endloop
  endfacet
  facet normal 0 -1 -0
    outer loop
      vertex -79.9838 3.5 15.4
      vertex -100.528 3.5 2.8
      vertex -79.9838 3.5 2.8
    endloop
  endfacet
  facet normal 1 0 0
    outer loop
      vertex -38.8956 28.7 15.4
      vertex -38.8956 28.2 13.65
      vertex -38.8956 28.7 2.8
    endloop
  endfacet
  facet normal 1 0 0
    outer loop
      vertex -38.8956 27.2 14.15
      vertex -38.8956 28.7 15.4
      vertex -38.8956 27.2 15.4
    endloop
  endfacet
  facet normal 1 0 0
    outer loop
      vertex -38.8956 28.7 15.4
      vertex -38.8956 27.2 14.15
      vertex -38.8956 28.2 13.65
    endloop
  endfacet
  facet normal 1 0 0
    outer loop
      vertex -38.8956 27.1478 14.0865
      vertex -38.8956 27.2 14.15
      vertex -38.8956 27.1509 14.15
    endloop
  endfacet
  facet normal 1 0 0
    outer loop
      vertex -38.8956 27.083 13.65
      vertex -38.8956 27.2 14.15
      vertex -38.8956 27.1478 14.0865
    endloop
  endfacet
  facet normal 1 0 0
    outer loop
      vertex -38.8956 27.2 14.15
      vertex -38.8956 27.083 13.65
      vertex -38.8956 28.2 13.65
    endloop
  endfacet
  facet normal 1 0 0
    outer loop
      vertex -38.8956 28.7 2.8
      vertex -38.8956 28.2 13.65
      vertex -38.8956 28.2 2.8
    endloop
  endfacet
  facet normal 1 0 0
    outer loop
      vertex -38.8956 5.5 15.4
      vertex -38.8956 4.5 13.65
      vertex -38.8956 5.5 14.15
    endloop
  endfacet
  facet normal 1 -0 0
    outer loop
      vertex -38.8956 3.5 15.4
      vertex -38.8956 4.5 13.65
      vertex -38.8956 5.5 15.4
    endloop
  endfacet
  facet normal 1 0 0
    outer loop
      vertex -38.8956 3.5 2.8
      vertex -38.8956 4.5 13.65
      vertex -38.8956 3.5 15.4
    endloop
  endfacet
  facet normal 1 0 0
    outer loop
      vertex -38.8956 4.5 13.65
      vertex -38.8956 3.5 2.8
      vertex -38.8956 4.5 2.8
    endloop
  endfacet
  facet normal 1 -0 0
    outer loop
      vertex -38.8956 5.5 14.15
      vertex -38.8956 5.55225 14.0865
      vertex -38.8956 5.54913 14.15
    endloop
  endfacet
  facet normal 1 0 0
    outer loop
      vertex -38.8956 5.5 14.15
      vertex -38.8956 5.617 13.65
      vertex -38.8956 5.55225 14.0865
    endloop
  endfacet
  facet normal 1 0 0
    outer loop
      vertex -38.8956 5.617 13.65
      vertex -38.8956 5.5 14.15
      vertex -38.8956 4.5 13.65
    endloop
  endfacet
  facet normal -0 0 1
    outer loop
      vertex -59.4397 28.7 15.4
      vertex -38.8956 27.2 15.4
      vertex -38.8956 28.7 15.4
    endloop
  endfacet
  facet normal 0 0 1
    outer loop
      vertex -38.8956 27.2 15.4
      vertex -59.4397 28.7 15.4
      vertex -59.4397 27.2 15.4
    endloop
  endfacet
  facet normal -0 0 1
    outer loop
      vertex -59.4397 5.5 15.4
      vertex -38.8956 3.5 15.4
      vertex -38.8956 5.5 15.4
    endloop
  endfacet
  facet normal 0 0 1
    outer loop
      vertex -38.8956 3.5 15.4
      vertex -59.4397 5.5 15.4
      vertex -59.4397 3.5 15.4
    endloop
  endfacet
  facet normal -1 0 0
    outer loop
      vertex -59.4397 27.083 13.65
      vertex -59.4397 27.2 14.15
      vertex -59.4397 28.2 13.65
    endloop
  endfacet
  facet normal -1 -0 0
    outer loop
      vertex -59.4397 27.2 14.15
      vertex -59.4397 27.1478 14.0865
      vertex -59.4397 27.1509 14.15
    endloop
  endfacet
  facet normal -1 0 0
    outer loop
      vertex -59.4397 27.2 14.15
      vertex -59.4397 27.083 13.65
      vertex -59.4397 27.1478 14.0865
    endloop
  endfacet
  facet normal -1 0 0
    outer loop
      vertex -59.4397 28.2 13.65
      vertex -59.4397 28.7 2.8
      vertex -59.4397 28.2 2.8
    endloop
  endfacet
  facet normal -1 0 0
    outer loop
      vertex -59.4397 28.7 2.8
      vertex -59.4397 28.2 13.65
      vertex -59.4397 28.7 15.4
    endloop
  endfacet
  facet normal -1 0 0
    outer loop
      vertex -59.4397 27.2 14.15
      vertex -59.4397 28.7 15.4
      vertex -59.4397 28.2 13.65
    endloop
  endfacet
  facet normal -1 -0 0
    outer loop
      vertex -59.4397 28.7 15.4
      vertex -59.4397 27.2 14.15
      vertex -59.4397 27.2 15.4
    endloop
  endfacet
  facet normal -1 0 0
    outer loop
      vertex -59.4397 4.5 2.8
      vertex -59.4397 3.5 2.8
      vertex -59.4397 4.5 13.65
    endloop
  endfacet
  facet normal -1 0 0
    outer loop
      vertex -59.4397 5.55225 14.0865
      vertex -59.4397 5.5 14.15
      vertex -59.4397 5.54913 14.15
    endloop
  endfacet
  facet normal -1 0 0
    outer loop
      vertex -59.4397 5.617 13.65
      vertex -59.4397 5.5 14.15
      vertex -59.4397 5.55225 14.0865
    endloop
  endfacet
  facet normal -1 0 0
    outer loop
      vertex -59.4397 4.5 13.65
      vertex -59.4397 5.5 14.15
      vertex -59.4397 5.617 13.65
    endloop
  endfacet
  facet normal -1 0 0
    outer loop
      vertex -59.4397 4.5 13.65
      vertex -59.4397 5.5 15.4
      vertex -59.4397 5.5 14.15
    endloop
  endfacet
  facet normal -1 0 0
    outer loop
      vertex -59.4397 4.5 13.65
      vertex -59.4397 3.5 15.4
      vertex -59.4397 5.5 15.4
    endloop
  endfacet
  facet normal -1 0 0
    outer loop
      vertex -59.4397 3.5 15.4
      vertex -59.4397 4.5 13.65
      vertex -59.4397 3.5 2.8
    endloop
  endfacet
  facet normal 0 -1 0
    outer loop
      vertex -59.4397 3.5 2.8
      vertex -38.8956 3.5 15.4
      vertex -59.4397 3.5 15.4
    endloop
  endfacet
  facet normal 0 -1 -0
    outer loop
      vertex -38.8956 3.5 15.4
      vertex -59.4397 3.5 2.8
      vertex -38.8956 3.5 2.8
    endloop
  endfacet
  facet normal 1 0 0
    outer loop
      vertex 2.19257 28.7 15.4
      vertex 2.19257 28.2 13.65
      vertex 2.19257 28.7 2.8
    endloop
  endfacet
  facet normal 1 0 0
    outer loop
      vertex 2.19257 27.2 14.15
      vertex 2.19257 28.7 15.4
      vertex 2.19257 27.2 15.4
    endloop
  endfacet
  facet normal 1 0 0
    outer loop
      vertex 2.19257 28.7 15.4
      vertex 2.19257 27.2 14.15
      vertex 2.19257 28.2 13.65
    endloop
  endfacet
  facet normal 1 0 0
    outer loop
      vertex 2.19257 27.1478 14.0865
      vertex 2.19257 27.2 14.15
      vertex 2.19257 27.1509 14.15
    endloop
  endfacet
  facet normal 1 0 0
    outer loop
      vertex 2.19257 27.083 13.65
      vertex 2.19257 27.2 14.15
      vertex 2.19257 27.1478 14.0865
    endloop
  endfacet
  facet normal 1 0 0
    outer loop
      vertex 2.19257 27.2 14.15
      vertex 2.19257 27.083 13.65
      vertex 2.19257 28.2 13.65
    endloop
  endfacet
  facet normal 1 0 0
    outer loop
      vertex 2.19257 28.7 2.8
      vertex 2.19257 28.2 13.65
      vertex 2.19257 28.2 2.8
    endloop
  endfacet
  facet normal 1 0 0
    outer loop
      vertex 2.19257 5.5 15.4
      vertex 2.19257 4.5 13.65
      vertex 2.19257 5.5 14.15
    endloop
  endfacet
  facet normal 1 -0 0
    outer loop
      vertex 2.19257 3.5 15.4
      vertex 2.19257 4.5 13.65
      vertex 2.19257 5.5 15.4
    endloop
  endfacet
  facet normal 1 0 0
    outer loop
      vertex 2.19257 3.5 2.8
      vertex 2.19257 4.5 13.65
      vertex 2.19257 3.5 15.4
    endloop
  endfacet
  facet normal 1 0 0
    outer loop
      vertex 2.19257 4.5 13.65
      vertex 2.19257 3.5 2.8
      vertex 2.19257 4.5 2.8
    endloop
  endfacet
  facet normal 1 -0 0
    outer loop
      vertex 2.19257 5.5 14.15
      vertex 2.19257 5.55225 14.0865
      vertex 2.19257 5.54913 14.15
    endloop
  endfacet
  facet normal 1 0 0
    outer loop
      vertex 2.19257 5.5 14.15
      vertex 2.19257 5.617 13.65
      vertex 2.19257 5.55225 14.0865
    endloop
  endfacet
  facet normal 1 0 0
    outer loop
      vertex 2.19257 5.617 13.65
      vertex 2.19257 5.5 14.15
      vertex 2.19257 4.5 13.65
    endloop
  endfacet
  facet normal -0 0 1
    outer loop
      vertex -18.3515 28.7 15.4
      vertex 2.19257 27.2 15.4
      vertex 2.19257 28.7 15.4
    endloop
  endfacet
  facet normal 0 0 1
    outer loop
      vertex 2.19257 27.2 15.4
      vertex -18.3515 28.7 15.4
      vertex -18.3515 27.2 15.4
    endloop
  endfacet
  facet normal -0 0 1
    outer loop
      vertex -18.3515 5.5 15.4
      vertex 2.19257 3.5 15.4
      vertex 2.19257 5.5 15.4
    endloop
  endfacet
  facet normal 0 0 1
    outer loop
      vertex 2.19257 3.5 15.4
      vertex -18.3515 5.5 15.4
      vertex -18.3515 3.5 15.4
    endloop
  endfacet
  facet normal -1 0 0
    outer loop
      vertex -18.3515 27.083 13.65
      vertex -18.3515 27.2 14.15
      vertex -18.3515 28.2 13.65
    endloop
  endfacet
  facet normal -1 -0 0
    outer loop
      vertex -18.3515 27.2 14.15
      vertex -18.3515 27.1478 14.0865
      vertex -18.3515 27.1509 14.15
    endloop
  endfacet
  facet normal -1 0 0
    outer loop
      vertex -18.3515 27.2 14.15
      vertex -18.3515 27.083 13.65
      vertex -18.3515 27.1478 14.0865
    endloop
  endfacet
  facet normal -1 0 0
    outer loop
      vertex -18.3515 28.2 13.65
      vertex -18.3515 28.7 2.8
      vertex -18.3515 28.2 2.8
    endloop
  endfacet
  facet normal -1 0 0
    outer loop
      vertex -18.3515 28.7 2.8
      vertex -18.3515 28.2 13.65
      vertex -18.3515 28.7 15.4
    endloop
  endfacet
  facet normal -1 0 0
    outer loop
      vertex -18.3515 27.2 14.15
      vertex -18.3515 28.7 15.4
      vertex -18.3515 28.2 13.65
    endloop
  endfacet
  facet normal -1 -0 0
    outer loop
      vertex -18.3515 28.7 15.4
      vertex -18.3515 27.2 14.15
      vertex -18.3515 27.2 15.4
    endloop
  endfacet
  facet normal -1 0 0
    outer loop
      vertex -18.3515 4.5 2.8
      vertex -18.3515 3.5 2.8
      vertex -18.3515 4.5 13.65
    endloop
  endfacet
  facet normal -1 0 0
    outer loop
      vertex -18.3515 5.55225 14.0865
      vertex -18.3515 5.5 14.15
      vertex -18.3515 5.54913 14.15
    endloop
  endfacet
  facet normal -1 0 0
    outer loop
      vertex -18.3515 5.617 13.65
      vertex -18.3515 5.5 14.15
      vertex -18.3515 5.55225 14.0865
    endloop
  endfacet
  facet normal -1 0 0
    outer loop
      vertex -18.3515 4.5 13.65
      vertex -18.3515 5.5 14.15
      vertex -18.3515 5.617 13.65
    endloop
  endfacet
  facet normal -1 0 0
    outer loop
      vertex -18.3515 4.5 13.65
      vertex -18.3515 5.5 15.4
      vertex -18.3515 5.5 14.15
    endloop
  endfacet
  facet normal -1 0 0
    outer loop
      vertex -18.3515 4.5 13.65
      vertex -18.3515 3.5 15.4
      vertex -18.3515 5.5 15.4
    endloop
  endfacet
  facet normal -1 0 0
    outer loop
      vertex -18.3515 3.5 15.4
      vertex -18.3515 4.5 13.65
      vertex -18.3515 3.5 2.8
    endloop
  endfacet
  facet normal 0 -1 0
    outer loop
      vertex -18.3515 3.5 2.8
      vertex 2.19257 3.5 15.4
      vertex -18.3515 3.5 15.4
    endloop
  endfacet
  facet normal 0 -1 -0
    outer loop
      vertex 2.19257 3.5 15.4
      vertex -18.3515 3.5 2.8
      vertex 2.19257 3.5 2.8
    endloop
  endfacet
  facet normal -0 0.671557 0.740953
    outer loop
      vertex 93.8 9.46683 6.76284
      vertex 125.8 8.67789 7.47789
      vertex 125.8 9.46683 6.76284
    endloop
  endfacet
  facet normal 0 0.671557 0.740953
    outer loop
      vertex 125.8 8.67789 7.47789
      vertex 93.8 9.46683 6.76284
      vertex 93.8 8.67789 7.47789
    endloop
  endfacet
  facet normal -0 0.242973 0.970033
    outer loop
      vertex 93.8 14.2333 4.50848
      vertex 125.8 13.2004 4.7672
      vertex 125.8 14.2333 4.50848
    endloop
  endfacet
  facet normal 0 0.242973 0.970033
    outer loop
      vertex 125.8 13.2004 4.7672
      vertex 93.8 14.2333 4.50848
      vertex 93.8 13.2004 4.7672
    endloop
  endfacet
  facet normal -0 0.049071 0.998795
    outer loop
      vertex 93.8 16.35 4.3
      vertex 125.8 15.2865 4.35225
      vertex 125.8 16.35 4.3
    endloop
  endfacet
  facet normal 0 0.049071 0.998795
    outer loop
      vertex 125.8 15.2865 4.35225
      vertex 93.8 16.35 4.3
      vertex 93.8 15.2865 4.35225
    endloop
  endfacet
  facet normal -0 0.427535 0.903999
    outer loop
      vertex 93.8 12.1979 5.12591
      vertex 125.8 11.2353 5.58116
      vertex 125.8 12.1979 5.12591
    endloop
  endfacet
  facet normal 0 0.427535 0.903999
    outer loop
      vertex 125.8 11.2353 5.58116
      vertex 93.8 12.1979 5.12591
      vertex 93.8 11.2353 5.58116
    endloop
  endfacet
  facet normal 0 -0.99881 0.0487608
    outer loop
      vertex 93.8 27.1478 14.0865
      vertex 125.8 27.1509 14.15
      vertex 93.8 27.1509 14.15
    endloop
  endfacet
  facet normal 0 -0.99881 0.0487608
    outer loop
      vertex 125.8 27.1509 14.15
      vertex 93.8 27.1478 14.0865
      vertex 125.8 27.1478 14.0865
    endloop
  endfacet
  facet normal 0 0.740953 0.671557
    outer loop
      vertex 125.8 8.67789 7.47789
      vertex 93.8 7.96284 8.26683
      vertex 125.8 7.96284 8.26683
    endloop
  endfacet
  facet normal 0 0.740953 0.671557
    outer loop
      vertex 93.8 7.96284 8.26683
      vertex 125.8 8.67789 7.47789
      vertex 93.8 8.67789 7.47789
    endloop
  endfacet
  facet normal 0 0.857722 0.514113
    outer loop
      vertex 125.8 7.32855 9.12206
      vertex 93.8 6.78116 10.0353
      vertex 125.8 6.78116 10.0353
    endloop
  endfacet
  facet normal 0 0.857722 0.514113
    outer loop
      vertex 93.8 6.78116 10.0353
      vertex 125.8 7.32855 9.12206
      vertex 93.8 7.32855 9.12206
    endloop
  endfacet
  facet normal 0 -0.242973 0.970033
    outer loop
      vertex 93.8 19.4996 4.7672
      vertex 125.8 18.4667 4.50848
      vertex 125.8 19.4996 4.7672
    endloop
  endfacet
  facet normal 0 -0.242973 0.970033
    outer loop
      vertex 125.8 18.4667 4.50848
      vertex 93.8 19.4996 4.7672
      vertex 93.8 18.4667 4.50848
    endloop
  endfacet
  facet normal -0 0.595686 0.803217
    outer loop
      vertex 93.8 10.3221 6.12855
      vertex 125.8 9.46683 6.76284
      vertex 125.8 10.3221 6.12855
    endloop
  endfacet
  facet normal 0 0.595686 0.803217
    outer loop
      vertex 125.8 9.46683 6.76284
      vertex 93.8 10.3221 6.12855
      vertex 93.8 9.46683 6.76284
    endloop
  endfacet
  facet normal 0 0.803204 0.595704
    outer loop
      vertex 125.8 7.96284 8.26683
      vertex 93.8 7.32855 9.12206
      vertex 125.8 7.32855 9.12206
    endloop
  endfacet
  facet normal 0 0.803204 0.595704
    outer loop
      vertex 93.8 7.32855 9.12206
      vertex 125.8 7.96284 8.26683
      vertex 93.8 7.96284 8.26683
    endloop
  endfacet
  facet normal 0 0.903999 0.427535
    outer loop
      vertex 125.8 6.78116 10.0353
      vertex 93.8 6.32591 10.9979
      vertex 125.8 6.32591 10.9979
    endloop
  endfacet
  facet normal 0 0.903999 0.427535
    outer loop
      vertex 93.8 6.32591 10.9979
      vertex 125.8 6.78116 10.0353
      vertex 93.8 6.78116 10.0353
    endloop
  endfacet
  facet normal 0 0.998795 0.0490747
    outer loop
      vertex 125.8 5.55225 14.0865
      vertex 93.8 5.54913 14.15
      vertex 125.8 5.54913 14.15
    endloop
  endfacet
  facet normal 0 0.998795 0.0490747
    outer loop
      vertex 93.8 5.54913 14.15
      vertex 125.8 5.55225 14.0865
      vertex 93.8 5.55225 14.0865
    endloop
  endfacet
  facet normal -0 0.146733 0.989176
    outer loop
      vertex 93.8 15.2865 4.35225
      vertex 125.8 14.2333 4.50848
      vertex 125.8 15.2865 4.35225
    endloop
  endfacet
  facet normal 0 0.146733 0.989176
    outer loop
      vertex 125.8 14.2333 4.50848
      vertex 93.8 15.2865 4.35225
      vertex 93.8 14.2333 4.50848
    endloop
  endfacet
  facet normal 0 -0.146733 0.989176
    outer loop
      vertex 93.8 18.4667 4.50848
      vertex 125.8 17.4135 4.35225
      vertex 125.8 18.4667 4.50848
    endloop
  endfacet
  facet normal 0 -0.146733 0.989176
    outer loop
      vertex 125.8 17.4135 4.35225
      vertex 93.8 18.4667 4.50848
      vertex 93.8 17.4135 4.35225
    endloop
  endfacet
  facet normal 0 -0.427535 0.903999
    outer loop
      vertex 93.8 21.4647 5.58116
      vertex 125.8 20.5021 5.12591
      vertex 125.8 21.4647 5.58116
    endloop
  endfacet
  facet normal 0 -0.427535 0.903999
    outer loop
      vertex 125.8 20.5021 5.12591
      vertex 93.8 21.4647 5.58116
      vertex 93.8 20.5021 5.12591
    endloop
  endfacet
  facet normal 0 -0.049071 0.998795
    outer loop
      vertex 93.8 17.4135 4.35225
      vertex 125.8 16.35 4.3
      vertex 125.8 17.4135 4.35225
    endloop
  endfacet
  facet normal 0 -0.049071 0.998795
    outer loop
      vertex 125.8 16.35 4.3
      vertex 93.8 17.4135 4.35225
      vertex 93.8 16.35 4.3
    endloop
  endfacet
  facet normal 0 -0.671576 0.740936
    outer loop
      vertex 93.8 24.0221 7.47789
      vertex 125.8 23.2332 6.76284
      vertex 125.8 24.0221 7.47789
    endloop
  endfacet
  facet normal 0 -0.671576 0.740936
    outer loop
      vertex 125.8 23.2332 6.76284
      vertex 93.8 24.0221 7.47789
      vertex 93.8 23.2332 6.76284
    endloop
  endfacet
  facet normal -0 0.336898 0.941541
    outer loop
      vertex 93.8 13.2004 4.7672
      vertex 125.8 12.1979 5.12591
      vertex 125.8 13.2004 4.7672
    endloop
  endfacet
  facet normal 0 0.336898 0.941541
    outer loop
      vertex 125.8 12.1979 5.12591
      vertex 93.8 13.2004 4.7672
      vertex 93.8 12.1979 5.12591
    endloop
  endfacet
  facet normal 0 -0.595673 0.803227
    outer loop
      vertex 93.8 23.2332 6.76284
      vertex 125.8 22.3779 6.12855
      vertex 125.8 23.2332 6.76284
    endloop
  endfacet
  facet normal 0 -0.595673 0.803227
    outer loop
      vertex 125.8 22.3779 6.12855
      vertex 93.8 23.2332 6.76284
      vertex 93.8 22.3779 6.12855
    endloop
  endfacet
  facet normal 0 -0.51413 0.857712
    outer loop
      vertex 93.8 22.3779 6.12855
      vertex 125.8 21.4647 5.58116
      vertex 125.8 22.3779 6.12855
    endloop
  endfacet
  facet normal 0 -0.51413 0.857712
    outer loop
      vertex 125.8 21.4647 5.58116
      vertex 93.8 22.3779 6.12855
      vertex 93.8 21.4647 5.58116
    endloop
  endfacet
  facet normal 0 -0.336898 0.941541
    outer loop
      vertex 93.8 20.5021 5.12591
      vertex 125.8 19.4996 4.7672
      vertex 125.8 20.5021 5.12591
    endloop
  endfacet
  facet normal 0 -0.336898 0.941541
    outer loop
      vertex 125.8 19.4996 4.7672
      vertex 93.8 20.5021 5.12591
      vertex 93.8 19.4996 4.7672
    endloop
  endfacet
  facet normal 0 0.989176 0.146733
    outer loop
      vertex 125.8 5.70848 13.0333
      vertex 93.8 5.55225 14.0865
      vertex 125.8 5.55225 14.0865
    endloop
  endfacet
  facet normal 0 0.989176 0.146733
    outer loop
      vertex 93.8 5.55225 14.0865
      vertex 125.8 5.70848 13.0333
      vertex 93.8 5.70848 13.0333
    endloop
  endfacet
  facet normal -0 0.51413 0.857712
    outer loop
      vertex 93.8 11.2353 5.58116
      vertex 125.8 10.3221 6.12855
      vertex 125.8 11.2353 5.58116
    endloop
  endfacet
  facet normal 0 0.51413 0.857712
    outer loop
      vertex 125.8 10.3221 6.12855
      vertex 93.8 11.2353 5.58116
      vertex 93.8 10.3221 6.12855
    endloop
  endfacet
  facet normal 0 0.970033 0.242973
    outer loop
      vertex 125.8 5.9672 12.0004
      vertex 93.8 5.70848 13.0333
      vertex 125.8 5.70848 13.0333
    endloop
  endfacet
  facet normal 0 0.970033 0.242973
    outer loop
      vertex 93.8 5.70848 13.0333
      vertex 125.8 5.9672 12.0004
      vertex 93.8 5.9672 12.0004
    endloop
  endfacet
  facet normal 0 0.941541 0.336898
    outer loop
      vertex 125.8 6.32591 10.9979
      vertex 93.8 5.9672 12.0004
      vertex 125.8 5.9672 12.0004
    endloop
  endfacet
  facet normal 0 0.941541 0.336898
    outer loop
      vertex 93.8 5.9672 12.0004
      vertex 125.8 6.32591 10.9979
      vertex 93.8 6.32591 10.9979
    endloop
  endfacet
  facet normal -0.44678 -0.662891 0.600803
    outer loop
      vertex 93.8 24.7372 8.26683
      vertex 90.8 25.8967 7.31524
      vertex 90.8 25.0828 6.41723
    endloop
  endfacet
  facet normal -0.446774 0.382493 0.80876
    outer loop
      vertex 93.8 11.2353 5.58116
      vertex 93.8 12.1979 5.12591
      vertex 90.8 10.5283 4.25827
    endloop
  endfacet
  facet normal -0.446782 0.0438995 0.893565
    outer loop
      vertex 93.8 16.35 4.3
      vertex 90.8 16.35 2.8
      vertex 90.8 15.1395 2.85947
    endloop
  endfacet
  facet normal -0.446783 0.043901 0.893565
    outer loop
      vertex 93.8 15.2865 4.35225
      vertex 93.8 16.35 4.3
      vertex 90.8 15.1395 2.85947
    endloop
  endfacet
  facet normal -0.446784 -0.532914 0.718601
    outer loop
      vertex 93.8 22.3779 6.12855
      vertex 93.8 23.2332 6.76284
      vertex 90.8 24.1848 5.60332
    endloop
  endfacet
  facet normal -0.446785 -0.131264 0.884959
    outer loop
      vertex 93.8 18.4667 4.50848
      vertex 90.8 18.7594 3.0373
      vertex 90.8 17.5605 2.85947
    endloop
  endfacet
  facet normal -0.446788 -0.532923 0.718591
    outer loop
      vertex 93.8 22.3779 6.12855
      vertex 90.8 24.1848 5.60332
      vertex 90.8 23.2113 4.88135
    endloop
  endfacet
  facet normal -0.446762 -0.884961 0.131332
    outer loop
      vertex 93.8 26.9915 13.0333
      vertex 93.8 27.1478 14.0865
      vertex 90.8 28.6405 13.9395
    endloop
  endfacet
  facet normal -0.44679 -0.662864 0.600824
    outer loop
      vertex 93.8 24.0221 7.47789
      vertex 93.8 24.7372 8.26683
      vertex 90.8 25.0828 6.41723
    endloop
  endfacet
  facet normal -0.446772 -0.459965 0.767351
    outer loop
      vertex 93.8 21.4647 5.58116
      vertex 93.8 22.3779 6.12855
      vertex 90.8 22.1717 4.25827
    endloop
  endfacet
  facet normal -0.446782 -0.80874 0.382526
    outer loop
      vertex 93.8 25.9188 10.0353
      vertex 93.8 26.3741 10.9979
      vertex 90.8 27.2417 9.32825
    endloop
  endfacet
  facet normal -0.446782 0.662888 0.600804
    outer loop
      vertex 93.8 7.96284 8.26683
      vertex 93.8 8.67789 7.47789
      vertex 90.8 7.61723 6.41723
    endloop
  endfacet
  facet normal -0.446789 -0.88496 0.131242
    outer loop
      vertex 93.8 26.9915 13.0333
      vertex 90.8 28.6405 13.9395
      vertex 90.8 28.4627 12.7406
    endloop
  endfacet
  facet normal -0.446781 0.842344 0.301404
    outer loop
      vertex 93.8 5.9672 12.0004
      vertex 93.8 6.32591 10.9979
      vertex 90.8 4.94009 10.4239
    endloop
  endfacet
  facet normal -0.446782 -0.71861 0.532903
    outer loop
      vertex 93.8 25.3714 9.12206
      vertex 90.8 26.6186 8.28871
      vertex 90.8 25.8967 7.31524
    endloop
  endfacet
  facet normal -0.44678 -0.382509 0.808748
    outer loop
      vertex 93.8 20.5021 5.12591
      vertex 90.8 22.1717 4.25827
      vertex 90.8 21.0761 3.74009
    endloop
  endfacet
  facet normal -0.446783 -0.043901 0.893565
    outer loop
      vertex 93.8 16.35 4.3
      vertex 93.8 17.4135 4.35225
      vertex 90.8 17.5605 2.85947
    endloop
  endfacet
  facet normal -0.446782 -0.0438995 0.893565
    outer loop
      vertex 93.8 16.35 4.3
      vertex 90.8 17.5605 2.85947
      vertex 90.8 16.35 2.8
    endloop
  endfacet
  facet normal -0.446782 -0.131273 0.884959
    outer loop
      vertex 93.8 17.4135 4.35225
      vertex 93.8 18.4667 4.50848
      vertex 90.8 17.5605 2.85947
    endloop
  endfacet
  facet normal -0.446781 0.718586 0.532936
    outer loop
      vertex 93.8 7.32855 9.12206
      vertex 90.8 6.80332 7.31524
      vertex 90.8 6.08135 8.28871
    endloop
  endfacet
  facet normal -0.446778 0.767357 0.459949
    outer loop
      vertex 93.8 6.78116 10.0353
      vertex 93.8 7.32855 9.12206
      vertex 90.8 5.45827 9.32825
    endloop
  endfacet
  facet normal -0.44678 0.382509 0.808748
    outer loop
      vertex 93.8 12.1979 5.12591
      vertex 90.8 11.6239 3.74009
      vertex 90.8 10.5283 4.25827
    endloop
  endfacet
  facet normal -0.446792 -0.867832 0.217357
    outer loop
      vertex 93.8 26.7328 12.0004
      vertex 93.8 26.9915 13.0333
      vertex 90.8 28.4627 12.7406
    endloop
  endfacet
  facet normal -0.446781 0.76736 0.459941
    outer loop
      vertex 93.8 7.32855 9.12206
      vertex 90.8 6.08135 8.28871
      vertex 90.8 5.45827 9.32825
    endloop
  endfacet
  facet normal -0.446783 0.893565 0.0438929
    outer loop
      vertex 91.3217 4.30998 14.15
      vertex 90.8 4.05947 13.9395
      vertex 90.8 4.04913 14.15
    endloop
  endfacet
  facet normal -0.446779 -0.867828 0.2174
    outer loop
      vertex 93.8 26.7328 12.0004
      vertex 90.8 28.4627 12.7406
      vertex 90.8 28.1682 11.565
    endloop
  endfacet
  facet normal -0.446785 -0.600809 0.662882
    outer loop
      vertex 93.8 23.2332 6.76284
      vertex 90.8 25.0828 6.41723
      vertex 90.8 24.1848 5.60332
    endloop
  endfacet
  facet normal -0.446789 -0.600818 0.66287
    outer loop
      vertex 93.8 23.2332 6.76284
      vertex 93.8 24.0221 7.47789
      vertex 90.8 25.0828 6.41723
    endloop
  endfacet
  facet normal -0.446781 -0.767353 0.459951
    outer loop
      vertex 93.8 25.3714 9.12206
      vertex 90.8 27.2417 9.32825
      vertex 90.8 26.6186 8.28871
    endloop
  endfacet
  facet normal -0.446787 -0.217374 0.867831
    outer loop
      vertex 93.8 18.4667 4.50848
      vertex 93.8 19.4996 4.7672
      vertex 90.8 18.7594 3.0373
    endloop
  endfacet
  facet normal -0.44678 -0.301402 0.842345
    outer loop
      vertex 93.8 19.4996 4.7672
      vertex 90.8 21.0761 3.74009
      vertex 90.8 19.935 3.33179
    endloop
  endfacet
  facet normal -0.446781 -0.217393 0.867829
    outer loop
      vertex 93.8 19.4996 4.7672
      vertex 90.8 19.935 3.33179
      vertex 90.8 18.7594 3.0373
    endloop
  endfacet
  facet normal -0.446781 -0.301404 0.842344
    outer loop
      vertex 93.8 19.4996 4.7672
      vertex 93.8 20.5021 5.12591
      vertex 90.8 21.0761 3.74009
    endloop
  endfacet
  facet normal -0.446787 -0.45992 0.767369
    outer loop
      vertex 93.8 22.3779 6.12855
      vertex 90.8 23.2113 4.88135
      vertex 90.8 22.1717 4.25827
    endloop
  endfacet
  facet normal -0.446774 -0.382493 0.80876
    outer loop
      vertex 93.8 20.5021 5.12591
      vertex 93.8 21.4647 5.58116
      vertex 90.8 22.1717 4.25827
    endloop
  endfacet
  facet normal -0.446778 -0.718618 0.532895
    outer loop
      vertex 93.8 24.7372 8.26683
      vertex 93.8 25.3714 9.12206
      vertex 90.8 25.8967 7.31524
    endloop
  endfacet
  facet normal -0.44678 -0.767352 0.459954
    outer loop
      vertex 93.8 25.3714 9.12206
      vertex 93.8 25.9188 10.0353
      vertex 90.8 27.2417 9.32825
    endloop
  endfacet
  facet normal -0.446846 -0.893521 0.0441455
    outer loop
      vertex 91.3217 28.39 14.15
      vertex 90.8 28.6509 14.15
      vertex 90.8 28.6405 13.9395
    endloop
  endfacet
  facet normal -0.446773 -0.893583 0.0436237
    outer loop
      vertex 91.3217 28.39 14.15
      vertex 93.8 27.1478 14.0865
      vertex 93.8 27.1509 14.15
    endloop
  endfacet
  facet normal -0.446763 -0.893576 0.0438752
    outer loop
      vertex 93.8 27.1478 14.0865
      vertex 91.3217 28.39 14.15
      vertex 90.8 28.6405 13.9395
    endloop
  endfacet
  facet normal -0.44678 0.301402 0.842345
    outer loop
      vertex 93.8 13.2004 4.7672
      vertex 90.8 12.765 3.33179
      vertex 90.8 11.6239 3.74009
    endloop
  endfacet
  facet normal -0.446783 0.532926 0.718592
    outer loop
      vertex 93.8 9.46683 6.76284
      vertex 93.8 10.3221 6.12855
      vertex 90.8 8.51524 5.60332
    endloop
  endfacet
  facet normal -0.446785 0.884959 0.131264
    outer loop
      vertex 93.8 5.70848 13.0333
      vertex 90.8 4.2373 12.7406
      vertex 90.8 4.05947 13.9395
    endloop
  endfacet
  facet normal -0.446782 0.893565 0.0439043
    outer loop
      vertex 93.8 5.55225 14.0865
      vertex 91.3217 4.30998 14.15
      vertex 93.8 5.54913 14.15
    endloop
  endfacet
  facet normal -0.446783 0.893565 0.0438936
    outer loop
      vertex 91.3217 4.30998 14.15
      vertex 93.8 5.55225 14.0865
      vertex 90.8 4.05947 13.9395
    endloop
  endfacet
  facet normal -0.446772 0.459965 0.767351
    outer loop
      vertex 93.8 10.3221 6.12855
      vertex 93.8 11.2353 5.58116
      vertex 90.8 10.5283 4.25827
    endloop
  endfacet
  facet normal -0.446786 0.459923 0.767368
    outer loop
      vertex 93.8 10.3221 6.12855
      vertex 90.8 10.5283 4.25827
      vertex 90.8 9.48871 4.88135
    endloop
  endfacet
  facet normal -0.446782 0.600804 0.662888
    outer loop
      vertex 93.8 8.67789 7.47789
      vertex 93.8 9.46683 6.76284
      vertex 90.8 7.61723 6.41723
    endloop
  endfacet
  facet normal -0.446776 -0.842348 0.301397
    outer loop
      vertex 93.8 26.3741 10.9979
      vertex 93.8 26.7328 12.0004
      vertex 90.8 27.7599 10.4239
    endloop
  endfacet
  facet normal -0.446778 -0.842346 0.301402
    outer loop
      vertex 93.8 26.7328 12.0004
      vertex 90.8 28.1682 11.565
      vertex 90.8 27.7599 10.4239
    endloop
  endfacet
  facet normal -0.446776 -0.808751 0.382508
    outer loop
      vertex 93.8 26.3741 10.9979
      vertex 90.8 27.7599 10.4239
      vertex 90.8 27.2417 9.32825
    endloop
  endfacet
  facet normal -0.446783 0.662886 0.600805
    outer loop
      vertex 93.8 7.96284 8.26683
      vertex 90.8 7.61723 6.41723
      vertex 90.8 6.80332 7.31524
    endloop
  endfacet
  facet normal -0.44678 0.808755 0.382495
    outer loop
      vertex 93.8 6.32591 10.9979
      vertex 90.8 5.45827 9.32825
      vertex 90.8 4.94009 10.4239
    endloop
  endfacet
  facet normal -0.44678 0.842345 0.301402
    outer loop
      vertex 93.8 5.9672 12.0004
      vertex 90.8 4.94009 10.4239
      vertex 90.8 4.53179 11.565
    endloop
  endfacet
  facet normal -0.446787 0.867831 0.217374
    outer loop
      vertex 93.8 5.70848 13.0333
      vertex 93.8 5.9672 12.0004
      vertex 90.8 4.2373 12.7406
    endloop
  endfacet
  facet normal -0.446783 0.71858 0.532942
    outer loop
      vertex 93.8 7.32855 9.12206
      vertex 93.8 7.96284 8.26683
      vertex 90.8 6.80332 7.31524
    endloop
  endfacet
  facet normal -0.446787 0.532935 0.718584
    outer loop
      vertex 93.8 10.3221 6.12855
      vertex 90.8 9.48871 4.88135
      vertex 90.8 8.51524 5.60332
    endloop
  endfacet
  facet normal -0.446779 0.808757 0.382492
    outer loop
      vertex 93.8 6.32591 10.9979
      vertex 93.8 6.78116 10.0353
      vertex 90.8 5.45827 9.32825
    endloop
  endfacet
  facet normal -0.446782 0.884959 0.131273
    outer loop
      vertex 93.8 5.55225 14.0865
      vertex 93.8 5.70848 13.0333
      vertex 90.8 4.05947 13.9395
    endloop
  endfacet
  facet normal -0.446783 0.600805 0.662886
    outer loop
      vertex 93.8 9.46683 6.76284
      vertex 90.8 8.51524 5.60332
      vertex 90.8 7.61723 6.41723
    endloop
  endfacet
  facet normal -0.446781 0.867829 0.217393
    outer loop
      vertex 93.8 5.9672 12.0004
      vertex 90.8 4.53179 11.565
      vertex 90.8 4.2373 12.7406
    endloop
  endfacet
  facet normal -0.446781 0.217393 0.867829
    outer loop
      vertex 93.8 13.2004 4.7672
      vertex 90.8 13.9406 3.0373
      vertex 90.8 12.765 3.33179
    endloop
  endfacet
  facet normal -0.446787 0.217374 0.867831
    outer loop
      vertex 93.8 13.2004 4.7672
      vertex 93.8 14.2333 4.50848
      vertex 90.8 13.9406 3.0373
    endloop
  endfacet
  facet normal -0.446781 0.301404 0.842344
    outer loop
      vertex 93.8 12.1979 5.12591
      vertex 93.8 13.2004 4.7672
      vertex 90.8 11.6239 3.74009
    endloop
  endfacet
  facet normal -0.446785 0.131264 0.884959
    outer loop
      vertex 93.8 14.2333 4.50848
      vertex 90.8 15.1395 2.85947
      vertex 90.8 13.9406 3.0373
    endloop
  endfacet
  facet normal -0.446782 0.131273 0.884959
    outer loop
      vertex 93.8 14.2333 4.50848
      vertex 93.8 15.2865 4.35225
      vertex 90.8 15.1395 2.85947
    endloop
  endfacet
  facet normal -0 0.242994 0.970028
    outer loop
      vertex 84.2 13.9406 3.0373
      vertex 90.8 12.765 3.33179
      vertex 90.8 13.9406 3.0373
    endloop
  endfacet
  facet normal 0 0.242994 0.970028
    outer loop
      vertex 90.8 12.765 3.33179
      vertex 84.2 13.9406 3.0373
      vertex 84.2 12.765 3.33179
    endloop
  endfacet
  facet normal 0 -0.0490693 0.998795
    outer loop
      vertex 84.2 17.5605 2.85947
      vertex 90.8 16.35 2.8
      vertex 90.8 17.5605 2.85947
    endloop
  endfacet
  facet normal 0 -0.0490693 0.998795
    outer loop
      vertex 90.8 16.35 2.8
      vertex 84.2 17.5605 2.85947
      vertex 84.2 16.35 2.8
    endloop
  endfacet
  facet normal 0 0.903997 0.427539
    outer loop
      vertex 90.8 5.45827 9.32825
      vertex 84.2 4.94009 10.4239
      vertex 90.8 4.94009 10.4239
    endloop
  endfacet
  facet normal 0 0.903997 0.427539
    outer loop
      vertex 84.2 4.94009 10.4239
      vertex 90.8 5.45827 9.32825
      vertex 84.2 5.45827 9.32825
    endloop
  endfacet
  facet normal 0 -0.336896 0.941542
    outer loop
      vertex 84.2 21.0761 3.74009
      vertex 90.8 19.935 3.33179
      vertex 90.8 21.0761 3.74009
    endloop
  endfacet
  facet normal 0 -0.336896 0.941542
    outer loop
      vertex 90.8 19.935 3.33179
      vertex 84.2 21.0761 3.74009
      vertex 84.2 19.935 3.33179
    endloop
  endfacet
  facet normal -0 0.0490693 0.998795
    outer loop
      vertex 84.2 16.35 2.8
      vertex 90.8 15.1395 2.85947
      vertex 90.8 16.35 2.8
    endloop
  endfacet
  facet normal 0 0.0490693 0.998795
    outer loop
      vertex 90.8 15.1395 2.85947
      vertex 84.2 16.35 2.8
      vertex 84.2 15.1395 2.85947
    endloop
  endfacet
  facet normal 0 0.998796 0.049062
    outer loop
      vertex 90.8 4.05947 13.9395
      vertex 84.2 4.04913 14.15
      vertex 90.8 4.04913 14.15
    endloop
  endfacet
  facet normal 0 0.998796 0.049062
    outer loop
      vertex 84.2 4.04913 14.15
      vertex 90.8 4.05947 13.9395
      vertex 84.2 4.05947 13.9395
    endloop
  endfacet
  facet normal 0 -0.427555 0.903989
    outer loop
      vertex 84.2 22.1717 4.25827
      vertex 90.8 21.0761 3.74009
      vertex 90.8 22.1717 4.25827
    endloop
  endfacet
  facet normal 0 -0.427555 0.903989
    outer loop
      vertex 90.8 21.0761 3.74009
      vertex 84.2 22.1717 4.25827
      vertex 84.2 21.0761 3.74009
    endloop
  endfacet
  facet normal -0 0.595697 0.803209
    outer loop
      vertex 84.2 9.48871 4.88135
      vertex 90.8 8.51524 5.60332
      vertex 90.8 9.48871 4.88135
    endloop
  endfacet
  facet normal 0 0.595697 0.803209
    outer loop
      vertex 90.8 8.51524 5.60332
      vertex 84.2 9.48871 4.88135
      vertex 84.2 8.51524 5.60332
    endloop
  endfacet
  facet normal 0 -0.146722 0.989178
    outer loop
      vertex 84.2 18.7594 3.0373
      vertex 90.8 17.5605 2.85947
      vertex 90.8 18.7594 3.0373
    endloop
  endfacet
  facet normal 0 -0.146722 0.989178
    outer loop
      vertex 90.8 17.5605 2.85947
      vertex 84.2 18.7594 3.0373
      vertex 84.2 17.5605 2.85947
    endloop
  endfacet
  facet normal 0 -0.998782 0.049346
    outer loop
      vertex 84.2 28.6405 13.9395
      vertex 90.8 28.6509 14.15
      vertex 84.2 28.6509 14.15
    endloop
  endfacet
  facet normal 0 -0.998782 0.049346
    outer loop
      vertex 90.8 28.6509 14.15
      vertex 84.2 28.6405 13.9395
      vertex 90.8 28.6405 13.9395
    endloop
  endfacet
  facet normal 0 0.740951 0.671559
    outer loop
      vertex 90.8 7.61723 6.41723
      vertex 84.2 6.80332 7.31524
      vertex 90.8 6.80332 7.31524
    endloop
  endfacet
  facet normal 0 0.740951 0.671559
    outer loop
      vertex 84.2 6.80332 7.31524
      vertex 90.8 7.61723 6.41723
      vertex 84.2 7.61723 6.41723
    endloop
  endfacet
  facet normal -0 0.427555 0.903989
    outer loop
      vertex 84.2 11.6239 3.74009
      vertex 90.8 10.5283 4.25827
      vertex 90.8 11.6239 3.74009
    endloop
  endfacet
  facet normal 0 0.427555 0.903989
    outer loop
      vertex 90.8 10.5283 4.25827
      vertex 84.2 11.6239 3.74009
      vertex 84.2 10.5283 4.25827
    endloop
  endfacet
  facet normal 0 -0.595685 0.803218
    outer loop
      vertex 84.2 24.1848 5.60332
      vertex 90.8 23.2113 4.88135
      vertex 90.8 24.1848 5.60332
    endloop
  endfacet
  facet normal 0 -0.595685 0.803218
    outer loop
      vertex 90.8 23.2113 4.88135
      vertex 84.2 24.1848 5.60332
      vertex 84.2 23.2113 4.88135
    endloop
  endfacet
  facet normal 0 -0.989181 0.146698
    outer loop
      vertex 84.2 28.4627 12.7406
      vertex 90.8 28.6405 13.9395
      vertex 84.2 28.6405 13.9395
    endloop
  endfacet
  facet normal 0 -0.989181 0.146698
    outer loop
      vertex 90.8 28.6405 13.9395
      vertex 84.2 28.4627 12.7406
      vertex 90.8 28.4627 12.7406
    endloop
  endfacet
  facet normal 0 0.941542 0.336896
    outer loop
      vertex 90.8 4.94009 10.4239
      vertex 84.2 4.53179 11.565
      vertex 90.8 4.53179 11.565
    endloop
  endfacet
  facet normal 0 0.941542 0.336896
    outer loop
      vertex 84.2 4.53179 11.565
      vertex 90.8 4.94009 10.4239
      vertex 84.2 4.94009 10.4239
    endloop
  endfacet
  facet normal -0 0.146722 0.989178
    outer loop
      vertex 84.2 15.1395 2.85947
      vertex 90.8 13.9406 3.0373
      vertex 90.8 15.1395 2.85947
    endloop
  endfacet
  facet normal 0 0.146722 0.989178
    outer loop
      vertex 90.8 13.9406 3.0373
      vertex 84.2 15.1395 2.85947
      vertex 84.2 13.9406 3.0373
    endloop
  endfacet
  facet normal 0 -0.514083 0.85774
    outer loop
      vertex 84.2 23.2113 4.88135
      vertex 90.8 22.1717 4.25827
      vertex 90.8 23.2113 4.88135
    endloop
  endfacet
  facet normal 0 -0.514083 0.85774
    outer loop
      vertex 90.8 22.1717 4.25827
      vertex 84.2 23.2113 4.88135
      vertex 84.2 22.1717 4.25827
    endloop
  endfacet
  facet normal 0 -0.671564 0.740947
    outer loop
      vertex 84.2 25.0828 6.41723
      vertex 90.8 24.1848 5.60332
      vertex 90.8 25.0828 6.41723
    endloop
  endfacet
  facet normal 0 -0.671564 0.740947
    outer loop
      vertex 90.8 24.1848 5.60332
      vertex 84.2 25.0828 6.41723
      vertex 84.2 24.1848 5.60332
    endloop
  endfacet
  facet normal 0 0.803209 0.595697
    outer loop
      vertex 90.8 6.80332 7.31524
      vertex 84.2 6.08135 8.28871
      vertex 90.8 6.08135 8.28871
    endloop
  endfacet
  facet normal 0 0.803209 0.595697
    outer loop
      vertex 84.2 6.08135 8.28871
      vertex 90.8 6.80332 7.31524
      vertex 84.2 6.80332 7.31524
    endloop
  endfacet
  facet normal 0 -0.903991 0.427552
    outer loop
      vertex 84.2 27.2417 9.32825
      vertex 90.8 27.7599 10.4239
      vertex 84.2 27.7599 10.4239
    endloop
  endfacet
  facet normal 0 -0.903991 0.427552
    outer loop
      vertex 90.8 27.7599 10.4239
      vertex 84.2 27.2417 9.32825
      vertex 90.8 27.2417 9.32825
    endloop
  endfacet
  facet normal 0 -0.970026 0.243002
    outer loop
      vertex 84.2 28.1682 11.565
      vertex 90.8 28.4627 12.7406
      vertex 84.2 28.4627 12.7406
    endloop
  endfacet
  facet normal 0 -0.970026 0.243002
    outer loop
      vertex 90.8 28.4627 12.7406
      vertex 84.2 28.1682 11.565
      vertex 90.8 28.1682 11.565
    endloop
  endfacet
  facet normal -0 0.336896 0.941542
    outer loop
      vertex 84.2 12.765 3.33179
      vertex 90.8 11.6239 3.74009
      vertex 90.8 12.765 3.33179
    endloop
  endfacet
  facet normal 0 0.336896 0.941542
    outer loop
      vertex 90.8 11.6239 3.74009
      vertex 84.2 12.765 3.33179
      vertex 84.2 11.6239 3.74009
    endloop
  endfacet
  facet normal 0 0.857727 0.514105
    outer loop
      vertex 90.8 6.08135 8.28871
      vertex 84.2 5.45827 9.32825
      vertex 90.8 5.45827 9.32825
    endloop
  endfacet
  facet normal 0 0.857727 0.514105
    outer loop
      vertex 84.2 5.45827 9.32825
      vertex 90.8 6.08135 8.28871
      vertex 84.2 6.08135 8.28871
    endloop
  endfacet
  facet normal 0 -0.242994 0.970028
    outer loop
      vertex 84.2 19.935 3.33179
      vertex 90.8 18.7594 3.0373
      vertex 90.8 19.935 3.33179
    endloop
  endfacet
  facet normal 0 -0.242994 0.970028
    outer loop
      vertex 90.8 18.7594 3.0373
      vertex 84.2 19.935 3.33179
      vertex 84.2 18.7594 3.0373
    endloop
  endfacet
  facet normal -0 0.514087 0.857738
    outer loop
      vertex 84.2 10.5283 4.25827
      vertex 90.8 9.48871 4.88135
      vertex 90.8 10.5283 4.25827
    endloop
  endfacet
  facet normal 0 0.514087 0.857738
    outer loop
      vertex 90.8 9.48871 4.88135
      vertex 84.2 10.5283 4.25827
      vertex 84.2 9.48871 4.88135
    endloop
  endfacet
  facet normal -0 0.671559 0.740951
    outer loop
      vertex 84.2 8.51524 5.60332
      vertex 90.8 7.61723 6.41723
      vertex 90.8 8.51524 5.60332
    endloop
  endfacet
  facet normal 0 0.671559 0.740951
    outer loop
      vertex 90.8 7.61723 6.41723
      vertex 84.2 8.51524 5.60332
      vertex 84.2 7.61723 6.41723
    endloop
  endfacet
  facet normal 0 0.989178 0.146722
    outer loop
      vertex 90.8 4.2373 12.7406
      vertex 84.2 4.05947 13.9395
      vertex 90.8 4.05947 13.9395
    endloop
  endfacet
  facet normal 0 0.989178 0.146722
    outer loop
      vertex 84.2 4.05947 13.9395
      vertex 90.8 4.2373 12.7406
      vertex 84.2 4.2373 12.7406
    endloop
  endfacet
  facet normal 0 -0.803237 0.59566
    outer loop
      vertex 84.2 25.8967 7.31524
      vertex 90.8 26.6186 8.28871
      vertex 84.2 26.6186 8.28871
    endloop
  endfacet
  facet normal 0 -0.803237 0.59566
    outer loop
      vertex 90.8 26.6186 8.28871
      vertex 84.2 25.8967 7.31524
      vertex 90.8 25.8967 7.31524
    endloop
  endfacet
  facet normal 0 -0.740955 0.671555
    outer loop
      vertex 84.2 25.0828 6.41723
      vertex 90.8 25.8967 7.31524
      vertex 84.2 25.8967 7.31524
    endloop
  endfacet
  facet normal 0 -0.740955 0.671555
    outer loop
      vertex 90.8 25.8967 7.31524
      vertex 84.2 25.0828 6.41723
      vertex 90.8 25.0828 6.41723
    endloop
  endfacet
  facet normal 0 -0.941542 0.336896
    outer loop
      vertex 84.2 27.7599 10.4239
      vertex 90.8 28.1682 11.565
      vertex 84.2 28.1682 11.565
    endloop
  endfacet
  facet normal 0 -0.941542 0.336896
    outer loop
      vertex 90.8 28.1682 11.565
      vertex 84.2 27.7599 10.4239
      vertex 90.8 27.7599 10.4239
    endloop
  endfacet
  facet normal 0 -0.85772 0.514117
    outer loop
      vertex 84.2 26.6186 8.28871
      vertex 90.8 27.2417 9.32825
      vertex 84.2 27.2417 9.32825
    endloop
  endfacet
  facet normal 0 -0.85772 0.514117
    outer loop
      vertex 90.8 27.2417 9.32825
      vertex 84.2 26.6186 8.28871
      vertex 90.8 26.6186 8.28871
    endloop
  endfacet
  facet normal 0 0.970028 0.242994
    outer loop
      vertex 90.8 4.53179 11.565
      vertex 84.2 4.2373 12.7406
      vertex 90.8 4.2373 12.7406
    endloop
  endfacet
  facet normal 0 0.970028 0.242994
    outer loop
      vertex 84.2 4.2373 12.7406
      vertex 90.8 4.53179 11.565
      vertex 84.2 4.53179 11.565
    endloop
  endfacet
  facet normal 0.446782 0.0438995 0.893565
    outer loop
      vertex 84.2 15.1395 2.85947
      vertex 84.2 16.35 2.8
      vertex 81.2 16.35 4.3
    endloop
  endfacet
  facet normal 0.446787 -0.217374 0.867831
    outer loop
      vertex 84.2 18.7594 3.0373
      vertex 81.2 19.4996 4.7672
      vertex 81.2 18.4667 4.50848
    endloop
  endfacet
  facet normal 0.446772 -0.459965 0.767351
    outer loop
      vertex 84.2 22.1717 4.25827
      vertex 81.2 22.3779 6.12855
      vertex 81.2 21.4647 5.58116
    endloop
  endfacet
  facet normal 0.446782 -0.0438995 0.893565
    outer loop
      vertex 84.2 16.35 2.8
      vertex 84.2 17.5605 2.85947
      vertex 81.2 16.35 4.3
    endloop
  endfacet
  facet normal 0.446781 0.76736 0.459941
    outer loop
      vertex 84.2 5.45827 9.32825
      vertex 84.2 6.08135 8.28871
      vertex 81.2 7.32855 9.12206
    endloop
  endfacet
  facet normal 0.446783 0.71858 0.532942
    outer loop
      vertex 84.2 6.80332 7.31524
      vertex 81.2 7.96284 8.26683
      vertex 81.2 7.32855 9.12206
    endloop
  endfacet
  facet normal 0.446781 0.301404 0.842344
    outer loop
      vertex 84.2 11.6239 3.74009
      vertex 81.2 13.2004 4.7672
      vertex 81.2 12.1979 5.12591
    endloop
  endfacet
  facet normal 0.44678 -0.767352 0.459954
    outer loop
      vertex 84.2 27.2417 9.32825
      vertex 81.2 25.9188 10.0353
      vertex 81.2 25.3714 9.12206
    endloop
  endfacet
  facet normal 0.446781 0.867829 0.217393
    outer loop
      vertex 84.2 4.2373 12.7406
      vertex 84.2 4.53179 11.565
      vertex 81.2 5.9672 12.0004
    endloop
  endfacet
  facet normal 0.446783 0.600805 0.662886
    outer loop
      vertex 84.2 7.61723 6.41723
      vertex 84.2 8.51524 5.60332
      vertex 81.2 9.46683 6.76284
    endloop
  endfacet
  facet normal 0.446783 0.893565 0.0438929
    outer loop
      vertex 84.2 4.04913 14.15
      vertex 84.2 4.05947 13.9395
      vertex 83.6783 4.30998 14.15
    endloop
  endfacet
  facet normal 0.44678 0.842345 0.301402
    outer loop
      vertex 84.2 4.53179 11.565
      vertex 84.2 4.94009 10.4239
      vertex 81.2 5.9672 12.0004
    endloop
  endfacet
  facet normal 0.44678 0.382509 0.808748
    outer loop
      vertex 84.2 10.5283 4.25827
      vertex 84.2 11.6239 3.74009
      vertex 81.2 12.1979 5.12591
    endloop
  endfacet
  facet normal 0.446776 -0.808751 0.382508
    outer loop
      vertex 84.2 27.2417 9.32825
      vertex 84.2 27.7599 10.4239
      vertex 81.2 26.3741 10.9979
    endloop
  endfacet
  facet normal 0.446773 -0.893583 0.0436237
    outer loop
      vertex 81.2 27.1478 14.0865
      vertex 83.6783 28.39 14.15
      vertex 81.2 27.1509 14.15
    endloop
  endfacet
  facet normal 0.446763 -0.893576 0.0438752
    outer loop
      vertex 83.6783 28.39 14.15
      vertex 81.2 27.1478 14.0865
      vertex 84.2 28.6405 13.9395
    endloop
  endfacet
  facet normal 0.446786 0.459923 0.767368
    outer loop
      vertex 84.2 9.48871 4.88135
      vertex 84.2 10.5283 4.25827
      vertex 81.2 10.3221 6.12855
    endloop
  endfacet
  facet normal 0.446787 0.217374 0.867831
    outer loop
      vertex 84.2 13.9406 3.0373
      vertex 81.2 14.2333 4.50848
      vertex 81.2 13.2004 4.7672
    endloop
  endfacet
  facet normal 0.446785 -0.600809 0.662882
    outer loop
      vertex 84.2 24.1848 5.60332
      vertex 84.2 25.0828 6.41723
      vertex 81.2 23.2332 6.76284
    endloop
  endfacet
  facet normal 0.446788 -0.532923 0.718591
    outer loop
      vertex 84.2 23.2113 4.88135
      vertex 84.2 24.1848 5.60332
      vertex 81.2 22.3779 6.12855
    endloop
  endfacet
  facet normal 0.446787 0.532935 0.718584
    outer loop
      vertex 84.2 8.51524 5.60332
      vertex 84.2 9.48871 4.88135
      vertex 81.2 10.3221 6.12855
    endloop
  endfacet
  facet normal 0.446783 0.662886 0.600805
    outer loop
      vertex 84.2 6.80332 7.31524
      vertex 84.2 7.61723 6.41723
      vertex 81.2 7.96284 8.26683
    endloop
  endfacet
  facet normal 0.446782 0.893565 0.0439043
    outer loop
      vertex 83.6783 4.30998 14.15
      vertex 81.2 5.55225 14.0865
      vertex 81.2 5.54913 14.15
    endloop
  endfacet
  facet normal 0.446783 0.893565 0.0438936
    outer loop
      vertex 81.2 5.55225 14.0865
      vertex 83.6783 4.30998 14.15
      vertex 84.2 4.05947 13.9395
    endloop
  endfacet
  facet normal 0.446772 0.459965 0.767351
    outer loop
      vertex 84.2 10.5283 4.25827
      vertex 81.2 11.2353 5.58116
      vertex 81.2 10.3221 6.12855
    endloop
  endfacet
  facet normal 0.44678 -0.382509 0.808748
    outer loop
      vertex 84.2 21.0761 3.74009
      vertex 84.2 22.1717 4.25827
      vertex 81.2 20.5021 5.12591
    endloop
  endfacet
  facet normal 0.446774 0.382493 0.80876
    outer loop
      vertex 84.2 10.5283 4.25827
      vertex 81.2 12.1979 5.12591
      vertex 81.2 11.2353 5.58116
    endloop
  endfacet
  facet normal 0.446779 0.808757 0.382492
    outer loop
      vertex 84.2 5.45827 9.32825
      vertex 81.2 6.78116 10.0353
      vertex 81.2 6.32591 10.9979
    endloop
  endfacet
  facet normal 0.446781 0.718586 0.532936
    outer loop
      vertex 84.2 6.08135 8.28871
      vertex 84.2 6.80332 7.31524
      vertex 81.2 7.32855 9.12206
    endloop
  endfacet
  facet normal 0.446785 0.884959 0.131264
    outer loop
      vertex 84.2 4.05947 13.9395
      vertex 84.2 4.2373 12.7406
      vertex 81.2 5.70848 13.0333
    endloop
  endfacet
  facet normal 0.446787 0.867831 0.217374
    outer loop
      vertex 84.2 4.2373 12.7406
      vertex 81.2 5.9672 12.0004
      vertex 81.2 5.70848 13.0333
    endloop
  endfacet
  facet normal 0.446782 0.600804 0.662888
    outer loop
      vertex 84.2 7.61723 6.41723
      vertex 81.2 9.46683 6.76284
      vertex 81.2 8.67789 7.47789
    endloop
  endfacet
  facet normal 0.446787 -0.45992 0.767369
    outer loop
      vertex 84.2 22.1717 4.25827
      vertex 84.2 23.2113 4.88135
      vertex 81.2 22.3779 6.12855
    endloop
  endfacet
  facet normal 0.446784 -0.532914 0.718601
    outer loop
      vertex 84.2 24.1848 5.60332
      vertex 81.2 23.2332 6.76284
      vertex 81.2 22.3779 6.12855
    endloop
  endfacet
  facet normal 0.446783 0.532926 0.718592
    outer loop
      vertex 84.2 8.51524 5.60332
      vertex 81.2 10.3221 6.12855
      vertex 81.2 9.46683 6.76284
    endloop
  endfacet
  facet normal 0.44678 -0.301402 0.842345
    outer loop
      vertex 84.2 19.935 3.33179
      vertex 84.2 21.0761 3.74009
      vertex 81.2 19.4996 4.7672
    endloop
  endfacet
  facet normal 0.446781 -0.217393 0.867829
    outer loop
      vertex 84.2 18.7594 3.0373
      vertex 84.2 19.935 3.33179
      vertex 81.2 19.4996 4.7672
    endloop
  endfacet
  facet normal 0.446782 0.131273 0.884959
    outer loop
      vertex 84.2 15.1395 2.85947
      vertex 81.2 15.2865 4.35225
      vertex 81.2 14.2333 4.50848
    endloop
  endfacet
  facet normal 0.44678 0.301402 0.842345
    outer loop
      vertex 84.2 11.6239 3.74009
      vertex 84.2 12.765 3.33179
      vertex 81.2 13.2004 4.7672
    endloop
  endfacet
  facet normal 0.446781 -0.301404 0.842344
    outer loop
      vertex 84.2 21.0761 3.74009
      vertex 81.2 20.5021 5.12591
      vertex 81.2 19.4996 4.7672
    endloop
  endfacet
  facet normal 0.446776 -0.842348 0.301397
    outer loop
      vertex 84.2 27.7599 10.4239
      vertex 81.2 26.7328 12.0004
      vertex 81.2 26.3741 10.9979
    endloop
  endfacet
  facet normal 0.446785 -0.131264 0.884959
    outer loop
      vertex 84.2 17.5605 2.85947
      vertex 84.2 18.7594 3.0373
      vertex 81.2 18.4667 4.50848
    endloop
  endfacet
  facet normal 0.446792 -0.867832 0.217357
    outer loop
      vertex 84.2 28.4627 12.7406
      vertex 81.2 26.9915 13.0333
      vertex 81.2 26.7328 12.0004
    endloop
  endfacet
  facet normal 0.446778 -0.842346 0.301402
    outer loop
      vertex 84.2 27.7599 10.4239
      vertex 84.2 28.1682 11.565
      vertex 81.2 26.7328 12.0004
    endloop
  endfacet
  facet normal 0.446781 0.842344 0.301404
    outer loop
      vertex 84.2 4.94009 10.4239
      vertex 81.2 6.32591 10.9979
      vertex 81.2 5.9672 12.0004
    endloop
  endfacet
  facet normal 0.446781 -0.767353 0.459951
    outer loop
      vertex 84.2 26.6186 8.28871
      vertex 84.2 27.2417 9.32825
      vertex 81.2 25.3714 9.12206
    endloop
  endfacet
  facet normal 0.44678 0.808755 0.382495
    outer loop
      vertex 84.2 4.94009 10.4239
      vertex 84.2 5.45827 9.32825
      vertex 81.2 6.32591 10.9979
    endloop
  endfacet
  facet normal 0.44678 -0.662891 0.600803
    outer loop
      vertex 84.2 25.0828 6.41723
      vertex 84.2 25.8967 7.31524
      vertex 81.2 24.7372 8.26683
    endloop
  endfacet
  facet normal 0.446782 -0.80874 0.382526
    outer loop
      vertex 84.2 27.2417 9.32825
      vertex 81.2 26.3741 10.9979
      vertex 81.2 25.9188 10.0353
    endloop
  endfacet
  facet normal 0.446846 -0.893521 0.0441455
    outer loop
      vertex 84.2 28.6405 13.9395
      vertex 84.2 28.6509 14.15
      vertex 83.6783 28.39 14.15
    endloop
  endfacet
  facet normal 0.446762 -0.884961 0.131332
    outer loop
      vertex 84.2 28.6405 13.9395
      vertex 81.2 27.1478 14.0865
      vertex 81.2 26.9915 13.0333
    endloop
  endfacet
  facet normal 0.446774 -0.382493 0.80876
    outer loop
      vertex 84.2 22.1717 4.25827
      vertex 81.2 21.4647 5.58116
      vertex 81.2 20.5021 5.12591
    endloop
  endfacet
  facet normal 0.446781 0.217393 0.867829
    outer loop
      vertex 84.2 12.765 3.33179
      vertex 84.2 13.9406 3.0373
      vertex 81.2 13.2004 4.7672
    endloop
  endfacet
  facet normal 0.446785 0.131264 0.884959
    outer loop
      vertex 84.2 13.9406 3.0373
      vertex 84.2 15.1395 2.85947
      vertex 81.2 14.2333 4.50848
    endloop
  endfacet
  facet normal 0.446778 -0.718618 0.532895
    outer loop
      vertex 84.2 25.8967 7.31524
      vertex 81.2 25.3714 9.12206
      vertex 81.2 24.7372 8.26683
    endloop
  endfacet
  facet normal 0.446789 -0.88496 0.131242
    outer loop
      vertex 84.2 28.4627 12.7406
      vertex 84.2 28.6405 13.9395
      vertex 81.2 26.9915 13.0333
    endloop
  endfacet
  facet normal 0.446782 -0.71861 0.532903
    outer loop
      vertex 84.2 25.8967 7.31524
      vertex 84.2 26.6186 8.28871
      vertex 81.2 25.3714 9.12206
    endloop
  endfacet
  facet normal 0.446783 0.043901 0.893565
    outer loop
      vertex 84.2 15.1395 2.85947
      vertex 81.2 16.35 4.3
      vertex 81.2 15.2865 4.35225
    endloop
  endfacet
  facet normal 0.446782 -0.131273 0.884959
    outer loop
      vertex 84.2 17.5605 2.85947
      vertex 81.2 18.4667 4.50848
      vertex 81.2 17.4135 4.35225
    endloop
  endfacet
  facet normal 0.446783 -0.043901 0.893565
    outer loop
      vertex 84.2 17.5605 2.85947
      vertex 81.2 17.4135 4.35225
      vertex 81.2 16.35 4.3
    endloop
  endfacet
  facet normal 0.446782 0.662888 0.600804
    outer loop
      vertex 84.2 7.61723 6.41723
      vertex 81.2 8.67789 7.47789
      vertex 81.2 7.96284 8.26683
    endloop
  endfacet
  facet normal 0.446778 0.767357 0.459949
    outer loop
      vertex 84.2 5.45827 9.32825
      vertex 81.2 7.32855 9.12206
      vertex 81.2 6.78116 10.0353
    endloop
  endfacet
  facet normal 0.446782 0.884959 0.131273
    outer loop
      vertex 84.2 4.05947 13.9395
      vertex 81.2 5.70848 13.0333
      vertex 81.2 5.55225 14.0865
    endloop
  endfacet
  facet normal 0.446779 -0.867828 0.2174
    outer loop
      vertex 84.2 28.1682 11.565
      vertex 84.2 28.4627 12.7406
      vertex 81.2 26.7328 12.0004
    endloop
  endfacet
  facet normal 0.44679 -0.662864 0.600824
    outer loop
      vertex 84.2 25.0828 6.41723
      vertex 81.2 24.7372 8.26683
      vertex 81.2 24.0221 7.47789
    endloop
  endfacet
  facet normal 0.446789 -0.600818 0.66287
    outer loop
      vertex 84.2 25.0828 6.41723
      vertex 81.2 24.0221 7.47789
      vertex 81.2 23.2332 6.76284
    endloop
  endfacet
  facet normal -0 0.671557 0.740953
    outer loop
      vertex 74.2 9.46683 6.76284
      vertex 81.2 8.67789 7.47789
      vertex 81.2 9.46683 6.76284
    endloop
  endfacet
  facet normal 0 0.671557 0.740953
    outer loop
      vertex 81.2 8.67789 7.47789
      vertex 74.2 9.46683 6.76284
      vertex 74.2 8.67789 7.47789
    endloop
  endfacet
  facet normal -0 0.242973 0.970033
    outer loop
      vertex 74.2 14.2333 4.50848
      vertex 81.2 13.2004 4.7672
      vertex 81.2 14.2333 4.50848
    endloop
  endfacet
  facet normal 0 0.242973 0.970033
    outer loop
      vertex 81.2 13.2004 4.7672
      vertex 74.2 14.2333 4.50848
      vertex 74.2 13.2004 4.7672
    endloop
  endfacet
  facet normal 0 -0.941544 0.33689
    outer loop
      vertex 74.2 26.3741 10.9979
      vertex 81.2 26.7328 12.0004
      vertex 74.2 26.7328 12.0004
    endloop
  endfacet
  facet normal 0 -0.941544 0.33689
    outer loop
      vertex 81.2 26.7328 12.0004
      vertex 74.2 26.3741 10.9979
      vertex 81.2 26.3741 10.9979
    endloop
  endfacet
  facet normal -0 0.049071 0.998795
    outer loop
      vertex 74.2 16.35 4.3
      vertex 81.2 15.2865 4.35225
      vertex 81.2 16.35 4.3
    endloop
  endfacet
  facet normal 0 0.049071 0.998795
    outer loop
      vertex 81.2 15.2865 4.35225
      vertex 74.2 16.35 4.3
      vertex 74.2 15.2865 4.35225
    endloop
  endfacet
  facet normal 0 -0.740929 0.671583
    outer loop
      vertex 74.2 24.0221 7.47789
      vertex 81.2 24.7372 8.26683
      vertex 74.2 24.7372 8.26683
    endloop
  endfacet
  facet normal 0 -0.740929 0.671583
    outer loop
      vertex 81.2 24.7372 8.26683
      vertex 74.2 24.0221 7.47789
      vertex 81.2 24.0221 7.47789
    endloop
  endfacet
  facet normal -0 0.427535 0.903999
    outer loop
      vertex 74.2 12.1979 5.12591
      vertex 81.2 11.2353 5.58116
      vertex 81.2 12.1979 5.12591
    endloop
  endfacet
  facet normal 0 0.427535 0.903999
    outer loop
      vertex 81.2 11.2353 5.58116
      vertex 74.2 12.1979 5.12591
      vertex 74.2 11.2353 5.58116
    endloop
  endfacet
  facet normal 0 -0.903981 0.427574
    outer loop
      vertex 74.2 25.9188 10.0353
      vertex 81.2 26.3741 10.9979
      vertex 74.2 26.3741 10.9979
    endloop
  endfacet
  facet normal 0 -0.903981 0.427574
    outer loop
      vertex 81.2 26.3741 10.9979
      vertex 74.2 25.9188 10.0353
      vertex 81.2 25.9188 10.0353
    endloop
  endfacet
  facet normal 0 -0.99881 0.0487608
    outer loop
      vertex 74.2 27.1478 14.0865
      vertex 81.2 27.1509 14.15
      vertex 74.2 27.1509 14.15
    endloop
  endfacet
  facet normal 0 -0.99881 0.0487608
    outer loop
      vertex 81.2 27.1509 14.15
      vertex 74.2 27.1478 14.0865
      vertex 81.2 27.1478 14.0865
    endloop
  endfacet
  facet normal 0 0.740953 0.671557
    outer loop
      vertex 81.2 8.67789 7.47789
      vertex 74.2 7.96284 8.26683
      vertex 81.2 7.96284 8.26683
    endloop
  endfacet
  facet normal 0 0.740953 0.671557
    outer loop
      vertex 74.2 7.96284 8.26683
      vertex 81.2 8.67789 7.47789
      vertex 74.2 8.67789 7.47789
    endloop
  endfacet
  facet normal 0 0.857722 0.514113
    outer loop
      vertex 81.2 7.32855 9.12206
      vertex 74.2 6.78116 10.0353
      vertex 81.2 6.78116 10.0353
    endloop
  endfacet
  facet normal 0 0.857722 0.514113
    outer loop
      vertex 74.2 6.78116 10.0353
      vertex 81.2 7.32855 9.12206
      vertex 74.2 7.32855 9.12206
    endloop
  endfacet
  facet normal 0 -0.242973 0.970033
    outer loop
      vertex 74.2 19.4996 4.7672
      vertex 81.2 18.4667 4.50848
      vertex 81.2 19.4996 4.7672
    endloop
  endfacet
  facet normal 0 -0.242973 0.970033
    outer loop
      vertex 81.2 18.4667 4.50848
      vertex 74.2 19.4996 4.7672
      vertex 74.2 18.4667 4.50848
    endloop
  endfacet
  facet normal -0 0.595686 0.803217
    outer loop
      vertex 74.2 10.3221 6.12855
      vertex 81.2 9.46683 6.76284
      vertex 81.2 10.3221 6.12855
    endloop
  endfacet
  facet normal 0 0.595686 0.803217
    outer loop
      vertex 81.2 9.46683 6.76284
      vertex 74.2 10.3221 6.12855
      vertex 74.2 9.46683 6.76284
    endloop
  endfacet
  facet normal 0 0.803204 0.595704
    outer loop
      vertex 81.2 7.96284 8.26683
      vertex 74.2 7.32855 9.12206
      vertex 81.2 7.32855 9.12206
    endloop
  endfacet
  facet normal 0 0.803204 0.595704
    outer loop
      vertex 74.2 7.32855 9.12206
      vertex 81.2 7.96284 8.26683
      vertex 74.2 7.96284 8.26683
    endloop
  endfacet
  facet normal 0 0.903999 0.427535
    outer loop
      vertex 81.2 6.78116 10.0353
      vertex 74.2 6.32591 10.9979
      vertex 81.2 6.32591 10.9979
    endloop
  endfacet
  facet normal 0 0.903999 0.427535
    outer loop
      vertex 74.2 6.32591 10.9979
      vertex 81.2 6.78116 10.0353
      vertex 74.2 6.78116 10.0353
    endloop
  endfacet
  facet normal 0 0.998795 0.0490747
    outer loop
      vertex 81.2 5.55225 14.0865
      vertex 74.2 5.54913 14.15
      vertex 81.2 5.54913 14.15
    endloop
  endfacet
  facet normal 0 0.998795 0.0490747
    outer loop
      vertex 74.2 5.54913 14.15
      vertex 81.2 5.55225 14.0865
      vertex 74.2 5.55225 14.0865
    endloop
  endfacet
  facet normal -0 0.146733 0.989176
    outer loop
      vertex 74.2 15.2865 4.35225
      vertex 81.2 14.2333 4.50848
      vertex 81.2 15.2865 4.35225
    endloop
  endfacet
  facet normal 0 0.146733 0.989176
    outer loop
      vertex 81.2 14.2333 4.50848
      vertex 74.2 15.2865 4.35225
      vertex 74.2 14.2333 4.50848
    endloop
  endfacet
  facet normal 0 -0.146733 0.989176
    outer loop
      vertex 74.2 18.4667 4.50848
      vertex 81.2 17.4135 4.35225
      vertex 81.2 18.4667 4.50848
    endloop
  endfacet
  facet normal 0 -0.146733 0.989176
    outer loop
      vertex 81.2 17.4135 4.35225
      vertex 74.2 18.4667 4.50848
      vertex 74.2 17.4135 4.35225
    endloop
  endfacet
  facet normal 0 -0.427535 0.903999
    outer loop
      vertex 74.2 21.4647 5.58116
      vertex 81.2 20.5021 5.12591
      vertex 81.2 21.4647 5.58116
    endloop
  endfacet
  facet normal 0 -0.427535 0.903999
    outer loop
      vertex 81.2 20.5021 5.12591
      vertex 74.2 21.4647 5.58116
      vertex 74.2 20.5021 5.12591
    endloop
  endfacet
  facet normal 0 -0.049071 0.998795
    outer loop
      vertex 74.2 17.4135 4.35225
      vertex 81.2 16.35 4.3
      vertex 81.2 17.4135 4.35225
    endloop
  endfacet
  facet normal 0 -0.049071 0.998795
    outer loop
      vertex 81.2 16.35 4.3
      vertex 74.2 17.4135 4.35225
      vertex 74.2 16.35 4.3
    endloop
  endfacet
  facet normal 0 -0.671576 0.740936
    outer loop
      vertex 74.2 24.0221 7.47789
      vertex 81.2 23.2332 6.76284
      vertex 81.2 24.0221 7.47789
    endloop
  endfacet
  facet normal 0 -0.671576 0.740936
    outer loop
      vertex 81.2 23.2332 6.76284
      vertex 74.2 24.0221 7.47789
      vertex 74.2 23.2332 6.76284
    endloop
  endfacet
  facet normal 0 -0.970037 0.242955
    outer loop
      vertex 74.2 26.7328 12.0004
      vertex 81.2 26.9915 13.0333
      vertex 74.2 26.9915 13.0333
    endloop
  endfacet
  facet normal 0 -0.970037 0.242955
    outer loop
      vertex 81.2 26.9915 13.0333
      vertex 74.2 26.7328 12.0004
      vertex 81.2 26.7328 12.0004
    endloop
  endfacet
  facet normal 0 -0.989167 0.146797
    outer loop
      vertex 74.2 26.9915 13.0333
      vertex 81.2 27.1478 14.0865
      vertex 74.2 27.1478 14.0865
    endloop
  endfacet
  facet normal 0 -0.989167 0.146797
    outer loop
      vertex 81.2 27.1478 14.0865
      vertex 74.2 26.9915 13.0333
      vertex 81.2 26.9915 13.0333
    endloop
  endfacet
  facet normal -0 0.336898 0.941541
    outer loop
      vertex 74.2 13.2004 4.7672
      vertex 81.2 12.1979 5.12591
      vertex 81.2 13.2004 4.7672
    endloop
  endfacet
  facet normal 0 0.336898 0.941541
    outer loop
      vertex 81.2 12.1979 5.12591
      vertex 74.2 13.2004 4.7672
      vertex 74.2 12.1979 5.12591
    endloop
  endfacet
  facet normal 0 -0.595673 0.803227
    outer loop
      vertex 74.2 23.2332 6.76284
      vertex 81.2 22.3779 6.12855
      vertex 81.2 23.2332 6.76284
    endloop
  endfacet
  facet normal 0 -0.595673 0.803227
    outer loop
      vertex 81.2 22.3779 6.12855
      vertex 74.2 23.2332 6.76284
      vertex 74.2 22.3779 6.12855
    endloop
  endfacet
  facet normal 0 -0.51413 0.857712
    outer loop
      vertex 74.2 22.3779 6.12855
      vertex 81.2 21.4647 5.58116
      vertex 81.2 22.3779 6.12855
    endloop
  endfacet
  facet normal 0 -0.51413 0.857712
    outer loop
      vertex 81.2 21.4647 5.58116
      vertex 74.2 22.3779 6.12855
      vertex 74.2 21.4647 5.58116
    endloop
  endfacet
  facet normal 0 -0.336898 0.941541
    outer loop
      vertex 74.2 20.5021 5.12591
      vertex 81.2 19.4996 4.7672
      vertex 81.2 20.5021 5.12591
    endloop
  endfacet
  facet normal 0 -0.336898 0.941541
    outer loop
      vertex 81.2 19.4996 4.7672
      vertex 74.2 20.5021 5.12591
      vertex 74.2 19.4996 4.7672
    endloop
  endfacet
  facet normal 0 0.989176 0.146733
    outer loop
      vertex 81.2 5.70848 13.0333
      vertex 74.2 5.55225 14.0865
      vertex 81.2 5.55225 14.0865
    endloop
  endfacet
  facet normal 0 0.989176 0.146733
    outer loop
      vertex 74.2 5.55225 14.0865
      vertex 81.2 5.70848 13.0333
      vertex 74.2 5.70848 13.0333
    endloop
  endfacet
  facet normal -0 0.51413 0.857712
    outer loop
      vertex 74.2 11.2353 5.58116
      vertex 81.2 10.3221 6.12855
      vertex 81.2 11.2353 5.58116
    endloop
  endfacet
  facet normal 0 0.51413 0.857712
    outer loop
      vertex 81.2 10.3221 6.12855
      vertex 74.2 11.2353 5.58116
      vertex 74.2 10.3221 6.12855
    endloop
  endfacet
  facet normal 0 -0.803244 0.59565
    outer loop
      vertex 74.2 24.7372 8.26683
      vertex 81.2 25.3714 9.12206
      vertex 74.2 25.3714 9.12206
    endloop
  endfacet
  facet normal 0 -0.803244 0.59565
    outer loop
      vertex 81.2 25.3714 9.12206
      vertex 74.2 24.7372 8.26683
      vertex 81.2 24.7372 8.26683
    endloop
  endfacet
  facet normal 0 0.970033 0.242973
    outer loop
      vertex 81.2 5.9672 12.0004
      vertex 74.2 5.70848 13.0333
      vertex 81.2 5.70848 13.0333
    endloop
  endfacet
  facet normal 0 0.970033 0.242973
    outer loop
      vertex 74.2 5.70848 13.0333
      vertex 81.2 5.9672 12.0004
      vertex 74.2 5.9672 12.0004
    endloop
  endfacet
  facet normal 0 -0.857718 0.51412
    outer loop
      vertex 74.2 25.3714 9.12206
      vertex 81.2 25.9188 10.0353
      vertex 74.2 25.9188 10.0353
    endloop
  endfacet
  facet normal 0 -0.857718 0.51412
    outer loop
      vertex 81.2 25.9188 10.0353
      vertex 74.2 25.3714 9.12206
      vertex 81.2 25.3714 9.12206
    endloop
  endfacet
  facet normal 0 0.941541 0.336898
    outer loop
      vertex 81.2 6.32591 10.9979
      vertex 74.2 5.9672 12.0004
      vertex 81.2 5.9672 12.0004
    endloop
  endfacet
  facet normal 0 0.941541 0.336898
    outer loop
      vertex 74.2 5.9672 12.0004
      vertex 81.2 6.32591 10.9979
      vertex 74.2 6.32591 10.9979
    endloop
  endfacet
  facet normal 0 0 0
    outer loop
      vertex 74.2 28.7 2.8
      vertex 74.2 28.7 14.15
      vertex 74.2 28.7 15.15
    endloop
  endfacet
  facet normal -1 0 0
    outer loop
      vertex 74.2 26.3741 10.9979
      vertex 74.2 28.7 14.15
      vertex 74.2 28.7 2.8
    endloop
  endfacet
  facet normal -1 -0 0
    outer loop
      vertex 74.2 28.7 14.15
      vertex 74.2 27.1478 14.0865
      vertex 74.2 27.1509 14.15
    endloop
  endfacet
  facet normal -1 0 0
    outer loop
      vertex 74.2 28.7 14.15
      vertex 74.2 26.9915 13.0333
      vertex 74.2 27.1478 14.0865
    endloop
  endfacet
  facet normal -1 0 0
    outer loop
      vertex 74.2 28.7 14.15
      vertex 74.2 26.7328 12.0004
      vertex 74.2 26.9915 13.0333
    endloop
  endfacet
  facet normal -1 0 0
    outer loop
      vertex 74.2 28.7 14.15
      vertex 74.2 26.3741 10.9979
      vertex 74.2 26.7328 12.0004
    endloop
  endfacet
  facet normal -1 0 0
    outer loop
      vertex 74.2 28.7 2.8
      vertex 74.2 25.9188 10.0353
      vertex 74.2 26.3741 10.9979
    endloop
  endfacet
  facet normal -1 0 0
    outer loop
      vertex 74.2 28.7 2.8
      vertex 74.2 25.3714 9.12206
      vertex 74.2 25.9188 10.0353
    endloop
  endfacet
  facet normal -1 0 0
    outer loop
      vertex 74.2 28.7 2.8
      vertex 74.2 24.7372 8.26683
      vertex 74.2 25.3714 9.12206
    endloop
  endfacet
  facet normal -1 0 0
    outer loop
      vertex 74.2 28.7 2.8
      vertex 74.2 24.0221 7.47789
      vertex 74.2 24.7372 8.26683
    endloop
  endfacet
  facet normal -1 0 0
    outer loop
      vertex 74.2 28.7 2.8
      vertex 74.2 23.2332 6.76284
      vertex 74.2 24.0221 7.47789
    endloop
  endfacet
  facet normal -1 0 0
    outer loop
      vertex 74.2 28.7 2.8
      vertex 74.2 22.3779 6.12855
      vertex 74.2 23.2332 6.76284
    endloop
  endfacet
  facet normal -1 0 0
    outer loop
      vertex 74.2 28.7 2.8
      vertex 74.2 21.4647 5.58116
      vertex 74.2 22.3779 6.12855
    endloop
  endfacet
  facet normal -1 0 0
    outer loop
      vertex 74.2 28.7 2.8
      vertex 74.2 20.5021 5.12591
      vertex 74.2 21.4647 5.58116
    endloop
  endfacet
  facet normal -1 0 0
    outer loop
      vertex 74.2 28.7 2.8
      vertex 74.2 19.4996 4.7672
      vertex 74.2 20.5021 5.12591
    endloop
  endfacet
  facet normal -1 0 0
    outer loop
      vertex 74.2 28.7 2.8
      vertex 74.2 18.4667 4.50848
      vertex 74.2 19.4996 4.7672
    endloop
  endfacet
  facet normal -1 0 0
    outer loop
      vertex 74.2 28.7 2.8
      vertex 74.2 17.4135 4.35225
      vertex 74.2 18.4667 4.50848
    endloop
  endfacet
  facet normal -1 0 0
    outer loop
      vertex 74.2 28.7 2.8
      vertex 74.2 16.35 4.3
      vertex 74.2 17.4135 4.35225
    endloop
  endfacet
  facet normal -1 0 0
    outer loop
      vertex 74.2 3 2.8
      vertex 74.2 16.35 4.3
      vertex 74.2 28.7 2.8
    endloop
  endfacet
  facet normal -1 0 0
    outer loop
      vertex 74.2 5.55225 14.0865
      vertex 74.2 4 14.15
      vertex 74.2 5.54913 14.15
    endloop
  endfacet
  facet normal -1 0 0
    outer loop
      vertex 74.2 5.70848 13.0333
      vertex 74.2 4 14.15
      vertex 74.2 5.55225 14.0865
    endloop
  endfacet
  facet normal -1 0 0
    outer loop
      vertex 74.2 5.9672 12.0004
      vertex 74.2 4 14.15
      vertex 74.2 5.70848 13.0333
    endloop
  endfacet
  facet normal -1 0 0
    outer loop
      vertex 74.2 6.32591 10.9979
      vertex 74.2 4 14.15
      vertex 74.2 5.9672 12.0004
    endloop
  endfacet
  facet normal -1 0 0
    outer loop
      vertex 74.2 3 2.8
      vertex 74.2 6.32591 10.9979
      vertex 74.2 6.78116 10.0353
    endloop
  endfacet
  facet normal -1 0 0
    outer loop
      vertex 74.2 3 2.8
      vertex 74.2 6.78116 10.0353
      vertex 74.2 7.32855 9.12206
    endloop
  endfacet
  facet normal -1 -0 0
    outer loop
      vertex 74.2 16.35 4.3
      vertex 74.2 3 2.8
      vertex 74.2 15.2865 4.35225
    endloop
  endfacet
  facet normal -1 0 0
    outer loop
      vertex 74.2 3 2.8
      vertex 74.2 14.2333 4.50848
      vertex 74.2 15.2865 4.35225
    endloop
  endfacet
  facet normal -1 0 0
    outer loop
      vertex 74.2 3 2.8
      vertex 74.2 13.2004 4.7672
      vertex 74.2 14.2333 4.50848
    endloop
  endfacet
  facet normal -1 0 0
    outer loop
      vertex 74.2 3 2.8
      vertex 74.2 12.1979 5.12591
      vertex 74.2 13.2004 4.7672
    endloop
  endfacet
  facet normal -1 0 0
    outer loop
      vertex 74.2 3 2.8
      vertex 74.2 11.2353 5.58116
      vertex 74.2 12.1979 5.12591
    endloop
  endfacet
  facet normal -1 0 0
    outer loop
      vertex 74.2 3 2.8
      vertex 74.2 10.3221 6.12855
      vertex 74.2 11.2353 5.58116
    endloop
  endfacet
  facet normal -1 0 0
    outer loop
      vertex 74.2 3 2.8
      vertex 74.2 9.46683 6.76284
      vertex 74.2 10.3221 6.12855
    endloop
  endfacet
  facet normal -1 0 0
    outer loop
      vertex 74.2 3 2.8
      vertex 74.2 8.67789 7.47789
      vertex 74.2 9.46683 6.76284
    endloop
  endfacet
  facet normal -1 0 0
    outer loop
      vertex 74.2 3 2.8
      vertex 74.2 7.96284 8.26683
      vertex 74.2 8.67789 7.47789
    endloop
  endfacet
  facet normal -1 0 0
    outer loop
      vertex 74.2 3 2.8
      vertex 74.2 7.32855 9.12206
      vertex 74.2 7.96284 8.26683
    endloop
  endfacet
  facet normal -1 -0 0
    outer loop
      vertex 74.2 6.32591 10.9979
      vertex 74.2 3 2.8
      vertex 74.2 4 14.15
    endloop
  endfacet
  facet normal -1 0 0
    outer loop
      vertex 74.2 3 15.15
      vertex 74.2 4 14.15
      vertex 74.2 3 2.8
    endloop
  endfacet
  facet normal -1 0 0
    outer loop
      vertex 74.2 4 14.15
      vertex 74.2 3 15.15
      vertex 74.2 4 15.15
    endloop
  endfacet
  facet normal -0 0 1
    outer loop
      vertex 93.8 5.54913 14.15
      vertex 125.8 4 14.15
      vertex 125.8 5.54913 14.15
    endloop
  endfacet
  facet normal -0 0 1
    outer loop
      vertex 91.3217 4.30998 14.15
      vertex 125.8 4 14.15
      vertex 93.8 5.54913 14.15
    endloop
  endfacet
  facet normal -0 0 1
    outer loop
      vertex 90.8 4.04913 14.15
      vertex 125.8 4 14.15
      vertex 91.3217 4.30998 14.15
    endloop
  endfacet
  facet normal -0 0 1
    outer loop
      vertex 84.2 4.04913 14.15
      vertex 125.8 4 14.15
      vertex 90.8 4.04913 14.15
    endloop
  endfacet
  facet normal 0 0 1
    outer loop
      vertex 74.2 4 14.15
      vertex 83.6783 4.30998 14.15
      vertex 81.2 5.54913 14.15
    endloop
  endfacet
  facet normal 0 0 1
    outer loop
      vertex 74.2 4 14.15
      vertex 81.2 5.54913 14.15
      vertex 74.2 5.54913 14.15
    endloop
  endfacet
  facet normal 0 0 1
    outer loop
      vertex 84.2 4.04913 14.15
      vertex 74.2 4 14.15
      vertex 125.8 4 14.15
    endloop
  endfacet
  facet normal 0 0 1
    outer loop
      vertex 83.6783 4.30998 14.15
      vertex 74.2 4 14.15
      vertex 84.2 4.04913 14.15
    endloop
  endfacet
  facet normal 0 0 1
    outer loop
      vertex 125.8 28.7 14.15
      vertex 93.8 27.1509 14.15
      vertex 125.8 27.1509 14.15
    endloop
  endfacet
  facet normal 0 0 1
    outer loop
      vertex 125.8 28.7 14.15
      vertex 91.3217 28.39 14.15
      vertex 93.8 27.1509 14.15
    endloop
  endfacet
  facet normal 0 0 1
    outer loop
      vertex 125.8 28.7 14.15
      vertex 90.8 28.6509 14.15
      vertex 91.3217 28.39 14.15
    endloop
  endfacet
  facet normal 0 0 1
    outer loop
      vertex 125.8 28.7 14.15
      vertex 84.2 28.6509 14.15
      vertex 90.8 28.6509 14.15
    endloop
  endfacet
  facet normal 0 0 1
    outer loop
      vertex 74.2 28.7 14.15
      vertex 83.6783 28.39 14.15
      vertex 84.2 28.6509 14.15
    endloop
  endfacet
  facet normal -0 0 1
    outer loop
      vertex 74.2 28.7 14.15
      vertex 84.2 28.6509 14.15
      vertex 125.8 28.7 14.15
    endloop
  endfacet
  facet normal 0 0 1
    outer loop
      vertex 83.6783 28.39 14.15
      vertex 74.2 28.7 14.15
      vertex 81.2 27.1509 14.15
    endloop
  endfacet
  facet normal 0 0 1
    outer loop
      vertex 81.2 27.1509 14.15
      vertex 74.2 28.7 14.15
      vertex 74.2 27.1509 14.15
    endloop
  endfacet
  facet normal 0 1 -0
    outer loop
      vertex 125.8 4 14.15
      vertex 113.55 4 15.15
      vertex 125.8 4 15.15
    endloop
  endfacet
  facet normal 0 1 0
    outer loop
      vertex 113.55 4 15.15
      vertex 125.8 4 14.15
      vertex 95.05 4 15.15
    endloop
  endfacet
  facet normal 0 1 0
    outer loop
      vertex 74.2 4 14.15
      vertex 95.05 4 15.15
      vertex 125.8 4 14.15
    endloop
  endfacet
  facet normal 0 1 0
    outer loop
      vertex 95.05 4 15.15
      vertex 74.2 4 14.15
      vertex 74.2 4 15.15
    endloop
  endfacet
  facet normal 0 1 -0
    outer loop
      vertex 113.55 4 15.15
      vertex 95.05 4 15.4
      vertex 113.55 4 15.4
    endloop
  endfacet
  facet normal 0 1 0
    outer loop
      vertex 95.05 4 15.4
      vertex 113.55 4 15.15
      vertex 95.05 4 15.15
    endloop
  endfacet
  facet normal 0 0 1
    outer loop
      vertex 95.05 4 15.15
      vertex 74.2 4 15.15
      vertex 95.05 3.5 15.15
    endloop
  endfacet
  facet normal 0 0 1
    outer loop
      vertex 113.55 3.5 15.15
      vertex 125.8 4 15.15
      vertex 113.55 4 15.15
    endloop
  endfacet
  facet normal 0 0 1
    outer loop
      vertex 125.8 4 15.15
      vertex 113.55 3.5 15.15
      vertex 125.8 3 15.15
    endloop
  endfacet
  facet normal -0 0 1
    outer loop
      vertex 95.05 3.5 15.15
      vertex 125.8 3 15.15
      vertex 113.55 3.5 15.15
    endloop
  endfacet
  facet normal 0 0 1
    outer loop
      vertex 95.05 3.5 15.15
      vertex 74.2 3 15.15
      vertex 125.8 3 15.15
    endloop
  endfacet
  facet normal 0 0 1
    outer loop
      vertex 74.2 3 15.15
      vertex 95.05 3.5 15.15
      vertex 74.2 4 15.15
    endloop
  endfacet
  facet normal 0 -1 0
    outer loop
      vertex 74.2 3 2.8
      vertex 125.8 3 15.15
      vertex 74.2 3 15.15
    endloop
  endfacet
  facet normal 0 -1 -0
    outer loop
      vertex 125.8 3 15.15
      vertex 74.2 3 2.8
      vertex 125.8 3 2.8
    endloop
  endfacet
  facet normal -0 0 1
    outer loop
      vertex 95.05 4 15.4
      vertex 113.55 3.5 15.4
      vertex 113.55 4 15.4
    endloop
  endfacet
  facet normal 0 0 1
    outer loop
      vertex 113.55 3.5 15.4
      vertex 95.05 4 15.4
      vertex 95.05 3.5 15.4
    endloop
  endfacet
  facet normal 1 -0 0
    outer loop
      vertex 113.55 3.5 15.4
      vertex 113.55 4 15.15
      vertex 113.55 4 15.4
    endloop
  endfacet
  facet normal 1 0 0
    outer loop
      vertex 113.55 4 15.15
      vertex 113.55 3.5 15.4
      vertex 113.55 3.5 15.15
    endloop
  endfacet
  facet normal 0 -1 0
    outer loop
      vertex 95.05 3.5 15.15
      vertex 113.55 3.5 15.4
      vertex 95.05 3.5 15.4
    endloop
  endfacet
  facet normal 0 -1 -0
    outer loop
      vertex 113.55 3.5 15.4
      vertex 95.05 3.5 15.15
      vertex 113.55 3.5 15.15
    endloop
  endfacet
  facet normal -1 0 0
    outer loop
      vertex 95.05 3.5 15.15
      vertex 95.05 4 15.4
      vertex 95.05 4 15.15
    endloop
  endfacet
  facet normal -1 -0 0
    outer loop
      vertex 95.05 4 15.4
      vertex 95.05 3.5 15.15
      vertex 95.05 3.5 15.4
    endloop
  endfacet
  facet normal -0 0 1
    outer loop
      vertex -113.8 -28.1 23.75
      vertex -38.4333 -31.7 23.75
      vertex -38.4333 -28.1 23.75
    endloop
  endfacet
  facet normal 0 0 1
    outer loop
      vertex -38.4333 -31.7 23.75
      vertex -113.8 -28.1 23.75
      vertex -113.8 -31.7 23.75
    endloop
  endfacet
  facet normal 0 0 -1
    outer loop
      vertex -113.8 -28.7 18.9
      vertex -38.4333 -28.1 18.9
      vertex -38.4333 -28.7 18.9
    endloop
  endfacet
  facet normal -0 0 -1
    outer loop
      vertex -38.4333 -28.1 18.9
      vertex -113.8 -28.7 18.9
      vertex -113.8 -28.1 18.9
    endloop
  endfacet
  facet normal -1 0 0
    outer loop
      vertex -113.8 -31.8372 20.8567
      vertex -113.8 -31.7 23.65
      vertex -113.8 -31.7 20.85
    endloop
  endfacet
  facet normal -1 0 0
    outer loop
      vertex -113.8 -31.8372 20.8567
      vertex -113.8 -31.8372 23.6433
      vertex -113.8 -31.7 23.65
    endloop
  endfacet
  facet normal -1 0 0
    outer loop
      vertex -113.8 -31.9731 20.8769
      vertex -113.8 -31.8372 23.6433
      vertex -113.8 -31.8372 20.8567
    endloop
  endfacet
  facet normal -1 0 0
    outer loop
      vertex -113.8 -31.9731 20.8769
      vertex -113.8 -31.9731 23.6231
      vertex -113.8 -31.8372 23.6433
    endloop
  endfacet
  facet normal -1 0 0
    outer loop
      vertex -113.8 -32.1064 20.9103
      vertex -113.8 -31.9731 23.6231
      vertex -113.8 -31.9731 20.8769
    endloop
  endfacet
  facet normal -1 0 0
    outer loop
      vertex -113.8 -32.1064 20.9103
      vertex -113.8 -32.1064 23.5897
      vertex -113.8 -31.9731 23.6231
    endloop
  endfacet
  facet normal -1 0 0
    outer loop
      vertex -113.8 -32.2358 20.9566
      vertex -113.8 -32.1064 23.5897
      vertex -113.8 -32.1064 20.9103
    endloop
  endfacet
  facet normal -1 0 0
    outer loop
      vertex -113.8 -32.2358 20.9566
      vertex -113.8 -32.2358 23.5434
      vertex -113.8 -32.1064 23.5897
    endloop
  endfacet
  facet normal -1 0 0
    outer loop
      vertex -113.8 -32.36 21.0153
      vertex -113.8 -32.2358 23.5434
      vertex -113.8 -32.2358 20.9566
    endloop
  endfacet
  facet normal -1 0 0
    outer loop
      vertex -113.8 -32.36 21.0153
      vertex -113.8 -32.36 23.4847
      vertex -113.8 -32.2358 23.5434
    endloop
  endfacet
  facet normal -1 0 0
    outer loop
      vertex -113.8 -32.4778 21.0859
      vertex -113.8 -32.36 23.4847
      vertex -113.8 -32.36 21.0153
    endloop
  endfacet
  facet normal -1 0 0
    outer loop
      vertex -113.8 -32.4778 21.0859
      vertex -113.8 -32.4778 23.4141
      vertex -113.8 -32.36 23.4847
    endloop
  endfacet
  facet normal -1 0 0
    outer loop
      vertex -113.8 -32.5882 21.1678
      vertex -113.8 -32.4778 23.4141
      vertex -113.8 -32.4778 21.0859
    endloop
  endfacet
  facet normal -1 0 0
    outer loop
      vertex -113.8 -32.5882 21.1678
      vertex -113.8 -32.5882 23.3322
      vertex -113.8 -32.4778 23.4141
    endloop
  endfacet
  facet normal -1 0 0
    outer loop
      vertex -113.8 -32.6899 21.26
      vertex -113.8 -32.5882 23.3322
      vertex -113.8 -32.5882 21.1678
    endloop
  endfacet
  facet normal -1 0 0
    outer loop
      vertex -113.8 -32.6899 21.26
      vertex -113.8 -32.6899 23.2399
      vertex -113.8 -32.5882 23.3322
    endloop
  endfacet
  facet normal -1 0 0
    outer loop
      vertex -113.8 -32.7822 21.3618
      vertex -113.8 -32.6899 23.2399
      vertex -113.8 -32.6899 21.26
    endloop
  endfacet
  facet normal -1 0 0
    outer loop
      vertex -113.8 -32.7822 21.3618
      vertex -113.8 -32.7822 23.1381
      vertex -113.8 -32.6899 23.2399
    endloop
  endfacet
  facet normal -1 0 0
    outer loop
      vertex -113.8 -32.8641 21.4722
      vertex -113.8 -32.7822 23.1381
      vertex -113.8 -32.7822 21.3618
    endloop
  endfacet
  facet normal -1 0 0
    outer loop
      vertex -113.8 -32.8641 21.4722
      vertex -113.8 -32.8641 23.0278
      vertex -113.8 -32.7822 23.1381
    endloop
  endfacet
  facet normal -1 0 0
    outer loop
      vertex -113.8 -32.9347 21.59
      vertex -113.8 -32.8641 23.0278
      vertex -113.8 -32.8641 21.4722
    endloop
  endfacet
  facet normal -1 0 0
    outer loop
      vertex -113.8 -32.9347 21.59
      vertex -113.8 -32.9347 22.91
      vertex -113.8 -32.8641 23.0278
    endloop
  endfacet
  facet normal -1 0 0
    outer loop
      vertex -113.8 -32.9934 21.7142
      vertex -113.8 -32.9347 22.91
      vertex -113.8 -32.9347 21.59
    endloop
  endfacet
  facet normal -1 0 0
    outer loop
      vertex -113.8 -32.9934 21.7142
      vertex -113.8 -32.9934 22.7858
      vertex -113.8 -32.9347 22.91
    endloop
  endfacet
  facet normal -1 0 0
    outer loop
      vertex -113.8 -33.0397 21.8436
      vertex -113.8 -32.9934 22.7858
      vertex -113.8 -32.9934 21.7142
    endloop
  endfacet
  facet normal -1 0 0
    outer loop
      vertex -113.8 -33.0397 21.8436
      vertex -113.8 -33.0397 22.6564
      vertex -113.8 -32.9934 22.7858
    endloop
  endfacet
  facet normal -1 0 0
    outer loop
      vertex -113.8 -33.0731 21.9769
      vertex -113.8 -33.0397 22.6564
      vertex -113.8 -33.0397 21.8436
    endloop
  endfacet
  facet normal -1 0 0
    outer loop
      vertex -113.8 -33.0731 21.9769
      vertex -113.8 -33.0731 22.5231
      vertex -113.8 -33.0397 22.6564
    endloop
  endfacet
  facet normal -1 0 0
    outer loop
      vertex -113.8 -33.0933 22.1128
      vertex -113.8 -33.0731 22.5231
      vertex -113.8 -33.0731 21.9769
    endloop
  endfacet
  facet normal -1 0 0
    outer loop
      vertex -113.8 -33.0933 22.1128
      vertex -113.8 -33.0933 22.3872
      vertex -113.8 -33.0731 22.5231
    endloop
  endfacet
  facet normal -1 0 -0
    outer loop
      vertex -113.8 -33.0933 22.3872
      vertex -113.8 -33.0933 22.1128
      vertex -113.8 -33.1 22.25
    endloop
  endfacet
  facet normal -1 0 0
    outer loop
      vertex -113.8 -31.7 20.85
      vertex -113.8 -29.6 19.15
      vertex -113.8 -31.7 19.15
    endloop
  endfacet
  facet normal -1 0 0
    outer loop
      vertex -113.8 -28.7 19.15
      vertex -113.8 -28.1 18.9
      vertex -113.8 -28.7 18.9
    endloop
  endfacet
  facet normal -1 0 0
    outer loop
      vertex -113.8 -28.7 21.55
      vertex -113.8 -28.1 18.9
      vertex -113.8 -28.7 19.15
    endloop
  endfacet
  facet normal -1 0 0
    outer loop
      vertex -113.8 -28.1 18.9
      vertex -113.8 -28.7 21.55
      vertex -113.8 -28.1 23.75
    endloop
  endfacet
  facet normal -1 0 0
    outer loop
      vertex -113.8 -29.6 21.55
      vertex -113.8 -28.1 23.75
      vertex -113.8 -28.7 21.55
    endloop
  endfacet
  facet normal -1 0 0
    outer loop
      vertex -113.8 -29.6 19.15
      vertex -113.8 -31.7 20.85
      vertex -113.8 -29.6 21.55
    endloop
  endfacet
  facet normal -1 0 0
    outer loop
      vertex -113.8 -31.7 23.65
      vertex -113.8 -29.6 21.55
      vertex -113.8 -31.7 20.85
    endloop
  endfacet
  facet normal -1 0 0
    outer loop
      vertex -113.8 -29.6 21.55
      vertex -113.8 -31.7 23.65
      vertex -113.8 -28.1 23.75
    endloop
  endfacet
  facet normal -1 -0 0
    outer loop
      vertex -113.8 -28.1 23.75
      vertex -113.8 -31.7 23.65
      vertex -113.8 -31.7 23.75
    endloop
  endfacet
  facet normal 0 0 -0
    outer loop
      vertex -113.8 -29.6 19.15
      vertex -113.8 -28.7 19.15
      vertex -113.8 -31.7 19.15
    endloop
  endfacet
  facet normal 0 1 -0
    outer loop
      vertex -38.4333 -28.1 18.9
      vertex -113.8 -28.1 23.75
      vertex -38.4333 -28.1 23.75
    endloop
  endfacet
  facet normal 0 1 0
    outer loop
      vertex -113.8 -28.1 23.75
      vertex -38.4333 -28.1 18.9
      vertex -113.8 -28.1 18.9
    endloop
  endfacet
  facet normal 1 -0 0
    outer loop
      vertex 113.8 -31.8372 23.6433
      vertex 113.8 -31.7 20.85
      vertex 113.8 -31.7 23.65
    endloop
  endfacet
  facet normal 1 0 0
    outer loop
      vertex 113.8 -31.8372 23.6433
      vertex 113.8 -31.8372 20.8567
      vertex 113.8 -31.7 20.85
    endloop
  endfacet
  facet normal 1 -0 0
    outer loop
      vertex 113.8 -31.9731 23.6231
      vertex 113.8 -31.8372 20.8567
      vertex 113.8 -31.8372 23.6433
    endloop
  endfacet
  facet normal 1 0 0
    outer loop
      vertex 113.8 -31.9731 23.6231
      vertex 113.8 -31.9731 20.8769
      vertex 113.8 -31.8372 20.8567
    endloop
  endfacet
  facet normal 1 -0 0
    outer loop
      vertex 113.8 -32.1064 23.5897
      vertex 113.8 -31.9731 20.8769
      vertex 113.8 -31.9731 23.6231
    endloop
  endfacet
  facet normal 1 0 0
    outer loop
      vertex 113.8 -32.1064 23.5897
      vertex 113.8 -32.1064 20.9103
      vertex 113.8 -31.9731 20.8769
    endloop
  endfacet
  facet normal 1 -0 0
    outer loop
      vertex 113.8 -32.2358 23.5434
      vertex 113.8 -32.1064 20.9103
      vertex 113.8 -32.1064 23.5897
    endloop
  endfacet
  facet normal 1 0 0
    outer loop
      vertex 113.8 -32.2358 23.5434
      vertex 113.8 -32.2358 20.9566
      vertex 113.8 -32.1064 20.9103
    endloop
  endfacet
  facet normal 1 -0 0
    outer loop
      vertex 113.8 -32.36 23.4847
      vertex 113.8 -32.2358 20.9566
      vertex 113.8 -32.2358 23.5434
    endloop
  endfacet
  facet normal 1 0 0
    outer loop
      vertex 113.8 -32.36 23.4847
      vertex 113.8 -32.36 21.0153
      vertex 113.8 -32.2358 20.9566
    endloop
  endfacet
  facet normal 1 -0 0
    outer loop
      vertex 113.8 -32.4778 23.4141
      vertex 113.8 -32.36 21.0153
      vertex 113.8 -32.36 23.4847
    endloop
  endfacet
  facet normal 1 0 0
    outer loop
      vertex 113.8 -32.4778 23.4141
      vertex 113.8 -32.4778 21.0859
      vertex 113.8 -32.36 21.0153
    endloop
  endfacet
  facet normal 1 -0 0
    outer loop
      vertex 113.8 -32.5882 23.3322
      vertex 113.8 -32.4778 21.0859
      vertex 113.8 -32.4778 23.4141
    endloop
  endfacet
  facet normal 1 0 0
    outer loop
      vertex 113.8 -32.5882 23.3322
      vertex 113.8 -32.5882 21.1678
      vertex 113.8 -32.4778 21.0859
    endloop
  endfacet
  facet normal 1 -0 0
    outer loop
      vertex 113.8 -32.6899 23.2399
      vertex 113.8 -32.5882 21.1678
      vertex 113.8 -32.5882 23.3322
    endloop
  endfacet
  facet normal 1 0 0
    outer loop
      vertex 113.8 -32.6899 23.2399
      vertex 113.8 -32.6899 21.26
      vertex 113.8 -32.5882 21.1678
    endloop
  endfacet
  facet normal 1 -0 0
    outer loop
      vertex 113.8 -32.7822 23.1381
      vertex 113.8 -32.6899 21.26
      vertex 113.8 -32.6899 23.2399
    endloop
  endfacet
  facet normal 1 0 0
    outer loop
      vertex 113.8 -32.7822 23.1381
      vertex 113.8 -32.7822 21.3618
      vertex 113.8 -32.6899 21.26
    endloop
  endfacet
  facet normal 1 -0 0
    outer loop
      vertex 113.8 -32.8641 23.0278
      vertex 113.8 -32.7822 21.3618
      vertex 113.8 -32.7822 23.1381
    endloop
  endfacet
  facet normal 1 0 0
    outer loop
      vertex 113.8 -32.8641 23.0278
      vertex 113.8 -32.8641 21.4722
      vertex 113.8 -32.7822 21.3618
    endloop
  endfacet
  facet normal 1 -0 0
    outer loop
      vertex 113.8 -32.9347 22.91
      vertex 113.8 -32.8641 21.4722
      vertex 113.8 -32.8641 23.0278
    endloop
  endfacet
  facet normal 1 0 0
    outer loop
      vertex 113.8 -32.9347 22.91
      vertex 113.8 -32.9347 21.59
      vertex 113.8 -32.8641 21.4722
    endloop
  endfacet
  facet normal 1 -0 0
    outer loop
      vertex 113.8 -32.9934 22.7858
      vertex 113.8 -32.9347 21.59
      vertex 113.8 -32.9347 22.91
    endloop
  endfacet
  facet normal 1 0 0
    outer loop
      vertex 113.8 -32.9934 22.7858
      vertex 113.8 -32.9934 21.7142
      vertex 113.8 -32.9347 21.59
    endloop
  endfacet
  facet normal 1 -0 0
    outer loop
      vertex 113.8 -33.0397 22.6564
      vertex 113.8 -32.9934 21.7142
      vertex 113.8 -32.9934 22.7858
    endloop
  endfacet
  facet normal 1 0 0
    outer loop
      vertex 113.8 -33.0397 22.6564
      vertex 113.8 -33.0397 21.8436
      vertex 113.8 -32.9934 21.7142
    endloop
  endfacet
  facet normal 1 -0 0
    outer loop
      vertex 113.8 -33.0731 22.5231
      vertex 113.8 -33.0397 21.8436
      vertex 113.8 -33.0397 22.6564
    endloop
  endfacet
  facet normal 1 0 0
    outer loop
      vertex 113.8 -33.0731 22.5231
      vertex 113.8 -33.0731 21.9769
      vertex 113.8 -33.0397 21.8436
    endloop
  endfacet
  facet normal 1 -0 0
    outer loop
      vertex 113.8 -33.0933 22.3872
      vertex 113.8 -33.0731 21.9769
      vertex 113.8 -33.0731 22.5231
    endloop
  endfacet
  facet normal 1 0 0
    outer loop
      vertex 113.8 -33.0933 22.3872
      vertex 113.8 -33.0933 22.1128
      vertex 113.8 -33.0731 21.9769
    endloop
  endfacet
  facet normal 1 0 -0
    outer loop
      vertex 113.8 -33.0933 22.1128
      vertex 113.8 -33.0933 22.3872
      vertex 113.8 -33.1 22.25
    endloop
  endfacet
  facet normal 1 0 0
    outer loop
      vertex 113.8 -28.1 23.75
      vertex 113.8 -28.7 21.55
      vertex 113.8 -28.1 18.9
    endloop
  endfacet
  facet normal 1 0 0
    outer loop
      vertex 113.8 -28.1 23.75
      vertex 113.8 -29.6 21.55
      vertex 113.8 -28.7 21.55
    endloop
  endfacet
  facet normal 1 0 0
    outer loop
      vertex 113.8 -31.7 23.65
      vertex 113.8 -28.1 23.75
      vertex 113.8 -31.7 23.75
    endloop
  endfacet
  facet normal 1 0 0
    outer loop
      vertex 113.8 -28.1 23.75
      vertex 113.8 -31.7 23.65
      vertex 113.8 -29.6 21.55
    endloop
  endfacet
  facet normal 1 0 0
    outer loop
      vertex 113.8 -31.7 20.85
      vertex 113.8 -29.6 21.55
      vertex 113.8 -31.7 23.65
    endloop
  endfacet
  facet normal 1 0 0
    outer loop
      vertex 113.8 -29.6 21.55
      vertex 113.8 -31.7 20.85
      vertex 113.8 -29.6 19.15
    endloop
  endfacet
  facet normal 1 0 0
    outer loop
      vertex 113.8 -29.6 19.15
      vertex 113.8 -31.7 20.85
      vertex 113.8 -31.7 19.15
    endloop
  endfacet
  facet normal 1 -0 0
    outer loop
      vertex 113.8 -28.7 19.15
      vertex 113.8 -28.1 18.9
      vertex 113.8 -28.7 21.55
    endloop
  endfacet
  facet normal 1 0 0
    outer loop
      vertex 113.8 -28.1 18.9
      vertex 113.8 -28.7 19.15
      vertex 113.8 -28.7 18.9
    endloop
  endfacet
  facet normal -0 0 0
    outer loop
      vertex 113.8 -29.6 19.15
      vertex 113.8 -31.7 19.15
      vertex 113.8 -28.7 19.15
    endloop
  endfacet
  facet normal -0 0 1
    outer loop
      vertex 38.4333 -28.1 23.75
      vertex 113.8 -31.7 23.75
      vertex 113.8 -28.1 23.75
    endloop
  endfacet
  facet normal 0 0 1
    outer loop
      vertex 113.8 -31.7 23.75
      vertex 38.4333 -28.1 23.75
      vertex 38.4333 -31.7 23.75
    endloop
  endfacet
  facet normal 0 0 -1
    outer loop
      vertex 38.4333 -28.7 18.9
      vertex 113.8 -28.1 18.9
      vertex 113.8 -28.7 18.9
    endloop
  endfacet
  facet normal -0 0 -1
    outer loop
      vertex 113.8 -28.1 18.9
      vertex 38.4333 -28.7 18.9
      vertex 38.4333 -28.1 18.9
    endloop
  endfacet
  facet normal 0 1 -0
    outer loop
      vertex 113.8 -28.1 18.9
      vertex 38.4333 -28.1 23.75
      vertex 113.8 -28.1 23.75
    endloop
  endfacet
  facet normal 0 1 0
    outer loop
      vertex 38.4333 -28.1 23.75
      vertex 113.8 -28.1 18.9
      vertex 38.4333 -28.1 18.9
    endloop
  endfacet
  facet normal 0 0.243049 -0.970014
    outer loop
      vertex -38.4333 -31.4269 20.8769
      vertex 38.4333 -31.2936 20.9103
      vertex 38.4333 -31.4269 20.8769
    endloop
  endfacet
  facet normal 0 0.243049 -0.970014
    outer loop
      vertex 38.4333 -31.2936 20.9103
      vertex -38.4333 -31.4269 20.8769
      vertex -38.4333 -31.2936 20.9103
    endloop
  endfacet
  facet normal 0 0.427304 -0.904108
    outer loop
      vertex -38.4333 -31.1642 20.9566
      vertex 38.4333 -31.04 21.0153
      vertex 38.4333 -31.1642 20.9566
    endloop
  endfacet
  facet normal 0 0.427304 -0.904108
    outer loop
      vertex 38.4333 -31.04 21.0153
      vertex -38.4333 -31.1642 20.9566
      vertex -38.4333 -31.04 21.0153
    endloop
  endfacet
  facet normal 0 0.0487757 -0.99881
    outer loop
      vertex -38.4333 -31.7 20.85
      vertex 38.4333 -31.5628 20.8567
      vertex 38.4333 -31.7 20.85
    endloop
  endfacet
  facet normal 0 0.0487757 -0.99881
    outer loop
      vertex 38.4333 -31.5628 20.8567
      vertex -38.4333 -31.7 20.85
      vertex -38.4333 -31.5628 20.8567
    endloop
  endfacet
  facet normal 0 0.970014 -0.243049
    outer loop
      vertex 38.4333 -30.3603 21.8436
      vertex -38.4333 -30.3269 21.9769
      vertex 38.4333 -30.3269 21.9769
    endloop
  endfacet
  facet normal 0 0.970014 -0.243049
    outer loop
      vertex -38.4333 -30.3269 21.9769
      vertex 38.4333 -30.3603 21.8436
      vertex -38.4333 -30.3603 21.8436
    endloop
  endfacet
  facet normal 0 -0.970014 0.243049
    outer loop
      vertex -113.8 -33.0731 22.5231
      vertex 113.8 -33.0397 22.6564
      vertex -113.8 -33.0397 22.6564
    endloop
  endfacet
  facet normal 0 -0.970014 0.243049
    outer loop
      vertex 113.8 -33.0397 22.6564
      vertex -113.8 -33.0731 22.5231
      vertex 113.8 -33.0731 22.5231
    endloop
  endfacet
  facet normal 0 -0.514067 0.85775
    outer loop
      vertex -113.8 -32.36 23.4847
      vertex 113.8 -32.4778 23.4141
      vertex 113.8 -32.36 23.4847
    endloop
  endfacet
  facet normal 0 -0.514067 0.85775
    outer loop
      vertex 113.8 -32.4778 23.4141
      vertex -113.8 -32.36 23.4847
      vertex -113.8 -32.4778 23.4141
    endloop
  endfacet
  facet normal 0 -0.989133 -0.147023
    outer loop
      vertex -113.8 -33.0731 21.9769
      vertex 113.8 -33.0933 22.1128
      vertex -113.8 -33.0933 22.1128
    endloop
  endfacet
  facet normal 0 -0.989133 -0.147023
    outer loop
      vertex 113.8 -33.0933 22.1128
      vertex -113.8 -33.0731 21.9769
      vertex 113.8 -33.0731 21.9769
    endloop
  endfacet
  facet normal 0 0.85775 0.514067
    outer loop
      vertex 38.4333 -30.4653 22.91
      vertex -38.4333 -30.5359 23.0278
      vertex 38.4333 -30.5359 23.0278
    endloop
  endfacet
  facet normal 0 0.85775 0.514067
    outer loop
      vertex -38.4333 -30.5359 23.0278
      vertex 38.4333 -30.4653 22.91
      vertex -38.4333 -30.4653 22.91
    endloop
  endfacet
  facet normal 0 -0.336889 0.941544
    outer loop
      vertex -113.8 -32.1064 23.5897
      vertex 113.8 -32.2358 23.5434
      vertex 113.8 -32.1064 23.5897
    endloop
  endfacet
  facet normal 0 -0.336889 0.941544
    outer loop
      vertex 113.8 -32.2358 23.5434
      vertex -113.8 -32.1064 23.5897
      vertex -113.8 -32.2358 23.5434
    endloop
  endfacet
  facet normal 0 -0.671657 -0.740862
    outer loop
      vertex -113.8 -32.6899 21.26
      vertex 113.8 -32.5882 21.1678
      vertex 113.8 -32.6899 21.26
    endloop
  endfacet
  facet normal -0 -0.671657 -0.740862
    outer loop
      vertex 113.8 -32.5882 21.1678
      vertex -113.8 -32.6899 21.26
      vertex -113.8 -32.5882 21.1678
    endloop
  endfacet
  facet normal 0 -0.85775 -0.514067
    outer loop
      vertex -113.8 -32.8641 21.4722
      vertex 113.8 -32.9347 21.59
      vertex -113.8 -32.9347 21.59
    endloop
  endfacet
  facet normal 0 -0.85775 -0.514067
    outer loop
      vertex 113.8 -32.9347 21.59
      vertex -113.8 -32.8641 21.4722
      vertex 113.8 -32.8641 21.4722
    endloop
  endfacet
  facet normal -0 0.147023 0.989133
    outer loop
      vertex -38.4333 -31.4269 23.6231
      vertex 38.4333 -31.5628 23.6433
      vertex 38.4333 -31.4269 23.6231
    endloop
  endfacet
  facet normal 0 0.147023 0.989133
    outer loop
      vertex 38.4333 -31.5628 23.6433
      vertex -38.4333 -31.4269 23.6231
      vertex -38.4333 -31.5628 23.6433
    endloop
  endfacet
  facet normal 0 0.514067 -0.85775
    outer loop
      vertex -38.4333 -31.04 21.0153
      vertex 38.4333 -30.9222 21.0859
      vertex 38.4333 -31.04 21.0153
    endloop
  endfacet
  facet normal 0 0.514067 -0.85775
    outer loop
      vertex 38.4333 -30.9222 21.0859
      vertex -38.4333 -31.04 21.0153
      vertex -38.4333 -30.9222 21.0859
    endloop
  endfacet
  facet normal 0 0.595802 -0.803132
    outer loop
      vertex -38.4333 -30.9222 21.0859
      vertex 38.4333 -30.8118 21.1678
      vertex 38.4333 -30.9222 21.0859
    endloop
  endfacet
  facet normal 0 0.595802 -0.803132
    outer loop
      vertex 38.4333 -30.8118 21.1678
      vertex -38.4333 -30.9222 21.0859
      vertex -38.4333 -30.8118 21.1678
    endloop
  endfacet
  facet normal 0 -0.243049 -0.970014
    outer loop
      vertex -113.8 -32.1064 20.9103
      vertex 113.8 -31.9731 20.8769
      vertex 113.8 -32.1064 20.9103
    endloop
  endfacet
  facet normal -0 -0.243049 -0.970014
    outer loop
      vertex 113.8 -31.9731 20.8769
      vertex -113.8 -32.1064 20.9103
      vertex -113.8 -31.9731 20.8769
    endloop
  endfacet
  facet normal 0 -0.0487757 0.99881
    outer loop
      vertex 38.4333 -31.7 23.65
      vertex 113.8 -31.8372 23.6433
      vertex 113.8 -31.7 23.65
    endloop
  endfacet
  facet normal 0 -0.0487757 0.99881
    outer loop
      vertex -38.4333 -31.7 23.65
      vertex 113.8 -31.8372 23.6433
      vertex 38.4333 -31.7 23.65
    endloop
  endfacet
  facet normal 0 -0.0487757 0.99881
    outer loop
      vertex -113.8 -31.8372 23.6433
      vertex -38.4333 -31.7 23.65
      vertex -113.8 -31.7 23.65
    endloop
  endfacet
  facet normal 0 -0.0487757 0.99881
    outer loop
      vertex -38.4333 -31.7 23.65
      vertex -113.8 -31.8372 23.6433
      vertex 113.8 -31.8372 23.6433
    endloop
  endfacet
  facet normal 0 0.803132 -0.595802
    outer loop
      vertex 38.4333 -30.6178 21.3618
      vertex -38.4333 -30.5359 21.4722
      vertex 38.4333 -30.5359 21.4722
    endloop
  endfacet
  facet normal 0 0.803132 -0.595802
    outer loop
      vertex -38.4333 -30.5359 21.4722
      vertex 38.4333 -30.6178 21.3618
      vertex -38.4333 -30.6178 21.3618
    endloop
  endfacet
  facet normal 0 0.336889 -0.941544
    outer loop
      vertex -38.4333 -31.2936 20.9103
      vertex 38.4333 -31.1642 20.9566
      vertex 38.4333 -31.2936 20.9103
    endloop
  endfacet
  facet normal 0 0.336889 -0.941544
    outer loop
      vertex 38.4333 -31.1642 20.9566
      vertex -38.4333 -31.2936 20.9103
      vertex -38.4333 -31.1642 20.9566
    endloop
  endfacet
  facet normal 0 0.741191 -0.671295
    outer loop
      vertex 38.4333 -30.71 21.26
      vertex -38.4333 -30.6178 21.3618
      vertex 38.4333 -30.6178 21.3618
    endloop
  endfacet
  facet normal 0 0.741191 -0.671295
    outer loop
      vertex -38.4333 -30.6178 21.3618
      vertex 38.4333 -30.71 21.26
      vertex -38.4333 -30.71 21.26
    endloop
  endfacet
  facet normal -0 0.671694 0.740829
    outer loop
      vertex -38.4333 -30.71 23.2399
      vertex 38.4333 -30.8118 23.3322
      vertex 38.4333 -30.71 23.2399
    endloop
  endfacet
  facet normal 0 0.671694 0.740829
    outer loop
      vertex 38.4333 -30.8118 23.3322
      vertex -38.4333 -30.71 23.2399
      vertex -38.4333 -30.8118 23.3322
    endloop
  endfacet
  facet normal 0 -0.243049 0.970014
    outer loop
      vertex -113.8 -31.9731 23.6231
      vertex 113.8 -32.1064 23.5897
      vertex 113.8 -31.9731 23.6231
    endloop
  endfacet
  facet normal 0 -0.243049 0.970014
    outer loop
      vertex 113.8 -32.1064 23.5897
      vertex -113.8 -31.9731 23.6231
      vertex -113.8 -32.1064 23.5897
    endloop
  endfacet
  facet normal 0 0.671295 -0.741191
    outer loop
      vertex -38.4333 -30.8118 21.1678
      vertex 38.4333 -30.71 21.26
      vertex 38.4333 -30.8118 21.1678
    endloop
  endfacet
  facet normal 0 0.671295 -0.741191
    outer loop
      vertex 38.4333 -30.71 21.26
      vertex -38.4333 -30.8118 21.1678
      vertex -38.4333 -30.71 21.26
    endloop
  endfacet
  facet normal 0 0.941544 0.336889
    outer loop
      vertex 38.4333 -30.3603 22.6564
      vertex -38.4333 -30.4066 22.7858
      vertex 38.4333 -30.4066 22.7858
    endloop
  endfacet
  facet normal 0 0.941544 0.336889
    outer loop
      vertex -38.4333 -30.4066 22.7858
      vertex 38.4333 -30.3603 22.6564
      vertex -38.4333 -30.3603 22.6564
    endloop
  endfacet
  facet normal 0 -0.147023 0.989133
    outer loop
      vertex -113.8 -31.8372 23.6433
      vertex 113.8 -31.9731 23.6231
      vertex 113.8 -31.8372 23.6433
    endloop
  endfacet
  facet normal 0 -0.147023 0.989133
    outer loop
      vertex 113.8 -31.9731 23.6231
      vertex -113.8 -31.8372 23.6433
      vertex -113.8 -31.9731 23.6231
    endloop
  endfacet
  facet normal 0 0.941544 -0.336889
    outer loop
      vertex 38.4333 -30.4066 21.7142
      vertex -38.4333 -30.3603 21.8436
      vertex 38.4333 -30.3603 21.8436
    endloop
  endfacet
  facet normal 0 0.941544 -0.336889
    outer loop
      vertex -38.4333 -30.3603 21.8436
      vertex 38.4333 -30.4066 21.7142
      vertex -38.4333 -30.4066 21.7142
    endloop
  endfacet
  facet normal 0 0.147023 -0.989133
    outer loop
      vertex -38.4333 -31.5628 20.8567
      vertex 38.4333 -31.4269 20.8769
      vertex 38.4333 -31.5628 20.8567
    endloop
  endfacet
  facet normal 0 0.147023 -0.989133
    outer loop
      vertex 38.4333 -31.4269 20.8769
      vertex -38.4333 -31.5628 20.8567
      vertex -38.4333 -31.4269 20.8769
    endloop
  endfacet
  facet normal -0 0.595802 0.803132
    outer loop
      vertex -38.4333 -30.8118 23.3322
      vertex 38.4333 -30.9222 23.4141
      vertex 38.4333 -30.8118 23.3322
    endloop
  endfacet
  facet normal 0 0.595802 0.803132
    outer loop
      vertex 38.4333 -30.9222 23.4141
      vertex -38.4333 -30.8118 23.3322
      vertex -38.4333 -30.9222 23.4141
    endloop
  endfacet
  facet normal -0 0.243049 0.970014
    outer loop
      vertex -38.4333 -31.2936 23.5897
      vertex 38.4333 -31.4269 23.6231
      vertex 38.4333 -31.2936 23.5897
    endloop
  endfacet
  facet normal 0 0.243049 0.970014
    outer loop
      vertex 38.4333 -31.4269 23.6231
      vertex -38.4333 -31.2936 23.5897
      vertex -38.4333 -31.4269 23.6231
    endloop
  endfacet
  facet normal 0 0.741191 0.671295
    outer loop
      vertex 38.4333 -30.6178 23.1381
      vertex -38.4333 -30.71 23.2399
      vertex 38.4333 -30.71 23.2399
    endloop
  endfacet
  facet normal 0 0.741191 0.671295
    outer loop
      vertex -38.4333 -30.71 23.2399
      vertex 38.4333 -30.6178 23.1381
      vertex -38.4333 -30.6178 23.1381
    endloop
  endfacet
  facet normal 0 -0.904108 -0.427304
    outer loop
      vertex -113.8 -32.9347 21.59
      vertex 113.8 -32.9934 21.7142
      vertex -113.8 -32.9934 21.7142
    endloop
  endfacet
  facet normal 0 -0.904108 -0.427304
    outer loop
      vertex 113.8 -32.9934 21.7142
      vertex -113.8 -32.9347 21.59
      vertex 113.8 -32.9347 21.59
    endloop
  endfacet
  facet normal 0 0.970014 0.243049
    outer loop
      vertex 38.4333 -30.3269 22.5231
      vertex -38.4333 -30.3603 22.6564
      vertex 38.4333 -30.3603 22.6564
    endloop
  endfacet
  facet normal 0 0.970014 0.243049
    outer loop
      vertex -38.4333 -30.3603 22.6564
      vertex 38.4333 -30.3269 22.5231
      vertex -38.4333 -30.3269 22.5231
    endloop
  endfacet
  facet normal -0 0.336889 0.941544
    outer loop
      vertex -38.4333 -31.1642 23.5434
      vertex 38.4333 -31.2936 23.5897
      vertex 38.4333 -31.1642 23.5434
    endloop
  endfacet
  facet normal 0 0.336889 0.941544
    outer loop
      vertex 38.4333 -31.2936 23.5897
      vertex -38.4333 -31.1642 23.5434
      vertex -38.4333 -31.2936 23.5897
    endloop
  endfacet
  facet normal 0 0.85775 -0.514067
    outer loop
      vertex 38.4333 -30.5359 21.4722
      vertex -38.4333 -30.4653 21.59
      vertex 38.4333 -30.4653 21.59
    endloop
  endfacet
  facet normal 0 0.85775 -0.514067
    outer loop
      vertex -38.4333 -30.4653 21.59
      vertex 38.4333 -30.5359 21.4722
      vertex -38.4333 -30.5359 21.4722
    endloop
  endfacet
  facet normal 0 0.904108 -0.427304
    outer loop
      vertex 38.4333 -30.4653 21.59
      vertex -38.4333 -30.4066 21.7142
      vertex 38.4333 -30.4066 21.7142
    endloop
  endfacet
  facet normal 0 0.904108 -0.427304
    outer loop
      vertex -38.4333 -30.4066 21.7142
      vertex 38.4333 -30.4653 21.59
      vertex -38.4333 -30.4653 21.59
    endloop
  endfacet
  facet normal 0 0.802873 0.59615
    outer loop
      vertex 38.4333 -30.5359 23.0278
      vertex -38.4333 -30.6178 23.1381
      vertex 38.4333 -30.6178 23.1381
    endloop
  endfacet
  facet normal 0 0.802873 0.59615
    outer loop
      vertex -38.4333 -30.6178 23.1381
      vertex 38.4333 -30.5359 23.0278
      vertex -38.4333 -30.5359 23.0278
    endloop
  endfacet
  facet normal 0 -0.99881 -0.0487757
    outer loop
      vertex -113.8 -33.0933 22.1128
      vertex 113.8 -33.1 22.25
      vertex -113.8 -33.1 22.25
    endloop
  endfacet
  facet normal 0 -0.99881 -0.0487757
    outer loop
      vertex 113.8 -33.1 22.25
      vertex -113.8 -33.0933 22.1128
      vertex 113.8 -33.0933 22.1128
    endloop
  endfacet
  facet normal 0 -0.336889 -0.941544
    outer loop
      vertex -113.8 -32.2358 20.9566
      vertex 113.8 -32.1064 20.9103
      vertex 113.8 -32.2358 20.9566
    endloop
  endfacet
  facet normal -0 -0.336889 -0.941544
    outer loop
      vertex 113.8 -32.1064 20.9103
      vertex -113.8 -32.2358 20.9566
      vertex -113.8 -32.1064 20.9103
    endloop
  endfacet
  facet normal 0 -0.595802 -0.803132
    outer loop
      vertex -113.8 -32.5882 21.1678
      vertex 113.8 -32.4778 21.0859
      vertex 113.8 -32.5882 21.1678
    endloop
  endfacet
  facet normal -0 -0.595802 -0.803132
    outer loop
      vertex 113.8 -32.4778 21.0859
      vertex -113.8 -32.5882 21.1678
      vertex -113.8 -32.4778 21.0859
    endloop
  endfacet
  facet normal 0 -0.147023 -0.989133
    outer loop
      vertex -113.8 -31.9731 20.8769
      vertex 113.8 -31.8372 20.8567
      vertex 113.8 -31.9731 20.8769
    endloop
  endfacet
  facet normal -0 -0.147023 -0.989133
    outer loop
      vertex 113.8 -31.8372 20.8567
      vertex -113.8 -31.9731 20.8769
      vertex -113.8 -31.8372 20.8567
    endloop
  endfacet
  facet normal -0 0.514067 0.85775
    outer loop
      vertex -38.4333 -30.9222 23.4141
      vertex 38.4333 -31.04 23.4847
      vertex 38.4333 -30.9222 23.4141
    endloop
  endfacet
  facet normal 0 0.514067 0.85775
    outer loop
      vertex 38.4333 -31.04 23.4847
      vertex -38.4333 -30.9222 23.4141
      vertex -38.4333 -31.04 23.4847
    endloop
  endfacet
  facet normal 0 0.904108 0.427304
    outer loop
      vertex 38.4333 -30.4066 22.7858
      vertex -38.4333 -30.4653 22.91
      vertex 38.4333 -30.4653 22.91
    endloop
  endfacet
  facet normal 0 0.904108 0.427304
    outer loop
      vertex -38.4333 -30.4653 22.91
      vertex 38.4333 -30.4066 22.7858
      vertex -38.4333 -30.4066 22.7858
    endloop
  endfacet
  facet normal 0 -0.803132 -0.595802
    outer loop
      vertex -113.8 -32.7822 21.3618
      vertex 113.8 -32.8641 21.4722
      vertex -113.8 -32.8641 21.4722
    endloop
  endfacet
  facet normal 0 -0.803132 -0.595802
    outer loop
      vertex 113.8 -32.8641 21.4722
      vertex -113.8 -32.7822 21.3618
      vertex 113.8 -32.7822 21.3618
    endloop
  endfacet
  facet normal 0 -0.740829 0.671694
    outer loop
      vertex -113.8 -32.7822 23.1381
      vertex 113.8 -32.6899 23.2399
      vertex -113.8 -32.6899 23.2399
    endloop
  endfacet
  facet normal 0 -0.740829 0.671694
    outer loop
      vertex 113.8 -32.6899 23.2399
      vertex -113.8 -32.7822 23.1381
      vertex 113.8 -32.7822 23.1381
    endloop
  endfacet
  facet normal 0 0.989133 -0.147023
    outer loop
      vertex 38.4333 -30.3269 21.9769
      vertex -38.4333 -30.3067 22.1128
      vertex 38.4333 -30.3067 22.1128
    endloop
  endfacet
  facet normal 0 0.989133 -0.147023
    outer loop
      vertex -38.4333 -30.3067 22.1128
      vertex 38.4333 -30.3269 21.9769
      vertex -38.4333 -30.3269 21.9769
    endloop
  endfacet
  facet normal 0 -0.0487757 -0.99881
    outer loop
      vertex 113.8 -31.8372 20.8567
      vertex 38.4333 -31.7 20.85
      vertex 113.8 -31.7 20.85
    endloop
  endfacet
  facet normal 0 -0.0487757 -0.99881
    outer loop
      vertex 113.8 -31.8372 20.8567
      vertex -38.4333 -31.7 20.85
      vertex 38.4333 -31.7 20.85
    endloop
  endfacet
  facet normal 0 -0.0487757 -0.99881
    outer loop
      vertex -113.8 -31.8372 20.8567
      vertex -38.4333 -31.7 20.85
      vertex 113.8 -31.8372 20.8567
    endloop
  endfacet
  facet normal -0 -0.0487757 -0.99881
    outer loop
      vertex -38.4333 -31.7 20.85
      vertex -113.8 -31.8372 20.8567
      vertex -113.8 -31.7 20.85
    endloop
  endfacet
  facet normal 0 -0.427304 0.904108
    outer loop
      vertex -113.8 -32.2358 23.5434
      vertex 113.8 -32.36 23.4847
      vertex 113.8 -32.2358 23.5434
    endloop
  endfacet
  facet normal 0 -0.427304 0.904108
    outer loop
      vertex 113.8 -32.36 23.4847
      vertex -113.8 -32.2358 23.5434
      vertex -113.8 -32.36 23.4847
    endloop
  endfacet
  facet normal 0 -0.595802 0.803132
    outer loop
      vertex -113.8 -32.4778 23.4141
      vertex 113.8 -32.5882 23.3322
      vertex 113.8 -32.4778 23.4141
    endloop
  endfacet
  facet normal 0 -0.595802 0.803132
    outer loop
      vertex 113.8 -32.5882 23.3322
      vertex -113.8 -32.4778 23.4141
      vertex -113.8 -32.5882 23.3322
    endloop
  endfacet
  facet normal 0 0.99881 0.0487757
    outer loop
      vertex 38.4333 -30.3 22.25
      vertex -38.4333 -30.3067 22.3872
      vertex 38.4333 -30.3067 22.3872
    endloop
  endfacet
  facet normal 0 0.99881 0.0487757
    outer loop
      vertex -38.4333 -30.3067 22.3872
      vertex 38.4333 -30.3 22.25
      vertex -38.4333 -30.3 22.25
    endloop
  endfacet
  facet normal 0 -0.904108 0.427304
    outer loop
      vertex -113.8 -32.9934 22.7858
      vertex 113.8 -32.9347 22.91
      vertex -113.8 -32.9347 22.91
    endloop
  endfacet
  facet normal 0 -0.904108 0.427304
    outer loop
      vertex 113.8 -32.9347 22.91
      vertex -113.8 -32.9934 22.7858
      vertex 113.8 -32.9934 22.7858
    endloop
  endfacet
  facet normal 0 -0.85775 0.514067
    outer loop
      vertex -113.8 -32.9347 22.91
      vertex 113.8 -32.8641 23.0278
      vertex -113.8 -32.8641 23.0278
    endloop
  endfacet
  facet normal 0 -0.85775 0.514067
    outer loop
      vertex 113.8 -32.8641 23.0278
      vertex -113.8 -32.9347 22.91
      vertex 113.8 -32.9347 22.91
    endloop
  endfacet
  facet normal 0 0.989133 0.147023
    outer loop
      vertex 38.4333 -30.3067 22.3872
      vertex -38.4333 -30.3269 22.5231
      vertex 38.4333 -30.3269 22.5231
    endloop
  endfacet
  facet normal 0 0.989133 0.147023
    outer loop
      vertex -38.4333 -30.3269 22.5231
      vertex 38.4333 -30.3067 22.3872
      vertex -38.4333 -30.3067 22.3872
    endloop
  endfacet
  facet normal 0 -0.941544 -0.336889
    outer loop
      vertex -113.8 -32.9934 21.7142
      vertex 113.8 -33.0397 21.8436
      vertex -113.8 -33.0397 21.8436
    endloop
  endfacet
  facet normal 0 -0.941544 -0.336889
    outer loop
      vertex 113.8 -33.0397 21.8436
      vertex -113.8 -32.9934 21.7142
      vertex 113.8 -32.9934 21.7142
    endloop
  endfacet
  facet normal 0 -0.970014 -0.243049
    outer loop
      vertex -113.8 -33.0397 21.8436
      vertex 113.8 -33.0731 21.9769
      vertex -113.8 -33.0731 21.9769
    endloop
  endfacet
  facet normal 0 -0.970014 -0.243049
    outer loop
      vertex 113.8 -33.0731 21.9769
      vertex -113.8 -33.0397 21.8436
      vertex 113.8 -33.0397 21.8436
    endloop
  endfacet
  facet normal -0 0.427304 0.904108
    outer loop
      vertex -38.4333 -31.04 23.4847
      vertex 38.4333 -31.1642 23.5434
      vertex 38.4333 -31.04 23.4847
    endloop
  endfacet
  facet normal 0 0.427304 0.904108
    outer loop
      vertex 38.4333 -31.1642 23.5434
      vertex -38.4333 -31.04 23.4847
      vertex -38.4333 -31.1642 23.5434
    endloop
  endfacet
  facet normal 0 -0.672056 0.7405
    outer loop
      vertex -113.8 -32.5882 23.3322
      vertex 113.8 -32.6899 23.2399
      vertex 113.8 -32.5882 23.3322
    endloop
  endfacet
  facet normal 0 -0.672056 0.7405
    outer loop
      vertex 113.8 -32.6899 23.2399
      vertex -113.8 -32.5882 23.3322
      vertex -113.8 -32.6899 23.2399
    endloop
  endfacet
  facet normal 0 -0.427304 -0.904108
    outer loop
      vertex -113.8 -32.36 21.0153
      vertex 113.8 -32.2358 20.9566
      vertex 113.8 -32.36 21.0153
    endloop
  endfacet
  facet normal -0 -0.427304 -0.904108
    outer loop
      vertex 113.8 -32.2358 20.9566
      vertex -113.8 -32.36 21.0153
      vertex -113.8 -32.2358 20.9566
    endloop
  endfacet
  facet normal 0 -0.514067 -0.85775
    outer loop
      vertex -113.8 -32.4778 21.0859
      vertex 113.8 -32.36 21.0153
      vertex 113.8 -32.4778 21.0859
    endloop
  endfacet
  facet normal -0 -0.514067 -0.85775
    outer loop
      vertex 113.8 -32.36 21.0153
      vertex -113.8 -32.4778 21.0859
      vertex -113.8 -32.36 21.0153
    endloop
  endfacet
  facet normal 0 -0.802873 0.59615
    outer loop
      vertex -113.8 -32.8641 23.0278
      vertex 113.8 -32.7822 23.1381
      vertex -113.8 -32.7822 23.1381
    endloop
  endfacet
  facet normal 0 -0.802873 0.59615
    outer loop
      vertex 113.8 -32.7822 23.1381
      vertex -113.8 -32.8641 23.0278
      vertex 113.8 -32.8641 23.0278
    endloop
  endfacet
  facet normal 0 0.99881 -0.0487757
    outer loop
      vertex 38.4333 -30.3067 22.1128
      vertex -38.4333 -30.3 22.25
      vertex 38.4333 -30.3 22.25
    endloop
  endfacet
  facet normal 0 0.99881 -0.0487757
    outer loop
      vertex -38.4333 -30.3 22.25
      vertex 38.4333 -30.3067 22.1128
      vertex -38.4333 -30.3067 22.1128
    endloop
  endfacet
  facet normal 0 -0.99881 0.0487757
    outer loop
      vertex -113.8 -33.1 22.25
      vertex 113.8 -33.0933 22.3872
      vertex -113.8 -33.0933 22.3872
    endloop
  endfacet
  facet normal 0 -0.99881 0.0487757
    outer loop
      vertex 113.8 -33.0933 22.3872
      vertex -113.8 -33.1 22.25
      vertex 113.8 -33.1 22.25
    endloop
  endfacet
  facet normal 0 -0.989133 0.147023
    outer loop
      vertex -113.8 -33.0933 22.3872
      vertex 113.8 -33.0731 22.5231
      vertex -113.8 -33.0731 22.5231
    endloop
  endfacet
  facet normal 0 -0.989133 0.147023
    outer loop
      vertex 113.8 -33.0731 22.5231
      vertex -113.8 -33.0933 22.3872
      vertex 113.8 -33.0933 22.3872
    endloop
  endfacet
  facet normal -0 0.0487757 0.99881
    outer loop
      vertex -38.4333 -31.5628 23.6433
      vertex 38.4333 -31.7 23.65
      vertex 38.4333 -31.5628 23.6433
    endloop
  endfacet
  facet normal 0 0.0487757 0.99881
    outer loop
      vertex 38.4333 -31.7 23.65
      vertex -38.4333 -31.5628 23.6433
      vertex -38.4333 -31.7 23.65
    endloop
  endfacet
  facet normal 0 -0.941544 0.336889
    outer loop
      vertex -113.8 -33.0397 22.6564
      vertex 113.8 -32.9934 22.7858
      vertex -113.8 -32.9934 22.7858
    endloop
  endfacet
  facet normal 0 -0.941544 0.336889
    outer loop
      vertex 113.8 -32.9934 22.7858
      vertex -113.8 -33.0397 22.6564
      vertex 113.8 -33.0397 22.6564
    endloop
  endfacet
  facet normal 0 -0.740829 -0.671694
    outer loop
      vertex -113.8 -32.6899 21.26
      vertex 113.8 -32.7822 21.3618
      vertex -113.8 -32.7822 21.3618
    endloop
  endfacet
  facet normal 0 -0.740829 -0.671694
    outer loop
      vertex 113.8 -32.7822 21.3618
      vertex -113.8 -32.6899 21.26
      vertex 113.8 -32.6899 21.26
    endloop
  endfacet
  facet normal 0.740829 0.671694 0
    outer loop
      vertex 23.6822 34.3881 19.2
      vertex 23.5899 34.4899 17
      vertex 23.5899 34.4899 19.2
    endloop
  endfacet
  facet normal 0.740829 0.671694 0
    outer loop
      vertex 23.5899 34.4899 17
      vertex 23.6822 34.3881 19.2
      vertex 23.6822 34.3881 17
    endloop
  endfacet
  facet normal -0.85775 -0.514067 0
    outer loop
      vertex -23.7641 31.9222 17
      vertex -23.8347 32.04 19.2
      vertex -23.8347 32.04 17
    endloop
  endfacet
  facet normal -0.85775 -0.514067 0
    outer loop
      vertex -23.8347 32.04 19.2
      vertex -23.7641 31.9222 17
      vertex -23.7641 31.9222 19.2
    endloop
  endfacet
  facet normal 0 0 1
    outer loop
      vertex 22.6 34.9 19.2
      vertex 24 33.5 19.2
      vertex 23.9933 33.6372 19.2
    endloop
  endfacet
  facet normal 0 0 1
    outer loop
      vertex 24 33.5 19.2
      vertex 22.6 34.9 19.2
      vertex 24 32.7 19.2
    endloop
  endfacet
  facet normal 0 0 1
    outer loop
      vertex 22.6 34.9 19.2
      vertex 23.9933 33.6372 19.2
      vertex 23.9731 33.7731 19.2
    endloop
  endfacet
  facet normal 0 0 1
    outer loop
      vertex 22.6 31.3 19.2
      vertex 24 32.7 19.2
      vertex 22.6 34.9 19.2
    endloop
  endfacet
  facet normal 0 0 1
    outer loop
      vertex 22.6 34.9 19.2
      vertex 23.9731 33.7731 19.2
      vertex 23.9397 33.9064 19.2
    endloop
  endfacet
  facet normal 0 0 1
    outer loop
      vertex 24 32.7 19.2
      vertex 22.6 31.3 19.2
      vertex 23.9933 32.5628 19.2
    endloop
  endfacet
  facet normal 0 0 1
    outer loop
      vertex 22.6 34.9 19.2
      vertex 23.9397 33.9064 19.2
      vertex 23.8934 34.0358 19.2
    endloop
  endfacet
  facet normal 0 0 1
    outer loop
      vertex 23.9933 32.5628 19.2
      vertex 22.6 31.3 19.2
      vertex 23.9731 32.4269 19.2
    endloop
  endfacet
  facet normal 0 0 1
    outer loop
      vertex 22.6 34.9 19.2
      vertex 23.8934 34.0358 19.2
      vertex 23.8347 34.16 19.2
    endloop
  endfacet
  facet normal 0 0 1
    outer loop
      vertex 23.9731 32.4269 19.2
      vertex 22.6 31.3 19.2
      vertex 23.9397 32.2936 19.2
    endloop
  endfacet
  facet normal 0 0 1
    outer loop
      vertex 22.6 34.9 19.2
      vertex 23.8347 34.16 19.2
      vertex 23.7641 34.2778 19.2
    endloop
  endfacet
  facet normal 0 0 1
    outer loop
      vertex 23.9397 32.2936 19.2
      vertex 22.6 31.3 19.2
      vertex 23.8934 32.1642 19.2
    endloop
  endfacet
  facet normal 0 0 1
    outer loop
      vertex 22.6 34.9 19.2
      vertex 23.7641 34.2778 19.2
      vertex 23.6822 34.3881 19.2
    endloop
  endfacet
  facet normal 0 0 1
    outer loop
      vertex 23.8934 32.1642 19.2
      vertex 22.6 31.3 19.2
      vertex 23.8347 32.04 19.2
    endloop
  endfacet
  facet normal 0 0 1
    outer loop
      vertex 22.6 34.9 19.2
      vertex 23.6822 34.3881 19.2
      vertex 23.5899 34.4899 19.2
    endloop
  endfacet
  facet normal 0 0 1
    outer loop
      vertex 23.8347 32.04 19.2
      vertex 22.6 31.3 19.2
      vertex 23.7641 31.9222 19.2
    endloop
  endfacet
  facet normal 0 0 1
    outer loop
      vertex 22.6 34.9 19.2
      vertex 23.5899 34.4899 19.2
      vertex 23.4882 34.5822 19.2
    endloop
  endfacet
  facet normal 0 0 1
    outer loop
      vertex 23.7641 31.9222 19.2
      vertex 22.6 31.3 19.2
      vertex 23.6822 31.8118 19.2
    endloop
  endfacet
  facet normal 0 0 1
    outer loop
      vertex 22.6 34.9 19.2
      vertex 23.4882 34.5822 19.2
      vertex 23.3778 34.6641 19.2
    endloop
  endfacet
  facet normal 0 0 1
    outer loop
      vertex 23.6822 31.8118 19.2
      vertex 22.6 31.3 19.2
      vertex 23.5899 31.7101 19.2
    endloop
  endfacet
  facet normal 0 0 1
    outer loop
      vertex 22.6 34.9 19.2
      vertex 23.3778 34.6641 19.2
      vertex 23.26 34.7347 19.2
    endloop
  endfacet
  facet normal 0 0 1
    outer loop
      vertex 23.5899 31.7101 19.2
      vertex 22.6 31.3 19.2
      vertex 23.4882 31.6178 19.2
    endloop
  endfacet
  facet normal 0 0 1
    outer loop
      vertex 22.6 34.9 19.2
      vertex 23.26 34.7347 19.2
      vertex 23.1358 34.7934 19.2
    endloop
  endfacet
  facet normal 0 0 1
    outer loop
      vertex 23.4882 31.6178 19.2
      vertex 22.6 31.3 19.2
      vertex 23.3778 31.5359 19.2
    endloop
  endfacet
  facet normal 0 0 1
    outer loop
      vertex 22.6 34.9 19.2
      vertex 23.1358 34.7934 19.2
      vertex 23.0064 34.8397 19.2
    endloop
  endfacet
  facet normal 0 0 1
    outer loop
      vertex 23.3778 31.5359 19.2
      vertex 22.6 31.3 19.2
      vertex 23.26 31.4653 19.2
    endloop
  endfacet
  facet normal 0 0 1
    outer loop
      vertex 22.6 34.9 19.2
      vertex 23.0064 34.8397 19.2
      vertex 22.8731 34.8731 19.2
    endloop
  endfacet
  facet normal 0 0 1
    outer loop
      vertex 23.26 31.4653 19.2
      vertex 22.6 31.3 19.2
      vertex 23.1358 31.4066 19.2
    endloop
  endfacet
  facet normal 0 0 1
    outer loop
      vertex 22.6 34.9 19.2
      vertex 22.8731 34.8731 19.2
      vertex 22.7372 34.8933 19.2
    endloop
  endfacet
  facet normal 0 0 1
    outer loop
      vertex 23.1358 31.4066 19.2
      vertex 22.6 31.3 19.2
      vertex 23.0064 31.3603 19.2
    endloop
  endfacet
  facet normal 0 0 1
    outer loop
      vertex 23.0064 31.3603 19.2
      vertex 22.6 31.3 19.2
      vertex 22.8731 31.3269 19.2
    endloop
  endfacet
  facet normal 0 0 1
    outer loop
      vertex 22.8731 31.3269 19.2
      vertex 22.6 31.3 19.2
      vertex 22.7372 31.3067 19.2
    endloop
  endfacet
  facet normal -0 0 1
    outer loop
      vertex -22.6 34.9 19.2
      vertex 22.6 31.3 19.2
      vertex 22.6 34.9 19.2
    endloop
  endfacet
  facet normal 0 0 1
    outer loop
      vertex -22.6 34.9 19.2
      vertex -22.6 31.3 19.2
      vertex 22.6 31.3 19.2
    endloop
  endfacet
  facet normal 0 0 1
    outer loop
      vertex -24 33.5 19.2
      vertex -22.6 34.9 19.2
      vertex -22.7372 34.8933 19.2
    endloop
  endfacet
  facet normal 0 0 1
    outer loop
      vertex -22.6 34.9 19.2
      vertex -24 33.5 19.2
      vertex -22.6 31.3 19.2
    endloop
  endfacet
  facet normal 0 0 1
    outer loop
      vertex -24 33.5 19.2
      vertex -22.7372 34.8933 19.2
      vertex -22.8731 34.8731 19.2
    endloop
  endfacet
  facet normal -0 0 1
    outer loop
      vertex -24 32.7 19.2
      vertex -22.6 31.3 19.2
      vertex -24 33.5 19.2
    endloop
  endfacet
  facet normal 0 0 1
    outer loop
      vertex -24 33.5 19.2
      vertex -22.8731 34.8731 19.2
      vertex -23.0064 34.8397 19.2
    endloop
  endfacet
  facet normal 0 0 1
    outer loop
      vertex -22.6 31.3 19.2
      vertex -24 32.7 19.2
      vertex -22.7372 31.3067 19.2
    endloop
  endfacet
  facet normal 0 0 1
    outer loop
      vertex -24 33.5 19.2
      vertex -23.0064 34.8397 19.2
      vertex -23.1358 34.7934 19.2
    endloop
  endfacet
  facet normal 0 0 1
    outer loop
      vertex -22.7372 31.3067 19.2
      vertex -24 32.7 19.2
      vertex -22.8731 31.3269 19.2
    endloop
  endfacet
  facet normal 0 0 1
    outer loop
      vertex -24 33.5 19.2
      vertex -23.1358 34.7934 19.2
      vertex -23.26 34.7347 19.2
    endloop
  endfacet
  facet normal 0 0 1
    outer loop
      vertex -22.8731 31.3269 19.2
      vertex -24 32.7 19.2
      vertex -23.0064 31.3603 19.2
    endloop
  endfacet
  facet normal 0 0 1
    outer loop
      vertex -24 33.5 19.2
      vertex -23.26 34.7347 19.2
      vertex -23.3778 34.6641 19.2
    endloop
  endfacet
  facet normal 0 0 1
    outer loop
      vertex -23.0064 31.3603 19.2
      vertex -24 32.7 19.2
      vertex -23.1358 31.4066 19.2
    endloop
  endfacet
  facet normal 0 0 1
    outer loop
      vertex -24 33.5 19.2
      vertex -23.3778 34.6641 19.2
      vertex -23.4882 34.5822 19.2
    endloop
  endfacet
  facet normal 0 0 1
    outer loop
      vertex -23.1358 31.4066 19.2
      vertex -24 32.7 19.2
      vertex -23.26 31.4653 19.2
    endloop
  endfacet
  facet normal 0 0 1
    outer loop
      vertex -24 33.5 19.2
      vertex -23.4882 34.5822 19.2
      vertex -23.5899 34.4899 19.2
    endloop
  endfacet
  facet normal 0 0 1
    outer loop
      vertex -23.26 31.4653 19.2
      vertex -24 32.7 19.2
      vertex -23.3778 31.5359 19.2
    endloop
  endfacet
  facet normal 0 0 1
    outer loop
      vertex -24 33.5 19.2
      vertex -23.5899 34.4899 19.2
      vertex -23.6822 34.3881 19.2
    endloop
  endfacet
  facet normal 0 0 1
    outer loop
      vertex -23.3778 31.5359 19.2
      vertex -24 32.7 19.2
      vertex -23.4882 31.6178 19.2
    endloop
  endfacet
  facet normal 0 0 1
    outer loop
      vertex -24 33.5 19.2
      vertex -23.6822 34.3881 19.2
      vertex -23.7641 34.2778 19.2
    endloop
  endfacet
  facet normal 0 0 1
    outer loop
      vertex -23.4882 31.6178 19.2
      vertex -24 32.7 19.2
      vertex -23.5899 31.7101 19.2
    endloop
  endfacet
  facet normal 0 0 1
    outer loop
      vertex -24 33.5 19.2
      vertex -23.7641 34.2778 19.2
      vertex -23.8347 34.16 19.2
    endloop
  endfacet
  facet normal 0 0 1
    outer loop
      vertex -23.5899 31.7101 19.2
      vertex -24 32.7 19.2
      vertex -23.6822 31.8118 19.2
    endloop
  endfacet
  facet normal 0 0 1
    outer loop
      vertex -24 33.5 19.2
      vertex -23.8347 34.16 19.2
      vertex -23.8934 34.0358 19.2
    endloop
  endfacet
  facet normal 0 0 1
    outer loop
      vertex -23.6822 31.8118 19.2
      vertex -24 32.7 19.2
      vertex -23.7641 31.9222 19.2
    endloop
  endfacet
  facet normal 0 0 1
    outer loop
      vertex -24 33.5 19.2
      vertex -23.8934 34.0358 19.2
      vertex -23.9397 33.9064 19.2
    endloop
  endfacet
  facet normal 0 0 1
    outer loop
      vertex -23.7641 31.9222 19.2
      vertex -24 32.7 19.2
      vertex -23.8347 32.04 19.2
    endloop
  endfacet
  facet normal 0 0 1
    outer loop
      vertex -24 33.5 19.2
      vertex -23.9397 33.9064 19.2
      vertex -23.9731 33.7731 19.2
    endloop
  endfacet
  facet normal 0 0 1
    outer loop
      vertex -23.8347 32.04 19.2
      vertex -24 32.7 19.2
      vertex -23.8934 32.1642 19.2
    endloop
  endfacet
  facet normal 0 0 1
    outer loop
      vertex -24 33.5 19.2
      vertex -23.9731 33.7731 19.2
      vertex -23.9933 33.6372 19.2
    endloop
  endfacet
  facet normal 0 0 1
    outer loop
      vertex -23.8934 32.1642 19.2
      vertex -24 32.7 19.2
      vertex -23.9397 32.2936 19.2
    endloop
  endfacet
  facet normal 0 0 1
    outer loop
      vertex -23.9397 32.2936 19.2
      vertex -24 32.7 19.2
      vertex -23.9731 32.4269 19.2
    endloop
  endfacet
  facet normal 0 0 1
    outer loop
      vertex -23.9731 32.4269 19.2
      vertex -24 32.7 19.2
      vertex -23.9933 32.5628 19.2
    endloop
  endfacet
  facet normal -1 0 0
    outer loop
      vertex -24 32.7 17
      vertex -24 33.5 19.2
      vertex -24 33.5 17
    endloop
  endfacet
  facet normal -1 -0 0
    outer loop
      vertex -24 33.5 19.2
      vertex -24 32.7 17
      vertex -24 32.7 19.2
    endloop
  endfacet
  facet normal 0.427304 0.904108 -0
    outer loop
      vertex 23.26 34.7347 17
      vertex 23.1358 34.7934 19.2
      vertex 23.26 34.7347 19.2
    endloop
  endfacet
  facet normal 0.427304 0.904108 0
    outer loop
      vertex 23.1358 34.7934 19.2
      vertex 23.26 34.7347 17
      vertex 23.1358 34.7934 17
    endloop
  endfacet
  facet normal 0 1 -0
    outer loop
      vertex 22.6 34.9 17
      vertex -22.6 34.9 19.2
      vertex 22.6 34.9 19.2
    endloop
  endfacet
  facet normal 0 1 0
    outer loop
      vertex -22.6 34.9 19.2
      vertex 22.6 34.9 17
      vertex -22.6 34.9 17
    endloop
  endfacet
  facet normal 0.941544 -0.336889 0
    outer loop
      vertex 23.8934 32.1642 19.2
      vertex 23.9397 32.2936 17
      vertex 23.9397 32.2936 19.2
    endloop
  endfacet
  facet normal 0.941544 -0.336889 0
    outer loop
      vertex 23.9397 32.2936 17
      vertex 23.8934 32.1642 19.2
      vertex 23.8934 32.1642 17
    endloop
  endfacet
  facet normal -0.0487757 0.99881 0
    outer loop
      vertex -22.6 34.9 17
      vertex -22.7372 34.8933 19.2
      vertex -22.6 34.9 19.2
    endloop
  endfacet
  facet normal -0.0487757 0.99881 0
    outer loop
      vertex -22.7372 34.8933 19.2
      vertex -22.6 34.9 17
      vertex -22.7372 34.8933 17
    endloop
  endfacet
  facet normal 0.803132 -0.595802 0
    outer loop
      vertex 23.6822 31.8118 19.2
      vertex 23.7641 31.9222 17
      vertex 23.7641 31.9222 19.2
    endloop
  endfacet
  facet normal 0.803132 -0.595802 0
    outer loop
      vertex 23.7641 31.9222 17
      vertex 23.6822 31.8118 19.2
      vertex 23.6822 31.8118 17
    endloop
  endfacet
  facet normal 0 -1 0
    outer loop
      vertex -22.6 31.3 19.15
      vertex 22.6 31.3 19.2
      vertex -22.6 31.3 19.2
    endloop
  endfacet
  facet normal 0 -1 -0
    outer loop
      vertex 22.6 31.3 19.2
      vertex -22.6 31.3 19.15
      vertex 22.6 31.3 19.15
    endloop
  endfacet
  facet normal 0.0487757 -0.99881 0
    outer loop
      vertex 22.6 31.3 19.15
      vertex 22.7372 31.3067 19.2
      vertex 22.6 31.3 19.2
    endloop
  endfacet
  facet normal 0.0487757 -0.99881 0
    outer loop
      vertex 22.7372 31.3067 19.2
      vertex 22.6 31.3 19.15
      vertex 22.7372 31.3067 19.15
    endloop
  endfacet
  facet normal 0.336889 0.941544 -0
    outer loop
      vertex 23.1358 34.7934 17
      vertex 23.0064 34.8397 19.2
      vertex 23.1358 34.7934 19.2
    endloop
  endfacet
  facet normal 0.336889 0.941544 0
    outer loop
      vertex 23.0064 34.8397 19.2
      vertex 23.1358 34.7934 17
      vertex 23.0064 34.8397 17
    endloop
  endfacet
  facet normal -0.989133 -0.147023 0
    outer loop
      vertex -23.9731 32.4269 17
      vertex -23.9933 32.5628 19.2
      vertex -23.9933 32.5628 17
    endloop
  endfacet
  facet normal -0.989133 -0.147023 0
    outer loop
      vertex -23.9933 32.5628 19.2
      vertex -23.9731 32.4269 17
      vertex -23.9731 32.4269 19.2
    endloop
  endfacet
  facet normal 0.514067 0.85775 -0
    outer loop
      vertex 23.3778 34.6641 17
      vertex 23.26 34.7347 19.2
      vertex 23.3778 34.6641 19.2
    endloop
  endfacet
  facet normal 0.514067 0.85775 0
    outer loop
      vertex 23.26 34.7347 19.2
      vertex 23.3778 34.6641 17
      vertex 23.26 34.7347 17
    endloop
  endfacet
  facet normal 0.970014 0.243049 0
    outer loop
      vertex 23.9731 33.7731 19.2
      vertex 23.9397 33.9064 17
      vertex 23.9397 33.9064 19.2
    endloop
  endfacet
  facet normal 0.970014 0.243049 0
    outer loop
      vertex 23.9397 33.9064 17
      vertex 23.9731 33.7731 19.2
      vertex 23.9731 33.7731 17
    endloop
  endfacet
  facet normal 0.336889 -0.941544 0
    outer loop
      vertex 23.0064 31.3603 19.15
      vertex 23.1358 31.4066 19.2
      vertex 23.0064 31.3603 19.2
    endloop
  endfacet
  facet normal 0.336889 -0.941544 0
    outer loop
      vertex 23.1358 31.4066 19.2
      vertex 23.0064 31.3603 19.15
      vertex 23.1358 31.4066 19.15
    endloop
  endfacet
  facet normal -0.672055 -0.740499 0.00172856
    outer loop
      vertex -23.5899 31.7101 19.2
      vertex -23.5789 31.7 19.15
      vertex -23.4882 31.6178 19.2
    endloop
  endfacet
  facet normal -0.676331 -0.736598 0
    outer loop
      vertex -23.5899 31.7101 17
      vertex -23.5789 31.7 19.15
      vertex -23.5899 31.7101 19.2
    endloop
  endfacet
  facet normal -0.676331 -0.736598 -0
    outer loop
      vertex -23.5789 31.7 19.15
      vertex -23.5899 31.7101 17
      vertex -23.5789 31.7 17
    endloop
  endfacet
  facet normal -0.671533 -0.740974 -0
    outer loop
      vertex -23.4882 31.6178 19.2
      vertex -23.5789 31.7 19.15
      vertex -23.4882 31.6178 19.15
    endloop
  endfacet
  facet normal -0.336889 -0.941544 0
    outer loop
      vertex -23.1358 31.4066 19.15
      vertex -23.0064 31.3603 19.2
      vertex -23.1358 31.4066 19.2
    endloop
  endfacet
  facet normal -0.336889 -0.941544 -0
    outer loop
      vertex -23.0064 31.3603 19.2
      vertex -23.1358 31.4066 19.15
      vertex -23.0064 31.3603 19.15
    endloop
  endfacet
  facet normal 0.243049 0.970014 -0
    outer loop
      vertex 23.0064 34.8397 17
      vertex 22.8731 34.8731 19.2
      vertex 23.0064 34.8397 19.2
    endloop
  endfacet
  facet normal 0.243049 0.970014 0
    outer loop
      vertex 22.8731 34.8731 19.2
      vertex 23.0064 34.8397 17
      vertex 22.8731 34.8731 17
    endloop
  endfacet
  facet normal 0.671533 -0.740974 0
    outer loop
      vertex 23.5789 31.7 19.15
      vertex 23.4882 31.6178 19.2
      vertex 23.4882 31.6178 19.15
    endloop
  endfacet
  facet normal 0.672055 -0.740499 0.00172856
    outer loop
      vertex 23.4882 31.6178 19.2
      vertex 23.5789 31.7 19.15
      vertex 23.5899 31.7101 19.2
    endloop
  endfacet
  facet normal 0.676331 -0.736598 0
    outer loop
      vertex 23.5899 31.7101 17
      vertex 23.5789 31.7 19.15
      vertex 23.5789 31.7 17
    endloop
  endfacet
  facet normal 0.676331 -0.736598 0
    outer loop
      vertex 23.5789 31.7 19.15
      vertex 23.5899 31.7101 17
      vertex 23.5899 31.7101 19.2
    endloop
  endfacet
  facet normal 0.85775 -0.514067 0
    outer loop
      vertex 23.7641 31.9222 19.2
      vertex 23.8347 32.04 17
      vertex 23.8347 32.04 19.2
    endloop
  endfacet
  facet normal 0.85775 -0.514067 0
    outer loop
      vertex 23.8347 32.04 17
      vertex 23.7641 31.9222 19.2
      vertex 23.7641 31.9222 17
    endloop
  endfacet
  facet normal -0.803132 -0.595802 0
    outer loop
      vertex -23.6822 31.8118 17
      vertex -23.7641 31.9222 19.2
      vertex -23.7641 31.9222 17
    endloop
  endfacet
  facet normal -0.803132 -0.595802 0
    outer loop
      vertex -23.7641 31.9222 19.2
      vertex -23.6822 31.8118 17
      vertex -23.6822 31.8118 19.2
    endloop
  endfacet
  facet normal -0.147023 0.989133 0
    outer loop
      vertex -22.7372 34.8933 17
      vertex -22.8731 34.8731 19.2
      vertex -22.7372 34.8933 19.2
    endloop
  endfacet
  facet normal -0.147023 0.989133 0
    outer loop
      vertex -22.8731 34.8731 19.2
      vertex -22.7372 34.8933 17
      vertex -22.8731 34.8731 17
    endloop
  endfacet
  facet normal -0.427304 -0.904108 0
    outer loop
      vertex -23.26 31.4653 19.15
      vertex -23.1358 31.4066 19.2
      vertex -23.26 31.4653 19.2
    endloop
  endfacet
  facet normal -0.427304 -0.904108 -0
    outer loop
      vertex -23.1358 31.4066 19.2
      vertex -23.26 31.4653 19.15
      vertex -23.1358 31.4066 19.15
    endloop
  endfacet
  facet normal 0.672056 0.7405 -0
    outer loop
      vertex 23.5899 34.4899 17
      vertex 23.4882 34.5822 19.2
      vertex 23.5899 34.4899 19.2
    endloop
  endfacet
  facet normal 0.672056 0.7405 0
    outer loop
      vertex 23.4882 34.5822 19.2
      vertex 23.5899 34.4899 17
      vertex 23.4882 34.5822 17
    endloop
  endfacet
  facet normal -0.243049 -0.970014 0
    outer loop
      vertex -23.0064 31.3603 19.15
      vertex -22.8731 31.3269 19.2
      vertex -23.0064 31.3603 19.2
    endloop
  endfacet
  facet normal -0.243049 -0.970014 -0
    outer loop
      vertex -22.8731 31.3269 19.2
      vertex -23.0064 31.3603 19.15
      vertex -22.8731 31.3269 19.15
    endloop
  endfacet
  facet normal -0.336889 0.941544 0
    outer loop
      vertex -23.0064 34.8397 17
      vertex -23.1358 34.7934 19.2
      vertex -23.0064 34.8397 19.2
    endloop
  endfacet
  facet normal -0.336889 0.941544 0
    outer loop
      vertex -23.1358 34.7934 19.2
      vertex -23.0064 34.8397 17
      vertex -23.1358 34.7934 17
    endloop
  endfacet
  facet normal 0.904108 -0.427304 0
    outer loop
      vertex 23.8347 32.04 19.2
      vertex 23.8934 32.1642 17
      vertex 23.8934 32.1642 19.2
    endloop
  endfacet
  facet normal 0.904108 -0.427304 0
    outer loop
      vertex 23.8934 32.1642 17
      vertex 23.8347 32.04 19.2
      vertex 23.8347 32.04 17
    endloop
  endfacet
  facet normal -0.970014 0.243049 0
    outer loop
      vertex -23.9731 33.7731 17
      vertex -23.9397 33.9064 19.2
      vertex -23.9397 33.9064 17
    endloop
  endfacet
  facet normal -0.970014 0.243049 0
    outer loop
      vertex -23.9397 33.9064 19.2
      vertex -23.9731 33.7731 17
      vertex -23.9731 33.7731 19.2
    endloop
  endfacet
  facet normal 0.147023 0.989133 -0
    outer loop
      vertex 22.8731 34.8731 17
      vertex 22.7372 34.8933 19.2
      vertex 22.8731 34.8731 19.2
    endloop
  endfacet
  facet normal 0.147023 0.989133 0
    outer loop
      vertex 22.7372 34.8933 19.2
      vertex 22.8731 34.8731 17
      vertex 22.7372 34.8933 17
    endloop
  endfacet
  facet normal 0.99881 0.0487757 0
    outer loop
      vertex 24 33.5 19.2
      vertex 23.9933 33.6372 17
      vertex 23.9933 33.6372 19.2
    endloop
  endfacet
  facet normal 0.99881 0.0487757 0
    outer loop
      vertex 23.9933 33.6372 17
      vertex 24 33.5 19.2
      vertex 24 33.5 17
    endloop
  endfacet
  facet normal 0.904108 0.427304 0
    outer loop
      vertex 23.8934 34.0358 19.2
      vertex 23.8347 34.16 17
      vertex 23.8347 34.16 19.2
    endloop
  endfacet
  facet normal 0.904108 0.427304 0
    outer loop
      vertex 23.8347 34.16 17
      vertex 23.8934 34.0358 19.2
      vertex 23.8934 34.0358 17
    endloop
  endfacet
  facet normal -0.99881 -0.0487757 0
    outer loop
      vertex -23.9933 32.5628 17
      vertex -24 32.7 19.2
      vertex -24 32.7 17
    endloop
  endfacet
  facet normal -0.99881 -0.0487757 0
    outer loop
      vertex -24 32.7 19.2
      vertex -23.9933 32.5628 17
      vertex -23.9933 32.5628 19.2
    endloop
  endfacet
  facet normal 0.970014 -0.243049 0
    outer loop
      vertex 23.9397 32.2936 19.2
      vertex 23.9731 32.4269 17
      vertex 23.9731 32.4269 19.2
    endloop
  endfacet
  facet normal 0.970014 -0.243049 0
    outer loop
      vertex 23.9731 32.4269 17
      vertex 23.9397 32.2936 19.2
      vertex 23.9397 32.2936 17
    endloop
  endfacet
  facet normal 0.0487757 0.99881 -0
    outer loop
      vertex 22.7372 34.8933 17
      vertex 22.6 34.9 19.2
      vertex 22.7372 34.8933 19.2
    endloop
  endfacet
  facet normal 0.0487757 0.99881 0
    outer loop
      vertex 22.6 34.9 19.2
      vertex 22.7372 34.8933 17
      vertex 22.6 34.9 17
    endloop
  endfacet
  facet normal -0.595802 0.803132 0
    outer loop
      vertex -23.3778 34.6641 17
      vertex -23.4882 34.5822 19.2
      vertex -23.3778 34.6641 19.2
    endloop
  endfacet
  facet normal -0.595802 0.803132 0
    outer loop
      vertex -23.4882 34.5822 19.2
      vertex -23.3778 34.6641 17
      vertex -23.4882 34.5822 17
    endloop
  endfacet
  facet normal -0.427304 0.904108 0
    outer loop
      vertex -23.1358 34.7934 17
      vertex -23.26 34.7347 19.2
      vertex -23.1358 34.7934 19.2
    endloop
  endfacet
  facet normal -0.427304 0.904108 0
    outer loop
      vertex -23.26 34.7347 19.2
      vertex -23.1358 34.7934 17
      vertex -23.26 34.7347 17
    endloop
  endfacet
  facet normal 0.595802 -0.803132 0
    outer loop
      vertex 23.3778 31.5359 19.15
      vertex 23.4882 31.6178 19.2
      vertex 23.3778 31.5359 19.2
    endloop
  endfacet
  facet normal 0.595802 -0.803132 0
    outer loop
      vertex 23.4882 31.6178 19.2
      vertex 23.3778 31.5359 19.15
      vertex 23.4882 31.6178 19.15
    endloop
  endfacet
  facet normal -0.0487757 -0.99881 0
    outer loop
      vertex -22.7372 31.3067 19.15
      vertex -22.6 31.3 19.2
      vertex -22.7372 31.3067 19.2
    endloop
  endfacet
  facet normal -0.0487757 -0.99881 -0
    outer loop
      vertex -22.6 31.3 19.2
      vertex -22.7372 31.3067 19.15
      vertex -22.6 31.3 19.15
    endloop
  endfacet
  facet normal 0.427304 -0.904108 0
    outer loop
      vertex 23.1358 31.4066 19.15
      vertex 23.26 31.4653 19.2
      vertex 23.1358 31.4066 19.2
    endloop
  endfacet
  facet normal 0.427304 -0.904108 0
    outer loop
      vertex 23.26 31.4653 19.2
      vertex 23.1358 31.4066 19.15
      vertex 23.26 31.4653 19.15
    endloop
  endfacet
  facet normal -0.595802 -0.803132 0
    outer loop
      vertex -23.4882 31.6178 19.15
      vertex -23.3778 31.5359 19.2
      vertex -23.4882 31.6178 19.2
    endloop
  endfacet
  facet normal -0.595802 -0.803132 -0
    outer loop
      vertex -23.3778 31.5359 19.2
      vertex -23.4882 31.6178 19.15
      vertex -23.3778 31.5359 19.15
    endloop
  endfacet
  facet normal 0.989133 -0.147023 0
    outer loop
      vertex 23.9731 32.4269 19.2
      vertex 23.9933 32.5628 17
      vertex 23.9933 32.5628 19.2
    endloop
  endfacet
  facet normal 0.989133 -0.147023 0
    outer loop
      vertex 23.9933 32.5628 17
      vertex 23.9731 32.4269 19.2
      vertex 23.9731 32.4269 17
    endloop
  endfacet
  facet normal -0.672056 0.7405 0
    outer loop
      vertex -23.4882 34.5822 17
      vertex -23.5899 34.4899 19.2
      vertex -23.4882 34.5822 19.2
    endloop
  endfacet
  facet normal -0.672056 0.7405 0
    outer loop
      vertex -23.5899 34.4899 19.2
      vertex -23.4882 34.5822 17
      vertex -23.5899 34.4899 17
    endloop
  endfacet
  facet normal 0.147023 -0.989133 0
    outer loop
      vertex 22.7372 31.3067 19.15
      vertex 22.8731 31.3269 19.2
      vertex 22.7372 31.3067 19.2
    endloop
  endfacet
  facet normal 0.147023 -0.989133 0
    outer loop
      vertex 22.8731 31.3269 19.2
      vertex 22.7372 31.3067 19.15
      vertex 22.8731 31.3269 19.15
    endloop
  endfacet
  facet normal -0.740829 0.671694 0
    outer loop
      vertex -23.6822 34.3881 17
      vertex -23.5899 34.4899 19.2
      vertex -23.5899 34.4899 17
    endloop
  endfacet
  facet normal -0.740829 0.671694 0
    outer loop
      vertex -23.5899 34.4899 19.2
      vertex -23.6822 34.3881 17
      vertex -23.6822 34.3881 19.2
    endloop
  endfacet
  facet normal -0.147023 -0.989133 0
    outer loop
      vertex -22.8731 31.3269 19.15
      vertex -22.7372 31.3067 19.2
      vertex -22.8731 31.3269 19.2
    endloop
  endfacet
  facet normal -0.147023 -0.989133 -0
    outer loop
      vertex -22.7372 31.3067 19.2
      vertex -22.8731 31.3269 19.15
      vertex -22.7372 31.3067 19.15
    endloop
  endfacet
  facet normal 0.941544 0.336889 0
    outer loop
      vertex 23.9397 33.9064 19.2
      vertex 23.8934 34.0358 17
      vertex 23.8934 34.0358 19.2
    endloop
  endfacet
  facet normal 0.941544 0.336889 0
    outer loop
      vertex 23.8934 34.0358 17
      vertex 23.9397 33.9064 19.2
      vertex 23.9397 33.9064 17
    endloop
  endfacet
  facet normal -0.514067 -0.85775 0
    outer loop
      vertex -23.3778 31.5359 19.15
      vertex -23.26 31.4653 19.2
      vertex -23.3778 31.5359 19.2
    endloop
  endfacet
  facet normal -0.514067 -0.85775 -0
    outer loop
      vertex -23.26 31.4653 19.2
      vertex -23.3778 31.5359 19.15
      vertex -23.26 31.4653 19.15
    endloop
  endfacet
  facet normal -0.243049 0.970014 0
    outer loop
      vertex -22.8731 34.8731 17
      vertex -23.0064 34.8397 19.2
      vertex -22.8731 34.8731 19.2
    endloop
  endfacet
  facet normal -0.243049 0.970014 0
    outer loop
      vertex -23.0064 34.8397 19.2
      vertex -22.8731 34.8731 17
      vertex -23.0064 34.8397 17
    endloop
  endfacet
  facet normal 0.989133 0.147023 0
    outer loop
      vertex 23.9933 33.6372 19.2
      vertex 23.9731 33.7731 17
      vertex 23.9731 33.7731 19.2
    endloop
  endfacet
  facet normal 0.989133 0.147023 0
    outer loop
      vertex 23.9731 33.7731 17
      vertex 23.9933 33.6372 19.2
      vertex 23.9933 33.6372 17
    endloop
  endfacet
  facet normal 1 -0 0
    outer loop
      vertex 24 32.7 19.2
      vertex 24 33.5 17
      vertex 24 33.5 19.2
    endloop
  endfacet
  facet normal 1 0 0
    outer loop
      vertex 24 33.5 17
      vertex 24 32.7 19.2
      vertex 24 32.7 17
    endloop
  endfacet
  facet normal 0.85775 0.514067 0
    outer loop
      vertex 23.8347 34.16 19.2
      vertex 23.7641 34.2778 17
      vertex 23.7641 34.2778 19.2
    endloop
  endfacet
  facet normal 0.85775 0.514067 0
    outer loop
      vertex 23.7641 34.2778 17
      vertex 23.8347 34.16 19.2
      vertex 23.8347 34.16 17
    endloop
  endfacet
  facet normal 0.802873 0.59615 0
    outer loop
      vertex 23.7641 34.2778 19.2
      vertex 23.6822 34.3881 17
      vertex 23.6822 34.3881 19.2
    endloop
  endfacet
  facet normal 0.802873 0.59615 0
    outer loop
      vertex 23.6822 34.3881 17
      vertex 23.7641 34.2778 19.2
      vertex 23.7641 34.2778 17
    endloop
  endfacet
  facet normal 0.514067 -0.85775 0
    outer loop
      vertex 23.26 31.4653 19.15
      vertex 23.3778 31.5359 19.2
      vertex 23.26 31.4653 19.2
    endloop
  endfacet
  facet normal 0.514067 -0.85775 0
    outer loop
      vertex 23.3778 31.5359 19.2
      vertex 23.26 31.4653 19.15
      vertex 23.3778 31.5359 19.15
    endloop
  endfacet
  facet normal -0.989133 0.147023 0
    outer loop
      vertex -23.9933 33.6372 17
      vertex -23.9731 33.7731 19.2
      vertex -23.9731 33.7731 17
    endloop
  endfacet
  facet normal -0.989133 0.147023 0
    outer loop
      vertex -23.9731 33.7731 19.2
      vertex -23.9933 33.6372 17
      vertex -23.9933 33.6372 19.2
    endloop
  endfacet
  facet normal 0.595802 0.803132 -0
    outer loop
      vertex 23.4882 34.5822 17
      vertex 23.3778 34.6641 19.2
      vertex 23.4882 34.5822 19.2
    endloop
  endfacet
  facet normal 0.595802 0.803132 0
    outer loop
      vertex 23.3778 34.6641 19.2
      vertex 23.4882 34.5822 17
      vertex 23.3778 34.6641 17
    endloop
  endfacet
  facet normal 0.99881 -0.0487757 0
    outer loop
      vertex 23.9933 32.5628 19.2
      vertex 24 32.7 17
      vertex 24 32.7 19.2
    endloop
  endfacet
  facet normal 0.99881 -0.0487757 0
    outer loop
      vertex 24 32.7 17
      vertex 23.9933 32.5628 19.2
      vertex 23.9933 32.5628 17
    endloop
  endfacet
  facet normal -0.941544 -0.336889 0
    outer loop
      vertex -23.8934 32.1642 17
      vertex -23.9397 32.2936 19.2
      vertex -23.9397 32.2936 17
    endloop
  endfacet
  facet normal -0.941544 -0.336889 0
    outer loop
      vertex -23.9397 32.2936 19.2
      vertex -23.8934 32.1642 17
      vertex -23.8934 32.1642 19.2
    endloop
  endfacet
  facet normal -0.904108 0.427304 0
    outer loop
      vertex -23.8934 34.0358 17
      vertex -23.8347 34.16 19.2
      vertex -23.8347 34.16 17
    endloop
  endfacet
  facet normal -0.904108 0.427304 0
    outer loop
      vertex -23.8347 34.16 19.2
      vertex -23.8934 34.0358 17
      vertex -23.8934 34.0358 19.2
    endloop
  endfacet
  facet normal 0.7405 -0.672056 0
    outer loop
      vertex 23.5899 31.7101 19.2
      vertex 23.6822 31.8118 17
      vertex 23.6822 31.8118 19.2
    endloop
  endfacet
  facet normal 0.7405 -0.672056 0
    outer loop
      vertex 23.6822 31.8118 17
      vertex 23.5899 31.7101 19.2
      vertex 23.5899 31.7101 17
    endloop
  endfacet
  facet normal -0.970014 -0.243049 0
    outer loop
      vertex -23.9397 32.2936 17
      vertex -23.9731 32.4269 19.2
      vertex -23.9731 32.4269 17
    endloop
  endfacet
  facet normal -0.970014 -0.243049 0
    outer loop
      vertex -23.9731 32.4269 19.2
      vertex -23.9397 32.2936 17
      vertex -23.9397 32.2936 19.2
    endloop
  endfacet
  facet normal 0.243049 -0.970014 0
    outer loop
      vertex 22.8731 31.3269 19.15
      vertex 23.0064 31.3603 19.2
      vertex 22.8731 31.3269 19.2
    endloop
  endfacet
  facet normal 0.243049 -0.970014 0
    outer loop
      vertex 23.0064 31.3603 19.2
      vertex 22.8731 31.3269 19.15
      vertex 23.0064 31.3603 19.15
    endloop
  endfacet
  facet normal -0.904108 -0.427304 0
    outer loop
      vertex -23.8347 32.04 17
      vertex -23.8934 32.1642 19.2
      vertex -23.8934 32.1642 17
    endloop
  endfacet
  facet normal -0.904108 -0.427304 0
    outer loop
      vertex -23.8934 32.1642 19.2
      vertex -23.8347 32.04 17
      vertex -23.8347 32.04 19.2
    endloop
  endfacet
  facet normal -0.514067 0.85775 0
    outer loop
      vertex -23.26 34.7347 17
      vertex -23.3778 34.6641 19.2
      vertex -23.26 34.7347 19.2
    endloop
  endfacet
  facet normal -0.514067 0.85775 0
    outer loop
      vertex -23.3778 34.6641 19.2
      vertex -23.26 34.7347 17
      vertex -23.3778 34.6641 17
    endloop
  endfacet
  facet normal -0.7405 -0.672056 0
    outer loop
      vertex -23.5899 31.7101 17
      vertex -23.6822 31.8118 19.2
      vertex -23.6822 31.8118 17
    endloop
  endfacet
  facet normal -0.7405 -0.672056 0
    outer loop
      vertex -23.6822 31.8118 19.2
      vertex -23.5899 31.7101 17
      vertex -23.5899 31.7101 19.2
    endloop
  endfacet
  facet normal -0.85775 0.514067 0
    outer loop
      vertex -23.8347 34.16 17
      vertex -23.7641 34.2778 19.2
      vertex -23.7641 34.2778 17
    endloop
  endfacet
  facet normal -0.85775 0.514067 0
    outer loop
      vertex -23.7641 34.2778 19.2
      vertex -23.8347 34.16 17
      vertex -23.8347 34.16 19.2
    endloop
  endfacet
  facet normal -0.941544 0.336889 0
    outer loop
      vertex -23.9397 33.9064 17
      vertex -23.8934 34.0358 19.2
      vertex -23.8934 34.0358 17
    endloop
  endfacet
  facet normal -0.941544 0.336889 0
    outer loop
      vertex -23.8934 34.0358 19.2
      vertex -23.9397 33.9064 17
      vertex -23.9397 33.9064 19.2
    endloop
  endfacet
  facet normal -0.99881 0.0487757 0
    outer loop
      vertex -24 33.5 17
      vertex -23.9933 33.6372 19.2
      vertex -23.9933 33.6372 17
    endloop
  endfacet
  facet normal -0.99881 0.0487757 0
    outer loop
      vertex -23.9933 33.6372 19.2
      vertex -24 33.5 17
      vertex -24 33.5 19.2
    endloop
  endfacet
  facet normal 0 0 -1
    outer loop
      vertex 23.5789 31.7 17
      vertex 24 32.7 17
      vertex 23.9933 32.5628 17
    endloop
  endfacet
  facet normal 0 0 -1
    outer loop
      vertex 24 32.7 17
      vertex 22.6 34.9 17
      vertex 24 33.5 17
    endloop
  endfacet
  facet normal 0 0 -1
    outer loop
      vertex 23.5789 31.7 17
      vertex 23.9933 32.5628 17
      vertex 23.9731 32.4269 17
    endloop
  endfacet
  facet normal 0 0 -1
    outer loop
      vertex 24 33.5 17
      vertex 22.6 34.9 17
      vertex 23.9933 33.6372 17
    endloop
  endfacet
  facet normal 0 0 -1
    outer loop
      vertex 23.5789 31.7 17
      vertex 23.9731 32.4269 17
      vertex 23.9397 32.2936 17
    endloop
  endfacet
  facet normal 0 0 -1
    outer loop
      vertex 23.9933 33.6372 17
      vertex 22.6 34.9 17
      vertex 23.9731 33.7731 17
    endloop
  endfacet
  facet normal 0 0 -1
    outer loop
      vertex 23.5789 31.7 17
      vertex 23.9397 32.2936 17
      vertex 23.8934 32.1642 17
    endloop
  endfacet
  facet normal 0 0 -1
    outer loop
      vertex 23.9731 33.7731 17
      vertex 22.6 34.9 17
      vertex 23.9397 33.9064 17
    endloop
  endfacet
  facet normal 0 0 -1
    outer loop
      vertex 23.5789 31.7 17
      vertex 23.8934 32.1642 17
      vertex 23.8347 32.04 17
    endloop
  endfacet
  facet normal 0 0 -1
    outer loop
      vertex 23.9397 33.9064 17
      vertex 22.6 34.9 17
      vertex 23.8934 34.0358 17
    endloop
  endfacet
  facet normal 0 0 -1
    outer loop
      vertex 23.5789 31.7 17
      vertex 23.8347 32.04 17
      vertex 23.7641 31.9222 17
    endloop
  endfacet
  facet normal 0 0 -1
    outer loop
      vertex 23.8934 34.0358 17
      vertex 22.6 34.9 17
      vertex 23.8347 34.16 17
    endloop
  endfacet
  facet normal 0 0 -1
    outer loop
      vertex 23.5789 31.7 17
      vertex 23.7641 31.9222 17
      vertex 23.6822 31.8118 17
    endloop
  endfacet
  facet normal 0 0 -1
    outer loop
      vertex 23.8347 34.16 17
      vertex 22.6 34.9 17
      vertex 23.7641 34.2778 17
    endloop
  endfacet
  facet normal 0 0 -1
    outer loop
      vertex 23.5789 31.7 17
      vertex 23.6822 31.8118 17
      vertex 23.5899 31.7101 17
    endloop
  endfacet
  facet normal 0 0 -1
    outer loop
      vertex 23.7641 34.2778 17
      vertex 22.6 34.9 17
      vertex 23.6822 34.3881 17
    endloop
  endfacet
  facet normal -0 0 -1
    outer loop
      vertex 24 32.7 17
      vertex 23.5789 31.7 17
      vertex 22.6 34.9 17
    endloop
  endfacet
  facet normal 0 0 -1
    outer loop
      vertex 23.6822 34.3881 17
      vertex 22.6 34.9 17
      vertex 23.5899 34.4899 17
    endloop
  endfacet
  facet normal 0 0 -1
    outer loop
      vertex 23.5899 34.4899 17
      vertex 22.6 34.9 17
      vertex 23.4882 34.5822 17
    endloop
  endfacet
  facet normal 0 0 -1
    outer loop
      vertex 23.4882 34.5822 17
      vertex 22.6 34.9 17
      vertex 23.3778 34.6641 17
    endloop
  endfacet
  facet normal 0 0 -1
    outer loop
      vertex 23.3778 34.6641 17
      vertex 22.6 34.9 17
      vertex 23.26 34.7347 17
    endloop
  endfacet
  facet normal 0 0 -1
    outer loop
      vertex 23.26 34.7347 17
      vertex 22.6 34.9 17
      vertex 23.1358 34.7934 17
    endloop
  endfacet
  facet normal 0 0 -1
    outer loop
      vertex 23.1358 34.7934 17
      vertex 22.6 34.9 17
      vertex 23.0064 34.8397 17
    endloop
  endfacet
  facet normal 0 0 -1
    outer loop
      vertex 23.0064 34.8397 17
      vertex 22.6 34.9 17
      vertex 22.8731 34.8731 17
    endloop
  endfacet
  facet normal 0 0 -1
    outer loop
      vertex 22.8731 34.8731 17
      vertex 22.6 34.9 17
      vertex 22.7372 34.8933 17
    endloop
  endfacet
  facet normal 0 0 -1
    outer loop
      vertex 23.5789 31.7 17
      vertex -22.6 34.9 17
      vertex 22.6 34.9 17
    endloop
  endfacet
  facet normal 0 0 -1
    outer loop
      vertex -23.5789 31.7 17
      vertex -22.6 34.9 17
      vertex 23.5789 31.7 17
    endloop
  endfacet
  facet normal 0 0 -1
    outer loop
      vertex -24 32.7 17
      vertex -22.6 34.9 17
      vertex -23.5789 31.7 17
    endloop
  endfacet
  facet normal 0 0 -1
    outer loop
      vertex -24 33.5 17
      vertex -22.6 34.9 17
      vertex -24 32.7 17
    endloop
  endfacet
  facet normal 0 0 -1
    outer loop
      vertex -22.6 34.9 17
      vertex -24 33.5 17
      vertex -22.7372 34.8933 17
    endloop
  endfacet
  facet normal 0 0 -1
    outer loop
      vertex -22.7372 34.8933 17
      vertex -24 33.5 17
      vertex -22.8731 34.8731 17
    endloop
  endfacet
  facet normal 0 0 -1
    outer loop
      vertex -22.8731 34.8731 17
      vertex -24 33.5 17
      vertex -23.0064 34.8397 17
    endloop
  endfacet
  facet normal 0 0 -1
    outer loop
      vertex -23.0064 34.8397 17
      vertex -24 33.5 17
      vertex -23.1358 34.7934 17
    endloop
  endfacet
  facet normal 0 0 -1
    outer loop
      vertex -23.1358 34.7934 17
      vertex -24 33.5 17
      vertex -23.26 34.7347 17
    endloop
  endfacet
  facet normal 0 0 -1
    outer loop
      vertex -23.6822 31.8118 17
      vertex -23.5789 31.7 17
      vertex -23.5899 31.7101 17
    endloop
  endfacet
  facet normal 0 0 -1
    outer loop
      vertex -23.26 34.7347 17
      vertex -24 33.5 17
      vertex -23.3778 34.6641 17
    endloop
  endfacet
  facet normal 0 0 -1
    outer loop
      vertex -23.5789 31.7 17
      vertex -23.6822 31.8118 17
      vertex -24 32.7 17
    endloop
  endfacet
  facet normal 0 0 -1
    outer loop
      vertex -23.3778 34.6641 17
      vertex -24 33.5 17
      vertex -23.4882 34.5822 17
    endloop
  endfacet
  facet normal 0 0 -1
    outer loop
      vertex -24 32.7 17
      vertex -23.6822 31.8118 17
      vertex -23.7641 31.9222 17
    endloop
  endfacet
  facet normal 0 0 -1
    outer loop
      vertex -23.4882 34.5822 17
      vertex -24 33.5 17
      vertex -23.5899 34.4899 17
    endloop
  endfacet
  facet normal 0 0 -1
    outer loop
      vertex -24 32.7 17
      vertex -23.7641 31.9222 17
      vertex -23.8347 32.04 17
    endloop
  endfacet
  facet normal 0 0 -1
    outer loop
      vertex -23.5899 34.4899 17
      vertex -24 33.5 17
      vertex -23.6822 34.3881 17
    endloop
  endfacet
  facet normal 0 0 -1
    outer loop
      vertex -24 32.7 17
      vertex -23.8347 32.04 17
      vertex -23.8934 32.1642 17
    endloop
  endfacet
  facet normal 0 0 -1
    outer loop
      vertex -23.6822 34.3881 17
      vertex -24 33.5 17
      vertex -23.7641 34.2778 17
    endloop
  endfacet
  facet normal 0 0 -1
    outer loop
      vertex -24 32.7 17
      vertex -23.8934 32.1642 17
      vertex -23.9397 32.2936 17
    endloop
  endfacet
  facet normal 0 0 -1
    outer loop
      vertex -23.7641 34.2778 17
      vertex -24 33.5 17
      vertex -23.8347 34.16 17
    endloop
  endfacet
  facet normal 0 0 -1
    outer loop
      vertex -24 32.7 17
      vertex -23.9397 32.2936 17
      vertex -23.9731 32.4269 17
    endloop
  endfacet
  facet normal 0 0 -1
    outer loop
      vertex -23.8347 34.16 17
      vertex -24 33.5 17
      vertex -23.8934 34.0358 17
    endloop
  endfacet
  facet normal 0 0 -1
    outer loop
      vertex -24 32.7 17
      vertex -23.9731 32.4269 17
      vertex -23.9933 32.5628 17
    endloop
  endfacet
  facet normal 0 0 -1
    outer loop
      vertex -23.8934 34.0358 17
      vertex -24 33.5 17
      vertex -23.9397 33.9064 17
    endloop
  endfacet
  facet normal 0 0 -1
    outer loop
      vertex -23.9397 33.9064 17
      vertex -24 33.5 17
      vertex -23.9731 33.7731 17
    endloop
  endfacet
  facet normal 0 0 -1
    outer loop
      vertex -23.9731 33.7731 17
      vertex -24 33.5 17
      vertex -23.9933 33.6372 17
    endloop
  endfacet
  facet normal -0.802873 0.59615 0
    outer loop
      vertex -23.7641 34.2778 17
      vertex -23.6822 34.3881 19.2
      vertex -23.6822 34.3881 17
    endloop
  endfacet
  facet normal -0.802873 0.59615 0
    outer loop
      vertex -23.6822 34.3881 19.2
      vertex -23.7641 34.2778 17
      vertex -23.7641 34.2778 19.2
    endloop
  endfacet
endsolid OpenSCAD_Model
