solid OpenSCAD_Model
  facet normal 0.998828 0.0484002 0
    outer loop
      vertex -16.5 1 8.55
      vertex -16.5019 1.03921 3
      vertex -16.5019 1.03921 8.55
    endloop
  endfacet
  facet normal 0.998828 0.0484002 0
    outer loop
      vertex -16.5019 1.03921 3
      vertex -16.5 1 8.55
      vertex -16.5 1 3
    endloop
  endfacet
  facet normal 0.146844 0.98916 -0
    outer loop
      vertex -16.822 1.39231 3
      vertex -16.8608 1.39807 8.55
      vertex -16.822 1.39231 8.55
    endloop
  endfacet
  facet normal 0.146844 0.98916 0
    outer loop
      vertex -16.8608 1.39807 8.55
      vertex -16.822 1.39231 3
      vertex -16.8608 1.39807 3
    endloop
  endfacet
  facet normal -0.803015 0.595958 0
    outer loop
      vertex -19.4326 1.22223 3
      vertex -19.4092 1.25376 8.55
      vertex -19.4092 1.25376 3
    endloop
  endfacet
  facet normal -0.803015 0.595958 0
    outer loop
      vertex -19.4092 1.25376 8.55
      vertex -19.4326 1.22223 3
      vertex -19.4326 1.22223 8.55
    endloop
  endfacet
  facet normal 0.989028 0.14773 0
    outer loop
      vertex -16.5019 1.03921 8.55
      vertex -16.5077 1.07804 3
      vertex -16.5077 1.07804 8.55
    endloop
  endfacet
  facet normal 0.989028 0.14773 0
    outer loop
      vertex -16.5077 1.07804 3
      vertex -16.5019 1.03921 8.55
      vertex -16.5019 1.03921 3
    endloop
  endfacet
  facet normal -0.989027 -0.147738 0
    outer loop
      vertex -19.4923 0.921965 3
      vertex -19.4981 0.960793 8.55
      vertex -19.4981 0.960793 3
    endloop
  endfacet
  facet normal -0.989027 -0.147738 0
    outer loop
      vertex -19.4981 0.960793 8.55
      vertex -19.4923 0.921965 3
      vertex -19.4923 0.921965 8.55
    endloop
  endfacet
  facet normal 0.803015 0.595958 0
    outer loop
      vertex -16.5674 1.22223 8.55
      vertex -16.5908 1.25376 3
      vertex -16.5908 1.25376 8.55
    endloop
  endfacet
  facet normal 0.803015 0.595958 0
    outer loop
      vertex -16.5908 1.25376 3
      vertex -16.5674 1.22223 8.55
      vertex -16.5674 1.22223 3
    endloop
  endfacet
  facet normal -0.594942 0.803769 0
    outer loop
      vertex -19.3222 1.33259 3
      vertex -19.3538 1.3092 8.55
      vertex -19.3222 1.33259 8.55
    endloop
  endfacet
  facet normal -0.594942 0.803769 0
    outer loop
      vertex -19.3538 1.3092 8.55
      vertex -19.3222 1.33259 3
      vertex -19.3538 1.3092 3
    endloop
  endfacet
  facet normal -0.941742 0.336336 0
    outer loop
      vertex -19.4828 1.11611 3
      vertex -19.4696 1.15307 8.55
      vertex -19.4696 1.15307 3
    endloop
  endfacet
  facet normal -0.941742 0.336336 0
    outer loop
      vertex -19.4696 1.15307 8.55
      vertex -19.4828 1.11611 3
      vertex -19.4828 1.11611 8.55
    endloop
  endfacet
  facet normal 0.941742 0.336336 0
    outer loop
      vertex -16.5172 1.11611 8.55
      vertex -16.5304 1.15307 3
      vertex -16.5304 1.15307 8.55
    endloop
  endfacet
  facet normal 0.941742 0.336336 0
    outer loop
      vertex -16.5304 1.15307 3
      vertex -16.5172 1.11611 8.55
      vertex -16.5172 1.11611 3
    endloop
  endfacet
  facet normal -0.242655 0.970113 0
    outer loop
      vertex -19.178 1.39231 3
      vertex -19.2161 1.38278 8.55
      vertex -19.178 1.39231 8.55
    endloop
  endfacet
  facet normal -0.242655 0.970113 0
    outer loop
      vertex -19.2161 1.38278 8.55
      vertex -19.178 1.39231 3
      vertex -19.2161 1.38278 3
    endloop
  endfacet
  facet normal -0.970261 -0.242062 0
    outer loop
      vertex -19.4828 0.883886 3
      vertex -19.4923 0.921965 8.55
      vertex -19.4923 0.921965 3
    endloop
  endfacet
  facet normal -0.970261 -0.242062 0
    outer loop
      vertex -19.4923 0.921965 8.55
      vertex -19.4828 0.883886 3
      vertex -19.4828 0.883886 8.55
    endloop
  endfacet
  facet normal 0.514871 0.857268 -0
    outer loop
      vertex -16.6778 1.33259 3
      vertex -16.7114 1.35277 8.55
      vertex -16.6778 1.33259 8.55
    endloop
  endfacet
  facet normal 0.514871 0.857268 0
    outer loop
      vertex -16.7114 1.35277 8.55
      vertex -16.6778 1.33259 3
      vertex -16.7114 1.35277 3
    endloop
  endfacet
  facet normal -0.970247 0.242116 0
    outer loop
      vertex -19.4923 1.07804 3
      vertex -19.4828 1.11611 8.55
      vertex -19.4828 1.11611 3
    endloop
  endfacet
  facet normal -0.970247 0.242116 0
    outer loop
      vertex -19.4828 1.11611 8.55
      vertex -19.4923 1.07804 3
      vertex -19.4923 1.07804 8.55
    endloop
  endfacet
  facet normal -0.857515 0.514458 0
    outer loop
      vertex -19.4528 1.18856 3
      vertex -19.4326 1.22223 8.55
      vertex -19.4326 1.22223 3
    endloop
  endfacet
  facet normal -0.857515 0.514458 0
    outer loop
      vertex -19.4326 1.22223 8.55
      vertex -19.4528 1.18856 3
      vertex -19.4528 1.18856 8.55
    endloop
  endfacet
  facet normal 0.740401 0.672166 0
    outer loop
      vertex -16.5908 1.25376 8.55
      vertex -16.6172 1.28284 3
      vertex -16.6172 1.28284 8.55
    endloop
  endfacet
  facet normal 0.740401 0.672166 0
    outer loop
      vertex -16.6172 1.28284 3
      vertex -16.5908 1.25376 8.55
      vertex -16.5908 1.25376 3
    endloop
  endfacet
  facet normal 0.970247 0.242116 0
    outer loop
      vertex -16.5077 1.07804 8.55
      vertex -16.5172 1.11611 3
      vertex -16.5172 1.11611 8.55
    endloop
  endfacet
  facet normal 0.970247 0.242116 0
    outer loop
      vertex -16.5172 1.11611 3
      vertex -16.5077 1.07804 8.55
      vertex -16.5077 1.07804 3
    endloop
  endfacet
  facet normal -0.998828 0.0484002 0
    outer loop
      vertex -19.5 1 3
      vertex -19.4981 1.03921 8.55
      vertex -19.4981 1.03921 3
    endloop
  endfacet
  facet normal -0.998828 0.0484002 0
    outer loop
      vertex -19.4981 1.03921 8.55
      vertex -19.5 1 3
      vertex -19.5 1 8.55
    endloop
  endfacet
  facet normal 0.941739 -0.336344 0
    outer loop
      vertex -16.5304 0.846927 8.55
      vertex -16.5172 0.883886 3
      vertex -16.5172 0.883886 8.55
    endloop
  endfacet
  facet normal 0.941739 -0.336344 0
    outer loop
      vertex -16.5172 0.883886 3
      vertex -16.5304 0.846927 8.55
      vertex -16.5304 0.846927 3
    endloop
  endfacet
  facet normal -0.989028 0.14773 0
    outer loop
      vertex -19.4981 1.03921 3
      vertex -19.4923 1.07804 8.55
      vertex -19.4923 1.07804 3
    endloop
  endfacet
  facet normal -0.989028 0.14773 0
    outer loop
      vertex -19.4923 1.07804 8.55
      vertex -19.4981 1.03921 3
      vertex -19.4981 1.03921 8.55
    endloop
  endfacet
  facet normal -0.903828 -0.427896 0
    outer loop
      vertex -19.4528 0.811441 3
      vertex -19.4696 0.846927 8.55
      vertex -19.4696 0.846927 3
    endloop
  endfacet
  facet normal -0.903828 -0.427896 0
    outer loop
      vertex -19.4696 0.846927 8.55
      vertex -19.4528 0.811441 3
      vertex -19.4528 0.811441 8.55
    endloop
  endfacet
  facet normal 0.672622 0.739986 -0
    outer loop
      vertex -16.6172 1.28284 3
      vertex -16.6462 1.3092 8.55
      vertex -16.6172 1.28284 8.55
    endloop
  endfacet
  facet normal 0.672622 0.739986 0
    outer loop
      vertex -16.6462 1.3092 8.55
      vertex -16.6172 1.28284 3
      vertex -16.6462 1.3092 3
    endloop
  endfacet
  facet normal 0.970261 -0.242062 0
    outer loop
      vertex -16.5172 0.883886 8.55
      vertex -16.5077 0.921965 3
      vertex -16.5077 0.921965 8.55
    endloop
  endfacet
  facet normal 0.970261 -0.242062 0
    outer loop
      vertex -16.5077 0.921965 3
      vertex -16.5172 0.883886 8.55
      vertex -16.5172 0.883886 3
    endloop
  endfacet
  facet normal 0 1 -0
    outer loop
      vertex -16.9 1.4 3
      vertex -19.1 1.4 8.55
      vertex -16.9 1.4 8.55
    endloop
  endfacet
  facet normal 0 1 0
    outer loop
      vertex -19.1 1.4 8.55
      vertex -16.9 1.4 3
      vertex -19.1 1.4 3
    endloop
  endfacet
  facet normal 0.856342 -0.51641 0
    outer loop
      vertex -16.5541 0.799999 8.55
      vertex -16.5472 0.811441 3
      vertex -16.5472 0.811441 8.55
    endloop
  endfacet
  facet normal 0.856342 -0.51641 0
    outer loop
      vertex -16.5472 0.811441 3
      vertex -16.5541 0.799999 8.55
      vertex -16.5541 0.799999 3
    endloop
  endfacet
  facet normal 0 0 1
    outer loop
      vertex -16.5019 1.03921 8.55
      vertex -16.5019 0.960793 8.55
      vertex -16.5 1 8.55
    endloop
  endfacet
  facet normal 0 0 1
    outer loop
      vertex -16.5077 1.07804 8.55
      vertex -16.5019 0.960793 8.55
      vertex -16.5019 1.03921 8.55
    endloop
  endfacet
  facet normal 0 0 1
    outer loop
      vertex -16.5077 1.07804 8.55
      vertex -16.5077 0.921965 8.55
      vertex -16.5019 0.960793 8.55
    endloop
  endfacet
  facet normal 0 0 1
    outer loop
      vertex -16.5172 1.11611 8.55
      vertex -16.5077 0.921965 8.55
      vertex -16.5077 1.07804 8.55
    endloop
  endfacet
  facet normal 0 0 1
    outer loop
      vertex -16.5172 1.11611 8.55
      vertex -16.5172 0.883886 8.55
      vertex -16.5077 0.921965 8.55
    endloop
  endfacet
  facet normal 0 0 1
    outer loop
      vertex -16.5304 1.15307 8.55
      vertex -16.5172 0.883886 8.55
      vertex -16.5172 1.11611 8.55
    endloop
  endfacet
  facet normal 0 0 1
    outer loop
      vertex -16.5304 1.15307 8.55
      vertex -16.5304 0.846927 8.55
      vertex -16.5172 0.883886 8.55
    endloop
  endfacet
  facet normal 0 0 1
    outer loop
      vertex -16.5472 1.18856 8.55
      vertex -16.5304 0.846927 8.55
      vertex -16.5304 1.15307 8.55
    endloop
  endfacet
  facet normal 0 0 1
    outer loop
      vertex -16.5541 0.799999 8.55
      vertex -16.5304 0.846927 8.55
      vertex -16.5472 1.18856 8.55
    endloop
  endfacet
  facet normal 0 0 1
    outer loop
      vertex -16.5304 0.846927 8.55
      vertex -16.5541 0.799999 8.55
      vertex -16.5472 0.811441 8.55
    endloop
  endfacet
  facet normal 0 0 1
    outer loop
      vertex -16.5674 1.22223 8.55
      vertex -16.5541 0.799999 8.55
      vertex -16.5472 1.18856 8.55
    endloop
  endfacet
  facet normal 0 0 1
    outer loop
      vertex -16.5908 1.25376 8.55
      vertex -16.5541 0.799999 8.55
      vertex -16.5674 1.22223 8.55
    endloop
  endfacet
  facet normal 0 0 1
    outer loop
      vertex -16.6172 1.28284 8.55
      vertex -16.5541 0.799999 8.55
      vertex -16.5908 1.25376 8.55
    endloop
  endfacet
  facet normal 0 0 1
    outer loop
      vertex -16.6462 1.3092 8.55
      vertex -16.5541 0.799999 8.55
      vertex -16.6172 1.28284 8.55
    endloop
  endfacet
  facet normal 0 0 1
    outer loop
      vertex -16.6778 1.33259 8.55
      vertex -16.5541 0.799999 8.55
      vertex -16.6462 1.3092 8.55
    endloop
  endfacet
  facet normal 0 0 1
    outer loop
      vertex -16.7114 1.35277 8.55
      vertex -16.5541 0.799999 8.55
      vertex -16.6778 1.33259 8.55
    endloop
  endfacet
  facet normal 0 0 1
    outer loop
      vertex -16.7469 1.36955 8.55
      vertex -16.5541 0.799999 8.55
      vertex -16.7114 1.35277 8.55
    endloop
  endfacet
  facet normal 0 0 1
    outer loop
      vertex -16.7839 1.38278 8.55
      vertex -16.5541 0.799999 8.55
      vertex -16.7469 1.36955 8.55
    endloop
  endfacet
  facet normal 0 0 1
    outer loop
      vertex -16.822 1.39231 8.55
      vertex -16.5541 0.799999 8.55
      vertex -16.7839 1.38278 8.55
    endloop
  endfacet
  facet normal 0 0 1
    outer loop
      vertex -16.8608 1.39807 8.55
      vertex -16.5541 0.799999 8.55
      vertex -16.822 1.39231 8.55
    endloop
  endfacet
  facet normal 0 0 1
    outer loop
      vertex -16.9 1.4 8.55
      vertex -16.5541 0.799999 8.55
      vertex -16.8608 1.39807 8.55
    endloop
  endfacet
  facet normal -0 0 1
    outer loop
      vertex -19.1 1.4 8.55
      vertex -16.5541 0.799999 8.55
      vertex -16.9 1.4 8.55
    endloop
  endfacet
  facet normal 0 0 1
    outer loop
      vertex -19.4459 0.799999 8.55
      vertex -19.1 1.4 8.55
      vertex -19.1392 1.39807 8.55
    endloop
  endfacet
  facet normal 0 0 1
    outer loop
      vertex -19.4459 0.799999 8.55
      vertex -19.1392 1.39807 8.55
      vertex -19.178 1.39231 8.55
    endloop
  endfacet
  facet normal 0 0 1
    outer loop
      vertex -19.4459 0.799999 8.55
      vertex -19.178 1.39231 8.55
      vertex -19.2161 1.38278 8.55
    endloop
  endfacet
  facet normal 0 0 1
    outer loop
      vertex -19.4459 0.799999 8.55
      vertex -19.2161 1.38278 8.55
      vertex -19.2531 1.36955 8.55
    endloop
  endfacet
  facet normal 0 0 1
    outer loop
      vertex -19.4459 0.799999 8.55
      vertex -19.2531 1.36955 8.55
      vertex -19.2886 1.35277 8.55
    endloop
  endfacet
  facet normal 0 0 1
    outer loop
      vertex -19.4459 0.799999 8.55
      vertex -19.2886 1.35277 8.55
      vertex -19.3222 1.33259 8.55
    endloop
  endfacet
  facet normal 0 0 1
    outer loop
      vertex -19.4459 0.799999 8.55
      vertex -19.3222 1.33259 8.55
      vertex -19.3538 1.3092 8.55
    endloop
  endfacet
  facet normal 0 0 1
    outer loop
      vertex -19.4459 0.799999 8.55
      vertex -19.3538 1.3092 8.55
      vertex -19.3828 1.28284 8.55
    endloop
  endfacet
  facet normal 0 0 1
    outer loop
      vertex -19.4459 0.799999 8.55
      vertex -19.3828 1.28284 8.55
      vertex -19.4092 1.25376 8.55
    endloop
  endfacet
  facet normal 0 0 1
    outer loop
      vertex -19.4459 0.799999 8.55
      vertex -19.4092 1.25376 8.55
      vertex -19.4326 1.22223 8.55
    endloop
  endfacet
  facet normal 0 0 1
    outer loop
      vertex -19.1 1.4 8.55
      vertex -19.4459 0.799999 8.55
      vertex -16.5541 0.799999 8.55
    endloop
  endfacet
  facet normal -0 0 1
    outer loop
      vertex -19.4528 1.18856 8.55
      vertex -19.4459 0.799999 8.55
      vertex -19.4326 1.22223 8.55
    endloop
  endfacet
  facet normal -0 0 1
    outer loop
      vertex -19.4696 1.15307 8.55
      vertex -19.4459 0.799999 8.55
      vertex -19.4528 1.18856 8.55
    endloop
  endfacet
  facet normal -0 0 1
    outer loop
      vertex -19.4696 0.846927 8.55
      vertex -19.4459 0.799999 8.55
      vertex -19.4696 1.15307 8.55
    endloop
  endfacet
  facet normal 0 0 1
    outer loop
      vertex -19.4459 0.799999 8.55
      vertex -19.4696 0.846927 8.55
      vertex -19.4528 0.811441 8.55
    endloop
  endfacet
  facet normal -0 0 1
    outer loop
      vertex -19.4828 1.11611 8.55
      vertex -19.4696 0.846927 8.55
      vertex -19.4696 1.15307 8.55
    endloop
  endfacet
  facet normal 0 0 1
    outer loop
      vertex -19.4828 1.11611 8.55
      vertex -19.4828 0.883886 8.55
      vertex -19.4696 0.846927 8.55
    endloop
  endfacet
  facet normal -0 0 1
    outer loop
      vertex -19.4923 1.07804 8.55
      vertex -19.4828 0.883886 8.55
      vertex -19.4828 1.11611 8.55
    endloop
  endfacet
  facet normal 0 0 1
    outer loop
      vertex -19.4923 1.07804 8.55
      vertex -19.4923 0.921965 8.55
      vertex -19.4828 0.883886 8.55
    endloop
  endfacet
  facet normal -0 0 1
    outer loop
      vertex -19.4981 1.03921 8.55
      vertex -19.4923 0.921965 8.55
      vertex -19.4923 1.07804 8.55
    endloop
  endfacet
  facet normal 0 0 1
    outer loop
      vertex -19.4981 1.03921 8.55
      vertex -19.4981 0.960793 8.55
      vertex -19.4923 0.921965 8.55
    endloop
  endfacet
  facet normal 0 -0 1
    outer loop
      vertex -19.4981 0.960793 8.55
      vertex -19.4981 1.03921 8.55
      vertex -19.5 1 8.55
    endloop
  endfacet
  facet normal 0.903847 0.427856 0
    outer loop
      vertex -16.5304 1.15307 8.55
      vertex -16.5472 1.18856 3
      vertex -16.5472 1.18856 8.55
    endloop
  endfacet
  facet normal 0.903847 0.427856 0
    outer loop
      vertex -16.5472 1.18856 3
      vertex -16.5304 1.15307 8.55
      vertex -16.5304 1.15307 3
    endloop
  endfacet
  facet normal 0.998828 -0.0484039 0
    outer loop
      vertex -16.5019 0.960793 8.55
      vertex -16.5 1 3
      vertex -16.5 1 8.55
    endloop
  endfacet
  facet normal 0.998828 -0.0484039 0
    outer loop
      vertex -16.5 1 3
      vertex -16.5019 0.960793 8.55
      vertex -16.5019 0.960793 3
    endloop
  endfacet
  facet normal -0.998828 -0.0484039 0
    outer loop
      vertex -19.4981 0.960793 3
      vertex -19.5 1 8.55
      vertex -19.5 1 3
    endloop
  endfacet
  facet normal -0.998828 -0.0484039 0
    outer loop
      vertex -19.5 1 8.55
      vertex -19.4981 0.960793 3
      vertex -19.4981 0.960793 8.55
    endloop
  endfacet
  facet normal -0.740401 0.672166 0
    outer loop
      vertex -19.4092 1.25376 3
      vertex -19.3828 1.28284 8.55
      vertex -19.3828 1.28284 3
    endloop
  endfacet
  facet normal -0.740401 0.672166 0
    outer loop
      vertex -19.3828 1.28284 8.55
      vertex -19.4092 1.25376 3
      vertex -19.4092 1.25376 8.55
    endloop
  endfacet
  facet normal -0.856342 -0.51641 0
    outer loop
      vertex -19.4459 0.799999 3
      vertex -19.4528 0.811441 8.55
      vertex -19.4528 0.811441 3
    endloop
  endfacet
  facet normal -0.856342 -0.51641 0
    outer loop
      vertex -19.4528 0.811441 8.55
      vertex -19.4459 0.799999 3
      vertex -19.4459 0.799999 8.55
    endloop
  endfacet
  facet normal 0.242655 0.970113 -0
    outer loop
      vertex -16.7839 1.38278 3
      vertex -16.822 1.39231 8.55
      vertex -16.7839 1.38278 8.55
    endloop
  endfacet
  facet normal 0.242655 0.970113 0
    outer loop
      vertex -16.822 1.39231 8.55
      vertex -16.7839 1.38278 3
      vertex -16.822 1.39231 3
    endloop
  endfacet
  facet normal 0.0491751 0.99879 -0
    outer loop
      vertex -16.8608 1.39807 3
      vertex -16.9 1.4 8.55
      vertex -16.8608 1.39807 8.55
    endloop
  endfacet
  facet normal 0.0491751 0.99879 0
    outer loop
      vertex -16.9 1.4 8.55
      vertex -16.8608 1.39807 3
      vertex -16.9 1.4 3
    endloop
  endfacet
  facet normal 0.857515 0.514458 0
    outer loop
      vertex -16.5472 1.18856 8.55
      vertex -16.5674 1.22223 3
      vertex -16.5674 1.22223 8.55
    endloop
  endfacet
  facet normal 0.857515 0.514458 0
    outer loop
      vertex -16.5674 1.22223 3
      vertex -16.5472 1.18856 8.55
      vertex -16.5472 1.18856 3
    endloop
  endfacet
  facet normal 0.989027 -0.147738 0
    outer loop
      vertex -16.5077 0.921965 8.55
      vertex -16.5019 0.960793 3
      vertex -16.5019 0.960793 8.55
    endloop
  endfacet
  facet normal 0.989027 -0.147738 0
    outer loop
      vertex -16.5019 0.960793 3
      vertex -16.5077 0.921965 8.55
      vertex -16.5077 0.921965 3
    endloop
  endfacet
  facet normal -0.0491751 0.99879 0
    outer loop
      vertex -19.1 1.4 3
      vertex -19.1392 1.39807 8.55
      vertex -19.1 1.4 8.55
    endloop
  endfacet
  facet normal -0.0491751 0.99879 0
    outer loop
      vertex -19.1392 1.39807 8.55
      vertex -19.1 1.4 3
      vertex -19.1392 1.39807 3
    endloop
  endfacet
  facet normal -0.146844 0.98916 0
    outer loop
      vertex -19.1392 1.39807 3
      vertex -19.178 1.39231 8.55
      vertex -19.1392 1.39807 8.55
    endloop
  endfacet
  facet normal -0.146844 0.98916 0
    outer loop
      vertex -19.178 1.39231 8.55
      vertex -19.1392 1.39807 3
      vertex -19.178 1.39231 3
    endloop
  endfacet
  facet normal -0.941739 -0.336344 0
    outer loop
      vertex -19.4696 0.846927 3
      vertex -19.4828 0.883886 8.55
      vertex -19.4828 0.883886 3
    endloop
  endfacet
  facet normal -0.941739 -0.336344 0
    outer loop
      vertex -19.4828 0.883886 8.55
      vertex -19.4696 0.846927 3
      vertex -19.4696 0.846927 8.55
    endloop
  endfacet
  facet normal 0.903828 -0.427896 0
    outer loop
      vertex -16.5472 0.811441 8.55
      vertex -16.5304 0.846927 3
      vertex -16.5304 0.846927 8.55
    endloop
  endfacet
  facet normal 0.903828 -0.427896 0
    outer loop
      vertex -16.5304 0.846927 3
      vertex -16.5472 0.811441 8.55
      vertex -16.5472 0.811441 3
    endloop
  endfacet
  facet normal -0.672622 0.739986 0
    outer loop
      vertex -19.3538 1.3092 3
      vertex -19.3828 1.28284 8.55
      vertex -19.3538 1.3092 8.55
    endloop
  endfacet
  facet normal -0.672622 0.739986 0
    outer loop
      vertex -19.3828 1.28284 8.55
      vertex -19.3538 1.3092 3
      vertex -19.3828 1.28284 3
    endloop
  endfacet
  facet normal -0.514871 0.857268 0
    outer loop
      vertex -19.2886 1.35277 3
      vertex -19.3222 1.33259 8.55
      vertex -19.2886 1.35277 8.55
    endloop
  endfacet
  facet normal -0.514871 0.857268 0
    outer loop
      vertex -19.3222 1.33259 8.55
      vertex -19.2886 1.35277 3
      vertex -19.3222 1.33259 3
    endloop
  endfacet
  facet normal 0.594942 0.803769 -0
    outer loop
      vertex -16.6462 1.3092 3
      vertex -16.6778 1.33259 8.55
      vertex -16.6462 1.3092 8.55
    endloop
  endfacet
  facet normal 0.594942 0.803769 0
    outer loop
      vertex -16.6778 1.33259 8.55
      vertex -16.6462 1.3092 3
      vertex -16.6778 1.33259 3
    endloop
  endfacet
  facet normal -0.903847 0.427856 0
    outer loop
      vertex -19.4696 1.15307 3
      vertex -19.4528 1.18856 8.55
      vertex -19.4528 1.18856 3
    endloop
  endfacet
  facet normal -0.903847 0.427856 0
    outer loop
      vertex -19.4528 1.18856 8.55
      vertex -19.4696 1.15307 3
      vertex -19.4696 1.15307 8.55
    endloop
  endfacet
  facet normal -0.336691 0.941615 0
    outer loop
      vertex -19.2161 1.38278 3
      vertex -19.2531 1.36955 8.55
      vertex -19.2161 1.38278 8.55
    endloop
  endfacet
  facet normal -0.336691 0.941615 0
    outer loop
      vertex -19.2531 1.36955 8.55
      vertex -19.2161 1.38278 3
      vertex -19.2531 1.36955 3
    endloop
  endfacet
  facet normal 0.336691 0.941615 -0
    outer loop
      vertex -16.7469 1.36955 3
      vertex -16.7839 1.38278 8.55
      vertex -16.7469 1.36955 8.55
    endloop
  endfacet
  facet normal 0.336691 0.941615 0
    outer loop
      vertex -16.7839 1.38278 8.55
      vertex -16.7469 1.36955 3
      vertex -16.7839 1.38278 3
    endloop
  endfacet
  facet normal 0.427342 0.90409 -0
    outer loop
      vertex -16.7114 1.35277 3
      vertex -16.7469 1.36955 8.55
      vertex -16.7114 1.35277 8.55
    endloop
  endfacet
  facet normal 0.427342 0.90409 0
    outer loop
      vertex -16.7469 1.36955 8.55
      vertex -16.7114 1.35277 3
      vertex -16.7469 1.36955 3
    endloop
  endfacet
  facet normal -0.427342 0.90409 0
    outer loop
      vertex -19.2531 1.36955 3
      vertex -19.2886 1.35277 8.55
      vertex -19.2531 1.36955 8.55
    endloop
  endfacet
  facet normal -0.427342 0.90409 0
    outer loop
      vertex -19.2886 1.35277 8.55
      vertex -19.2531 1.36955 3
      vertex -19.2886 1.35277 3
    endloop
  endfacet
  facet normal 0 0 -1
    outer loop
      vertex -16.5019 0.960793 3
      vertex -16.5019 1.03921 3
      vertex -16.5 1 3
    endloop
  endfacet
  facet normal 0 0 -1
    outer loop
      vertex -16.5077 0.921965 3
      vertex -16.5019 1.03921 3
      vertex -16.5019 0.960793 3
    endloop
  endfacet
  facet normal 0 0 -1
    outer loop
      vertex -16.5077 0.921965 3
      vertex -16.5077 1.07804 3
      vertex -16.5019 1.03921 3
    endloop
  endfacet
  facet normal 0 0 -1
    outer loop
      vertex -16.5172 0.883886 3
      vertex -16.5077 1.07804 3
      vertex -16.5077 0.921965 3
    endloop
  endfacet
  facet normal 0 0 -1
    outer loop
      vertex -16.5172 0.883886 3
      vertex -16.5172 1.11611 3
      vertex -16.5077 1.07804 3
    endloop
  endfacet
  facet normal 0 0 -1
    outer loop
      vertex -16.5304 0.846927 3
      vertex -16.5172 1.11611 3
      vertex -16.5172 0.883886 3
    endloop
  endfacet
  facet normal 0 0 -1
    outer loop
      vertex -16.5304 0.846927 3
      vertex -16.5304 1.15307 3
      vertex -16.5172 1.11611 3
    endloop
  endfacet
  facet normal 0 0 -1
    outer loop
      vertex -16.5541 0.799999 3
      vertex -16.5304 0.846927 3
      vertex -16.5472 0.811441 3
    endloop
  endfacet
  facet normal -0 0 -1
    outer loop
      vertex -16.5304 0.846927 3
      vertex -16.5541 0.799999 3
      vertex -16.5304 1.15307 3
    endloop
  endfacet
  facet normal -0 0 -1
    outer loop
      vertex -16.5304 1.15307 3
      vertex -16.5541 0.799999 3
      vertex -16.5472 1.18856 3
    endloop
  endfacet
  facet normal 0 0 -1
    outer loop
      vertex -16.5541 0.799999 3
      vertex -16.5674 1.22223 3
      vertex -16.5472 1.18856 3
    endloop
  endfacet
  facet normal 0 0 -1
    outer loop
      vertex -16.5541 0.799999 3
      vertex -16.5908 1.25376 3
      vertex -16.5674 1.22223 3
    endloop
  endfacet
  facet normal 0 0 -1
    outer loop
      vertex -16.5541 0.799999 3
      vertex -16.6172 1.28284 3
      vertex -16.5908 1.25376 3
    endloop
  endfacet
  facet normal 0 0 -1
    outer loop
      vertex -16.5541 0.799999 3
      vertex -16.6462 1.3092 3
      vertex -16.6172 1.28284 3
    endloop
  endfacet
  facet normal 0 0 -1
    outer loop
      vertex -16.5541 0.799999 3
      vertex -16.6778 1.33259 3
      vertex -16.6462 1.3092 3
    endloop
  endfacet
  facet normal 0 0 -1
    outer loop
      vertex -16.5541 0.799999 3
      vertex -16.7114 1.35277 3
      vertex -16.6778 1.33259 3
    endloop
  endfacet
  facet normal 0 0 -1
    outer loop
      vertex -16.5541 0.799999 3
      vertex -16.7469 1.36955 3
      vertex -16.7114 1.35277 3
    endloop
  endfacet
  facet normal 0 0 -1
    outer loop
      vertex -16.5541 0.799999 3
      vertex -16.7839 1.38278 3
      vertex -16.7469 1.36955 3
    endloop
  endfacet
  facet normal 0 0 -1
    outer loop
      vertex -16.5541 0.799999 3
      vertex -16.822 1.39231 3
      vertex -16.7839 1.38278 3
    endloop
  endfacet
  facet normal 0 0 -1
    outer loop
      vertex -16.5541 0.799999 3
      vertex -16.8608 1.39807 3
      vertex -16.822 1.39231 3
    endloop
  endfacet
  facet normal 0 0 -1
    outer loop
      vertex -16.5541 0.799999 3
      vertex -16.9 1.4 3
      vertex -16.8608 1.39807 3
    endloop
  endfacet
  facet normal 0 0 -1
    outer loop
      vertex -16.5541 0.799999 3
      vertex -19.1 1.4 3
      vertex -16.9 1.4 3
    endloop
  endfacet
  facet normal 0 0 -1
    outer loop
      vertex -19.4459 0.799999 3
      vertex -19.1 1.4 3
      vertex -16.5541 0.799999 3
    endloop
  endfacet
  facet normal 0 0 -1
    outer loop
      vertex -19.1 1.4 3
      vertex -19.4459 0.799999 3
      vertex -19.1392 1.39807 3
    endloop
  endfacet
  facet normal 0 0 -1
    outer loop
      vertex -19.1392 1.39807 3
      vertex -19.4459 0.799999 3
      vertex -19.178 1.39231 3
    endloop
  endfacet
  facet normal 0 0 -1
    outer loop
      vertex -19.178 1.39231 3
      vertex -19.4459 0.799999 3
      vertex -19.2161 1.38278 3
    endloop
  endfacet
  facet normal 0 0 -1
    outer loop
      vertex -19.2161 1.38278 3
      vertex -19.4459 0.799999 3
      vertex -19.2531 1.36955 3
    endloop
  endfacet
  facet normal 0 0 -1
    outer loop
      vertex -19.2531 1.36955 3
      vertex -19.4459 0.799999 3
      vertex -19.2886 1.35277 3
    endloop
  endfacet
  facet normal 0 0 -1
    outer loop
      vertex -19.2886 1.35277 3
      vertex -19.4459 0.799999 3
      vertex -19.3222 1.33259 3
    endloop
  endfacet
  facet normal 0 0 -1
    outer loop
      vertex -19.3222 1.33259 3
      vertex -19.4459 0.799999 3
      vertex -19.3538 1.3092 3
    endloop
  endfacet
  facet normal 0 0 -1
    outer loop
      vertex -19.3538 1.3092 3
      vertex -19.4459 0.799999 3
      vertex -19.3828 1.28284 3
    endloop
  endfacet
  facet normal 0 0 -1
    outer loop
      vertex -19.3828 1.28284 3
      vertex -19.4459 0.799999 3
      vertex -19.4092 1.25376 3
    endloop
  endfacet
  facet normal 0 0 -1
    outer loop
      vertex -19.4092 1.25376 3
      vertex -19.4459 0.799999 3
      vertex -19.4326 1.22223 3
    endloop
  endfacet
  facet normal 0 0 -1
    outer loop
      vertex -19.4696 0.846927 3
      vertex -19.4459 0.799999 3
      vertex -19.4528 0.811441 3
    endloop
  endfacet
  facet normal 0 0 -1
    outer loop
      vertex -19.4459 0.799999 3
      vertex -19.4528 1.18856 3
      vertex -19.4326 1.22223 3
    endloop
  endfacet
  facet normal 0 0 -1
    outer loop
      vertex -19.4459 0.799999 3
      vertex -19.4696 0.846927 3
      vertex -19.4528 1.18856 3
    endloop
  endfacet
  facet normal 0 0 -1
    outer loop
      vertex -19.4696 0.846927 3
      vertex -19.4696 1.15307 3
      vertex -19.4528 1.18856 3
    endloop
  endfacet
  facet normal 0 0 -1
    outer loop
      vertex -19.4828 0.883886 3
      vertex -19.4696 1.15307 3
      vertex -19.4696 0.846927 3
    endloop
  endfacet
  facet normal 0 0 -1
    outer loop
      vertex -19.4828 0.883886 3
      vertex -19.4828 1.11611 3
      vertex -19.4696 1.15307 3
    endloop
  endfacet
  facet normal 0 0 -1
    outer loop
      vertex -19.4923 0.921965 3
      vertex -19.4828 1.11611 3
      vertex -19.4828 0.883886 3
    endloop
  endfacet
  facet normal 0 0 -1
    outer loop
      vertex -19.4923 0.921965 3
      vertex -19.4923 1.07804 3
      vertex -19.4828 1.11611 3
    endloop
  endfacet
  facet normal 0 0 -1
    outer loop
      vertex -19.4981 0.960793 3
      vertex -19.4923 1.07804 3
      vertex -19.4923 0.921965 3
    endloop
  endfacet
  facet normal 0 0 -1
    outer loop
      vertex -19.4981 0.960793 3
      vertex -19.4981 1.03921 3
      vertex -19.4923 1.07804 3
    endloop
  endfacet
  facet normal 0 -0 -1
    outer loop
      vertex -19.4981 1.03921 3
      vertex -19.4981 0.960793 3
      vertex -19.5 1 3
    endloop
  endfacet
  facet normal 0.998791 0.0491626 0
    outer loop
      vertex 1.5 1 8.55
      vertex 1.49807 1.03921 3
      vertex 1.49807 1.03921 8.55
    endloop
  endfacet
  facet normal 0.998791 0.0491626 0
    outer loop
      vertex 1.49807 1.03921 3
      vertex 1.5 1 8.55
      vertex 1.5 1 3
    endloop
  endfacet
  facet normal 0.146733 0.989176 -0
    outer loop
      vertex 1.17804 1.39231 3
      vertex 1.13921 1.39807 8.55
      vertex 1.17804 1.39231 8.55
    endloop
  endfacet
  facet normal 0.146733 0.989176 0
    outer loop
      vertex 1.13921 1.39807 8.55
      vertex 1.17804 1.39231 3
      vertex 1.13921 1.39807 3
    endloop
  endfacet
  facet normal -0.803137 0.595794 0
    outer loop
      vertex -1.43259 1.22223 3
      vertex -1.4092 1.25376 8.55
      vertex -1.4092 1.25376 3
    endloop
  endfacet
  facet normal -0.803137 0.595794 0
    outer loop
      vertex -1.4092 1.25376 8.55
      vertex -1.43259 1.22223 3
      vertex -1.43259 1.22223 8.55
    endloop
  endfacet
  facet normal 0.989176 0.146733 0
    outer loop
      vertex 1.49807 1.03921 8.55
      vertex 1.49231 1.07804 3
      vertex 1.49231 1.07804 8.55
    endloop
  endfacet
  facet normal 0.989176 0.146733 0
    outer loop
      vertex 1.49231 1.07804 3
      vertex 1.49807 1.03921 8.55
      vertex 1.49807 1.03921 3
    endloop
  endfacet
  facet normal -0.989175 -0.146741 0
    outer loop
      vertex -1.49231 0.921965 3
      vertex -1.49807 0.960793 8.55
      vertex -1.49807 0.960793 3
    endloop
  endfacet
  facet normal -0.989175 -0.146741 0
    outer loop
      vertex -1.49807 0.960793 8.55
      vertex -1.49231 0.921965 3
      vertex -1.49231 0.921965 8.55
    endloop
  endfacet
  facet normal 0.803137 0.595794 0
    outer loop
      vertex 1.43259 1.22223 8.55
      vertex 1.4092 1.25376 3
      vertex 1.4092 1.25376 8.55
    endloop
  endfacet
  facet normal 0.803137 0.595794 0
    outer loop
      vertex 1.4092 1.25376 3
      vertex 1.43259 1.22223 8.55
      vertex 1.43259 1.22223 3
    endloop
  endfacet
  facet normal -0.595794 0.803137 0
    outer loop
      vertex -1.32223 1.33259 3
      vertex -1.35376 1.3092 8.55
      vertex -1.32223 1.33259 8.55
    endloop
  endfacet
  facet normal -0.595794 0.803137 0
    outer loop
      vertex -1.35376 1.3092 8.55
      vertex -1.32223 1.33259 3
      vertex -1.35376 1.3092 3
    endloop
  endfacet
  facet normal -0.9415 0.337014 0
    outer loop
      vertex -1.48278 1.11611 3
      vertex -1.46955 1.15307 8.55
      vertex -1.46955 1.15307 3
    endloop
  endfacet
  facet normal -0.9415 0.337014 0
    outer loop
      vertex -1.46955 1.15307 8.55
      vertex -1.48278 1.11611 3
      vertex -1.48278 1.11611 8.55
    endloop
  endfacet
  facet normal 0.9415 0.337014 0
    outer loop
      vertex 1.48278 1.11611 8.55
      vertex 1.46955 1.15307 3
      vertex 1.46955 1.15307 8.55
    endloop
  endfacet
  facet normal 0.9415 0.337014 0
    outer loop
      vertex 1.46955 1.15307 3
      vertex 1.48278 1.11611 8.55
      vertex 1.48278 1.11611 3
    endloop
  endfacet
  facet normal -0.242835 0.970068 0
    outer loop
      vertex -1.17804 1.39231 3
      vertex -1.21611 1.38278 8.55
      vertex -1.17804 1.39231 8.55
    endloop
  endfacet
  facet normal -0.242835 0.970068 0
    outer loop
      vertex -1.21611 1.38278 8.55
      vertex -1.17804 1.39231 3
      vertex -1.21611 1.38278 3
    endloop
  endfacet
  facet normal -0.970081 -0.242781 0
    outer loop
      vertex -1.48278 0.883886 3
      vertex -1.49231 0.921965 8.55
      vertex -1.49231 0.921965 3
    endloop
  endfacet
  facet normal -0.970081 -0.242781 0
    outer loop
      vertex -1.49231 0.921965 8.55
      vertex -1.48278 0.883886 3
      vertex -1.48278 0.883886 8.55
    endloop
  endfacet
  facet normal 0.514084 0.85774 -0
    outer loop
      vertex 1.32223 1.33259 3
      vertex 1.28856 1.35277 8.55
      vertex 1.32223 1.33259 8.55
    endloop
  endfacet
  facet normal 0.514084 0.85774 0
    outer loop
      vertex 1.28856 1.35277 8.55
      vertex 1.32223 1.33259 3
      vertex 1.28856 1.35277 3
    endloop
  endfacet
  facet normal -0.970068 0.242835 0
    outer loop
      vertex -1.49231 1.07804 3
      vertex -1.48278 1.11611 8.55
      vertex -1.48278 1.11611 3
    endloop
  endfacet
  facet normal -0.970068 0.242835 0
    outer loop
      vertex -1.48278 1.11611 8.55
      vertex -1.49231 1.07804 3
      vertex -1.49231 1.07804 8.55
    endloop
  endfacet
  facet normal -0.85774 0.514084 0
    outer loop
      vertex -1.45277 1.18856 3
      vertex -1.43259 1.22223 8.55
      vertex -1.43259 1.22223 3
    endloop
  endfacet
  facet normal -0.85774 0.514084 0
    outer loop
      vertex -1.43259 1.22223 8.55
      vertex -1.45277 1.18856 3
      vertex -1.45277 1.18856 8.55
    endloop
  endfacet
  facet normal 0.740908 0.671607 0
    outer loop
      vertex 1.4092 1.25376 8.55
      vertex 1.38284 1.28284 3
      vertex 1.38284 1.28284 8.55
    endloop
  endfacet
  facet normal 0.740908 0.671607 0
    outer loop
      vertex 1.38284 1.28284 3
      vertex 1.4092 1.25376 8.55
      vertex 1.4092 1.25376 3
    endloop
  endfacet
  facet normal 0.970068 0.242835 0
    outer loop
      vertex 1.49231 1.07804 8.55
      vertex 1.48278 1.11611 3
      vertex 1.48278 1.11611 8.55
    endloop
  endfacet
  facet normal 0.970068 0.242835 0
    outer loop
      vertex 1.48278 1.11611 3
      vertex 1.49231 1.07804 8.55
      vertex 1.49231 1.07804 3
    endloop
  endfacet
  facet normal -0.998791 0.0491626 0
    outer loop
      vertex -1.5 1 3
      vertex -1.49807 1.03921 8.55
      vertex -1.49807 1.03921 3
    endloop
  endfacet
  facet normal -0.998791 0.0491626 0
    outer loop
      vertex -1.49807 1.03921 8.55
      vertex -1.5 1 3
      vertex -1.5 1 8.55
    endloop
  endfacet
  facet normal -0.989176 0.146733 0
    outer loop
      vertex -1.49807 1.03921 3
      vertex -1.49231 1.07804 8.55
      vertex -1.49231 1.07804 3
    endloop
  endfacet
  facet normal -0.989176 0.146733 0
    outer loop
      vertex -1.49231 1.07804 8.55
      vertex -1.49807 1.03921 3
      vertex -1.49807 1.03921 8.55
    endloop
  endfacet
  facet normal -0.904025 -0.42748 0
    outer loop
      vertex -1.45277 0.811441 3
      vertex -1.46955 0.846927 8.55
      vertex -1.46955 0.846927 3
    endloop
  endfacet
  facet normal -0.904025 -0.42748 0
    outer loop
      vertex -1.46955 0.846927 8.55
      vertex -1.45277 0.811441 3
      vertex -1.45277 0.811441 8.55
    endloop
  endfacet
  facet normal 0.671607 0.740908 -0
    outer loop
      vertex 1.38284 1.28284 3
      vertex 1.35376 1.3092 8.55
      vertex 1.38284 1.28284 8.55
    endloop
  endfacet
  facet normal 0.671607 0.740908 0
    outer loop
      vertex 1.35376 1.3092 8.55
      vertex 1.38284 1.28284 3
      vertex 1.35376 1.3092 3
    endloop
  endfacet
  facet normal 0.970081 -0.242781 0
    outer loop
      vertex 1.48278 0.883886 8.55
      vertex 1.49231 0.921965 3
      vertex 1.49231 0.921965 8.55
    endloop
  endfacet
  facet normal 0.970081 -0.242781 0
    outer loop
      vertex 1.49231 0.921965 3
      vertex 1.48278 0.883886 8.55
      vertex 1.48278 0.883886 3
    endloop
  endfacet
  facet normal 0 1 -0
    outer loop
      vertex 1.1 1.4 3
      vertex -1.1 1.4 8.55
      vertex 1.1 1.4 8.55
    endloop
  endfacet
  facet normal 0 1 0
    outer loop
      vertex -1.1 1.4 8.55
      vertex 1.1 1.4 3
      vertex -1.1 1.4 3
    endloop
  endfacet
  facet normal 0.857665 -0.514209 0
    outer loop
      vertex 1.44591 0.799999 8.55
      vertex 1.45277 0.811441 3
      vertex 1.45277 0.811441 8.55
    endloop
  endfacet
  facet normal 0.857665 -0.514209 0
    outer loop
      vertex 1.45277 0.811441 3
      vertex 1.44591 0.799999 8.55
      vertex 1.44591 0.799999 3
    endloop
  endfacet
  facet normal 0 0 1
    outer loop
      vertex 1.49807 1.03921 8.55
      vertex 1.49807 0.960793 8.55
      vertex 1.5 1 8.55
    endloop
  endfacet
  facet normal 0 0 1
    outer loop
      vertex 1.49231 1.07804 8.55
      vertex 1.49807 0.960793 8.55
      vertex 1.49807 1.03921 8.55
    endloop
  endfacet
  facet normal 0 0 1
    outer loop
      vertex 1.49231 1.07804 8.55
      vertex 1.49231 0.921965 8.55
      vertex 1.49807 0.960793 8.55
    endloop
  endfacet
  facet normal 0 0 1
    outer loop
      vertex 1.48278 1.11611 8.55
      vertex 1.49231 0.921965 8.55
      vertex 1.49231 1.07804 8.55
    endloop
  endfacet
  facet normal 0 0 1
    outer loop
      vertex 1.48278 1.11611 8.55
      vertex 1.48278 0.883886 8.55
      vertex 1.49231 0.921965 8.55
    endloop
  endfacet
  facet normal 0 0 1
    outer loop
      vertex 1.46955 1.15307 8.55
      vertex 1.48278 0.883886 8.55
      vertex 1.48278 1.11611 8.55
    endloop
  endfacet
  facet normal 0 0 1
    outer loop
      vertex 1.46955 1.15307 8.55
      vertex 1.46955 0.846927 8.55
      vertex 1.48278 0.883886 8.55
    endloop
  endfacet
  facet normal 0 0 1
    outer loop
      vertex 1.45277 1.18856 8.55
      vertex 1.46955 0.846927 8.55
      vertex 1.46955 1.15307 8.55
    endloop
  endfacet
  facet normal 0 0 1
    outer loop
      vertex 1.44591 0.799999 8.55
      vertex 1.46955 0.846927 8.55
      vertex 1.45277 1.18856 8.55
    endloop
  endfacet
  facet normal 0 0 1
    outer loop
      vertex 1.46955 0.846927 8.55
      vertex 1.44591 0.799999 8.55
      vertex 1.45277 0.811441 8.55
    endloop
  endfacet
  facet normal 0 0 1
    outer loop
      vertex 1.43259 1.22223 8.55
      vertex 1.44591 0.799999 8.55
      vertex 1.45277 1.18856 8.55
    endloop
  endfacet
  facet normal 0 0 1
    outer loop
      vertex 1.4092 1.25376 8.55
      vertex 1.44591 0.799999 8.55
      vertex 1.43259 1.22223 8.55
    endloop
  endfacet
  facet normal 0 0 1
    outer loop
      vertex 1.38284 1.28284 8.55
      vertex 1.44591 0.799999 8.55
      vertex 1.4092 1.25376 8.55
    endloop
  endfacet
  facet normal 0 0 1
    outer loop
      vertex 1.35376 1.3092 8.55
      vertex 1.44591 0.799999 8.55
      vertex 1.38284 1.28284 8.55
    endloop
  endfacet
  facet normal 0 0 1
    outer loop
      vertex 1.32223 1.33259 8.55
      vertex 1.44591 0.799999 8.55
      vertex 1.35376 1.3092 8.55
    endloop
  endfacet
  facet normal 0 0 1
    outer loop
      vertex 1.28856 1.35277 8.55
      vertex 1.44591 0.799999 8.55
      vertex 1.32223 1.33259 8.55
    endloop
  endfacet
  facet normal 0 0 1
    outer loop
      vertex 1.25307 1.36955 8.55
      vertex 1.44591 0.799999 8.55
      vertex 1.28856 1.35277 8.55
    endloop
  endfacet
  facet normal 0 0 1
    outer loop
      vertex 1.21611 1.38278 8.55
      vertex 1.44591 0.799999 8.55
      vertex 1.25307 1.36955 8.55
    endloop
  endfacet
  facet normal 0 0 1
    outer loop
      vertex 1.17804 1.39231 8.55
      vertex 1.44591 0.799999 8.55
      vertex 1.21611 1.38278 8.55
    endloop
  endfacet
  facet normal 0 0 1
    outer loop
      vertex 1.13921 1.39807 8.55
      vertex 1.44591 0.799999 8.55
      vertex 1.17804 1.39231 8.55
    endloop
  endfacet
  facet normal 0 0 1
    outer loop
      vertex 1.1 1.4 8.55
      vertex 1.44591 0.799999 8.55
      vertex 1.13921 1.39807 8.55
    endloop
  endfacet
  facet normal -0 0 1
    outer loop
      vertex -1.1 1.4 8.55
      vertex 1.44591 0.799999 8.55
      vertex 1.1 1.4 8.55
    endloop
  endfacet
  facet normal 0 0 1
    outer loop
      vertex -1.44591 0.799999 8.55
      vertex -1.1 1.4 8.55
      vertex -1.13921 1.39807 8.55
    endloop
  endfacet
  facet normal 0 0 1
    outer loop
      vertex -1.44591 0.799999 8.55
      vertex -1.13921 1.39807 8.55
      vertex -1.17804 1.39231 8.55
    endloop
  endfacet
  facet normal 0 0 1
    outer loop
      vertex -1.44591 0.799999 8.55
      vertex -1.17804 1.39231 8.55
      vertex -1.21611 1.38278 8.55
    endloop
  endfacet
  facet normal 0 0 1
    outer loop
      vertex -1.44591 0.799999 8.55
      vertex -1.21611 1.38278 8.55
      vertex -1.25307 1.36955 8.55
    endloop
  endfacet
  facet normal 0 0 1
    outer loop
      vertex -1.44591 0.799999 8.55
      vertex -1.25307 1.36955 8.55
      vertex -1.28856 1.35277 8.55
    endloop
  endfacet
  facet normal 0 0 1
    outer loop
      vertex -1.44591 0.799999 8.55
      vertex -1.28856 1.35277 8.55
      vertex -1.32223 1.33259 8.55
    endloop
  endfacet
  facet normal 0 0 1
    outer loop
      vertex -1.44591 0.799999 8.55
      vertex -1.32223 1.33259 8.55
      vertex -1.35376 1.3092 8.55
    endloop
  endfacet
  facet normal 0 0 1
    outer loop
      vertex -1.44591 0.799999 8.55
      vertex -1.35376 1.3092 8.55
      vertex -1.38284 1.28284 8.55
    endloop
  endfacet
  facet normal 0 0 1
    outer loop
      vertex -1.44591 0.799999 8.55
      vertex -1.38284 1.28284 8.55
      vertex -1.4092 1.25376 8.55
    endloop
  endfacet
  facet normal 0 0 1
    outer loop
      vertex -1.44591 0.799999 8.55
      vertex -1.4092 1.25376 8.55
      vertex -1.43259 1.22223 8.55
    endloop
  endfacet
  facet normal 0 0 1
    outer loop
      vertex -1.1 1.4 8.55
      vertex -1.44591 0.799999 8.55
      vertex 1.44591 0.799999 8.55
    endloop
  endfacet
  facet normal -0 0 1
    outer loop
      vertex -1.45277 1.18856 8.55
      vertex -1.44591 0.799999 8.55
      vertex -1.43259 1.22223 8.55
    endloop
  endfacet
  facet normal -0 0 1
    outer loop
      vertex -1.46955 1.15307 8.55
      vertex -1.44591 0.799999 8.55
      vertex -1.45277 1.18856 8.55
    endloop
  endfacet
  facet normal -0 0 1
    outer loop
      vertex -1.46955 0.846927 8.55
      vertex -1.44591 0.799999 8.55
      vertex -1.46955 1.15307 8.55
    endloop
  endfacet
  facet normal 0 0 1
    outer loop
      vertex -1.44591 0.799999 8.55
      vertex -1.46955 0.846927 8.55
      vertex -1.45277 0.811441 8.55
    endloop
  endfacet
  facet normal -0 0 1
    outer loop
      vertex -1.48278 1.11611 8.55
      vertex -1.46955 0.846927 8.55
      vertex -1.46955 1.15307 8.55
    endloop
  endfacet
  facet normal 0 0 1
    outer loop
      vertex -1.48278 1.11611 8.55
      vertex -1.48278 0.883886 8.55
      vertex -1.46955 0.846927 8.55
    endloop
  endfacet
  facet normal -0 0 1
    outer loop
      vertex -1.49231 1.07804 8.55
      vertex -1.48278 0.883886 8.55
      vertex -1.48278 1.11611 8.55
    endloop
  endfacet
  facet normal 0 0 1
    outer loop
      vertex -1.49231 1.07804 8.55
      vertex -1.49231 0.921965 8.55
      vertex -1.48278 0.883886 8.55
    endloop
  endfacet
  facet normal -0 0 1
    outer loop
      vertex -1.49807 1.03921 8.55
      vertex -1.49231 0.921965 8.55
      vertex -1.49231 1.07804 8.55
    endloop
  endfacet
  facet normal 0 0 1
    outer loop
      vertex -1.49807 1.03921 8.55
      vertex -1.49807 0.960793 8.55
      vertex -1.49231 0.921965 8.55
    endloop
  endfacet
  facet normal 0 -0 1
    outer loop
      vertex -1.49807 0.960793 8.55
      vertex -1.49807 1.03921 8.55
      vertex -1.5 1 8.55
    endloop
  endfacet
  facet normal 0.904044 0.42744 0
    outer loop
      vertex 1.46955 1.15307 8.55
      vertex 1.45277 1.18856 3
      vertex 1.45277 1.18856 8.55
    endloop
  endfacet
  facet normal 0.904044 0.42744 0
    outer loop
      vertex 1.45277 1.18856 3
      vertex 1.46955 1.15307 8.55
      vertex 1.46955 1.15307 3
    endloop
  endfacet
  facet normal 0.998791 -0.0491664 0
    outer loop
      vertex 1.49807 0.960793 8.55
      vertex 1.5 1 3
      vertex 1.5 1 8.55
    endloop
  endfacet
  facet normal 0.998791 -0.0491664 0
    outer loop
      vertex 1.5 1 3
      vertex 1.49807 0.960793 8.55
      vertex 1.49807 0.960793 3
    endloop
  endfacet
  facet normal -0.998791 -0.0491664 0
    outer loop
      vertex -1.49807 0.960793 3
      vertex -1.5 1 8.55
      vertex -1.5 1 3
    endloop
  endfacet
  facet normal -0.998791 -0.0491664 0
    outer loop
      vertex -1.5 1 8.55
      vertex -1.49807 0.960793 3
      vertex -1.49807 0.960793 8.55
    endloop
  endfacet
  facet normal -0.740908 0.671607 0
    outer loop
      vertex -1.4092 1.25376 3
      vertex -1.38284 1.28284 8.55
      vertex -1.38284 1.28284 3
    endloop
  endfacet
  facet normal -0.740908 0.671607 0
    outer loop
      vertex -1.38284 1.28284 8.55
      vertex -1.4092 1.25376 3
      vertex -1.4092 1.25376 8.55
    endloop
  endfacet
  facet normal -0.857665 -0.514209 0
    outer loop
      vertex -1.44591 0.799999 3
      vertex -1.45277 0.811441 8.55
      vertex -1.45277 0.811441 3
    endloop
  endfacet
  facet normal -0.857665 -0.514209 0
    outer loop
      vertex -1.45277 0.811441 8.55
      vertex -1.44591 0.799999 3
      vertex -1.44591 0.799999 8.55
    endloop
  endfacet
  facet normal 0.242835 0.970068 -0
    outer loop
      vertex 1.21611 1.38278 3
      vertex 1.17804 1.39231 8.55
      vertex 1.21611 1.38278 8.55
    endloop
  endfacet
  facet normal 0.242835 0.970068 0
    outer loop
      vertex 1.17804 1.39231 8.55
      vertex 1.21611 1.38278 3
      vertex 1.17804 1.39231 3
    endloop
  endfacet
  facet normal 0.0491626 0.998791 -0
    outer loop
      vertex 1.13921 1.39807 3
      vertex 1.1 1.4 8.55
      vertex 1.13921 1.39807 8.55
    endloop
  endfacet
  facet normal 0.0491626 0.998791 0
    outer loop
      vertex 1.1 1.4 8.55
      vertex 1.13921 1.39807 3
      vertex 1.1 1.4 3
    endloop
  endfacet
  facet normal 0.85774 0.514084 0
    outer loop
      vertex 1.45277 1.18856 8.55
      vertex 1.43259 1.22223 3
      vertex 1.43259 1.22223 8.55
    endloop
  endfacet
  facet normal 0.85774 0.514084 0
    outer loop
      vertex 1.43259 1.22223 3
      vertex 1.45277 1.18856 8.55
      vertex 1.45277 1.18856 3
    endloop
  endfacet
  facet normal 0.989175 -0.146741 0
    outer loop
      vertex 1.49231 0.921965 8.55
      vertex 1.49807 0.960793 3
      vertex 1.49807 0.960793 8.55
    endloop
  endfacet
  facet normal 0.989175 -0.146741 0
    outer loop
      vertex 1.49807 0.960793 3
      vertex 1.49231 0.921965 8.55
      vertex 1.49231 0.921965 3
    endloop
  endfacet
  facet normal -0.0491626 0.998791 0
    outer loop
      vertex -1.1 1.4 3
      vertex -1.13921 1.39807 8.55
      vertex -1.1 1.4 8.55
    endloop
  endfacet
  facet normal -0.0491626 0.998791 0
    outer loop
      vertex -1.13921 1.39807 8.55
      vertex -1.1 1.4 3
      vertex -1.13921 1.39807 3
    endloop
  endfacet
  facet normal -0.146733 0.989176 0
    outer loop
      vertex -1.13921 1.39807 3
      vertex -1.17804 1.39231 8.55
      vertex -1.13921 1.39807 8.55
    endloop
  endfacet
  facet normal -0.146733 0.989176 0
    outer loop
      vertex -1.17804 1.39231 8.55
      vertex -1.13921 1.39807 3
      vertex -1.17804 1.39231 3
    endloop
  endfacet
  facet normal -0.941497 -0.337022 0
    outer loop
      vertex -1.46955 0.846927 3
      vertex -1.48278 0.883886 8.55
      vertex -1.48278 0.883886 3
    endloop
  endfacet
  facet normal -0.941497 -0.337022 0
    outer loop
      vertex -1.48278 0.883886 8.55
      vertex -1.46955 0.846927 3
      vertex -1.46955 0.846927 8.55
    endloop
  endfacet
  facet normal 0.904025 -0.42748 0
    outer loop
      vertex 1.45277 0.811441 8.55
      vertex 1.46955 0.846927 3
      vertex 1.46955 0.846927 8.55
    endloop
  endfacet
  facet normal 0.904025 -0.42748 0
    outer loop
      vertex 1.46955 0.846927 3
      vertex 1.45277 0.811441 8.55
      vertex 1.45277 0.811441 3
    endloop
  endfacet
  facet normal -0.671607 0.740908 0
    outer loop
      vertex -1.35376 1.3092 3
      vertex -1.38284 1.28284 8.55
      vertex -1.35376 1.3092 8.55
    endloop
  endfacet
  facet normal -0.671607 0.740908 0
    outer loop
      vertex -1.38284 1.28284 8.55
      vertex -1.35376 1.3092 3
      vertex -1.38284 1.28284 3
    endloop
  endfacet
  facet normal 0.595794 0.803137 -0
    outer loop
      vertex 1.35376 1.3092 3
      vertex 1.32223 1.33259 8.55
      vertex 1.35376 1.3092 8.55
    endloop
  endfacet
  facet normal 0.595794 0.803137 0
    outer loop
      vertex 1.32223 1.33259 8.55
      vertex 1.35376 1.3092 3
      vertex 1.32223 1.33259 3
    endloop
  endfacet
  facet normal -0.904044 0.42744 0
    outer loop
      vertex -1.46955 1.15307 3
      vertex -1.45277 1.18856 8.55
      vertex -1.45277 1.18856 3
    endloop
  endfacet
  facet normal -0.904044 0.42744 0
    outer loop
      vertex -1.45277 1.18856 8.55
      vertex -1.46955 1.15307 3
      vertex -1.46955 1.15307 8.55
    endloop
  endfacet
  facet normal 0.941497 -0.337022 0
    outer loop
      vertex 1.46955 0.846927 8.55
      vertex 1.48278 0.883886 3
      vertex 1.48278 0.883886 8.55
    endloop
  endfacet
  facet normal 0.941497 -0.337022 0
    outer loop
      vertex 1.48278 0.883886 3
      vertex 1.46955 0.846927 8.55
      vertex 1.46955 0.846927 3
    endloop
  endfacet
  facet normal -0.337014 0.9415 0
    outer loop
      vertex -1.21611 1.38278 3
      vertex -1.25307 1.36955 8.55
      vertex -1.21611 1.38278 8.55
    endloop
  endfacet
  facet normal -0.337014 0.9415 0
    outer loop
      vertex -1.25307 1.36955 8.55
      vertex -1.21611 1.38278 3
      vertex -1.25307 1.36955 3
    endloop
  endfacet
  facet normal 0.337014 0.9415 -0
    outer loop
      vertex 1.25307 1.36955 3
      vertex 1.21611 1.38278 8.55
      vertex 1.25307 1.36955 8.55
    endloop
  endfacet
  facet normal 0.337014 0.9415 0
    outer loop
      vertex 1.21611 1.38278 8.55
      vertex 1.25307 1.36955 3
      vertex 1.21611 1.38278 3
    endloop
  endfacet
  facet normal 0.42744 0.904044 -0
    outer loop
      vertex 1.28856 1.35277 3
      vertex 1.25307 1.36955 8.55
      vertex 1.28856 1.35277 8.55
    endloop
  endfacet
  facet normal 0.42744 0.904044 0
    outer loop
      vertex 1.25307 1.36955 8.55
      vertex 1.28856 1.35277 3
      vertex 1.25307 1.36955 3
    endloop
  endfacet
  facet normal -0.42744 0.904044 0
    outer loop
      vertex -1.25307 1.36955 3
      vertex -1.28856 1.35277 8.55
      vertex -1.25307 1.36955 8.55
    endloop
  endfacet
  facet normal -0.42744 0.904044 0
    outer loop
      vertex -1.28856 1.35277 8.55
      vertex -1.25307 1.36955 3
      vertex -1.28856 1.35277 3
    endloop
  endfacet
  facet normal -0.514084 0.85774 0
    outer loop
      vertex -1.28856 1.35277 3
      vertex -1.32223 1.33259 8.55
      vertex -1.28856 1.35277 8.55
    endloop
  endfacet
  facet normal -0.514084 0.85774 0
    outer loop
      vertex -1.32223 1.33259 8.55
      vertex -1.28856 1.35277 3
      vertex -1.32223 1.33259 3
    endloop
  endfacet
  facet normal 0 0 -1
    outer loop
      vertex 1.49807 0.960793 3
      vertex 1.49807 1.03921 3
      vertex 1.5 1 3
    endloop
  endfacet
  facet normal 0 0 -1
    outer loop
      vertex 1.49231 0.921965 3
      vertex 1.49807 1.03921 3
      vertex 1.49807 0.960793 3
    endloop
  endfacet
  facet normal 0 0 -1
    outer loop
      vertex 1.49231 0.921965 3
      vertex 1.49231 1.07804 3
      vertex 1.49807 1.03921 3
    endloop
  endfacet
  facet normal 0 0 -1
    outer loop
      vertex 1.48278 0.883886 3
      vertex 1.49231 1.07804 3
      vertex 1.49231 0.921965 3
    endloop
  endfacet
  facet normal 0 0 -1
    outer loop
      vertex 1.48278 0.883886 3
      vertex 1.48278 1.11611 3
      vertex 1.49231 1.07804 3
    endloop
  endfacet
  facet normal 0 0 -1
    outer loop
      vertex 1.46955 0.846927 3
      vertex 1.48278 1.11611 3
      vertex 1.48278 0.883886 3
    endloop
  endfacet
  facet normal 0 0 -1
    outer loop
      vertex 1.46955 0.846927 3
      vertex 1.46955 1.15307 3
      vertex 1.48278 1.11611 3
    endloop
  endfacet
  facet normal 0 0 -1
    outer loop
      vertex 1.44591 0.799999 3
      vertex 1.46955 0.846927 3
      vertex 1.45277 0.811441 3
    endloop
  endfacet
  facet normal -0 0 -1
    outer loop
      vertex 1.46955 0.846927 3
      vertex 1.44591 0.799999 3
      vertex 1.46955 1.15307 3
    endloop
  endfacet
  facet normal -0 0 -1
    outer loop
      vertex 1.46955 1.15307 3
      vertex 1.44591 0.799999 3
      vertex 1.45277 1.18856 3
    endloop
  endfacet
  facet normal 0 0 -1
    outer loop
      vertex 1.44591 0.799999 3
      vertex 1.43259 1.22223 3
      vertex 1.45277 1.18856 3
    endloop
  endfacet
  facet normal 0 0 -1
    outer loop
      vertex 1.44591 0.799999 3
      vertex 1.4092 1.25376 3
      vertex 1.43259 1.22223 3
    endloop
  endfacet
  facet normal 0 0 -1
    outer loop
      vertex 1.44591 0.799999 3
      vertex 1.38284 1.28284 3
      vertex 1.4092 1.25376 3
    endloop
  endfacet
  facet normal 0 0 -1
    outer loop
      vertex 1.44591 0.799999 3
      vertex 1.35376 1.3092 3
      vertex 1.38284 1.28284 3
    endloop
  endfacet
  facet normal 0 0 -1
    outer loop
      vertex 1.44591 0.799999 3
      vertex 1.32223 1.33259 3
      vertex 1.35376 1.3092 3
    endloop
  endfacet
  facet normal 0 0 -1
    outer loop
      vertex 1.44591 0.799999 3
      vertex 1.28856 1.35277 3
      vertex 1.32223 1.33259 3
    endloop
  endfacet
  facet normal 0 0 -1
    outer loop
      vertex 1.44591 0.799999 3
      vertex 1.25307 1.36955 3
      vertex 1.28856 1.35277 3
    endloop
  endfacet
  facet normal 0 0 -1
    outer loop
      vertex 1.44591 0.799999 3
      vertex 1.21611 1.38278 3
      vertex 1.25307 1.36955 3
    endloop
  endfacet
  facet normal 0 0 -1
    outer loop
      vertex 1.44591 0.799999 3
      vertex 1.17804 1.39231 3
      vertex 1.21611 1.38278 3
    endloop
  endfacet
  facet normal 0 0 -1
    outer loop
      vertex 1.44591 0.799999 3
      vertex 1.13921 1.39807 3
      vertex 1.17804 1.39231 3
    endloop
  endfacet
  facet normal 0 0 -1
    outer loop
      vertex 1.44591 0.799999 3
      vertex 1.1 1.4 3
      vertex 1.13921 1.39807 3
    endloop
  endfacet
  facet normal 0 0 -1
    outer loop
      vertex 1.44591 0.799999 3
      vertex -1.1 1.4 3
      vertex 1.1 1.4 3
    endloop
  endfacet
  facet normal 0 0 -1
    outer loop
      vertex -1.44591 0.799999 3
      vertex -1.1 1.4 3
      vertex 1.44591 0.799999 3
    endloop
  endfacet
  facet normal 0 0 -1
    outer loop
      vertex -1.1 1.4 3
      vertex -1.44591 0.799999 3
      vertex -1.13921 1.39807 3
    endloop
  endfacet
  facet normal 0 0 -1
    outer loop
      vertex -1.13921 1.39807 3
      vertex -1.44591 0.799999 3
      vertex -1.17804 1.39231 3
    endloop
  endfacet
  facet normal 0 0 -1
    outer loop
      vertex -1.17804 1.39231 3
      vertex -1.44591 0.799999 3
      vertex -1.21611 1.38278 3
    endloop
  endfacet
  facet normal 0 0 -1
    outer loop
      vertex -1.21611 1.38278 3
      vertex -1.44591 0.799999 3
      vertex -1.25307 1.36955 3
    endloop
  endfacet
  facet normal 0 0 -1
    outer loop
      vertex -1.25307 1.36955 3
      vertex -1.44591 0.799999 3
      vertex -1.28856 1.35277 3
    endloop
  endfacet
  facet normal 0 0 -1
    outer loop
      vertex -1.28856 1.35277 3
      vertex -1.44591 0.799999 3
      vertex -1.32223 1.33259 3
    endloop
  endfacet
  facet normal 0 0 -1
    outer loop
      vertex -1.32223 1.33259 3
      vertex -1.44591 0.799999 3
      vertex -1.35376 1.3092 3
    endloop
  endfacet
  facet normal 0 0 -1
    outer loop
      vertex -1.35376 1.3092 3
      vertex -1.44591 0.799999 3
      vertex -1.38284 1.28284 3
    endloop
  endfacet
  facet normal 0 0 -1
    outer loop
      vertex -1.38284 1.28284 3
      vertex -1.44591 0.799999 3
      vertex -1.4092 1.25376 3
    endloop
  endfacet
  facet normal 0 0 -1
    outer loop
      vertex -1.4092 1.25376 3
      vertex -1.44591 0.799999 3
      vertex -1.43259 1.22223 3
    endloop
  endfacet
  facet normal 0 0 -1
    outer loop
      vertex -1.46955 0.846927 3
      vertex -1.44591 0.799999 3
      vertex -1.45277 0.811441 3
    endloop
  endfacet
  facet normal 0 0 -1
    outer loop
      vertex -1.44591 0.799999 3
      vertex -1.45277 1.18856 3
      vertex -1.43259 1.22223 3
    endloop
  endfacet
  facet normal 0 0 -1
    outer loop
      vertex -1.44591 0.799999 3
      vertex -1.46955 0.846927 3
      vertex -1.45277 1.18856 3
    endloop
  endfacet
  facet normal 0 0 -1
    outer loop
      vertex -1.46955 0.846927 3
      vertex -1.46955 1.15307 3
      vertex -1.45277 1.18856 3
    endloop
  endfacet
  facet normal 0 0 -1
    outer loop
      vertex -1.48278 0.883886 3
      vertex -1.46955 1.15307 3
      vertex -1.46955 0.846927 3
    endloop
  endfacet
  facet normal 0 0 -1
    outer loop
      vertex -1.48278 0.883886 3
      vertex -1.48278 1.11611 3
      vertex -1.46955 1.15307 3
    endloop
  endfacet
  facet normal 0 0 -1
    outer loop
      vertex -1.49231 0.921965 3
      vertex -1.48278 1.11611 3
      vertex -1.48278 0.883886 3
    endloop
  endfacet
  facet normal 0 0 -1
    outer loop
      vertex -1.49231 0.921965 3
      vertex -1.49231 1.07804 3
      vertex -1.48278 1.11611 3
    endloop
  endfacet
  facet normal 0 0 -1
    outer loop
      vertex -1.49807 0.960793 3
      vertex -1.49231 1.07804 3
      vertex -1.49231 0.921965 3
    endloop
  endfacet
  facet normal 0 0 -1
    outer loop
      vertex -1.49807 0.960793 3
      vertex -1.49807 1.03921 3
      vertex -1.49231 1.07804 3
    endloop
  endfacet
  facet normal 0 -0 -1
    outer loop
      vertex -1.49807 1.03921 3
      vertex -1.49807 0.960793 3
      vertex -1.5 1 3
    endloop
  endfacet
  facet normal 0.998828 0.0484002 0
    outer loop
      vertex 19.5 1 8.55
      vertex 19.4981 1.03921 3
      vertex 19.4981 1.03921 8.55
    endloop
  endfacet
  facet normal 0.998828 0.0484002 0
    outer loop
      vertex 19.4981 1.03921 3
      vertex 19.5 1 8.55
      vertex 19.5 1 3
    endloop
  endfacet
  facet normal 0.146844 0.98916 -0
    outer loop
      vertex 19.178 1.39231 3
      vertex 19.1392 1.39807 8.55
      vertex 19.178 1.39231 8.55
    endloop
  endfacet
  facet normal 0.146844 0.98916 0
    outer loop
      vertex 19.1392 1.39807 8.55
      vertex 19.178 1.39231 3
      vertex 19.1392 1.39807 3
    endloop
  endfacet
  facet normal 0.989028 0.14773 0
    outer loop
      vertex 19.4981 1.03921 8.55
      vertex 19.4923 1.07804 3
      vertex 19.4923 1.07804 8.55
    endloop
  endfacet
  facet normal 0.989028 0.14773 0
    outer loop
      vertex 19.4923 1.07804 3
      vertex 19.4981 1.03921 8.55
      vertex 19.4981 1.03921 3
    endloop
  endfacet
  facet normal -0.989027 -0.147738 0
    outer loop
      vertex 16.5077 0.921965 3
      vertex 16.5019 0.960793 8.55
      vertex 16.5019 0.960793 3
    endloop
  endfacet
  facet normal -0.989027 -0.147738 0
    outer loop
      vertex 16.5019 0.960793 8.55
      vertex 16.5077 0.921965 3
      vertex 16.5077 0.921965 8.55
    endloop
  endfacet
  facet normal 0.803015 0.595958 0
    outer loop
      vertex 19.4326 1.22223 8.55
      vertex 19.4092 1.25376 3
      vertex 19.4092 1.25376 8.55
    endloop
  endfacet
  facet normal 0.803015 0.595958 0
    outer loop
      vertex 19.4092 1.25376 3
      vertex 19.4326 1.22223 8.55
      vertex 19.4326 1.22223 3
    endloop
  endfacet
  facet normal -0.594942 0.803769 0
    outer loop
      vertex 16.6778 1.33259 3
      vertex 16.6462 1.3092 8.55
      vertex 16.6778 1.33259 8.55
    endloop
  endfacet
  facet normal -0.594942 0.803769 0
    outer loop
      vertex 16.6462 1.3092 8.55
      vertex 16.6778 1.33259 3
      vertex 16.6462 1.3092 3
    endloop
  endfacet
  facet normal -0.941742 0.336336 0
    outer loop
      vertex 16.5172 1.11611 3
      vertex 16.5304 1.15307 8.55
      vertex 16.5304 1.15307 3
    endloop
  endfacet
  facet normal -0.941742 0.336336 0
    outer loop
      vertex 16.5304 1.15307 8.55
      vertex 16.5172 1.11611 3
      vertex 16.5172 1.11611 8.55
    endloop
  endfacet
  facet normal 0.941742 0.336336 0
    outer loop
      vertex 19.4828 1.11611 8.55
      vertex 19.4696 1.15307 3
      vertex 19.4696 1.15307 8.55
    endloop
  endfacet
  facet normal 0.941742 0.336336 0
    outer loop
      vertex 19.4696 1.15307 3
      vertex 19.4828 1.11611 8.55
      vertex 19.4828 1.11611 3
    endloop
  endfacet
  facet normal -0.242655 0.970113 0
    outer loop
      vertex 16.822 1.39231 3
      vertex 16.7839 1.38278 8.55
      vertex 16.822 1.39231 8.55
    endloop
  endfacet
  facet normal -0.242655 0.970113 0
    outer loop
      vertex 16.7839 1.38278 8.55
      vertex 16.822 1.39231 3
      vertex 16.7839 1.38278 3
    endloop
  endfacet
  facet normal -0.970261 -0.242062 0
    outer loop
      vertex 16.5172 0.883886 3
      vertex 16.5077 0.921965 8.55
      vertex 16.5077 0.921965 3
    endloop
  endfacet
  facet normal -0.970261 -0.242062 0
    outer loop
      vertex 16.5077 0.921965 8.55
      vertex 16.5172 0.883886 3
      vertex 16.5172 0.883886 8.55
    endloop
  endfacet
  facet normal 0.514871 0.857268 -0
    outer loop
      vertex 19.3222 1.33259 3
      vertex 19.2886 1.35277 8.55
      vertex 19.3222 1.33259 8.55
    endloop
  endfacet
  facet normal 0.514871 0.857268 0
    outer loop
      vertex 19.2886 1.35277 8.55
      vertex 19.3222 1.33259 3
      vertex 19.2886 1.35277 3
    endloop
  endfacet
  facet normal -0.970247 0.242116 0
    outer loop
      vertex 16.5077 1.07804 3
      vertex 16.5172 1.11611 8.55
      vertex 16.5172 1.11611 3
    endloop
  endfacet
  facet normal -0.970247 0.242116 0
    outer loop
      vertex 16.5172 1.11611 8.55
      vertex 16.5077 1.07804 3
      vertex 16.5077 1.07804 8.55
    endloop
  endfacet
  facet normal -0.857515 0.514458 0
    outer loop
      vertex 16.5472 1.18856 3
      vertex 16.5674 1.22223 8.55
      vertex 16.5674 1.22223 3
    endloop
  endfacet
  facet normal -0.857515 0.514458 0
    outer loop
      vertex 16.5674 1.22223 8.55
      vertex 16.5472 1.18856 3
      vertex 16.5472 1.18856 8.55
    endloop
  endfacet
  facet normal 0.740401 0.672166 0
    outer loop
      vertex 19.4092 1.25376 8.55
      vertex 19.3828 1.28284 3
      vertex 19.3828 1.28284 8.55
    endloop
  endfacet
  facet normal 0.740401 0.672166 0
    outer loop
      vertex 19.3828 1.28284 3
      vertex 19.4092 1.25376 8.55
      vertex 19.4092 1.25376 3
    endloop
  endfacet
  facet normal 0.970247 0.242116 0
    outer loop
      vertex 19.4923 1.07804 8.55
      vertex 19.4828 1.11611 3
      vertex 19.4828 1.11611 8.55
    endloop
  endfacet
  facet normal 0.970247 0.242116 0
    outer loop
      vertex 19.4828 1.11611 3
      vertex 19.4923 1.07804 8.55
      vertex 19.4923 1.07804 3
    endloop
  endfacet
  facet normal 0.941739 -0.336344 0
    outer loop
      vertex 19.4696 0.846927 8.55
      vertex 19.4828 0.883886 3
      vertex 19.4828 0.883886 8.55
    endloop
  endfacet
  facet normal 0.941739 -0.336344 0
    outer loop
      vertex 19.4828 0.883886 3
      vertex 19.4696 0.846927 8.55
      vertex 19.4696 0.846927 3
    endloop
  endfacet
  facet normal -0.989028 0.14773 0
    outer loop
      vertex 16.5019 1.03921 3
      vertex 16.5077 1.07804 8.55
      vertex 16.5077 1.07804 3
    endloop
  endfacet
  facet normal -0.989028 0.14773 0
    outer loop
      vertex 16.5077 1.07804 8.55
      vertex 16.5019 1.03921 3
      vertex 16.5019 1.03921 8.55
    endloop
  endfacet
  facet normal -0.903828 -0.427896 0
    outer loop
      vertex 16.5472 0.811441 3
      vertex 16.5304 0.846927 8.55
      vertex 16.5304 0.846927 3
    endloop
  endfacet
  facet normal -0.903828 -0.427896 0
    outer loop
      vertex 16.5304 0.846927 8.55
      vertex 16.5472 0.811441 3
      vertex 16.5472 0.811441 8.55
    endloop
  endfacet
  facet normal 0.672622 0.739986 -0
    outer loop
      vertex 19.3828 1.28284 3
      vertex 19.3538 1.3092 8.55
      vertex 19.3828 1.28284 8.55
    endloop
  endfacet
  facet normal 0.672622 0.739986 0
    outer loop
      vertex 19.3538 1.3092 8.55
      vertex 19.3828 1.28284 3
      vertex 19.3538 1.3092 3
    endloop
  endfacet
  facet normal 0.970261 -0.242062 0
    outer loop
      vertex 19.4828 0.883886 8.55
      vertex 19.4923 0.921965 3
      vertex 19.4923 0.921965 8.55
    endloop
  endfacet
  facet normal 0.970261 -0.242062 0
    outer loop
      vertex 19.4923 0.921965 3
      vertex 19.4828 0.883886 8.55
      vertex 19.4828 0.883886 3
    endloop
  endfacet
  facet normal 0 1 -0
    outer loop
      vertex 19.1 1.4 3
      vertex 16.9 1.4 8.55
      vertex 19.1 1.4 8.55
    endloop
  endfacet
  facet normal 0 1 0
    outer loop
      vertex 16.9 1.4 8.55
      vertex 19.1 1.4 3
      vertex 16.9 1.4 3
    endloop
  endfacet
  facet normal 0.856342 -0.51641 0
    outer loop
      vertex 19.4459 0.799999 8.55
      vertex 19.4528 0.811441 3
      vertex 19.4528 0.811441 8.55
    endloop
  endfacet
  facet normal 0.856342 -0.51641 0
    outer loop
      vertex 19.4528 0.811441 3
      vertex 19.4459 0.799999 8.55
      vertex 19.4459 0.799999 3
    endloop
  endfacet
  facet normal 0 0 1
    outer loop
      vertex 19.4981 1.03921 8.55
      vertex 19.4981 0.960793 8.55
      vertex 19.5 1 8.55
    endloop
  endfacet
  facet normal 0 0 1
    outer loop
      vertex 19.4923 1.07804 8.55
      vertex 19.4981 0.960793 8.55
      vertex 19.4981 1.03921 8.55
    endloop
  endfacet
  facet normal 0 0 1
    outer loop
      vertex 19.4923 1.07804 8.55
      vertex 19.4923 0.921965 8.55
      vertex 19.4981 0.960793 8.55
    endloop
  endfacet
  facet normal 0 0 1
    outer loop
      vertex 19.4828 1.11611 8.55
      vertex 19.4923 0.921965 8.55
      vertex 19.4923 1.07804 8.55
    endloop
  endfacet
  facet normal 0 0 1
    outer loop
      vertex 19.4828 1.11611 8.55
      vertex 19.4828 0.883886 8.55
      vertex 19.4923 0.921965 8.55
    endloop
  endfacet
  facet normal 0 0 1
    outer loop
      vertex 19.4696 1.15307 8.55
      vertex 19.4828 0.883886 8.55
      vertex 19.4828 1.11611 8.55
    endloop
  endfacet
  facet normal 0 0 1
    outer loop
      vertex 19.4696 1.15307 8.55
      vertex 19.4696 0.846927 8.55
      vertex 19.4828 0.883886 8.55
    endloop
  endfacet
  facet normal 0 0 1
    outer loop
      vertex 19.4528 1.18856 8.55
      vertex 19.4696 0.846927 8.55
      vertex 19.4696 1.15307 8.55
    endloop
  endfacet
  facet normal 0 0 1
    outer loop
      vertex 19.4459 0.799999 8.55
      vertex 19.4696 0.846927 8.55
      vertex 19.4528 1.18856 8.55
    endloop
  endfacet
  facet normal 0 0 1
    outer loop
      vertex 19.4696 0.846927 8.55
      vertex 19.4459 0.799999 8.55
      vertex 19.4528 0.811441 8.55
    endloop
  endfacet
  facet normal 0 0 1
    outer loop
      vertex 19.4326 1.22223 8.55
      vertex 19.4459 0.799999 8.55
      vertex 19.4528 1.18856 8.55
    endloop
  endfacet
  facet normal 0 0 1
    outer loop
      vertex 19.4092 1.25376 8.55
      vertex 19.4459 0.799999 8.55
      vertex 19.4326 1.22223 8.55
    endloop
  endfacet
  facet normal 0 0 1
    outer loop
      vertex 19.3828 1.28284 8.55
      vertex 19.4459 0.799999 8.55
      vertex 19.4092 1.25376 8.55
    endloop
  endfacet
  facet normal 0 0 1
    outer loop
      vertex 19.3538 1.3092 8.55
      vertex 19.4459 0.799999 8.55
      vertex 19.3828 1.28284 8.55
    endloop
  endfacet
  facet normal 0 0 1
    outer loop
      vertex 19.3222 1.33259 8.55
      vertex 19.4459 0.799999 8.55
      vertex 19.3538 1.3092 8.55
    endloop
  endfacet
  facet normal 0 0 1
    outer loop
      vertex 19.2886 1.35277 8.55
      vertex 19.4459 0.799999 8.55
      vertex 19.3222 1.33259 8.55
    endloop
  endfacet
  facet normal 0 0 1
    outer loop
      vertex 19.2531 1.36955 8.55
      vertex 19.4459 0.799999 8.55
      vertex 19.2886 1.35277 8.55
    endloop
  endfacet
  facet normal 0 0 1
    outer loop
      vertex 19.2161 1.38278 8.55
      vertex 19.4459 0.799999 8.55
      vertex 19.2531 1.36955 8.55
    endloop
  endfacet
  facet normal 0 0 1
    outer loop
      vertex 19.178 1.39231 8.55
      vertex 19.4459 0.799999 8.55
      vertex 19.2161 1.38278 8.55
    endloop
  endfacet
  facet normal 0 0 1
    outer loop
      vertex 19.1392 1.39807 8.55
      vertex 19.4459 0.799999 8.55
      vertex 19.178 1.39231 8.55
    endloop
  endfacet
  facet normal 0 0 1
    outer loop
      vertex 19.1 1.4 8.55
      vertex 19.4459 0.799999 8.55
      vertex 19.1392 1.39807 8.55
    endloop
  endfacet
  facet normal -0 0 1
    outer loop
      vertex 16.9 1.4 8.55
      vertex 19.4459 0.799999 8.55
      vertex 19.1 1.4 8.55
    endloop
  endfacet
  facet normal 0 0 1
    outer loop
      vertex 16.5541 0.799999 8.55
      vertex 16.9 1.4 8.55
      vertex 16.8608 1.39807 8.55
    endloop
  endfacet
  facet normal 0 0 1
    outer loop
      vertex 16.5541 0.799999 8.55
      vertex 16.8608 1.39807 8.55
      vertex 16.822 1.39231 8.55
    endloop
  endfacet
  facet normal 0 0 1
    outer loop
      vertex 16.5541 0.799999 8.55
      vertex 16.822 1.39231 8.55
      vertex 16.7839 1.38278 8.55
    endloop
  endfacet
  facet normal 0 0 1
    outer loop
      vertex 16.5541 0.799999 8.55
      vertex 16.7839 1.38278 8.55
      vertex 16.7469 1.36955 8.55
    endloop
  endfacet
  facet normal 0 0 1
    outer loop
      vertex 16.5541 0.799999 8.55
      vertex 16.7469 1.36955 8.55
      vertex 16.7114 1.35277 8.55
    endloop
  endfacet
  facet normal 0 0 1
    outer loop
      vertex 16.5541 0.799999 8.55
      vertex 16.7114 1.35277 8.55
      vertex 16.6778 1.33259 8.55
    endloop
  endfacet
  facet normal 0 0 1
    outer loop
      vertex 16.5541 0.799999 8.55
      vertex 16.6778 1.33259 8.55
      vertex 16.6462 1.3092 8.55
    endloop
  endfacet
  facet normal 0 0 1
    outer loop
      vertex 16.5541 0.799999 8.55
      vertex 16.6462 1.3092 8.55
      vertex 16.6172 1.28284 8.55
    endloop
  endfacet
  facet normal 0 0 1
    outer loop
      vertex 16.5541 0.799999 8.55
      vertex 16.6172 1.28284 8.55
      vertex 16.5908 1.25376 8.55
    endloop
  endfacet
  facet normal 0 0 1
    outer loop
      vertex 16.5541 0.799999 8.55
      vertex 16.5908 1.25376 8.55
      vertex 16.5674 1.22223 8.55
    endloop
  endfacet
  facet normal 0 0 1
    outer loop
      vertex 16.9 1.4 8.55
      vertex 16.5541 0.799999 8.55
      vertex 19.4459 0.799999 8.55
    endloop
  endfacet
  facet normal -0 0 1
    outer loop
      vertex 16.5472 1.18856 8.55
      vertex 16.5541 0.799999 8.55
      vertex 16.5674 1.22223 8.55
    endloop
  endfacet
  facet normal -0 0 1
    outer loop
      vertex 16.5304 1.15307 8.55
      vertex 16.5541 0.799999 8.55
      vertex 16.5472 1.18856 8.55
    endloop
  endfacet
  facet normal -0 0 1
    outer loop
      vertex 16.5304 0.846927 8.55
      vertex 16.5541 0.799999 8.55
      vertex 16.5304 1.15307 8.55
    endloop
  endfacet
  facet normal 0 0 1
    outer loop
      vertex 16.5541 0.799999 8.55
      vertex 16.5304 0.846927 8.55
      vertex 16.5472 0.811441 8.55
    endloop
  endfacet
  facet normal -0 0 1
    outer loop
      vertex 16.5172 1.11611 8.55
      vertex 16.5304 0.846927 8.55
      vertex 16.5304 1.15307 8.55
    endloop
  endfacet
  facet normal 0 0 1
    outer loop
      vertex 16.5172 1.11611 8.55
      vertex 16.5172 0.883886 8.55
      vertex 16.5304 0.846927 8.55
    endloop
  endfacet
  facet normal -0 0 1
    outer loop
      vertex 16.5077 1.07804 8.55
      vertex 16.5172 0.883886 8.55
      vertex 16.5172 1.11611 8.55
    endloop
  endfacet
  facet normal 0 0 1
    outer loop
      vertex 16.5077 1.07804 8.55
      vertex 16.5077 0.921965 8.55
      vertex 16.5172 0.883886 8.55
    endloop
  endfacet
  facet normal -0 0 1
    outer loop
      vertex 16.5019 1.03921 8.55
      vertex 16.5077 0.921965 8.55
      vertex 16.5077 1.07804 8.55
    endloop
  endfacet
  facet normal 0 0 1
    outer loop
      vertex 16.5019 1.03921 8.55
      vertex 16.5019 0.960793 8.55
      vertex 16.5077 0.921965 8.55
    endloop
  endfacet
  facet normal 0 -0 1
    outer loop
      vertex 16.5019 0.960793 8.55
      vertex 16.5019 1.03921 8.55
      vertex 16.5 1 8.55
    endloop
  endfacet
  facet normal 0.903847 0.427856 0
    outer loop
      vertex 19.4696 1.15307 8.55
      vertex 19.4528 1.18856 3
      vertex 19.4528 1.18856 8.55
    endloop
  endfacet
  facet normal 0.903847 0.427856 0
    outer loop
      vertex 19.4528 1.18856 3
      vertex 19.4696 1.15307 8.55
      vertex 19.4696 1.15307 3
    endloop
  endfacet
  facet normal 0.998828 -0.0484039 0
    outer loop
      vertex 19.4981 0.960793 8.55
      vertex 19.5 1 3
      vertex 19.5 1 8.55
    endloop
  endfacet
  facet normal 0.998828 -0.0484039 0
    outer loop
      vertex 19.5 1 3
      vertex 19.4981 0.960793 8.55
      vertex 19.4981 0.960793 3
    endloop
  endfacet
  facet normal -0.998828 -0.0484039 0
    outer loop
      vertex 16.5019 0.960793 3
      vertex 16.5 1 8.55
      vertex 16.5 1 3
    endloop
  endfacet
  facet normal -0.998828 -0.0484039 0
    outer loop
      vertex 16.5 1 8.55
      vertex 16.5019 0.960793 3
      vertex 16.5019 0.960793 8.55
    endloop
  endfacet
  facet normal -0.740401 0.672166 0
    outer loop
      vertex 16.5908 1.25376 3
      vertex 16.6172 1.28284 8.55
      vertex 16.6172 1.28284 3
    endloop
  endfacet
  facet normal -0.740401 0.672166 0
    outer loop
      vertex 16.6172 1.28284 8.55
      vertex 16.5908 1.25376 3
      vertex 16.5908 1.25376 8.55
    endloop
  endfacet
  facet normal -0.856342 -0.51641 0
    outer loop
      vertex 16.5541 0.799999 3
      vertex 16.5472 0.811441 8.55
      vertex 16.5472 0.811441 3
    endloop
  endfacet
  facet normal -0.856342 -0.51641 0
    outer loop
      vertex 16.5472 0.811441 8.55
      vertex 16.5541 0.799999 3
      vertex 16.5541 0.799999 8.55
    endloop
  endfacet
  facet normal 0.242655 0.970113 -0
    outer loop
      vertex 19.2161 1.38278 3
      vertex 19.178 1.39231 8.55
      vertex 19.2161 1.38278 8.55
    endloop
  endfacet
  facet normal 0.242655 0.970113 0
    outer loop
      vertex 19.178 1.39231 8.55
      vertex 19.2161 1.38278 3
      vertex 19.178 1.39231 3
    endloop
  endfacet
  facet normal 0.0491751 0.99879 -0
    outer loop
      vertex 19.1392 1.39807 3
      vertex 19.1 1.4 8.55
      vertex 19.1392 1.39807 8.55
    endloop
  endfacet
  facet normal 0.0491751 0.99879 0
    outer loop
      vertex 19.1 1.4 8.55
      vertex 19.1392 1.39807 3
      vertex 19.1 1.4 3
    endloop
  endfacet
  facet normal -0.998828 0.0484002 0
    outer loop
      vertex 16.5 1 3
      vertex 16.5019 1.03921 8.55
      vertex 16.5019 1.03921 3
    endloop
  endfacet
  facet normal -0.998828 0.0484002 0
    outer loop
      vertex 16.5019 1.03921 8.55
      vertex 16.5 1 3
      vertex 16.5 1 8.55
    endloop
  endfacet
  facet normal 0.857515 0.514458 0
    outer loop
      vertex 19.4528 1.18856 8.55
      vertex 19.4326 1.22223 3
      vertex 19.4326 1.22223 8.55
    endloop
  endfacet
  facet normal 0.857515 0.514458 0
    outer loop
      vertex 19.4326 1.22223 3
      vertex 19.4528 1.18856 8.55
      vertex 19.4528 1.18856 3
    endloop
  endfacet
  facet normal 0.989027 -0.147738 0
    outer loop
      vertex 19.4923 0.921965 8.55
      vertex 19.4981 0.960793 3
      vertex 19.4981 0.960793 8.55
    endloop
  endfacet
  facet normal 0.989027 -0.147738 0
    outer loop
      vertex 19.4981 0.960793 3
      vertex 19.4923 0.921965 8.55
      vertex 19.4923 0.921965 3
    endloop
  endfacet
  facet normal -0.0491751 0.99879 0
    outer loop
      vertex 16.9 1.4 3
      vertex 16.8608 1.39807 8.55
      vertex 16.9 1.4 8.55
    endloop
  endfacet
  facet normal -0.0491751 0.99879 0
    outer loop
      vertex 16.8608 1.39807 8.55
      vertex 16.9 1.4 3
      vertex 16.8608 1.39807 3
    endloop
  endfacet
  facet normal -0.146844 0.98916 0
    outer loop
      vertex 16.8608 1.39807 3
      vertex 16.822 1.39231 8.55
      vertex 16.8608 1.39807 8.55
    endloop
  endfacet
  facet normal -0.146844 0.98916 0
    outer loop
      vertex 16.822 1.39231 8.55
      vertex 16.8608 1.39807 3
      vertex 16.822 1.39231 3
    endloop
  endfacet
  facet normal -0.803015 0.595958 0
    outer loop
      vertex 16.5674 1.22223 3
      vertex 16.5908 1.25376 8.55
      vertex 16.5908 1.25376 3
    endloop
  endfacet
  facet normal -0.803015 0.595958 0
    outer loop
      vertex 16.5908 1.25376 8.55
      vertex 16.5674 1.22223 3
      vertex 16.5674 1.22223 8.55
    endloop
  endfacet
  facet normal -0.941739 -0.336344 0
    outer loop
      vertex 16.5304 0.846927 3
      vertex 16.5172 0.883886 8.55
      vertex 16.5172 0.883886 3
    endloop
  endfacet
  facet normal -0.941739 -0.336344 0
    outer loop
      vertex 16.5172 0.883886 8.55
      vertex 16.5304 0.846927 3
      vertex 16.5304 0.846927 8.55
    endloop
  endfacet
  facet normal 0.903828 -0.427896 0
    outer loop
      vertex 19.4528 0.811441 8.55
      vertex 19.4696 0.846927 3
      vertex 19.4696 0.846927 8.55
    endloop
  endfacet
  facet normal 0.903828 -0.427896 0
    outer loop
      vertex 19.4696 0.846927 3
      vertex 19.4528 0.811441 8.55
      vertex 19.4528 0.811441 3
    endloop
  endfacet
  facet normal -0.672622 0.739986 0
    outer loop
      vertex 16.6462 1.3092 3
      vertex 16.6172 1.28284 8.55
      vertex 16.6462 1.3092 8.55
    endloop
  endfacet
  facet normal -0.672622 0.739986 0
    outer loop
      vertex 16.6172 1.28284 8.55
      vertex 16.6462 1.3092 3
      vertex 16.6172 1.28284 3
    endloop
  endfacet
  facet normal -0.514871 0.857268 0
    outer loop
      vertex 16.7114 1.35277 3
      vertex 16.6778 1.33259 8.55
      vertex 16.7114 1.35277 8.55
    endloop
  endfacet
  facet normal -0.514871 0.857268 0
    outer loop
      vertex 16.6778 1.33259 8.55
      vertex 16.7114 1.35277 3
      vertex 16.6778 1.33259 3
    endloop
  endfacet
  facet normal 0.594942 0.803769 -0
    outer loop
      vertex 19.3538 1.3092 3
      vertex 19.3222 1.33259 8.55
      vertex 19.3538 1.3092 8.55
    endloop
  endfacet
  facet normal 0.594942 0.803769 0
    outer loop
      vertex 19.3222 1.33259 8.55
      vertex 19.3538 1.3092 3
      vertex 19.3222 1.33259 3
    endloop
  endfacet
  facet normal -0.903847 0.427856 0
    outer loop
      vertex 16.5304 1.15307 3
      vertex 16.5472 1.18856 8.55
      vertex 16.5472 1.18856 3
    endloop
  endfacet
  facet normal -0.903847 0.427856 0
    outer loop
      vertex 16.5472 1.18856 8.55
      vertex 16.5304 1.15307 3
      vertex 16.5304 1.15307 8.55
    endloop
  endfacet
  facet normal -0.336691 0.941615 0
    outer loop
      vertex 16.7839 1.38278 3
      vertex 16.7469 1.36955 8.55
      vertex 16.7839 1.38278 8.55
    endloop
  endfacet
  facet normal -0.336691 0.941615 0
    outer loop
      vertex 16.7469 1.36955 8.55
      vertex 16.7839 1.38278 3
      vertex 16.7469 1.36955 3
    endloop
  endfacet
  facet normal 0.336691 0.941615 -0
    outer loop
      vertex 19.2531 1.36955 3
      vertex 19.2161 1.38278 8.55
      vertex 19.2531 1.36955 8.55
    endloop
  endfacet
  facet normal 0.336691 0.941615 0
    outer loop
      vertex 19.2161 1.38278 8.55
      vertex 19.2531 1.36955 3
      vertex 19.2161 1.38278 3
    endloop
  endfacet
  facet normal 0.427342 0.90409 -0
    outer loop
      vertex 19.2886 1.35277 3
      vertex 19.2531 1.36955 8.55
      vertex 19.2886 1.35277 8.55
    endloop
  endfacet
  facet normal 0.427342 0.90409 0
    outer loop
      vertex 19.2531 1.36955 8.55
      vertex 19.2886 1.35277 3
      vertex 19.2531 1.36955 3
    endloop
  endfacet
  facet normal -0.427342 0.90409 0
    outer loop
      vertex 16.7469 1.36955 3
      vertex 16.7114 1.35277 8.55
      vertex 16.7469 1.36955 8.55
    endloop
  endfacet
  facet normal -0.427342 0.90409 0
    outer loop
      vertex 16.7114 1.35277 8.55
      vertex 16.7469 1.36955 3
      vertex 16.7114 1.35277 3
    endloop
  endfacet
  facet normal 0 0 -1
    outer loop
      vertex 19.4981 0.960793 3
      vertex 19.4981 1.03921 3
      vertex 19.5 1 3
    endloop
  endfacet
  facet normal 0 0 -1
    outer loop
      vertex 19.4923 0.921965 3
      vertex 19.4981 1.03921 3
      vertex 19.4981 0.960793 3
    endloop
  endfacet
  facet normal 0 0 -1
    outer loop
      vertex 19.4923 0.921965 3
      vertex 19.4923 1.07804 3
      vertex 19.4981 1.03921 3
    endloop
  endfacet
  facet normal 0 0 -1
    outer loop
      vertex 19.4828 0.883886 3
      vertex 19.4923 1.07804 3
      vertex 19.4923 0.921965 3
    endloop
  endfacet
  facet normal 0 0 -1
    outer loop
      vertex 19.4828 0.883886 3
      vertex 19.4828 1.11611 3
      vertex 19.4923 1.07804 3
    endloop
  endfacet
  facet normal 0 0 -1
    outer loop
      vertex 19.4696 0.846927 3
      vertex 19.4828 1.11611 3
      vertex 19.4828 0.883886 3
    endloop
  endfacet
  facet normal 0 0 -1
    outer loop
      vertex 19.4696 0.846927 3
      vertex 19.4696 1.15307 3
      vertex 19.4828 1.11611 3
    endloop
  endfacet
  facet normal 0 0 -1
    outer loop
      vertex 19.4459 0.799999 3
      vertex 19.4696 0.846927 3
      vertex 19.4528 0.811441 3
    endloop
  endfacet
  facet normal -0 0 -1
    outer loop
      vertex 19.4696 0.846927 3
      vertex 19.4459 0.799999 3
      vertex 19.4696 1.15307 3
    endloop
  endfacet
  facet normal -0 0 -1
    outer loop
      vertex 19.4696 1.15307 3
      vertex 19.4459 0.799999 3
      vertex 19.4528 1.18856 3
    endloop
  endfacet
  facet normal 0 0 -1
    outer loop
      vertex 19.4459 0.799999 3
      vertex 19.4326 1.22223 3
      vertex 19.4528 1.18856 3
    endloop
  endfacet
  facet normal 0 0 -1
    outer loop
      vertex 19.4459 0.799999 3
      vertex 19.4092 1.25376 3
      vertex 19.4326 1.22223 3
    endloop
  endfacet
  facet normal 0 0 -1
    outer loop
      vertex 19.4459 0.799999 3
      vertex 19.3828 1.28284 3
      vertex 19.4092 1.25376 3
    endloop
  endfacet
  facet normal 0 0 -1
    outer loop
      vertex 19.4459 0.799999 3
      vertex 19.3538 1.3092 3
      vertex 19.3828 1.28284 3
    endloop
  endfacet
  facet normal 0 0 -1
    outer loop
      vertex 19.4459 0.799999 3
      vertex 19.3222 1.33259 3
      vertex 19.3538 1.3092 3
    endloop
  endfacet
  facet normal 0 0 -1
    outer loop
      vertex 19.4459 0.799999 3
      vertex 19.2886 1.35277 3
      vertex 19.3222 1.33259 3
    endloop
  endfacet
  facet normal 0 0 -1
    outer loop
      vertex 19.4459 0.799999 3
      vertex 19.2531 1.36955 3
      vertex 19.2886 1.35277 3
    endloop
  endfacet
  facet normal 0 0 -1
    outer loop
      vertex 19.4459 0.799999 3
      vertex 19.2161 1.38278 3
      vertex 19.2531 1.36955 3
    endloop
  endfacet
  facet normal 0 0 -1
    outer loop
      vertex 19.4459 0.799999 3
      vertex 19.178 1.39231 3
      vertex 19.2161 1.38278 3
    endloop
  endfacet
  facet normal 0 0 -1
    outer loop
      vertex 19.4459 0.799999 3
      vertex 19.1392 1.39807 3
      vertex 19.178 1.39231 3
    endloop
  endfacet
  facet normal 0 0 -1
    outer loop
      vertex 19.4459 0.799999 3
      vertex 19.1 1.4 3
      vertex 19.1392 1.39807 3
    endloop
  endfacet
  facet normal 0 0 -1
    outer loop
      vertex 19.4459 0.799999 3
      vertex 16.9 1.4 3
      vertex 19.1 1.4 3
    endloop
  endfacet
  facet normal 0 0 -1
    outer loop
      vertex 16.5541 0.799999 3
      vertex 16.9 1.4 3
      vertex 19.4459 0.799999 3
    endloop
  endfacet
  facet normal 0 0 -1
    outer loop
      vertex 16.9 1.4 3
      vertex 16.5541 0.799999 3
      vertex 16.8608 1.39807 3
    endloop
  endfacet
  facet normal 0 0 -1
    outer loop
      vertex 16.8608 1.39807 3
      vertex 16.5541 0.799999 3
      vertex 16.822 1.39231 3
    endloop
  endfacet
  facet normal 0 0 -1
    outer loop
      vertex 16.822 1.39231 3
      vertex 16.5541 0.799999 3
      vertex 16.7839 1.38278 3
    endloop
  endfacet
  facet normal 0 0 -1
    outer loop
      vertex 16.7839 1.38278 3
      vertex 16.5541 0.799999 3
      vertex 16.7469 1.36955 3
    endloop
  endfacet
  facet normal 0 0 -1
    outer loop
      vertex 16.7469 1.36955 3
      vertex 16.5541 0.799999 3
      vertex 16.7114 1.35277 3
    endloop
  endfacet
  facet normal 0 0 -1
    outer loop
      vertex 16.7114 1.35277 3
      vertex 16.5541 0.799999 3
      vertex 16.6778 1.33259 3
    endloop
  endfacet
  facet normal 0 0 -1
    outer loop
      vertex 16.6778 1.33259 3
      vertex 16.5541 0.799999 3
      vertex 16.6462 1.3092 3
    endloop
  endfacet
  facet normal 0 0 -1
    outer loop
      vertex 16.6462 1.3092 3
      vertex 16.5541 0.799999 3
      vertex 16.6172 1.28284 3
    endloop
  endfacet
  facet normal 0 0 -1
    outer loop
      vertex 16.6172 1.28284 3
      vertex 16.5541 0.799999 3
      vertex 16.5908 1.25376 3
    endloop
  endfacet
  facet normal 0 0 -1
    outer loop
      vertex 16.5908 1.25376 3
      vertex 16.5541 0.799999 3
      vertex 16.5674 1.22223 3
    endloop
  endfacet
  facet normal 0 0 -1
    outer loop
      vertex 16.5304 0.846927 3
      vertex 16.5541 0.799999 3
      vertex 16.5472 0.811441 3
    endloop
  endfacet
  facet normal 0 0 -1
    outer loop
      vertex 16.5541 0.799999 3
      vertex 16.5472 1.18856 3
      vertex 16.5674 1.22223 3
    endloop
  endfacet
  facet normal 0 0 -1
    outer loop
      vertex 16.5541 0.799999 3
      vertex 16.5304 0.846927 3
      vertex 16.5472 1.18856 3
    endloop
  endfacet
  facet normal 0 0 -1
    outer loop
      vertex 16.5304 0.846927 3
      vertex 16.5304 1.15307 3
      vertex 16.5472 1.18856 3
    endloop
  endfacet
  facet normal 0 0 -1
    outer loop
      vertex 16.5172 0.883886 3
      vertex 16.5304 1.15307 3
      vertex 16.5304 0.846927 3
    endloop
  endfacet
  facet normal 0 0 -1
    outer loop
      vertex 16.5172 0.883886 3
      vertex 16.5172 1.11611 3
      vertex 16.5304 1.15307 3
    endloop
  endfacet
  facet normal 0 0 -1
    outer loop
      vertex 16.5077 0.921965 3
      vertex 16.5172 1.11611 3
      vertex 16.5172 0.883886 3
    endloop
  endfacet
  facet normal 0 0 -1
    outer loop
      vertex 16.5077 0.921965 3
      vertex 16.5077 1.07804 3
      vertex 16.5172 1.11611 3
    endloop
  endfacet
  facet normal 0 0 -1
    outer loop
      vertex 16.5019 0.960793 3
      vertex 16.5077 1.07804 3
      vertex 16.5077 0.921965 3
    endloop
  endfacet
  facet normal 0 0 -1
    outer loop
      vertex 16.5019 0.960793 3
      vertex 16.5019 1.03921 3
      vertex 16.5077 1.07804 3
    endloop
  endfacet
  facet normal 0 -0 -1
    outer loop
      vertex 16.5019 1.03921 3
      vertex 16.5019 0.960793 3
      vertex 16.5 1 3
    endloop
  endfacet
  facet normal -0.941336 0.33747 0
    outer loop
      vertex -27.9656 0.432227 0
      vertex -27.9391 0.506146 2
      vertex -27.9391 0.506146 0
    endloop
  endfacet
  facet normal -0.941336 0.33747 0
    outer loop
      vertex -27.9391 0.506146 2
      vertex -27.9656 0.432227 0
      vertex -27.9656 0.432227 2
    endloop
  endfacet
  facet normal -1 0 0
    outer loop
      vertex -28 0.2 0
      vertex -28 0 2
      vertex -28 0.2 2
    endloop
  endfacet
  facet normal -1 0 0
    outer loop
      vertex -28 -5.7 0
      vertex -28 0 2
      vertex -28 0.2 0
    endloop
  endfacet
  facet normal -1 -0 0
    outer loop
      vertex -28 0 2
      vertex -28 -5.7 0
      vertex -28 -5.7 2
    endloop
  endfacet
  facet normal -0.903823 -0.427906 -0
    outer loop
      vertex -27.9055 -6.07712 1.71578
      vertex -27.9391 -6.00615 0
      vertex -27.9055 -6.07712 0
    endloop
  endfacet
  facet normal -0.903823 -0.427906 0
    outer loop
      vertex -27.9391 -6.00615 0
      vertex -27.9055 -6.07712 1.71578
      vertex -27.9391 -6.00615 1.78675
    endloop
  endfacet
  facet normal 0.049048 -0.998796 0
    outer loop
      vertex 27.2784 -6.49615 0
      vertex 27.2 -6.5 1.29289
      vertex 27.2 -6.5 0
    endloop
  endfacet
  facet normal 0.049048 -0.998796 0
    outer loop
      vertex 27.2 -6.5 1.29289
      vertex 27.2784 -6.49615 0
      vertex 27.2784 -6.49615 1.29675
    endloop
  endfacet
  facet normal 0.970259 0.242068 0
    outer loop
      vertex 27.9846 0.356071 2
      vertex 27.9656 0.432227 0
      vertex 27.9656 0.432227 2
    endloop
  endfacet
  facet normal 0.970259 0.242068 0
    outer loop
      vertex 27.9656 0.432227 0
      vertex 27.9846 0.356071 2
      vertex 27.9846 0.356071 0
    endloop
  endfacet
  facet normal -0.941338 -0.337466 -0
    outer loop
      vertex -27.9391 -6.00615 1.78675
      vertex -27.9656 -5.93223 0
      vertex -27.9391 -6.00615 0
    endloop
  endfacet
  facet normal -0.941338 -0.337466 0
    outer loop
      vertex -27.9656 -5.93223 0
      vertex -27.9391 -6.00615 1.78675
      vertex -27.9656 -5.93223 1.86067
    endloop
  endfacet
  facet normal -0.741149 -0.67134 -0
    outer loop
      vertex -27.7657 -6.26569 1.52721
      vertex -27.8184 -6.20751 0
      vertex -27.7657 -6.26569 0
    endloop
  endfacet
  facet normal -0.741149 -0.67134 0
    outer loop
      vertex -27.8184 -6.20751 0
      vertex -27.7657 -6.26569 1.52721
      vertex -27.8184 -6.20751 1.58538
    endloop
  endfacet
  facet normal -0.336959 0.941519 0
    outer loop
      vertex -27.4322 0.965551 0
      vertex -27.5061 0.939103 2
      vertex -27.4322 0.965551 2
    endloop
  endfacet
  facet normal -0.336959 0.941519 0
    outer loop
      vertex -27.5061 0.939103 2
      vertex -27.4322 0.965551 0
      vertex -27.5061 0.939103 0
    endloop
  endfacet
  facet normal -0.80297 -0.596019 -0
    outer loop
      vertex -27.8184 -6.20751 1.58538
      vertex -27.8652 -6.14446 0
      vertex -27.8184 -6.20751 0
    endloop
  endfacet
  facet normal -0.80297 -0.596019 0
    outer loop
      vertex -27.8652 -6.14446 0
      vertex -27.8184 -6.20751 1.58538
      vertex -27.8652 -6.14446 1.64844
    endloop
  endfacet
  facet normal -0.243195 -0.969977 0
    outer loop
      vertex -27.4322 -6.46555 0
      vertex -27.3561 -6.48463 1.30826
      vertex -27.4322 -6.46555 1.32734
    endloop
  endfacet
  facet normal -0.243195 -0.969977 -0
    outer loop
      vertex -27.3561 -6.48463 1.30826
      vertex -27.4322 -6.46555 0
      vertex -27.3561 -6.48463 0
    endloop
  endfacet
  facet normal -0.596053 0.802945 0
    outer loop
      vertex -27.6445 0.865175 0
      vertex -27.7075 0.818408 2
      vertex -27.6445 0.865175 2
    endloop
  endfacet
  facet normal -0.596053 0.802945 0
    outer loop
      vertex -27.7075 0.818408 2
      vertex -27.6445 0.865175 0
      vertex -27.7075 0.818408 0
    endloop
  endfacet
  facet normal -0.0490862 0.998795 0
    outer loop
      vertex -27.2 1 0
      vertex -27.2784 0.996147 2
      vertex -27.2 1 2
    endloop
  endfacet
  facet normal -0.0490862 0.998795 0
    outer loop
      vertex -27.2784 0.996147 2
      vertex -27.2 1 0
      vertex -27.2784 0.996147 0
    endloop
  endfacet
  facet normal 0 -1 0
    outer loop
      vertex -27.2 -6.5 0
      vertex 27.2 -6.5 1.29289
      vertex -27.2 -6.5 1.29289
    endloop
  endfacet
  facet normal 0 -1 -0
    outer loop
      vertex 27.2 -6.5 1.29289
      vertex -27.2 -6.5 0
      vertex 27.2 -6.5 0
    endloop
  endfacet
  facet normal 0.903823 -0.427906 0
    outer loop
      vertex 27.9055 -6.07712 1.71578
      vertex 27.9391 -6.00615 0
      vertex 27.9391 -6.00615 1.78675
    endloop
  endfacet
  facet normal 0.903823 -0.427906 0
    outer loop
      vertex 27.9391 -6.00615 0
      vertex 27.9055 -6.07712 1.71578
      vertex 27.9055 -6.07712 0
    endloop
  endfacet
  facet normal 1 -0 0
    outer loop
      vertex 28 0 2
      vertex 28 0.2 0
      vertex 28 0.2 2
    endloop
  endfacet
  facet normal 1 0 0
    outer loop
      vertex 28 -5.7 0
      vertex 28 0 2
      vertex 28 -5.7 2
    endloop
  endfacet
  facet normal 1 0 0
    outer loop
      vertex 28 0 2
      vertex 28 -5.7 0
      vertex 28 0.2 0
    endloop
  endfacet
  facet normal 0 1 -0
    outer loop
      vertex 27.2 1 0
      vertex -27.2 1 2
      vertex 27.2 1 2
    endloop
  endfacet
  facet normal 0 1 0
    outer loop
      vertex -27.2 1 2
      vertex 27.2 1 0
      vertex -27.2 1 0
    endloop
  endfacet
  facet normal 0.970262 -0.242056 0
    outer loop
      vertex 27.9656 -5.93223 1.86067
      vertex 27.9846 -5.85607 0
      vertex 27.9846 -5.85607 1.93682
    endloop
  endfacet
  facet normal 0.970262 -0.242056 0
    outer loop
      vertex 27.9846 -5.85607 0
      vertex 27.9656 -5.93223 1.86067
      vertex 27.9656 -5.93223 0
    endloop
  endfacet
  facet normal 0.80297 -0.596019 0
    outer loop
      vertex 27.8184 -6.20751 1.58538
      vertex 27.8652 -6.14446 0
      vertex 27.8652 -6.14446 1.64844
    endloop
  endfacet
  facet normal 0.80297 -0.596019 0
    outer loop
      vertex 27.8652 -6.14446 0
      vertex 27.8184 -6.20751 1.58538
      vertex 27.8184 -6.20751 0
    endloop
  endfacet
  facet normal 0.243159 0.969986 -0
    outer loop
      vertex 27.4322 0.965551 0
      vertex 27.3561 0.984628 2
      vertex 27.4322 0.965551 2
    endloop
  endfacet
  facet normal 0.243159 0.969986 0
    outer loop
      vertex 27.3561 0.984628 2
      vertex 27.4322 0.965551 0
      vertex 27.3561 0.984628 0
    endloop
  endfacet
  facet normal -0.741098 0.671397 0
    outer loop
      vertex -27.8184 0.707514 0
      vertex -27.7657 0.765685 2
      vertex -27.7657 0.765685 0
    endloop
  endfacet
  facet normal -0.741098 0.671397 0
    outer loop
      vertex -27.7657 0.765685 2
      vertex -27.8184 0.707514 0
      vertex -27.8184 0.707514 2
    endloop
  endfacet
  facet normal -0.803006 0.59597 0
    outer loop
      vertex -27.8652 0.644456 0
      vertex -27.8184 0.707514 2
      vertex -27.8184 0.707514 0
    endloop
  endfacet
  facet normal -0.803006 0.59597 0
    outer loop
      vertex -27.8184 0.707514 2
      vertex -27.8652 0.644456 0
      vertex -27.8652 0.644456 2
    endloop
  endfacet
  facet normal -0.989213 -0.146484 0
    outer loop
      vertex -27.9846 -5.85607 1.93682
      vertex -27.9961 -5.77841 2
      vertex -27.9961 -5.77841 0
    endloop
  endfacet
  facet normal -0.989213 -0.146484 -0
    outer loop
      vertex -27.9846 -5.85607 1.93682
      vertex -27.9961 -5.77841 0
      vertex -27.9846 -5.85607 0
    endloop
  endfacet
  facet normal -0.98964 -0.143525 -0.00371475
    outer loop
      vertex -27.9961 -5.77841 2
      vertex -27.9846 -5.85607 1.93682
      vertex -27.994 -5.79289 2
    endloop
  endfacet
  facet normal 0.596078 -0.802927 0
    outer loop
      vertex 27.7075 -6.31841 0
      vertex 27.6445 -6.36518 1.42772
      vertex 27.6445 -6.36518 0
    endloop
  endfacet
  facet normal 0.596078 -0.802927 0
    outer loop
      vertex 27.6445 -6.36518 1.42772
      vertex 27.7075 -6.31841 0
      vertex 27.7075 -6.31841 1.47448
    endloop
  endfacet
  facet normal -0.243159 0.969986 0
    outer loop
      vertex -27.3561 0.984628 0
      vertex -27.4322 0.965551 2
      vertex -27.3561 0.984628 2
    endloop
  endfacet
  facet normal -0.243159 0.969986 0
    outer loop
      vertex -27.4322 0.965551 2
      vertex -27.3561 0.984628 0
      vertex -27.4322 0.965551 0
    endloop
  endfacet
  facet normal 0.513766 0.857931 -0
    outer loop
      vertex 27.6445 0.865175 0
      vertex 27.5771 0.905537 2
      vertex 27.6445 0.865175 2
    endloop
  endfacet
  facet normal 0.513766 0.857931 0
    outer loop
      vertex 27.5771 0.905537 2
      vertex 27.6445 0.865175 0
      vertex 27.5771 0.905537 0
    endloop
  endfacet
  facet normal -0.596078 -0.802927 0
    outer loop
      vertex -27.7075 -6.31841 0
      vertex -27.6445 -6.36518 1.42772
      vertex -27.7075 -6.31841 1.47448
    endloop
  endfacet
  facet normal -0.596078 -0.802927 -0
    outer loop
      vertex -27.6445 -6.36518 1.42772
      vertex -27.7075 -6.31841 0
      vertex -27.6445 -6.36518 0
    endloop
  endfacet
  facet normal -0.970259 0.242068 0
    outer loop
      vertex -27.9846 0.356071 0
      vertex -27.9656 0.432227 2
      vertex -27.9656 0.432227 0
    endloop
  endfacet
  facet normal -0.970259 0.242068 0
    outer loop
      vertex -27.9656 0.432227 2
      vertex -27.9846 0.356071 0
      vertex -27.9846 0.356071 2
    endloop
  endfacet
  facet normal -0.146647 0.989189 0
    outer loop
      vertex -27.2784 0.996147 0
      vertex -27.3561 0.984628 2
      vertex -27.2784 0.996147 2
    endloop
  endfacet
  facet normal -0.146647 0.989189 0
    outer loop
      vertex -27.3561 0.984628 2
      vertex -27.2784 0.996147 0
      vertex -27.3561 0.984628 0
    endloop
  endfacet
  facet normal 0 0 -1
    outer loop
      vertex 27.2 -6.5 0
      vertex 28 -5.7 0
      vertex 27.9961 -5.77841 0
    endloop
  endfacet
  facet normal -0 0 -1
    outer loop
      vertex 28 -5.7 0
      vertex 27.2 -6.5 0
      vertex 28 0.2 0
    endloop
  endfacet
  facet normal 0 0 -1
    outer loop
      vertex 27.2 -6.5 0
      vertex 27.9961 -5.77841 0
      vertex 27.9846 -5.85607 0
    endloop
  endfacet
  facet normal 0 0 -1
    outer loop
      vertex 27.2 1 0
      vertex 28 0.2 0
      vertex 27.2 -6.5 0
    endloop
  endfacet
  facet normal 0 0 -1
    outer loop
      vertex 27.2 -6.5 0
      vertex 27.9846 -5.85607 0
      vertex 27.9656 -5.93223 0
    endloop
  endfacet
  facet normal 0 0 -1
    outer loop
      vertex 28 0.2 0
      vertex 27.2 1 0
      vertex 27.9961 0.278413 0
    endloop
  endfacet
  facet normal 0 0 -1
    outer loop
      vertex 27.2 -6.5 0
      vertex 27.9656 -5.93223 0
      vertex 27.9391 -6.00615 0
    endloop
  endfacet
  facet normal 0 0 -1
    outer loop
      vertex 27.9961 0.278413 0
      vertex 27.2 1 0
      vertex 27.9846 0.356071 0
    endloop
  endfacet
  facet normal 0 0 -1
    outer loop
      vertex 27.2 -6.5 0
      vertex 27.9391 -6.00615 0
      vertex 27.9055 -6.07712 0
    endloop
  endfacet
  facet normal 0 0 -1
    outer loop
      vertex 27.9846 0.356071 0
      vertex 27.2 1 0
      vertex 27.9656 0.432227 0
    endloop
  endfacet
  facet normal 0 0 -1
    outer loop
      vertex 27.2 -6.5 0
      vertex 27.9055 -6.07712 0
      vertex 27.8652 -6.14446 0
    endloop
  endfacet
  facet normal 0 0 -1
    outer loop
      vertex 27.9656 0.432227 0
      vertex 27.2 1 0
      vertex 27.9391 0.506146 0
    endloop
  endfacet
  facet normal 0 0 -1
    outer loop
      vertex 27.2 -6.5 0
      vertex 27.8652 -6.14446 0
      vertex 27.8184 -6.20751 0
    endloop
  endfacet
  facet normal 0 0 -1
    outer loop
      vertex 27.9391 0.506146 0
      vertex 27.2 1 0
      vertex 27.9055 0.577117 0
    endloop
  endfacet
  facet normal 0 0 -1
    outer loop
      vertex 27.2 -6.5 0
      vertex 27.8184 -6.20751 0
      vertex 27.7657 -6.26569 0
    endloop
  endfacet
  facet normal 0 0 -1
    outer loop
      vertex 27.9055 0.577117 0
      vertex 27.2 1 0
      vertex 27.8652 0.644456 0
    endloop
  endfacet
  facet normal 0 0 -1
    outer loop
      vertex 27.2 -6.5 0
      vertex 27.7657 -6.26569 0
      vertex 27.7075 -6.31841 0
    endloop
  endfacet
  facet normal 0 0 -1
    outer loop
      vertex 27.8652 0.644456 0
      vertex 27.2 1 0
      vertex 27.8184 0.707514 0
    endloop
  endfacet
  facet normal 0 0 -1
    outer loop
      vertex 27.2 -6.5 0
      vertex 27.7075 -6.31841 0
      vertex 27.6445 -6.36518 0
    endloop
  endfacet
  facet normal 0 0 -1
    outer loop
      vertex 27.8184 0.707514 0
      vertex 27.2 1 0
      vertex 27.7657 0.765685 0
    endloop
  endfacet
  facet normal 0 0 -1
    outer loop
      vertex 27.2 -6.5 0
      vertex 27.6445 -6.36518 0
      vertex 27.5771 -6.40554 0
    endloop
  endfacet
  facet normal 0 0 -1
    outer loop
      vertex 27.7657 0.765685 0
      vertex 27.2 1 0
      vertex 27.7075 0.818408 0
    endloop
  endfacet
  facet normal 0 0 -1
    outer loop
      vertex 27.2 -6.5 0
      vertex 27.5771 -6.40554 0
      vertex 27.5061 -6.4391 0
    endloop
  endfacet
  facet normal 0 0 -1
    outer loop
      vertex 27.7075 0.818408 0
      vertex 27.2 1 0
      vertex 27.6445 0.865175 0
    endloop
  endfacet
  facet normal 0 0 -1
    outer loop
      vertex 27.2 -6.5 0
      vertex 27.5061 -6.4391 0
      vertex 27.4322 -6.46555 0
    endloop
  endfacet
  facet normal 0 0 -1
    outer loop
      vertex 27.6445 0.865175 0
      vertex 27.2 1 0
      vertex 27.5771 0.905537 0
    endloop
  endfacet
  facet normal 0 0 -1
    outer loop
      vertex 27.2 -6.5 0
      vertex 27.4322 -6.46555 0
      vertex 27.3561 -6.48463 0
    endloop
  endfacet
  facet normal 0 0 -1
    outer loop
      vertex 27.5771 0.905537 0
      vertex 27.2 1 0
      vertex 27.5061 0.939103 0
    endloop
  endfacet
  facet normal 0 0 -1
    outer loop
      vertex 27.2 -6.5 0
      vertex 27.3561 -6.48463 0
      vertex 27.2784 -6.49615 0
    endloop
  endfacet
  facet normal 0 0 -1
    outer loop
      vertex 27.5061 0.939103 0
      vertex 27.2 1 0
      vertex 27.4322 0.965551 0
    endloop
  endfacet
  facet normal 0 0 -1
    outer loop
      vertex 27.4322 0.965551 0
      vertex 27.2 1 0
      vertex 27.3561 0.984628 0
    endloop
  endfacet
  facet normal 0 0 -1
    outer loop
      vertex 27.3561 0.984628 0
      vertex 27.2 1 0
      vertex 27.2784 0.996147 0
    endloop
  endfacet
  facet normal 0 0 -1
    outer loop
      vertex -27.2 -6.5 0
      vertex 27.2 1 0
      vertex 27.2 -6.5 0
    endloop
  endfacet
  facet normal 0 0 -1
    outer loop
      vertex -27.2 -6.5 0
      vertex -27.2 1 0
      vertex 27.2 1 0
    endloop
  endfacet
  facet normal 0 0 -1
    outer loop
      vertex -28 -5.7 0
      vertex -27.2 -6.5 0
      vertex -27.2784 -6.49615 0
    endloop
  endfacet
  facet normal 0 0 -1
    outer loop
      vertex -27.2 -6.5 0
      vertex -28 -5.7 0
      vertex -27.2 1 0
    endloop
  endfacet
  facet normal 0 0 -1
    outer loop
      vertex -28 -5.7 0
      vertex -27.2784 -6.49615 0
      vertex -27.3561 -6.48463 0
    endloop
  endfacet
  facet normal 0 0 -1
    outer loop
      vertex -28 0.2 0
      vertex -27.2 1 0
      vertex -28 -5.7 0
    endloop
  endfacet
  facet normal 0 0 -1
    outer loop
      vertex -28 -5.7 0
      vertex -27.3561 -6.48463 0
      vertex -27.4322 -6.46555 0
    endloop
  endfacet
  facet normal 0 0 -1
    outer loop
      vertex -27.2 1 0
      vertex -28 0.2 0
      vertex -27.2784 0.996147 0
    endloop
  endfacet
  facet normal 0 0 -1
    outer loop
      vertex -28 -5.7 0
      vertex -27.4322 -6.46555 0
      vertex -27.5061 -6.4391 0
    endloop
  endfacet
  facet normal 0 0 -1
    outer loop
      vertex -27.2784 0.996147 0
      vertex -28 0.2 0
      vertex -27.3561 0.984628 0
    endloop
  endfacet
  facet normal 0 0 -1
    outer loop
      vertex -28 -5.7 0
      vertex -27.5061 -6.4391 0
      vertex -27.5771 -6.40554 0
    endloop
  endfacet
  facet normal 0 0 -1
    outer loop
      vertex -27.3561 0.984628 0
      vertex -28 0.2 0
      vertex -27.4322 0.965551 0
    endloop
  endfacet
  facet normal 0 0 -1
    outer loop
      vertex -28 -5.7 0
      vertex -27.5771 -6.40554 0
      vertex -27.6445 -6.36518 0
    endloop
  endfacet
  facet normal 0 0 -1
    outer loop
      vertex -27.4322 0.965551 0
      vertex -28 0.2 0
      vertex -27.5061 0.939103 0
    endloop
  endfacet
  facet normal 0 0 -1
    outer loop
      vertex -28 -5.7 0
      vertex -27.6445 -6.36518 0
      vertex -27.7075 -6.31841 0
    endloop
  endfacet
  facet normal 0 0 -1
    outer loop
      vertex -27.5061 0.939103 0
      vertex -28 0.2 0
      vertex -27.5771 0.905537 0
    endloop
  endfacet
  facet normal 0 0 -1
    outer loop
      vertex -28 -5.7 0
      vertex -27.7075 -6.31841 0
      vertex -27.7657 -6.26569 0
    endloop
  endfacet
  facet normal 0 0 -1
    outer loop
      vertex -27.5771 0.905537 0
      vertex -28 0.2 0
      vertex -27.6445 0.865175 0
    endloop
  endfacet
  facet normal 0 0 -1
    outer loop
      vertex -28 -5.7 0
      vertex -27.7657 -6.26569 0
      vertex -27.8184 -6.20751 0
    endloop
  endfacet
  facet normal 0 0 -1
    outer loop
      vertex -27.6445 0.865175 0
      vertex -28 0.2 0
      vertex -27.7075 0.818408 0
    endloop
  endfacet
  facet normal 0 0 -1
    outer loop
      vertex -28 -5.7 0
      vertex -27.8184 -6.20751 0
      vertex -27.8652 -6.14446 0
    endloop
  endfacet
  facet normal 0 0 -1
    outer loop
      vertex -27.7075 0.818408 0
      vertex -28 0.2 0
      vertex -27.7657 0.765685 0
    endloop
  endfacet
  facet normal 0 0 -1
    outer loop
      vertex -28 -5.7 0
      vertex -27.8652 -6.14446 0
      vertex -27.9055 -6.07712 0
    endloop
  endfacet
  facet normal 0 0 -1
    outer loop
      vertex -27.7657 0.765685 0
      vertex -28 0.2 0
      vertex -27.8184 0.707514 0
    endloop
  endfacet
  facet normal 0 0 -1
    outer loop
      vertex -28 -5.7 0
      vertex -27.9055 -6.07712 0
      vertex -27.9391 -6.00615 0
    endloop
  endfacet
  facet normal 0 0 -1
    outer loop
      vertex -27.8184 0.707514 0
      vertex -28 0.2 0
      vertex -27.8652 0.644456 0
    endloop
  endfacet
  facet normal 0 0 -1
    outer loop
      vertex -28 -5.7 0
      vertex -27.9391 -6.00615 0
      vertex -27.9656 -5.93223 0
    endloop
  endfacet
  facet normal 0 0 -1
    outer loop
      vertex -27.8652 0.644456 0
      vertex -28 0.2 0
      vertex -27.9055 0.577117 0
    endloop
  endfacet
  facet normal 0 0 -1
    outer loop
      vertex -28 -5.7 0
      vertex -27.9656 -5.93223 0
      vertex -27.9846 -5.85607 0
    endloop
  endfacet
  facet normal 0 0 -1
    outer loop
      vertex -27.9055 0.577117 0
      vertex -28 0.2 0
      vertex -27.9391 0.506146 0
    endloop
  endfacet
  facet normal 0 0 -1
    outer loop
      vertex -28 -5.7 0
      vertex -27.9846 -5.85607 0
      vertex -27.9961 -5.77841 0
    endloop
  endfacet
  facet normal 0 0 -1
    outer loop
      vertex -27.9391 0.506146 0
      vertex -28 0.2 0
      vertex -27.9656 0.432227 0
    endloop
  endfacet
  facet normal 0 0 -1
    outer loop
      vertex -27.9656 0.432227 0
      vertex -28 0.2 0
      vertex -27.9846 0.356071 0
    endloop
  endfacet
  facet normal 0 0 -1
    outer loop
      vertex -27.9846 0.356071 0
      vertex -28 0.2 0
      vertex -27.9961 0.278413 0
    endloop
  endfacet
  facet normal -0 0 1
    outer loop
      vertex 27.9656 0.232227 2
      vertex 28 0.2 2
      vertex 27.9961 0.278413 2
    endloop
  endfacet
  facet normal 0 0 1
    outer loop
      vertex 28 0.2 2
      vertex 27.9961 0.078413 2
      vertex 28 0 2
    endloop
  endfacet
  facet normal -0 0 1
    outer loop
      vertex 27.9391 0.306147 2
      vertex 27.9961 0.278413 2
      vertex 27.9846 0.356071 2
    endloop
  endfacet
  facet normal 0 0 1
    outer loop
      vertex 28 0.2 2
      vertex 27.9846 0.156072 2
      vertex 27.9961 0.078413 2
    endloop
  endfacet
  facet normal -0 0 1
    outer loop
      vertex 27.9055 0.377117 2
      vertex 27.9846 0.356071 2
      vertex 27.9656 0.432227 2
    endloop
  endfacet
  facet normal 0 0 1
    outer loop
      vertex 28 0.2 2
      vertex 27.9656 0.232227 2
      vertex 27.9846 0.156072 2
    endloop
  endfacet
  facet normal -0 0 1
    outer loop
      vertex 27.8652 0.444456 2
      vertex 27.9656 0.432227 2
      vertex 27.9391 0.506146 2
    endloop
  endfacet
  facet normal 0 0 1
    outer loop
      vertex 27.9961 0.278413 2
      vertex 27.9391 0.306147 2
      vertex 27.9656 0.232227 2
    endloop
  endfacet
  facet normal -0 0 1
    outer loop
      vertex 27.8184 0.507514 2
      vertex 27.9391 0.506146 2
      vertex 27.9055 0.577117 2
    endloop
  endfacet
  facet normal 0 0 1
    outer loop
      vertex 27.9846 0.356071 2
      vertex 27.9055 0.377117 2
      vertex 27.9391 0.306147 2
    endloop
  endfacet
  facet normal 0 0 1
    outer loop
      vertex 27.7657 0.565685 2
      vertex 27.9055 0.577117 2
      vertex 27.8652 0.644456 2
    endloop
  endfacet
  facet normal 0 0 1
    outer loop
      vertex 27.9656 0.432227 2
      vertex 27.8652 0.444456 2
      vertex 27.9055 0.377117 2
    endloop
  endfacet
  facet normal 0 0 1
    outer loop
      vertex 27.7657 0.565685 2
      vertex 27.8652 0.644456 2
      vertex 27.8184 0.707514 2
    endloop
  endfacet
  facet normal 0 0 1
    outer loop
      vertex 27.9391 0.506146 2
      vertex 27.8184 0.507514 2
      vertex 27.8652 0.444456 2
    endloop
  endfacet
  facet normal 0 0 1
    outer loop
      vertex 27.7075 0.618408 2
      vertex 27.8184 0.707514 2
      vertex 27.7657 0.765685 2
    endloop
  endfacet
  facet normal 0 0 1
    outer loop
      vertex 27.9055 0.577117 2
      vertex 27.7657 0.565685 2
      vertex 27.8184 0.507514 2
    endloop
  endfacet
  facet normal 0 0 1
    outer loop
      vertex 27.6445 0.665175 2
      vertex 27.7657 0.765685 2
      vertex 27.7075 0.818408 2
    endloop
  endfacet
  facet normal 0 0 1
    outer loop
      vertex 27.8184 0.707514 2
      vertex 27.7075 0.618408 2
      vertex 27.7657 0.565685 2
    endloop
  endfacet
  facet normal 0 0 1
    outer loop
      vertex 27.5771 0.705537 2
      vertex 27.7075 0.818408 2
      vertex 27.6445 0.865175 2
    endloop
  endfacet
  facet normal 0 0 1
    outer loop
      vertex 27.7657 0.765685 2
      vertex 27.6445 0.665175 2
      vertex 27.7075 0.618408 2
    endloop
  endfacet
  facet normal 0 0 1
    outer loop
      vertex 27.5061 0.739103 2
      vertex 27.6445 0.865175 2
      vertex 27.5771 0.905537 2
    endloop
  endfacet
  facet normal 0 0 1
    outer loop
      vertex 27.7075 0.818408 2
      vertex 27.5771 0.705537 2
      vertex 27.6445 0.665175 2
    endloop
  endfacet
  facet normal 0 0 1
    outer loop
      vertex 27.5061 0.739103 2
      vertex 27.5771 0.905537 2
      vertex 27.5061 0.939103 2
    endloop
  endfacet
  facet normal 0 0 1
    outer loop
      vertex 27.6445 0.865175 2
      vertex 27.5061 0.739103 2
      vertex 27.5771 0.705537 2
    endloop
  endfacet
  facet normal 0 0 1
    outer loop
      vertex 27.4322 0.765552 2
      vertex 27.5061 0.939103 2
      vertex 27.4322 0.965551 2
    endloop
  endfacet
  facet normal 0 0 1
    outer loop
      vertex 27.5061 0.939103 2
      vertex 27.4322 0.765552 2
      vertex 27.5061 0.739103 2
    endloop
  endfacet
  facet normal 0 0 1
    outer loop
      vertex 27.3561 0.784628 2
      vertex 27.4322 0.965551 2
      vertex 27.3561 0.984628 2
    endloop
  endfacet
  facet normal 0 0 1
    outer loop
      vertex 27.4322 0.965551 2
      vertex 27.3561 0.784628 2
      vertex 27.4322 0.765552 2
    endloop
  endfacet
  facet normal 0 0 1
    outer loop
      vertex 27.2784 0.796147 2
      vertex 27.3561 0.984628 2
      vertex 27.2784 0.996147 2
    endloop
  endfacet
  facet normal 0 0 1
    outer loop
      vertex 27.3561 0.984628 2
      vertex 27.2784 0.796147 2
      vertex 27.3561 0.784628 2
    endloop
  endfacet
  facet normal 0 0 1
    outer loop
      vertex 27.2 0.799999 2
      vertex 27.2784 0.996147 2
      vertex 27.2 1 2
    endloop
  endfacet
  facet normal 0 0 1
    outer loop
      vertex 27.2784 0.996147 2
      vertex 27.2 0.799999 2
      vertex 27.2784 0.796147 2
    endloop
  endfacet
  facet normal -0 0 1
    outer loop
      vertex -27.2 1 2
      vertex 27.2 0.799999 2
      vertex 27.2 1 2
    endloop
  endfacet
  facet normal 0 0 1
    outer loop
      vertex -27.2 1 2
      vertex -27.2 0.799999 2
      vertex 27.2 0.799999 2
    endloop
  endfacet
  facet normal -0 0 1
    outer loop
      vertex -27.2784 0.996147 2
      vertex -27.2 0.799999 2
      vertex -27.2 1 2
    endloop
  endfacet
  facet normal 0 0 1
    outer loop
      vertex -27.2784 0.996147 2
      vertex -27.2784 0.796147 2
      vertex -27.2 0.799999 2
    endloop
  endfacet
  facet normal -0 0 1
    outer loop
      vertex -27.3561 0.984628 2
      vertex -27.2784 0.796147 2
      vertex -27.2784 0.996147 2
    endloop
  endfacet
  facet normal 0 0 1
    outer loop
      vertex -27.3561 0.984628 2
      vertex -27.3561 0.784628 2
      vertex -27.2784 0.796147 2
    endloop
  endfacet
  facet normal -0 0 1
    outer loop
      vertex -27.4322 0.965551 2
      vertex -27.3561 0.784628 2
      vertex -27.3561 0.984628 2
    endloop
  endfacet
  facet normal 0 0 1
    outer loop
      vertex -27.4322 0.965551 2
      vertex -27.4322 0.765552 2
      vertex -27.3561 0.784628 2
    endloop
  endfacet
  facet normal -0 0 1
    outer loop
      vertex -27.5061 0.939103 2
      vertex -27.4322 0.765552 2
      vertex -27.4322 0.965551 2
    endloop
  endfacet
  facet normal 0 0 1
    outer loop
      vertex -27.5061 0.939103 2
      vertex -27.5061 0.739103 2
      vertex -27.4322 0.765552 2
    endloop
  endfacet
  facet normal -0 0 1
    outer loop
      vertex -27.5771 0.905537 2
      vertex -27.5061 0.739103 2
      vertex -27.5061 0.939103 2
    endloop
  endfacet
  facet normal -0 0 1
    outer loop
      vertex -27.6445 0.865175 2
      vertex -27.5061 0.739103 2
      vertex -27.5771 0.905537 2
    endloop
  endfacet
  facet normal 0 0 1
    outer loop
      vertex -27.5061 0.739103 2
      vertex -27.6445 0.865175 2
      vertex -27.5771 0.705537 2
    endloop
  endfacet
  facet normal -0 0 1
    outer loop
      vertex -27.7075 0.818408 2
      vertex -27.5771 0.705537 2
      vertex -27.6445 0.865175 2
    endloop
  endfacet
  facet normal 0 0 1
    outer loop
      vertex -27.5771 0.705537 2
      vertex -27.7075 0.818408 2
      vertex -27.6445 0.665175 2
    endloop
  endfacet
  facet normal -0 0 1
    outer loop
      vertex -27.7657 0.765685 2
      vertex -27.6445 0.665175 2
      vertex -27.7075 0.818408 2
    endloop
  endfacet
  facet normal 0 0 1
    outer loop
      vertex -27.6445 0.665175 2
      vertex -27.7657 0.765685 2
      vertex -27.7075 0.618408 2
    endloop
  endfacet
  facet normal -0 0 1
    outer loop
      vertex -27.8184 0.707514 2
      vertex -27.7075 0.618408 2
      vertex -27.7657 0.765685 2
    endloop
  endfacet
  facet normal 0 0 1
    outer loop
      vertex -27.7075 0.618408 2
      vertex -27.8184 0.707514 2
      vertex -27.7657 0.565685 2
    endloop
  endfacet
  facet normal -0 0 1
    outer loop
      vertex -27.8652 0.644456 2
      vertex -27.7657 0.565685 2
      vertex -27.8184 0.707514 2
    endloop
  endfacet
  facet normal -0 0 1
    outer loop
      vertex -27.9055 0.577117 2
      vertex -27.7657 0.565685 2
      vertex -27.8652 0.644456 2
    endloop
  endfacet
  facet normal 0 0 1
    outer loop
      vertex -27.7657 0.565685 2
      vertex -27.9055 0.577117 2
      vertex -27.8184 0.507514 2
    endloop
  endfacet
  facet normal 0 0 1
    outer loop
      vertex -27.9391 0.506146 2
      vertex -27.8184 0.507514 2
      vertex -27.9055 0.577117 2
    endloop
  endfacet
  facet normal 0 0 1
    outer loop
      vertex -27.8184 0.507514 2
      vertex -27.9391 0.506146 2
      vertex -27.8652 0.444456 2
    endloop
  endfacet
  facet normal 0 0 1
    outer loop
      vertex -27.9656 0.432227 2
      vertex -27.8652 0.444456 2
      vertex -27.9391 0.506146 2
    endloop
  endfacet
  facet normal 0 0 1
    outer loop
      vertex -27.8652 0.444456 2
      vertex -27.9656 0.432227 2
      vertex -27.9055 0.377117 2
    endloop
  endfacet
  facet normal 0 0 1
    outer loop
      vertex -27.9846 0.356071 2
      vertex -27.9055 0.377117 2
      vertex -27.9656 0.432227 2
    endloop
  endfacet
  facet normal 0 0 1
    outer loop
      vertex -27.9055 0.377117 2
      vertex -27.9846 0.356071 2
      vertex -27.9391 0.306147 2
    endloop
  endfacet
  facet normal 0 0 1
    outer loop
      vertex -27.9961 0.278413 2
      vertex -27.9391 0.306147 2
      vertex -27.9846 0.356071 2
    endloop
  endfacet
  facet normal 0 0 1
    outer loop
      vertex -27.9391 0.306147 2
      vertex -27.9961 0.278413 2
      vertex -27.9656 0.232227 2
    endloop
  endfacet
  facet normal 0 0 1
    outer loop
      vertex -28 0.2 2
      vertex -27.9656 0.232227 2
      vertex -27.9961 0.278413 2
    endloop
  endfacet
  facet normal 0 0 1
    outer loop
      vertex -27.9656 0.232227 2
      vertex -28 0.2 2
      vertex -27.9846 0.156072 2
    endloop
  endfacet
  facet normal 0 0 1
    outer loop
      vertex -27.9846 0.156072 2
      vertex -28 0.2 2
      vertex -27.9961 0.078413 2
    endloop
  endfacet
  facet normal 0 0 1
    outer loop
      vertex -27.9961 0.078413 2
      vertex -28 0.2 2
      vertex -28 0 2
    endloop
  endfacet
  facet normal -0 0 1
    outer loop
      vertex 27.9961 -0.078413 2
      vertex 28 -5.7 2
      vertex 28 0 2
    endloop
  endfacet
  facet normal -0 0 1
    outer loop
      vertex 27.9846 -0.156072 2
      vertex 28 -5.7 2
      vertex 27.9961 -0.078413 2
    endloop
  endfacet
  facet normal -0 0 1
    outer loop
      vertex 27.9656 -0.232227 2
      vertex 28 -5.7 2
      vertex 27.9846 -0.156072 2
    endloop
  endfacet
  facet normal -0 0 1
    outer loop
      vertex 27.9391 -0.306147 2
      vertex 28 -5.7 2
      vertex 27.9656 -0.232227 2
    endloop
  endfacet
  facet normal -0 0 1
    outer loop
      vertex 27.9055 -0.377117 2
      vertex 28 -5.7 2
      vertex 27.9391 -0.306147 2
    endloop
  endfacet
  facet normal -0 0 1
    outer loop
      vertex 27.8652 -0.444456 2
      vertex 28 -5.7 2
      vertex 27.9055 -0.377117 2
    endloop
  endfacet
  facet normal -0 0 1
    outer loop
      vertex 27.8184 -0.507514 2
      vertex 28 -5.7 2
      vertex 27.8652 -0.444456 2
    endloop
  endfacet
  facet normal -0 0 1
    outer loop
      vertex 27.7657 -0.565685 2
      vertex 28 -5.7 2
      vertex 27.8184 -0.507514 2
    endloop
  endfacet
  facet normal -0 0 1
    outer loop
      vertex 27.7075 -0.618408 2
      vertex 28 -5.7 2
      vertex 27.7657 -0.565685 2
    endloop
  endfacet
  facet normal -0 0 1
    outer loop
      vertex 27.6445 -0.665175 2
      vertex 28 -5.7 2
      vertex 27.7075 -0.618408 2
    endloop
  endfacet
  facet normal -0 0 1
    outer loop
      vertex 27.5771 -0.705537 2
      vertex 28 -5.7 2
      vertex 27.6445 -0.665175 2
    endloop
  endfacet
  facet normal -0 0 1
    outer loop
      vertex 27.5061 -0.739103 2
      vertex 28 -5.7 2
      vertex 27.5771 -0.705537 2
    endloop
  endfacet
  facet normal -0 0 1
    outer loop
      vertex 27.4322 -0.765552 2
      vertex 28 -5.7 2
      vertex 27.5061 -0.739103 2
    endloop
  endfacet
  facet normal -0 0 1
    outer loop
      vertex 27.3561 -0.784628 2
      vertex 28 -5.7 2
      vertex 27.4322 -0.765552 2
    endloop
  endfacet
  facet normal -0 0 1
    outer loop
      vertex 27.2784 -0.796147 2
      vertex 28 -5.7 2
      vertex 27.3561 -0.784628 2
    endloop
  endfacet
  facet normal -0 0 1
    outer loop
      vertex 27.2 -0.799999 2
      vertex 28 -5.7 2
      vertex 27.2784 -0.796147 2
    endloop
  endfacet
  facet normal 0 -0 1
    outer loop
      vertex 27.994 -5.79289 2
      vertex 28 -5.7 2
      vertex 27.2 -0.799999 2
    endloop
  endfacet
  facet normal 0 0 1
    outer loop
      vertex 28 -5.7 2
      vertex 27.994 -5.79289 2
      vertex 27.9961 -5.77841 2
    endloop
  endfacet
  facet normal -0 0 1
    outer loop
      vertex -27.2 -0.799999 2
      vertex 27.994 -5.79289 2
      vertex 27.2 -0.799999 2
    endloop
  endfacet
  facet normal 0 0 1
    outer loop
      vertex -28 -5.7 2
      vertex -27.2 -0.799999 2
      vertex -27.2784 -0.796147 2
    endloop
  endfacet
  facet normal 0 0 1
    outer loop
      vertex -27.2 -0.799999 2
      vertex -27.994 -5.79289 2
      vertex 27.994 -5.79289 2
    endloop
  endfacet
  facet normal 0 0 1
    outer loop
      vertex -28 -5.7 2
      vertex -27.2784 -0.796147 2
      vertex -27.3561 -0.784628 2
    endloop
  endfacet
  facet normal 0 0 1
    outer loop
      vertex -28 -5.7 2
      vertex -27.3561 -0.784628 2
      vertex -27.4322 -0.765552 2
    endloop
  endfacet
  facet normal 0 0 1
    outer loop
      vertex -28 -5.7 2
      vertex -27.4322 -0.765552 2
      vertex -27.5061 -0.739103 2
    endloop
  endfacet
  facet normal 0 0 1
    outer loop
      vertex -28 -5.7 2
      vertex -27.5061 -0.739103 2
      vertex -27.5771 -0.705537 2
    endloop
  endfacet
  facet normal 0 0 1
    outer loop
      vertex -28 -5.7 2
      vertex -27.5771 -0.705537 2
      vertex -27.6445 -0.665175 2
    endloop
  endfacet
  facet normal 0 0 1
    outer loop
      vertex -28 -5.7 2
      vertex -27.6445 -0.665175 2
      vertex -27.7075 -0.618408 2
    endloop
  endfacet
  facet normal 0 0 1
    outer loop
      vertex -28 -5.7 2
      vertex -27.7075 -0.618408 2
      vertex -27.7657 -0.565685 2
    endloop
  endfacet
  facet normal 0 0 1
    outer loop
      vertex -28 -5.7 2
      vertex -27.7657 -0.565685 2
      vertex -27.8184 -0.507514 2
    endloop
  endfacet
  facet normal 0 0 1
    outer loop
      vertex -28 -5.7 2
      vertex -27.8184 -0.507514 2
      vertex -27.8652 -0.444456 2
    endloop
  endfacet
  facet normal 0 0 1
    outer loop
      vertex -28 -5.7 2
      vertex -27.8652 -0.444456 2
      vertex -27.9055 -0.377117 2
    endloop
  endfacet
  facet normal 0 0 1
    outer loop
      vertex -28 -5.7 2
      vertex -27.9055 -0.377117 2
      vertex -27.9391 -0.306147 2
    endloop
  endfacet
  facet normal 0 0 1
    outer loop
      vertex -28 -5.7 2
      vertex -27.9391 -0.306147 2
      vertex -27.9656 -0.232227 2
    endloop
  endfacet
  facet normal 0 0 1
    outer loop
      vertex -28 -5.7 2
      vertex -27.9656 -0.232227 2
      vertex -27.9846 -0.156072 2
    endloop
  endfacet
  facet normal 0 0 1
    outer loop
      vertex -28 -5.7 2
      vertex -27.9846 -0.156072 2
      vertex -27.9961 -0.078413 2
    endloop
  endfacet
  facet normal 0 0 1
    outer loop
      vertex -27.2 -0.799999 2
      vertex -28 -5.7 2
      vertex -27.994 -5.79289 2
    endloop
  endfacet
  facet normal 0 0 1
    outer loop
      vertex -28 -5.7 2
      vertex -27.9961 -0.078413 2
      vertex -28 0 2
    endloop
  endfacet
  facet normal 0 0 1
    outer loop
      vertex -27.994 -5.79289 2
      vertex -28 -5.7 2
      vertex -27.9961 -5.77841 2
    endloop
  endfacet
  facet normal -0.998765 0.0496752 0
    outer loop
      vertex -28 0.2 0
      vertex -27.9961 0.278413 2
      vertex -27.9961 0.278413 0
    endloop
  endfacet
  facet normal -0.998765 0.0496752 0
    outer loop
      vertex -27.9961 0.278413 2
      vertex -28 0.2 0
      vertex -28 0.2 2
    endloop
  endfacet
  facet normal 0.998765 -0.0496771 0
    outer loop
      vertex 27.9961 -5.77841 2
      vertex 28 -5.7 0
      vertex 28 -5.7 2
    endloop
  endfacet
  facet normal 0.998765 -0.0496771 0
    outer loop
      vertex 28 -5.7 0
      vertex 27.9961 -5.77841 2
      vertex 27.9961 -5.77841 0
    endloop
  endfacet
  facet normal -0.427342 -0.90409 0
    outer loop
      vertex -27.5771 -6.40554 0
      vertex -27.5061 -6.4391 1.35379
      vertex -27.5771 -6.40554 1.38736
    endloop
  endfacet
  facet normal -0.427342 -0.90409 -0
    outer loop
      vertex -27.5061 -6.4391 1.35379
      vertex -27.5771 -6.40554 0
      vertex -27.5061 -6.4391 0
    endloop
  endfacet
  facet normal -0.671374 0.741118 0
    outer loop
      vertex -27.7075 0.818408 0
      vertex -27.7657 0.765685 2
      vertex -27.7075 0.818408 2
    endloop
  endfacet
  facet normal -0.671374 0.741118 0
    outer loop
      vertex -27.7657 0.765685 2
      vertex -27.7075 0.818408 0
      vertex -27.7657 0.765685 0
    endloop
  endfacet
  facet normal -0.989212 0.146488 0
    outer loop
      vertex -27.9961 0.278413 0
      vertex -27.9846 0.356071 2
      vertex -27.9846 0.356071 0
    endloop
  endfacet
  facet normal -0.989212 0.146488 0
    outer loop
      vertex -27.9846 0.356071 2
      vertex -27.9961 0.278413 0
      vertex -27.9961 0.278413 2
    endloop
  endfacet
  facet normal -0.858074 0.513527 0
    outer loop
      vertex -27.9055 0.577117 0
      vertex -27.8652 0.644456 2
      vertex -27.8652 0.644456 0
    endloop
  endfacet
  facet normal -0.858074 0.513527 0
    outer loop
      vertex -27.8652 0.644456 2
      vertex -27.9055 0.577117 0
      vertex -27.9055 0.577117 2
    endloop
  endfacet
  facet normal 0.336982 -0.941511 0
    outer loop
      vertex 27.5061 -6.4391 0
      vertex 27.4322 -6.46555 1.32734
      vertex 27.4322 -6.46555 0
    endloop
  endfacet
  facet normal 0.336982 -0.941511 0
    outer loop
      vertex 27.4322 -6.46555 1.32734
      vertex 27.5061 -6.4391 0
      vertex 27.5061 -6.4391 1.35379
    endloop
  endfacet
  facet normal 0.671353 -0.741137 0
    outer loop
      vertex 27.7657 -6.26569 0
      vertex 27.7075 -6.31841 1.47448
      vertex 27.7075 -6.31841 0
    endloop
  endfacet
  facet normal 0.671353 -0.741137 0
    outer loop
      vertex 27.7075 -6.31841 1.47448
      vertex 27.7657 -6.26569 0
      vertex 27.7657 -6.26569 1.52721
    endloop
  endfacet
  facet normal -0.513766 0.857931 0
    outer loop
      vertex -27.5771 0.905537 0
      vertex -27.6445 0.865175 2
      vertex -27.5771 0.905537 2
    endloop
  endfacet
  facet normal -0.513766 0.857931 0
    outer loop
      vertex -27.6445 0.865175 2
      vertex -27.5771 0.905537 0
      vertex -27.6445 0.865175 0
    endloop
  endfacet
  facet normal -0.858077 -0.513521 -0
    outer loop
      vertex -27.8652 -6.14446 1.64844
      vertex -27.9055 -6.07712 0
      vertex -27.8652 -6.14446 0
    endloop
  endfacet
  facet normal -0.858077 -0.513521 0
    outer loop
      vertex -27.9055 -6.07712 0
      vertex -27.8652 -6.14446 1.64844
      vertex -27.9055 -6.07712 1.71578
    endloop
  endfacet
  facet normal 0.903826 0.427901 0
    outer loop
      vertex 27.9391 0.506146 2
      vertex 27.9055 0.577117 0
      vertex 27.9055 0.577117 2
    endloop
  endfacet
  facet normal 0.903826 0.427901 0
    outer loop
      vertex 27.9055 0.577117 0
      vertex 27.9391 0.506146 2
      vertex 27.9391 0.506146 0
    endloop
  endfacet
  facet normal 0.98964 -0.143525 -0.00371475
    outer loop
      vertex 27.9846 -5.85607 1.93682
      vertex 27.9961 -5.77841 2
      vertex 27.994 -5.79289 2
    endloop
  endfacet
  facet normal 0.989213 -0.146484 0
    outer loop
      vertex 27.9961 -5.77841 2
      vertex 27.9846 -5.85607 1.93682
      vertex 27.9961 -5.77841 0
    endloop
  endfacet
  facet normal 0.989213 -0.146484 0
    outer loop
      vertex 27.9961 -5.77841 0
      vertex 27.9846 -5.85607 1.93682
      vertex 27.9846 -5.85607 0
    endloop
  endfacet
  facet normal 0.0490862 0.998795 -0
    outer loop
      vertex 27.2784 0.996147 0
      vertex 27.2 1 2
      vertex 27.2784 0.996147 2
    endloop
  endfacet
  facet normal 0.0490862 0.998795 0
    outer loop
      vertex 27.2 1 2
      vertex 27.2784 0.996147 0
      vertex 27.2 1 0
    endloop
  endfacet
  facet normal 0.243195 -0.969977 0
    outer loop
      vertex 27.4322 -6.46555 0
      vertex 27.3561 -6.48463 1.30826
      vertex 27.3561 -6.48463 0
    endloop
  endfacet
  facet normal 0.243195 -0.969977 0
    outer loop
      vertex 27.3561 -6.48463 1.30826
      vertex 27.4322 -6.46555 0
      vertex 27.4322 -6.46555 1.32734
    endloop
  endfacet
  facet normal -0.146659 -0.989187 0
    outer loop
      vertex -27.3561 -6.48463 0
      vertex -27.2784 -6.49615 1.29675
      vertex -27.3561 -6.48463 1.30826
    endloop
  endfacet
  facet normal -0.146659 -0.989187 -0
    outer loop
      vertex -27.2784 -6.49615 1.29675
      vertex -27.3561 -6.48463 0
      vertex -27.2784 -6.49615 0
    endloop
  endfacet
  facet normal 0.741098 0.671397 0
    outer loop
      vertex 27.8184 0.707514 2
      vertex 27.7657 0.765685 0
      vertex 27.7657 0.765685 2
    endloop
  endfacet
  facet normal 0.741098 0.671397 0
    outer loop
      vertex 27.7657 0.765685 0
      vertex 27.8184 0.707514 2
      vertex 27.8184 0.707514 0
    endloop
  endfacet
  facet normal 0.858074 0.513527 0
    outer loop
      vertex 27.9055 0.577117 2
      vertex 27.8652 0.644456 0
      vertex 27.8652 0.644456 2
    endloop
  endfacet
  facet normal 0.858074 0.513527 0
    outer loop
      vertex 27.8652 0.644456 0
      vertex 27.9055 0.577117 2
      vertex 27.9055 0.577117 0
    endloop
  endfacet
  facet normal -0.513747 -0.857942 0
    outer loop
      vertex -27.6445 -6.36518 0
      vertex -27.5771 -6.40554 1.38736
      vertex -27.6445 -6.36518 1.42772
    endloop
  endfacet
  facet normal -0.513747 -0.857942 -0
    outer loop
      vertex -27.5771 -6.40554 1.38736
      vertex -27.6445 -6.36518 0
      vertex -27.5771 -6.40554 0
    endloop
  endfacet
  facet normal -0.903826 0.427901 0
    outer loop
      vertex -27.9391 0.506146 0
      vertex -27.9055 0.577117 2
      vertex -27.9055 0.577117 0
    endloop
  endfacet
  facet normal -0.903826 0.427901 0
    outer loop
      vertex -27.9055 0.577117 2
      vertex -27.9391 0.506146 0
      vertex -27.9391 0.506146 2
    endloop
  endfacet
  facet normal 0.803006 0.59597 0
    outer loop
      vertex 27.8652 0.644456 2
      vertex 27.8184 0.707514 0
      vertex 27.8184 0.707514 2
    endloop
  endfacet
  facet normal 0.803006 0.59597 0
    outer loop
      vertex 27.8184 0.707514 0
      vertex 27.8652 0.644456 2
      vertex 27.8652 0.644456 0
    endloop
  endfacet
  facet normal 0.941338 -0.337466 0
    outer loop
      vertex 27.9391 -6.00615 1.78675
      vertex 27.9656 -5.93223 0
      vertex 27.9656 -5.93223 1.86067
    endloop
  endfacet
  facet normal 0.941338 -0.337466 0
    outer loop
      vertex 27.9656 -5.93223 0
      vertex 27.9391 -6.00615 1.78675
      vertex 27.9391 -6.00615 0
    endloop
  endfacet
  facet normal -0.970262 -0.242056 -0
    outer loop
      vertex -27.9656 -5.93223 1.86067
      vertex -27.9846 -5.85607 0
      vertex -27.9656 -5.93223 0
    endloop
  endfacet
  facet normal -0.970262 -0.242056 0
    outer loop
      vertex -27.9846 -5.85607 0
      vertex -27.9656 -5.93223 1.86067
      vertex -27.9846 -5.85607 1.93682
    endloop
  endfacet
  facet normal 0.427404 0.904061 -0
    outer loop
      vertex 27.5771 0.905537 0
      vertex 27.5061 0.939103 2
      vertex 27.5771 0.905537 2
    endloop
  endfacet
  facet normal 0.427404 0.904061 0
    outer loop
      vertex 27.5061 0.939103 2
      vertex 27.5771 0.905537 0
      vertex 27.5061 0.939103 0
    endloop
  endfacet
  facet normal 0.741149 -0.67134 0
    outer loop
      vertex 27.7657 -6.26569 1.52721
      vertex 27.8184 -6.20751 0
      vertex 27.8184 -6.20751 1.58538
    endloop
  endfacet
  facet normal 0.741149 -0.67134 0
    outer loop
      vertex 27.8184 -6.20751 0
      vertex 27.7657 -6.26569 1.52721
      vertex 27.7657 -6.26569 0
    endloop
  endfacet
  facet normal 0.146647 0.989189 -0
    outer loop
      vertex 27.3561 0.984628 0
      vertex 27.2784 0.996147 2
      vertex 27.3561 0.984628 2
    endloop
  endfacet
  facet normal 0.146647 0.989189 0
    outer loop
      vertex 27.2784 0.996147 2
      vertex 27.3561 0.984628 0
      vertex 27.2784 0.996147 0
    endloop
  endfacet
  facet normal 0.427342 -0.90409 0
    outer loop
      vertex 27.5771 -6.40554 0
      vertex 27.5061 -6.4391 1.35379
      vertex 27.5061 -6.4391 0
    endloop
  endfacet
  facet normal 0.427342 -0.90409 0
    outer loop
      vertex 27.5061 -6.4391 1.35379
      vertex 27.5771 -6.40554 0
      vertex 27.5771 -6.40554 1.38736
    endloop
  endfacet
  facet normal -0.427404 0.904061 0
    outer loop
      vertex -27.5061 0.939103 0
      vertex -27.5771 0.905537 2
      vertex -27.5061 0.939103 2
    endloop
  endfacet
  facet normal -0.427404 0.904061 0
    outer loop
      vertex -27.5771 0.905537 2
      vertex -27.5061 0.939103 0
      vertex -27.5771 0.905537 0
    endloop
  endfacet
  facet normal 0.998765 0.0496752 0
    outer loop
      vertex 28 0.2 2
      vertex 27.9961 0.278413 0
      vertex 27.9961 0.278413 2
    endloop
  endfacet
  facet normal 0.998765 0.0496752 0
    outer loop
      vertex 27.9961 0.278413 0
      vertex 28 0.2 2
      vertex 28 0.2 0
    endloop
  endfacet
  facet normal 0.146659 -0.989187 0
    outer loop
      vertex 27.3561 -6.48463 0
      vertex 27.2784 -6.49615 1.29675
      vertex 27.2784 -6.49615 0
    endloop
  endfacet
  facet normal 0.146659 -0.989187 0
    outer loop
      vertex 27.2784 -6.49615 1.29675
      vertex 27.3561 -6.48463 0
      vertex 27.3561 -6.48463 1.30826
    endloop
  endfacet
  facet normal 0.336959 0.941519 -0
    outer loop
      vertex 27.5061 0.939103 0
      vertex 27.4322 0.965551 2
      vertex 27.5061 0.939103 2
    endloop
  endfacet
  facet normal 0.336959 0.941519 0
    outer loop
      vertex 27.4322 0.965551 2
      vertex 27.5061 0.939103 0
      vertex 27.4322 0.965551 0
    endloop
  endfacet
  facet normal -0.336982 -0.941511 0
    outer loop
      vertex -27.5061 -6.4391 0
      vertex -27.4322 -6.46555 1.32734
      vertex -27.5061 -6.4391 1.35379
    endloop
  endfacet
  facet normal -0.336982 -0.941511 -0
    outer loop
      vertex -27.4322 -6.46555 1.32734
      vertex -27.5061 -6.4391 0
      vertex -27.4322 -6.46555 0
    endloop
  endfacet
  facet normal -0.998765 -0.0496771 0
    outer loop
      vertex -27.9961 -5.77841 0
      vertex -28 -5.7 2
      vertex -28 -5.7 0
    endloop
  endfacet
  facet normal -0.998765 -0.0496771 0
    outer loop
      vertex -28 -5.7 2
      vertex -27.9961 -5.77841 0
      vertex -27.9961 -5.77841 2
    endloop
  endfacet
  facet normal 0.989212 0.146488 0
    outer loop
      vertex 27.9961 0.278413 2
      vertex 27.9846 0.356071 0
      vertex 27.9846 0.356071 2
    endloop
  endfacet
  facet normal 0.989212 0.146488 0
    outer loop
      vertex 27.9846 0.356071 0
      vertex 27.9961 0.278413 2
      vertex 27.9961 0.278413 0
    endloop
  endfacet
  facet normal 0.941336 0.33747 0
    outer loop
      vertex 27.9656 0.432227 2
      vertex 27.9391 0.506146 0
      vertex 27.9391 0.506146 2
    endloop
  endfacet
  facet normal 0.941336 0.33747 0
    outer loop
      vertex 27.9391 0.506146 0
      vertex 27.9656 0.432227 2
      vertex 27.9656 0.432227 0
    endloop
  endfacet
  facet normal -0.049048 -0.998796 0
    outer loop
      vertex -27.2784 -6.49615 0
      vertex -27.2 -6.5 1.29289
      vertex -27.2784 -6.49615 1.29675
    endloop
  endfacet
  facet normal -0.049048 -0.998796 -0
    outer loop
      vertex -27.2 -6.5 1.29289
      vertex -27.2784 -6.49615 0
      vertex -27.2 -6.5 0
    endloop
  endfacet
  facet normal 0.513747 -0.857942 0
    outer loop
      vertex 27.6445 -6.36518 0
      vertex 27.5771 -6.40554 1.38736
      vertex 27.5771 -6.40554 0
    endloop
  endfacet
  facet normal 0.513747 -0.857942 0
    outer loop
      vertex 27.5771 -6.40554 1.38736
      vertex 27.6445 -6.36518 0
      vertex 27.6445 -6.36518 1.42772
    endloop
  endfacet
  facet normal 0.596053 0.802945 -0
    outer loop
      vertex 27.7075 0.818408 0
      vertex 27.6445 0.865175 2
      vertex 27.7075 0.818408 2
    endloop
  endfacet
  facet normal 0.596053 0.802945 0
    outer loop
      vertex 27.6445 0.865175 2
      vertex 27.7075 0.818408 0
      vertex 27.6445 0.865175 0
    endloop
  endfacet
  facet normal 0.858077 -0.513521 0
    outer loop
      vertex 27.8652 -6.14446 1.64844
      vertex 27.9055 -6.07712 0
      vertex 27.9055 -6.07712 1.71578
    endloop
  endfacet
  facet normal 0.858077 -0.513521 0
    outer loop
      vertex 27.9055 -6.07712 0
      vertex 27.8652 -6.14446 1.64844
      vertex 27.8652 -6.14446 0
    endloop
  endfacet
  facet normal 0.671374 0.741118 -0
    outer loop
      vertex 27.7657 0.765685 0
      vertex 27.7075 0.818408 2
      vertex 27.7657 0.765685 2
    endloop
  endfacet
  facet normal 0.671374 0.741118 0
    outer loop
      vertex 27.7075 0.818408 2
      vertex 27.7657 0.765685 0
      vertex 27.7075 0.818408 0
    endloop
  endfacet
  facet normal -0.671353 -0.741137 0
    outer loop
      vertex -27.7657 -6.26569 0
      vertex -27.7075 -6.31841 1.47448
      vertex -27.7657 -6.26569 1.52721
    endloop
  endfacet
  facet normal -0.671353 -0.741137 -0
    outer loop
      vertex -27.7075 -6.31841 1.47448
      vertex -27.7657 -6.26569 0
      vertex -27.7075 -6.31841 0
    endloop
  endfacet
  facet normal -0.941336 0.33747 0
    outer loop
      vertex -27.9656 0.432227 9.55
      vertex -27.9391 0.506146 11.55
      vertex -27.9391 0.506146 9.55
    endloop
  endfacet
  facet normal -0.941336 0.33747 0
    outer loop
      vertex -27.9391 0.506146 11.55
      vertex -27.9656 0.432227 9.55
      vertex -27.9656 0.432227 11.55
    endloop
  endfacet
  facet normal -1 0 0
    outer loop
      vertex -28 0 9.55
      vertex -28 -4.79289 9.55
      vertex -28 -4.76256 9.58033
    endloop
  endfacet
  facet normal -1 0 0
    outer loop
      vertex -28 0 9.55
      vertex -28 0.2 11.55
      vertex -28 0.2 9.55
    endloop
  endfacet
  facet normal -1 0 0
    outer loop
      vertex -28 -4.76256 9.58033
      vertex -28 0.2 11.55
      vertex -28 0 9.55
    endloop
  endfacet
  facet normal -1 0 0
    outer loop
      vertex -28 -5.7 11.55
      vertex -28 -4.76256 9.58033
      vertex -28 -5.46967 10.2874
    endloop
  endfacet
  facet normal -1 0 0
    outer loop
      vertex -28 -4.76256 9.58033
      vertex -28 -5.7 11.55
      vertex -28 0.2 11.55
    endloop
  endfacet
  facet normal -1 0 0
    outer loop
      vertex -28 -5.7 11.55
      vertex -28 -5.46967 10.2874
      vertex -28 -5.7 10.0571
    endloop
  endfacet
  facet normal -0.903823 -0.427906 -0
    outer loop
      vertex -27.9055 -6.07712 11.55
      vertex -27.9391 -6.00615 9.75096
      vertex -27.9055 -6.07712 9.67999
    endloop
  endfacet
  facet normal -0.903823 -0.427906 0
    outer loop
      vertex -27.9391 -6.00615 9.75096
      vertex -27.9055 -6.07712 11.55
      vertex -27.9391 -6.00615 11.55
    endloop
  endfacet
  facet normal 0.049048 -0.998796 0
    outer loop
      vertex 27.2 -6.5 9.55
      vertex 27.2784 -6.49615 11.55
      vertex 27.2 -6.5 11.55
    endloop
  endfacet
  facet normal 0.049048 -0.998796 0
    outer loop
      vertex 27.2784 -6.49615 11.55
      vertex 27.2 -6.5 9.55
      vertex 27.2784 -6.49615 9.55
    endloop
  endfacet
  facet normal 0.970259 0.242068 0
    outer loop
      vertex 27.9846 0.356071 11.55
      vertex 27.9656 0.432227 9.55
      vertex 27.9656 0.432227 11.55
    endloop
  endfacet
  facet normal 0.970259 0.242068 0
    outer loop
      vertex 27.9656 0.432227 9.55
      vertex 27.9846 0.356071 11.55
      vertex 27.9846 0.356071 9.55
    endloop
  endfacet
  facet normal -0.941338 -0.337466 -0
    outer loop
      vertex -27.9391 -6.00615 11.55
      vertex -27.9656 -5.93223 9.82488
      vertex -27.9391 -6.00615 9.75096
    endloop
  endfacet
  facet normal -0.941338 -0.337466 0
    outer loop
      vertex -27.9656 -5.93223 9.82488
      vertex -27.9391 -6.00615 11.55
      vertex -27.9656 -5.93223 11.55
    endloop
  endfacet
  facet normal -0.741149 -0.67134 0
    outer loop
      vertex -27.7657 -6.26569 9.55
      vertex -27.8184 -6.20751 11.55
      vertex -27.8184 -6.20751 9.55
    endloop
  endfacet
  facet normal -0.741149 -0.67134 0
    outer loop
      vertex -27.8184 -6.20751 11.55
      vertex -27.7657 -6.26569 9.55
      vertex -27.7657 -6.26569 11.55
    endloop
  endfacet
  facet normal -0.336959 0.941519 0
    outer loop
      vertex -27.4322 0.965551 9.55
      vertex -27.5061 0.939103 11.55
      vertex -27.4322 0.965551 11.55
    endloop
  endfacet
  facet normal -0.336959 0.941519 0
    outer loop
      vertex -27.5061 0.939103 11.55
      vertex -27.4322 0.965551 9.55
      vertex -27.5061 0.939103 9.55
    endloop
  endfacet
  facet normal -0.799984 -0.599988 0.00622494
    outer loop
      vertex -27.8184 -6.20751 9.55
      vertex -27.8652 -6.14446 9.61265
      vertex -27.8187 -6.20711 9.55
    endloop
  endfacet
  facet normal -0.80297 -0.596019 0
    outer loop
      vertex -27.8652 -6.14446 9.61265
      vertex -27.8184 -6.20751 9.55
      vertex -27.8184 -6.20751 11.55
    endloop
  endfacet
  facet normal -0.80297 -0.596019 0
    outer loop
      vertex -27.8652 -6.14446 9.61265
      vertex -27.8184 -6.20751 11.55
      vertex -27.8652 -6.14446 11.55
    endloop
  endfacet
  facet normal -0.243195 -0.969977 0
    outer loop
      vertex -27.4322 -6.46555 9.55
      vertex -27.3561 -6.48463 11.55
      vertex -27.4322 -6.46555 11.55
    endloop
  endfacet
  facet normal -0.243195 -0.969977 -0
    outer loop
      vertex -27.3561 -6.48463 11.55
      vertex -27.4322 -6.46555 9.55
      vertex -27.3561 -6.48463 9.55
    endloop
  endfacet
  facet normal -0.596053 0.802945 0
    outer loop
      vertex -27.6445 0.865175 9.55
      vertex -27.7075 0.818408 11.55
      vertex -27.6445 0.865175 11.55
    endloop
  endfacet
  facet normal -0.596053 0.802945 0
    outer loop
      vertex -27.7075 0.818408 11.55
      vertex -27.6445 0.865175 9.55
      vertex -27.7075 0.818408 9.55
    endloop
  endfacet
  facet normal -0.0490862 0.998795 0
    outer loop
      vertex -27.2 1 9.55
      vertex -27.2784 0.996147 11.55
      vertex -27.2 1 11.55
    endloop
  endfacet
  facet normal -0.0490862 0.998795 0
    outer loop
      vertex -27.2784 0.996147 11.55
      vertex -27.2 1 9.55
      vertex -27.2784 0.996147 9.55
    endloop
  endfacet
  facet normal 0 -1 0
    outer loop
      vertex -27.2 -6.5 9.55
      vertex 27.2 -6.5 11.55
      vertex -27.2 -6.5 11.55
    endloop
  endfacet
  facet normal 0 -1 -0
    outer loop
      vertex 27.2 -6.5 11.55
      vertex -27.2 -6.5 9.55
      vertex 27.2 -6.5 9.55
    endloop
  endfacet
  facet normal 0.903823 -0.427906 0
    outer loop
      vertex 27.9055 -6.07712 11.55
      vertex 27.9391 -6.00615 9.75096
      vertex 27.9391 -6.00615 11.55
    endloop
  endfacet
  facet normal 0.903823 -0.427906 0
    outer loop
      vertex 27.9391 -6.00615 9.75096
      vertex 27.9055 -6.07712 11.55
      vertex 27.9055 -6.07712 9.67999
    endloop
  endfacet
  facet normal 1 0 0
    outer loop
      vertex 28 0.2 11.55
      vertex 28 0 9.55
      vertex 28 0.2 9.55
    endloop
  endfacet
  facet normal 1 0 0
    outer loop
      vertex 28 0.2 11.55
      vertex 28 -4.76256 9.58033
      vertex 28 0 9.55
    endloop
  endfacet
  facet normal 1 -0 0
    outer loop
      vertex 28 -5.7 11.55
      vertex 28 -4.76256 9.58033
      vertex 28 0.2 11.55
    endloop
  endfacet
  facet normal 1 0 0
    outer loop
      vertex 28 -4.76256 9.58033
      vertex 28 -5.7 11.55
      vertex 28 -5.46967 10.2874
    endloop
  endfacet
  facet normal 1 0 0
    outer loop
      vertex 28 -5.46967 10.2874
      vertex 28 -5.7 11.55
      vertex 28 -5.7 10.0571
    endloop
  endfacet
  facet normal 1 0 0
    outer loop
      vertex 28 0 9.55
      vertex 28 -4.76256 9.58033
      vertex 28 -4.79289 9.55
    endloop
  endfacet
  facet normal 0 1 -0
    outer loop
      vertex 27.2 1 9.55
      vertex -27.2 1 11.55
      vertex 27.2 1 11.55
    endloop
  endfacet
  facet normal 0 1 0
    outer loop
      vertex -27.2 1 11.55
      vertex 27.2 1 9.55
      vertex -27.2 1 9.55
    endloop
  endfacet
  facet normal 0.970262 -0.242056 0
    outer loop
      vertex 27.9656 -5.93223 11.55
      vertex 27.9846 -5.85607 9.90103
      vertex 27.9846 -5.85607 11.55
    endloop
  endfacet
  facet normal 0.970262 -0.242056 0
    outer loop
      vertex 27.9846 -5.85607 9.90103
      vertex 27.9656 -5.93223 11.55
      vertex 27.9656 -5.93223 9.82488
    endloop
  endfacet
  facet normal 0.80297 -0.596019 0
    outer loop
      vertex 27.8184 -6.20751 11.55
      vertex 27.8652 -6.14446 9.61265
      vertex 27.8652 -6.14446 11.55
    endloop
  endfacet
  facet normal 0.80297 -0.596019 0
    outer loop
      vertex 27.8184 -6.20751 9.55
      vertex 27.8652 -6.14446 9.61265
      vertex 27.8184 -6.20751 11.55
    endloop
  endfacet
  facet normal 0.799984 -0.599988 0.00622494
    outer loop
      vertex 27.8652 -6.14446 9.61265
      vertex 27.8184 -6.20751 9.55
      vertex 27.8187 -6.20711 9.55
    endloop
  endfacet
  facet normal 0.243159 0.969986 -0
    outer loop
      vertex 27.4322 0.965551 9.55
      vertex 27.3561 0.984628 11.55
      vertex 27.4322 0.965551 11.55
    endloop
  endfacet
  facet normal 0.243159 0.969986 0
    outer loop
      vertex 27.3561 0.984628 11.55
      vertex 27.4322 0.965551 9.55
      vertex 27.3561 0.984628 9.55
    endloop
  endfacet
  facet normal -0.741098 0.671397 0
    outer loop
      vertex -27.8184 0.707514 9.55
      vertex -27.7657 0.765685 11.55
      vertex -27.7657 0.765685 9.55
    endloop
  endfacet
  facet normal -0.741098 0.671397 0
    outer loop
      vertex -27.7657 0.765685 11.55
      vertex -27.8184 0.707514 9.55
      vertex -27.8184 0.707514 11.55
    endloop
  endfacet
  facet normal -0.803006 0.59597 0
    outer loop
      vertex -27.8652 0.644456 9.55
      vertex -27.8184 0.707514 11.55
      vertex -27.8184 0.707514 9.55
    endloop
  endfacet
  facet normal -0.803006 0.59597 0
    outer loop
      vertex -27.8184 0.707514 11.55
      vertex -27.8652 0.644456 9.55
      vertex -27.8652 0.644456 11.55
    endloop
  endfacet
  facet normal -0.989213 -0.146484 -0
    outer loop
      vertex -27.9846 -5.85607 11.55
      vertex -27.9961 -5.77841 9.97869
      vertex -27.9846 -5.85607 9.90103
    endloop
  endfacet
  facet normal -0.989213 -0.146484 0
    outer loop
      vertex -27.9961 -5.77841 9.97869
      vertex -27.9846 -5.85607 11.55
      vertex -27.9961 -5.77841 11.55
    endloop
  endfacet
  facet normal 0.596078 -0.802927 0
    outer loop
      vertex 27.6445 -6.36518 9.55
      vertex 27.7075 -6.31841 11.55
      vertex 27.6445 -6.36518 11.55
    endloop
  endfacet
  facet normal 0.596078 -0.802927 0
    outer loop
      vertex 27.7075 -6.31841 11.55
      vertex 27.6445 -6.36518 9.55
      vertex 27.7075 -6.31841 9.55
    endloop
  endfacet
  facet normal -0.243159 0.969986 0
    outer loop
      vertex -27.3561 0.984628 9.55
      vertex -27.4322 0.965551 11.55
      vertex -27.3561 0.984628 11.55
    endloop
  endfacet
  facet normal -0.243159 0.969986 0
    outer loop
      vertex -27.4322 0.965551 11.55
      vertex -27.3561 0.984628 9.55
      vertex -27.4322 0.965551 9.55
    endloop
  endfacet
  facet normal 0.513766 0.857931 -0
    outer loop
      vertex 27.6445 0.865175 9.55
      vertex 27.5771 0.905537 11.55
      vertex 27.6445 0.865175 11.55
    endloop
  endfacet
  facet normal 0.513766 0.857931 0
    outer loop
      vertex 27.5771 0.905537 11.55
      vertex 27.6445 0.865175 9.55
      vertex 27.5771 0.905537 9.55
    endloop
  endfacet
  facet normal -0.970259 0.242068 0
    outer loop
      vertex -27.9846 0.356071 9.55
      vertex -27.9656 0.432227 11.55
      vertex -27.9656 0.432227 9.55
    endloop
  endfacet
  facet normal -0.970259 0.242068 0
    outer loop
      vertex -27.9656 0.432227 11.55
      vertex -27.9846 0.356071 9.55
      vertex -27.9846 0.356071 11.55
    endloop
  endfacet
  facet normal -0.146647 0.989189 0
    outer loop
      vertex -27.2784 0.996147 9.55
      vertex -27.3561 0.984628 11.55
      vertex -27.2784 0.996147 11.55
    endloop
  endfacet
  facet normal -0.146647 0.989189 0
    outer loop
      vertex -27.3561 0.984628 11.55
      vertex -27.2784 0.996147 9.55
      vertex -27.3561 0.984628 9.55
    endloop
  endfacet
  facet normal 0 0 -1
    outer loop
      vertex 27.9961 0.078413 9.55
      vertex 28 0.2 9.55
      vertex 28 0 9.55
    endloop
  endfacet
  facet normal 0 0 -1
    outer loop
      vertex 27.9846 0.156072 9.55
      vertex 28 0.2 9.55
      vertex 27.9961 0.078413 9.55
    endloop
  endfacet
  facet normal 0 0 -1
    outer loop
      vertex 27.9656 0.232227 9.55
      vertex 28 0.2 9.55
      vertex 27.9846 0.156072 9.55
    endloop
  endfacet
  facet normal 0 0 -1
    outer loop
      vertex 28 0.2 9.55
      vertex 27.9656 0.232227 9.55
      vertex 27.9961 0.278413 9.55
    endloop
  endfacet
  facet normal 0 0 -1
    outer loop
      vertex 27.9391 0.306147 9.55
      vertex 27.9961 0.278413 9.55
      vertex 27.9656 0.232227 9.55
    endloop
  endfacet
  facet normal 0 0 -1
    outer loop
      vertex 27.9961 0.278413 9.55
      vertex 27.9391 0.306147 9.55
      vertex 27.9846 0.356071 9.55
    endloop
  endfacet
  facet normal 0 0 -1
    outer loop
      vertex 27.9055 0.377117 9.55
      vertex 27.9846 0.356071 9.55
      vertex 27.9391 0.306147 9.55
    endloop
  endfacet
  facet normal 0 0 -1
    outer loop
      vertex 27.9846 0.356071 9.55
      vertex 27.9055 0.377117 9.55
      vertex 27.9656 0.432227 9.55
    endloop
  endfacet
  facet normal 0 0 -1
    outer loop
      vertex 27.8652 0.444456 9.55
      vertex 27.9656 0.432227 9.55
      vertex 27.9055 0.377117 9.55
    endloop
  endfacet
  facet normal 0 0 -1
    outer loop
      vertex 27.9656 0.432227 9.55
      vertex 27.8652 0.444456 9.55
      vertex 27.9391 0.506146 9.55
    endloop
  endfacet
  facet normal 0 0 -1
    outer loop
      vertex 27.8184 0.507514 9.55
      vertex 27.9391 0.506146 9.55
      vertex 27.8652 0.444456 9.55
    endloop
  endfacet
  facet normal 0 0 -1
    outer loop
      vertex 27.9391 0.506146 9.55
      vertex 27.8184 0.507514 9.55
      vertex 27.9055 0.577117 9.55
    endloop
  endfacet
  facet normal 0 0 -1
    outer loop
      vertex 27.7657 0.565685 9.55
      vertex 27.9055 0.577117 9.55
      vertex 27.8184 0.507514 9.55
    endloop
  endfacet
  facet normal -0 0 -1
    outer loop
      vertex 27.9055 0.577117 9.55
      vertex 27.7657 0.565685 9.55
      vertex 27.8652 0.644456 9.55
    endloop
  endfacet
  facet normal -0 0 -1
    outer loop
      vertex 27.8652 0.644456 9.55
      vertex 27.7657 0.565685 9.55
      vertex 27.8184 0.707514 9.55
    endloop
  endfacet
  facet normal 0 0 -1
    outer loop
      vertex 27.7075 0.618408 9.55
      vertex 27.8184 0.707514 9.55
      vertex 27.7657 0.565685 9.55
    endloop
  endfacet
  facet normal -0 0 -1
    outer loop
      vertex 27.8184 0.707514 9.55
      vertex 27.7075 0.618408 9.55
      vertex 27.7657 0.765685 9.55
    endloop
  endfacet
  facet normal 0 0 -1
    outer loop
      vertex 27.6445 0.665175 9.55
      vertex 27.7657 0.765685 9.55
      vertex 27.7075 0.618408 9.55
    endloop
  endfacet
  facet normal -0 0 -1
    outer loop
      vertex 27.7657 0.765685 9.55
      vertex 27.6445 0.665175 9.55
      vertex 27.7075 0.818408 9.55
    endloop
  endfacet
  facet normal 0 0 -1
    outer loop
      vertex 27.5771 0.705537 9.55
      vertex 27.7075 0.818408 9.55
      vertex 27.6445 0.665175 9.55
    endloop
  endfacet
  facet normal -0 0 -1
    outer loop
      vertex 27.7075 0.818408 9.55
      vertex 27.5771 0.705537 9.55
      vertex 27.6445 0.865175 9.55
    endloop
  endfacet
  facet normal 0 0 -1
    outer loop
      vertex 27.5061 0.739103 9.55
      vertex 27.6445 0.865175 9.55
      vertex 27.5771 0.705537 9.55
    endloop
  endfacet
  facet normal -0 0 -1
    outer loop
      vertex 27.6445 0.865175 9.55
      vertex 27.5061 0.739103 9.55
      vertex 27.5771 0.905537 9.55
    endloop
  endfacet
  facet normal 0 0 -1
    outer loop
      vertex 27.5061 0.739103 9.55
      vertex 27.5061 0.939103 9.55
      vertex 27.5771 0.905537 9.55
    endloop
  endfacet
  facet normal 0 0 -1
    outer loop
      vertex 27.4322 0.765552 9.55
      vertex 27.5061 0.939103 9.55
      vertex 27.5061 0.739103 9.55
    endloop
  endfacet
  facet normal 0 0 -1
    outer loop
      vertex 27.4322 0.765552 9.55
      vertex 27.4322 0.965551 9.55
      vertex 27.5061 0.939103 9.55
    endloop
  endfacet
  facet normal 0 0 -1
    outer loop
      vertex 27.3561 0.784628 9.55
      vertex 27.4322 0.965551 9.55
      vertex 27.4322 0.765552 9.55
    endloop
  endfacet
  facet normal 0 0 -1
    outer loop
      vertex 27.3561 0.784628 9.55
      vertex 27.3561 0.984628 9.55
      vertex 27.4322 0.965551 9.55
    endloop
  endfacet
  facet normal 0 0 -1
    outer loop
      vertex 27.2784 0.796147 9.55
      vertex 27.3561 0.984628 9.55
      vertex 27.3561 0.784628 9.55
    endloop
  endfacet
  facet normal 0 0 -1
    outer loop
      vertex 27.2784 0.796147 9.55
      vertex 27.2784 0.996147 9.55
      vertex 27.3561 0.984628 9.55
    endloop
  endfacet
  facet normal 0 0 -1
    outer loop
      vertex 27.2 0.799999 9.55
      vertex 27.2784 0.996147 9.55
      vertex 27.2784 0.796147 9.55
    endloop
  endfacet
  facet normal 0 0 -1
    outer loop
      vertex 27.2 0.799999 9.55
      vertex 27.2 1 9.55
      vertex 27.2784 0.996147 9.55
    endloop
  endfacet
  facet normal 0 0 -1
    outer loop
      vertex -27.2 0.799999 9.55
      vertex 27.2 1 9.55
      vertex 27.2 0.799999 9.55
    endloop
  endfacet
  facet normal 0 0 -1
    outer loop
      vertex -27.2 0.799999 9.55
      vertex -27.2 1 9.55
      vertex 27.2 1 9.55
    endloop
  endfacet
  facet normal 0 0 -1
    outer loop
      vertex -27.2784 0.996147 9.55
      vertex -27.2 0.799999 9.55
      vertex -27.2784 0.796147 9.55
    endloop
  endfacet
  facet normal 0 0 -1
    outer loop
      vertex -27.2 0.799999 9.55
      vertex -27.2784 0.996147 9.55
      vertex -27.2 1 9.55
    endloop
  endfacet
  facet normal 0 0 -1
    outer loop
      vertex -27.3561 0.984628 9.55
      vertex -27.2784 0.796147 9.55
      vertex -27.3561 0.784628 9.55
    endloop
  endfacet
  facet normal 0 0 -1
    outer loop
      vertex -27.2784 0.796147 9.55
      vertex -27.3561 0.984628 9.55
      vertex -27.2784 0.996147 9.55
    endloop
  endfacet
  facet normal 0 0 -1
    outer loop
      vertex -27.4322 0.965551 9.55
      vertex -27.3561 0.784628 9.55
      vertex -27.4322 0.765552 9.55
    endloop
  endfacet
  facet normal 0 0 -1
    outer loop
      vertex -27.3561 0.784628 9.55
      vertex -27.4322 0.965551 9.55
      vertex -27.3561 0.984628 9.55
    endloop
  endfacet
  facet normal 0 0 -1
    outer loop
      vertex -27.5061 0.939103 9.55
      vertex -27.4322 0.765552 9.55
      vertex -27.5061 0.739103 9.55
    endloop
  endfacet
  facet normal 0 0 -1
    outer loop
      vertex -27.4322 0.765552 9.55
      vertex -27.5061 0.939103 9.55
      vertex -27.4322 0.965551 9.55
    endloop
  endfacet
  facet normal 0 0 -1
    outer loop
      vertex -27.6445 0.865175 9.55
      vertex -27.5061 0.739103 9.55
      vertex -27.5771 0.705537 9.55
    endloop
  endfacet
  facet normal 0 0 -1
    outer loop
      vertex -27.5061 0.739103 9.55
      vertex -27.5771 0.905537 9.55
      vertex -27.5061 0.939103 9.55
    endloop
  endfacet
  facet normal 0 0 -1
    outer loop
      vertex -27.7075 0.818408 9.55
      vertex -27.5771 0.705537 9.55
      vertex -27.6445 0.665175 9.55
    endloop
  endfacet
  facet normal 0 0 -1
    outer loop
      vertex -27.5061 0.739103 9.55
      vertex -27.6445 0.865175 9.55
      vertex -27.5771 0.905537 9.55
    endloop
  endfacet
  facet normal 0 0 -1
    outer loop
      vertex -27.7657 0.765685 9.55
      vertex -27.6445 0.665175 9.55
      vertex -27.7075 0.618408 9.55
    endloop
  endfacet
  facet normal 0 0 -1
    outer loop
      vertex -27.5771 0.705537 9.55
      vertex -27.7075 0.818408 9.55
      vertex -27.6445 0.865175 9.55
    endloop
  endfacet
  facet normal 0 0 -1
    outer loop
      vertex -27.8184 0.707514 9.55
      vertex -27.7075 0.618408 9.55
      vertex -27.7657 0.565685 9.55
    endloop
  endfacet
  facet normal 0 0 -1
    outer loop
      vertex -27.6445 0.665175 9.55
      vertex -27.7657 0.765685 9.55
      vertex -27.7075 0.818408 9.55
    endloop
  endfacet
  facet normal 0 0 -1
    outer loop
      vertex -27.9055 0.577117 9.55
      vertex -27.7657 0.565685 9.55
      vertex -27.8184 0.507514 9.55
    endloop
  endfacet
  facet normal 0 0 -1
    outer loop
      vertex -27.7075 0.618408 9.55
      vertex -27.8184 0.707514 9.55
      vertex -27.7657 0.765685 9.55
    endloop
  endfacet
  facet normal 0 0 -1
    outer loop
      vertex -27.9391 0.506146 9.55
      vertex -27.8184 0.507514 9.55
      vertex -27.8652 0.444456 9.55
    endloop
  endfacet
  facet normal 0 0 -1
    outer loop
      vertex -27.7657 0.565685 9.55
      vertex -27.8652 0.644456 9.55
      vertex -27.8184 0.707514 9.55
    endloop
  endfacet
  facet normal 0 0 -1
    outer loop
      vertex -27.9656 0.432227 9.55
      vertex -27.8652 0.444456 9.55
      vertex -27.9055 0.377117 9.55
    endloop
  endfacet
  facet normal 0 0 -1
    outer loop
      vertex -27.7657 0.565685 9.55
      vertex -27.9055 0.577117 9.55
      vertex -27.8652 0.644456 9.55
    endloop
  endfacet
  facet normal 0 0 -1
    outer loop
      vertex -27.9846 0.356071 9.55
      vertex -27.9055 0.377117 9.55
      vertex -27.9391 0.306147 9.55
    endloop
  endfacet
  facet normal -0 0 -1
    outer loop
      vertex -27.8184 0.507514 9.55
      vertex -27.9391 0.506146 9.55
      vertex -27.9055 0.577117 9.55
    endloop
  endfacet
  facet normal 0 0 -1
    outer loop
      vertex -27.9961 0.278413 9.55
      vertex -27.9391 0.306147 9.55
      vertex -27.9656 0.232227 9.55
    endloop
  endfacet
  facet normal -0 0 -1
    outer loop
      vertex -27.8652 0.444456 9.55
      vertex -27.9656 0.432227 9.55
      vertex -27.9391 0.506146 9.55
    endloop
  endfacet
  facet normal 0 0 -1
    outer loop
      vertex -28 0.2 9.55
      vertex -27.9656 0.232227 9.55
      vertex -27.9846 0.156072 9.55
    endloop
  endfacet
  facet normal -0 0 -1
    outer loop
      vertex -27.9055 0.377117 9.55
      vertex -27.9846 0.356071 9.55
      vertex -27.9656 0.432227 9.55
    endloop
  endfacet
  facet normal 0 0 -1
    outer loop
      vertex -28 0.2 9.55
      vertex -27.9846 0.156072 9.55
      vertex -27.9961 0.078413 9.55
    endloop
  endfacet
  facet normal -0 0 -1
    outer loop
      vertex -27.9656 0.232227 9.55
      vertex -28 0.2 9.55
      vertex -27.9961 0.278413 9.55
    endloop
  endfacet
  facet normal 0 0 -1
    outer loop
      vertex -28 0.2 9.55
      vertex -27.9961 0.078413 9.55
      vertex -28 0 9.55
    endloop
  endfacet
  facet normal -0 0 -1
    outer loop
      vertex -27.9391 0.306147 9.55
      vertex -27.9961 0.278413 9.55
      vertex -27.9846 0.356071 9.55
    endloop
  endfacet
  facet normal 0 0 -1
    outer loop
      vertex 27.7657 -6.26569 9.55
      vertex 27.8187 -6.20711 9.55
      vertex 27.8184 -6.20751 9.55
    endloop
  endfacet
  facet normal 0 0 -1
    outer loop
      vertex 27.7075 -6.31841 9.55
      vertex 27.8187 -6.20711 9.55
      vertex 27.7657 -6.26569 9.55
    endloop
  endfacet
  facet normal 0 0 -1
    outer loop
      vertex 27.6445 -6.36518 9.55
      vertex 27.8187 -6.20711 9.55
      vertex 27.7075 -6.31841 9.55
    endloop
  endfacet
  facet normal 0 0 -1
    outer loop
      vertex 27.5771 -6.40554 9.55
      vertex 27.8187 -6.20711 9.55
      vertex 27.6445 -6.36518 9.55
    endloop
  endfacet
  facet normal 0 0 -1
    outer loop
      vertex 27.5061 -6.4391 9.55
      vertex 27.8187 -6.20711 9.55
      vertex 27.5771 -6.40554 9.55
    endloop
  endfacet
  facet normal 0 0 -1
    outer loop
      vertex 27.4322 -6.46555 9.55
      vertex 27.8187 -6.20711 9.55
      vertex 27.5061 -6.4391 9.55
    endloop
  endfacet
  facet normal 0 0 -1
    outer loop
      vertex 27.3561 -6.48463 9.55
      vertex 27.8187 -6.20711 9.55
      vertex 27.4322 -6.46555 9.55
    endloop
  endfacet
  facet normal 0 0 -1
    outer loop
      vertex 27.2784 -6.49615 9.55
      vertex 27.8187 -6.20711 9.55
      vertex 27.3561 -6.48463 9.55
    endloop
  endfacet
  facet normal 0 0 -1
    outer loop
      vertex 27.2 -6.5 9.55
      vertex 27.8187 -6.20711 9.55
      vertex 27.2784 -6.49615 9.55
    endloop
  endfacet
  facet normal 0 0 -1
    outer loop
      vertex -27.2 -6.5 9.55
      vertex 27.8187 -6.20711 9.55
      vertex 27.2 -6.5 9.55
    endloop
  endfacet
  facet normal 0 0 -1
    outer loop
      vertex -27.8187 -6.20711 9.55
      vertex -27.2 -6.5 9.55
      vertex -27.2784 -6.49615 9.55
    endloop
  endfacet
  facet normal 0 0 -1
    outer loop
      vertex -27.8187 -6.20711 9.55
      vertex -27.2784 -6.49615 9.55
      vertex -27.3561 -6.48463 9.55
    endloop
  endfacet
  facet normal 0 0 -1
    outer loop
      vertex -27.8187 -6.20711 9.55
      vertex -27.3561 -6.48463 9.55
      vertex -27.4322 -6.46555 9.55
    endloop
  endfacet
  facet normal 0 0 -1
    outer loop
      vertex -27.8187 -6.20711 9.55
      vertex -27.4322 -6.46555 9.55
      vertex -27.5061 -6.4391 9.55
    endloop
  endfacet
  facet normal 0 0 -1
    outer loop
      vertex -27.8187 -6.20711 9.55
      vertex -27.5061 -6.4391 9.55
      vertex -27.5771 -6.40554 9.55
    endloop
  endfacet
  facet normal 0 0 -1
    outer loop
      vertex -27.8187 -6.20711 9.55
      vertex -27.5771 -6.40554 9.55
      vertex -27.6445 -6.36518 9.55
    endloop
  endfacet
  facet normal 0 0 -1
    outer loop
      vertex -27.8187 -6.20711 9.55
      vertex -27.6445 -6.36518 9.55
      vertex -27.7075 -6.31841 9.55
    endloop
  endfacet
  facet normal 0 0 -1
    outer loop
      vertex -27.8187 -6.20711 9.55
      vertex -27.7075 -6.31841 9.55
      vertex -27.7657 -6.26569 9.55
    endloop
  endfacet
  facet normal 0 0 -1
    outer loop
      vertex -27.8187 -6.20711 9.55
      vertex -27.7657 -6.26569 9.55
      vertex -27.8184 -6.20751 9.55
    endloop
  endfacet
  facet normal 0 0 -1
    outer loop
      vertex -27.2 -6.5 9.55
      vertex -27.8187 -6.20711 9.55
      vertex 27.8187 -6.20711 9.55
    endloop
  endfacet
  facet normal 0 0 -1
    outer loop
      vertex 28 -4.79289 9.55
      vertex 27.9961 -0.078413 9.55
      vertex 28 0 9.55
    endloop
  endfacet
  facet normal 0 0 -1
    outer loop
      vertex 28 -4.79289 9.55
      vertex 27.9846 -0.156072 9.55
      vertex 27.9961 -0.078413 9.55
    endloop
  endfacet
  facet normal 0 0 -1
    outer loop
      vertex 28 -4.79289 9.55
      vertex 27.9656 -0.232227 9.55
      vertex 27.9846 -0.156072 9.55
    endloop
  endfacet
  facet normal 0 0 -1
    outer loop
      vertex 28 -4.79289 9.55
      vertex 27.9391 -0.306147 9.55
      vertex 27.9656 -0.232227 9.55
    endloop
  endfacet
  facet normal 0 0 -1
    outer loop
      vertex 28 -4.79289 9.55
      vertex 27.9055 -0.377117 9.55
      vertex 27.9391 -0.306147 9.55
    endloop
  endfacet
  facet normal 0 0 -1
    outer loop
      vertex 28 -4.79289 9.55
      vertex 27.8652 -0.444456 9.55
      vertex 27.9055 -0.377117 9.55
    endloop
  endfacet
  facet normal 0 0 -1
    outer loop
      vertex 28 -4.79289 9.55
      vertex 27.8184 -0.507514 9.55
      vertex 27.8652 -0.444456 9.55
    endloop
  endfacet
  facet normal 0 0 -1
    outer loop
      vertex 28 -4.79289 9.55
      vertex 27.7657 -0.565685 9.55
      vertex 27.8184 -0.507514 9.55
    endloop
  endfacet
  facet normal 0 0 -1
    outer loop
      vertex 28 -4.79289 9.55
      vertex 27.7075 -0.618408 9.55
      vertex 27.7657 -0.565685 9.55
    endloop
  endfacet
  facet normal 0 0 -1
    outer loop
      vertex 28 -4.79289 9.55
      vertex 27.6445 -0.665175 9.55
      vertex 27.7075 -0.618408 9.55
    endloop
  endfacet
  facet normal 0 0 -1
    outer loop
      vertex 28 -4.79289 9.55
      vertex 27.5771 -0.705537 9.55
      vertex 27.6445 -0.665175 9.55
    endloop
  endfacet
  facet normal 0 0 -1
    outer loop
      vertex 28 -4.79289 9.55
      vertex 27.5061 -0.739103 9.55
      vertex 27.5771 -0.705537 9.55
    endloop
  endfacet
  facet normal 0 0 -1
    outer loop
      vertex 28 -4.79289 9.55
      vertex 27.4322 -0.765552 9.55
      vertex 27.5061 -0.739103 9.55
    endloop
  endfacet
  facet normal 0 0 -1
    outer loop
      vertex 28 -4.79289 9.55
      vertex 27.3561 -0.784628 9.55
      vertex 27.4322 -0.765552 9.55
    endloop
  endfacet
  facet normal 0 0 -1
    outer loop
      vertex 28 -4.79289 9.55
      vertex 27.2784 -0.796147 9.55
      vertex 27.3561 -0.784628 9.55
    endloop
  endfacet
  facet normal 0 0 -1
    outer loop
      vertex 28 -4.79289 9.55
      vertex 27.2 -0.799999 9.55
      vertex 27.2784 -0.796147 9.55
    endloop
  endfacet
  facet normal 0 0 -1
    outer loop
      vertex 28 -4.79289 9.55
      vertex -27.2 -0.799999 9.55
      vertex 27.2 -0.799999 9.55
    endloop
  endfacet
  facet normal 0 0 -1
    outer loop
      vertex -28 -4.79289 9.55
      vertex -27.2 -0.799999 9.55
      vertex 28 -4.79289 9.55
    endloop
  endfacet
  facet normal -0 0 -1
    outer loop
      vertex -27.2 -0.799999 9.55
      vertex -28 -4.79289 9.55
      vertex -27.2784 -0.796147 9.55
    endloop
  endfacet
  facet normal 0 0 -1
    outer loop
      vertex -28 -4.79289 9.55
      vertex -27.3561 -0.784628 9.55
      vertex -27.2784 -0.796147 9.55
    endloop
  endfacet
  facet normal 0 0 -1
    outer loop
      vertex -28 -4.79289 9.55
      vertex -27.4322 -0.765552 9.55
      vertex -27.3561 -0.784628 9.55
    endloop
  endfacet
  facet normal 0 0 -1
    outer loop
      vertex -28 -4.79289 9.55
      vertex -27.5061 -0.739103 9.55
      vertex -27.4322 -0.765552 9.55
    endloop
  endfacet
  facet normal 0 0 -1
    outer loop
      vertex -28 -4.79289 9.55
      vertex -27.5771 -0.705537 9.55
      vertex -27.5061 -0.739103 9.55
    endloop
  endfacet
  facet normal 0 0 -1
    outer loop
      vertex -28 -4.79289 9.55
      vertex -27.6445 -0.665175 9.55
      vertex -27.5771 -0.705537 9.55
    endloop
  endfacet
  facet normal 0 0 -1
    outer loop
      vertex -28 -4.79289 9.55
      vertex -27.7075 -0.618408 9.55
      vertex -27.6445 -0.665175 9.55
    endloop
  endfacet
  facet normal 0 0 -1
    outer loop
      vertex -28 -4.79289 9.55
      vertex -27.7657 -0.565685 9.55
      vertex -27.7075 -0.618408 9.55
    endloop
  endfacet
  facet normal 0 0 -1
    outer loop
      vertex -28 -4.79289 9.55
      vertex -27.8184 -0.507514 9.55
      vertex -27.7657 -0.565685 9.55
    endloop
  endfacet
  facet normal 0 0 -1
    outer loop
      vertex -28 -4.79289 9.55
      vertex -27.8652 -0.444456 9.55
      vertex -27.8184 -0.507514 9.55
    endloop
  endfacet
  facet normal 0 0 -1
    outer loop
      vertex -28 -4.79289 9.55
      vertex -27.9055 -0.377117 9.55
      vertex -27.8652 -0.444456 9.55
    endloop
  endfacet
  facet normal 0 0 -1
    outer loop
      vertex -28 -4.79289 9.55
      vertex -27.9391 -0.306147 9.55
      vertex -27.9055 -0.377117 9.55
    endloop
  endfacet
  facet normal 0 0 -1
    outer loop
      vertex -28 -4.79289 9.55
      vertex -27.9656 -0.232227 9.55
      vertex -27.9391 -0.306147 9.55
    endloop
  endfacet
  facet normal 0 0 -1
    outer loop
      vertex -28 -4.79289 9.55
      vertex -27.9846 -0.156072 9.55
      vertex -27.9656 -0.232227 9.55
    endloop
  endfacet
  facet normal 0 0 -1
    outer loop
      vertex -28 -4.79289 9.55
      vertex -27.9961 -0.078413 9.55
      vertex -27.9846 -0.156072 9.55
    endloop
  endfacet
  facet normal -0 0 -1
    outer loop
      vertex -27.9961 -0.078413 9.55
      vertex -28 -4.79289 9.55
      vertex -28 0 9.55
    endloop
  endfacet
  facet normal 0 0 1
    outer loop
      vertex 27.2 1 11.55
      vertex 28 0.2 11.55
      vertex 27.9961 0.278413 11.55
    endloop
  endfacet
  facet normal 0 0 1
    outer loop
      vertex 28 0.2 11.55
      vertex 27.2 1 11.55
      vertex 28 -5.7 11.55
    endloop
  endfacet
  facet normal 0 0 1
    outer loop
      vertex 27.2 1 11.55
      vertex 27.9961 0.278413 11.55
      vertex 27.9846 0.356071 11.55
    endloop
  endfacet
  facet normal 0 0 1
    outer loop
      vertex 27.2 -6.5 11.55
      vertex 28 -5.7 11.55
      vertex 27.2 1 11.55
    endloop
  endfacet
  facet normal 0 0 1
    outer loop
      vertex 27.2 1 11.55
      vertex 27.9846 0.356071 11.55
      vertex 27.9656 0.432227 11.55
    endloop
  endfacet
  facet normal 0 0 1
    outer loop
      vertex 28 -5.7 11.55
      vertex 27.2 -6.5 11.55
      vertex 27.9961 -5.77841 11.55
    endloop
  endfacet
  facet normal 0 0 1
    outer loop
      vertex 27.2 1 11.55
      vertex 27.9656 0.432227 11.55
      vertex 27.9391 0.506146 11.55
    endloop
  endfacet
  facet normal 0 0 1
    outer loop
      vertex 27.9961 -5.77841 11.55
      vertex 27.2 -6.5 11.55
      vertex 27.9846 -5.85607 11.55
    endloop
  endfacet
  facet normal 0 0 1
    outer loop
      vertex 27.2 1 11.55
      vertex 27.9391 0.506146 11.55
      vertex 27.9055 0.577117 11.55
    endloop
  endfacet
  facet normal 0 0 1
    outer loop
      vertex 27.9846 -5.85607 11.55
      vertex 27.2 -6.5 11.55
      vertex 27.9656 -5.93223 11.55
    endloop
  endfacet
  facet normal 0 0 1
    outer loop
      vertex 27.2 1 11.55
      vertex 27.9055 0.577117 11.55
      vertex 27.8652 0.644456 11.55
    endloop
  endfacet
  facet normal 0 0 1
    outer loop
      vertex 27.9656 -5.93223 11.55
      vertex 27.2 -6.5 11.55
      vertex 27.9391 -6.00615 11.55
    endloop
  endfacet
  facet normal 0 0 1
    outer loop
      vertex 27.2 1 11.55
      vertex 27.8652 0.644456 11.55
      vertex 27.8184 0.707514 11.55
    endloop
  endfacet
  facet normal 0 0 1
    outer loop
      vertex 27.9391 -6.00615 11.55
      vertex 27.2 -6.5 11.55
      vertex 27.9055 -6.07712 11.55
    endloop
  endfacet
  facet normal 0 0 1
    outer loop
      vertex 27.2 1 11.55
      vertex 27.8184 0.707514 11.55
      vertex 27.7657 0.765685 11.55
    endloop
  endfacet
  facet normal 0 0 1
    outer loop
      vertex 27.9055 -6.07712 11.55
      vertex 27.2 -6.5 11.55
      vertex 27.8652 -6.14446 11.55
    endloop
  endfacet
  facet normal 0 0 1
    outer loop
      vertex 27.2 1 11.55
      vertex 27.7657 0.765685 11.55
      vertex 27.7075 0.818408 11.55
    endloop
  endfacet
  facet normal 0 0 1
    outer loop
      vertex 27.8652 -6.14446 11.55
      vertex 27.2 -6.5 11.55
      vertex 27.8184 -6.20751 11.55
    endloop
  endfacet
  facet normal 0 0 1
    outer loop
      vertex 27.2 1 11.55
      vertex 27.7075 0.818408 11.55
      vertex 27.6445 0.865175 11.55
    endloop
  endfacet
  facet normal 0 0 1
    outer loop
      vertex 27.8184 -6.20751 11.55
      vertex 27.2 -6.5 11.55
      vertex 27.7657 -6.26569 11.55
    endloop
  endfacet
  facet normal 0 0 1
    outer loop
      vertex 27.2 1 11.55
      vertex 27.6445 0.865175 11.55
      vertex 27.5771 0.905537 11.55
    endloop
  endfacet
  facet normal 0 0 1
    outer loop
      vertex 27.7657 -6.26569 11.55
      vertex 27.2 -6.5 11.55
      vertex 27.7075 -6.31841 11.55
    endloop
  endfacet
  facet normal 0 0 1
    outer loop
      vertex 27.2 1 11.55
      vertex 27.5771 0.905537 11.55
      vertex 27.5061 0.939103 11.55
    endloop
  endfacet
  facet normal 0 0 1
    outer loop
      vertex 27.7075 -6.31841 11.55
      vertex 27.2 -6.5 11.55
      vertex 27.6445 -6.36518 11.55
    endloop
  endfacet
  facet normal 0 0 1
    outer loop
      vertex 27.2 1 11.55
      vertex 27.5061 0.939103 11.55
      vertex 27.4322 0.965551 11.55
    endloop
  endfacet
  facet normal 0 0 1
    outer loop
      vertex 27.6445 -6.36518 11.55
      vertex 27.2 -6.5 11.55
      vertex 27.5771 -6.40554 11.55
    endloop
  endfacet
  facet normal 0 0 1
    outer loop
      vertex 27.2 1 11.55
      vertex 27.4322 0.965551 11.55
      vertex 27.3561 0.984628 11.55
    endloop
  endfacet
  facet normal 0 0 1
    outer loop
      vertex 27.5771 -6.40554 11.55
      vertex 27.2 -6.5 11.55
      vertex 27.5061 -6.4391 11.55
    endloop
  endfacet
  facet normal 0 0 1
    outer loop
      vertex 27.2 1 11.55
      vertex 27.3561 0.984628 11.55
      vertex 27.2784 0.996147 11.55
    endloop
  endfacet
  facet normal 0 0 1
    outer loop
      vertex 27.5061 -6.4391 11.55
      vertex 27.2 -6.5 11.55
      vertex 27.4322 -6.46555 11.55
    endloop
  endfacet
  facet normal 0 0 1
    outer loop
      vertex 27.4322 -6.46555 11.55
      vertex 27.2 -6.5 11.55
      vertex 27.3561 -6.48463 11.55
    endloop
  endfacet
  facet normal 0 0 1
    outer loop
      vertex 27.3561 -6.48463 11.55
      vertex 27.2 -6.5 11.55
      vertex 27.2784 -6.49615 11.55
    endloop
  endfacet
  facet normal -0 0 1
    outer loop
      vertex -27.2 1 11.55
      vertex 27.2 -6.5 11.55
      vertex 27.2 1 11.55
    endloop
  endfacet
  facet normal 0 0 1
    outer loop
      vertex -27.2 1 11.55
      vertex -27.2 -6.5 11.55
      vertex 27.2 -6.5 11.55
    endloop
  endfacet
  facet normal 0 0 1
    outer loop
      vertex -28 0.2 11.55
      vertex -27.2 1 11.55
      vertex -27.2784 0.996147 11.55
    endloop
  endfacet
  facet normal 0 0 1
    outer loop
      vertex -27.2 1 11.55
      vertex -28 0.2 11.55
      vertex -27.2 -6.5 11.55
    endloop
  endfacet
  facet normal 0 0 1
    outer loop
      vertex -28 0.2 11.55
      vertex -27.2784 0.996147 11.55
      vertex -27.3561 0.984628 11.55
    endloop
  endfacet
  facet normal -0 0 1
    outer loop
      vertex -28 -5.7 11.55
      vertex -27.2 -6.5 11.55
      vertex -28 0.2 11.55
    endloop
  endfacet
  facet normal 0 0 1
    outer loop
      vertex -28 0.2 11.55
      vertex -27.3561 0.984628 11.55
      vertex -27.4322 0.965551 11.55
    endloop
  endfacet
  facet normal 0 0 1
    outer loop
      vertex -27.2 -6.5 11.55
      vertex -28 -5.7 11.55
      vertex -27.2784 -6.49615 11.55
    endloop
  endfacet
  facet normal 0 0 1
    outer loop
      vertex -28 0.2 11.55
      vertex -27.4322 0.965551 11.55
      vertex -27.5061 0.939103 11.55
    endloop
  endfacet
  facet normal 0 0 1
    outer loop
      vertex -27.2784 -6.49615 11.55
      vertex -28 -5.7 11.55
      vertex -27.3561 -6.48463 11.55
    endloop
  endfacet
  facet normal 0 0 1
    outer loop
      vertex -28 0.2 11.55
      vertex -27.5061 0.939103 11.55
      vertex -27.5771 0.905537 11.55
    endloop
  endfacet
  facet normal 0 0 1
    outer loop
      vertex -27.3561 -6.48463 11.55
      vertex -28 -5.7 11.55
      vertex -27.4322 -6.46555 11.55
    endloop
  endfacet
  facet normal 0 0 1
    outer loop
      vertex -28 0.2 11.55
      vertex -27.5771 0.905537 11.55
      vertex -27.6445 0.865175 11.55
    endloop
  endfacet
  facet normal 0 0 1
    outer loop
      vertex -27.4322 -6.46555 11.55
      vertex -28 -5.7 11.55
      vertex -27.5061 -6.4391 11.55
    endloop
  endfacet
  facet normal 0 0 1
    outer loop
      vertex -28 0.2 11.55
      vertex -27.6445 0.865175 11.55
      vertex -27.7075 0.818408 11.55
    endloop
  endfacet
  facet normal 0 0 1
    outer loop
      vertex -27.5061 -6.4391 11.55
      vertex -28 -5.7 11.55
      vertex -27.5771 -6.40554 11.55
    endloop
  endfacet
  facet normal 0 0 1
    outer loop
      vertex -28 0.2 11.55
      vertex -27.7075 0.818408 11.55
      vertex -27.7657 0.765685 11.55
    endloop
  endfacet
  facet normal 0 0 1
    outer loop
      vertex -27.5771 -6.40554 11.55
      vertex -28 -5.7 11.55
      vertex -27.6445 -6.36518 11.55
    endloop
  endfacet
  facet normal 0 0 1
    outer loop
      vertex -28 0.2 11.55
      vertex -27.7657 0.765685 11.55
      vertex -27.8184 0.707514 11.55
    endloop
  endfacet
  facet normal 0 0 1
    outer loop
      vertex -27.6445 -6.36518 11.55
      vertex -28 -5.7 11.55
      vertex -27.7075 -6.31841 11.55
    endloop
  endfacet
  facet normal 0 0 1
    outer loop
      vertex -28 0.2 11.55
      vertex -27.8184 0.707514 11.55
      vertex -27.8652 0.644456 11.55
    endloop
  endfacet
  facet normal 0 0 1
    outer loop
      vertex -27.7075 -6.31841 11.55
      vertex -28 -5.7 11.55
      vertex -27.7657 -6.26569 11.55
    endloop
  endfacet
  facet normal 0 0 1
    outer loop
      vertex -28 0.2 11.55
      vertex -27.8652 0.644456 11.55
      vertex -27.9055 0.577117 11.55
    endloop
  endfacet
  facet normal 0 0 1
    outer loop
      vertex -27.7657 -6.26569 11.55
      vertex -28 -5.7 11.55
      vertex -27.8184 -6.20751 11.55
    endloop
  endfacet
  facet normal 0 0 1
    outer loop
      vertex -28 0.2 11.55
      vertex -27.9055 0.577117 11.55
      vertex -27.9391 0.506146 11.55
    endloop
  endfacet
  facet normal 0 0 1
    outer loop
      vertex -27.8184 -6.20751 11.55
      vertex -28 -5.7 11.55
      vertex -27.8652 -6.14446 11.55
    endloop
  endfacet
  facet normal 0 0 1
    outer loop
      vertex -28 0.2 11.55
      vertex -27.9391 0.506146 11.55
      vertex -27.9656 0.432227 11.55
    endloop
  endfacet
  facet normal 0 0 1
    outer loop
      vertex -27.8652 -6.14446 11.55
      vertex -28 -5.7 11.55
      vertex -27.9055 -6.07712 11.55
    endloop
  endfacet
  facet normal 0 0 1
    outer loop
      vertex -28 0.2 11.55
      vertex -27.9656 0.432227 11.55
      vertex -27.9846 0.356071 11.55
    endloop
  endfacet
  facet normal 0 0 1
    outer loop
      vertex -27.9055 -6.07712 11.55
      vertex -28 -5.7 11.55
      vertex -27.9391 -6.00615 11.55
    endloop
  endfacet
  facet normal 0 0 1
    outer loop
      vertex -28 0.2 11.55
      vertex -27.9846 0.356071 11.55
      vertex -27.9961 0.278413 11.55
    endloop
  endfacet
  facet normal 0 0 1
    outer loop
      vertex -27.9391 -6.00615 11.55
      vertex -28 -5.7 11.55
      vertex -27.9656 -5.93223 11.55
    endloop
  endfacet
  facet normal 0 0 1
    outer loop
      vertex -27.9656 -5.93223 11.55
      vertex -28 -5.7 11.55
      vertex -27.9846 -5.85607 11.55
    endloop
  endfacet
  facet normal 0 0 1
    outer loop
      vertex -27.9846 -5.85607 11.55
      vertex -28 -5.7 11.55
      vertex -27.9961 -5.77841 11.55
    endloop
  endfacet
  facet normal -0.998765 0.0496752 0
    outer loop
      vertex -28 0.2 9.55
      vertex -27.9961 0.278413 11.55
      vertex -27.9961 0.278413 9.55
    endloop
  endfacet
  facet normal -0.998765 0.0496752 0
    outer loop
      vertex -27.9961 0.278413 11.55
      vertex -28 0.2 9.55
      vertex -28 0.2 11.55
    endloop
  endfacet
  facet normal 0.998765 -0.0496771 0
    outer loop
      vertex 27.9961 -5.77841 11.55
      vertex 28 -5.7 10.0571
      vertex 28 -5.7 11.55
    endloop
  endfacet
  facet normal 0.998765 -0.0496771 0
    outer loop
      vertex 28 -5.7 10.0571
      vertex 27.9961 -5.77841 11.55
      vertex 27.9961 -5.77841 9.97869
    endloop
  endfacet
  facet normal -0.427342 -0.90409 0
    outer loop
      vertex -27.5771 -6.40554 9.55
      vertex -27.5061 -6.4391 11.55
      vertex -27.5771 -6.40554 11.55
    endloop
  endfacet
  facet normal -0.427342 -0.90409 -0
    outer loop
      vertex -27.5061 -6.4391 11.55
      vertex -27.5771 -6.40554 9.55
      vertex -27.5061 -6.4391 9.55
    endloop
  endfacet
  facet normal -0.671374 0.741118 0
    outer loop
      vertex -27.7075 0.818408 9.55
      vertex -27.7657 0.765685 11.55
      vertex -27.7075 0.818408 11.55
    endloop
  endfacet
  facet normal -0.671374 0.741118 0
    outer loop
      vertex -27.7657 0.765685 11.55
      vertex -27.7075 0.818408 9.55
      vertex -27.7657 0.765685 9.55
    endloop
  endfacet
  facet normal -0.989212 0.146488 0
    outer loop
      vertex -27.9961 0.278413 9.55
      vertex -27.9846 0.356071 11.55
      vertex -27.9846 0.356071 9.55
    endloop
  endfacet
  facet normal -0.989212 0.146488 0
    outer loop
      vertex -27.9846 0.356071 11.55
      vertex -27.9961 0.278413 9.55
      vertex -27.9961 0.278413 11.55
    endloop
  endfacet
  facet normal -0.858074 0.513527 0
    outer loop
      vertex -27.9055 0.577117 9.55
      vertex -27.8652 0.644456 11.55
      vertex -27.8652 0.644456 9.55
    endloop
  endfacet
  facet normal -0.858074 0.513527 0
    outer loop
      vertex -27.8652 0.644456 11.55
      vertex -27.9055 0.577117 9.55
      vertex -27.9055 0.577117 11.55
    endloop
  endfacet
  facet normal 0.336982 -0.941511 0
    outer loop
      vertex 27.4322 -6.46555 9.55
      vertex 27.5061 -6.4391 11.55
      vertex 27.4322 -6.46555 11.55
    endloop
  endfacet
  facet normal 0.336982 -0.941511 0
    outer loop
      vertex 27.5061 -6.4391 11.55
      vertex 27.4322 -6.46555 9.55
      vertex 27.5061 -6.4391 9.55
    endloop
  endfacet
  facet normal 0.671353 -0.741137 0
    outer loop
      vertex 27.7075 -6.31841 9.55
      vertex 27.7657 -6.26569 11.55
      vertex 27.7075 -6.31841 11.55
    endloop
  endfacet
  facet normal 0.671353 -0.741137 0
    outer loop
      vertex 27.7657 -6.26569 11.55
      vertex 27.7075 -6.31841 9.55
      vertex 27.7657 -6.26569 9.55
    endloop
  endfacet
  facet normal -0.513766 0.857931 0
    outer loop
      vertex -27.5771 0.905537 9.55
      vertex -27.6445 0.865175 11.55
      vertex -27.5771 0.905537 11.55
    endloop
  endfacet
  facet normal -0.513766 0.857931 0
    outer loop
      vertex -27.6445 0.865175 11.55
      vertex -27.5771 0.905537 9.55
      vertex -27.6445 0.865175 9.55
    endloop
  endfacet
  facet normal -0.858077 -0.513521 -0
    outer loop
      vertex -27.8652 -6.14446 11.55
      vertex -27.9055 -6.07712 9.67999
      vertex -27.8652 -6.14446 9.61265
    endloop
  endfacet
  facet normal -0.858077 -0.513521 0
    outer loop
      vertex -27.9055 -6.07712 9.67999
      vertex -27.8652 -6.14446 11.55
      vertex -27.9055 -6.07712 11.55
    endloop
  endfacet
  facet normal 0.903826 0.427901 0
    outer loop
      vertex 27.9391 0.506146 11.55
      vertex 27.9055 0.577117 9.55
      vertex 27.9055 0.577117 11.55
    endloop
  endfacet
  facet normal 0.903826 0.427901 0
    outer loop
      vertex 27.9055 0.577117 9.55
      vertex 27.9391 0.506146 11.55
      vertex 27.9391 0.506146 9.55
    endloop
  endfacet
  facet normal 0.989213 -0.146484 0
    outer loop
      vertex 27.9846 -5.85607 11.55
      vertex 27.9961 -5.77841 9.97869
      vertex 27.9961 -5.77841 11.55
    endloop
  endfacet
  facet normal 0.989213 -0.146484 0
    outer loop
      vertex 27.9961 -5.77841 9.97869
      vertex 27.9846 -5.85607 11.55
      vertex 27.9846 -5.85607 9.90103
    endloop
  endfacet
  facet normal 0.0490862 0.998795 -0
    outer loop
      vertex 27.2784 0.996147 9.55
      vertex 27.2 1 11.55
      vertex 27.2784 0.996147 11.55
    endloop
  endfacet
  facet normal 0.0490862 0.998795 0
    outer loop
      vertex 27.2 1 11.55
      vertex 27.2784 0.996147 9.55
      vertex 27.2 1 9.55
    endloop
  endfacet
  facet normal 0.243195 -0.969977 0
    outer loop
      vertex 27.3561 -6.48463 9.55
      vertex 27.4322 -6.46555 11.55
      vertex 27.3561 -6.48463 11.55
    endloop
  endfacet
  facet normal 0.243195 -0.969977 0
    outer loop
      vertex 27.4322 -6.46555 11.55
      vertex 27.3561 -6.48463 9.55
      vertex 27.4322 -6.46555 9.55
    endloop
  endfacet
  facet normal 0.941336 0.33747 0
    outer loop
      vertex 27.9656 0.432227 11.55
      vertex 27.9391 0.506146 9.55
      vertex 27.9391 0.506146 11.55
    endloop
  endfacet
  facet normal 0.941336 0.33747 0
    outer loop
      vertex 27.9391 0.506146 9.55
      vertex 27.9656 0.432227 11.55
      vertex 27.9656 0.432227 9.55
    endloop
  endfacet
  facet normal -0.146659 -0.989187 0
    outer loop
      vertex -27.3561 -6.48463 9.55
      vertex -27.2784 -6.49615 11.55
      vertex -27.3561 -6.48463 11.55
    endloop
  endfacet
  facet normal -0.146659 -0.989187 -0
    outer loop
      vertex -27.2784 -6.49615 11.55
      vertex -27.3561 -6.48463 9.55
      vertex -27.2784 -6.49615 9.55
    endloop
  endfacet
  facet normal 0.741098 0.671397 0
    outer loop
      vertex 27.8184 0.707514 11.55
      vertex 27.7657 0.765685 9.55
      vertex 27.7657 0.765685 11.55
    endloop
  endfacet
  facet normal 0.741098 0.671397 0
    outer loop
      vertex 27.7657 0.765685 9.55
      vertex 27.8184 0.707514 11.55
      vertex 27.8184 0.707514 9.55
    endloop
  endfacet
  facet normal -0.513747 -0.857942 0
    outer loop
      vertex -27.6445 -6.36518 9.55
      vertex -27.5771 -6.40554 11.55
      vertex -27.6445 -6.36518 11.55
    endloop
  endfacet
  facet normal -0.513747 -0.857942 -0
    outer loop
      vertex -27.5771 -6.40554 11.55
      vertex -27.6445 -6.36518 9.55
      vertex -27.5771 -6.40554 9.55
    endloop
  endfacet
  facet normal -0.903826 0.427901 0
    outer loop
      vertex -27.9391 0.506146 9.55
      vertex -27.9055 0.577117 11.55
      vertex -27.9055 0.577117 9.55
    endloop
  endfacet
  facet normal -0.903826 0.427901 0
    outer loop
      vertex -27.9055 0.577117 11.55
      vertex -27.9391 0.506146 9.55
      vertex -27.9391 0.506146 11.55
    endloop
  endfacet
  facet normal 0.803006 0.59597 0
    outer loop
      vertex 27.8652 0.644456 11.55
      vertex 27.8184 0.707514 9.55
      vertex 27.8184 0.707514 11.55
    endloop
  endfacet
  facet normal 0.803006 0.59597 0
    outer loop
      vertex 27.8184 0.707514 9.55
      vertex 27.8652 0.644456 11.55
      vertex 27.8652 0.644456 9.55
    endloop
  endfacet
  facet normal 0.941338 -0.337466 0
    outer loop
      vertex 27.9391 -6.00615 11.55
      vertex 27.9656 -5.93223 9.82488
      vertex 27.9656 -5.93223 11.55
    endloop
  endfacet
  facet normal 0.941338 -0.337466 0
    outer loop
      vertex 27.9656 -5.93223 9.82488
      vertex 27.9391 -6.00615 11.55
      vertex 27.9391 -6.00615 9.75096
    endloop
  endfacet
  facet normal -0.970262 -0.242056 -0
    outer loop
      vertex -27.9656 -5.93223 11.55
      vertex -27.9846 -5.85607 9.90103
      vertex -27.9656 -5.93223 9.82488
    endloop
  endfacet
  facet normal -0.970262 -0.242056 0
    outer loop
      vertex -27.9846 -5.85607 9.90103
      vertex -27.9656 -5.93223 11.55
      vertex -27.9846 -5.85607 11.55
    endloop
  endfacet
  facet normal 0.427404 0.904061 -0
    outer loop
      vertex 27.5771 0.905537 9.55
      vertex 27.5061 0.939103 11.55
      vertex 27.5771 0.905537 11.55
    endloop
  endfacet
  facet normal 0.427404 0.904061 0
    outer loop
      vertex 27.5061 0.939103 11.55
      vertex 27.5771 0.905537 9.55
      vertex 27.5061 0.939103 9.55
    endloop
  endfacet
  facet normal 0.741149 -0.67134 0
    outer loop
      vertex 27.7657 -6.26569 11.55
      vertex 27.8184 -6.20751 9.55
      vertex 27.8184 -6.20751 11.55
    endloop
  endfacet
  facet normal 0.741149 -0.67134 0
    outer loop
      vertex 27.8184 -6.20751 9.55
      vertex 27.7657 -6.26569 11.55
      vertex 27.7657 -6.26569 9.55
    endloop
  endfacet
  facet normal 0.858074 0.513527 0
    outer loop
      vertex 27.9055 0.577117 11.55
      vertex 27.8652 0.644456 9.55
      vertex 27.8652 0.644456 11.55
    endloop
  endfacet
  facet normal 0.858074 0.513527 0
    outer loop
      vertex 27.8652 0.644456 9.55
      vertex 27.9055 0.577117 11.55
      vertex 27.9055 0.577117 9.55
    endloop
  endfacet
  facet normal 0.146647 0.989189 -0
    outer loop
      vertex 27.3561 0.984628 9.55
      vertex 27.2784 0.996147 11.55
      vertex 27.3561 0.984628 11.55
    endloop
  endfacet
  facet normal 0.146647 0.989189 0
    outer loop
      vertex 27.2784 0.996147 11.55
      vertex 27.3561 0.984628 9.55
      vertex 27.2784 0.996147 9.55
    endloop
  endfacet
  facet normal 0.427342 -0.90409 0
    outer loop
      vertex 27.5061 -6.4391 9.55
      vertex 27.5771 -6.40554 11.55
      vertex 27.5061 -6.4391 11.55
    endloop
  endfacet
  facet normal 0.427342 -0.90409 0
    outer loop
      vertex 27.5771 -6.40554 11.55
      vertex 27.5061 -6.4391 9.55
      vertex 27.5771 -6.40554 9.55
    endloop
  endfacet
  facet normal -0.427404 0.904061 0
    outer loop
      vertex -27.5061 0.939103 9.55
      vertex -27.5771 0.905537 11.55
      vertex -27.5061 0.939103 11.55
    endloop
  endfacet
  facet normal -0.427404 0.904061 0
    outer loop
      vertex -27.5771 0.905537 11.55
      vertex -27.5061 0.939103 9.55
      vertex -27.5771 0.905537 9.55
    endloop
  endfacet
  facet normal 0.998765 0.0496752 0
    outer loop
      vertex 28 0.2 11.55
      vertex 27.9961 0.278413 9.55
      vertex 27.9961 0.278413 11.55
    endloop
  endfacet
  facet normal 0.998765 0.0496752 0
    outer loop
      vertex 27.9961 0.278413 9.55
      vertex 28 0.2 11.55
      vertex 28 0.2 9.55
    endloop
  endfacet
  facet normal 0.146659 -0.989187 0
    outer loop
      vertex 27.2784 -6.49615 9.55
      vertex 27.3561 -6.48463 11.55
      vertex 27.2784 -6.49615 11.55
    endloop
  endfacet
  facet normal 0.146659 -0.989187 0
    outer loop
      vertex 27.3561 -6.48463 11.55
      vertex 27.2784 -6.49615 9.55
      vertex 27.3561 -6.48463 9.55
    endloop
  endfacet
  facet normal 0.336959 0.941519 -0
    outer loop
      vertex 27.5061 0.939103 9.55
      vertex 27.4322 0.965551 11.55
      vertex 27.5061 0.939103 11.55
    endloop
  endfacet
  facet normal 0.336959 0.941519 0
    outer loop
      vertex 27.4322 0.965551 11.55
      vertex 27.5061 0.939103 9.55
      vertex 27.4322 0.965551 9.55
    endloop
  endfacet
  facet normal -0.336982 -0.941511 0
    outer loop
      vertex -27.5061 -6.4391 9.55
      vertex -27.4322 -6.46555 11.55
      vertex -27.5061 -6.4391 11.55
    endloop
  endfacet
  facet normal -0.336982 -0.941511 -0
    outer loop
      vertex -27.4322 -6.46555 11.55
      vertex -27.5061 -6.4391 9.55
      vertex -27.4322 -6.46555 9.55
    endloop
  endfacet
  facet normal -0.998765 -0.0496771 -0
    outer loop
      vertex -27.9961 -5.77841 11.55
      vertex -28 -5.7 10.0571
      vertex -27.9961 -5.77841 9.97869
    endloop
  endfacet
  facet normal -0.998765 -0.0496771 0
    outer loop
      vertex -28 -5.7 10.0571
      vertex -27.9961 -5.77841 11.55
      vertex -28 -5.7 11.55
    endloop
  endfacet
  facet normal 0.989212 0.146488 0
    outer loop
      vertex 27.9961 0.278413 11.55
      vertex 27.9846 0.356071 9.55
      vertex 27.9846 0.356071 11.55
    endloop
  endfacet
  facet normal 0.989212 0.146488 0
    outer loop
      vertex 27.9846 0.356071 9.55
      vertex 27.9961 0.278413 11.55
      vertex 27.9961 0.278413 9.55
    endloop
  endfacet
  facet normal -0.596078 -0.802927 0
    outer loop
      vertex -27.7075 -6.31841 9.55
      vertex -27.6445 -6.36518 11.55
      vertex -27.7075 -6.31841 11.55
    endloop
  endfacet
  facet normal -0.596078 -0.802927 -0
    outer loop
      vertex -27.6445 -6.36518 11.55
      vertex -27.7075 -6.31841 9.55
      vertex -27.6445 -6.36518 9.55
    endloop
  endfacet
  facet normal -0.049048 -0.998796 0
    outer loop
      vertex -27.2784 -6.49615 9.55
      vertex -27.2 -6.5 11.55
      vertex -27.2784 -6.49615 11.55
    endloop
  endfacet
  facet normal -0.049048 -0.998796 -0
    outer loop
      vertex -27.2 -6.5 11.55
      vertex -27.2784 -6.49615 9.55
      vertex -27.2 -6.5 9.55
    endloop
  endfacet
  facet normal 0.513747 -0.857942 0
    outer loop
      vertex 27.5771 -6.40554 9.55
      vertex 27.6445 -6.36518 11.55
      vertex 27.5771 -6.40554 11.55
    endloop
  endfacet
  facet normal 0.513747 -0.857942 0
    outer loop
      vertex 27.6445 -6.36518 11.55
      vertex 27.5771 -6.40554 9.55
      vertex 27.6445 -6.36518 9.55
    endloop
  endfacet
  facet normal 0.596053 0.802945 -0
    outer loop
      vertex 27.7075 0.818408 9.55
      vertex 27.6445 0.865175 11.55
      vertex 27.7075 0.818408 11.55
    endloop
  endfacet
  facet normal 0.596053 0.802945 0
    outer loop
      vertex 27.6445 0.865175 11.55
      vertex 27.7075 0.818408 9.55
      vertex 27.6445 0.865175 9.55
    endloop
  endfacet
  facet normal 0.858077 -0.513521 0
    outer loop
      vertex 27.8652 -6.14446 11.55
      vertex 27.9055 -6.07712 9.67999
      vertex 27.9055 -6.07712 11.55
    endloop
  endfacet
  facet normal 0.858077 -0.513521 0
    outer loop
      vertex 27.9055 -6.07712 9.67999
      vertex 27.8652 -6.14446 11.55
      vertex 27.8652 -6.14446 9.61265
    endloop
  endfacet
  facet normal 0.671374 0.741118 -0
    outer loop
      vertex 27.7657 0.765685 9.55
      vertex 27.7075 0.818408 11.55
      vertex 27.7657 0.765685 11.55
    endloop
  endfacet
  facet normal 0.671374 0.741118 0
    outer loop
      vertex 27.7075 0.818408 11.55
      vertex 27.7657 0.765685 9.55
      vertex 27.7075 0.818408 9.55
    endloop
  endfacet
  facet normal -0.671353 -0.741137 0
    outer loop
      vertex -27.7657 -6.26569 9.55
      vertex -27.7075 -6.31841 11.55
      vertex -27.7657 -6.26569 11.55
    endloop
  endfacet
  facet normal -0.671353 -0.741137 -0
    outer loop
      vertex -27.7075 -6.31841 11.55
      vertex -27.7657 -6.26569 9.55
      vertex -27.7075 -6.31841 9.55
    endloop
  endfacet
  facet normal 0.427404 0.904061 0
    outer loop
      vertex 27.5061 0.739103 2
      vertex 27.5771 0.705537 4.28018
      vertex 27.5771 0.705537 2
    endloop
  endfacet
  facet normal 0.427404 0.904061 0
    outer loop
      vertex 27.5771 0.705537 4.28018
      vertex 27.5061 0.739103 2
      vertex 27.5061 0.739103 4.28183
    endloop
  endfacet
  facet normal 0.427404 0.904061 -0
    outer loop
      vertex 27.5771 0.705537 7.26981
      vertex 27.5061 0.739103 9.55
      vertex 27.5771 0.705537 9.55
    endloop
  endfacet
  facet normal 0.427404 0.904061 0
    outer loop
      vertex 27.5061 0.739103 9.55
      vertex 27.5771 0.705537 7.26981
      vertex 27.5061 0.739103 7.26817
    endloop
  endfacet
  facet normal 0 1 -0
    outer loop
      vertex 27.2 0.799999 2
      vertex 25 0.799999 4.29008
      vertex 27.2 0.799999 4.29008
    endloop
  endfacet
  facet normal 0 1 0
    outer loop
      vertex 27.2 0.799999 2
      vertex 16.5541 0.799999 3
      vertex 19.4459 0.799999 3
    endloop
  endfacet
  facet normal 0 1 0
    outer loop
      vertex 16.5541 0.799999 3
      vertex 27.2 0.799999 2
      vertex 1.44591 0.799999 3
    endloop
  endfacet
  facet normal 0 1 0
    outer loop
      vertex 1.44591 0.799999 3
      vertex 27.2 0.799999 2
      vertex -1.44591 0.799999 3
    endloop
  endfacet
  facet normal 0 1 0
    outer loop
      vertex -27.2 0.799999 2
      vertex -1.44591 0.799999 3
      vertex 27.2 0.799999 2
    endloop
  endfacet
  facet normal 0 1 0
    outer loop
      vertex -1.44591 0.799999 3
      vertex -27.2 0.799999 2
      vertex -16.5541 0.799999 3
    endloop
  endfacet
  facet normal 0 1 0
    outer loop
      vertex 25 0.799999 4.29008
      vertex 27.2 0.799999 2
      vertex 19.4459 0.799999 3
    endloop
  endfacet
  facet normal 0 1 0
    outer loop
      vertex -19.4459 0.799999 8.55
      vertex -25 0.799999 4.29008
      vertex -25 0.799999 7.25992
    endloop
  endfacet
  facet normal 0 1 -0
    outer loop
      vertex -19.4459 0.799999 3
      vertex -25 0.799999 4.29008
      vertex -19.4459 0.799999 8.55
    endloop
  endfacet
  facet normal 0 1 0
    outer loop
      vertex -27.2 0.799999 2
      vertex -25 0.799999 4.29008
      vertex -19.4459 0.799999 3
    endloop
  endfacet
  facet normal 0 1 0
    outer loop
      vertex -25 0.799999 4.29008
      vertex -27.2 0.799999 2
      vertex -27.2 0.799999 4.29008
    endloop
  endfacet
  facet normal 0 1 0
    outer loop
      vertex -16.5541 0.799999 3
      vertex -27.2 0.799999 2
      vertex -19.4459 0.799999 3
    endloop
  endfacet
  facet normal 0 1 -0
    outer loop
      vertex -1.44591 0.799999 3
      vertex -16.5541 0.799999 8.55
      vertex -1.44591 0.799999 8.55
    endloop
  endfacet
  facet normal 0 1 0
    outer loop
      vertex -16.5541 0.799999 8.55
      vertex -1.44591 0.799999 3
      vertex -16.5541 0.799999 3
    endloop
  endfacet
  facet normal 0 1 -0
    outer loop
      vertex 16.5541 0.799999 3
      vertex 1.44591 0.799999 8.55
      vertex 16.5541 0.799999 8.55
    endloop
  endfacet
  facet normal 0 1 0
    outer loop
      vertex 1.44591 0.799999 8.55
      vertex 16.5541 0.799999 3
      vertex 1.44591 0.799999 3
    endloop
  endfacet
  facet normal 0 1 0
    outer loop
      vertex 16.5541 0.799999 8.55
      vertex 27.2 0.799999 9.55
      vertex 19.4459 0.799999 8.55
    endloop
  endfacet
  facet normal 0 1 0
    outer loop
      vertex 25 0.799999 7.25992
      vertex 27.2 0.799999 9.55
      vertex 27.2 0.799999 7.25992
    endloop
  endfacet
  facet normal 0 1 0
    outer loop
      vertex 27.2 0.799999 9.55
      vertex 25 0.799999 7.25992
      vertex 19.4459 0.799999 8.55
    endloop
  endfacet
  facet normal 0 1 -0
    outer loop
      vertex 25 0.799999 4.29008
      vertex 19.4459 0.799999 8.55
      vertex 25 0.799999 7.25992
    endloop
  endfacet
  facet normal 0 1 0
    outer loop
      vertex 19.4459 0.799999 8.55
      vertex 25 0.799999 4.29008
      vertex 19.4459 0.799999 3
    endloop
  endfacet
  facet normal 0 1 0
    outer loop
      vertex 1.44591 0.799999 8.55
      vertex 27.2 0.799999 9.55
      vertex 16.5541 0.799999 8.55
    endloop
  endfacet
  facet normal 0 1 0
    outer loop
      vertex 27.2 0.799999 9.55
      vertex 1.44591 0.799999 8.55
      vertex -27.2 0.799999 9.55
    endloop
  endfacet
  facet normal 0 1 -0
    outer loop
      vertex -1.44591 0.799999 8.55
      vertex -27.2 0.799999 9.55
      vertex 1.44591 0.799999 8.55
    endloop
  endfacet
  facet normal 0 1 -0
    outer loop
      vertex -16.5541 0.799999 8.55
      vertex -27.2 0.799999 9.55
      vertex -1.44591 0.799999 8.55
    endloop
  endfacet
  facet normal 0 1 -0
    outer loop
      vertex -19.4459 0.799999 8.55
      vertex -27.2 0.799999 9.55
      vertex -16.5541 0.799999 8.55
    endloop
  endfacet
  facet normal 0 1 -0
    outer loop
      vertex -25 0.799999 7.25992
      vertex -27.2 0.799999 9.55
      vertex -19.4459 0.799999 8.55
    endloop
  endfacet
  facet normal 0 1 0
    outer loop
      vertex -27.2 0.799999 9.55
      vertex -25 0.799999 7.25992
      vertex -27.2 0.799999 7.25992
    endloop
  endfacet
  facet normal 0.0490735 0.998795 -0
    outer loop
      vertex 27.2784 0.796147 2
      vertex 27.2 0.799999 4.29008
      vertex 27.2784 0.796147 4.28951
    endloop
  endfacet
  facet normal 0.0490735 0.998795 0
    outer loop
      vertex 27.2 0.799999 4.29008
      vertex 27.2784 0.796147 2
      vertex 27.2 0.799999 2
    endloop
  endfacet
  facet normal 0.0490735 0.998795 -0
    outer loop
      vertex 27.2784 0.796147 7.26049
      vertex 27.2 0.799999 9.55
      vertex 27.2784 0.796147 9.55
    endloop
  endfacet
  facet normal 0.0490735 0.998795 0
    outer loop
      vertex 27.2 0.799999 9.55
      vertex 27.2784 0.796147 7.26049
      vertex 27.2 0.799999 7.25992
    endloop
  endfacet
  facet normal 0.989213 0.146486 -0
    outer loop
      vertex 27.9961 0.078413 2
      vertex 27.9846 0.156072 4.34263
      vertex 27.9961 0.078413 4.37042
    endloop
  endfacet
  facet normal 0.989213 0.146486 0
    outer loop
      vertex 27.9846 0.156072 4.34263
      vertex 27.9961 0.078413 2
      vertex 27.9846 0.156072 2
    endloop
  endfacet
  facet normal 0.989213 0.146486 0
    outer loop
      vertex 27.9961 0.078413 9.55
      vertex 27.9846 0.156072 7.20737
      vertex 27.9846 0.156072 9.55
    endloop
  endfacet
  facet normal 0.989213 0.146486 0
    outer loop
      vertex 27.9846 0.156072 7.20737
      vertex 27.9961 0.078413 9.55
      vertex 27.9961 0.078413 7.17958
    endloop
  endfacet
  facet normal 0.802848 0.596184 -9.18201e-06
    outer loop
      vertex 27.8652 0.444456 2
      vertex 27.8184 0.507514 4.27954
      vertex 27.8589 0.452975 4.28222
    endloop
  endfacet
  facet normal 0.804025 0.594595 -0
    outer loop
      vertex 27.8652 0.444456 2
      vertex 27.8589 0.452975 4.28222
      vertex 27.8652 0.444456 4.28349
    endloop
  endfacet
  facet normal 0.803006 0.59597 0
    outer loop
      vertex 27.8184 0.507514 4.27954
      vertex 27.8652 0.444456 2
      vertex 27.8184 0.507514 2
    endloop
  endfacet
  facet normal 0.803006 0.59597 0
    outer loop
      vertex 27.8652 0.444456 9.55
      vertex 27.8184 0.507514 7.27046
      vertex 27.8184 0.507514 9.55
    endloop
  endfacet
  facet normal 0.802848 0.596184 9.18201e-06
    outer loop
      vertex 27.8184 0.507514 7.27046
      vertex 27.8652 0.444456 9.55
      vertex 27.8589 0.452975 7.26778
    endloop
  endfacet
  facet normal 0.804025 0.594595 0
    outer loop
      vertex 27.8589 0.452975 7.26778
      vertex 27.8652 0.444456 9.55
      vertex 27.8652 0.444456 7.26651
    endloop
  endfacet
  facet normal 0 -1 0
    outer loop
      vertex -27.2 -0.799999 2
      vertex -25 -0.799999 5.24061
      vertex -27.2 -0.799999 5.24061
    endloop
  endfacet
  facet normal 0 -1 -0
    outer loop
      vertex -25 -0.799999 5.24061
      vertex -27.2 -0.799999 2
      vertex 25 -0.799999 5.24061
    endloop
  endfacet
  facet normal 0 -1 0
    outer loop
      vertex 27.2 -0.799999 2
      vertex 25 -0.799999 5.24061
      vertex -27.2 -0.799999 2
    endloop
  endfacet
  facet normal 0 -1 0
    outer loop
      vertex 25 -0.799999 5.24061
      vertex 27.2 -0.799999 2
      vertex 27.2 -0.799999 5.24061
    endloop
  endfacet
  facet normal 0 -1 0
    outer loop
      vertex -25 -0.799999 5.24061
      vertex 25 -0.799999 6.30939
      vertex -25 -0.799999 6.30939
    endloop
  endfacet
  facet normal 0 -1 -0
    outer loop
      vertex 25 -0.799999 6.30939
      vertex -25 -0.799999 5.24061
      vertex 25 -0.799999 5.24061
    endloop
  endfacet
  facet normal 0 -1 0
    outer loop
      vertex -25 -0.799999 6.30939
      vertex -27.2 -0.799999 9.55
      vertex -27.2 -0.799999 6.30939
    endloop
  endfacet
  facet normal 0 -1 0
    outer loop
      vertex -27.2 -0.799999 9.55
      vertex -25 -0.799999 6.30939
      vertex 27.2 -0.799999 9.55
    endloop
  endfacet
  facet normal 0 -1 0
    outer loop
      vertex 25 -0.799999 6.30939
      vertex 27.2 -0.799999 9.55
      vertex -25 -0.799999 6.30939
    endloop
  endfacet
  facet normal 0 -1 -0
    outer loop
      vertex 27.2 -0.799999 9.55
      vertex 25 -0.799999 6.30939
      vertex 27.2 -0.799999 6.30939
    endloop
  endfacet
  facet normal -0.596053 0.802945 0
    outer loop
      vertex -27.6445 0.665175 2
      vertex -27.7075 0.618408 4.2759
      vertex -27.6445 0.665175 4.2782
    endloop
  endfacet
  facet normal -0.596053 0.802945 0
    outer loop
      vertex -27.7075 0.618408 4.2759
      vertex -27.6445 0.665175 2
      vertex -27.7075 0.618408 2
    endloop
  endfacet
  facet normal -0.596053 0.802945 0
    outer loop
      vertex -27.6445 0.665175 9.55
      vertex -27.7075 0.618408 7.2741
      vertex -27.7075 0.618408 9.55
    endloop
  endfacet
  facet normal -0.596053 0.802945 0
    outer loop
      vertex -27.7075 0.618408 7.2741
      vertex -27.6445 0.665175 9.55
      vertex -27.6445 0.665175 7.2718
    endloop
  endfacet
  facet normal 0.427519 -0.904007 0
    outer loop
      vertex 27.5061 -0.739103 2
      vertex 27.5404 -0.722882 5.06791
      vertex 27.5061 -0.739103 5.1022
    endloop
  endfacet
  facet normal 0.427299 -0.90411 3.00243e-06
    outer loop
      vertex 27.5061 -0.739103 2
      vertex 27.5771 -0.705537 5.03897
      vertex 27.5404 -0.722882 5.06791
    endloop
  endfacet
  facet normal 0.427404 -0.904061 0
    outer loop
      vertex 27.5771 -0.705537 5.03897
      vertex 27.5061 -0.739103 2
      vertex 27.5771 -0.705537 2
    endloop
  endfacet
  facet normal 0.427404 -0.904061 0
    outer loop
      vertex 27.5061 -0.739103 9.55
      vertex 27.5771 -0.705537 6.51103
      vertex 27.5771 -0.705537 9.55
    endloop
  endfacet
  facet normal 0.427299 -0.90411 -3.00243e-06
    outer loop
      vertex 27.5061 -0.739103 9.55
      vertex 27.5404 -0.722882 6.48209
      vertex 27.5771 -0.705537 6.51103
    endloop
  endfacet
  facet normal 0.427519 -0.904007 0
    outer loop
      vertex 27.5404 -0.722882 6.48209
      vertex 27.5061 -0.739103 9.55
      vertex 27.5061 -0.739103 6.4478
    endloop
  endfacet
  facet normal 0.146797 -0.989167 0
    outer loop
      vertex 27.2784 -0.796147 2
      vertex 27.348 -0.785818 5.20098
      vertex 27.2784 -0.796147 5.22984
    endloop
  endfacet
  facet normal 0.145363 -0.989378 3.18721e-05
    outer loop
      vertex 27.2784 -0.796147 2
      vertex 27.3561 -0.784628 5.19846
      vertex 27.348 -0.785818 5.20098
    endloop
  endfacet
  facet normal 0.146647 -0.989189 0
    outer loop
      vertex 27.3561 -0.784628 5.19846
      vertex 27.2784 -0.796147 2
      vertex 27.3561 -0.784628 2
    endloop
  endfacet
  facet normal 0.146647 -0.989189 0
    outer loop
      vertex 27.2784 -0.796147 9.55
      vertex 27.3561 -0.784628 6.35154
      vertex 27.3561 -0.784628 9.55
    endloop
  endfacet
  facet normal 0.145363 -0.989378 -3.18721e-05
    outer loop
      vertex 27.2784 -0.796147 9.55
      vertex 27.348 -0.785818 6.34902
      vertex 27.3561 -0.784628 6.35154
    endloop
  endfacet
  facet normal 0.146797 -0.989167 0
    outer loop
      vertex 27.348 -0.785818 6.34902
      vertex 27.2784 -0.796147 9.55
      vertex 27.2784 -0.796147 6.32016
    endloop
  endfacet
  facet normal -0.596053 -0.802945 0
    outer loop
      vertex -27.6445 -0.665175 2
      vertex -27.7075 -0.618408 4.90282
      vertex -27.7075 -0.618408 2
    endloop
  endfacet
  facet normal -0.595968 -0.803008 2.87218e-06
    outer loop
      vertex -27.7075 -0.618408 4.90282
      vertex -27.6445 -0.665175 2
      vertex -27.6687 -0.647204 4.94165
    endloop
  endfacet
  facet normal -0.596193 -0.802841 0
    outer loop
      vertex -27.6687 -0.647204 4.94165
      vertex -27.6445 -0.665175 2
      vertex -27.6445 -0.665175 4.97163
    endloop
  endfacet
  facet normal -0.596053 -0.802945 0
    outer loop
      vertex -27.7075 -0.618408 6.64718
      vertex -27.6445 -0.665175 9.55
      vertex -27.7075 -0.618408 9.55
    endloop
  endfacet
  facet normal -0.595968 -0.803008 -2.8722e-06
    outer loop
      vertex -27.6687 -0.647204 6.60836
      vertex -27.6445 -0.665175 9.55
      vertex -27.7075 -0.618408 6.64718
    endloop
  endfacet
  facet normal -0.596193 -0.802841 -0
    outer loop
      vertex -27.6445 -0.665175 9.55
      vertex -27.6687 -0.647204 6.60836
      vertex -27.6445 -0.665175 6.57837
    endloop
  endfacet
  facet normal -0.146647 -0.989189 0
    outer loop
      vertex -27.2784 -0.796147 2
      vertex -27.3561 -0.784628 5.19846
      vertex -27.3561 -0.784628 2
    endloop
  endfacet
  facet normal -0.145363 -0.989378 3.18721e-05
    outer loop
      vertex -27.3561 -0.784628 5.19846
      vertex -27.2784 -0.796147 2
      vertex -27.348 -0.785818 5.20098
    endloop
  endfacet
  facet normal -0.146797 -0.989167 0
    outer loop
      vertex -27.348 -0.785818 5.20098
      vertex -27.2784 -0.796147 2
      vertex -27.2784 -0.796147 5.22984
    endloop
  endfacet
  facet normal -0.146647 -0.989189 0
    outer loop
      vertex -27.3561 -0.784628 6.35154
      vertex -27.2784 -0.796147 9.55
      vertex -27.3561 -0.784628 9.55
    endloop
  endfacet
  facet normal -0.145363 -0.989378 -3.18721e-05
    outer loop
      vertex -27.348 -0.785818 6.34902
      vertex -27.2784 -0.796147 9.55
      vertex -27.3561 -0.784628 6.35154
    endloop
  endfacet
  facet normal -0.146797 -0.989167 -0
    outer loop
      vertex -27.2784 -0.796147 9.55
      vertex -27.348 -0.785818 6.34902
      vertex -27.2784 -0.796147 6.32016
    endloop
  endfacet
  facet normal 0.596053 0.802945 0
    outer loop
      vertex 27.6445 0.665175 2
      vertex 27.7075 0.618408 4.2759
      vertex 27.7075 0.618408 2
    endloop
  endfacet
  facet normal 0.596053 0.802945 0
    outer loop
      vertex 27.7075 0.618408 4.2759
      vertex 27.6445 0.665175 2
      vertex 27.6445 0.665175 4.2782
    endloop
  endfacet
  facet normal 0.596053 0.802945 -0
    outer loop
      vertex 27.7075 0.618408 7.2741
      vertex 27.6445 0.665175 9.55
      vertex 27.7075 0.618408 9.55
    endloop
  endfacet
  facet normal 0.596053 0.802945 0
    outer loop
      vertex 27.6445 0.665175 9.55
      vertex 27.7075 0.618408 7.2741
      vertex 27.6445 0.665175 7.2718
    endloop
  endfacet
  facet normal -0.858074 -0.513527 0
    outer loop
      vertex -27.8652 -0.444456 2
      vertex -27.9055 -0.377117 4.63862
      vertex -27.9055 -0.377117 2
    endloop
  endfacet
  facet normal -0.858074 -0.513527 0
    outer loop
      vertex -27.9055 -0.377117 4.63862
      vertex -27.8652 -0.444456 2
      vertex -27.8652 -0.444456 4.69965
    endloop
  endfacet
  facet normal -0.858074 -0.513527 -0
    outer loop
      vertex -27.8652 -0.444456 9.55
      vertex -27.9055 -0.377117 6.91138
      vertex -27.8652 -0.444456 6.85035
    endloop
  endfacet
  facet normal -0.858074 -0.513527 0
    outer loop
      vertex -27.9055 -0.377117 6.91138
      vertex -27.8652 -0.444456 9.55
      vertex -27.9055 -0.377117 9.55
    endloop
  endfacet
  facet normal 0.90394 0.42766 9.32127e-06
    outer loop
      vertex 27.9391 0.306147 2
      vertex 27.9055 0.377117 4.29348
      vertex 27.9385 0.307365 4.30382
    endloop
  endfacet
  facet normal 0.897063 0.441903 -0
    outer loop
      vertex 27.9391 0.306147 2
      vertex 27.9385 0.307365 4.30382
      vertex 27.9391 0.306147 4.30413
    endloop
  endfacet
  facet normal 0.903823 0.427906 0
    outer loop
      vertex 27.9055 0.377117 4.29348
      vertex 27.9391 0.306147 2
      vertex 27.9055 0.377117 2
    endloop
  endfacet
  facet normal 0.903823 0.427906 0
    outer loop
      vertex 27.9391 0.306147 9.55
      vertex 27.9055 0.377117 7.25652
      vertex 27.9055 0.377117 9.55
    endloop
  endfacet
  facet normal 0.90394 0.42766 -9.32127e-06
    outer loop
      vertex 27.9055 0.377117 7.25652
      vertex 27.9391 0.306147 9.55
      vertex 27.9385 0.307365 7.24618
    endloop
  endfacet
  facet normal 0.897063 0.441903 0
    outer loop
      vertex 27.9385 0.307365 7.24618
      vertex 27.9391 0.306147 9.55
      vertex 27.9391 0.306147 7.24587
    endloop
  endfacet
  facet normal 0.941338 0.337466 -0
    outer loop
      vertex 27.9656 0.232227 2
      vertex 27.9391 0.306147 4.30413
      vertex 27.9656 0.232227 4.32264
    endloop
  endfacet
  facet normal 0.941338 0.337466 0
    outer loop
      vertex 27.9391 0.306147 4.30413
      vertex 27.9656 0.232227 2
      vertex 27.9391 0.306147 2
    endloop
  endfacet
  facet normal 0.941338 0.337466 0
    outer loop
      vertex 27.9656 0.232227 9.55
      vertex 27.9391 0.306147 7.24587
      vertex 27.9391 0.306147 9.55
    endloop
  endfacet
  facet normal 0.941338 0.337466 0
    outer loop
      vertex 27.9391 0.306147 7.24587
      vertex 27.9656 0.232227 9.55
      vertex 27.9656 0.232227 7.22736
    endloop
  endfacet
  facet normal 0.243147 0.969989 0
    outer loop
      vertex 27.3561 0.784628 2
      vertex 27.4322 0.765552 4.28497
      vertex 27.4322 0.765552 2
    endloop
  endfacet
  facet normal 0.243147 0.969989 0
    outer loop
      vertex 27.4322 0.765552 4.28497
      vertex 27.3561 0.784628 2
      vertex 27.3561 0.784628 4.2878
    endloop
  endfacet
  facet normal 0.243147 0.969989 -0
    outer loop
      vertex 27.4322 0.765552 7.26503
      vertex 27.3561 0.784628 9.55
      vertex 27.4322 0.765552 9.55
    endloop
  endfacet
  facet normal 0.243147 0.969989 0
    outer loop
      vertex 27.3561 0.784628 9.55
      vertex 27.4322 0.765552 7.26503
      vertex 27.3561 0.784628 7.2622
    endloop
  endfacet
  facet normal -0.941338 -0.337466 0
    outer loop
      vertex -27.9391 -0.306147 2
      vertex -27.9656 -0.232227 4.52712
      vertex -27.9656 -0.232227 2
    endloop
  endfacet
  facet normal -0.914707 -0.404112 0.0022287
    outer loop
      vertex -27.9656 -0.232227 4.52712
      vertex -27.9391 -0.306147 2
      vertex -27.9651 -0.233355 4.5278
    endloop
  endfacet
  facet normal -0.94173 -0.336369 0
    outer loop
      vertex -27.9651 -0.233355 4.5278
      vertex -27.9391 -0.306147 2
      vertex -27.9391 -0.306147 4.58178
    endloop
  endfacet
  facet normal -0.914707 -0.404112 -0.0022287
    outer loop
      vertex -27.9391 -0.306147 9.55
      vertex -27.9656 -0.232227 7.02288
      vertex -27.9651 -0.233355 7.0222
    endloop
  endfacet
  facet normal -0.94173 -0.336369 -0
    outer loop
      vertex -27.9391 -0.306147 9.55
      vertex -27.9651 -0.233355 7.0222
      vertex -27.9391 -0.306147 6.96822
    endloop
  endfacet
  facet normal -0.941338 -0.337466 0
    outer loop
      vertex -27.9656 -0.232227 7.02288
      vertex -27.9391 -0.306147 9.55
      vertex -27.9656 -0.232227 9.55
    endloop
  endfacet
  facet normal -0.989213 -0.146486 0
    outer loop
      vertex -27.9846 -0.156072 2
      vertex -27.9961 -0.078413 4.43855
      vertex -27.9961 -0.078413 2
    endloop
  endfacet
  facet normal -0.989444 -0.144917 -5.10611e-05
    outer loop
      vertex -27.9961 -0.078413 4.43855
      vertex -27.9846 -0.156072 2
      vertex -27.9919 -0.107094 4.45212
    endloop
  endfacet
  facet normal -0.989074 -0.147418 0
    outer loop
      vertex -27.9919 -0.107094 4.45212
      vertex -27.9846 -0.156072 2
      vertex -27.9846 -0.156072 4.48147
    endloop
  endfacet
  facet normal -0.989444 -0.144917 5.10611e-05
    outer loop
      vertex -27.9846 -0.156072 9.55
      vertex -27.9961 -0.078413 7.11145
      vertex -27.9919 -0.107094 7.09788
    endloop
  endfacet
  facet normal -0.989074 -0.147418 -0
    outer loop
      vertex -27.9846 -0.156072 9.55
      vertex -27.9919 -0.107094 7.09788
      vertex -27.9846 -0.156072 7.06853
    endloop
  endfacet
  facet normal -0.989213 -0.146486 0
    outer loop
      vertex -27.9961 -0.078413 7.11145
      vertex -27.9846 -0.156072 9.55
      vertex -27.9961 -0.078413 9.55
    endloop
  endfacet
  facet normal 0.741169 -0.671318 -3.01455e-06
    outer loop
      vertex 27.7657 -0.565685 2
      vertex 27.8184 -0.507514 4.76604
      vertex 27.7713 -0.559515 4.82341
    endloop
  endfacet
  facet normal 0.740483 -0.672075 0
    outer loop
      vertex 27.7657 -0.565685 2
      vertex 27.7713 -0.559515 4.82341
      vertex 27.7657 -0.565685 4.83173
    endloop
  endfacet
  facet normal 0.741098 -0.671397 0
    outer loop
      vertex 27.8184 -0.507514 4.76604
      vertex 27.7657 -0.565685 2
      vertex 27.8184 -0.507514 2
    endloop
  endfacet
  facet normal 0.741098 -0.671397 0
    outer loop
      vertex 27.7657 -0.565685 9.55
      vertex 27.8184 -0.507514 6.78396
      vertex 27.8184 -0.507514 9.55
    endloop
  endfacet
  facet normal 0.741169 -0.671318 3.01455e-06
    outer loop
      vertex 27.8184 -0.507514 6.78396
      vertex 27.7657 -0.565685 9.55
      vertex 27.7713 -0.559515 6.72659
    endloop
  endfacet
  facet normal 0.740483 -0.672075 0
    outer loop
      vertex 27.7713 -0.559515 6.72659
      vertex 27.7657 -0.565685 9.55
      vertex 27.7657 -0.565685 6.71827
    endloop
  endfacet
  facet normal 0.243147 -0.969989 0
    outer loop
      vertex 27.3561 -0.784628 2
      vertex 27.4322 -0.765552 5.15812
      vertex 27.3561 -0.784628 5.19846
    endloop
  endfacet
  facet normal 0.243147 -0.969989 0
    outer loop
      vertex 27.4322 -0.765552 5.15812
      vertex 27.3561 -0.784628 2
      vertex 27.4322 -0.765552 2
    endloop
  endfacet
  facet normal 0.243147 -0.969989 0
    outer loop
      vertex 27.3561 -0.784628 9.55
      vertex 27.4322 -0.765552 6.39188
      vertex 27.4322 -0.765552 9.55
    endloop
  endfacet
  facet normal 0.243147 -0.969989 0
    outer loop
      vertex 27.4322 -0.765552 6.39188
      vertex 27.3561 -0.784628 9.55
      vertex 27.3561 -0.784628 6.35154
    endloop
  endfacet
  facet normal 0.858074 0.513527 -0
    outer loop
      vertex 27.9055 0.377117 2
      vertex 27.8652 0.444456 4.28349
      vertex 27.9055 0.377117 4.29348
    endloop
  endfacet
  facet normal 0.858074 0.513527 0
    outer loop
      vertex 27.8652 0.444456 4.28349
      vertex 27.9055 0.377117 2
      vertex 27.8652 0.444456 2
    endloop
  endfacet
  facet normal 0.858074 0.513527 0
    outer loop
      vertex 27.9055 0.377117 9.55
      vertex 27.8652 0.444456 7.26651
      vertex 27.8652 0.444456 9.55
    endloop
  endfacet
  facet normal 0.858074 0.513527 0
    outer loop
      vertex 27.8652 0.444456 7.26651
      vertex 27.9055 0.377117 9.55
      vertex 27.9055 0.377117 7.25652
    endloop
  endfacet
  facet normal -0.803006 -0.59597 0
    outer loop
      vertex -27.8184 -0.507514 2
      vertex -27.8652 -0.444456 4.69965
      vertex -27.8652 -0.444456 2
    endloop
  endfacet
  facet normal -0.803597 -0.595173 -2.88634e-05
    outer loop
      vertex -27.8652 -0.444456 4.69965
      vertex -27.8184 -0.507514 2
      vertex -27.8532 -0.460659 4.71434
    endloop
  endfacet
  facet normal -0.802798 -0.596251 0
    outer loop
      vertex -27.8532 -0.460659 4.71434
      vertex -27.8184 -0.507514 2
      vertex -27.8184 -0.507514 4.76604
    endloop
  endfacet
  facet normal -0.803597 -0.595173 2.88634e-05
    outer loop
      vertex -27.8184 -0.507514 9.55
      vertex -27.8652 -0.444456 6.85035
      vertex -27.8532 -0.460659 6.83566
    endloop
  endfacet
  facet normal -0.802798 -0.596251 -0
    outer loop
      vertex -27.8184 -0.507514 9.55
      vertex -27.8532 -0.460659 6.83566
      vertex -27.8184 -0.507514 6.78396
    endloop
  endfacet
  facet normal -0.803006 -0.59597 0
    outer loop
      vertex -27.8652 -0.444456 6.85035
      vertex -27.8184 -0.507514 9.55
      vertex -27.8652 -0.444456 9.55
    endloop
  endfacet
  facet normal 0.903933 -0.427675 -7.77568e-06
    outer loop
      vertex 27.9055 -0.377117 2
      vertex 27.9391 -0.306147 4.58178
      vertex 27.9176 -0.35159 4.61548
    endloop
  endfacet
  facet normal 0.903625 -0.428325 0
    outer loop
      vertex 27.9055 -0.377117 2
      vertex 27.9176 -0.35159 4.61548
      vertex 27.9055 -0.377117 4.63862
    endloop
  endfacet
  facet normal 0.903823 -0.427906 0
    outer loop
      vertex 27.9391 -0.306147 4.58178
      vertex 27.9055 -0.377117 2
      vertex 27.9391 -0.306147 2
    endloop
  endfacet
  facet normal 0.903823 -0.427906 0
    outer loop
      vertex 27.9055 -0.377117 9.55
      vertex 27.9391 -0.306147 6.96822
      vertex 27.9391 -0.306147 9.55
    endloop
  endfacet
  facet normal 0.903933 -0.427675 7.77568e-06
    outer loop
      vertex 27.9391 -0.306147 6.96822
      vertex 27.9055 -0.377117 9.55
      vertex 27.9176 -0.35159 6.93452
    endloop
  endfacet
  facet normal 0.903625 -0.428325 0
    outer loop
      vertex 27.9176 -0.35159 6.93452
      vertex 27.9055 -0.377117 9.55
      vertex 27.9055 -0.377117 6.91138
    endloop
  endfacet
  facet normal -0.989213 0.146486 0
    outer loop
      vertex -27.9961 0.078413 2
      vertex -27.9846 0.156072 4.34263
      vertex -27.9846 0.156072 2
    endloop
  endfacet
  facet normal -0.989213 0.146486 0
    outer loop
      vertex -27.9846 0.156072 4.34263
      vertex -27.9961 0.078413 2
      vertex -27.9961 0.078413 4.37042
    endloop
  endfacet
  facet normal -0.989213 0.146486 0
    outer loop
      vertex -27.9961 0.078413 9.55
      vertex -27.9846 0.156072 7.20737
      vertex -27.9961 0.078413 7.17958
    endloop
  endfacet
  facet normal -0.989213 0.146486 0
    outer loop
      vertex -27.9846 0.156072 7.20737
      vertex -27.9961 0.078413 9.55
      vertex -27.9846 0.156072 9.55
    endloop
  endfacet
  facet normal -0.941338 0.337466 0
    outer loop
      vertex -27.9656 0.232227 2
      vertex -27.9391 0.306147 4.30413
      vertex -27.9391 0.306147 2
    endloop
  endfacet
  facet normal -0.941338 0.337466 0
    outer loop
      vertex -27.9391 0.306147 4.30413
      vertex -27.9656 0.232227 2
      vertex -27.9656 0.232227 4.32264
    endloop
  endfacet
  facet normal -0.941338 0.337466 0
    outer loop
      vertex -27.9656 0.232227 9.55
      vertex -27.9391 0.306147 7.24587
      vertex -27.9656 0.232227 7.22736
    endloop
  endfacet
  facet normal -0.941338 0.337466 0
    outer loop
      vertex -27.9391 0.306147 7.24587
      vertex -27.9656 0.232227 9.55
      vertex -27.9391 0.306147 9.55
    endloop
  endfacet
  facet normal -0.970259 -0.242071 0
    outer loop
      vertex -27.9656 -0.232227 2
      vertex -27.9846 -0.156072 4.48147
      vertex -27.9846 -0.156072 2
    endloop
  endfacet
  facet normal -0.970259 -0.242071 0
    outer loop
      vertex -27.9846 -0.156072 4.48147
      vertex -27.9656 -0.232227 2
      vertex -27.9656 -0.232227 4.52712
    endloop
  endfacet
  facet normal -0.970259 -0.242071 -0
    outer loop
      vertex -27.9656 -0.232227 9.55
      vertex -27.9846 -0.156072 7.06853
      vertex -27.9656 -0.232227 7.02288
    endloop
  endfacet
  facet normal -0.970259 -0.242071 0
    outer loop
      vertex -27.9846 -0.156072 7.06853
      vertex -27.9656 -0.232227 9.55
      vertex -27.9846 -0.156072 9.55
    endloop
  endfacet
  facet normal 0.914707 -0.404112 0.0022287
    outer loop
      vertex 27.9391 -0.306147 2
      vertex 27.9656 -0.232227 4.52712
      vertex 27.9651 -0.233355 4.5278
    endloop
  endfacet
  facet normal 0.94173 -0.336369 0
    outer loop
      vertex 27.9391 -0.306147 2
      vertex 27.9651 -0.233355 4.5278
      vertex 27.9391 -0.306147 4.58178
    endloop
  endfacet
  facet normal 0.941338 -0.337466 0
    outer loop
      vertex 27.9656 -0.232227 4.52712
      vertex 27.9391 -0.306147 2
      vertex 27.9656 -0.232227 2
    endloop
  endfacet
  facet normal 0.941338 -0.337466 0
    outer loop
      vertex 27.9391 -0.306147 9.55
      vertex 27.9656 -0.232227 7.02288
      vertex 27.9656 -0.232227 9.55
    endloop
  endfacet
  facet normal 0.914707 -0.404112 -0.0022287
    outer loop
      vertex 27.9656 -0.232227 7.02288
      vertex 27.9391 -0.306147 9.55
      vertex 27.9651 -0.233355 7.0222
    endloop
  endfacet
  facet normal 0.94173 -0.336369 0
    outer loop
      vertex 27.9651 -0.233355 7.0222
      vertex 27.9391 -0.306147 9.55
      vertex 27.9391 -0.306147 6.96822
    endloop
  endfacet
  facet normal -0.146647 0.989189 0
    outer loop
      vertex -27.2784 0.796147 2
      vertex -27.3561 0.784628 4.2878
      vertex -27.2784 0.796147 4.28951
    endloop
  endfacet
  facet normal -0.146647 0.989189 0
    outer loop
      vertex -27.3561 0.784628 4.2878
      vertex -27.2784 0.796147 2
      vertex -27.3561 0.784628 2
    endloop
  endfacet
  facet normal -0.146647 0.989189 0
    outer loop
      vertex -27.2784 0.796147 9.55
      vertex -27.3561 0.784628 7.2622
      vertex -27.3561 0.784628 9.55
    endloop
  endfacet
  facet normal -0.146647 0.989189 0
    outer loop
      vertex -27.3561 0.784628 7.2622
      vertex -27.2784 0.796147 9.55
      vertex -27.2784 0.796147 7.26049
    endloop
  endfacet
  facet normal 0.513766 -0.857931 0
    outer loop
      vertex 27.5771 -0.705537 2
      vertex 27.6445 -0.665175 4.97163
      vertex 27.5771 -0.705537 5.03897
    endloop
  endfacet
  facet normal 0.513766 -0.857931 0
    outer loop
      vertex 27.6445 -0.665175 4.97163
      vertex 27.5771 -0.705537 2
      vertex 27.6445 -0.665175 2
    endloop
  endfacet
  facet normal 0.513766 -0.857931 0
    outer loop
      vertex 27.5771 -0.705537 9.55
      vertex 27.6445 -0.665175 6.57837
      vertex 27.6445 -0.665175 9.55
    endloop
  endfacet
  facet normal 0.513766 -0.857931 0
    outer loop
      vertex 27.6445 -0.665175 6.57837
      vertex 27.5771 -0.705537 9.55
      vertex 27.5771 -0.705537 6.51103
    endloop
  endfacet
  facet normal 0.671177 0.741297 0
    outer loop
      vertex 27.7657 0.565685 4.27669
      vertex 27.7657 0.565685 2
      vertex 27.7278 0.6 4.275
    endloop
  endfacet
  facet normal 0.671374 0.741118 5.9819e-06
    outer loop
      vertex 27.7075 0.618408 2
      vertex 27.7278 0.6 4.275
      vertex 27.7657 0.565685 2
    endloop
  endfacet
  facet normal 0.671742 0.740785 0
    outer loop
      vertex 27.7278 0.6 4.275
      vertex 27.7075 0.618408 2
      vertex 27.7075 0.618408 4.2759
    endloop
  endfacet
  facet normal 0.671374 0.741118 -5.9819e-06
    outer loop
      vertex 27.7657 0.565685 9.55
      vertex 27.7278 0.6 7.275
      vertex 27.7075 0.618408 9.55
    endloop
  endfacet
  facet normal 0.671177 0.741297 0
    outer loop
      vertex 27.7278 0.6 7.275
      vertex 27.7657 0.565685 9.55
      vertex 27.7657 0.565685 7.27331
    endloop
  endfacet
  facet normal 0.671742 0.740785 0
    outer loop
      vertex 27.7075 0.618408 9.55
      vertex 27.7278 0.6 7.275
      vertex 27.7075 0.618408 7.2741
    endloop
  endfacet
  facet normal -0.0490735 0.998795 0
    outer loop
      vertex -27.2 0.799999 2
      vertex -27.2784 0.796147 4.28951
      vertex -27.2 0.799999 4.29008
    endloop
  endfacet
  facet normal -0.0490735 0.998795 0
    outer loop
      vertex -27.2784 0.796147 4.28951
      vertex -27.2 0.799999 2
      vertex -27.2784 0.796147 2
    endloop
  endfacet
  facet normal -0.0490735 0.998795 0
    outer loop
      vertex -27.2 0.799999 9.55
      vertex -27.2784 0.796147 7.26049
      vertex -27.2784 0.796147 9.55
    endloop
  endfacet
  facet normal -0.0490735 0.998795 0
    outer loop
      vertex -27.2784 0.796147 7.26049
      vertex -27.2 0.799999 9.55
      vertex -27.2 0.799999 7.25992
    endloop
  endfacet
  facet normal 0.146647 0.989189 0
    outer loop
      vertex 27.2784 0.796147 2
      vertex 27.3561 0.784628 4.2878
      vertex 27.3561 0.784628 2
    endloop
  endfacet
  facet normal 0.146647 0.989189 0
    outer loop
      vertex 27.3561 0.784628 4.2878
      vertex 27.2784 0.796147 2
      vertex 27.2784 0.796147 4.28951
    endloop
  endfacet
  facet normal 0.146647 0.989189 -0
    outer loop
      vertex 27.3561 0.784628 7.2622
      vertex 27.2784 0.796147 9.55
      vertex 27.3561 0.784628 9.55
    endloop
  endfacet
  facet normal 0.146647 0.989189 0
    outer loop
      vertex 27.2784 0.796147 9.55
      vertex 27.3561 0.784628 7.2622
      vertex 27.2784 0.796147 7.26049
    endloop
  endfacet
  facet normal -0.903823 -0.427906 0
    outer loop
      vertex -27.9055 -0.377117 2
      vertex -27.9391 -0.306147 4.58178
      vertex -27.9391 -0.306147 2
    endloop
  endfacet
  facet normal -0.903933 -0.427675 -7.77568e-06
    outer loop
      vertex -27.9391 -0.306147 4.58178
      vertex -27.9055 -0.377117 2
      vertex -27.9176 -0.35159 4.61548
    endloop
  endfacet
  facet normal -0.903625 -0.428325 0
    outer loop
      vertex -27.9176 -0.35159 4.61548
      vertex -27.9055 -0.377117 2
      vertex -27.9055 -0.377117 4.63862
    endloop
  endfacet
  facet normal -0.903933 -0.427675 7.77568e-06
    outer loop
      vertex -27.9055 -0.377117 9.55
      vertex -27.9391 -0.306147 6.96822
      vertex -27.9176 -0.35159 6.93452
    endloop
  endfacet
  facet normal -0.903625 -0.428325 -0
    outer loop
      vertex -27.9055 -0.377117 9.55
      vertex -27.9176 -0.35159 6.93452
      vertex -27.9055 -0.377117 6.91138
    endloop
  endfacet
  facet normal -0.903823 -0.427906 0
    outer loop
      vertex -27.9391 -0.306147 6.96822
      vertex -27.9055 -0.377117 9.55
      vertex -27.9391 -0.306147 9.55
    endloop
  endfacet
  facet normal 0.337437 0.941348 -0
    outer loop
      vertex 27.5061 0.739103 2
      vertex 27.484 0.747025 4.28222
      vertex 27.5061 0.739103 4.28183
    endloop
  endfacet
  facet normal 0.336971 0.941515 -5.09622e-06
    outer loop
      vertex 27.4322 0.765552 2
      vertex 27.484 0.747025 4.28222
      vertex 27.5061 0.739103 2
    endloop
  endfacet
  facet normal 0.336772 0.941586 0
    outer loop
      vertex 27.484 0.747025 4.28222
      vertex 27.4322 0.765552 2
      vertex 27.4322 0.765552 4.28497
    endloop
  endfacet
  facet normal 0.336971 0.941515 -0
    outer loop
      vertex 27.5061 0.739103 7.26817
      vertex 27.4322 0.765552 9.55
      vertex 27.5061 0.739103 9.55
    endloop
  endfacet
  facet normal 0.337437 0.941348 1.70314e-05
    outer loop
      vertex 27.484 0.747025 7.26778
      vertex 27.4322 0.765552 9.55
      vertex 27.5061 0.739103 7.26817
    endloop
  endfacet
  facet normal 0.336772 0.941586 0
    outer loop
      vertex 27.4322 0.765552 9.55
      vertex 27.484 0.747025 7.26778
      vertex 27.4322 0.765552 7.26503
    endloop
  endfacet
  facet normal -0.243147 -0.969989 0
    outer loop
      vertex -27.3561 -0.784628 2
      vertex -27.4322 -0.765552 5.15812
      vertex -27.4322 -0.765552 2
    endloop
  endfacet
  facet normal -0.243147 -0.969989 0
    outer loop
      vertex -27.4322 -0.765552 5.15812
      vertex -27.3561 -0.784628 2
      vertex -27.3561 -0.784628 5.19846
    endloop
  endfacet
  facet normal -0.243147 -0.969989 0
    outer loop
      vertex -27.4322 -0.765552 6.39188
      vertex -27.3561 -0.784628 9.55
      vertex -27.4322 -0.765552 9.55
    endloop
  endfacet
  facet normal -0.243147 -0.969989 -0
    outer loop
      vertex -27.3561 -0.784628 9.55
      vertex -27.4322 -0.765552 6.39188
      vertex -27.3561 -0.784628 6.35154
    endloop
  endfacet
  facet normal -0.858074 0.513527 0
    outer loop
      vertex -27.9055 0.377117 2
      vertex -27.8652 0.444456 4.28349
      vertex -27.8652 0.444456 2
    endloop
  endfacet
  facet normal -0.858074 0.513527 0
    outer loop
      vertex -27.8652 0.444456 4.28349
      vertex -27.9055 0.377117 2
      vertex -27.9055 0.377117 4.29348
    endloop
  endfacet
  facet normal -0.858074 0.513527 0
    outer loop
      vertex -27.9055 0.377117 9.55
      vertex -27.8652 0.444456 7.26651
      vertex -27.9055 0.377117 7.25652
    endloop
  endfacet
  facet normal -0.858074 0.513527 0
    outer loop
      vertex -27.8652 0.444456 7.26651
      vertex -27.9055 0.377117 9.55
      vertex -27.8652 0.444456 9.55
    endloop
  endfacet
  facet normal -0.803006 0.59597 0
    outer loop
      vertex -27.8652 0.444456 2
      vertex -27.8184 0.507514 4.27954
      vertex -27.8184 0.507514 2
    endloop
  endfacet
  facet normal -0.802848 0.596184 -9.18201e-06
    outer loop
      vertex -27.8184 0.507514 4.27954
      vertex -27.8652 0.444456 2
      vertex -27.8589 0.452975 4.28222
    endloop
  endfacet
  facet normal -0.804025 0.594595 0
    outer loop
      vertex -27.8589 0.452975 4.28222
      vertex -27.8652 0.444456 2
      vertex -27.8652 0.444456 4.28349
    endloop
  endfacet
  facet normal -0.802848 0.596184 9.18201e-06
    outer loop
      vertex -27.8652 0.444456 9.55
      vertex -27.8184 0.507514 7.27046
      vertex -27.8589 0.452975 7.26778
    endloop
  endfacet
  facet normal -0.804025 0.594595 0
    outer loop
      vertex -27.8652 0.444456 9.55
      vertex -27.8589 0.452975 7.26778
      vertex -27.8652 0.444456 7.26651
    endloop
  endfacet
  facet normal -0.803006 0.59597 0
    outer loop
      vertex -27.8184 0.507514 7.27046
      vertex -27.8652 0.444456 9.55
      vertex -27.8184 0.507514 9.55
    endloop
  endfacet
  facet normal 0.741098 0.671397 -0
    outer loop
      vertex 27.8184 0.507514 2
      vertex 27.7657 0.565685 4.27669
      vertex 27.8184 0.507514 4.27954
    endloop
  endfacet
  facet normal 0.741098 0.671397 0
    outer loop
      vertex 27.7657 0.565685 4.27669
      vertex 27.8184 0.507514 2
      vertex 27.7657 0.565685 2
    endloop
  endfacet
  facet normal 0.741098 0.671397 0
    outer loop
      vertex 27.8184 0.507514 9.55
      vertex 27.7657 0.565685 7.27331
      vertex 27.7657 0.565685 9.55
    endloop
  endfacet
  facet normal 0.741098 0.671397 0
    outer loop
      vertex 27.7657 0.565685 7.27331
      vertex 27.8184 0.507514 9.55
      vertex 27.8184 0.507514 7.27046
    endloop
  endfacet
  facet normal 0.998773 0.0495241 5.01319e-06
    outer loop
      vertex 28 0 2
      vertex 27.9961 0.078413 4.37042
      vertex 27.9987 0.0259758 4.38918
    endloop
  endfacet
  facet normal 0.99875 0.049984 -0
    outer loop
      vertex 28 0 2
      vertex 27.9987 0.0259758 4.38918
      vertex 28 0 4.40147
    endloop
  endfacet
  facet normal 0.998765 0.0496752 0
    outer loop
      vertex 27.9961 0.078413 4.37042
      vertex 28 0 2
      vertex 27.9961 0.078413 2
    endloop
  endfacet
  facet normal 0.998765 0.0496752 0
    outer loop
      vertex 28 0 9.55
      vertex 27.9961 0.078413 7.17958
      vertex 27.9961 0.078413 9.55
    endloop
  endfacet
  facet normal 0.998773 0.0495241 -5.01319e-06
    outer loop
      vertex 27.9961 0.078413 7.17958
      vertex 28 0 9.55
      vertex 27.9987 0.0259758 7.16082
    endloop
  endfacet
  facet normal 0.99875 0.049984 0
    outer loop
      vertex 27.9987 0.0259758 7.16082
      vertex 28 0 9.55
      vertex 28 0 7.14853
    endloop
  endfacet
  facet normal -0.427404 -0.904061 0
    outer loop
      vertex -27.5061 -0.739103 2
      vertex -27.5771 -0.705537 5.03897
      vertex -27.5771 -0.705537 2
    endloop
  endfacet
  facet normal -0.427299 -0.90411 3.00243e-06
    outer loop
      vertex -27.5771 -0.705537 5.03897
      vertex -27.5061 -0.739103 2
      vertex -27.5404 -0.722882 5.06791
    endloop
  endfacet
  facet normal -0.427519 -0.904007 0
    outer loop
      vertex -27.5404 -0.722882 5.06791
      vertex -27.5061 -0.739103 2
      vertex -27.5061 -0.739103 5.1022
    endloop
  endfacet
  facet normal -0.427404 -0.904061 0
    outer loop
      vertex -27.5771 -0.705537 6.51103
      vertex -27.5061 -0.739103 9.55
      vertex -27.5771 -0.705537 9.55
    endloop
  endfacet
  facet normal -0.427299 -0.90411 -3.00243e-06
    outer loop
      vertex -27.5404 -0.722882 6.48209
      vertex -27.5061 -0.739103 9.55
      vertex -27.5771 -0.705537 6.51103
    endloop
  endfacet
  facet normal -0.427519 -0.904007 -0
    outer loop
      vertex -27.5061 -0.739103 9.55
      vertex -27.5404 -0.722882 6.48209
      vertex -27.5061 -0.739103 6.4478
    endloop
  endfacet
  facet normal -0.513766 -0.857931 0
    outer loop
      vertex -27.5771 -0.705537 2
      vertex -27.6445 -0.665175 4.97163
      vertex -27.6445 -0.665175 2
    endloop
  endfacet
  facet normal -0.513766 -0.857931 0
    outer loop
      vertex -27.6445 -0.665175 4.97163
      vertex -27.5771 -0.705537 2
      vertex -27.5771 -0.705537 5.03897
    endloop
  endfacet
  facet normal -0.513766 -0.857931 0
    outer loop
      vertex -27.6445 -0.665175 6.57837
      vertex -27.5771 -0.705537 9.55
      vertex -27.6445 -0.665175 9.55
    endloop
  endfacet
  facet normal -0.513766 -0.857931 -0
    outer loop
      vertex -27.5771 -0.705537 9.55
      vertex -27.6445 -0.665175 6.57837
      vertex -27.5771 -0.705537 6.51103
    endloop
  endfacet
  facet normal 0.803597 -0.595173 -2.88634e-05
    outer loop
      vertex 27.8184 -0.507514 2
      vertex 27.8652 -0.444456 4.69965
      vertex 27.8532 -0.460659 4.71434
    endloop
  endfacet
  facet normal 0.802798 -0.596251 0
    outer loop
      vertex 27.8184 -0.507514 2
      vertex 27.8532 -0.460659 4.71434
      vertex 27.8184 -0.507514 4.76604
    endloop
  endfacet
  facet normal 0.803006 -0.59597 0
    outer loop
      vertex 27.8652 -0.444456 4.69965
      vertex 27.8184 -0.507514 2
      vertex 27.8652 -0.444456 2
    endloop
  endfacet
  facet normal 0.803006 -0.59597 0
    outer loop
      vertex 27.8184 -0.507514 9.55
      vertex 27.8652 -0.444456 6.85035
      vertex 27.8652 -0.444456 9.55
    endloop
  endfacet
  facet normal 0.803597 -0.595173 2.88634e-05
    outer loop
      vertex 27.8652 -0.444456 6.85035
      vertex 27.8184 -0.507514 9.55
      vertex 27.8532 -0.460659 6.83566
    endloop
  endfacet
  facet normal 0.802798 -0.596251 0
    outer loop
      vertex 27.8532 -0.460659 6.83566
      vertex 27.8184 -0.507514 9.55
      vertex 27.8184 -0.507514 6.78396
    endloop
  endfacet
  facet normal -0.427404 0.904061 0
    outer loop
      vertex -27.5061 0.739103 2
      vertex -27.5771 0.705537 4.28018
      vertex -27.5061 0.739103 4.28183
    endloop
  endfacet
  facet normal -0.427404 0.904061 0
    outer loop
      vertex -27.5771 0.705537 4.28018
      vertex -27.5061 0.739103 2
      vertex -27.5771 0.705537 2
    endloop
  endfacet
  facet normal -0.427404 0.904061 0
    outer loop
      vertex -27.5061 0.739103 9.55
      vertex -27.5771 0.705537 7.26981
      vertex -27.5771 0.705537 9.55
    endloop
  endfacet
  facet normal -0.427404 0.904061 0
    outer loop
      vertex -27.5771 0.705537 7.26981
      vertex -27.5061 0.739103 9.55
      vertex -27.5061 0.739103 7.26817
    endloop
  endfacet
  facet normal -0.903823 0.427906 0
    outer loop
      vertex -27.9391 0.306147 2
      vertex -27.9055 0.377117 4.29348
      vertex -27.9055 0.377117 2
    endloop
  endfacet
  facet normal -0.90394 0.42766 9.32127e-06
    outer loop
      vertex -27.9055 0.377117 4.29348
      vertex -27.9391 0.306147 2
      vertex -27.9385 0.307365 4.30382
    endloop
  endfacet
  facet normal -0.897063 0.441903 0
    outer loop
      vertex -27.9385 0.307365 4.30382
      vertex -27.9391 0.306147 2
      vertex -27.9391 0.306147 4.30413
    endloop
  endfacet
  facet normal -0.90394 0.42766 -9.32127e-06
    outer loop
      vertex -27.9391 0.306147 9.55
      vertex -27.9055 0.377117 7.25652
      vertex -27.9385 0.307365 7.24618
    endloop
  endfacet
  facet normal -0.897063 0.441903 0
    outer loop
      vertex -27.9391 0.306147 9.55
      vertex -27.9385 0.307365 7.24618
      vertex -27.9391 0.306147 7.24587
    endloop
  endfacet
  facet normal -0.903823 0.427906 0
    outer loop
      vertex -27.9055 0.377117 7.25652
      vertex -27.9391 0.306147 9.55
      vertex -27.9055 0.377117 9.55
    endloop
  endfacet
  facet normal -0.998765 0.0496752 0
    outer loop
      vertex -28 0 2
      vertex -27.9961 0.078413 4.37042
      vertex -27.9961 0.078413 2
    endloop
  endfacet
  facet normal -0.998773 0.0495241 5.01319e-06
    outer loop
      vertex -27.9961 0.078413 4.37042
      vertex -28 0 2
      vertex -27.9987 0.0259758 4.38918
    endloop
  endfacet
  facet normal -0.99875 0.049984 0
    outer loop
      vertex -27.9987 0.0259758 4.38918
      vertex -28 0 2
      vertex -28 0 4.40147
    endloop
  endfacet
  facet normal -0.998773 0.0495241 -5.01319e-06
    outer loop
      vertex -28 0 9.55
      vertex -27.9961 0.078413 7.17958
      vertex -27.9987 0.0259758 7.16082
    endloop
  endfacet
  facet normal -0.99875 0.049984 0
    outer loop
      vertex -28 0 9.55
      vertex -27.9987 0.0259758 7.16082
      vertex -28 0 7.14853
    endloop
  endfacet
  facet normal -0.998765 0.0496752 0
    outer loop
      vertex -27.9961 0.078413 7.17958
      vertex -28 0 9.55
      vertex -27.9961 0.078413 9.55
    endloop
  endfacet
  facet normal -0.0490735 -0.998795 0
    outer loop
      vertex -27.2 -0.799999 2
      vertex -27.2784 -0.796147 5.22984
      vertex -27.2784 -0.796147 2
    endloop
  endfacet
  facet normal -0.0490735 -0.998795 0
    outer loop
      vertex -27.2784 -0.796147 5.22984
      vertex -27.2 -0.799999 2
      vertex -27.2 -0.799999 5.24061
    endloop
  endfacet
  facet normal -0.0490735 -0.998795 0
    outer loop
      vertex -27.2784 -0.796147 6.32016
      vertex -27.2 -0.799999 9.55
      vertex -27.2784 -0.796147 9.55
    endloop
  endfacet
  facet normal -0.0490735 -0.998795 -0
    outer loop
      vertex -27.2 -0.799999 9.55
      vertex -27.2784 -0.796147 6.32016
      vertex -27.2 -0.799999 6.30939
    endloop
  endfacet
  facet normal 0.513766 0.857931 0
    outer loop
      vertex 27.5771 0.705537 2
      vertex 27.6445 0.665175 4.2782
      vertex 27.6445 0.665175 2
    endloop
  endfacet
  facet normal 0.513766 0.857931 0
    outer loop
      vertex 27.6445 0.665175 4.2782
      vertex 27.5771 0.705537 2
      vertex 27.5771 0.705537 4.28018
    endloop
  endfacet
  facet normal 0.513766 0.857931 -0
    outer loop
      vertex 27.6445 0.665175 7.2718
      vertex 27.5771 0.705537 9.55
      vertex 27.6445 0.665175 9.55
    endloop
  endfacet
  facet normal 0.513766 0.857931 0
    outer loop
      vertex 27.5771 0.705537 9.55
      vertex 27.6445 0.665175 7.2718
      vertex 27.5771 0.705537 7.26981
    endloop
  endfacet
  facet normal -0.671374 -0.741118 0
    outer loop
      vertex -27.7075 -0.618408 2
      vertex -27.7657 -0.565685 4.83173
      vertex -27.7657 -0.565685 2
    endloop
  endfacet
  facet normal -0.671374 -0.741118 0
    outer loop
      vertex -27.7657 -0.565685 4.83173
      vertex -27.7075 -0.618408 2
      vertex -27.7075 -0.618408 4.90282
    endloop
  endfacet
  facet normal -0.671374 -0.741118 0
    outer loop
      vertex -27.7657 -0.565685 6.71827
      vertex -27.7075 -0.618408 9.55
      vertex -27.7657 -0.565685 9.55
    endloop
  endfacet
  facet normal -0.671374 -0.741118 -0
    outer loop
      vertex -27.7075 -0.618408 9.55
      vertex -27.7657 -0.565685 6.71827
      vertex -27.7075 -0.618408 6.64718
    endloop
  endfacet
  facet normal -0.336772 0.941586 0
    outer loop
      vertex -27.4322 0.765552 2
      vertex -27.484 0.747025 4.28222
      vertex -27.4322 0.765552 4.28497
    endloop
  endfacet
  facet normal -0.337437 0.941348 -1.70314e-05
    outer loop
      vertex -27.4322 0.765552 2
      vertex -27.5061 0.739103 4.28183
      vertex -27.484 0.747025 4.28222
    endloop
  endfacet
  facet normal -0.336971 0.941515 0
    outer loop
      vertex -27.5061 0.739103 4.28183
      vertex -27.4322 0.765552 2
      vertex -27.5061 0.739103 2
    endloop
  endfacet
  facet normal -0.336971 0.941515 0
    outer loop
      vertex -27.4322 0.765552 9.55
      vertex -27.5061 0.739103 7.26817
      vertex -27.5061 0.739103 9.55
    endloop
  endfacet
  facet normal -0.337437 0.941348 1.70314e-05
    outer loop
      vertex -27.4322 0.765552 9.55
      vertex -27.484 0.747025 7.26778
      vertex -27.5061 0.739103 7.26817
    endloop
  endfacet
  facet normal -0.336772 0.941586 0
    outer loop
      vertex -27.484 0.747025 7.26778
      vertex -27.4322 0.765552 9.55
      vertex -27.4322 0.765552 7.26503
    endloop
  endfacet
  facet normal 0.0490735 -0.998795 0
    outer loop
      vertex 27.2 -0.799999 2
      vertex 27.2784 -0.796147 5.22984
      vertex 27.2 -0.799999 5.24061
    endloop
  endfacet
  facet normal 0.0490735 -0.998795 0
    outer loop
      vertex 27.2784 -0.796147 5.22984
      vertex 27.2 -0.799999 2
      vertex 27.2784 -0.796147 2
    endloop
  endfacet
  facet normal 0.0490735 -0.998795 0
    outer loop
      vertex 27.2 -0.799999 9.55
      vertex 27.2784 -0.796147 6.32016
      vertex 27.2784 -0.796147 9.55
    endloop
  endfacet
  facet normal 0.0490735 -0.998795 0
    outer loop
      vertex 27.2784 -0.796147 6.32016
      vertex 27.2 -0.799999 9.55
      vertex 27.2 -0.799999 6.30939
    endloop
  endfacet
  facet normal -0.741098 -0.671397 0
    outer loop
      vertex -27.7657 -0.565685 2
      vertex -27.8184 -0.507514 4.76604
      vertex -27.8184 -0.507514 2
    endloop
  endfacet
  facet normal -0.741169 -0.671318 -3.01455e-06
    outer loop
      vertex -27.8184 -0.507514 4.76604
      vertex -27.7657 -0.565685 2
      vertex -27.7713 -0.559515 4.82341
    endloop
  endfacet
  facet normal -0.740483 -0.672075 0
    outer loop
      vertex -27.7713 -0.559515 4.82341
      vertex -27.7657 -0.565685 2
      vertex -27.7657 -0.565685 4.83173
    endloop
  endfacet
  facet normal -0.741169 -0.671318 3.01455e-06
    outer loop
      vertex -27.7657 -0.565685 9.55
      vertex -27.8184 -0.507514 6.78396
      vertex -27.7713 -0.559515 6.72659
    endloop
  endfacet
  facet normal -0.740483 -0.672075 -0
    outer loop
      vertex -27.7657 -0.565685 9.55
      vertex -27.7713 -0.559515 6.72659
      vertex -27.7657 -0.565685 6.71827
    endloop
  endfacet
  facet normal -0.741098 -0.671397 0
    outer loop
      vertex -27.8184 -0.507514 6.78396
      vertex -27.7657 -0.565685 9.55
      vertex -27.8184 -0.507514 9.55
    endloop
  endfacet
  facet normal -0.998765 -0.0496752 0
    outer loop
      vertex -27.9961 -0.078413 2
      vertex -28 0 4.40147
      vertex -28 0 2
    endloop
  endfacet
  facet normal -0.998765 -0.0496752 0
    outer loop
      vertex -28 0 4.40147
      vertex -27.9961 -0.078413 2
      vertex -27.9961 -0.078413 4.43855
    endloop
  endfacet
  facet normal -0.998765 -0.0496752 -0
    outer loop
      vertex -27.9961 -0.078413 9.55
      vertex -28 0 7.14853
      vertex -27.9961 -0.078413 7.11145
    endloop
  endfacet
  facet normal -0.998765 -0.0496752 0
    outer loop
      vertex -28 0 7.14853
      vertex -27.9961 -0.078413 9.55
      vertex -28 0 9.55
    endloop
  endfacet
  facet normal 0.336971 -0.941515 0
    outer loop
      vertex 27.4322 -0.765552 2
      vertex 27.5061 -0.739103 5.1022
      vertex 27.4322 -0.765552 5.15812
    endloop
  endfacet
  facet normal 0.336971 -0.941515 0
    outer loop
      vertex 27.5061 -0.739103 5.1022
      vertex 27.4322 -0.765552 2
      vertex 27.5061 -0.739103 2
    endloop
  endfacet
  facet normal 0.336971 -0.941515 0
    outer loop
      vertex 27.4322 -0.765552 9.55
      vertex 27.5061 -0.739103 6.4478
      vertex 27.5061 -0.739103 9.55
    endloop
  endfacet
  facet normal 0.336971 -0.941515 0
    outer loop
      vertex 27.5061 -0.739103 6.4478
      vertex 27.4322 -0.765552 9.55
      vertex 27.4322 -0.765552 6.39188
    endloop
  endfacet
  facet normal -0.243147 0.969989 0
    outer loop
      vertex -27.3561 0.784628 2
      vertex -27.4322 0.765552 4.28497
      vertex -27.3561 0.784628 4.2878
    endloop
  endfacet
  facet normal -0.243147 0.969989 0
    outer loop
      vertex -27.4322 0.765552 4.28497
      vertex -27.3561 0.784628 2
      vertex -27.4322 0.765552 2
    endloop
  endfacet
  facet normal -0.243147 0.969989 0
    outer loop
      vertex -27.3561 0.784628 9.55
      vertex -27.4322 0.765552 7.26503
      vertex -27.4322 0.765552 9.55
    endloop
  endfacet
  facet normal -0.243147 0.969989 0
    outer loop
      vertex -27.4322 0.765552 7.26503
      vertex -27.3561 0.784628 9.55
      vertex -27.3561 0.784628 7.2622
    endloop
  endfacet
  facet normal 0.998765 -0.0496752 0
    outer loop
      vertex 27.9961 -0.078413 2
      vertex 28 0 4.40147
      vertex 27.9961 -0.078413 4.43855
    endloop
  endfacet
  facet normal 0.998765 -0.0496752 0
    outer loop
      vertex 28 0 4.40147
      vertex 27.9961 -0.078413 2
      vertex 28 0 2
    endloop
  endfacet
  facet normal 0.998765 -0.0496752 0
    outer loop
      vertex 27.9961 -0.078413 9.55
      vertex 28 0 7.14853
      vertex 28 0 9.55
    endloop
  endfacet
  facet normal 0.998765 -0.0496752 0
    outer loop
      vertex 28 0 7.14853
      vertex 27.9961 -0.078413 9.55
      vertex 27.9961 -0.078413 7.11145
    endloop
  endfacet
  facet normal -0.671742 0.740785 0
    outer loop
      vertex -27.7075 0.618408 4.2759
      vertex -27.7075 0.618408 2
      vertex -27.7278 0.6 4.275
    endloop
  endfacet
  facet normal -0.671374 0.741118 5.9819e-06
    outer loop
      vertex -27.7657 0.565685 2
      vertex -27.7278 0.6 4.275
      vertex -27.7075 0.618408 2
    endloop
  endfacet
  facet normal -0.671177 0.741297 0
    outer loop
      vertex -27.7278 0.6 4.275
      vertex -27.7657 0.565685 2
      vertex -27.7657 0.565685 4.27669
    endloop
  endfacet
  facet normal -0.671374 0.741118 -5.9819e-06
    outer loop
      vertex -27.7075 0.618408 9.55
      vertex -27.7278 0.6 7.275
      vertex -27.7657 0.565685 9.55
    endloop
  endfacet
  facet normal -0.671742 0.740785 0
    outer loop
      vertex -27.7278 0.6 7.275
      vertex -27.7075 0.618408 9.55
      vertex -27.7075 0.618408 7.2741
    endloop
  endfacet
  facet normal -0.671177 0.741297 0
    outer loop
      vertex -27.7657 0.565685 9.55
      vertex -27.7278 0.6 7.275
      vertex -27.7657 0.565685 7.27331
    endloop
  endfacet
  facet normal 0.858074 -0.513527 0
    outer loop
      vertex 27.8652 -0.444456 2
      vertex 27.9055 -0.377117 4.63862
      vertex 27.8652 -0.444456 4.69965
    endloop
  endfacet
  facet normal 0.858074 -0.513527 0
    outer loop
      vertex 27.9055 -0.377117 4.63862
      vertex 27.8652 -0.444456 2
      vertex 27.9055 -0.377117 2
    endloop
  endfacet
  facet normal 0.858074 -0.513527 0
    outer loop
      vertex 27.8652 -0.444456 9.55
      vertex 27.9055 -0.377117 6.91138
      vertex 27.9055 -0.377117 9.55
    endloop
  endfacet
  facet normal 0.858074 -0.513527 0
    outer loop
      vertex 27.9055 -0.377117 6.91138
      vertex 27.8652 -0.444456 9.55
      vertex 27.8652 -0.444456 6.85035
    endloop
  endfacet
  facet normal 0.970259 -0.242071 0
    outer loop
      vertex 27.9656 -0.232227 2
      vertex 27.9846 -0.156072 4.48147
      vertex 27.9656 -0.232227 4.52712
    endloop
  endfacet
  facet normal 0.970259 -0.242071 0
    outer loop
      vertex 27.9846 -0.156072 4.48147
      vertex 27.9656 -0.232227 2
      vertex 27.9846 -0.156072 2
    endloop
  endfacet
  facet normal 0.970259 -0.242071 0
    outer loop
      vertex 27.9656 -0.232227 9.55
      vertex 27.9846 -0.156072 7.06853
      vertex 27.9846 -0.156072 9.55
    endloop
  endfacet
  facet normal 0.970259 -0.242071 0
    outer loop
      vertex 27.9846 -0.156072 7.06853
      vertex 27.9656 -0.232227 9.55
      vertex 27.9656 -0.232227 7.02288
    endloop
  endfacet
  facet normal -0.970259 0.242071 0
    outer loop
      vertex -27.9846 0.156072 2
      vertex -27.9656 0.232227 4.32264
      vertex -27.9656 0.232227 2
    endloop
  endfacet
  facet normal -0.970189 0.242351 -9.75843e-06
    outer loop
      vertex -27.9656 0.232227 4.32264
      vertex -27.9846 0.156072 2
      vertex -27.9825 0.164573 4.33959
    endloop
  endfacet
  facet normal -0.970817 0.239821 0
    outer loop
      vertex -27.9825 0.164573 4.33959
      vertex -27.9846 0.156072 2
      vertex -27.9846 0.156072 4.34263
    endloop
  endfacet
  facet normal -0.970189 0.242351 9.75843e-06
    outer loop
      vertex -27.9846 0.156072 9.55
      vertex -27.9656 0.232227 7.22736
      vertex -27.9825 0.164573 7.21041
    endloop
  endfacet
  facet normal -0.970817 0.239821 0
    outer loop
      vertex -27.9846 0.156072 9.55
      vertex -27.9825 0.164573 7.21041
      vertex -27.9846 0.156072 7.20737
    endloop
  endfacet
  facet normal -0.970259 0.242071 0
    outer loop
      vertex -27.9656 0.232227 7.22736
      vertex -27.9846 0.156072 9.55
      vertex -27.9656 0.232227 9.55
    endloop
  endfacet
  facet normal -0.513766 0.857931 0
    outer loop
      vertex -27.5771 0.705537 2
      vertex -27.6445 0.665175 4.2782
      vertex -27.5771 0.705537 4.28018
    endloop
  endfacet
  facet normal -0.513766 0.857931 0
    outer loop
      vertex -27.6445 0.665175 4.2782
      vertex -27.5771 0.705537 2
      vertex -27.6445 0.665175 2
    endloop
  endfacet
  facet normal -0.513766 0.857931 0
    outer loop
      vertex -27.5771 0.705537 9.55
      vertex -27.6445 0.665175 7.2718
      vertex -27.6445 0.665175 9.55
    endloop
  endfacet
  facet normal -0.513766 0.857931 0
    outer loop
      vertex -27.6445 0.665175 7.2718
      vertex -27.5771 0.705537 9.55
      vertex -27.5771 0.705537 7.26981
    endloop
  endfacet
  facet normal -0.741098 0.671397 0
    outer loop
      vertex -27.8184 0.507514 2
      vertex -27.7657 0.565685 4.27669
      vertex -27.7657 0.565685 2
    endloop
  endfacet
  facet normal -0.741098 0.671397 0
    outer loop
      vertex -27.7657 0.565685 4.27669
      vertex -27.8184 0.507514 2
      vertex -27.8184 0.507514 4.27954
    endloop
  endfacet
  facet normal -0.741098 0.671397 0
    outer loop
      vertex -27.8184 0.507514 9.55
      vertex -27.7657 0.565685 7.27331
      vertex -27.8184 0.507514 7.27046
    endloop
  endfacet
  facet normal -0.741098 0.671397 0
    outer loop
      vertex -27.7657 0.565685 7.27331
      vertex -27.8184 0.507514 9.55
      vertex -27.7657 0.565685 9.55
    endloop
  endfacet
  facet normal 0.970189 0.242351 -9.75843e-06
    outer loop
      vertex 27.9846 0.156072 2
      vertex 27.9656 0.232227 4.32264
      vertex 27.9825 0.164573 4.33959
    endloop
  endfacet
  facet normal 0.970817 0.239821 -0
    outer loop
      vertex 27.9846 0.156072 2
      vertex 27.9825 0.164573 4.33959
      vertex 27.9846 0.156072 4.34263
    endloop
  endfacet
  facet normal 0.970259 0.242071 0
    outer loop
      vertex 27.9656 0.232227 4.32264
      vertex 27.9846 0.156072 2
      vertex 27.9656 0.232227 2
    endloop
  endfacet
  facet normal 0.970259 0.242071 0
    outer loop
      vertex 27.9846 0.156072 9.55
      vertex 27.9656 0.232227 7.22736
      vertex 27.9656 0.232227 9.55
    endloop
  endfacet
  facet normal 0.970189 0.242351 9.75843e-06
    outer loop
      vertex 27.9656 0.232227 7.22736
      vertex 27.9846 0.156072 9.55
      vertex 27.9825 0.164573 7.21041
    endloop
  endfacet
  facet normal 0.970817 0.239821 0
    outer loop
      vertex 27.9825 0.164573 7.21041
      vertex 27.9846 0.156072 9.55
      vertex 27.9846 0.156072 7.20737
    endloop
  endfacet
  facet normal 0.596193 -0.802841 0
    outer loop
      vertex 27.6445 -0.665175 2
      vertex 27.6687 -0.647204 4.94165
      vertex 27.6445 -0.665175 4.97163
    endloop
  endfacet
  facet normal 0.595968 -0.803008 2.87218e-06
    outer loop
      vertex 27.6445 -0.665175 2
      vertex 27.7075 -0.618408 4.90282
      vertex 27.6687 -0.647204 4.94165
    endloop
  endfacet
  facet normal 0.596053 -0.802945 0
    outer loop
      vertex 27.7075 -0.618408 4.90282
      vertex 27.6445 -0.665175 2
      vertex 27.7075 -0.618408 2
    endloop
  endfacet
  facet normal 0.596053 -0.802945 0
    outer loop
      vertex 27.6445 -0.665175 9.55
      vertex 27.7075 -0.618408 6.64718
      vertex 27.7075 -0.618408 9.55
    endloop
  endfacet
  facet normal 0.595968 -0.803008 -2.8722e-06
    outer loop
      vertex 27.6445 -0.665175 9.55
      vertex 27.6687 -0.647204 6.60836
      vertex 27.7075 -0.618408 6.64718
    endloop
  endfacet
  facet normal 0.596193 -0.802841 0
    outer loop
      vertex 27.6687 -0.647204 6.60836
      vertex 27.6445 -0.665175 9.55
      vertex 27.6445 -0.665175 6.57837
    endloop
  endfacet
  facet normal 0.989444 -0.144917 -5.10611e-05
    outer loop
      vertex 27.9846 -0.156072 2
      vertex 27.9961 -0.078413 4.43855
      vertex 27.9919 -0.107094 4.45212
    endloop
  endfacet
  facet normal 0.989074 -0.147418 0
    outer loop
      vertex 27.9846 -0.156072 2
      vertex 27.9919 -0.107094 4.45212
      vertex 27.9846 -0.156072 4.48147
    endloop
  endfacet
  facet normal 0.989213 -0.146486 0
    outer loop
      vertex 27.9961 -0.078413 4.43855
      vertex 27.9846 -0.156072 2
      vertex 27.9961 -0.078413 2
    endloop
  endfacet
  facet normal 0.989213 -0.146486 0
    outer loop
      vertex 27.9846 -0.156072 9.55
      vertex 27.9961 -0.078413 7.11145
      vertex 27.9961 -0.078413 9.55
    endloop
  endfacet
  facet normal 0.989444 -0.144917 5.10611e-05
    outer loop
      vertex 27.9961 -0.078413 7.11145
      vertex 27.9846 -0.156072 9.55
      vertex 27.9919 -0.107094 7.09788
    endloop
  endfacet
  facet normal 0.989074 -0.147418 0
    outer loop
      vertex 27.9919 -0.107094 7.09788
      vertex 27.9846 -0.156072 9.55
      vertex 27.9846 -0.156072 7.06853
    endloop
  endfacet
  facet normal 0.671374 -0.741118 0
    outer loop
      vertex 27.7075 -0.618408 2
      vertex 27.7657 -0.565685 4.83173
      vertex 27.7075 -0.618408 4.90282
    endloop
  endfacet
  facet normal 0.671374 -0.741118 0
    outer loop
      vertex 27.7657 -0.565685 4.83173
      vertex 27.7075 -0.618408 2
      vertex 27.7657 -0.565685 2
    endloop
  endfacet
  facet normal 0.671374 -0.741118 0
    outer loop
      vertex 27.7075 -0.618408 9.55
      vertex 27.7657 -0.565685 6.71827
      vertex 27.7657 -0.565685 9.55
    endloop
  endfacet
  facet normal 0.671374 -0.741118 0
    outer loop
      vertex 27.7657 -0.565685 6.71827
      vertex 27.7075 -0.618408 9.55
      vertex 27.7075 -0.618408 6.64718
    endloop
  endfacet
  facet normal -0.336971 -0.941515 0
    outer loop
      vertex -27.4322 -0.765552 2
      vertex -27.5061 -0.739103 5.1022
      vertex -27.5061 -0.739103 2
    endloop
  endfacet
  facet normal -0.336971 -0.941515 0
    outer loop
      vertex -27.5061 -0.739103 5.1022
      vertex -27.4322 -0.765552 2
      vertex -27.4322 -0.765552 5.15812
    endloop
  endfacet
  facet normal -0.336971 -0.941515 0
    outer loop
      vertex -27.5061 -0.739103 6.4478
      vertex -27.4322 -0.765552 9.55
      vertex -27.5061 -0.739103 9.55
    endloop
  endfacet
  facet normal -0.336971 -0.941515 -0
    outer loop
      vertex -27.4322 -0.765552 9.55
      vertex -27.5061 -0.739103 6.4478
      vertex -27.4322 -0.765552 6.39188
    endloop
  endfacet
  facet normal 0 -0.707107 0.707107
    outer loop
      vertex -27.2 -6.5 1.29289
      vertex -27.994 -5.79289 2
      vertex -27.9846 -5.85607 1.93682
    endloop
  endfacet
  facet normal 0 -0.707107 0.707107
    outer loop
      vertex -27.994 -5.79289 2
      vertex -27.2 -6.5 1.29289
      vertex 27.994 -5.79289 2
    endloop
  endfacet
  facet normal 9.5825e-05 -0.707048 0.707165
    outer loop
      vertex -27.2 -6.5 1.29289
      vertex -27.9846 -5.85607 1.93682
      vertex -27.9656 -5.93223 1.86067
    endloop
  endfacet
  facet normal 0 -0.707107 0.707107
    outer loop
      vertex 27.2 -6.5 1.29289
      vertex 27.994 -5.79289 2
      vertex -27.2 -6.5 1.29289
    endloop
  endfacet
  facet normal 1.25807e-05 -0.707105 0.707109
    outer loop
      vertex -27.2 -6.5 1.29289
      vertex -27.9656 -5.93223 1.86067
      vertex -27.9391 -6.00615 1.78675
    endloop
  endfacet
  facet normal 2.25494e-16 -0.707107 0.707107
    outer loop
      vertex 27.994 -5.79289 2
      vertex 27.2 -6.5 1.29289
      vertex 27.9846 -5.85607 1.93682
    endloop
  endfacet
  facet normal 1.39941e-05 -0.707103 0.70711
    outer loop
      vertex -27.2 -6.5 1.29289
      vertex -27.9391 -6.00615 1.78675
      vertex -27.9055 -6.07712 1.71578
    endloop
  endfacet
  facet normal -9.5825e-05 -0.707048 0.707165
    outer loop
      vertex 27.9846 -5.85607 1.93682
      vertex 27.2 -6.5 1.29289
      vertex 27.9656 -5.93223 1.86067
    endloop
  endfacet
  facet normal 1.56294e-05 -0.707102 0.707111
    outer loop
      vertex -27.2 -6.5 1.29289
      vertex -27.9055 -6.07712 1.71578
      vertex -27.8652 -6.14446 1.64844
    endloop
  endfacet
  facet normal -1.25807e-05 -0.707105 0.707109
    outer loop
      vertex 27.9656 -5.93223 1.86067
      vertex 27.2 -6.5 1.29289
      vertex 27.9391 -6.00615 1.78675
    endloop
  endfacet
  facet normal -8.17326e-05 -0.707193 0.70702
    outer loop
      vertex -27.2 -6.5 1.29289
      vertex -27.8652 -6.14446 1.64844
      vertex -27.8184 -6.20751 1.58538
    endloop
  endfacet
  facet normal -1.39941e-05 -0.707103 0.70711
    outer loop
      vertex 27.9391 -6.00615 1.78675
      vertex 27.2 -6.5 1.29289
      vertex 27.9055 -6.07712 1.71578
    endloop
  endfacet
  facet normal 0.000100588 -0.707 0.707213
    outer loop
      vertex -27.2 -6.5 1.29289
      vertex -27.8184 -6.20751 1.58538
      vertex -27.7657 -6.26569 1.52721
    endloop
  endfacet
  facet normal -1.56294e-05 -0.707102 0.707111
    outer loop
      vertex 27.9055 -6.07712 1.71578
      vertex 27.2 -6.5 1.29289
      vertex 27.8652 -6.14446 1.64844
    endloop
  endfacet
  facet normal -7.93133e-05 -0.707218 0.706996
    outer loop
      vertex -27.2 -6.5 1.29289
      vertex -27.7657 -6.26569 1.52721
      vertex -27.7075 -6.31841 1.47448
    endloop
  endfacet
  facet normal 8.17326e-05 -0.707193 0.70702
    outer loop
      vertex 27.8652 -6.14446 1.64844
      vertex 27.2 -6.5 1.29289
      vertex 27.8184 -6.20751 1.58538
    endloop
  endfacet
  facet normal 0.000104452 -0.706961 0.707253
    outer loop
      vertex -27.2 -6.5 1.29289
      vertex -27.7075 -6.31841 1.47448
      vertex -27.6445 -6.36518 1.42772
    endloop
  endfacet
  facet normal -0.000100588 -0.707 0.707213
    outer loop
      vertex 27.8184 -6.20751 1.58538
      vertex 27.2 -6.5 1.29289
      vertex 27.7657 -6.26569 1.52721
    endloop
  endfacet
  facet normal 3.2237e-05 -0.70708 0.707134
    outer loop
      vertex -27.2 -6.5 1.29289
      vertex -27.6445 -6.36518 1.42772
      vertex -27.5771 -6.40554 1.38736
    endloop
  endfacet
  facet normal 7.93133e-05 -0.707218 0.706996
    outer loop
      vertex 27.7657 -6.26569 1.52721
      vertex 27.2 -6.5 1.29289
      vertex 27.7075 -6.31841 1.47448
    endloop
  endfacet
  facet normal -7.23702e-05 -0.707289 0.706925
    outer loop
      vertex -27.2 -6.5 1.29289
      vertex -27.5771 -6.40554 1.38736
      vertex -27.5061 -6.4391 1.35379
    endloop
  endfacet
  facet normal -0.000104452 -0.706961 0.707253
    outer loop
      vertex 27.7075 -6.31841 1.47448
      vertex 27.2 -6.5 1.29289
      vertex 27.6445 -6.36518 1.42772
    endloop
  endfacet
  facet normal 4.1788e-15 -0.707107 0.707107
    outer loop
      vertex -27.2 -6.5 1.29289
      vertex -27.5061 -6.4391 1.35379
      vertex -27.4322 -6.46555 1.32734
    endloop
  endfacet
  facet normal -3.2237e-05 -0.70708 0.707134
    outer loop
      vertex 27.6445 -6.36518 1.42772
      vertex 27.2 -6.5 1.29289
      vertex 27.5771 -6.40554 1.38736
    endloop
  endfacet
  facet normal -1.31396e-15 -0.707107 0.707107
    outer loop
      vertex -27.2 -6.5 1.29289
      vertex -27.4322 -6.46555 1.32734
      vertex -27.3561 -6.48463 1.30826
    endloop
  endfacet
  facet normal 7.23702e-05 -0.707289 0.706925
    outer loop
      vertex 27.5771 -6.40554 1.38736
      vertex 27.2 -6.5 1.29289
      vertex 27.5061 -6.4391 1.35379
    endloop
  endfacet
  facet normal 0.000180163 -0.706191 0.708021
    outer loop
      vertex -27.2 -6.5 1.29289
      vertex -27.3561 -6.48463 1.30826
      vertex -27.2784 -6.49615 1.29675
    endloop
  endfacet
  facet normal -4.13616e-15 -0.707107 0.707107
    outer loop
      vertex 27.5061 -6.4391 1.35379
      vertex 27.2 -6.5 1.29289
      vertex 27.4322 -6.46555 1.32734
    endloop
  endfacet
  facet normal 1.35635e-15 -0.707107 0.707107
    outer loop
      vertex 27.4322 -6.46555 1.32734
      vertex 27.2 -6.5 1.29289
      vertex 27.3561 -6.48463 1.30826
    endloop
  endfacet
  facet normal -0.000180163 -0.706191 0.708021
    outer loop
      vertex 27.3561 -6.48463 1.30826
      vertex 27.2 -6.5 1.29289
      vertex 27.2784 -6.49615 1.29675
    endloop
  endfacet
  facet normal 0.000218621 0.707061 -0.707153
    outer loop
      vertex 27.8187 -6.20711 9.55
      vertex 28 -5.46967 10.2874
      vertex 28 -5.7 10.0571
    endloop
  endfacet
  facet normal 0 0.707088 -0.707126
    outer loop
      vertex 28 -5.46967 10.2874
      vertex 27.8187 -6.20711 9.55
      vertex -28 -5.46967 10.2874
    endloop
  endfacet
  facet normal -4.53049e-05 0.707108 -0.707106
    outer loop
      vertex 27.8187 -6.20711 9.55
      vertex 28 -5.7 10.0571
      vertex 27.9961 -5.77841 9.97869
    endloop
  endfacet
  facet normal 0 0.707088 -0.707126
    outer loop
      vertex -27.8187 -6.20711 9.55
      vertex -28 -5.46967 10.2874
      vertex 27.8187 -6.20711 9.55
    endloop
  endfacet
  facet normal -6.20714e-05 0.707111 -0.707102
    outer loop
      vertex 27.8187 -6.20711 9.55
      vertex 27.9961 -5.77841 9.97869
      vertex 27.9846 -5.85607 9.90103
    endloop
  endfacet
  facet normal -0.000218621 0.707061 -0.707153
    outer loop
      vertex -28 -5.46967 10.2874
      vertex -27.8187 -6.20711 9.55
      vertex -28 -5.7 10.0571
    endloop
  endfacet
  facet normal 0.00032588 0.70702 -0.707194
    outer loop
      vertex 27.8187 -6.20711 9.55
      vertex 27.9846 -5.85607 9.90103
      vertex 27.9656 -5.93223 9.82488
    endloop
  endfacet
  facet normal 4.53049e-05 0.707108 -0.707106
    outer loop
      vertex -28 -5.7 10.0571
      vertex -27.8187 -6.20711 9.55
      vertex -27.9961 -5.77841 9.97869
    endloop
  endfacet
  facet normal -6.03961e-14 0.707107 -0.707107
    outer loop
      vertex 27.8187 -6.20711 9.55
      vertex 27.9656 -5.93223 9.82488
      vertex 27.9391 -6.00615 9.75096
    endloop
  endfacet
  facet normal 6.20714e-05 0.707111 -0.707102
    outer loop
      vertex -27.9961 -5.77841 9.97869
      vertex -27.8187 -6.20711 9.55
      vertex -27.9846 -5.85607 9.90103
    endloop
  endfacet
  facet normal 2.05291e-14 0.707107 -0.707107
    outer loop
      vertex 27.8187 -6.20711 9.55
      vertex 27.9391 -6.00615 9.75096
      vertex 27.9055 -6.07712 9.67999
    endloop
  endfacet
  facet normal -0.00032588 0.70702 -0.707194
    outer loop
      vertex -27.9846 -5.85607 9.90103
      vertex -27.8187 -6.20711 9.55
      vertex -27.9656 -5.93223 9.82488
    endloop
  endfacet
  facet normal -7.07851e-14 0.707107 -0.707107
    outer loop
      vertex 27.8187 -6.20711 9.55
      vertex 27.9055 -6.07712 9.67999
      vertex 27.8652 -6.14446 9.61265
    endloop
  endfacet
  facet normal 6.17688e-14 0.707107 -0.707107
    outer loop
      vertex -27.9656 -5.93223 9.82488
      vertex -27.8187 -6.20711 9.55
      vertex -27.9391 -6.00615 9.75096
    endloop
  endfacet
  facet normal -2.05291e-14 0.707107 -0.707107
    outer loop
      vertex -27.9391 -6.00615 9.75096
      vertex -27.8187 -6.20711 9.55
      vertex -27.9055 -6.07712 9.67999
    endloop
  endfacet
  facet normal 6.87627e-14 0.707107 -0.707107
    outer loop
      vertex -27.9055 -6.07712 9.67999
      vertex -27.8187 -6.20711 9.55
      vertex -27.8652 -6.14446 9.61265
    endloop
  endfacet
  facet normal 0 -0.707107 0.707107
    outer loop
      vertex -28 -4.79289 9.55
      vertex 28 -4.76256 9.58033
      vertex -28 -4.76256 9.58033
    endloop
  endfacet
  facet normal 0 -0.707107 0.707107
    outer loop
      vertex 28 -4.76256 9.58033
      vertex -28 -4.79289 9.55
      vertex 28 -4.79289 9.55
    endloop
  endfacet
  facet normal 0 -0.707087 -0.707127
    outer loop
      vertex -28 -4.76256 9.58033
      vertex 28 -5.46967 10.2874
      vertex -28 -5.46967 10.2874
    endloop
  endfacet
  facet normal 0 -0.707087 -0.707127
    outer loop
      vertex 28 -5.46967 10.2874
      vertex -28 -4.76256 9.58033
      vertex 28 -4.76256 9.58033
    endloop
  endfacet
  facet normal 0 -0.989174 -0.146746
    outer loop
      vertex -30.15 -0.871177 5.48237
      vertex -25 -0.892777 5.62797
      vertex -30.15 -0.892777 5.62797
    endloop
  endfacet
  facet normal 0 -0.989174 -0.146746
    outer loop
      vertex -25 -0.892777 5.62797
      vertex -30.15 -0.871177 5.48237
      vertex -25 -0.871177 5.48237
    endloop
  endfacet
  facet normal -0.933923 0.343881 0.0976433
    outer loop
      vertex -30.5699 0.732489 5.82636
      vertex -30.15 1.78652 6.13045
      vertex -30.573 0.733778 5.79217
    endloop
  endfacet
  facet normal -0.933923 0.343762 0.0980568
    outer loop
      vertex -30.15 1.78652 6.13045
      vertex -30.5699 0.732489 5.82636
      vertex -30.15 1.78478 6.13655
    endloop
  endfacet
  facet normal -0.993858 -0.0497881 0.0988335
    outer loop
      vertex -30.5962 0.6 5.82636
      vertex -30.5996 0.6 5.79217
      vertex -30.5945 0.566065 5.82636
    endloop
  endfacet
  facet normal 0 -0.998795 -0.0490669
    outer loop
      vertex -30.15 -0.892777 5.62797
      vertex -25 -0.9 5.775
      vertex -30.15 -0.9 5.775
    endloop
  endfacet
  facet normal 0 -0.998795 -0.0490669
    outer loop
      vertex -25 -0.9 5.775
      vertex -30.15 -0.892777 5.62797
      vertex -25 -0.892777 5.62797
    endloop
  endfacet
  facet normal -0.93371 0.307087 -0.184072
    outer loop
      vertex -30.15 1.63137 5.08883
      vertex -30.5813 0.700499 5.72364
      vertex -30.15 1.69281 5.19133
    endloop
  endfacet
  facet normal -0 0.671577 0.740935
    outer loop
      vertex -30.15 1.66066 6.83566
      vertex -25 1.55159 6.93452
      vertex -25 1.66066 6.83566
    endloop
  endfacet
  facet normal 0 0.671577 0.740935
    outer loop
      vertex -25 1.55159 6.93452
      vertex -30.15 1.66066 6.83566
      vertex -30.15 1.55159 6.93452
    endloop
  endfacet
  facet normal -0.933839 0.334089 0.127785
    outer loop
      vertex -30.5699 0.732489 5.82636
      vertex -30.15 1.7439 6.25065
      vertex -30.15 1.74473 6.24848
    endloop
  endfacet
  facet normal -0.93387 0.332795 0.130899
    outer loop
      vertex -30.15 1.7439 6.25065
      vertex -30.5699 0.732489 5.82636
      vertex -30.5813 0.700499 5.82636
    endloop
  endfacet
  facet normal -0.937577 0.333802 0.0975946
    outer loop
      vertex -30.573 0.733778 5.79217
      vertex -30.5845 0.701477 5.79217
      vertex -30.5699 0.732489 5.82636
    endloop
  endfacet
  facet normal -0.942075 0.335403 0
    outer loop
      vertex -30.5845 0.701477 5.75783
      vertex -30.573 0.733778 5.79217
      vertex -30.573 0.733778 5.75783
    endloop
  endfacet
  facet normal -0.942075 0.335403 0
    outer loop
      vertex -30.573 0.733778 5.79217
      vertex -30.5845 0.701477 5.75783
      vertex -30.5845 0.701477 5.79217
    endloop
  endfacet
  facet normal -0.933885 -0.299687 -0.195056
    outer loop
      vertex -30.15 -0.431375 5.08883
      vertex -30.5749 0.501445 5.68996
      vertex -30.15 -0.428368 5.08421
    endloop
  endfacet
  facet normal -0.933885 -0.299872 -0.194769
    outer loop
      vertex -30.5749 0.501445 5.68996
      vertex -30.15 -0.431375 5.08883
      vertex -30.5813 0.499501 5.72364
    endloop
  endfacet
  facet normal -0.969588 0.244742 0
    outer loop
      vertex -30.5929 0.668199 5.75783
      vertex -30.5845 0.701477 5.79217
      vertex -30.5845 0.701477 5.75783
    endloop
  endfacet
  facet normal -0.969588 0.244742 0
    outer loop
      vertex -30.5845 0.701477 5.79217
      vertex -30.5929 0.668199 5.75783
      vertex -30.5929 0.668199 5.79217
    endloop
  endfacet
  facet normal 0 -0.857741 -0.514082
    outer loop
      vertex -30.15 -0.722882 5.06791
      vertex -27.5771 -0.705537 5.03897
      vertex -27.5404 -0.722882 5.06791
    endloop
  endfacet
  facet normal -3.13211e-07 -0.857729 -0.514102
    outer loop
      vertex -30.15 -0.722882 5.06791
      vertex -27.6445 -0.665175 4.97163
      vertex -27.5771 -0.705537 5.03897
    endloop
  endfacet
  facet normal -0 -0.857727 -0.514106
    outer loop
      vertex -27.6687 -0.647204 4.94165
      vertex -30.15 -0.722882 5.06791
      vertex -30.15 -0.647204 4.94165
    endloop
  endfacet
  facet normal -2.12664e-06 -0.857708 -0.514137
    outer loop
      vertex -30.15 -0.722882 5.06791
      vertex -27.6687 -0.647204 4.94165
      vertex -27.6445 -0.665175 4.97163
    endloop
  endfacet
  facet normal -0.937577 0.333802 -0.0975946
    outer loop
      vertex -30.5699 0.732489 5.72364
      vertex -30.5845 0.701477 5.75783
      vertex -30.573 0.733778 5.75783
    endloop
  endfacet
  facet normal -0.933734 -0.33704 -0.120606
    outer loop
      vertex -30.15 -0.58478 5.41345
      vertex -30.5699 0.467511 5.72364
      vertex -30.15 -0.544727 5.30152
    endloop
  endfacet
  facet normal -0.93368 -0.15309 -0.323735
    outer loop
      vertex -30.15 0.0157644 4.68242
      vertex -30.5732 0.53571 5.65709
      vertex -30.15 0.123401 4.63152
    endloop
  endfacet
  facet normal -0.933736 -0.347236 0.0869758
    outer loop
      vertex -30.15 -0.586516 6.13045
      vertex -30.573 0.466222 5.79217
      vertex -30.15 -0.615444 6.01496
    endloop
  endfacet
  facet normal -0.933736 0.347241 0.0869532
    outer loop
      vertex -30.15 1.81544 6.01496
      vertex -30.573 0.733778 5.79217
      vertex -30.15 1.78652 6.13045
    endloop
  endfacet
  facet normal -0.9796 -0.0490738 0.194873
    outer loop
      vertex -30.5895 0.6 5.86004
      vertex -30.5962 0.6 5.82636
      vertex -30.5945 0.566065 5.82636
    endloop
  endfacet
  facet normal -0.942075 -0.335403 0
    outer loop
      vertex -30.573 0.466222 5.75783
      vertex -30.5845 0.498523 5.79217
      vertex -30.5845 0.498523 5.75783
    endloop
  endfacet
  facet normal -0.942075 -0.335403 0
    outer loop
      vertex -30.5845 0.498523 5.79217
      vertex -30.573 0.466222 5.75783
      vertex -30.573 0.466222 5.79217
    endloop
  endfacet
  facet normal -0.933745 0.213232 0.287492
    outer loop
      vertex -30.15 1.38548 6.73292
      vertex -30.583 0.666235 5.86004
      vertex -30.15 1.28943 6.80416
    endloop
  endfacet
  facet normal -0.933719 -0.240421 0.265268
    outer loop
      vertex -30.15 -0.189073 6.72981
      vertex -30.5749 0.501445 5.86004
      vertex -30.15 -0.277363 6.64979
    endloop
  endfacet
  facet normal -0.937505 0.334091 -0.097302
    outer loop
      vertex -30.5813 0.700499 5.72364
      vertex -30.5845 0.701477 5.75783
      vertex -30.5699 0.732489 5.72364
    endloop
  endfacet
  facet normal -0.989318 -0.145771 0
    outer loop
      vertex -30.5929 0.531801 5.75783
      vertex -30.5979 0.565735 5.79217
      vertex -30.5979 0.565735 5.75783
    endloop
  endfacet
  facet normal -0.989318 -0.145771 0
    outer loop
      vertex -30.5979 0.565735 5.79217
      vertex -30.5929 0.531801 5.75783
      vertex -30.5929 0.531801 5.79217
    endloop
  endfacet
  facet normal 0 0.803225 0.595676
    outer loop
      vertex -25 1.8472 6.60836
      vertex -30.15 1.75952 6.72659
      vertex -25 1.75952 6.72659
    endloop
  endfacet
  facet normal 0 0.803225 0.595676
    outer loop
      vertex -30.15 1.75952 6.72659
      vertex -25 1.8472 6.60836
      vertex -30.15 1.8472 6.60836
    endloop
  endfacet
  facet normal -0.964989 0.243582 0.0972854
    outer loop
      vertex -30.5845 0.701477 5.79217
      vertex -30.5929 0.668199 5.79217
      vertex -30.5813 0.700499 5.82636
    endloop
  endfacet
  facet normal 0 -0.336722 0.941604
    outer loop
      vertex -30.15 0.164573 7.21041
      vertex -27.9846 0.156072 7.20737
      vertex -27.9825 0.164573 7.21041
    endloop
  endfacet
  facet normal -8.92119e-07 -0.336924 0.941532
    outer loop
      vertex -30.15 0.164573 7.21041
      vertex -27.9961 0.078413 7.17958
      vertex -27.9846 0.156072 7.20737
    endloop
  endfacet
  facet normal 2.30692e-06 -0.336853 0.941557
    outer loop
      vertex -30.15 0.164573 7.21041
      vertex -27.9987 0.0259758 7.16082
      vertex -27.9961 0.078413 7.17958
    endloop
  endfacet
  facet normal 0 -0.336885 0.941546
    outer loop
      vertex -27.9987 0.0259758 7.16082
      vertex -30.15 0.164573 7.21041
      vertex -30.15 0.0259758 7.16082
    endloop
  endfacet
  facet normal 0 -0.857745 0.514076
    outer loop
      vertex -30.15 -0.722882 6.48209
      vertex -27.6687 -0.647204 6.60836
      vertex -30.15 -0.647204 6.60836
    endloop
  endfacet
  facet normal 4.26345e-06 -0.857782 0.514014
    outer loop
      vertex -27.6687 -0.647204 6.60836
      vertex -30.15 -0.722882 6.48209
      vertex -27.6445 -0.665175 6.57837
    endloop
  endfacet
  facet normal -3.13211e-07 -0.857729 0.514102
    outer loop
      vertex -27.6445 -0.665175 6.57837
      vertex -30.15 -0.722882 6.48209
      vertex -27.5771 -0.705537 6.51103
    endloop
  endfacet
  facet normal 0 -0.857741 0.514082
    outer loop
      vertex -27.5771 -0.705537 6.51103
      vertex -30.15 -0.722882 6.48209
      vertex -27.5404 -0.722882 6.48209
    endloop
  endfacet
  facet normal -0 0.514116 0.857721
    outer loop
      vertex -30.15 1.43335 7.0222
      vertex -25 1.30709 7.09788
      vertex -25 1.43335 7.0222
    endloop
  endfacet
  facet normal 0 0.514116 0.857721
    outer loop
      vertex -25 1.30709 7.09788
      vertex -30.15 1.43335 7.0222
      vertex -30.15 1.30709 7.09788
    endloop
  endfacet
  facet normal -0.93362 -0.0870441 0.347531
    outer loop
      vertex -30.15 0.356675 6.98985
      vertex -30.578 0.5677 5.89291
      vertex -30.15 0.24093 6.96086
    endloop
  endfacet
  facet normal 0 -0.336853 -0.941557
    outer loop
      vertex -30.15 0.0259758 4.38918
      vertex -27.9961 0.078413 4.37042
      vertex -27.9987 0.0259758 4.38918
    endloop
  endfacet
  facet normal 8.74528e-07 -0.336885 -0.941546
    outer loop
      vertex -30.15 0.164573 4.33959
      vertex -27.9961 0.078413 4.37042
      vertex -30.15 0.0259758 4.38918
    endloop
  endfacet
  facet normal -8.92119e-07 -0.336924 -0.941532
    outer loop
      vertex -27.9961 0.078413 4.37042
      vertex -30.15 0.164573 4.33959
      vertex -27.9846 0.156072 4.34263
    endloop
  endfacet
  facet normal 0 -0.336722 -0.941604
    outer loop
      vertex -27.9846 0.156072 4.34263
      vertex -30.15 0.164573 4.33959
      vertex -27.9825 0.164573 4.33959
    endloop
  endfacet
  facet normal 0 -0.803196 0.595715
    outer loop
      vertex -30.15 -0.647204 6.60836
      vertex -27.7713 -0.559515 6.72659
      vertex -30.15 -0.559515 6.72659
    endloop
  endfacet
  facet normal 3.66725e-06 -0.803231 0.595668
    outer loop
      vertex -27.7713 -0.559515 6.72659
      vertex -30.15 -0.647204 6.60836
      vertex -27.7657 -0.565685 6.71827
    endloop
  endfacet
  facet normal 1.83012e-06 -0.803212 0.595693
    outer loop
      vertex -27.7657 -0.565685 6.71827
      vertex -30.15 -0.647204 6.60836
      vertex -27.7075 -0.618408 6.64718
    endloop
  endfacet
  facet normal 0 -0.803157 0.595768
    outer loop
      vertex -27.7075 -0.618408 6.64718
      vertex -30.15 -0.647204 6.60836
      vertex -27.6687 -0.647204 6.60836
    endloop
  endfacet
  facet normal -0.933864 0.234165 0.270306
    outer loop
      vertex -30.5749 0.698555 5.86004
      vertex -30.15 1.38548 6.73292
      vertex -30.15 1.38907 6.72981
    endloop
  endfacet
  facet normal -0.933866 0.234044 0.270402
    outer loop
      vertex -30.15 1.38548 6.73292
      vertex -30.5749 0.698555 5.86004
      vertex -30.583 0.666235 5.86004
    endloop
  endfacet
  facet normal -0.933836 -0.208364 0.290747
    outer loop
      vertex -30.15 -0.089426 6.80416
      vertex -30.5732 0.53571 5.89291
      vertex -30.583 0.533765 5.86004
    endloop
  endfacet
  facet normal -0.933833 -0.208734 0.290492
    outer loop
      vertex -30.5732 0.53571 5.89291
      vertex -30.15 -0.089426 6.80416
      vertex -30.15 -0.0863643 6.80636
    endloop
  endfacet
  facet normal 0 0.998796 -0.0490465
    outer loop
      vertex -25 2.09278 5.62797
      vertex -30.15 2.1 5.775
      vertex -25 2.1 5.775
    endloop
  endfacet
  facet normal 0 0.998796 -0.0490465
    outer loop
      vertex -30.15 2.1 5.775
      vertex -25 2.09278 5.62797
      vertex -30.15 2.09278 5.62797
    endloop
  endfacet
  facet normal -0.933736 0.347241 -0.0869532
    outer loop
      vertex -30.15 1.78652 5.41955
      vertex -30.573 0.733778 5.75783
      vertex -30.15 1.81544 5.53504
    endloop
  endfacet
  facet normal -0.993858 0.0497881 -0.0988335
    outer loop
      vertex -30.5962 0.6 5.72364
      vertex -30.5996 0.6 5.75783
      vertex -30.5945 0.633935 5.72364
    endloop
  endfacet
  facet normal -0.97053 0.144297 0.193002
    outer loop
      vertex -30.583 0.666235 5.86004
      vertex -30.5945 0.633935 5.82636
      vertex -30.5879 0.633278 5.86004
    endloop
  endfacet
  facet normal -0.933672 0.017576 -0.357698
    outer loop
      vertex -30.15 0.6 4.536
      vertex -30.5795 0.6 5.65709
      vertex -30.15 0.71926 4.54186
    endloop
  endfacet
  facet normal 0 -0.671671 -0.74085
    outer loop
      vertex -30.15 -0.460659 4.71434
      vertex -27.8652 -0.444456 4.69965
      vertex -27.8532 -0.460659 4.71434
    endloop
  endfacet
  facet normal -1.63444e-06 -0.671544 -0.740964
    outer loop
      vertex -30.15 -0.460659 4.71434
      vertex -27.9055 -0.377117 4.63862
      vertex -27.8652 -0.444456 4.69965
    endloop
  endfacet
  facet normal 3.2713e-06 -0.671617 -0.740899
    outer loop
      vertex -30.15 -0.460659 4.71434
      vertex -27.9176 -0.35159 4.61548
      vertex -27.9055 -0.377117 4.63862
    endloop
  endfacet
  facet normal -0 -0.67158 -0.740932
    outer loop
      vertex -27.9176 -0.35159 4.61548
      vertex -30.15 -0.460659 4.71434
      vertex -30.15 -0.35159 4.61548
    endloop
  endfacet
  facet normal -0.933908 -0.357513 0
    outer loop
      vertex -30.15 -0.638755 5.77172
      vertex -30.573 0.466222 5.79217
      vertex -30.573 0.466222 5.75783
    endloop
  endfacet
  facet normal -0.933908 -0.357513 0
    outer loop
      vertex -30.573 0.466222 5.79217
      vertex -30.15 -0.638755 5.77172
      vertex -30.15 -0.638755 5.77828
    endloop
  endfacet
  facet normal -0.933672 0.017576 0.357698
    outer loop
      vertex -30.15 0.71926 7.00814
      vertex -30.5795 0.6 5.89291
      vertex -30.15 0.6 7.014
    endloop
  endfacet
  facet normal 0 0.94154 -0.3369
    outer loop
      vertex -25 1.98582 5.20098
      vertex -30.15 2.03541 5.33957
      vertex -25 2.03541 5.33957
    endloop
  endfacet
  facet normal 0 0.94154 -0.3369
    outer loop
      vertex -30.15 2.03541 5.33957
      vertex -25 1.98582 5.20098
      vertex -30.15 1.98582 5.20098
    endloop
  endfacet
  facet normal -0.93387 -0.332795 0.130899
    outer loop
      vertex -30.5699 0.467511 5.82636
      vertex -30.15 -0.5439 6.25065
      vertex -30.5813 0.499501 5.82636
    endloop
  endfacet
  facet normal -0.933834 -0.334254 0.127386
    outer loop
      vertex -30.15 -0.5439 6.25065
      vertex -30.5699 0.467511 5.82636
      vertex -30.15 -0.544727 6.24848
    endloop
  endfacet
  facet normal -0.96507 -0.243046 0.0978184
    outer loop
      vertex -30.5896 0.532458 5.82636
      vertex -30.5929 0.531801 5.79217
      vertex -30.5813 0.499501 5.82636
    endloop
  endfacet
  facet normal -0.933648 -0.120676 0.337252
    outer loop
      vertex -30.15 0.24093 6.96086
      vertex -30.578 0.5677 5.89291
      vertex -30.15 0.128584 6.92066
    endloop
  endfacet
  facet normal -0.937577 -0.333802 0.0975946
    outer loop
      vertex -30.5699 0.467511 5.82636
      vertex -30.5845 0.498523 5.79217
      vertex -30.573 0.466222 5.79217
    endloop
  endfacet
  facet normal -0.933693 0.323695 -0.153098
    outer loop
      vertex -30.15 1.69281 5.19133
      vertex -30.5813 0.700499 5.72364
      vertex -30.15 1.7439 5.29935
    endloop
  endfacet
  facet normal -0.933656 -0.354294 0.0525574
    outer loop
      vertex -30.15 -0.615444 6.01496
      vertex -30.573 0.466222 5.79217
      vertex -30.15 -0.632913 5.8972
    endloop
  endfacet
  facet normal -0.93369 0.357649 -0.0175937
    outer loop
      vertex -30.15 1.83291 5.6528
      vertex -30.573 0.733778 5.75783
      vertex -30.15 1.83876 5.77172
    endloop
  endfacet
  facet normal -0.933734 -0.33704 0.120606
    outer loop
      vertex -30.15 -0.544727 6.24848
      vertex -30.5699 0.467511 5.82636
      vertex -30.15 -0.58478 6.13655
    endloop
  endfacet
  facet normal 0 -0.970031 0.24298
    outer loop
      vertex -30.15 -0.871177 6.06764
      vertex -25 -0.83541 6.21043
      vertex -30.15 -0.83541 6.21043
    endloop
  endfacet
  facet normal 0 -0.970031 0.24298
    outer loop
      vertex -25 -0.83541 6.21043
      vertex -30.15 -0.871177 6.06764
      vertex -25 -0.871177 6.06764
    endloop
  endfacet
  facet normal -0.946274 0.141985 -0.290528
    outer loop
      vertex -30.578 0.6323 5.65709
      vertex -30.583 0.666235 5.68996
      vertex -30.5732 0.66429 5.65709
    endloop
  endfacet
  facet normal -0.951464 -0.238455 -0.194564
    outer loop
      vertex -30.5813 0.499501 5.72364
      vertex -30.583 0.533765 5.68996
      vertex -30.5749 0.501445 5.68996
    endloop
  endfacet
  facet normal -0.933909 0.357511 0
    outer loop
      vertex -30.573 0.733778 5.75783
      vertex -30.15 1.83876 5.77828
      vertex -30.15 1.83876 5.77172
    endloop
  endfacet
  facet normal -0.933909 0.357511 0
    outer loop
      vertex -30.15 1.83876 5.77828
      vertex -30.573 0.733778 5.75783
      vertex -30.573 0.733778 5.79217
    endloop
  endfacet
  facet normal -0.93371 -0.307094 0.184059
    outer loop
      vertex -30.15 -0.431375 6.46117
      vertex -30.5813 0.499501 5.82636
      vertex -30.15 -0.492809 6.35867
    endloop
  endfacet
  facet normal 0 0.3369 -0.94154
    outer loop
      vertex -30.15 1.03543 4.33959
      vertex -25 1.17402 4.38918
      vertex -25 1.03543 4.33959
    endloop
  endfacet
  facet normal 0 0.3369 -0.94154
    outer loop
      vertex -25 1.17402 4.38918
      vertex -30.15 1.03543 4.33959
      vertex -30.15 1.17402 4.38918
    endloop
  endfacet
  facet normal -0.984429 0.145051 -0.0992959
    outer loop
      vertex -30.5945 0.633935 5.72364
      vertex -30.5979 0.634265 5.75783
      vertex -30.5929 0.668199 5.75783
    endloop
  endfacet
  facet normal -0.993834 0.0493074 -0.0993071
    outer loop
      vertex -30.5945 0.633935 5.72364
      vertex -30.5996 0.6 5.75783
      vertex -30.5979 0.634265 5.75783
    endloop
  endfacet
  facet normal 0 0.146717 0.989178
    outer loop
      vertex -25 0.892635 7.24618
      vertex -27.2 0.799999 7.25992
      vertex -25 0.799999 7.25992
    endloop
  endfacet
  facet normal -0 0.146717 0.989178
    outer loop
      vertex -30.15 0.892635 7.24618
      vertex -27.2 0.799999 7.25992
      vertex -25 0.892635 7.24618
    endloop
  endfacet
  facet normal -6.58337e-06 0.146512 0.989209
    outer loop
      vertex -30.15 0.892635 7.24618
      vertex -27.2784 0.796147 7.26049
      vertex -27.2 0.799999 7.25992
    endloop
  endfacet
  facet normal 3.84182e-06 0.146816 0.989164
    outer loop
      vertex -30.15 0.892635 7.24618
      vertex -27.3561 0.784628 7.2622
      vertex -27.2784 0.796147 7.26049
    endloop
  endfacet
  facet normal 1.00162e-06 0.146744 0.989175
    outer loop
      vertex -30.15 0.892635 7.24618
      vertex -27.4322 0.765552 7.26503
      vertex -27.3561 0.784628 7.2622
    endloop
  endfacet
  facet normal 4.24432e-06 0.146812 0.989164
    outer loop
      vertex -30.15 0.892635 7.24618
      vertex -27.484 0.747025 7.26778
      vertex -27.4322 0.765552 7.26503
    endloop
  endfacet
  facet normal 0 0.146736 0.989176
    outer loop
      vertex -27.484 0.747025 7.26778
      vertex -30.15 0.892635 7.24618
      vertex -30.15 0.747025 7.26778
    endloop
  endfacet
  facet normal -0.933671 0.184143 0.307165
    outer loop
      vertex -30.15 1.28636 6.80636
      vertex -30.5732 0.66429 5.89291
      vertex -30.15 1.18424 6.86758
    endloop
  endfacet
  facet normal -0.933736 -0.347236 -0.0869758
    outer loop
      vertex -30.15 -0.615444 5.53504
      vertex -30.573 0.466222 5.75783
      vertex -30.15 -0.586516 5.41955
    endloop
  endfacet
  facet normal -0.933839 0.334089 -0.127785
    outer loop
      vertex -30.15 1.7439 5.29935
      vertex -30.5699 0.732489 5.72364
      vertex -30.15 1.74473 5.30152
    endloop
  endfacet
  facet normal -0.93387 0.332795 -0.130899
    outer loop
      vertex -30.5699 0.732489 5.72364
      vertex -30.15 1.7439 5.29935
      vertex -30.5813 0.700499 5.72364
    endloop
  endfacet
  facet normal -0.933885 0.299873 0.194769
    outer loop
      vertex -30.5749 0.698555 5.86004
      vertex -30.15 1.63137 6.46117
      vertex -30.5813 0.700499 5.82636
    endloop
  endfacet
  facet normal -0.933885 0.299894 0.194736
    outer loop
      vertex -30.15 1.63137 6.46117
      vertex -30.5749 0.698555 5.86004
      vertex -30.15 1.62837 6.46579
    endloop
  endfacet
  facet normal 0 -0.904249 -0.427006
    outer loop
      vertex -30.15 -0.785818 5.20098
      vertex -27.3561 -0.784628 5.19846
      vertex -27.348 -0.785818 5.20098
    endloop
  endfacet
  facet normal -5.35856e-07 -0.904019 -0.427492
    outer loop
      vertex -30.15 -0.785818 5.20098
      vertex -27.4322 -0.765552 5.15812
      vertex -27.3561 -0.784628 5.19846
    endloop
  endfacet
  facet normal -1.91941e-06 -0.903985 -0.427564
    outer loop
      vertex -30.15 -0.785818 5.20098
      vertex -27.5061 -0.739103 5.1022
      vertex -27.4322 -0.765552 5.15812
    endloop
  endfacet
  facet normal -0 -0.903993 -0.427547
    outer loop
      vertex -27.5404 -0.722882 5.06791
      vertex -30.15 -0.785818 5.20098
      vertex -30.15 -0.722882 5.06791
    endloop
  endfacet
  facet normal -4.35441e-06 -0.90396 -0.427617
    outer loop
      vertex -30.15 -0.785818 5.20098
      vertex -27.5404 -0.722882 5.06791
      vertex -27.5061 -0.739103 5.1022
    endloop
  endfacet
  facet normal -0.933656 -0.354294 -0.0525574
    outer loop
      vertex -30.15 -0.632913 5.6528
      vertex -30.573 0.466222 5.75783
      vertex -30.15 -0.615444 5.53504
    endloop
  endfacet
  facet normal 0 -0.04919 0.998789
    outer loop
      vertex -30.15 0.6 7.275
      vertex -27.7657 0.565685 7.27331
      vertex -27.7278 0.6 7.275
    endloop
  endfacet
  facet normal 3.63422e-06 -0.0489381 0.998802
    outer loop
      vertex -30.15 0.6 7.275
      vertex -27.8184 0.507514 7.27046
      vertex -27.7657 0.565685 7.27331
    endloop
  endfacet
  facet normal -1.94878e-06 -0.0490785 0.998795
    outer loop
      vertex -30.15 0.6 7.275
      vertex -27.8589 0.452975 7.26778
      vertex -27.8184 0.507514 7.27046
    endloop
  endfacet
  facet normal 0 -0.0490482 0.998796
    outer loop
      vertex -27.8589 0.452975 7.26778
      vertex -30.15 0.6 7.275
      vertex -30.15 0.452975 7.26778
    endloop
  endfacet
  facet normal -0.984429 -0.145051 0.0992959
    outer loop
      vertex -30.5945 0.566065 5.82636
      vertex -30.5979 0.565735 5.79217
      vertex -30.5929 0.531801 5.79217
    endloop
  endfacet
  facet normal 0 -0.242996 -0.970027
    outer loop
      vertex -30.15 0.307365 4.30382
      vertex -27.9825 0.164573 4.33959
      vertex -30.15 0.164573 4.33959
    endloop
  endfacet
  facet normal -2.21801e-06 -0.243028 -0.970019
    outer loop
      vertex -27.9825 0.164573 4.33959
      vertex -30.15 0.307365 4.30382
      vertex -27.9656 0.232227 4.32264
    endloop
  endfacet
  facet normal 2.19585e-06 -0.242907 -0.97005
    outer loop
      vertex -27.9656 0.232227 4.32264
      vertex -30.15 0.307365 4.30382
      vertex -27.9391 0.306147 4.30413
    endloop
  endfacet
  facet normal 0 -0.246652 -0.969104
    outer loop
      vertex -27.9391 0.306147 4.30413
      vertex -30.15 0.307365 4.30382
      vertex -27.9385 0.307365 4.30382
    endloop
  endfacet
  facet normal -0.946274 0.141985 0.290528
    outer loop
      vertex -30.5732 0.66429 5.89291
      vertex -30.583 0.666235 5.86004
      vertex -30.578 0.6323 5.89291
    endloop
  endfacet
  facet normal 0 0.998796 0.0490465
    outer loop
      vertex -25 2.1 5.775
      vertex -30.15 2.09278 5.92203
      vertex -25 2.09278 5.92203
    endloop
  endfacet
  facet normal 0 0.998796 0.0490465
    outer loop
      vertex -30.15 2.09278 5.92203
      vertex -25 2.1 5.775
      vertex -30.15 2.1 5.775
    endloop
  endfacet
  facet normal 0 0.989176 0.146736
    outer loop
      vertex -25 2.09278 5.92203
      vertex -30.15 2.07118 6.06764
      vertex -25 2.07118 6.06764
    endloop
  endfacet
  facet normal 0 0.989176 0.146736
    outer loop
      vertex -30.15 2.07118 6.06764
      vertex -25 2.09278 5.92203
      vertex -30.15 2.09278 5.92203
    endloop
  endfacet
  facet normal -0.970412 -0.141489 -0.195655
    outer loop
      vertex -30.5896 0.532458 5.72364
      vertex -30.5945 0.566065 5.72364
      vertex -30.583 0.533765 5.68996
    endloop
  endfacet
  facet normal -0.933922 -0.343883 0.0976433
    outer loop
      vertex -30.15 -0.586516 6.13045
      vertex -30.5699 0.467511 5.82636
      vertex -30.573 0.466222 5.79217
    endloop
  endfacet
  facet normal -0.933922 -0.343823 0.0978488
    outer loop
      vertex -30.5699 0.467511 5.82636
      vertex -30.15 -0.586516 6.13045
      vertex -30.15 -0.58478 6.13655
    endloop
  endfacet
  facet normal -0.970412 0.141489 -0.195655
    outer loop
      vertex -30.583 0.666235 5.68996
      vertex -30.5945 0.633935 5.72364
      vertex -30.5896 0.667542 5.72364
    endloop
  endfacet
  facet normal -0.964989 0.243582 -0.0972854
    outer loop
      vertex -30.5813 0.700499 5.72364
      vertex -30.5929 0.668199 5.75783
      vertex -30.5845 0.701477 5.75783
    endloop
  endfacet
  facet normal -0.93369 0.357649 0.0175937
    outer loop
      vertex -30.15 1.83876 5.77828
      vertex -30.573 0.733778 5.79217
      vertex -30.15 1.83291 5.8972
    endloop
  endfacet
  facet normal -0.93362 0.0870441 0.347531
    outer loop
      vertex -30.15 0.95907 6.96086
      vertex -30.578 0.6323 5.89291
      vertex -30.15 0.843325 6.98985
    endloop
  endfacet
  facet normal 0 0.970031 -0.242983
    outer loop
      vertex -25 2.03541 5.33957
      vertex -30.15 2.07118 5.48237
      vertex -25 2.07118 5.48237
    endloop
  endfacet
  facet normal 0 0.970031 -0.242983
    outer loop
      vertex -30.15 2.07118 5.48237
      vertex -25 2.03541 5.33957
      vertex -30.15 2.03541 5.33957
    endloop
  endfacet
  facet normal -0.980071 -0.047123 -0.192977
    outer loop
      vertex -30.5879 0.566723 5.68996
      vertex -30.5945 0.566065 5.72364
      vertex -30.5895 0.6 5.68996
    endloop
  endfacet
  facet normal -0.933648 0.120673 -0.337253
    outer loop
      vertex -30.15 0.95907 4.58914
      vertex -30.578 0.6323 5.65709
      vertex -30.15 1.07142 4.62934
    endloop
  endfacet
  facet normal 0 -0.740926 -0.671586
    outer loop
      vertex -30.15 -0.559515 4.82341
      vertex -27.8184 -0.507514 4.76604
      vertex -27.7713 -0.559515 4.82341
    endloop
  endfacet
  facet normal -0 -0.740949 -0.671562
    outer loop
      vertex -27.8532 -0.460659 4.71434
      vertex -30.15 -0.559515 4.82341
      vertex -30.15 -0.460659 4.71434
    endloop
  endfacet
  facet normal 2.29989e-06 -0.740973 -0.671535
    outer loop
      vertex -30.15 -0.559515 4.82341
      vertex -27.8532 -0.460659 4.71434
      vertex -27.8184 -0.507514 4.76604
    endloop
  endfacet
  facet normal -0.993834 0.0493074 0.0993071
    outer loop
      vertex -30.5979 0.634265 5.79217
      vertex -30.5996 0.6 5.79217
      vertex -30.5945 0.633935 5.82636
    endloop
  endfacet
  facet normal -0.984429 0.145051 0.0992959
    outer loop
      vertex -30.5929 0.668199 5.79217
      vertex -30.5979 0.634265 5.79217
      vertex -30.5945 0.633935 5.82636
    endloop
  endfacet
  facet normal -0.969588 -0.244742 0
    outer loop
      vertex -30.5845 0.498523 5.75783
      vertex -30.5929 0.531801 5.79217
      vertex -30.5929 0.531801 5.75783
    endloop
  endfacet
  facet normal -0.969588 -0.244742 0
    outer loop
      vertex -30.5929 0.531801 5.79217
      vertex -30.5845 0.498523 5.75783
      vertex -30.5845 0.498523 5.79217
    endloop
  endfacet
  facet normal -0.933693 -0.323694 -0.1531
    outer loop
      vertex -30.15 -0.5439 5.29935
      vertex -30.5813 0.499501 5.72364
      vertex -30.15 -0.492809 5.19133
    endloop
  endfacet
  facet normal -0.951464 0.238455 0.194564
    outer loop
      vertex -30.5813 0.700499 5.82636
      vertex -30.583 0.666235 5.86004
      vertex -30.5749 0.698555 5.86004
    endloop
  endfacet
  facet normal 0 -0.246652 0.969104
    outer loop
      vertex -30.15 0.307365 7.24618
      vertex -27.9391 0.306147 7.24587
      vertex -27.9385 0.307365 7.24618
    endloop
  endfacet
  facet normal 2.19585e-06 -0.242907 0.97005
    outer loop
      vertex -30.15 0.307365 7.24618
      vertex -27.9656 0.232227 7.22736
      vertex -27.9391 0.306147 7.24587
    endloop
  endfacet
  facet normal -2.21801e-06 -0.243028 0.970019
    outer loop
      vertex -30.15 0.307365 7.24618
      vertex -27.9825 0.164573 7.21041
      vertex -27.9656 0.232227 7.22736
    endloop
  endfacet
  facet normal 0 -0.242996 0.970027
    outer loop
      vertex -27.9825 0.164573 7.21041
      vertex -30.15 0.307365 7.24618
      vertex -30.15 0.164573 7.21041
    endloop
  endfacet
  facet normal 0 -0.147449 0.98907
    outer loop
      vertex -30.15 0.452975 7.26778
      vertex -27.8652 0.444456 7.26651
      vertex -27.8589 0.452975 7.26778
    endloop
  endfacet
  facet normal 2.6668e-06 -0.146749 0.989174
    outer loop
      vertex -30.15 0.452975 7.26778
      vertex -27.9055 0.377117 7.25652
      vertex -27.8652 0.444456 7.26651
    endloop
  endfacet
  facet normal 6.44154e-06 -0.14664 0.98919
    outer loop
      vertex -30.15 0.452975 7.26778
      vertex -27.9385 0.307365 7.24618
      vertex -27.9055 0.377117 7.25652
    endloop
  endfacet
  facet normal 0 -0.146736 0.989176
    outer loop
      vertex -27.9385 0.307365 7.24618
      vertex -30.15 0.452975 7.26778
      vertex -30.15 0.307365 7.24618
    endloop
  endfacet
  facet normal -0.993858 0.0497881 0.0988335
    outer loop
      vertex -30.5945 0.633935 5.82636
      vertex -30.5996 0.6 5.79217
      vertex -30.5962 0.6 5.82636
    endloop
  endfacet
  facet normal -0.93371 -0.307094 -0.184059
    outer loop
      vertex -30.15 -0.492809 5.19133
      vertex -30.5813 0.499501 5.72364
      vertex -30.15 -0.431375 5.08883
    endloop
  endfacet
  facet normal -0.980071 0.0471216 -0.192976
    outer loop
      vertex -30.5895 0.6 5.68996
      vertex -30.5945 0.633935 5.72364
      vertex -30.5879 0.633278 5.68996
    endloop
  endfacet
  facet normal -0.933876 0.138711 0.329597
    outer loop
      vertex -30.5732 0.66429 5.89291
      vertex -30.15 1.07142 6.92066
      vertex -30.15 1.0766 6.91848
    endloop
  endfacet
  facet normal -0.933865 0.140123 0.329032
    outer loop
      vertex -30.15 1.07142 6.92066
      vertex -30.5732 0.66429 5.89291
      vertex -30.578 0.6323 5.89291
    endloop
  endfacet
  facet normal 0 0.803249 -0.595643
    outer loop
      vertex -25 1.75952 4.82341
      vertex -30.15 1.8472 4.94165
      vertex -25 1.8472 4.94165
    endloop
  endfacet
  facet normal 0 0.803249 -0.595643
    outer loop
      vertex -30.15 1.8472 4.94165
      vertex -25 1.75952 4.82341
      vertex -30.15 1.75952 4.82341
    endloop
  endfacet
  facet normal -0.933671 -0.184131 -0.307172
    outer loop
      vertex -30.15 -0.0863643 4.74364
      vertex -30.5732 0.53571 5.65709
      vertex -30.15 0.0157644 4.68242
    endloop
  endfacet
  facet normal -0.96507 0.243046 -0.0978184
    outer loop
      vertex -30.5896 0.667542 5.72364
      vertex -30.5929 0.668199 5.75783
      vertex -30.5813 0.700499 5.72364
    endloop
  endfacet
  facet normal 0 0.514116 -0.857721
    outer loop
      vertex -30.15 1.30709 4.45212
      vertex -25 1.43335 4.5278
      vertex -25 1.30709 4.45212
    endloop
  endfacet
  facet normal 0 0.514116 -0.857721
    outer loop
      vertex -25 1.43335 4.5278
      vertex -30.15 1.30709 4.45212
      vertex -30.15 1.43335 4.5278
    endloop
  endfacet
  facet normal 0 -0.595667 -0.803231
    outer loop
      vertex -30.15 -0.35159 4.61548
      vertex -27.9391 -0.306147 4.58178
      vertex -27.9176 -0.35159 4.61548
    endloop
  endfacet
  facet normal -3.82799e-07 -0.595655 -0.80324
    outer loop
      vertex -30.15 -0.35159 4.61548
      vertex -27.9651 -0.233355 4.5278
      vertex -27.9391 -0.306147 4.58178
    endloop
  endfacet
  facet normal -0 -0.59566 -0.803237
    outer loop
      vertex -27.9651 -0.233355 4.5278
      vertex -30.15 -0.35159 4.61548
      vertex -30.15 -0.233355 4.5278
    endloop
  endfacet
  facet normal -0.93369 -0.35765 -0.0175697
    outer loop
      vertex -30.15 -0.638755 5.77172
      vertex -30.573 0.466222 5.75783
      vertex -30.15 -0.632913 5.6528
    endloop
  endfacet
  facet normal -0.937505 -0.334091 -0.097302
    outer loop
      vertex -30.5699 0.467511 5.72364
      vertex -30.5845 0.498523 5.75783
      vertex -30.5813 0.499501 5.72364
    endloop
  endfacet
  facet normal -0.93387 -0.332795 -0.130899
    outer loop
      vertex -30.15 -0.5439 5.29935
      vertex -30.5699 0.467511 5.72364
      vertex -30.5813 0.499501 5.72364
    endloop
  endfacet
  facet normal -0.933834 -0.334254 -0.127386
    outer loop
      vertex -30.5699 0.467511 5.72364
      vertex -30.15 -0.5439 5.29935
      vertex -30.15 -0.544727 5.30152
    endloop
  endfacet
  facet normal 0 -0.941536 -0.336911
    outer loop
      vertex -30.15 -0.83541 5.33957
      vertex -27.2 -0.799999 5.24061
      vertex -25 -0.83541 5.33957
    endloop
  endfacet
  facet normal 4.34822e-06 -0.941577 -0.336796
    outer loop
      vertex -30.15 -0.83541 5.33957
      vertex -27.2784 -0.796147 5.22984
      vertex -27.2 -0.799999 5.24061
    endloop
  endfacet
  facet normal -0 -0.941536 -0.336912
    outer loop
      vertex -27.348 -0.785818 5.20098
      vertex -30.15 -0.83541 5.33957
      vertex -30.15 -0.785818 5.20098
    endloop
  endfacet
  facet normal -2.81889e-06 -0.941518 -0.336963
    outer loop
      vertex -30.15 -0.83541 5.33957
      vertex -27.348 -0.785818 5.20098
      vertex -27.2784 -0.796147 5.22984
    endloop
  endfacet
  facet normal 0 -0.941536 -0.336911
    outer loop
      vertex -25 -0.83541 5.33957
      vertex -27.2 -0.799999 5.24061
      vertex -25 -0.799999 5.24061
    endloop
  endfacet
  facet normal -0.933637 -0.265423 0.240568
    outer loop
      vertex -30.15 -0.277363 6.64979
      vertex -30.5749 0.501445 5.86004
      vertex -30.15 -0.357385 6.5615
    endloop
  endfacet
  facet normal 0 0.903983 0.427569
    outer loop
      vertex -25 1.98582 6.34902
      vertex -30.15 1.92288 6.48209
      vertex -25 1.92288 6.48209
    endloop
  endfacet
  facet normal 0 0.903983 0.427569
    outer loop
      vertex -30.15 1.92288 6.48209
      vertex -25 1.98582 6.34902
      vertex -30.15 1.98582 6.34902
    endloop
  endfacet
  facet normal -0.937505 0.334091 0.097302
    outer loop
      vertex -30.5699 0.732489 5.82636
      vertex -30.5845 0.701477 5.79217
      vertex -30.5813 0.700499 5.82636
    endloop
  endfacet
  facet normal -0.933693 -0.323694 0.1531
    outer loop
      vertex -30.15 -0.492809 6.35867
      vertex -30.5813 0.499501 5.82636
      vertex -30.15 -0.5439 6.25065
    endloop
  endfacet
  facet normal 0 -0.67158 0.740932
    outer loop
      vertex -30.15 -0.460659 6.83566
      vertex -27.9176 -0.35159 6.93452
      vertex -30.15 -0.35159 6.93452
    endloop
  endfacet
  facet normal 3.2713e-06 -0.671617 0.740899
    outer loop
      vertex -27.9176 -0.35159 6.93452
      vertex -30.15 -0.460659 6.83566
      vertex -27.9055 -0.377117 6.91138
    endloop
  endfacet
  facet normal -1.63444e-06 -0.671544 0.740964
    outer loop
      vertex -27.9055 -0.377117 6.91138
      vertex -30.15 -0.460659 6.83566
      vertex -27.8652 -0.444456 6.85035
    endloop
  endfacet
  facet normal 0 -0.671671 0.74085
    outer loop
      vertex -27.8652 -0.444456 6.85035
      vertex -30.15 -0.460659 6.83566
      vertex -27.8532 -0.460659 6.83566
    endloop
  endfacet
  facet normal 0 0.903983 -0.427569
    outer loop
      vertex -25 1.92288 5.06791
      vertex -30.15 1.98582 5.20098
      vertex -25 1.98582 5.20098
    endloop
  endfacet
  facet normal 0 0.903983 -0.427569
    outer loop
      vertex -30.15 1.98582 5.20098
      vertex -25 1.92288 5.06791
      vertex -30.15 1.92288 5.06791
    endloop
  endfacet
  facet normal -0.93369 -0.35765 0.0175697
    outer loop
      vertex -30.15 -0.632913 5.8972
      vertex -30.573 0.466222 5.79217
      vertex -30.15 -0.638755 5.77828
    endloop
  endfacet
  facet normal 0 -0.998795 0.0490669
    outer loop
      vertex -30.15 -0.9 5.775
      vertex -25 -0.892777 5.92203
      vertex -30.15 -0.892777 5.92203
    endloop
  endfacet
  facet normal 0 -0.998795 0.0490669
    outer loop
      vertex -25 -0.892777 5.92203
      vertex -30.15 -0.9 5.775
      vertex -25 -0.9 5.775
    endloop
  endfacet
  facet normal 0 -0.903993 0.427547
    outer loop
      vertex -30.15 -0.785818 6.34902
      vertex -27.5404 -0.722882 6.48209
      vertex -30.15 -0.722882 6.48209
    endloop
  endfacet
  facet normal -4.35441e-06 -0.90396 0.427617
    outer loop
      vertex -27.5404 -0.722882 6.48209
      vertex -30.15 -0.785818 6.34902
      vertex -27.5061 -0.739103 6.4478
    endloop
  endfacet
  facet normal -1.91941e-06 -0.903985 0.427564
    outer loop
      vertex -27.5061 -0.739103 6.4478
      vertex -30.15 -0.785818 6.34902
      vertex -27.4322 -0.765552 6.39188
    endloop
  endfacet
  facet normal -5.35856e-07 -0.904019 0.427492
    outer loop
      vertex -27.4322 -0.765552 6.39188
      vertex -30.15 -0.785818 6.34902
      vertex -27.3561 -0.784628 6.35154
    endloop
  endfacet
  facet normal 0 -0.904249 0.427006
    outer loop
      vertex -27.3561 -0.784628 6.35154
      vertex -30.15 -0.785818 6.34902
      vertex -27.348 -0.785818 6.34902
    endloop
  endfacet
  facet normal -0.933656 0.354294 0.0525604
    outer loop
      vertex -30.15 1.83291 5.8972
      vertex -30.573 0.733778 5.79217
      vertex -30.15 1.81544 6.01496
    endloop
  endfacet
  facet normal -0.933656 0.354294 -0.0525604
    outer loop
      vertex -30.15 1.81544 5.53504
      vertex -30.573 0.733778 5.75783
      vertex -30.15 1.83291 5.6528
    endloop
  endfacet
  facet normal -0.933734 0.337042 -0.120598
    outer loop
      vertex -30.15 1.74473 5.30152
      vertex -30.5699 0.732489 5.72364
      vertex -30.15 1.78478 5.41345
    endloop
  endfacet
  facet normal -0.933923 0.343762 -0.0980568
    outer loop
      vertex -30.5699 0.732489 5.72364
      vertex -30.15 1.78652 5.41955
      vertex -30.15 1.78478 5.41345
    endloop
  endfacet
  facet normal -0.933923 0.343881 -0.0976433
    outer loop
      vertex -30.15 1.78652 5.41955
      vertex -30.5699 0.732489 5.72364
      vertex -30.573 0.733778 5.75783
    endloop
  endfacet
  facet normal -0.933856 -0.0433679 -0.355011
    outer loop
      vertex -30.15 0.48074 4.54186
      vertex -30.578 0.5677 5.65709
      vertex -30.5795 0.6 5.65709
    endloop
  endfacet
  facet normal -0.933816 -0.0458567 -0.354802
    outer loop
      vertex -30.578 0.5677 5.65709
      vertex -30.15 0.48074 4.54186
      vertex -30.15 0.474705 4.54264
    endloop
  endfacet
  facet normal -0.933694 -0.0525458 -0.354197
    outer loop
      vertex -30.15 0.356675 4.56015
      vertex -30.578 0.5677 5.65709
      vertex -30.15 0.474705 4.54264
    endloop
  endfacet
  facet normal -0.989318 0.145771 0
    outer loop
      vertex -30.5979 0.634265 5.75783
      vertex -30.5929 0.668199 5.79217
      vertex -30.5929 0.668199 5.75783
    endloop
  endfacet
  facet normal -0.989318 0.145771 0
    outer loop
      vertex -30.5929 0.668199 5.79217
      vertex -30.5979 0.634265 5.75783
      vertex -30.5979 0.634265 5.79217
    endloop
  endfacet
  facet normal -0.998772 0.0495524 0
    outer loop
      vertex -30.5996 0.6 5.75783
      vertex -30.5979 0.634265 5.79217
      vertex -30.5979 0.634265 5.75783
    endloop
  endfacet
  facet normal -0.998772 0.0495524 0
    outer loop
      vertex -30.5979 0.634265 5.79217
      vertex -30.5996 0.6 5.75783
      vertex -30.5996 0.6 5.79217
    endloop
  endfacet
  facet normal -0.984792 -0.143586 0.0978108
    outer loop
      vertex -30.5896 0.532458 5.82636
      vertex -30.5945 0.566065 5.82636
      vertex -30.5929 0.531801 5.79217
    endloop
  endfacet
  facet normal -0.956122 0.0459702 -0.289339
    outer loop
      vertex -30.578 0.6323 5.65709
      vertex -30.5895 0.6 5.68996
      vertex -30.5879 0.633278 5.68996
    endloop
  endfacet
  facet normal -0.9796 0.0490738 0.194873
    outer loop
      vertex -30.5945 0.633935 5.82636
      vertex -30.5962 0.6 5.82636
      vertex -30.5895 0.6 5.86004
    endloop
  endfacet
  facet normal -0.993834 -0.0493074 0.0993071
    outer loop
      vertex -30.5945 0.566065 5.82636
      vertex -30.5996 0.6 5.79217
      vertex -30.5979 0.565735 5.79217
    endloop
  endfacet
  facet normal -0.933833 -0.208734 -0.290492
    outer loop
      vertex -30.15 -0.089426 4.74584
      vertex -30.5732 0.53571 5.65709
      vertex -30.15 -0.0863643 4.74364
    endloop
  endfacet
  facet normal -0.933836 -0.208364 -0.290747
    outer loop
      vertex -30.5732 0.53571 5.65709
      vertex -30.15 -0.089426 4.74584
      vertex -30.583 0.533765 5.68996
    endloop
  endfacet
  facet normal -0.946814 0.140771 0.289356
    outer loop
      vertex -30.583 0.666235 5.86004
      vertex -30.5879 0.633278 5.86004
      vertex -30.578 0.6323 5.89291
    endloop
  endfacet
  facet normal -0.933694 -0.0525458 0.354197
    outer loop
      vertex -30.15 0.474705 7.00736
      vertex -30.578 0.5677 5.89291
      vertex -30.15 0.356675 6.98985
    endloop
  endfacet
  facet normal -0.933664 -0.287669 0.213349
    outer loop
      vertex -30.15 -0.357385 6.5615
      vertex -30.5749 0.501445 5.86004
      vertex -30.15 -0.428368 6.46579
    endloop
  endfacet
  facet normal -0 0.3369 0.94154
    outer loop
      vertex -30.15 1.17402 7.16082
      vertex -25 1.03543 7.21041
      vertex -25 1.17402 7.16082
    endloop
  endfacet
  facet normal 0 0.3369 0.94154
    outer loop
      vertex -25 1.03543 7.21041
      vertex -30.15 1.17402 7.16082
      vertex -30.15 1.03543 7.21041
    endloop
  endfacet
  facet normal -0.980071 -0.047123 0.192977
    outer loop
      vertex -30.5895 0.6 5.86004
      vertex -30.5945 0.566065 5.82636
      vertex -30.5879 0.566723 5.86004
    endloop
  endfacet
  facet normal -0.933648 0.120673 0.337253
    outer loop
      vertex -30.15 1.07142 6.92066
      vertex -30.578 0.6323 5.89291
      vertex -30.15 0.95907 6.96086
    endloop
  endfacet
  facet normal 0 -0.0490482 -0.998796
    outer loop
      vertex -30.15 0.6 4.275
      vertex -27.8589 0.452975 4.28222
      vertex -30.15 0.452975 4.28222
    endloop
  endfacet
  facet normal -1.94878e-06 -0.0490785 -0.998795
    outer loop
      vertex -27.8589 0.452975 4.28222
      vertex -30.15 0.6 4.275
      vertex -27.8184 0.507514 4.27954
    endloop
  endfacet
  facet normal 3.63422e-06 -0.0489381 -0.998802
    outer loop
      vertex -27.8184 0.507514 4.27954
      vertex -30.15 0.6 4.275
      vertex -27.7657 0.565685 4.27669
    endloop
  endfacet
  facet normal 0 -0.04919 -0.998789
    outer loop
      vertex -27.7657 0.565685 4.27669
      vertex -30.15 0.6 4.275
      vertex -27.7278 0.6 4.275
    endloop
  endfacet
  facet normal -0.933719 -0.240421 -0.265268
    outer loop
      vertex -30.15 -0.277363 4.90021
      vertex -30.5749 0.501445 5.68996
      vertex -30.15 -0.189073 4.82019
    endloop
  endfacet
  facet normal -0.951464 0.238455 -0.194564
    outer loop
      vertex -30.5749 0.698555 5.68996
      vertex -30.583 0.666235 5.68996
      vertex -30.5813 0.700499 5.72364
    endloop
  endfacet
  facet normal 0 0.857721 -0.514116
    outer loop
      vertex -25 1.8472 4.94165
      vertex -30.15 1.92288 5.06791
      vertex -25 1.92288 5.06791
    endloop
  endfacet
  facet normal 0 0.857721 -0.514116
    outer loop
      vertex -30.15 1.92288 5.06791
      vertex -25 1.8472 4.94165
      vertex -30.15 1.8472 4.94165
    endloop
  endfacet
  facet normal 0 0.740935 -0.671577
    outer loop
      vertex -25 1.66066 4.71434
      vertex -30.15 1.75952 4.82341
      vertex -25 1.75952 4.82341
    endloop
  endfacet
  facet normal 0 0.740935 -0.671577
    outer loop
      vertex -30.15 1.75952 4.82341
      vertex -25 1.66066 4.71434
      vertex -30.15 1.66066 4.71434
    endloop
  endfacet
  facet normal -0.933816 0.0458567 -0.354802
    outer loop
      vertex -30.15 0.71926 4.54186
      vertex -30.578 0.6323 5.65709
      vertex -30.15 0.725295 4.54264
    endloop
  endfacet
  facet normal -0.933856 0.0433679 -0.355011
    outer loop
      vertex -30.578 0.6323 5.65709
      vertex -30.15 0.71926 4.54186
      vertex -30.5795 0.6 5.65709
    endloop
  endfacet
  facet normal 0 -0.59566 0.803237
    outer loop
      vertex -30.15 -0.35159 6.93452
      vertex -27.9651 -0.233355 7.0222
      vertex -30.15 -0.233355 7.0222
    endloop
  endfacet
  facet normal -3.82799e-07 -0.595655 0.80324
    outer loop
      vertex -27.9651 -0.233355 7.0222
      vertex -30.15 -0.35159 6.93452
      vertex -27.9391 -0.306147 6.96822
    endloop
  endfacet
  facet normal 0 -0.595667 0.803231
    outer loop
      vertex -27.9391 -0.306147 6.96822
      vertex -30.15 -0.35159 6.93452
      vertex -27.9176 -0.35159 6.93452
    endloop
  endfacet
  facet normal -0.933665 0.287672 -0.213342
    outer loop
      vertex -30.15 1.55739 4.9885
      vertex -30.5749 0.698555 5.68996
      vertex -30.15 1.62837 5.08421
    endloop
  endfacet
  facet normal -0.933671 0.184143 -0.307165
    outer loop
      vertex -30.15 1.18424 4.68242
      vertex -30.5732 0.66429 5.65709
      vertex -30.15 1.28636 4.74364
    endloop
  endfacet
  facet normal -0.933864 0.234165 -0.270306
    outer loop
      vertex -30.15 1.38548 4.81708
      vertex -30.5749 0.698555 5.68996
      vertex -30.15 1.38907 4.82019
    endloop
  endfacet
  facet normal -0.933866 0.234044 -0.270402
    outer loop
      vertex -30.5749 0.698555 5.68996
      vertex -30.15 1.38548 4.81708
      vertex -30.583 0.666235 5.68996
    endloop
  endfacet
  facet normal -0.984792 0.143586 -0.0978108
    outer loop
      vertex -30.5896 0.667542 5.72364
      vertex -30.5945 0.633935 5.72364
      vertex -30.5929 0.668199 5.75783
    endloop
  endfacet
  facet normal -0 0.427569 0.903983
    outer loop
      vertex -30.15 1.30709 7.09788
      vertex -25 1.17402 7.16082
      vertex -25 1.30709 7.09788
    endloop
  endfacet
  facet normal 0 0.427569 0.903983
    outer loop
      vertex -25 1.17402 7.16082
      vertex -30.15 1.30709 7.09788
      vertex -30.15 1.17402 7.16082
    endloop
  endfacet
  facet normal -0.933694 0.0525458 0.354197
    outer loop
      vertex -30.15 0.843325 6.98985
      vertex -30.578 0.6323 5.89291
      vertex -30.15 0.725295 7.00736
    endloop
  endfacet
  facet normal -0.950979 -0.239498 -0.19565
    outer loop
      vertex -30.5813 0.499501 5.72364
      vertex -30.5896 0.532458 5.72364
      vertex -30.583 0.533765 5.68996
    endloop
  endfacet
  facet normal 0 -0.516281 -0.856419
    outer loop
      vertex -30.15 -0.233355 4.5278
      vertex -27.9656 -0.232227 4.52712
      vertex -27.9651 -0.233355 4.5278
    endloop
  endfacet
  facet normal -1.50637e-06 -0.51414 -0.857706
    outer loop
      vertex -30.15 -0.233355 4.5278
      vertex -27.9846 -0.156072 4.48147
      vertex -27.9656 -0.232227 4.52712
    endloop
  endfacet
  facet normal -7.19786e-06 -0.514023 -0.857777
    outer loop
      vertex -30.15 -0.233355 4.5278
      vertex -27.9919 -0.107094 4.45212
      vertex -27.9846 -0.156072 4.48147
    endloop
  endfacet
  facet normal -0 -0.514113 -0.857722
    outer loop
      vertex -27.9919 -0.107094 4.45212
      vertex -30.15 -0.233355 4.5278
      vertex -30.15 -0.107094 4.45212
    endloop
  endfacet
  facet normal 0 -0.970035 -0.242964
    outer loop
      vertex -30.15 -0.83541 5.33957
      vertex -25 -0.871177 5.48237
      vertex -30.15 -0.871177 5.48237
    endloop
  endfacet
  facet normal 0 -0.970035 -0.242964
    outer loop
      vertex -25 -0.871177 5.48237
      vertex -30.15 -0.83541 5.33957
      vertex -25 -0.83541 5.33957
    endloop
  endfacet
  facet normal -0.964989 -0.243582 -0.0972854
    outer loop
      vertex -30.5845 0.498523 5.75783
      vertex -30.5929 0.531801 5.75783
      vertex -30.5813 0.499501 5.72364
    endloop
  endfacet
  facet normal -0.933922 -0.343823 -0.0978488
    outer loop
      vertex -30.15 -0.586516 5.41955
      vertex -30.5699 0.467511 5.72364
      vertex -30.15 -0.58478 5.41345
    endloop
  endfacet
  facet normal -0.933922 -0.343883 -0.0976433
    outer loop
      vertex -30.5699 0.467511 5.72364
      vertex -30.15 -0.586516 5.41955
      vertex -30.573 0.466222 5.75783
    endloop
  endfacet
  facet normal -0.937577 -0.333802 -0.0975946
    outer loop
      vertex -30.573 0.466222 5.75783
      vertex -30.5845 0.498523 5.75783
      vertex -30.5699 0.467511 5.72364
    endloop
  endfacet
  facet normal -0 0.0491704 0.99879
    outer loop
      vertex -30.15 0.747025 7.26778
      vertex -27.5061 0.739103 7.26817
      vertex -27.484 0.747025 7.26778
    endloop
  endfacet
  facet normal -1.1034e-06 0.0488031 0.998808
    outer loop
      vertex -30.15 0.747025 7.26778
      vertex -27.5771 0.705537 7.26981
      vertex -27.5061 0.739103 7.26817
    endloop
  endfacet
  facet normal 5.86533e-06 0.0492342 0.998787
    outer loop
      vertex -30.15 0.747025 7.26778
      vertex -27.6445 0.665175 7.2718
      vertex -27.5771 0.705537 7.26981
    endloop
  endfacet
  facet normal 2.05472e-06 0.0491178 0.998793
    outer loop
      vertex -30.15 0.747025 7.26778
      vertex -27.7075 0.618408 7.2741
      vertex -27.6445 0.665175 7.2718
    endloop
  endfacet
  facet normal -1.22458e-05 0.0488469 0.998806
    outer loop
      vertex -30.15 0.747025 7.26778
      vertex -27.7278 0.6 7.275
      vertex -27.7075 0.618408 7.2741
    endloop
  endfacet
  facet normal 0 0.0490482 0.998796
    outer loop
      vertex -27.7278 0.6 7.275
      vertex -30.15 0.747025 7.26778
      vertex -30.15 0.6 7.275
    endloop
  endfacet
  facet normal 0 0.857739 0.514086
    outer loop
      vertex -25 1.92288 6.48209
      vertex -30.15 1.8472 6.60836
      vertex -25 1.8472 6.60836
    endloop
  endfacet
  facet normal 0 0.857739 0.514086
    outer loop
      vertex -30.15 1.8472 6.60836
      vertex -25 1.92288 6.48209
      vertex -30.15 1.92288 6.48209
    endloop
  endfacet
  facet normal -0.93371 0.307087 0.184072
    outer loop
      vertex -30.15 1.69281 6.35867
      vertex -30.5813 0.700499 5.82636
      vertex -30.15 1.63137 6.46117
    endloop
  endfacet
  facet normal -0.96507 0.243046 0.0978184
    outer loop
      vertex -30.5813 0.700499 5.82636
      vertex -30.5929 0.668199 5.79217
      vertex -30.5896 0.667542 5.82636
    endloop
  endfacet
  facet normal -0.984792 0.143586 0.0978108
    outer loop
      vertex -30.5929 0.668199 5.79217
      vertex -30.5945 0.633935 5.82636
      vertex -30.5896 0.667542 5.82636
    endloop
  endfacet
  facet normal -0.933694 0.0525458 -0.354197
    outer loop
      vertex -30.15 0.725295 4.54264
      vertex -30.578 0.6323 5.65709
      vertex -30.15 0.843325 4.56015
    endloop
  endfacet
  facet normal 0 0.146717 -0.989178
    outer loop
      vertex -27.2 0.799999 4.29008
      vertex -25 0.892635 4.30382
      vertex -25 0.799999 4.29008
    endloop
  endfacet
  facet normal 0 0.146736 -0.989176
    outer loop
      vertex -30.15 0.892635 4.30382
      vertex -27.484 0.747025 4.28222
      vertex -30.15 0.747025 4.28222
    endloop
  endfacet
  facet normal 4.24432e-06 0.146812 -0.989164
    outer loop
      vertex -27.484 0.747025 4.28222
      vertex -30.15 0.892635 4.30382
      vertex -27.4322 0.765552 4.28497
    endloop
  endfacet
  facet normal 1.00162e-06 0.146744 -0.989175
    outer loop
      vertex -27.4322 0.765552 4.28497
      vertex -30.15 0.892635 4.30382
      vertex -27.3561 0.784628 4.2878
    endloop
  endfacet
  facet normal 3.84182e-06 0.146816 -0.989164
    outer loop
      vertex -27.3561 0.784628 4.2878
      vertex -30.15 0.892635 4.30382
      vertex -27.2784 0.796147 4.28951
    endloop
  endfacet
  facet normal -6.58337e-06 0.146512 -0.989209
    outer loop
      vertex -27.2784 0.796147 4.28951
      vertex -30.15 0.892635 4.30382
      vertex -27.2 0.799999 4.29008
    endloop
  endfacet
  facet normal 0 0.146717 -0.989178
    outer loop
      vertex -27.2 0.799999 4.29008
      vertex -30.15 0.892635 4.30382
      vertex -25 0.892635 4.30382
    endloop
  endfacet
  facet normal 0 -0.514113 0.857722
    outer loop
      vertex -30.15 -0.233355 7.0222
      vertex -27.9919 -0.107094 7.09788
      vertex -30.15 -0.107094 7.09788
    endloop
  endfacet
  facet normal -7.19786e-06 -0.514023 0.857777
    outer loop
      vertex -27.9919 -0.107094 7.09788
      vertex -30.15 -0.233355 7.0222
      vertex -27.9846 -0.156072 7.06853
    endloop
  endfacet
  facet normal -1.50637e-06 -0.51414 0.857706
    outer loop
      vertex -27.9846 -0.156072 7.06853
      vertex -30.15 -0.233355 7.0222
      vertex -27.9656 -0.232227 7.02288
    endloop
  endfacet
  facet normal 0 -0.516281 0.856419
    outer loop
      vertex -27.9656 -0.232227 7.02288
      vertex -30.15 -0.233355 7.0222
      vertex -27.9651 -0.233355 7.0222
    endloop
  endfacet
  facet normal -0.933671 -0.184131 0.307172
    outer loop
      vertex -30.15 0.0157644 6.86758
      vertex -30.5732 0.53571 5.89291
      vertex -30.15 -0.0863643 6.80636
    endloop
  endfacet
  facet normal 0 -0.989176 0.146736
    outer loop
      vertex -30.15 -0.892777 5.92203
      vertex -25 -0.871177 6.06764
      vertex -30.15 -0.871177 6.06764
    endloop
  endfacet
  facet normal 0 -0.989176 0.146736
    outer loop
      vertex -25 -0.871177 6.06764
      vertex -30.15 -0.892777 5.92203
      vertex -25 -0.892777 5.92203
    endloop
  endfacet
  facet normal 0 -0.941536 0.336912
    outer loop
      vertex -30.15 -0.83541 6.21043
      vertex -27.348 -0.785818 6.34902
      vertex -30.15 -0.785818 6.34902
    endloop
  endfacet
  facet normal -2.81889e-06 -0.941518 0.336963
    outer loop
      vertex -27.348 -0.785818 6.34902
      vertex -30.15 -0.83541 6.21043
      vertex -27.2784 -0.796147 6.32016
    endloop
  endfacet
  facet normal 4.34822e-06 -0.941577 0.336796
    outer loop
      vertex -27.2784 -0.796147 6.32016
      vertex -30.15 -0.83541 6.21043
      vertex -27.2 -0.799999 6.30939
    endloop
  endfacet
  facet normal 0 -0.941536 0.336911
    outer loop
      vertex -25 -0.83541 6.21043
      vertex -27.2 -0.799999 6.30939
      vertex -30.15 -0.83541 6.21043
    endloop
  endfacet
  facet normal 0 -0.941536 0.336911
    outer loop
      vertex -27.2 -0.799999 6.30939
      vertex -25 -0.83541 6.21043
      vertex -25 -0.799999 6.30939
    endloop
  endfacet
  facet normal 0 0.970027 0.242999
    outer loop
      vertex -25 2.07118 6.06764
      vertex -30.15 2.03541 6.21043
      vertex -25 2.03541 6.21043
    endloop
  endfacet
  facet normal 0 0.970027 0.242999
    outer loop
      vertex -30.15 2.03541 6.21043
      vertex -25 2.07118 6.06764
      vertex -30.15 2.07118 6.06764
    endloop
  endfacet
  facet normal 0 0.989174 -0.146746
    outer loop
      vertex -25 2.07118 5.48237
      vertex -30.15 2.09278 5.62797
      vertex -25 2.09278 5.62797
    endloop
  endfacet
  facet normal 0 0.989174 -0.146746
    outer loop
      vertex -30.15 2.09278 5.62797
      vertex -25 2.07118 5.48237
      vertex -30.15 2.07118 5.48237
    endloop
  endfacet
  facet normal -0.946274 -0.141985 0.290528
    outer loop
      vertex -30.578 0.5677 5.89291
      vertex -30.583 0.533765 5.86004
      vertex -30.5732 0.53571 5.89291
    endloop
  endfacet
  facet normal -0.93368 -0.15309 0.323735
    outer loop
      vertex -30.15 0.123401 6.91848
      vertex -30.5732 0.53571 5.89291
      vertex -30.15 0.0157644 6.86758
    endloop
  endfacet
  facet normal -0.964989 -0.243582 0.0972854
    outer loop
      vertex -30.5813 0.499501 5.82636
      vertex -30.5929 0.531801 5.79217
      vertex -30.5845 0.498523 5.79217
    endloop
  endfacet
  facet normal -0.937505 -0.334091 0.097302
    outer loop
      vertex -30.5813 0.499501 5.82636
      vertex -30.5845 0.498523 5.79217
      vertex -30.5699 0.467511 5.82636
    endloop
  endfacet
  facet normal -0.950979 -0.239498 0.19565
    outer loop
      vertex -30.583 0.533765 5.86004
      vertex -30.5896 0.532458 5.82636
      vertex -30.5813 0.499501 5.82636
    endloop
  endfacet
  facet normal -0.933837 0.208363 0.290747
    outer loop
      vertex -30.5732 0.66429 5.89291
      vertex -30.15 1.28943 6.80416
      vertex -30.583 0.666235 5.86004
    endloop
  endfacet
  facet normal -0.933837 0.208356 0.290752
    outer loop
      vertex -30.15 1.28943 6.80416
      vertex -30.5732 0.66429 5.89291
      vertex -30.15 1.28636 6.80636
    endloop
  endfacet
  facet normal -0.970412 -0.141489 0.195655
    outer loop
      vertex -30.583 0.533765 5.86004
      vertex -30.5945 0.566065 5.82636
      vertex -30.5896 0.532458 5.82636
    endloop
  endfacet
  facet normal -0.955763 0.0443853 0.290771
    outer loop
      vertex -30.578 0.6323 5.89291
      vertex -30.5895 0.6 5.86004
      vertex -30.5795 0.6 5.89291
    endloop
  endfacet
  facet normal -0.933876 0.138711 -0.329597
    outer loop
      vertex -30.15 1.07142 4.62934
      vertex -30.5732 0.66429 5.65709
      vertex -30.15 1.0766 4.63152
    endloop
  endfacet
  facet normal -0.933865 0.140123 -0.329032
    outer loop
      vertex -30.5732 0.66429 5.65709
      vertex -30.15 1.07142 4.62934
      vertex -30.578 0.6323 5.65709
    endloop
  endfacet
  facet normal -0.96507 -0.243046 -0.0978184
    outer loop
      vertex -30.5813 0.499501 5.72364
      vertex -30.5929 0.531801 5.75783
      vertex -30.5896 0.532458 5.72364
    endloop
  endfacet
  facet normal -0.933745 -0.213231 -0.287493
    outer loop
      vertex -30.15 -0.185477 4.81708
      vertex -30.583 0.533765 5.68996
      vertex -30.15 -0.089426 4.74584
    endloop
  endfacet
  facet normal 0 0.0490482 -0.998796
    outer loop
      vertex -30.15 0.747025 4.28222
      vertex -27.7278 0.6 4.275
      vertex -30.15 0.6 4.275
    endloop
  endfacet
  facet normal -1.22458e-05 0.0488469 -0.998806
    outer loop
      vertex -27.7278 0.6 4.275
      vertex -30.15 0.747025 4.28222
      vertex -27.7075 0.618408 4.2759
    endloop
  endfacet
  facet normal 2.05472e-06 0.0491178 -0.998793
    outer loop
      vertex -27.7075 0.618408 4.2759
      vertex -30.15 0.747025 4.28222
      vertex -27.6445 0.665175 4.2782
    endloop
  endfacet
  facet normal -1.80047e-06 0.0490001 -0.998799
    outer loop
      vertex -27.6445 0.665175 4.2782
      vertex -30.15 0.747025 4.28222
      vertex -27.5771 0.705537 4.28018
    endloop
  endfacet
  facet normal -2.17412e-07 0.0490981 -0.998794
    outer loop
      vertex -27.5771 0.705537 4.28018
      vertex -30.15 0.747025 4.28222
      vertex -27.5061 0.739103 4.28183
    endloop
  endfacet
  facet normal 0 0.0491704 -0.99879
    outer loop
      vertex -27.5061 0.739103 4.28183
      vertex -30.15 0.747025 4.28222
      vertex -27.484 0.747025 4.28222
    endloop
  endfacet
  facet normal 0 0.242991 -0.970029
    outer loop
      vertex -30.15 0.892635 4.30382
      vertex -25 1.03543 4.33959
      vertex -25 0.892635 4.30382
    endloop
  endfacet
  facet normal 0 0.242991 -0.970029
    outer loop
      vertex -25 1.03543 4.33959
      vertex -30.15 0.892635 4.30382
      vertex -30.15 1.03543 4.33959
    endloop
  endfacet
  facet normal -0.93368 0.153086 -0.323737
    outer loop
      vertex -30.15 1.0766 4.63152
      vertex -30.5732 0.66429 5.65709
      vertex -30.15 1.18424 4.68242
    endloop
  endfacet
  facet normal 0 0.595643 -0.803249
    outer loop
      vertex -30.15 1.43335 4.5278
      vertex -25 1.55159 4.61548
      vertex -25 1.43335 4.5278
    endloop
  endfacet
  facet normal 0 0.595643 -0.803249
    outer loop
      vertex -25 1.55159 4.61548
      vertex -30.15 1.43335 4.5278
      vertex -30.15 1.55159 4.61548
    endloop
  endfacet
  facet normal -0.933637 0.265411 -0.240581
    outer loop
      vertex -30.15 1.47736 4.90021
      vertex -30.5749 0.698555 5.68996
      vertex -30.15 1.55739 4.9885
    endloop
  endfacet
  facet normal 0 -0.80323 -0.595669
    outer loop
      vertex -30.15 -0.647204 4.94165
      vertex -27.7075 -0.618408 4.90282
      vertex -27.6687 -0.647204 4.94165
    endloop
  endfacet
  facet normal -5.77418e-07 -0.803213 -0.595692
    outer loop
      vertex -30.15 -0.647204 4.94165
      vertex -27.7657 -0.565685 4.83173
      vertex -27.7075 -0.618408 4.90282
    endloop
  endfacet
  facet normal -0 -0.80322 -0.595683
    outer loop
      vertex -27.7713 -0.559515 4.82341
      vertex -30.15 -0.647204 4.94165
      vertex -30.15 -0.559515 4.82341
    endloop
  endfacet
  facet normal 1.24414e-06 -0.803232 -0.595667
    outer loop
      vertex -30.15 -0.647204 4.94165
      vertex -27.7713 -0.559515 4.82341
      vertex -27.7657 -0.565685 4.83173
    endloop
  endfacet
  facet normal -0.998772 -0.0495524 0
    outer loop
      vertex -30.5979 0.565735 5.75783
      vertex -30.5996 0.6 5.79217
      vertex -30.5996 0.6 5.75783
    endloop
  endfacet
  facet normal -0.998772 -0.0495524 0
    outer loop
      vertex -30.5996 0.6 5.79217
      vertex -30.5979 0.565735 5.75783
      vertex -30.5979 0.565735 5.79217
    endloop
  endfacet
  facet normal -0 0.595643 0.803249
    outer loop
      vertex -30.15 1.55159 6.93452
      vertex -25 1.43335 7.0222
      vertex -25 1.55159 6.93452
    endloop
  endfacet
  facet normal 0 0.595643 0.803249
    outer loop
      vertex -25 1.43335 7.0222
      vertex -30.15 1.55159 6.93452
      vertex -30.15 1.43335 7.0222
    endloop
  endfacet
  facet normal -0.933693 0.323695 0.153098
    outer loop
      vertex -30.15 1.7439 6.25065
      vertex -30.5813 0.700499 5.82636
      vertex -30.15 1.69281 6.35867
    endloop
  endfacet
  facet normal -0.933665 0.287672 0.213342
    outer loop
      vertex -30.15 1.62837 6.46579
      vertex -30.5749 0.698555 5.86004
      vertex -30.15 1.55739 6.5615
    endloop
  endfacet
  facet normal -0.950979 0.239498 0.19565
    outer loop
      vertex -30.5813 0.700499 5.82636
      vertex -30.5896 0.667542 5.82636
      vertex -30.583 0.666235 5.86004
    endloop
  endfacet
  facet normal -0.970412 0.141489 0.195655
    outer loop
      vertex -30.5896 0.667542 5.82636
      vertex -30.5945 0.633935 5.82636
      vertex -30.583 0.666235 5.86004
    endloop
  endfacet
  facet normal -0.933745 -0.213231 0.287493
    outer loop
      vertex -30.15 -0.089426 6.80416
      vertex -30.583 0.533765 5.86004
      vertex -30.15 -0.185477 6.73292
    endloop
  endfacet
  facet normal -0.933864 -0.140123 0.329033
    outer loop
      vertex -30.5732 0.53571 5.89291
      vertex -30.15 0.128584 6.92066
      vertex -30.578 0.5677 5.89291
    endloop
  endfacet
  facet normal -0.933877 -0.138642 0.329625
    outer loop
      vertex -30.15 0.128584 6.92066
      vertex -30.5732 0.53571 5.89291
      vertex -30.15 0.123401 6.91848
    endloop
  endfacet
  facet normal 0 -0.427679 0.903931
    outer loop
      vertex -27.9987 0.0259758 7.16082
      vertex -30.15 0.0259758 7.16082
      vertex -28 0 7.14853
    endloop
  endfacet
  facet normal 1.61456e-06 -0.42757 0.903982
    outer loop
      vertex -30.15 -0.107094 7.09788
      vertex -28 0 7.14853
      vertex -30.15 0.0259758 7.16082
    endloop
  endfacet
  facet normal -3.06463e-06 -0.427493 0.904019
    outer loop
      vertex -28 0 7.14853
      vertex -30.15 -0.107094 7.09788
      vertex -27.9961 -0.078413 7.11145
    endloop
  endfacet
  facet normal 0 -0.427681 0.90393
    outer loop
      vertex -27.9961 -0.078413 7.11145
      vertex -30.15 -0.107094 7.09788
      vertex -27.9919 -0.107094 7.09788
    endloop
  endfacet
  facet normal -0.933866 -0.234044 0.270403
    outer loop
      vertex -30.5749 0.501445 5.86004
      vertex -30.15 -0.185477 6.73292
      vertex -30.583 0.533765 5.86004
    endloop
  endfacet
  facet normal -0.933868 -0.233934 0.270491
    outer loop
      vertex -30.15 -0.185477 6.73292
      vertex -30.5749 0.501445 5.86004
      vertex -30.15 -0.189073 6.72981
    endloop
  endfacet
  facet normal -0.933885 -0.299872 0.194769
    outer loop
      vertex -30.15 -0.431375 6.46117
      vertex -30.5749 0.501445 5.86004
      vertex -30.5813 0.499501 5.82636
    endloop
  endfacet
  facet normal -0.933885 -0.299687 0.195056
    outer loop
      vertex -30.5749 0.501445 5.86004
      vertex -30.15 -0.431375 6.46117
      vertex -30.15 -0.428368 6.46579
    endloop
  endfacet
  facet normal -0.951464 -0.238455 0.194564
    outer loop
      vertex -30.5749 0.501445 5.86004
      vertex -30.583 0.533765 5.86004
      vertex -30.5813 0.499501 5.82636
    endloop
  endfacet
  facet normal -0.933816 0.0458567 0.354802
    outer loop
      vertex -30.578 0.6323 5.89291
      vertex -30.15 0.71926 7.00814
      vertex -30.15 0.725295 7.00736
    endloop
  endfacet
  facet normal -0.933856 0.0433679 0.355011
    outer loop
      vertex -30.15 0.71926 7.00814
      vertex -30.578 0.6323 5.89291
      vertex -30.5795 0.6 5.89291
    endloop
  endfacet
  facet normal 0 0.427569 -0.903983
    outer loop
      vertex -30.15 1.17402 4.38918
      vertex -25 1.30709 4.45212
      vertex -25 1.17402 4.38918
    endloop
  endfacet
  facet normal 0 0.427569 -0.903983
    outer loop
      vertex -25 1.30709 4.45212
      vertex -30.15 1.17402 4.38918
      vertex -30.15 1.30709 4.45212
    endloop
  endfacet
  facet normal -0.955763 -0.0443853 -0.290771
    outer loop
      vertex -30.578 0.5677 5.65709
      vertex -30.5895 0.6 5.68996
      vertex -30.5795 0.6 5.65709
    endloop
  endfacet
  facet normal -0.933745 0.213232 -0.287492
    outer loop
      vertex -30.15 1.28943 4.74584
      vertex -30.583 0.666235 5.68996
      vertex -30.15 1.38548 4.81708
    endloop
  endfacet
  facet normal -0.93362 -0.0870441 -0.347531
    outer loop
      vertex -30.15 0.24093 4.58914
      vertex -30.578 0.5677 5.65709
      vertex -30.15 0.356675 4.56015
    endloop
  endfacet
  facet normal -0.933672 -0.017576 -0.357698
    outer loop
      vertex -30.15 0.48074 4.54186
      vertex -30.5795 0.6 5.65709
      vertex -30.15 0.6 4.536
    endloop
  endfacet
  facet normal 0 0.671577 -0.740935
    outer loop
      vertex -30.15 1.55159 4.61548
      vertex -25 1.66066 4.71434
      vertex -25 1.55159 4.61548
    endloop
  endfacet
  facet normal 0 0.671577 -0.740935
    outer loop
      vertex -25 1.66066 4.71434
      vertex -30.15 1.55159 4.61548
      vertex -30.15 1.66066 4.71434
    endloop
  endfacet
  facet normal -3.06463e-06 -0.427493 -0.904019
    outer loop
      vertex -27.9961 -0.078413 4.43855
      vertex -30.15 -0.107094 4.45212
      vertex -28 0 4.40147
    endloop
  endfacet
  facet normal 0 -0.427681 -0.90393
    outer loop
      vertex -30.15 -0.107094 4.45212
      vertex -27.9961 -0.078413 4.43855
      vertex -27.9919 -0.107094 4.45212
    endloop
  endfacet
  facet normal 1.61456e-06 -0.42757 -0.903982
    outer loop
      vertex -30.15 0.0259758 4.38918
      vertex -28 0 4.40147
      vertex -30.15 -0.107094 4.45212
    endloop
  endfacet
  facet normal 0 -0.427679 -0.903931
    outer loop
      vertex -28 0 4.40147
      vertex -30.15 0.0259758 4.38918
      vertex -27.9987 0.0259758 4.38918
    endloop
  endfacet
  facet normal -0.933719 0.240421 -0.265268
    outer loop
      vertex -30.15 1.38907 4.82019
      vertex -30.5749 0.698555 5.68996
      vertex -30.15 1.47736 4.90021
    endloop
  endfacet
  facet normal -0.950979 0.239498 -0.19565
    outer loop
      vertex -30.583 0.666235 5.68996
      vertex -30.5896 0.667542 5.72364
      vertex -30.5813 0.700499 5.72364
    endloop
  endfacet
  facet normal -0.933837 0.208356 -0.290752
    outer loop
      vertex -30.5732 0.66429 5.65709
      vertex -30.15 1.28943 4.74584
      vertex -30.15 1.28636 4.74364
    endloop
  endfacet
  facet normal -0.933837 0.208363 -0.290747
    outer loop
      vertex -30.15 1.28943 4.74584
      vertex -30.5732 0.66429 5.65709
      vertex -30.583 0.666235 5.68996
    endloop
  endfacet
  facet normal -0.933885 0.299894 -0.194736
    outer loop
      vertex -30.5749 0.698555 5.68996
      vertex -30.15 1.63137 5.08883
      vertex -30.15 1.62837 5.08421
    endloop
  endfacet
  facet normal -0.933885 0.299873 -0.194769
    outer loop
      vertex -30.15 1.63137 5.08883
      vertex -30.5749 0.698555 5.68996
      vertex -30.5813 0.700499 5.72364
    endloop
  endfacet
  facet normal -0.933637 -0.265423 -0.240568
    outer loop
      vertex -30.15 -0.357385 4.9885
      vertex -30.5749 0.501445 5.68996
      vertex -30.15 -0.277363 4.90021
    endloop
  endfacet
  facet normal -0.933664 -0.287669 -0.213349
    outer loop
      vertex -30.15 -0.428368 5.08421
      vertex -30.5749 0.501445 5.68996
      vertex -30.15 -0.357385 4.9885
    endloop
  endfacet
  facet normal -0.984429 -0.145051 -0.0992959
    outer loop
      vertex -30.5929 0.531801 5.75783
      vertex -30.5979 0.565735 5.75783
      vertex -30.5945 0.566065 5.72364
    endloop
  endfacet
  facet normal -0.993834 -0.0493074 -0.0993071
    outer loop
      vertex -30.5979 0.565735 5.75783
      vertex -30.5996 0.6 5.75783
      vertex -30.5945 0.566065 5.72364
    endloop
  endfacet
  facet normal 0 0.94154 0.3369
    outer loop
      vertex -25 2.03541 6.21043
      vertex -30.15 1.98582 6.34902
      vertex -25 1.98582 6.34902
    endloop
  endfacet
  facet normal 0 0.94154 0.3369
    outer loop
      vertex -30.15 1.98582 6.34902
      vertex -25 2.03541 6.21043
      vertex -30.15 2.03541 6.21043
    endloop
  endfacet
  facet normal -0.933734 0.337042 0.120598
    outer loop
      vertex -30.15 1.78478 6.13655
      vertex -30.5699 0.732489 5.82636
      vertex -30.15 1.74473 6.24848
    endloop
  endfacet
  facet normal -0.933637 0.265411 0.240581
    outer loop
      vertex -30.15 1.55739 6.5615
      vertex -30.5749 0.698555 5.86004
      vertex -30.15 1.47736 6.64979
    endloop
  endfacet
  facet normal -0.933719 0.240421 0.265268
    outer loop
      vertex -30.15 1.47736 6.64979
      vertex -30.5749 0.698555 5.86004
      vertex -30.15 1.38907 6.72981
    endloop
  endfacet
  facet normal 0 0.740935 0.671577
    outer loop
      vertex -25 1.75952 6.72659
      vertex -30.15 1.66066 6.83566
      vertex -25 1.66066 6.83566
    endloop
  endfacet
  facet normal 0 0.740935 0.671577
    outer loop
      vertex -30.15 1.66066 6.83566
      vertex -25 1.75952 6.72659
      vertex -30.15 1.75952 6.72659
    endloop
  endfacet
  facet normal -0.956123 -0.0459716 0.289338
    outer loop
      vertex -30.578 0.5677 5.89291
      vertex -30.5895 0.6 5.86004
      vertex -30.5879 0.566723 5.86004
    endloop
  endfacet
  facet normal -0.955763 -0.0443853 0.290771
    outer loop
      vertex -30.5795 0.6 5.89291
      vertex -30.5895 0.6 5.86004
      vertex -30.578 0.5677 5.89291
    endloop
  endfacet
  facet normal 0 -0.740949 0.671562
    outer loop
      vertex -30.15 -0.559515 6.72659
      vertex -27.8532 -0.460659 6.83566
      vertex -30.15 -0.460659 6.83566
    endloop
  endfacet
  facet normal 2.29989e-06 -0.740973 0.671535
    outer loop
      vertex -27.8532 -0.460659 6.83566
      vertex -30.15 -0.559515 6.72659
      vertex -27.8184 -0.507514 6.78396
    endloop
  endfacet
  facet normal 0 -0.740926 0.671586
    outer loop
      vertex -27.8184 -0.507514 6.78396
      vertex -30.15 -0.559515 6.72659
      vertex -27.7713 -0.559515 6.72659
    endloop
  endfacet
  facet normal -0.933856 -0.0433679 0.355011
    outer loop
      vertex -30.578 0.5677 5.89291
      vertex -30.15 0.48074 7.00814
      vertex -30.5795 0.6 5.89291
    endloop
  endfacet
  facet normal -0.933816 -0.0458567 0.354802
    outer loop
      vertex -30.15 0.48074 7.00814
      vertex -30.578 0.5677 5.89291
      vertex -30.15 0.474705 7.00736
    endloop
  endfacet
  facet normal -0.933672 -0.017576 0.357698
    outer loop
      vertex -30.15 0.6 7.014
      vertex -30.5795 0.6 5.89291
      vertex -30.15 0.48074 7.00814
    endloop
  endfacet
  facet normal -0.93368 0.153086 0.323737
    outer loop
      vertex -30.15 1.18424 6.86758
      vertex -30.5732 0.66429 5.89291
      vertex -30.15 1.0766 6.91848
    endloop
  endfacet
  facet normal -0.93362 0.0870441 -0.347531
    outer loop
      vertex -30.15 0.843325 4.56015
      vertex -30.578 0.6323 5.65709
      vertex -30.15 0.95907 4.58914
    endloop
  endfacet
  facet normal 0 -0.146736 -0.989176
    outer loop
      vertex -30.15 0.452975 4.28222
      vertex -27.9385 0.307365 4.30382
      vertex -30.15 0.307365 4.30382
    endloop
  endfacet
  facet normal 6.44154e-06 -0.14664 -0.98919
    outer loop
      vertex -27.9385 0.307365 4.30382
      vertex -30.15 0.452975 4.28222
      vertex -27.9055 0.377117 4.29348
    endloop
  endfacet
  facet normal 2.6668e-06 -0.146749 -0.989174
    outer loop
      vertex -27.9055 0.377117 4.29348
      vertex -30.15 0.452975 4.28222
      vertex -27.8652 0.444456 4.28349
    endloop
  endfacet
  facet normal 0 -0.147449 -0.98907
    outer loop
      vertex -27.8652 0.444456 4.28349
      vertex -30.15 0.452975 4.28222
      vertex -27.8589 0.452975 4.28222
    endloop
  endfacet
  facet normal -0.946814 0.140771 -0.289356
    outer loop
      vertex -30.578 0.6323 5.65709
      vertex -30.5879 0.633278 5.68996
      vertex -30.583 0.666235 5.68996
    endloop
  endfacet
  facet normal -0.97053 0.144297 -0.193002
    outer loop
      vertex -30.5879 0.633278 5.68996
      vertex -30.5945 0.633935 5.72364
      vertex -30.583 0.666235 5.68996
    endloop
  endfacet
  facet normal -0.955763 0.0443853 -0.290771
    outer loop
      vertex -30.5795 0.6 5.65709
      vertex -30.5895 0.6 5.68996
      vertex -30.578 0.6323 5.65709
    endloop
  endfacet
  facet normal -0.993858 -0.0497881 -0.0988335
    outer loop
      vertex -30.5945 0.566065 5.72364
      vertex -30.5996 0.6 5.75783
      vertex -30.5962 0.6 5.72364
    endloop
  endfacet
  facet normal -0.933648 -0.120676 -0.337252
    outer loop
      vertex -30.15 0.128584 4.62934
      vertex -30.578 0.5677 5.65709
      vertex -30.15 0.24093 4.58914
    endloop
  endfacet
  facet normal -0.933864 -0.140123 -0.329033
    outer loop
      vertex -30.15 0.128584 4.62934
      vertex -30.5732 0.53571 5.65709
      vertex -30.578 0.5677 5.65709
    endloop
  endfacet
  facet normal -0.933877 -0.138642 -0.329625
    outer loop
      vertex -30.5732 0.53571 5.65709
      vertex -30.15 0.128584 4.62934
      vertex -30.15 0.123401 4.63152
    endloop
  endfacet
  facet normal -0.984792 -0.143586 -0.0978108
    outer loop
      vertex -30.5929 0.531801 5.75783
      vertex -30.5945 0.566065 5.72364
      vertex -30.5896 0.532458 5.72364
    endloop
  endfacet
  facet normal -0.933866 -0.234044 -0.270403
    outer loop
      vertex -30.15 -0.185477 4.81708
      vertex -30.5749 0.501445 5.68996
      vertex -30.583 0.533765 5.68996
    endloop
  endfacet
  facet normal -0.933868 -0.233934 -0.270491
    outer loop
      vertex -30.5749 0.501445 5.68996
      vertex -30.15 -0.185477 4.81708
      vertex -30.15 -0.189073 4.82019
    endloop
  endfacet
  facet normal -0.946816 -0.140767 0.289352
    outer loop
      vertex -30.578 0.5677 5.89291
      vertex -30.5879 0.566723 5.86004
      vertex -30.583 0.533765 5.86004
    endloop
  endfacet
  facet normal -0.97053 -0.144293 0.193006
    outer loop
      vertex -30.5879 0.566723 5.86004
      vertex -30.5945 0.566065 5.82636
      vertex -30.583 0.533765 5.86004
    endloop
  endfacet
  facet normal -0 0.242991 0.970029
    outer loop
      vertex -30.15 1.03543 7.21041
      vertex -25 0.892635 7.24618
      vertex -25 1.03543 7.21041
    endloop
  endfacet
  facet normal 0 0.242991 0.970029
    outer loop
      vertex -25 0.892635 7.24618
      vertex -30.15 1.03543 7.21041
      vertex -30.15 0.892635 7.24618
    endloop
  endfacet
  facet normal -0.956122 0.0459702 0.289339
    outer loop
      vertex -30.5879 0.633278 5.86004
      vertex -30.5895 0.6 5.86004
      vertex -30.578 0.6323 5.89291
    endloop
  endfacet
  facet normal -0.980071 0.0471216 0.192976
    outer loop
      vertex -30.5879 0.633278 5.86004
      vertex -30.5945 0.633935 5.82636
      vertex -30.5895 0.6 5.86004
    endloop
  endfacet
  facet normal -0.9796 -0.0490738 -0.194873
    outer loop
      vertex -30.5945 0.566065 5.72364
      vertex -30.5962 0.6 5.72364
      vertex -30.5895 0.6 5.68996
    endloop
  endfacet
  facet normal -0.9796 0.0490738 -0.194873
    outer loop
      vertex -30.5895 0.6 5.68996
      vertex -30.5962 0.6 5.72364
      vertex -30.5945 0.633935 5.72364
    endloop
  endfacet
  facet normal -0.956123 -0.0459716 -0.289338
    outer loop
      vertex -30.5879 0.566723 5.68996
      vertex -30.5895 0.6 5.68996
      vertex -30.578 0.5677 5.65709
    endloop
  endfacet
  facet normal -0.946274 -0.141985 -0.290528
    outer loop
      vertex -30.5732 0.53571 5.65709
      vertex -30.583 0.533765 5.68996
      vertex -30.578 0.5677 5.65709
    endloop
  endfacet
  facet normal -0.946816 -0.140767 -0.289352
    outer loop
      vertex -30.583 0.533765 5.68996
      vertex -30.5879 0.566723 5.68996
      vertex -30.578 0.5677 5.65709
    endloop
  endfacet
  facet normal -0.97053 -0.144293 -0.193006
    outer loop
      vertex -30.583 0.533765 5.68996
      vertex -30.5945 0.566065 5.72364
      vertex -30.5879 0.566723 5.68996
    endloop
  endfacet
  facet normal 1 0 0
    outer loop
      vertex -25 2.09278 5.92203
      vertex -25 2.09278 5.62797
      vertex -25 2.1 5.775
    endloop
  endfacet
  facet normal 1 0 0
    outer loop
      vertex -25 2.07118 6.06764
      vertex -25 2.09278 5.62797
      vertex -25 2.09278 5.92203
    endloop
  endfacet
  facet normal 1 0 0
    outer loop
      vertex -25 2.07118 6.06764
      vertex -25 2.07118 5.48237
      vertex -25 2.09278 5.62797
    endloop
  endfacet
  facet normal 1 0 0
    outer loop
      vertex -25 2.03541 6.21043
      vertex -25 2.07118 5.48237
      vertex -25 2.07118 6.06764
    endloop
  endfacet
  facet normal 1 0 0
    outer loop
      vertex -25 2.03541 6.21043
      vertex -25 2.03541 5.33957
      vertex -25 2.07118 5.48237
    endloop
  endfacet
  facet normal 1 0 0
    outer loop
      vertex -25 1.98582 6.34902
      vertex -25 2.03541 5.33957
      vertex -25 2.03541 6.21043
    endloop
  endfacet
  facet normal 1 0 0
    outer loop
      vertex -25 1.98582 6.34902
      vertex -25 1.98582 5.20098
      vertex -25 2.03541 5.33957
    endloop
  endfacet
  facet normal 1 0 0
    outer loop
      vertex -25 1.92288 6.48209
      vertex -25 1.98582 5.20098
      vertex -25 1.98582 6.34902
    endloop
  endfacet
  facet normal 1 0 0
    outer loop
      vertex -25 1.92288 6.48209
      vertex -25 1.92288 5.06791
      vertex -25 1.98582 5.20098
    endloop
  endfacet
  facet normal 1 0 0
    outer loop
      vertex -25 1.8472 6.60836
      vertex -25 1.92288 5.06791
      vertex -25 1.92288 6.48209
    endloop
  endfacet
  facet normal 1 0 0
    outer loop
      vertex -25 1.8472 6.60836
      vertex -25 1.8472 4.94165
      vertex -25 1.92288 5.06791
    endloop
  endfacet
  facet normal 1 0 0
    outer loop
      vertex -25 1.75952 6.72659
      vertex -25 1.8472 4.94165
      vertex -25 1.8472 6.60836
    endloop
  endfacet
  facet normal 1 0 0
    outer loop
      vertex -25 1.75952 6.72659
      vertex -25 1.75952 4.82341
      vertex -25 1.8472 4.94165
    endloop
  endfacet
  facet normal 1 0 0
    outer loop
      vertex -25 1.66066 6.83566
      vertex -25 1.75952 4.82341
      vertex -25 1.75952 6.72659
    endloop
  endfacet
  facet normal 1 0 0
    outer loop
      vertex -25 1.66066 6.83566
      vertex -25 1.66066 4.71434
      vertex -25 1.75952 4.82341
    endloop
  endfacet
  facet normal 1 0 0
    outer loop
      vertex -25 1.55159 6.93452
      vertex -25 1.66066 4.71434
      vertex -25 1.66066 6.83566
    endloop
  endfacet
  facet normal 1 0 0
    outer loop
      vertex -25 1.55159 6.93452
      vertex -25 1.55159 4.61548
      vertex -25 1.66066 4.71434
    endloop
  endfacet
  facet normal 1 0 0
    outer loop
      vertex -25 1.43335 7.0222
      vertex -25 1.55159 4.61548
      vertex -25 1.55159 6.93452
    endloop
  endfacet
  facet normal 1 0 0
    outer loop
      vertex -25 1.43335 7.0222
      vertex -25 1.43335 4.5278
      vertex -25 1.55159 4.61548
    endloop
  endfacet
  facet normal 1 0 0
    outer loop
      vertex -25 1.30709 7.09788
      vertex -25 1.43335 4.5278
      vertex -25 1.43335 7.0222
    endloop
  endfacet
  facet normal 1 0 0
    outer loop
      vertex -25 1.30709 7.09788
      vertex -25 1.30709 4.45212
      vertex -25 1.43335 4.5278
    endloop
  endfacet
  facet normal 1 0 0
    outer loop
      vertex -25 1.17402 7.16082
      vertex -25 1.30709 4.45212
      vertex -25 1.30709 7.09788
    endloop
  endfacet
  facet normal 1 0 0
    outer loop
      vertex -25 1.17402 7.16082
      vertex -25 1.17402 4.38918
      vertex -25 1.30709 4.45212
    endloop
  endfacet
  facet normal 1 0 0
    outer loop
      vertex -25 1.03543 7.21041
      vertex -25 1.17402 4.38918
      vertex -25 1.17402 7.16082
    endloop
  endfacet
  facet normal 1 0 0
    outer loop
      vertex -25 1.03543 7.21041
      vertex -25 1.03543 4.33959
      vertex -25 1.17402 4.38918
    endloop
  endfacet
  facet normal 1 0 0
    outer loop
      vertex -25 0.799999 7.25992
      vertex -25 1.03543 7.21041
      vertex -25 0.892635 7.24618
    endloop
  endfacet
  facet normal 1 0 0
    outer loop
      vertex -25 1.03543 7.21041
      vertex -25 0.799999 7.25992
      vertex -25 1.03543 4.33959
    endloop
  endfacet
  facet normal 1 0 0
    outer loop
      vertex -25 0.799999 4.29008
      vertex -25 1.03543 4.33959
      vertex -25 0.799999 7.25992
    endloop
  endfacet
  facet normal 1 0 0
    outer loop
      vertex -25 1.03543 4.33959
      vertex -25 0.799999 4.29008
      vertex -25 0.892635 4.30382
    endloop
  endfacet
  facet normal 1 0 0
    outer loop
      vertex -25 -0.871177 6.06764
      vertex -25 -0.799999 6.30939
      vertex -25 -0.83541 6.21043
    endloop
  endfacet
  facet normal 1 0 0
    outer loop
      vertex -25 -0.799999 6.30939
      vertex -25 -0.871177 6.06764
      vertex -25 -0.799999 5.24061
    endloop
  endfacet
  facet normal 1 -0 0
    outer loop
      vertex -25 -0.871177 5.48237
      vertex -25 -0.799999 5.24061
      vertex -25 -0.871177 6.06764
    endloop
  endfacet
  facet normal 1 0 0
    outer loop
      vertex -25 -0.799999 5.24061
      vertex -25 -0.871177 5.48237
      vertex -25 -0.83541 5.33957
    endloop
  endfacet
  facet normal 1 -0 0
    outer loop
      vertex -25 -0.892777 5.92203
      vertex -25 -0.871177 5.48237
      vertex -25 -0.871177 6.06764
    endloop
  endfacet
  facet normal 1 0 0
    outer loop
      vertex -25 -0.892777 5.92203
      vertex -25 -0.892777 5.62797
      vertex -25 -0.871177 5.48237
    endloop
  endfacet
  facet normal 1 0 -0
    outer loop
      vertex -25 -0.892777 5.62797
      vertex -25 -0.892777 5.92203
      vertex -25 -0.9 5.775
    endloop
  endfacet
  facet normal -1 0 0
    outer loop
      vertex -30.15 1.83876 5.77172
      vertex -30.15 2.1 5.775
      vertex -30.15 2.09278 5.62797
    endloop
  endfacet
  facet normal -1 0 0
    outer loop
      vertex -30.15 1.83291 5.6528
      vertex -30.15 2.09278 5.62797
      vertex -30.15 2.07118 5.48237
    endloop
  endfacet
  facet normal -1 0 0
    outer loop
      vertex -30.15 1.83876 5.77828
      vertex -30.15 2.1 5.775
      vertex -30.15 1.83876 5.77172
    endloop
  endfacet
  facet normal -1 0 0
    outer loop
      vertex -30.15 1.78652 5.41955
      vertex -30.15 2.07118 5.48237
      vertex -30.15 2.03541 5.33957
    endloop
  endfacet
  facet normal -1 0 0
    outer loop
      vertex -30.15 2.1 5.775
      vertex -30.15 1.83876 5.77828
      vertex -30.15 2.09278 5.92203
    endloop
  endfacet
  facet normal -1 0 0
    outer loop
      vertex -30.15 1.78478 5.41345
      vertex -30.15 2.03541 5.33957
      vertex -30.15 1.98582 5.20098
    endloop
  endfacet
  facet normal -1 0 0
    outer loop
      vertex -30.15 1.83291 5.8972
      vertex -30.15 2.09278 5.92203
      vertex -30.15 1.83876 5.77828
    endloop
  endfacet
  facet normal -1 0 0
    outer loop
      vertex -30.15 1.7439 5.29935
      vertex -30.15 1.98582 5.20098
      vertex -30.15 1.92288 5.06791
    endloop
  endfacet
  facet normal -1 -0 0
    outer loop
      vertex -30.15 2.09278 5.92203
      vertex -30.15 1.83291 5.8972
      vertex -30.15 2.07118 6.06764
    endloop
  endfacet
  facet normal -1 0 0
    outer loop
      vertex -30.15 1.63137 5.08883
      vertex -30.15 1.92288 5.06791
      vertex -30.15 1.8472 4.94165
    endloop
  endfacet
  facet normal -1 0 0
    outer loop
      vertex -30.15 1.81544 6.01496
      vertex -30.15 2.07118 6.06764
      vertex -30.15 1.83291 5.8972
    endloop
  endfacet
  facet normal -1 0 0
    outer loop
      vertex -30.15 1.78652 6.13045
      vertex -30.15 2.07118 6.06764
      vertex -30.15 1.81544 6.01496
    endloop
  endfacet
  facet normal -1 0 0
    outer loop
      vertex -30.15 2.09278 5.62797
      vertex -30.15 1.83291 5.6528
      vertex -30.15 1.83876 5.77172
    endloop
  endfacet
  facet normal -1 0 0
    outer loop
      vertex -30.15 2.07118 5.48237
      vertex -30.15 1.81544 5.53504
      vertex -30.15 1.83291 5.6528
    endloop
  endfacet
  facet normal -1 -0 0
    outer loop
      vertex -30.15 2.07118 5.48237
      vertex -30.15 1.78652 5.41955
      vertex -30.15 1.81544 5.53504
    endloop
  endfacet
  facet normal -1 0 0
    outer loop
      vertex -30.15 2.03541 5.33957
      vertex -30.15 1.78478 5.41345
      vertex -30.15 1.78652 5.41955
    endloop
  endfacet
  facet normal -1 0 0
    outer loop
      vertex -30.15 1.62837 5.08421
      vertex -30.15 1.8472 4.94165
      vertex -30.15 1.75952 4.82341
    endloop
  endfacet
  facet normal -1 0 0
    outer loop
      vertex -30.15 1.98582 5.20098
      vertex -30.15 1.74473 5.30152
      vertex -30.15 1.78478 5.41345
    endloop
  endfacet
  facet normal -1 0 0
    outer loop
      vertex -30.15 1.98582 5.20098
      vertex -30.15 1.7439 5.29935
      vertex -30.15 1.74473 5.30152
    endloop
  endfacet
  facet normal -1 0 0
    outer loop
      vertex -30.15 1.92288 5.06791
      vertex -30.15 1.69281 5.19133
      vertex -30.15 1.7439 5.29935
    endloop
  endfacet
  facet normal -1 0 0
    outer loop
      vertex -30.15 1.55739 4.9885
      vertex -30.15 1.75952 4.82341
      vertex -30.15 1.66066 4.71434
    endloop
  endfacet
  facet normal -1 0 0
    outer loop
      vertex -30.15 1.92288 5.06791
      vertex -30.15 1.63137 5.08883
      vertex -30.15 1.69281 5.19133
    endloop
  endfacet
  facet normal -1 0 0
    outer loop
      vertex -30.15 1.8472 4.94165
      vertex -30.15 1.62837 5.08421
      vertex -30.15 1.63137 5.08883
    endloop
  endfacet
  facet normal -1 0 0
    outer loop
      vertex -30.15 1.75952 4.82341
      vertex -30.15 1.55739 4.9885
      vertex -30.15 1.62837 5.08421
    endloop
  endfacet
  facet normal -1 0 0
    outer loop
      vertex -30.15 1.38907 4.82019
      vertex -30.15 1.66066 4.71434
      vertex -30.15 1.55159 4.61548
    endloop
  endfacet
  facet normal -1 0 0
    outer loop
      vertex -30.15 1.66066 4.71434
      vertex -30.15 1.47736 4.90021
      vertex -30.15 1.55739 4.9885
    endloop
  endfacet
  facet normal -1 0 0
    outer loop
      vertex -30.15 1.38548 4.81708
      vertex -30.15 1.55159 4.61548
      vertex -30.15 1.43335 4.5278
    endloop
  endfacet
  facet normal -1 0 0
    outer loop
      vertex -30.15 1.66066 4.71434
      vertex -30.15 1.38907 4.82019
      vertex -30.15 1.47736 4.90021
    endloop
  endfacet
  facet normal -1 0 0
    outer loop
      vertex -30.15 1.55159 4.61548
      vertex -30.15 1.38548 4.81708
      vertex -30.15 1.38907 4.82019
    endloop
  endfacet
  facet normal -1 0 0
    outer loop
      vertex -30.15 1.28636 4.74364
      vertex -30.15 1.43335 4.5278
      vertex -30.15 1.30709 4.45212
    endloop
  endfacet
  facet normal -1 0 0
    outer loop
      vertex -30.15 1.43335 4.5278
      vertex -30.15 1.28943 4.74584
      vertex -30.15 1.38548 4.81708
    endloop
  endfacet
  facet normal -1 0 0
    outer loop
      vertex -30.15 1.43335 4.5278
      vertex -30.15 1.28636 4.74364
      vertex -30.15 1.28943 4.74584
    endloop
  endfacet
  facet normal -1 0 0
    outer loop
      vertex -30.15 1.30709 4.45212
      vertex -30.15 1.18424 4.68242
      vertex -30.15 1.28636 4.74364
    endloop
  endfacet
  facet normal -1 0 0
    outer loop
      vertex -30.15 1.0766 4.63152
      vertex -30.15 1.30709 4.45212
      vertex -30.15 1.17402 4.38918
    endloop
  endfacet
  facet normal -1 0 0
    outer loop
      vertex -30.15 1.30709 4.45212
      vertex -30.15 1.0766 4.63152
      vertex -30.15 1.18424 4.68242
    endloop
  endfacet
  facet normal -1 0 0
    outer loop
      vertex -30.15 1.17402 4.38918
      vertex -30.15 1.07142 4.62934
      vertex -30.15 1.0766 4.63152
    endloop
  endfacet
  facet normal -1 0 0
    outer loop
      vertex -30.15 1.03543 4.33959
      vertex -30.15 1.07142 4.62934
      vertex -30.15 1.17402 4.38918
    endloop
  endfacet
  facet normal -1 0 0
    outer loop
      vertex -30.15 1.03543 4.33959
      vertex -30.15 0.95907 4.58914
      vertex -30.15 1.07142 4.62934
    endloop
  endfacet
  facet normal -1 0 0
    outer loop
      vertex -30.15 0.892635 4.30382
      vertex -30.15 0.95907 4.58914
      vertex -30.15 1.03543 4.33959
    endloop
  endfacet
  facet normal -1 0 0
    outer loop
      vertex -30.15 0.892635 4.30382
      vertex -30.15 0.843325 4.56015
      vertex -30.15 0.95907 4.58914
    endloop
  endfacet
  facet normal -1 0 0
    outer loop
      vertex -30.15 0.725295 4.54264
      vertex -30.15 0.892635 4.30382
      vertex -30.15 0.747025 4.28222
    endloop
  endfacet
  facet normal -1 0 0
    outer loop
      vertex -30.15 0.892635 4.30382
      vertex -30.15 0.725295 4.54264
      vertex -30.15 0.843325 4.56015
    endloop
  endfacet
  facet normal -1 0 0
    outer loop
      vertex -30.15 0.747025 4.28222
      vertex -30.15 0.71926 4.54186
      vertex -30.15 0.725295 4.54264
    endloop
  endfacet
  facet normal -1 0 0
    outer loop
      vertex -30.15 0.6 4.275
      vertex -30.15 0.71926 4.54186
      vertex -30.15 0.747025 4.28222
    endloop
  endfacet
  facet normal -1 0 0
    outer loop
      vertex -30.15 0.6 4.275
      vertex -30.15 0.6 4.536
      vertex -30.15 0.71926 4.54186
    endloop
  endfacet
  facet normal -1 0 0
    outer loop
      vertex -30.15 0.6 4.275
      vertex -30.15 0.48074 4.54186
      vertex -30.15 0.6 4.536
    endloop
  endfacet
  facet normal -1 0 0
    outer loop
      vertex -30.15 0.452975 4.28222
      vertex -30.15 0.48074 4.54186
      vertex -30.15 0.6 4.275
    endloop
  endfacet
  facet normal -1 -0 0
    outer loop
      vertex -30.15 0.48074 4.54186
      vertex -30.15 0.452975 4.28222
      vertex -30.15 0.474705 4.54264
    endloop
  endfacet
  facet normal -1 0 0
    outer loop
      vertex -30.15 0.307365 4.30382
      vertex -30.15 0.474705 4.54264
      vertex -30.15 0.452975 4.28222
    endloop
  endfacet
  facet normal -1 -0 0
    outer loop
      vertex -30.15 0.474705 4.54264
      vertex -30.15 0.307365 4.30382
      vertex -30.15 0.356675 4.56015
    endloop
  endfacet
  facet normal -1 0 0
    outer loop
      vertex -30.15 0.307365 4.30382
      vertex -30.15 0.24093 4.58914
      vertex -30.15 0.356675 4.56015
    endloop
  endfacet
  facet normal -1 0 0
    outer loop
      vertex -30.15 0.164573 4.33959
      vertex -30.15 0.24093 4.58914
      vertex -30.15 0.307365 4.30382
    endloop
  endfacet
  facet normal -1 0 0
    outer loop
      vertex -30.15 0.164573 4.33959
      vertex -30.15 0.128584 4.62934
      vertex -30.15 0.24093 4.58914
    endloop
  endfacet
  facet normal -1 0 0
    outer loop
      vertex -30.15 0.0259758 4.38918
      vertex -30.15 0.128584 4.62934
      vertex -30.15 0.164573 4.33959
    endloop
  endfacet
  facet normal -1 -0 0
    outer loop
      vertex -30.15 0.128584 4.62934
      vertex -30.15 0.0259758 4.38918
      vertex -30.15 0.123401 4.63152
    endloop
  endfacet
  facet normal -1 0 0
    outer loop
      vertex -30.15 -0.107094 4.45212
      vertex -30.15 0.123401 4.63152
      vertex -30.15 0.0259758 4.38918
    endloop
  endfacet
  facet normal -1 -0 0
    outer loop
      vertex -30.15 0.123401 4.63152
      vertex -30.15 -0.107094 4.45212
      vertex -30.15 0.0157644 4.68242
    endloop
  endfacet
  facet normal -1 -0 0
    outer loop
      vertex -30.15 0.0157644 4.68242
      vertex -30.15 -0.107094 4.45212
      vertex -30.15 -0.0863643 4.74364
    endloop
  endfacet
  facet normal -1 0 0
    outer loop
      vertex -30.15 -0.233355 4.5278
      vertex -30.15 -0.0863643 4.74364
      vertex -30.15 -0.107094 4.45212
    endloop
  endfacet
  facet normal -1 -0 0
    outer loop
      vertex -30.15 -0.0863643 4.74364
      vertex -30.15 -0.233355 4.5278
      vertex -30.15 -0.089426 4.74584
    endloop
  endfacet
  facet normal -1 -0 0
    outer loop
      vertex -30.15 -0.089426 4.74584
      vertex -30.15 -0.233355 4.5278
      vertex -30.15 -0.185477 4.81708
    endloop
  endfacet
  facet normal -1 0 0
    outer loop
      vertex -30.15 -0.35159 4.61548
      vertex -30.15 -0.185477 4.81708
      vertex -30.15 -0.233355 4.5278
    endloop
  endfacet
  facet normal -1 -0 0
    outer loop
      vertex -30.15 -0.185477 4.81708
      vertex -30.15 -0.35159 4.61548
      vertex -30.15 -0.189073 4.82019
    endloop
  endfacet
  facet normal -1 0 0
    outer loop
      vertex -30.15 -0.460659 4.71434
      vertex -30.15 -0.189073 4.82019
      vertex -30.15 -0.35159 4.61548
    endloop
  endfacet
  facet normal -1 -0 0
    outer loop
      vertex -30.15 -0.189073 4.82019
      vertex -30.15 -0.460659 4.71434
      vertex -30.15 -0.277363 4.90021
    endloop
  endfacet
  facet normal -1 -0 0
    outer loop
      vertex -30.15 -0.277363 4.90021
      vertex -30.15 -0.460659 4.71434
      vertex -30.15 -0.357385 4.9885
    endloop
  endfacet
  facet normal -1 0 0
    outer loop
      vertex -30.15 -0.559515 4.82341
      vertex -30.15 -0.357385 4.9885
      vertex -30.15 -0.460659 4.71434
    endloop
  endfacet
  facet normal -1 -0 0
    outer loop
      vertex -30.15 -0.357385 4.9885
      vertex -30.15 -0.559515 4.82341
      vertex -30.15 -0.428368 5.08421
    endloop
  endfacet
  facet normal -1 0 0
    outer loop
      vertex -30.15 -0.647204 4.94165
      vertex -30.15 -0.428368 5.08421
      vertex -30.15 -0.559515 4.82341
    endloop
  endfacet
  facet normal -1 -0 0
    outer loop
      vertex -30.15 -0.428368 5.08421
      vertex -30.15 -0.647204 4.94165
      vertex -30.15 -0.431375 5.08883
    endloop
  endfacet
  facet normal -1 0 0
    outer loop
      vertex -30.15 -0.722882 5.06791
      vertex -30.15 -0.431375 5.08883
      vertex -30.15 -0.647204 4.94165
    endloop
  endfacet
  facet normal -1 -0 0
    outer loop
      vertex -30.15 -0.431375 5.08883
      vertex -30.15 -0.722882 5.06791
      vertex -30.15 -0.492809 5.19133
    endloop
  endfacet
  facet normal -1 -0 0
    outer loop
      vertex -30.15 -0.492809 5.19133
      vertex -30.15 -0.722882 5.06791
      vertex -30.15 -0.5439 5.29935
    endloop
  endfacet
  facet normal -1 0 0
    outer loop
      vertex -30.15 -0.785818 5.20098
      vertex -30.15 -0.5439 5.29935
      vertex -30.15 -0.722882 5.06791
    endloop
  endfacet
  facet normal -1 -0 0
    outer loop
      vertex -30.15 -0.5439 5.29935
      vertex -30.15 -0.785818 5.20098
      vertex -30.15 -0.544727 5.30152
    endloop
  endfacet
  facet normal -1 -0 0
    outer loop
      vertex -30.15 -0.544727 5.30152
      vertex -30.15 -0.785818 5.20098
      vertex -30.15 -0.58478 5.41345
    endloop
  endfacet
  facet normal -1 0 0
    outer loop
      vertex -30.15 -0.871177 5.48237
      vertex -30.15 -0.586516 5.41955
      vertex -30.15 -0.83541 5.33957
    endloop
  endfacet
  facet normal -1 -0 0
    outer loop
      vertex -30.15 -0.58478 5.41345
      vertex -30.15 -0.83541 5.33957
      vertex -30.15 -0.586516 5.41955
    endloop
  endfacet
  facet normal -1 0 0
    outer loop
      vertex -30.15 -0.83541 5.33957
      vertex -30.15 -0.58478 5.41345
      vertex -30.15 -0.785818 5.20098
    endloop
  endfacet
  facet normal -1 0 0
    outer loop
      vertex -30.15 2.07118 6.06764
      vertex -30.15 1.78652 6.13045
      vertex -30.15 2.03541 6.21043
    endloop
  endfacet
  facet normal -1 0 0
    outer loop
      vertex -30.15 1.78478 6.13655
      vertex -30.15 2.03541 6.21043
      vertex -30.15 1.78652 6.13045
    endloop
  endfacet
  facet normal -1 -0 0
    outer loop
      vertex -30.15 2.03541 6.21043
      vertex -30.15 1.78478 6.13655
      vertex -30.15 1.98582 6.34902
    endloop
  endfacet
  facet normal -1 0 0
    outer loop
      vertex -30.15 1.74473 6.24848
      vertex -30.15 1.98582 6.34902
      vertex -30.15 1.78478 6.13655
    endloop
  endfacet
  facet normal -1 0 0
    outer loop
      vertex -30.15 1.7439 6.25065
      vertex -30.15 1.98582 6.34902
      vertex -30.15 1.74473 6.24848
    endloop
  endfacet
  facet normal -1 -0 0
    outer loop
      vertex -30.15 1.98582 6.34902
      vertex -30.15 1.7439 6.25065
      vertex -30.15 1.92288 6.48209
    endloop
  endfacet
  facet normal -1 0 0
    outer loop
      vertex -30.15 1.69281 6.35867
      vertex -30.15 1.92288 6.48209
      vertex -30.15 1.7439 6.25065
    endloop
  endfacet
  facet normal -1 0 0
    outer loop
      vertex -30.15 1.63137 6.46117
      vertex -30.15 1.92288 6.48209
      vertex -30.15 1.69281 6.35867
    endloop
  endfacet
  facet normal -1 -0 0
    outer loop
      vertex -30.15 1.92288 6.48209
      vertex -30.15 1.63137 6.46117
      vertex -30.15 1.8472 6.60836
    endloop
  endfacet
  facet normal -1 0 0
    outer loop
      vertex -30.15 1.62837 6.46579
      vertex -30.15 1.8472 6.60836
      vertex -30.15 1.63137 6.46117
    endloop
  endfacet
  facet normal -1 -0 0
    outer loop
      vertex -30.15 1.8472 6.60836
      vertex -30.15 1.62837 6.46579
      vertex -30.15 1.75952 6.72659
    endloop
  endfacet
  facet normal -1 0 0
    outer loop
      vertex -30.15 1.55739 6.5615
      vertex -30.15 1.75952 6.72659
      vertex -30.15 1.62837 6.46579
    endloop
  endfacet
  facet normal -1 -0 0
    outer loop
      vertex -30.15 1.75952 6.72659
      vertex -30.15 1.55739 6.5615
      vertex -30.15 1.66066 6.83566
    endloop
  endfacet
  facet normal -1 0 0
    outer loop
      vertex -30.15 1.47736 6.64979
      vertex -30.15 1.66066 6.83566
      vertex -30.15 1.55739 6.5615
    endloop
  endfacet
  facet normal -1 0 0
    outer loop
      vertex -30.15 1.38907 6.72981
      vertex -30.15 1.66066 6.83566
      vertex -30.15 1.47736 6.64979
    endloop
  endfacet
  facet normal -1 -0 0
    outer loop
      vertex -30.15 1.66066 6.83566
      vertex -30.15 1.38907 6.72981
      vertex -30.15 1.55159 6.93452
    endloop
  endfacet
  facet normal -1 0 0
    outer loop
      vertex -30.15 1.38548 6.73292
      vertex -30.15 1.55159 6.93452
      vertex -30.15 1.38907 6.72981
    endloop
  endfacet
  facet normal -1 -0 0
    outer loop
      vertex -30.15 1.55159 6.93452
      vertex -30.15 1.38548 6.73292
      vertex -30.15 1.43335 7.0222
    endloop
  endfacet
  facet normal -1 0 0
    outer loop
      vertex -30.15 1.28943 6.80416
      vertex -30.15 1.43335 7.0222
      vertex -30.15 1.38548 6.73292
    endloop
  endfacet
  facet normal -1 0 0
    outer loop
      vertex -30.15 1.28636 6.80636
      vertex -30.15 1.43335 7.0222
      vertex -30.15 1.28943 6.80416
    endloop
  endfacet
  facet normal -1 -0 0
    outer loop
      vertex -30.15 1.43335 7.0222
      vertex -30.15 1.28636 6.80636
      vertex -30.15 1.30709 7.09788
    endloop
  endfacet
  facet normal -1 0 0
    outer loop
      vertex -30.15 1.18424 6.86758
      vertex -30.15 1.30709 7.09788
      vertex -30.15 1.28636 6.80636
    endloop
  endfacet
  facet normal -1 0 0
    outer loop
      vertex -30.15 1.0766 6.91848
      vertex -30.15 1.30709 7.09788
      vertex -30.15 1.18424 6.86758
    endloop
  endfacet
  facet normal -1 -0 0
    outer loop
      vertex -30.15 1.30709 7.09788
      vertex -30.15 1.0766 6.91848
      vertex -30.15 1.17402 7.16082
    endloop
  endfacet
  facet normal -1 0 0
    outer loop
      vertex -30.15 1.07142 6.92066
      vertex -30.15 1.17402 7.16082
      vertex -30.15 1.0766 6.91848
    endloop
  endfacet
  facet normal -1 0 0
    outer loop
      vertex -30.15 1.07142 6.92066
      vertex -30.15 1.03543 7.21041
      vertex -30.15 1.17402 7.16082
    endloop
  endfacet
  facet normal -1 0 0
    outer loop
      vertex -30.15 0.95907 6.96086
      vertex -30.15 1.03543 7.21041
      vertex -30.15 1.07142 6.92066
    endloop
  endfacet
  facet normal -1 0 0
    outer loop
      vertex -30.15 0.95907 6.96086
      vertex -30.15 0.892635 7.24618
      vertex -30.15 1.03543 7.21041
    endloop
  endfacet
  facet normal -1 0 0
    outer loop
      vertex -30.15 0.843325 6.98985
      vertex -30.15 0.892635 7.24618
      vertex -30.15 0.95907 6.96086
    endloop
  endfacet
  facet normal -1 0 0
    outer loop
      vertex -30.15 0.725295 7.00736
      vertex -30.15 0.892635 7.24618
      vertex -30.15 0.843325 6.98985
    endloop
  endfacet
  facet normal -1 -0 0
    outer loop
      vertex -30.15 0.892635 7.24618
      vertex -30.15 0.725295 7.00736
      vertex -30.15 0.747025 7.26778
    endloop
  endfacet
  facet normal -1 0 0
    outer loop
      vertex -30.15 0.71926 7.00814
      vertex -30.15 0.747025 7.26778
      vertex -30.15 0.725295 7.00736
    endloop
  endfacet
  facet normal -1 0 0
    outer loop
      vertex -30.15 0.6 7.014
      vertex -30.15 0.747025 7.26778
      vertex -30.15 0.71926 7.00814
    endloop
  endfacet
  facet normal -1 0 0
    outer loop
      vertex -30.15 0.6 7.014
      vertex -30.15 0.6 7.275
      vertex -30.15 0.747025 7.26778
    endloop
  endfacet
  facet normal -1 0 0
    outer loop
      vertex -30.15 0.48074 7.00814
      vertex -30.15 0.6 7.275
      vertex -30.15 0.6 7.014
    endloop
  endfacet
  facet normal -1 0 0
    outer loop
      vertex -30.15 0.452975 7.26778
      vertex -30.15 0.48074 7.00814
      vertex -30.15 0.474705 7.00736
    endloop
  endfacet
  facet normal -1 0 0
    outer loop
      vertex -30.15 0.48074 7.00814
      vertex -30.15 0.452975 7.26778
      vertex -30.15 0.6 7.275
    endloop
  endfacet
  facet normal -1 0 0
    outer loop
      vertex -30.15 0.307365 7.24618
      vertex -30.15 0.474705 7.00736
      vertex -30.15 0.356675 6.98985
    endloop
  endfacet
  facet normal -1 0 0
    outer loop
      vertex -30.15 0.474705 7.00736
      vertex -30.15 0.307365 7.24618
      vertex -30.15 0.452975 7.26778
    endloop
  endfacet
  facet normal -1 0 0
    outer loop
      vertex -30.15 0.24093 6.96086
      vertex -30.15 0.307365 7.24618
      vertex -30.15 0.356675 6.98985
    endloop
  endfacet
  facet normal -1 0 0
    outer loop
      vertex -30.15 0.24093 6.96086
      vertex -30.15 0.164573 7.21041
      vertex -30.15 0.307365 7.24618
    endloop
  endfacet
  facet normal -1 0 0
    outer loop
      vertex -30.15 0.128584 6.92066
      vertex -30.15 0.164573 7.21041
      vertex -30.15 0.24093 6.96086
    endloop
  endfacet
  facet normal -1 0 0
    outer loop
      vertex -30.15 0.0259758 7.16082
      vertex -30.15 0.128584 6.92066
      vertex -30.15 0.123401 6.91848
    endloop
  endfacet
  facet normal -1 0 0
    outer loop
      vertex -30.15 0.128584 6.92066
      vertex -30.15 0.0259758 7.16082
      vertex -30.15 0.164573 7.21041
    endloop
  endfacet
  facet normal -1 0 0
    outer loop
      vertex -30.15 -0.107094 7.09788
      vertex -30.15 0.123401 6.91848
      vertex -30.15 0.0157644 6.86758
    endloop
  endfacet
  facet normal -1 0 0
    outer loop
      vertex -30.15 -0.107094 7.09788
      vertex -30.15 0.0157644 6.86758
      vertex -30.15 -0.0863643 6.80636
    endloop
  endfacet
  facet normal -1 0 0
    outer loop
      vertex -30.15 -0.233355 7.0222
      vertex -30.15 -0.0863643 6.80636
      vertex -30.15 -0.089426 6.80416
    endloop
  endfacet
  facet normal -1 0 0
    outer loop
      vertex -30.15 0.123401 6.91848
      vertex -30.15 -0.107094 7.09788
      vertex -30.15 0.0259758 7.16082
    endloop
  endfacet
  facet normal -1 0 0
    outer loop
      vertex -30.15 -0.233355 7.0222
      vertex -30.15 -0.089426 6.80416
      vertex -30.15 -0.185477 6.73292
    endloop
  endfacet
  facet normal -1 0 0
    outer loop
      vertex -30.15 -0.35159 6.93452
      vertex -30.15 -0.185477 6.73292
      vertex -30.15 -0.189073 6.72981
    endloop
  endfacet
  facet normal -1 0 0
    outer loop
      vertex -30.15 -0.0863643 6.80636
      vertex -30.15 -0.233355 7.0222
      vertex -30.15 -0.107094 7.09788
    endloop
  endfacet
  facet normal -1 0 0
    outer loop
      vertex -30.15 -0.460659 6.83566
      vertex -30.15 -0.189073 6.72981
      vertex -30.15 -0.277363 6.64979
    endloop
  endfacet
  facet normal -1 0 0
    outer loop
      vertex -30.15 -0.185477 6.73292
      vertex -30.15 -0.35159 6.93452
      vertex -30.15 -0.233355 7.0222
    endloop
  endfacet
  facet normal -1 0 0
    outer loop
      vertex -30.15 -0.460659 6.83566
      vertex -30.15 -0.277363 6.64979
      vertex -30.15 -0.357385 6.5615
    endloop
  endfacet
  facet normal -1 0 0
    outer loop
      vertex -30.15 -0.559515 6.72659
      vertex -30.15 -0.357385 6.5615
      vertex -30.15 -0.428368 6.46579
    endloop
  endfacet
  facet normal -1 0 0
    outer loop
      vertex -30.15 -0.647204 6.60836
      vertex -30.15 -0.428368 6.46579
      vertex -30.15 -0.431375 6.46117
    endloop
  endfacet
  facet normal -1 0 0
    outer loop
      vertex -30.15 -0.189073 6.72981
      vertex -30.15 -0.460659 6.83566
      vertex -30.15 -0.35159 6.93452
    endloop
  endfacet
  facet normal -1 0 0
    outer loop
      vertex -30.15 -0.722882 6.48209
      vertex -30.15 -0.431375 6.46117
      vertex -30.15 -0.492809 6.35867
    endloop
  endfacet
  facet normal -1 0 0
    outer loop
      vertex -30.15 -0.722882 6.48209
      vertex -30.15 -0.492809 6.35867
      vertex -30.15 -0.5439 6.25065
    endloop
  endfacet
  facet normal -1 0 0
    outer loop
      vertex -30.15 -0.785818 6.34902
      vertex -30.15 -0.5439 6.25065
      vertex -30.15 -0.544727 6.24848
    endloop
  endfacet
  facet normal -1 0 0
    outer loop
      vertex -30.15 -0.357385 6.5615
      vertex -30.15 -0.559515 6.72659
      vertex -30.15 -0.460659 6.83566
    endloop
  endfacet
  facet normal -1 0 0
    outer loop
      vertex -30.15 -0.785818 6.34902
      vertex -30.15 -0.544727 6.24848
      vertex -30.15 -0.58478 6.13655
    endloop
  endfacet
  facet normal -1 0 0
    outer loop
      vertex -30.15 -0.83541 6.21043
      vertex -30.15 -0.58478 6.13655
      vertex -30.15 -0.586516 6.13045
    endloop
  endfacet
  facet normal -1 0 0
    outer loop
      vertex -30.15 -0.871177 6.06764
      vertex -30.15 -0.586516 6.13045
      vertex -30.15 -0.615444 6.01496
    endloop
  endfacet
  facet normal -1 0 0
    outer loop
      vertex -30.15 -0.871177 6.06764
      vertex -30.15 -0.615444 6.01496
      vertex -30.15 -0.632913 5.8972
    endloop
  endfacet
  facet normal -1 0 0
    outer loop
      vertex -30.15 -0.428368 6.46579
      vertex -30.15 -0.647204 6.60836
      vertex -30.15 -0.559515 6.72659
    endloop
  endfacet
  facet normal -1 0 0
    outer loop
      vertex -30.15 -0.892777 5.92203
      vertex -30.15 -0.632913 5.8972
      vertex -30.15 -0.638755 5.77828
    endloop
  endfacet
  facet normal -1 0 0
    outer loop
      vertex -30.15 -0.586516 5.41955
      vertex -30.15 -0.871177 5.48237
      vertex -30.15 -0.615444 5.53504
    endloop
  endfacet
  facet normal -1 -0 0
    outer loop
      vertex -30.15 -0.615444 5.53504
      vertex -30.15 -0.871177 5.48237
      vertex -30.15 -0.632913 5.6528
    endloop
  endfacet
  facet normal -1 0 0
    outer loop
      vertex -30.15 -0.431375 6.46117
      vertex -30.15 -0.722882 6.48209
      vertex -30.15 -0.647204 6.60836
    endloop
  endfacet
  facet normal -1 0 0
    outer loop
      vertex -30.15 -0.892777 5.62797
      vertex -30.15 -0.632913 5.6528
      vertex -30.15 -0.871177 5.48237
    endloop
  endfacet
  facet normal -1 0 0
    outer loop
      vertex -30.15 -0.5439 6.25065
      vertex -30.15 -0.785818 6.34902
      vertex -30.15 -0.722882 6.48209
    endloop
  endfacet
  facet normal -1 -0 0
    outer loop
      vertex -30.15 -0.632913 5.6528
      vertex -30.15 -0.892777 5.62797
      vertex -30.15 -0.638755 5.77172
    endloop
  endfacet
  facet normal -1 0 0
    outer loop
      vertex -30.15 -0.58478 6.13655
      vertex -30.15 -0.83541 6.21043
      vertex -30.15 -0.785818 6.34902
    endloop
  endfacet
  facet normal -1 0 0
    outer loop
      vertex -30.15 -0.9 5.775
      vertex -30.15 -0.638755 5.77172
      vertex -30.15 -0.892777 5.62797
    endloop
  endfacet
  facet normal -1 -0 0
    outer loop
      vertex -30.15 -0.586516 6.13045
      vertex -30.15 -0.871177 6.06764
      vertex -30.15 -0.83541 6.21043
    endloop
  endfacet
  facet normal -1 0 0
    outer loop
      vertex -30.15 -0.638755 5.77172
      vertex -30.15 -0.9 5.775
      vertex -30.15 -0.638755 5.77828
    endloop
  endfacet
  facet normal -1 0 0
    outer loop
      vertex -30.15 -0.632913 5.8972
      vertex -30.15 -0.892777 5.92203
      vertex -30.15 -0.871177 6.06764
    endloop
  endfacet
  facet normal -1 -0 0
    outer loop
      vertex -30.15 -0.638755 5.77828
      vertex -30.15 -0.9 5.775
      vertex -30.15 -0.892777 5.92203
    endloop
  endfacet
  facet normal 0 0.242991 -0.970029
    outer loop
      vertex 25 0.892635 4.30382
      vertex 30.15 1.03543 4.33959
      vertex 30.15 0.892635 4.30382
    endloop
  endfacet
  facet normal 0 0.242991 -0.970029
    outer loop
      vertex 30.15 1.03543 4.33959
      vertex 25 0.892635 4.30382
      vertex 25 1.03543 4.33959
    endloop
  endfacet
  facet normal 0 -0.904249 -0.427006
    outer loop
      vertex 27.3561 -0.784628 5.19846
      vertex 30.15 -0.785818 5.20098
      vertex 27.348 -0.785818 5.20098
    endloop
  endfacet
  facet normal 5.35856e-07 -0.904019 -0.427492
    outer loop
      vertex 27.4322 -0.765552 5.15812
      vertex 30.15 -0.785818 5.20098
      vertex 27.3561 -0.784628 5.19846
    endloop
  endfacet
  facet normal 1.91941e-06 -0.903985 -0.427564
    outer loop
      vertex 27.5061 -0.739103 5.1022
      vertex 30.15 -0.785818 5.20098
      vertex 27.4322 -0.765552 5.15812
    endloop
  endfacet
  facet normal 4.35441e-06 -0.90396 -0.427617
    outer loop
      vertex 27.5404 -0.722882 5.06791
      vertex 30.15 -0.785818 5.20098
      vertex 27.5061 -0.739103 5.1022
    endloop
  endfacet
  facet normal 0 -0.903993 -0.427547
    outer loop
      vertex 30.15 -0.785818 5.20098
      vertex 27.5404 -0.722882 5.06791
      vertex 30.15 -0.722882 5.06791
    endloop
  endfacet
  facet normal 0 0.803225 0.595676
    outer loop
      vertex 30.15 1.8472 6.60836
      vertex 25 1.75952 6.72659
      vertex 30.15 1.75952 6.72659
    endloop
  endfacet
  facet normal 0 0.803225 0.595676
    outer loop
      vertex 25 1.75952 6.72659
      vertex 30.15 1.8472 6.60836
      vertex 25 1.8472 6.60836
    endloop
  endfacet
  facet normal -1.61456e-06 -0.42757 0.903982
    outer loop
      vertex 30.15 0.0259758 7.16082
      vertex 28 0 7.14853
      vertex 30.15 -0.107094 7.09788
    endloop
  endfacet
  facet normal 0 -0.427679 0.903931
    outer loop
      vertex 28 0 7.14853
      vertex 30.15 0.0259758 7.16082
      vertex 27.9987 0.0259758 7.16082
    endloop
  endfacet
  facet normal 3.06463e-06 -0.427493 0.904019
    outer loop
      vertex 27.9961 -0.078413 7.11145
      vertex 30.15 -0.107094 7.09788
      vertex 28 0 7.14853
    endloop
  endfacet
  facet normal 0 -0.427681 0.90393
    outer loop
      vertex 30.15 -0.107094 7.09788
      vertex 27.9961 -0.078413 7.11145
      vertex 27.9919 -0.107094 7.09788
    endloop
  endfacet
  facet normal 0 0.0490482 -0.998796
    outer loop
      vertex 27.7278 0.6 4.275
      vertex 30.15 0.747025 4.28222
      vertex 30.15 0.6 4.275
    endloop
  endfacet
  facet normal 1.22458e-05 0.0488469 -0.998806
    outer loop
      vertex 27.7075 0.618408 4.2759
      vertex 30.15 0.747025 4.28222
      vertex 27.7278 0.6 4.275
    endloop
  endfacet
  facet normal -2.05472e-06 0.0491178 -0.998793
    outer loop
      vertex 27.6445 0.665175 4.2782
      vertex 30.15 0.747025 4.28222
      vertex 27.7075 0.618408 4.2759
    endloop
  endfacet
  facet normal 1.80047e-06 0.0490001 -0.998799
    outer loop
      vertex 27.5771 0.705537 4.28018
      vertex 30.15 0.747025 4.28222
      vertex 27.6445 0.665175 4.2782
    endloop
  endfacet
  facet normal 2.17412e-07 0.0490981 -0.998794
    outer loop
      vertex 27.5061 0.739103 4.28183
      vertex 30.15 0.747025 4.28222
      vertex 27.5771 0.705537 4.28018
    endloop
  endfacet
  facet normal 0 0.0491704 -0.99879
    outer loop
      vertex 30.15 0.747025 4.28222
      vertex 27.5061 0.739103 4.28183
      vertex 27.484 0.747025 4.28222
    endloop
  endfacet
  facet normal -0 0.427569 0.903983
    outer loop
      vertex 25 1.30709 7.09788
      vertex 30.15 1.17402 7.16082
      vertex 30.15 1.30709 7.09788
    endloop
  endfacet
  facet normal 0 0.427569 0.903983
    outer loop
      vertex 30.15 1.17402 7.16082
      vertex 25 1.30709 7.09788
      vertex 25 1.17402 7.16082
    endloop
  endfacet
  facet normal -0 0.242991 0.970029
    outer loop
      vertex 25 1.03543 7.21041
      vertex 30.15 0.892635 7.24618
      vertex 30.15 1.03543 7.21041
    endloop
  endfacet
  facet normal 0 0.242991 0.970029
    outer loop
      vertex 30.15 0.892635 7.24618
      vertex 25 1.03543 7.21041
      vertex 25 0.892635 7.24618
    endloop
  endfacet
  facet normal 0 -0.857741 -0.514082
    outer loop
      vertex 27.5771 -0.705537 5.03897
      vertex 30.15 -0.722882 5.06791
      vertex 27.5404 -0.722882 5.06791
    endloop
  endfacet
  facet normal 3.13211e-07 -0.857729 -0.514102
    outer loop
      vertex 27.6445 -0.665175 4.97163
      vertex 30.15 -0.722882 5.06791
      vertex 27.5771 -0.705537 5.03897
    endloop
  endfacet
  facet normal 2.12664e-06 -0.857708 -0.514137
    outer loop
      vertex 27.6687 -0.647204 4.94165
      vertex 30.15 -0.722882 5.06791
      vertex 27.6445 -0.665175 4.97163
    endloop
  endfacet
  facet normal 0 -0.857727 -0.514106
    outer loop
      vertex 30.15 -0.722882 5.06791
      vertex 27.6687 -0.647204 4.94165
      vertex 30.15 -0.647204 4.94165
    endloop
  endfacet
  facet normal 0 -0.970035 -0.242964
    outer loop
      vertex 25 -0.83541 5.33957
      vertex 30.15 -0.871177 5.48237
      vertex 25 -0.871177 5.48237
    endloop
  endfacet
  facet normal 0 -0.970035 -0.242964
    outer loop
      vertex 30.15 -0.871177 5.48237
      vertex 25 -0.83541 5.33957
      vertex 30.15 -0.83541 5.33957
    endloop
  endfacet
  facet normal 0 0.998796 -0.0490465
    outer loop
      vertex 30.15 2.09278 5.62797
      vertex 25 2.1 5.775
      vertex 30.15 2.1 5.775
    endloop
  endfacet
  facet normal 0 0.998796 -0.0490465
    outer loop
      vertex 25 2.1 5.775
      vertex 30.15 2.09278 5.62797
      vertex 25 2.09278 5.62797
    endloop
  endfacet
  facet normal 1 -0 0
    outer loop
      vertex 30.15 1.83876 5.77828
      vertex 30.15 2.1 5.775
      vertex 30.15 2.09278 5.92203
    endloop
  endfacet
  facet normal 1 0 0
    outer loop
      vertex 30.15 1.83291 5.8972
      vertex 30.15 2.09278 5.92203
      vertex 30.15 2.07118 6.06764
    endloop
  endfacet
  facet normal 1 0 0
    outer loop
      vertex 30.15 1.83876 5.77172
      vertex 30.15 2.1 5.775
      vertex 30.15 1.83876 5.77828
    endloop
  endfacet
  facet normal 1 -0 0
    outer loop
      vertex 30.15 1.78652 6.13045
      vertex 30.15 2.07118 6.06764
      vertex 30.15 2.03541 6.21043
    endloop
  endfacet
  facet normal 1 0 0
    outer loop
      vertex 30.15 2.1 5.775
      vertex 30.15 1.83876 5.77172
      vertex 30.15 2.09278 5.62797
    endloop
  endfacet
  facet normal 1 0 0
    outer loop
      vertex 30.15 1.78478 6.13655
      vertex 30.15 2.03541 6.21043
      vertex 30.15 1.98582 6.34902
    endloop
  endfacet
  facet normal 1 -0 0
    outer loop
      vertex 30.15 1.83291 5.6528
      vertex 30.15 2.09278 5.62797
      vertex 30.15 1.83876 5.77172
    endloop
  endfacet
  facet normal 1 0 0
    outer loop
      vertex 30.15 1.7439 6.25065
      vertex 30.15 1.98582 6.34902
      vertex 30.15 1.92288 6.48209
    endloop
  endfacet
  facet normal 1 0 0
    outer loop
      vertex 30.15 2.09278 5.62797
      vertex 30.15 1.83291 5.6528
      vertex 30.15 2.07118 5.48237
    endloop
  endfacet
  facet normal 1 0 0
    outer loop
      vertex 30.15 1.63137 6.46117
      vertex 30.15 1.92288 6.48209
      vertex 30.15 1.8472 6.60836
    endloop
  endfacet
  facet normal 1 -0 0
    outer loop
      vertex 30.15 1.81544 5.53504
      vertex 30.15 2.07118 5.48237
      vertex 30.15 1.83291 5.6528
    endloop
  endfacet
  facet normal 1 0 0
    outer loop
      vertex 30.15 1.78652 5.41955
      vertex 30.15 2.07118 5.48237
      vertex 30.15 1.81544 5.53504
    endloop
  endfacet
  facet normal 1 0 0
    outer loop
      vertex 30.15 2.09278 5.92203
      vertex 30.15 1.83291 5.8972
      vertex 30.15 1.83876 5.77828
    endloop
  endfacet
  facet normal 1 0 0
    outer loop
      vertex 30.15 2.07118 6.06764
      vertex 30.15 1.81544 6.01496
      vertex 30.15 1.83291 5.8972
    endloop
  endfacet
  facet normal 1 0 0
    outer loop
      vertex 30.15 2.07118 6.06764
      vertex 30.15 1.78652 6.13045
      vertex 30.15 1.81544 6.01496
    endloop
  endfacet
  facet normal 1 0 0
    outer loop
      vertex 30.15 2.03541 6.21043
      vertex 30.15 1.78478 6.13655
      vertex 30.15 1.78652 6.13045
    endloop
  endfacet
  facet normal 1 0 0
    outer loop
      vertex 30.15 1.62837 6.46579
      vertex 30.15 1.8472 6.60836
      vertex 30.15 1.75952 6.72659
    endloop
  endfacet
  facet normal 1 0 0
    outer loop
      vertex 30.15 1.98582 6.34902
      vertex 30.15 1.74473 6.24848
      vertex 30.15 1.78478 6.13655
    endloop
  endfacet
  facet normal 1 0 0
    outer loop
      vertex 30.15 1.98582 6.34902
      vertex 30.15 1.7439 6.25065
      vertex 30.15 1.74473 6.24848
    endloop
  endfacet
  facet normal 1 0 0
    outer loop
      vertex 30.15 1.92288 6.48209
      vertex 30.15 1.69281 6.35867
      vertex 30.15 1.7439 6.25065
    endloop
  endfacet
  facet normal 1 0 0
    outer loop
      vertex 30.15 1.55739 6.5615
      vertex 30.15 1.75952 6.72659
      vertex 30.15 1.66066 6.83566
    endloop
  endfacet
  facet normal 1 0 0
    outer loop
      vertex 30.15 1.92288 6.48209
      vertex 30.15 1.63137 6.46117
      vertex 30.15 1.69281 6.35867
    endloop
  endfacet
  facet normal 1 0 0
    outer loop
      vertex 30.15 1.8472 6.60836
      vertex 30.15 1.62837 6.46579
      vertex 30.15 1.63137 6.46117
    endloop
  endfacet
  facet normal 1 0 0
    outer loop
      vertex 30.15 1.75952 6.72659
      vertex 30.15 1.55739 6.5615
      vertex 30.15 1.62837 6.46579
    endloop
  endfacet
  facet normal 1 0 0
    outer loop
      vertex 30.15 1.38907 6.72981
      vertex 30.15 1.66066 6.83566
      vertex 30.15 1.55159 6.93452
    endloop
  endfacet
  facet normal 1 0 0
    outer loop
      vertex 30.15 1.66066 6.83566
      vertex 30.15 1.47736 6.64979
      vertex 30.15 1.55739 6.5615
    endloop
  endfacet
  facet normal 1 0 0
    outer loop
      vertex 30.15 1.38548 6.73292
      vertex 30.15 1.55159 6.93452
      vertex 30.15 1.43335 7.0222
    endloop
  endfacet
  facet normal 1 0 0
    outer loop
      vertex 30.15 1.66066 6.83566
      vertex 30.15 1.38907 6.72981
      vertex 30.15 1.47736 6.64979
    endloop
  endfacet
  facet normal 1 0 0
    outer loop
      vertex 30.15 1.55159 6.93452
      vertex 30.15 1.38548 6.73292
      vertex 30.15 1.38907 6.72981
    endloop
  endfacet
  facet normal 1 0 0
    outer loop
      vertex 30.15 1.28636 6.80636
      vertex 30.15 1.43335 7.0222
      vertex 30.15 1.30709 7.09788
    endloop
  endfacet
  facet normal 1 0 0
    outer loop
      vertex 30.15 1.43335 7.0222
      vertex 30.15 1.28943 6.80416
      vertex 30.15 1.38548 6.73292
    endloop
  endfacet
  facet normal 1 0 0
    outer loop
      vertex 30.15 1.43335 7.0222
      vertex 30.15 1.28636 6.80636
      vertex 30.15 1.28943 6.80416
    endloop
  endfacet
  facet normal 1 0 0
    outer loop
      vertex 30.15 1.30709 7.09788
      vertex 30.15 1.18424 6.86758
      vertex 30.15 1.28636 6.80636
    endloop
  endfacet
  facet normal 1 0 0
    outer loop
      vertex 30.15 1.0766 6.91848
      vertex 30.15 1.30709 7.09788
      vertex 30.15 1.17402 7.16082
    endloop
  endfacet
  facet normal 1 0 0
    outer loop
      vertex 30.15 1.30709 7.09788
      vertex 30.15 1.0766 6.91848
      vertex 30.15 1.18424 6.86758
    endloop
  endfacet
  facet normal 1 0 0
    outer loop
      vertex 30.15 1.17402 7.16082
      vertex 30.15 1.07142 6.92066
      vertex 30.15 1.0766 6.91848
    endloop
  endfacet
  facet normal 1 0 0
    outer loop
      vertex 30.15 1.03543 7.21041
      vertex 30.15 1.07142 6.92066
      vertex 30.15 1.17402 7.16082
    endloop
  endfacet
  facet normal 1 0 0
    outer loop
      vertex 30.15 1.03543 7.21041
      vertex 30.15 0.95907 6.96086
      vertex 30.15 1.07142 6.92066
    endloop
  endfacet
  facet normal 1 0 0
    outer loop
      vertex 30.15 0.892635 7.24618
      vertex 30.15 0.95907 6.96086
      vertex 30.15 1.03543 7.21041
    endloop
  endfacet
  facet normal 1 0 0
    outer loop
      vertex 30.15 0.892635 7.24618
      vertex 30.15 0.843325 6.98985
      vertex 30.15 0.95907 6.96086
    endloop
  endfacet
  facet normal 1 0 0
    outer loop
      vertex 30.15 0.725295 7.00736
      vertex 30.15 0.892635 7.24618
      vertex 30.15 0.747025 7.26778
    endloop
  endfacet
  facet normal 1 0 0
    outer loop
      vertex 30.15 0.892635 7.24618
      vertex 30.15 0.725295 7.00736
      vertex 30.15 0.843325 6.98985
    endloop
  endfacet
  facet normal 1 0 0
    outer loop
      vertex 30.15 0.747025 7.26778
      vertex 30.15 0.71926 7.00814
      vertex 30.15 0.725295 7.00736
    endloop
  endfacet
  facet normal 1 0 0
    outer loop
      vertex 30.15 0.6 7.275
      vertex 30.15 0.71926 7.00814
      vertex 30.15 0.747025 7.26778
    endloop
  endfacet
  facet normal 1 0 0
    outer loop
      vertex 30.15 0.6 7.275
      vertex 30.15 0.6 7.014
      vertex 30.15 0.71926 7.00814
    endloop
  endfacet
  facet normal 1 0 0
    outer loop
      vertex 30.15 0.6 7.275
      vertex 30.15 0.48074 7.00814
      vertex 30.15 0.6 7.014
    endloop
  endfacet
  facet normal 1 -0 0
    outer loop
      vertex 30.15 0.452975 7.26778
      vertex 30.15 0.48074 7.00814
      vertex 30.15 0.6 7.275
    endloop
  endfacet
  facet normal 1 0 0
    outer loop
      vertex 30.15 0.48074 7.00814
      vertex 30.15 0.452975 7.26778
      vertex 30.15 0.474705 7.00736
    endloop
  endfacet
  facet normal 1 -0 0
    outer loop
      vertex 30.15 0.307365 7.24618
      vertex 30.15 0.474705 7.00736
      vertex 30.15 0.452975 7.26778
    endloop
  endfacet
  facet normal 1 0 0
    outer loop
      vertex 30.15 0.474705 7.00736
      vertex 30.15 0.307365 7.24618
      vertex 30.15 0.356675 6.98985
    endloop
  endfacet
  facet normal 1 0 0
    outer loop
      vertex 30.15 0.307365 7.24618
      vertex 30.15 0.24093 6.96086
      vertex 30.15 0.356675 6.98985
    endloop
  endfacet
  facet normal 1 -0 0
    outer loop
      vertex 30.15 0.164573 7.21041
      vertex 30.15 0.24093 6.96086
      vertex 30.15 0.307365 7.24618
    endloop
  endfacet
  facet normal 1 0 0
    outer loop
      vertex 30.15 0.164573 7.21041
      vertex 30.15 0.128584 6.92066
      vertex 30.15 0.24093 6.96086
    endloop
  endfacet
  facet normal 1 -0 0
    outer loop
      vertex 30.15 0.0259758 7.16082
      vertex 30.15 0.128584 6.92066
      vertex 30.15 0.164573 7.21041
    endloop
  endfacet
  facet normal 1 0 0
    outer loop
      vertex 30.15 0.128584 6.92066
      vertex 30.15 0.0259758 7.16082
      vertex 30.15 0.123401 6.91848
    endloop
  endfacet
  facet normal 1 -0 0
    outer loop
      vertex 30.15 -0.107094 7.09788
      vertex 30.15 0.123401 6.91848
      vertex 30.15 0.0259758 7.16082
    endloop
  endfacet
  facet normal 1 0 0
    outer loop
      vertex 30.15 0.123401 6.91848
      vertex 30.15 -0.107094 7.09788
      vertex 30.15 0.0157644 6.86758
    endloop
  endfacet
  facet normal 1 0 0
    outer loop
      vertex 30.15 0.0157644 6.86758
      vertex 30.15 -0.107094 7.09788
      vertex 30.15 -0.0863643 6.80636
    endloop
  endfacet
  facet normal 1 -0 0
    outer loop
      vertex 30.15 -0.233355 7.0222
      vertex 30.15 -0.0863643 6.80636
      vertex 30.15 -0.107094 7.09788
    endloop
  endfacet
  facet normal 1 0 0
    outer loop
      vertex 30.15 -0.0863643 6.80636
      vertex 30.15 -0.233355 7.0222
      vertex 30.15 -0.089426 6.80416
    endloop
  endfacet
  facet normal 1 0 0
    outer loop
      vertex 30.15 -0.089426 6.80416
      vertex 30.15 -0.233355 7.0222
      vertex 30.15 -0.185477 6.73292
    endloop
  endfacet
  facet normal 1 -0 0
    outer loop
      vertex 30.15 -0.35159 6.93452
      vertex 30.15 -0.185477 6.73292
      vertex 30.15 -0.233355 7.0222
    endloop
  endfacet
  facet normal 1 0 0
    outer loop
      vertex 30.15 -0.185477 6.73292
      vertex 30.15 -0.35159 6.93452
      vertex 30.15 -0.189073 6.72981
    endloop
  endfacet
  facet normal 1 -0 0
    outer loop
      vertex 30.15 -0.460659 6.83566
      vertex 30.15 -0.189073 6.72981
      vertex 30.15 -0.35159 6.93452
    endloop
  endfacet
  facet normal 1 0 0
    outer loop
      vertex 30.15 -0.189073 6.72981
      vertex 30.15 -0.460659 6.83566
      vertex 30.15 -0.277363 6.64979
    endloop
  endfacet
  facet normal 1 0 0
    outer loop
      vertex 30.15 -0.277363 6.64979
      vertex 30.15 -0.460659 6.83566
      vertex 30.15 -0.357385 6.5615
    endloop
  endfacet
  facet normal 1 -0 0
    outer loop
      vertex 30.15 -0.559515 6.72659
      vertex 30.15 -0.357385 6.5615
      vertex 30.15 -0.460659 6.83566
    endloop
  endfacet
  facet normal 1 0 0
    outer loop
      vertex 30.15 -0.357385 6.5615
      vertex 30.15 -0.559515 6.72659
      vertex 30.15 -0.428368 6.46579
    endloop
  endfacet
  facet normal 1 -0 0
    outer loop
      vertex 30.15 -0.647204 6.60836
      vertex 30.15 -0.428368 6.46579
      vertex 30.15 -0.559515 6.72659
    endloop
  endfacet
  facet normal 1 0 0
    outer loop
      vertex 30.15 -0.428368 6.46579
      vertex 30.15 -0.647204 6.60836
      vertex 30.15 -0.431375 6.46117
    endloop
  endfacet
  facet normal 1 -0 0
    outer loop
      vertex 30.15 -0.722882 6.48209
      vertex 30.15 -0.431375 6.46117
      vertex 30.15 -0.647204 6.60836
    endloop
  endfacet
  facet normal 1 0 0
    outer loop
      vertex 30.15 -0.431375 6.46117
      vertex 30.15 -0.722882 6.48209
      vertex 30.15 -0.492809 6.35867
    endloop
  endfacet
  facet normal 1 0 0
    outer loop
      vertex 30.15 -0.492809 6.35867
      vertex 30.15 -0.722882 6.48209
      vertex 30.15 -0.5439 6.25065
    endloop
  endfacet
  facet normal 1 -0 0
    outer loop
      vertex 30.15 -0.785818 6.34902
      vertex 30.15 -0.5439 6.25065
      vertex 30.15 -0.722882 6.48209
    endloop
  endfacet
  facet normal 1 0 0
    outer loop
      vertex 30.15 -0.5439 6.25065
      vertex 30.15 -0.785818 6.34902
      vertex 30.15 -0.544727 6.24848
    endloop
  endfacet
  facet normal 1 0 0
    outer loop
      vertex 30.15 -0.544727 6.24848
      vertex 30.15 -0.785818 6.34902
      vertex 30.15 -0.58478 6.13655
    endloop
  endfacet
  facet normal 1 0 0
    outer loop
      vertex 30.15 -0.871177 6.06764
      vertex 30.15 -0.586516 6.13045
      vertex 30.15 -0.83541 6.21043
    endloop
  endfacet
  facet normal 1 0 0
    outer loop
      vertex 30.15 -0.58478 6.13655
      vertex 30.15 -0.83541 6.21043
      vertex 30.15 -0.586516 6.13045
    endloop
  endfacet
  facet normal 1 -0 0
    outer loop
      vertex 30.15 -0.83541 6.21043
      vertex 30.15 -0.58478 6.13655
      vertex 30.15 -0.785818 6.34902
    endloop
  endfacet
  facet normal 1 0 0
    outer loop
      vertex 30.15 2.07118 5.48237
      vertex 30.15 1.78652 5.41955
      vertex 30.15 2.03541 5.33957
    endloop
  endfacet
  facet normal 1 -0 0
    outer loop
      vertex 30.15 1.78478 5.41345
      vertex 30.15 2.03541 5.33957
      vertex 30.15 1.78652 5.41955
    endloop
  endfacet
  facet normal 1 0 0
    outer loop
      vertex 30.15 2.03541 5.33957
      vertex 30.15 1.78478 5.41345
      vertex 30.15 1.98582 5.20098
    endloop
  endfacet
  facet normal 1 -0 0
    outer loop
      vertex 30.15 1.74473 5.30152
      vertex 30.15 1.98582 5.20098
      vertex 30.15 1.78478 5.41345
    endloop
  endfacet
  facet normal 1 -0 0
    outer loop
      vertex 30.15 1.7439 5.29935
      vertex 30.15 1.98582 5.20098
      vertex 30.15 1.74473 5.30152
    endloop
  endfacet
  facet normal 1 0 0
    outer loop
      vertex 30.15 1.98582 5.20098
      vertex 30.15 1.7439 5.29935
      vertex 30.15 1.92288 5.06791
    endloop
  endfacet
  facet normal 1 -0 0
    outer loop
      vertex 30.15 1.69281 5.19133
      vertex 30.15 1.92288 5.06791
      vertex 30.15 1.7439 5.29935
    endloop
  endfacet
  facet normal 1 -0 0
    outer loop
      vertex 30.15 1.63137 5.08883
      vertex 30.15 1.92288 5.06791
      vertex 30.15 1.69281 5.19133
    endloop
  endfacet
  facet normal 1 0 0
    outer loop
      vertex 30.15 1.92288 5.06791
      vertex 30.15 1.63137 5.08883
      vertex 30.15 1.8472 4.94165
    endloop
  endfacet
  facet normal 1 -0 0
    outer loop
      vertex 30.15 1.62837 5.08421
      vertex 30.15 1.8472 4.94165
      vertex 30.15 1.63137 5.08883
    endloop
  endfacet
  facet normal 1 0 0
    outer loop
      vertex 30.15 1.8472 4.94165
      vertex 30.15 1.62837 5.08421
      vertex 30.15 1.75952 4.82341
    endloop
  endfacet
  facet normal 1 -0 0
    outer loop
      vertex 30.15 1.55739 4.9885
      vertex 30.15 1.75952 4.82341
      vertex 30.15 1.62837 5.08421
    endloop
  endfacet
  facet normal 1 0 0
    outer loop
      vertex 30.15 1.75952 4.82341
      vertex 30.15 1.55739 4.9885
      vertex 30.15 1.66066 4.71434
    endloop
  endfacet
  facet normal 1 -0 0
    outer loop
      vertex 30.15 1.47736 4.90021
      vertex 30.15 1.66066 4.71434
      vertex 30.15 1.55739 4.9885
    endloop
  endfacet
  facet normal 1 -0 0
    outer loop
      vertex 30.15 1.38907 4.82019
      vertex 30.15 1.66066 4.71434
      vertex 30.15 1.47736 4.90021
    endloop
  endfacet
  facet normal 1 0 0
    outer loop
      vertex 30.15 1.66066 4.71434
      vertex 30.15 1.38907 4.82019
      vertex 30.15 1.55159 4.61548
    endloop
  endfacet
  facet normal 1 -0 0
    outer loop
      vertex 30.15 1.38548 4.81708
      vertex 30.15 1.55159 4.61548
      vertex 30.15 1.38907 4.82019
    endloop
  endfacet
  facet normal 1 0 0
    outer loop
      vertex 30.15 1.55159 4.61548
      vertex 30.15 1.38548 4.81708
      vertex 30.15 1.43335 4.5278
    endloop
  endfacet
  facet normal 1 -0 0
    outer loop
      vertex 30.15 1.28943 4.74584
      vertex 30.15 1.43335 4.5278
      vertex 30.15 1.38548 4.81708
    endloop
  endfacet
  facet normal 1 -0 0
    outer loop
      vertex 30.15 1.28636 4.74364
      vertex 30.15 1.43335 4.5278
      vertex 30.15 1.28943 4.74584
    endloop
  endfacet
  facet normal 1 0 0
    outer loop
      vertex 30.15 1.43335 4.5278
      vertex 30.15 1.28636 4.74364
      vertex 30.15 1.30709 4.45212
    endloop
  endfacet
  facet normal 1 -0 0
    outer loop
      vertex 30.15 1.18424 4.68242
      vertex 30.15 1.30709 4.45212
      vertex 30.15 1.28636 4.74364
    endloop
  endfacet
  facet normal 1 -0 0
    outer loop
      vertex 30.15 1.0766 4.63152
      vertex 30.15 1.30709 4.45212
      vertex 30.15 1.18424 4.68242
    endloop
  endfacet
  facet normal 1 0 0
    outer loop
      vertex 30.15 1.30709 4.45212
      vertex 30.15 1.0766 4.63152
      vertex 30.15 1.17402 4.38918
    endloop
  endfacet
  facet normal 1 -0 0
    outer loop
      vertex 30.15 1.07142 4.62934
      vertex 30.15 1.17402 4.38918
      vertex 30.15 1.0766 4.63152
    endloop
  endfacet
  facet normal 1 0 0
    outer loop
      vertex 30.15 1.07142 4.62934
      vertex 30.15 1.03543 4.33959
      vertex 30.15 1.17402 4.38918
    endloop
  endfacet
  facet normal 1 -0 0
    outer loop
      vertex 30.15 0.95907 4.58914
      vertex 30.15 1.03543 4.33959
      vertex 30.15 1.07142 4.62934
    endloop
  endfacet
  facet normal 1 0 0
    outer loop
      vertex 30.15 0.95907 4.58914
      vertex 30.15 0.892635 4.30382
      vertex 30.15 1.03543 4.33959
    endloop
  endfacet
  facet normal 1 -0 0
    outer loop
      vertex 30.15 0.843325 4.56015
      vertex 30.15 0.892635 4.30382
      vertex 30.15 0.95907 4.58914
    endloop
  endfacet
  facet normal 1 -0 0
    outer loop
      vertex 30.15 0.725295 4.54264
      vertex 30.15 0.892635 4.30382
      vertex 30.15 0.843325 4.56015
    endloop
  endfacet
  facet normal 1 0 0
    outer loop
      vertex 30.15 0.892635 4.30382
      vertex 30.15 0.725295 4.54264
      vertex 30.15 0.747025 4.28222
    endloop
  endfacet
  facet normal 1 -0 0
    outer loop
      vertex 30.15 0.71926 4.54186
      vertex 30.15 0.747025 4.28222
      vertex 30.15 0.725295 4.54264
    endloop
  endfacet
  facet normal 1 -0 0
    outer loop
      vertex 30.15 0.6 4.536
      vertex 30.15 0.747025 4.28222
      vertex 30.15 0.71926 4.54186
    endloop
  endfacet
  facet normal 1 0 0
    outer loop
      vertex 30.15 0.6 4.536
      vertex 30.15 0.6 4.275
      vertex 30.15 0.747025 4.28222
    endloop
  endfacet
  facet normal 1 0 0
    outer loop
      vertex 30.15 0.48074 4.54186
      vertex 30.15 0.6 4.275
      vertex 30.15 0.6 4.536
    endloop
  endfacet
  facet normal 1 0 0
    outer loop
      vertex 30.15 0.452975 4.28222
      vertex 30.15 0.48074 4.54186
      vertex 30.15 0.474705 4.54264
    endloop
  endfacet
  facet normal 1 0 0
    outer loop
      vertex 30.15 0.48074 4.54186
      vertex 30.15 0.452975 4.28222
      vertex 30.15 0.6 4.275
    endloop
  endfacet
  facet normal 1 0 0
    outer loop
      vertex 30.15 0.307365 4.30382
      vertex 30.15 0.474705 4.54264
      vertex 30.15 0.356675 4.56015
    endloop
  endfacet
  facet normal 1 0 0
    outer loop
      vertex 30.15 0.474705 4.54264
      vertex 30.15 0.307365 4.30382
      vertex 30.15 0.452975 4.28222
    endloop
  endfacet
  facet normal 1 0 0
    outer loop
      vertex 30.15 0.24093 4.58914
      vertex 30.15 0.307365 4.30382
      vertex 30.15 0.356675 4.56015
    endloop
  endfacet
  facet normal 1 0 0
    outer loop
      vertex 30.15 0.24093 4.58914
      vertex 30.15 0.164573 4.33959
      vertex 30.15 0.307365 4.30382
    endloop
  endfacet
  facet normal 1 0 0
    outer loop
      vertex 30.15 0.128584 4.62934
      vertex 30.15 0.164573 4.33959
      vertex 30.15 0.24093 4.58914
    endloop
  endfacet
  facet normal 1 0 0
    outer loop
      vertex 30.15 0.0259758 4.38918
      vertex 30.15 0.128584 4.62934
      vertex 30.15 0.123401 4.63152
    endloop
  endfacet
  facet normal 1 0 0
    outer loop
      vertex 30.15 0.128584 4.62934
      vertex 30.15 0.0259758 4.38918
      vertex 30.15 0.164573 4.33959
    endloop
  endfacet
  facet normal 1 0 0
    outer loop
      vertex 30.15 -0.107094 4.45212
      vertex 30.15 0.123401 4.63152
      vertex 30.15 0.0157644 4.68242
    endloop
  endfacet
  facet normal 1 0 0
    outer loop
      vertex 30.15 -0.107094 4.45212
      vertex 30.15 0.0157644 4.68242
      vertex 30.15 -0.0863643 4.74364
    endloop
  endfacet
  facet normal 1 0 0
    outer loop
      vertex 30.15 -0.233355 4.5278
      vertex 30.15 -0.0863643 4.74364
      vertex 30.15 -0.089426 4.74584
    endloop
  endfacet
  facet normal 1 0 0
    outer loop
      vertex 30.15 0.123401 4.63152
      vertex 30.15 -0.107094 4.45212
      vertex 30.15 0.0259758 4.38918
    endloop
  endfacet
  facet normal 1 0 0
    outer loop
      vertex 30.15 -0.233355 4.5278
      vertex 30.15 -0.089426 4.74584
      vertex 30.15 -0.185477 4.81708
    endloop
  endfacet
  facet normal 1 0 0
    outer loop
      vertex 30.15 -0.35159 4.61548
      vertex 30.15 -0.185477 4.81708
      vertex 30.15 -0.189073 4.82019
    endloop
  endfacet
  facet normal 1 0 0
    outer loop
      vertex 30.15 -0.0863643 4.74364
      vertex 30.15 -0.233355 4.5278
      vertex 30.15 -0.107094 4.45212
    endloop
  endfacet
  facet normal 1 0 0
    outer loop
      vertex 30.15 -0.460659 4.71434
      vertex 30.15 -0.189073 4.82019
      vertex 30.15 -0.277363 4.90021
    endloop
  endfacet
  facet normal 1 0 0
    outer loop
      vertex 30.15 -0.185477 4.81708
      vertex 30.15 -0.35159 4.61548
      vertex 30.15 -0.233355 4.5278
    endloop
  endfacet
  facet normal 1 0 0
    outer loop
      vertex 30.15 -0.460659 4.71434
      vertex 30.15 -0.277363 4.90021
      vertex 30.15 -0.357385 4.9885
    endloop
  endfacet
  facet normal 1 0 0
    outer loop
      vertex 30.15 -0.559515 4.82341
      vertex 30.15 -0.357385 4.9885
      vertex 30.15 -0.428368 5.08421
    endloop
  endfacet
  facet normal 1 0 0
    outer loop
      vertex 30.15 -0.647204 4.94165
      vertex 30.15 -0.428368 5.08421
      vertex 30.15 -0.431375 5.08883
    endloop
  endfacet
  facet normal 1 0 0
    outer loop
      vertex 30.15 -0.189073 4.82019
      vertex 30.15 -0.460659 4.71434
      vertex 30.15 -0.35159 4.61548
    endloop
  endfacet
  facet normal 1 0 0
    outer loop
      vertex 30.15 -0.722882 5.06791
      vertex 30.15 -0.431375 5.08883
      vertex 30.15 -0.492809 5.19133
    endloop
  endfacet
  facet normal 1 0 0
    outer loop
      vertex 30.15 -0.722882 5.06791
      vertex 30.15 -0.492809 5.19133
      vertex 30.15 -0.5439 5.29935
    endloop
  endfacet
  facet normal 1 0 0
    outer loop
      vertex 30.15 -0.785818 5.20098
      vertex 30.15 -0.5439 5.29935
      vertex 30.15 -0.544727 5.30152
    endloop
  endfacet
  facet normal 1 0 0
    outer loop
      vertex 30.15 -0.357385 4.9885
      vertex 30.15 -0.559515 4.82341
      vertex 30.15 -0.460659 4.71434
    endloop
  endfacet
  facet normal 1 0 0
    outer loop
      vertex 30.15 -0.785818 5.20098
      vertex 30.15 -0.544727 5.30152
      vertex 30.15 -0.58478 5.41345
    endloop
  endfacet
  facet normal 1 0 0
    outer loop
      vertex 30.15 -0.83541 5.33957
      vertex 30.15 -0.58478 5.41345
      vertex 30.15 -0.586516 5.41955
    endloop
  endfacet
  facet normal 1 -0 0
    outer loop
      vertex 30.15 -0.871177 5.48237
      vertex 30.15 -0.586516 5.41955
      vertex 30.15 -0.615444 5.53504
    endloop
  endfacet
  facet normal 1 0 0
    outer loop
      vertex 30.15 -0.871177 5.48237
      vertex 30.15 -0.615444 5.53504
      vertex 30.15 -0.632913 5.6528
    endloop
  endfacet
  facet normal 1 0 0
    outer loop
      vertex 30.15 -0.428368 5.08421
      vertex 30.15 -0.647204 4.94165
      vertex 30.15 -0.559515 4.82341
    endloop
  endfacet
  facet normal 1 0 0
    outer loop
      vertex 30.15 -0.892777 5.62797
      vertex 30.15 -0.632913 5.6528
      vertex 30.15 -0.638755 5.77172
    endloop
  endfacet
  facet normal 1 0 0
    outer loop
      vertex 30.15 -0.586516 6.13045
      vertex 30.15 -0.871177 6.06764
      vertex 30.15 -0.615444 6.01496
    endloop
  endfacet
  facet normal 1 0 0
    outer loop
      vertex 30.15 -0.615444 6.01496
      vertex 30.15 -0.871177 6.06764
      vertex 30.15 -0.632913 5.8972
    endloop
  endfacet
  facet normal 1 0 0
    outer loop
      vertex 30.15 -0.431375 5.08883
      vertex 30.15 -0.722882 5.06791
      vertex 30.15 -0.647204 4.94165
    endloop
  endfacet
  facet normal 1 -0 0
    outer loop
      vertex 30.15 -0.892777 5.92203
      vertex 30.15 -0.632913 5.8972
      vertex 30.15 -0.871177 6.06764
    endloop
  endfacet
  facet normal 1 0 0
    outer loop
      vertex 30.15 -0.5439 5.29935
      vertex 30.15 -0.785818 5.20098
      vertex 30.15 -0.722882 5.06791
    endloop
  endfacet
  facet normal 1 0 0
    outer loop
      vertex 30.15 -0.632913 5.8972
      vertex 30.15 -0.892777 5.92203
      vertex 30.15 -0.638755 5.77828
    endloop
  endfacet
  facet normal 1 0 0
    outer loop
      vertex 30.15 -0.58478 5.41345
      vertex 30.15 -0.83541 5.33957
      vertex 30.15 -0.785818 5.20098
    endloop
  endfacet
  facet normal 1 0 0
    outer loop
      vertex 30.15 -0.9 5.775
      vertex 30.15 -0.638755 5.77828
      vertex 30.15 -0.892777 5.92203
    endloop
  endfacet
  facet normal 1 0 0
    outer loop
      vertex 30.15 -0.586516 5.41955
      vertex 30.15 -0.871177 5.48237
      vertex 30.15 -0.83541 5.33957
    endloop
  endfacet
  facet normal 1 0 0
    outer loop
      vertex 30.15 -0.638755 5.77828
      vertex 30.15 -0.9 5.775
      vertex 30.15 -0.638755 5.77172
    endloop
  endfacet
  facet normal 1 0 0
    outer loop
      vertex 30.15 -0.632913 5.6528
      vertex 30.15 -0.892777 5.62797
      vertex 30.15 -0.871177 5.48237
    endloop
  endfacet
  facet normal 1 0 0
    outer loop
      vertex 30.15 -0.638755 5.77172
      vertex 30.15 -0.9 5.775
      vertex 30.15 -0.892777 5.62797
    endloop
  endfacet
  facet normal 0 0.427569 -0.903983
    outer loop
      vertex 25 1.17402 4.38918
      vertex 30.15 1.30709 4.45212
      vertex 30.15 1.17402 4.38918
    endloop
  endfacet
  facet normal 0 0.427569 -0.903983
    outer loop
      vertex 30.15 1.30709 4.45212
      vertex 25 1.17402 4.38918
      vertex 25 1.30709 4.45212
    endloop
  endfacet
  facet normal 0 0.903983 -0.427569
    outer loop
      vertex 30.15 1.92288 5.06791
      vertex 25 1.98582 5.20098
      vertex 30.15 1.98582 5.20098
    endloop
  endfacet
  facet normal 0 0.903983 -0.427569
    outer loop
      vertex 25 1.98582 5.20098
      vertex 30.15 1.92288 5.06791
      vertex 25 1.92288 5.06791
    endloop
  endfacet
  facet normal 0 -0.989174 -0.146746
    outer loop
      vertex 25 -0.871177 5.48237
      vertex 30.15 -0.892777 5.62797
      vertex 25 -0.892777 5.62797
    endloop
  endfacet
  facet normal 0 -0.989174 -0.146746
    outer loop
      vertex 30.15 -0.892777 5.62797
      vertex 25 -0.871177 5.48237
      vertex 30.15 -0.871177 5.48237
    endloop
  endfacet
  facet normal 0 -0.59566 -0.803237
    outer loop
      vertex 30.15 -0.35159 4.61548
      vertex 27.9651 -0.233355 4.5278
      vertex 30.15 -0.233355 4.5278
    endloop
  endfacet
  facet normal 3.82799e-07 -0.595655 -0.80324
    outer loop
      vertex 30.15 -0.35159 4.61548
      vertex 27.9391 -0.306147 4.58178
      vertex 27.9651 -0.233355 4.5278
    endloop
  endfacet
  facet normal 0 -0.595667 -0.803231
    outer loop
      vertex 27.9391 -0.306147 4.58178
      vertex 30.15 -0.35159 4.61548
      vertex 27.9176 -0.35159 4.61548
    endloop
  endfacet
  facet normal 0 0.857739 0.514086
    outer loop
      vertex 30.15 1.92288 6.48209
      vertex 25 1.8472 6.60836
      vertex 30.15 1.8472 6.60836
    endloop
  endfacet
  facet normal 0 0.857739 0.514086
    outer loop
      vertex 25 1.8472 6.60836
      vertex 30.15 1.92288 6.48209
      vertex 25 1.92288 6.48209
    endloop
  endfacet
  facet normal 0 -0.146736 -0.989176
    outer loop
      vertex 27.9385 0.307365 4.30382
      vertex 30.15 0.452975 4.28222
      vertex 30.15 0.307365 4.30382
    endloop
  endfacet
  facet normal -6.44154e-06 -0.14664 -0.98919
    outer loop
      vertex 27.9055 0.377117 4.29348
      vertex 30.15 0.452975 4.28222
      vertex 27.9385 0.307365 4.30382
    endloop
  endfacet
  facet normal -2.6668e-06 -0.146749 -0.989174
    outer loop
      vertex 27.8652 0.444456 4.28349
      vertex 30.15 0.452975 4.28222
      vertex 27.9055 0.377117 4.29348
    endloop
  endfacet
  facet normal -0 -0.147449 -0.98907
    outer loop
      vertex 30.15 0.452975 4.28222
      vertex 27.8652 0.444456 4.28349
      vertex 27.8589 0.452975 4.28222
    endloop
  endfacet
  facet normal 0 -0.80323 -0.595669
    outer loop
      vertex 27.7075 -0.618408 4.90282
      vertex 30.15 -0.647204 4.94165
      vertex 27.6687 -0.647204 4.94165
    endloop
  endfacet
  facet normal 5.77418e-07 -0.803213 -0.595692
    outer loop
      vertex 27.7657 -0.565685 4.83173
      vertex 30.15 -0.647204 4.94165
      vertex 27.7075 -0.618408 4.90282
    endloop
  endfacet
  facet normal -1.24414e-06 -0.803232 -0.595667
    outer loop
      vertex 27.7713 -0.559515 4.82341
      vertex 30.15 -0.647204 4.94165
      vertex 27.7657 -0.565685 4.83173
    endloop
  endfacet
  facet normal 0 -0.80322 -0.595683
    outer loop
      vertex 30.15 -0.647204 4.94165
      vertex 27.7713 -0.559515 4.82341
      vertex 30.15 -0.559515 4.82341
    endloop
  endfacet
  facet normal -4.26345e-06 -0.857782 0.514014
    outer loop
      vertex 30.15 -0.722882 6.48209
      vertex 27.6687 -0.647204 6.60836
      vertex 27.6445 -0.665175 6.57837
    endloop
  endfacet
  facet normal 3.13211e-07 -0.857729 0.514102
    outer loop
      vertex 30.15 -0.722882 6.48209
      vertex 27.6445 -0.665175 6.57837
      vertex 27.5771 -0.705537 6.51103
    endloop
  endfacet
  facet normal 0 -0.857741 0.514082
    outer loop
      vertex 30.15 -0.722882 6.48209
      vertex 27.5771 -0.705537 6.51103
      vertex 27.5404 -0.722882 6.48209
    endloop
  endfacet
  facet normal 0 -0.857745 0.514076
    outer loop
      vertex 27.6687 -0.647204 6.60836
      vertex 30.15 -0.722882 6.48209
      vertex 30.15 -0.647204 6.60836
    endloop
  endfacet
  facet normal 0 0.857721 -0.514116
    outer loop
      vertex 30.15 1.8472 4.94165
      vertex 25 1.92288 5.06791
      vertex 30.15 1.92288 5.06791
    endloop
  endfacet
  facet normal 0 0.857721 -0.514116
    outer loop
      vertex 25 1.92288 5.06791
      vertex 30.15 1.8472 4.94165
      vertex 25 1.8472 4.94165
    endloop
  endfacet
  facet normal 0 -0.998795 0.0490669
    outer loop
      vertex 25 -0.9 5.775
      vertex 30.15 -0.892777 5.92203
      vertex 25 -0.892777 5.92203
    endloop
  endfacet
  facet normal 0 -0.998795 0.0490669
    outer loop
      vertex 30.15 -0.892777 5.92203
      vertex 25 -0.9 5.775
      vertex 30.15 -0.9 5.775
    endloop
  endfacet
  facet normal 0 0.803249 -0.595643
    outer loop
      vertex 30.15 1.75952 4.82341
      vertex 25 1.8472 4.94165
      vertex 30.15 1.8472 4.94165
    endloop
  endfacet
  facet normal 0 0.803249 -0.595643
    outer loop
      vertex 25 1.8472 4.94165
      vertex 30.15 1.75952 4.82341
      vertex 25 1.75952 4.82341
    endloop
  endfacet
  facet normal 0 -0.242996 -0.970027
    outer loop
      vertex 27.9825 0.164573 4.33959
      vertex 30.15 0.307365 4.30382
      vertex 30.15 0.164573 4.33959
    endloop
  endfacet
  facet normal 2.21801e-06 -0.243028 -0.970019
    outer loop
      vertex 27.9656 0.232227 4.32264
      vertex 30.15 0.307365 4.30382
      vertex 27.9825 0.164573 4.33959
    endloop
  endfacet
  facet normal -2.19585e-06 -0.242907 -0.97005
    outer loop
      vertex 27.9391 0.306147 4.30413
      vertex 30.15 0.307365 4.30382
      vertex 27.9656 0.232227 4.32264
    endloop
  endfacet
  facet normal -0 -0.246652 -0.969104
    outer loop
      vertex 30.15 0.307365 4.30382
      vertex 27.9391 0.306147 4.30413
      vertex 27.9385 0.307365 4.30382
    endloop
  endfacet
  facet normal 0 0.146736 0.989176
    outer loop
      vertex 30.15 0.892635 7.24618
      vertex 27.484 0.747025 7.26778
      vertex 30.15 0.747025 7.26778
    endloop
  endfacet
  facet normal -4.24432e-06 0.146812 0.989164
    outer loop
      vertex 30.15 0.892635 7.24618
      vertex 27.4322 0.765552 7.26503
      vertex 27.484 0.747025 7.26778
    endloop
  endfacet
  facet normal -1.00162e-06 0.146744 0.989175
    outer loop
      vertex 30.15 0.892635 7.24618
      vertex 27.3561 0.784628 7.2622
      vertex 27.4322 0.765552 7.26503
    endloop
  endfacet
  facet normal -3.84182e-06 0.146816 0.989164
    outer loop
      vertex 30.15 0.892635 7.24618
      vertex 27.2784 0.796147 7.26049
      vertex 27.3561 0.784628 7.2622
    endloop
  endfacet
  facet normal 6.58337e-06 0.146512 0.989209
    outer loop
      vertex 30.15 0.892635 7.24618
      vertex 27.2 0.799999 7.25992
      vertex 27.2784 0.796147 7.26049
    endloop
  endfacet
  facet normal -0 0.146717 0.989178
    outer loop
      vertex 25 0.892635 7.24618
      vertex 27.2 0.799999 7.25992
      vertex 30.15 0.892635 7.24618
    endloop
  endfacet
  facet normal 0 0.146717 0.989178
    outer loop
      vertex 27.2 0.799999 7.25992
      vertex 25 0.892635 7.24618
      vertex 25 0.799999 7.25992
    endloop
  endfacet
  facet normal -0 0.514116 0.857721
    outer loop
      vertex 25 1.43335 7.0222
      vertex 30.15 1.30709 7.09788
      vertex 30.15 1.43335 7.0222
    endloop
  endfacet
  facet normal 0 0.514116 0.857721
    outer loop
      vertex 30.15 1.30709 7.09788
      vertex 25 1.43335 7.0222
      vertex 25 1.30709 7.09788
    endloop
  endfacet
  facet normal 0 0.595643 -0.803249
    outer loop
      vertex 25 1.43335 4.5278
      vertex 30.15 1.55159 4.61548
      vertex 30.15 1.43335 4.5278
    endloop
  endfacet
  facet normal 0 0.595643 -0.803249
    outer loop
      vertex 30.15 1.55159 4.61548
      vertex 25 1.43335 4.5278
      vertex 25 1.55159 4.61548
    endloop
  endfacet
  facet normal 0 0.989176 0.146736
    outer loop
      vertex 30.15 2.09278 5.92203
      vertex 25 2.07118 6.06764
      vertex 30.15 2.07118 6.06764
    endloop
  endfacet
  facet normal 0 0.989176 0.146736
    outer loop
      vertex 25 2.07118 6.06764
      vertex 30.15 2.09278 5.92203
      vertex 25 2.09278 5.92203
    endloop
  endfacet
  facet normal 0 -0.242996 0.970027
    outer loop
      vertex 30.15 0.307365 7.24618
      vertex 27.9825 0.164573 7.21041
      vertex 30.15 0.164573 7.21041
    endloop
  endfacet
  facet normal 2.21801e-06 -0.243028 0.970019
    outer loop
      vertex 30.15 0.307365 7.24618
      vertex 27.9656 0.232227 7.22736
      vertex 27.9825 0.164573 7.21041
    endloop
  endfacet
  facet normal -2.19585e-06 -0.242907 0.97005
    outer loop
      vertex 30.15 0.307365 7.24618
      vertex 27.9391 0.306147 7.24587
      vertex 27.9656 0.232227 7.22736
    endloop
  endfacet
  facet normal 0 -0.246652 0.969104
    outer loop
      vertex 27.9391 0.306147 7.24587
      vertex 30.15 0.307365 7.24618
      vertex 27.9385 0.307365 7.24618
    endloop
  endfacet
  facet normal 0 -0.0490482 0.998796
    outer loop
      vertex 30.15 0.6 7.275
      vertex 27.8589 0.452975 7.26778
      vertex 30.15 0.452975 7.26778
    endloop
  endfacet
  facet normal 1.94878e-06 -0.0490785 0.998795
    outer loop
      vertex 30.15 0.6 7.275
      vertex 27.8184 0.507514 7.27046
      vertex 27.8589 0.452975 7.26778
    endloop
  endfacet
  facet normal -3.63422e-06 -0.0489381 0.998802
    outer loop
      vertex 30.15 0.6 7.275
      vertex 27.7657 0.565685 7.27331
      vertex 27.8184 0.507514 7.27046
    endloop
  endfacet
  facet normal 0 -0.04919 0.998789
    outer loop
      vertex 27.7657 0.565685 7.27331
      vertex 30.15 0.6 7.275
      vertex 27.7278 0.6 7.275
    endloop
  endfacet
  facet normal 0 0.146736 -0.989176
    outer loop
      vertex 27.484 0.747025 4.28222
      vertex 30.15 0.892635 4.30382
      vertex 30.15 0.747025 4.28222
    endloop
  endfacet
  facet normal -4.24432e-06 0.146812 -0.989164
    outer loop
      vertex 27.4322 0.765552 4.28497
      vertex 30.15 0.892635 4.30382
      vertex 27.484 0.747025 4.28222
    endloop
  endfacet
  facet normal -1.00162e-06 0.146744 -0.989175
    outer loop
      vertex 27.3561 0.784628 4.2878
      vertex 30.15 0.892635 4.30382
      vertex 27.4322 0.765552 4.28497
    endloop
  endfacet
  facet normal -3.84182e-06 0.146816 -0.989164
    outer loop
      vertex 27.2784 0.796147 4.28951
      vertex 30.15 0.892635 4.30382
      vertex 27.3561 0.784628 4.2878
    endloop
  endfacet
  facet normal 6.58337e-06 0.146512 -0.989209
    outer loop
      vertex 27.2 0.799999 4.29008
      vertex 30.15 0.892635 4.30382
      vertex 27.2784 0.796147 4.28951
    endloop
  endfacet
  facet normal 0 0.146717 -0.989178
    outer loop
      vertex 25 0.892635 4.30382
      vertex 27.2 0.799999 4.29008
      vertex 25 0.799999 4.29008
    endloop
  endfacet
  facet normal 0 0.146717 -0.989178
    outer loop
      vertex 27.2 0.799999 4.29008
      vertex 25 0.892635 4.30382
      vertex 30.15 0.892635 4.30382
    endloop
  endfacet
  facet normal 0 -0.0490482 -0.998796
    outer loop
      vertex 27.8589 0.452975 4.28222
      vertex 30.15 0.6 4.275
      vertex 30.15 0.452975 4.28222
    endloop
  endfacet
  facet normal 1.94878e-06 -0.0490785 -0.998795
    outer loop
      vertex 27.8184 0.507514 4.27954
      vertex 30.15 0.6 4.275
      vertex 27.8589 0.452975 4.28222
    endloop
  endfacet
  facet normal -3.63422e-06 -0.0489381 -0.998802
    outer loop
      vertex 27.7657 0.565685 4.27669
      vertex 30.15 0.6 4.275
      vertex 27.8184 0.507514 4.27954
    endloop
  endfacet
  facet normal -0 -0.04919 -0.998789
    outer loop
      vertex 30.15 0.6 4.275
      vertex 27.7657 0.565685 4.27669
      vertex 27.7278 0.6 4.275
    endloop
  endfacet
  facet normal -1.61456e-06 -0.42757 -0.903982
    outer loop
      vertex 30.15 -0.107094 4.45212
      vertex 28 0 4.40147
      vertex 30.15 0.0259758 4.38918
    endloop
  endfacet
  facet normal 3.06463e-06 -0.427493 -0.904019
    outer loop
      vertex 30.15 -0.107094 4.45212
      vertex 27.9961 -0.078413 4.43855
      vertex 28 0 4.40147
    endloop
  endfacet
  facet normal 0 -0.427681 -0.90393
    outer loop
      vertex 27.9961 -0.078413 4.43855
      vertex 30.15 -0.107094 4.45212
      vertex 27.9919 -0.107094 4.45212
    endloop
  endfacet
  facet normal -0 -0.427679 -0.903931
    outer loop
      vertex 30.15 0.0259758 4.38918
      vertex 28 0 4.40147
      vertex 27.9987 0.0259758 4.38918
    endloop
  endfacet
  facet normal 0 0.989174 -0.146746
    outer loop
      vertex 30.15 2.07118 5.48237
      vertex 25 2.09278 5.62797
      vertex 30.15 2.09278 5.62797
    endloop
  endfacet
  facet normal 0 0.989174 -0.146746
    outer loop
      vertex 25 2.09278 5.62797
      vertex 30.15 2.07118 5.48237
      vertex 25 2.07118 5.48237
    endloop
  endfacet
  facet normal 0 0.998796 0.0490465
    outer loop
      vertex 30.15 2.1 5.775
      vertex 25 2.09278 5.92203
      vertex 30.15 2.09278 5.92203
    endloop
  endfacet
  facet normal 0 0.998796 0.0490465
    outer loop
      vertex 25 2.09278 5.92203
      vertex 30.15 2.1 5.775
      vertex 25 2.1 5.775
    endloop
  endfacet
  facet normal -0 0.671577 0.740935
    outer loop
      vertex 25 1.66066 6.83566
      vertex 30.15 1.55159 6.93452
      vertex 30.15 1.66066 6.83566
    endloop
  endfacet
  facet normal 0 0.671577 0.740935
    outer loop
      vertex 30.15 1.55159 6.93452
      vertex 25 1.66066 6.83566
      vertex 25 1.55159 6.93452
    endloop
  endfacet
  facet normal -2.29989e-06 -0.740973 0.671535
    outer loop
      vertex 30.15 -0.559515 6.72659
      vertex 27.8532 -0.460659 6.83566
      vertex 27.8184 -0.507514 6.78396
    endloop
  endfacet
  facet normal 0 -0.740926 0.671586
    outer loop
      vertex 30.15 -0.559515 6.72659
      vertex 27.8184 -0.507514 6.78396
      vertex 27.7713 -0.559515 6.72659
    endloop
  endfacet
  facet normal 0 -0.740949 0.671562
    outer loop
      vertex 27.8532 -0.460659 6.83566
      vertex 30.15 -0.559515 6.72659
      vertex 30.15 -0.460659 6.83566
    endloop
  endfacet
  facet normal 0 -0.998795 -0.0490669
    outer loop
      vertex 25 -0.892777 5.62797
      vertex 30.15 -0.9 5.775
      vertex 25 -0.9 5.775
    endloop
  endfacet
  facet normal 0 -0.998795 -0.0490669
    outer loop
      vertex 30.15 -0.9 5.775
      vertex 25 -0.892777 5.62797
      vertex 30.15 -0.892777 5.62797
    endloop
  endfacet
  facet normal 0 0.3369 -0.94154
    outer loop
      vertex 25 1.03543 4.33959
      vertex 30.15 1.17402 4.38918
      vertex 30.15 1.03543 4.33959
    endloop
  endfacet
  facet normal 0 0.3369 -0.94154
    outer loop
      vertex 30.15 1.17402 4.38918
      vertex 25 1.03543 4.33959
      vertex 25 1.17402 4.38918
    endloop
  endfacet
  facet normal 0 -0.514113 -0.857722
    outer loop
      vertex 30.15 -0.233355 4.5278
      vertex 27.9919 -0.107094 4.45212
      vertex 30.15 -0.107094 4.45212
    endloop
  endfacet
  facet normal 7.19786e-06 -0.514023 -0.857777
    outer loop
      vertex 30.15 -0.233355 4.5278
      vertex 27.9846 -0.156072 4.48147
      vertex 27.9919 -0.107094 4.45212
    endloop
  endfacet
  facet normal 1.50637e-06 -0.51414 -0.857706
    outer loop
      vertex 30.15 -0.233355 4.5278
      vertex 27.9656 -0.232227 4.52712
      vertex 27.9846 -0.156072 4.48147
    endloop
  endfacet
  facet normal 0 -0.516281 -0.856419
    outer loop
      vertex 27.9656 -0.232227 4.52712
      vertex 30.15 -0.233355 4.5278
      vertex 27.9651 -0.233355 4.5278
    endloop
  endfacet
  facet normal 0 0.970027 0.242999
    outer loop
      vertex 30.15 2.07118 6.06764
      vertex 25 2.03541 6.21043
      vertex 30.15 2.03541 6.21043
    endloop
  endfacet
  facet normal 0 0.970027 0.242999
    outer loop
      vertex 25 2.03541 6.21043
      vertex 30.15 2.07118 6.06764
      vertex 25 2.07118 6.06764
    endloop
  endfacet
  facet normal -0 -0.941536 -0.336911
    outer loop
      vertex 27.2 -0.799999 5.24061
      vertex 25 -0.83541 5.33957
      vertex 25 -0.799999 5.24061
    endloop
  endfacet
  facet normal 0 -0.941536 -0.336911
    outer loop
      vertex 25 -0.83541 5.33957
      vertex 27.2 -0.799999 5.24061
      vertex 30.15 -0.83541 5.33957
    endloop
  endfacet
  facet normal -4.34822e-06 -0.941577 -0.336796
    outer loop
      vertex 27.2784 -0.796147 5.22984
      vertex 30.15 -0.83541 5.33957
      vertex 27.2 -0.799999 5.24061
    endloop
  endfacet
  facet normal 2.81889e-06 -0.941518 -0.336963
    outer loop
      vertex 27.348 -0.785818 5.20098
      vertex 30.15 -0.83541 5.33957
      vertex 27.2784 -0.796147 5.22984
    endloop
  endfacet
  facet normal 0 -0.941536 -0.336912
    outer loop
      vertex 30.15 -0.83541 5.33957
      vertex 27.348 -0.785818 5.20098
      vertex 30.15 -0.785818 5.20098
    endloop
  endfacet
  facet normal 0 0.903983 0.427569
    outer loop
      vertex 30.15 1.98582 6.34902
      vertex 25 1.92288 6.48209
      vertex 30.15 1.92288 6.48209
    endloop
  endfacet
  facet normal 0 0.903983 0.427569
    outer loop
      vertex 25 1.92288 6.48209
      vertex 30.15 1.98582 6.34902
      vertex 25 1.98582 6.34902
    endloop
  endfacet
  facet normal 0 0.740935 0.671577
    outer loop
      vertex 30.15 1.75952 6.72659
      vertex 25 1.66066 6.83566
      vertex 30.15 1.66066 6.83566
    endloop
  endfacet
  facet normal 0 0.740935 0.671577
    outer loop
      vertex 25 1.66066 6.83566
      vertex 30.15 1.75952 6.72659
      vertex 25 1.75952 6.72659
    endloop
  endfacet
  facet normal 0 0.514116 -0.857721
    outer loop
      vertex 25 1.30709 4.45212
      vertex 30.15 1.43335 4.5278
      vertex 30.15 1.30709 4.45212
    endloop
  endfacet
  facet normal 0 0.514116 -0.857721
    outer loop
      vertex 30.15 1.43335 4.5278
      vertex 25 1.30709 4.45212
      vertex 25 1.43335 4.5278
    endloop
  endfacet
  facet normal 0 0.94154 -0.3369
    outer loop
      vertex 30.15 1.98582 5.20098
      vertex 25 2.03541 5.33957
      vertex 30.15 2.03541 5.33957
    endloop
  endfacet
  facet normal 0 0.94154 -0.3369
    outer loop
      vertex 25 2.03541 5.33957
      vertex 30.15 1.98582 5.20098
      vertex 25 1.98582 5.20098
    endloop
  endfacet
  facet normal 0 0.94154 0.3369
    outer loop
      vertex 30.15 2.03541 6.21043
      vertex 25 1.98582 6.34902
      vertex 30.15 1.98582 6.34902
    endloop
  endfacet
  facet normal 0 0.94154 0.3369
    outer loop
      vertex 25 1.98582 6.34902
      vertex 30.15 2.03541 6.21043
      vertex 25 2.03541 6.21043
    endloop
  endfacet
  facet normal 0 -0.514113 0.857722
    outer loop
      vertex 27.9919 -0.107094 7.09788
      vertex 30.15 -0.233355 7.0222
      vertex 30.15 -0.107094 7.09788
    endloop
  endfacet
  facet normal 7.19786e-06 -0.514023 0.857777
    outer loop
      vertex 27.9846 -0.156072 7.06853
      vertex 30.15 -0.233355 7.0222
      vertex 27.9919 -0.107094 7.09788
    endloop
  endfacet
  facet normal 1.50637e-06 -0.51414 0.857706
    outer loop
      vertex 27.9656 -0.232227 7.02288
      vertex 30.15 -0.233355 7.0222
      vertex 27.9846 -0.156072 7.06853
    endloop
  endfacet
  facet normal 0 -0.516281 0.856419
    outer loop
      vertex 30.15 -0.233355 7.0222
      vertex 27.9656 -0.232227 7.02288
      vertex 27.9651 -0.233355 7.0222
    endloop
  endfacet
  facet normal 0 -0.336885 0.941546
    outer loop
      vertex 30.15 0.164573 7.21041
      vertex 27.9987 0.0259758 7.16082
      vertex 30.15 0.0259758 7.16082
    endloop
  endfacet
  facet normal -2.30692e-06 -0.336853 0.941557
    outer loop
      vertex 30.15 0.164573 7.21041
      vertex 27.9961 0.078413 7.17958
      vertex 27.9987 0.0259758 7.16082
    endloop
  endfacet
  facet normal 8.92119e-07 -0.336924 0.941532
    outer loop
      vertex 30.15 0.164573 7.21041
      vertex 27.9846 0.156072 7.20737
      vertex 27.9961 0.078413 7.17958
    endloop
  endfacet
  facet normal 0 -0.336722 0.941604
    outer loop
      vertex 27.9846 0.156072 7.20737
      vertex 30.15 0.164573 7.21041
      vertex 27.9825 0.164573 7.21041
    endloop
  endfacet
  facet normal 0 0.671577 -0.740935
    outer loop
      vertex 25 1.55159 4.61548
      vertex 30.15 1.66066 4.71434
      vertex 30.15 1.55159 4.61548
    endloop
  endfacet
  facet normal 0 0.671577 -0.740935
    outer loop
      vertex 30.15 1.66066 4.71434
      vertex 25 1.55159 4.61548
      vertex 25 1.66066 4.71434
    endloop
  endfacet
  facet normal 0 0.740935 -0.671577
    outer loop
      vertex 30.15 1.66066 4.71434
      vertex 25 1.75952 4.82341
      vertex 30.15 1.75952 4.82341
    endloop
  endfacet
  facet normal 0 0.740935 -0.671577
    outer loop
      vertex 25 1.75952 4.82341
      vertex 30.15 1.66066 4.71434
      vertex 25 1.66066 4.71434
    endloop
  endfacet
  facet normal 0 -0.146736 0.989176
    outer loop
      vertex 30.15 0.452975 7.26778
      vertex 27.9385 0.307365 7.24618
      vertex 30.15 0.307365 7.24618
    endloop
  endfacet
  facet normal -6.44154e-06 -0.14664 0.98919
    outer loop
      vertex 30.15 0.452975 7.26778
      vertex 27.9055 0.377117 7.25652
      vertex 27.9385 0.307365 7.24618
    endloop
  endfacet
  facet normal -2.6668e-06 -0.146749 0.989174
    outer loop
      vertex 30.15 0.452975 7.26778
      vertex 27.8652 0.444456 7.26651
      vertex 27.9055 0.377117 7.25652
    endloop
  endfacet
  facet normal 0 -0.147449 0.98907
    outer loop
      vertex 27.8652 0.444456 7.26651
      vertex 30.15 0.452975 7.26778
      vertex 27.8589 0.452975 7.26778
    endloop
  endfacet
  facet normal 0 -0.67158 0.740932
    outer loop
      vertex 27.9176 -0.35159 6.93452
      vertex 30.15 -0.460659 6.83566
      vertex 30.15 -0.35159 6.93452
    endloop
  endfacet
  facet normal -3.2713e-06 -0.671617 0.740899
    outer loop
      vertex 27.9055 -0.377117 6.91138
      vertex 30.15 -0.460659 6.83566
      vertex 27.9176 -0.35159 6.93452
    endloop
  endfacet
  facet normal 1.63444e-06 -0.671544 0.740964
    outer loop
      vertex 27.8652 -0.444456 6.85035
      vertex 30.15 -0.460659 6.83566
      vertex 27.9055 -0.377117 6.91138
    endloop
  endfacet
  facet normal 0 -0.671671 0.74085
    outer loop
      vertex 30.15 -0.460659 6.83566
      vertex 27.8652 -0.444456 6.85035
      vertex 27.8532 -0.460659 6.83566
    endloop
  endfacet
  facet normal 0 0.970031 -0.242983
    outer loop
      vertex 30.15 2.03541 5.33957
      vertex 25 2.07118 5.48237
      vertex 30.15 2.07118 5.48237
    endloop
  endfacet
  facet normal 0 0.970031 -0.242983
    outer loop
      vertex 25 2.07118 5.48237
      vertex 30.15 2.03541 5.33957
      vertex 25 2.03541 5.33957
    endloop
  endfacet
  facet normal -3.66725e-06 -0.803231 0.595668
    outer loop
      vertex 30.15 -0.647204 6.60836
      vertex 27.7713 -0.559515 6.72659
      vertex 27.7657 -0.565685 6.71827
    endloop
  endfacet
  facet normal -1.83012e-06 -0.803212 0.595693
    outer loop
      vertex 30.15 -0.647204 6.60836
      vertex 27.7657 -0.565685 6.71827
      vertex 27.7075 -0.618408 6.64718
    endloop
  endfacet
  facet normal 0 -0.803157 0.595768
    outer loop
      vertex 30.15 -0.647204 6.60836
      vertex 27.7075 -0.618408 6.64718
      vertex 27.6687 -0.647204 6.60836
    endloop
  endfacet
  facet normal 0 -0.803196 0.595715
    outer loop
      vertex 27.7713 -0.559515 6.72659
      vertex 30.15 -0.647204 6.60836
      vertex 30.15 -0.559515 6.72659
    endloop
  endfacet
  facet normal 4.35441e-06 -0.90396 0.427617
    outer loop
      vertex 30.15 -0.785818 6.34902
      vertex 27.5404 -0.722882 6.48209
      vertex 27.5061 -0.739103 6.4478
    endloop
  endfacet
  facet normal 1.91941e-06 -0.903985 0.427564
    outer loop
      vertex 30.15 -0.785818 6.34902
      vertex 27.5061 -0.739103 6.4478
      vertex 27.4322 -0.765552 6.39188
    endloop
  endfacet
  facet normal 5.35856e-07 -0.904019 0.427492
    outer loop
      vertex 30.15 -0.785818 6.34902
      vertex 27.4322 -0.765552 6.39188
      vertex 27.3561 -0.784628 6.35154
    endloop
  endfacet
  facet normal 0 -0.904249 0.427006
    outer loop
      vertex 30.15 -0.785818 6.34902
      vertex 27.3561 -0.784628 6.35154
      vertex 27.348 -0.785818 6.34902
    endloop
  endfacet
  facet normal 0 -0.903993 0.427547
    outer loop
      vertex 27.5404 -0.722882 6.48209
      vertex 30.15 -0.785818 6.34902
      vertex 30.15 -0.722882 6.48209
    endloop
  endfacet
  facet normal 0 -0.59566 0.803237
    outer loop
      vertex 27.9651 -0.233355 7.0222
      vertex 30.15 -0.35159 6.93452
      vertex 30.15 -0.233355 7.0222
    endloop
  endfacet
  facet normal 3.82799e-07 -0.595655 0.80324
    outer loop
      vertex 27.9391 -0.306147 6.96822
      vertex 30.15 -0.35159 6.93452
      vertex 27.9651 -0.233355 7.0222
    endloop
  endfacet
  facet normal 0 -0.595667 0.803231
    outer loop
      vertex 30.15 -0.35159 6.93452
      vertex 27.9391 -0.306147 6.96822
      vertex 27.9176 -0.35159 6.93452
    endloop
  endfacet
  facet normal 0 -0.970031 0.24298
    outer loop
      vertex 25 -0.871177 6.06764
      vertex 30.15 -0.83541 6.21043
      vertex 25 -0.83541 6.21043
    endloop
  endfacet
  facet normal 0 -0.970031 0.24298
    outer loop
      vertex 30.15 -0.83541 6.21043
      vertex 25 -0.871177 6.06764
      vertex 30.15 -0.871177 6.06764
    endloop
  endfacet
  facet normal -0 0.3369 0.94154
    outer loop
      vertex 25 1.17402 7.16082
      vertex 30.15 1.03543 7.21041
      vertex 30.15 1.17402 7.16082
    endloop
  endfacet
  facet normal 0 0.3369 0.94154
    outer loop
      vertex 30.15 1.03543 7.21041
      vertex 25 1.17402 7.16082
      vertex 25 1.03543 7.21041
    endloop
  endfacet
  facet normal 0 -0.336885 -0.941546
    outer loop
      vertex 27.9987 0.0259758 4.38918
      vertex 30.15 0.164573 4.33959
      vertex 30.15 0.0259758 4.38918
    endloop
  endfacet
  facet normal -2.30692e-06 -0.336853 -0.941557
    outer loop
      vertex 27.9961 0.078413 4.37042
      vertex 30.15 0.164573 4.33959
      vertex 27.9987 0.0259758 4.38918
    endloop
  endfacet
  facet normal 8.92119e-07 -0.336924 -0.941532
    outer loop
      vertex 27.9846 0.156072 4.34263
      vertex 30.15 0.164573 4.33959
      vertex 27.9961 0.078413 4.37042
    endloop
  endfacet
  facet normal -0 -0.336722 -0.941604
    outer loop
      vertex 30.15 0.164573 4.33959
      vertex 27.9846 0.156072 4.34263
      vertex 27.9825 0.164573 4.33959
    endloop
  endfacet
  facet normal -0 0.595643 0.803249
    outer loop
      vertex 25 1.55159 6.93452
      vertex 30.15 1.43335 7.0222
      vertex 30.15 1.55159 6.93452
    endloop
  endfacet
  facet normal 0 0.595643 0.803249
    outer loop
      vertex 30.15 1.43335 7.0222
      vertex 25 1.55159 6.93452
      vertex 25 1.43335 7.0222
    endloop
  endfacet
  facet normal 0 -0.989176 0.146736
    outer loop
      vertex 25 -0.892777 5.92203
      vertex 30.15 -0.871177 6.06764
      vertex 25 -0.871177 6.06764
    endloop
  endfacet
  facet normal 0 -0.989176 0.146736
    outer loop
      vertex 30.15 -0.871177 6.06764
      vertex 25 -0.892777 5.92203
      vertex 30.15 -0.892777 5.92203
    endloop
  endfacet
  facet normal -1 0 0
    outer loop
      vertex 25 2.09278 5.62797
      vertex 25 2.09278 5.92203
      vertex 25 2.1 5.775
    endloop
  endfacet
  facet normal -1 0 0
    outer loop
      vertex 25 2.07118 5.48237
      vertex 25 2.09278 5.92203
      vertex 25 2.09278 5.62797
    endloop
  endfacet
  facet normal -1 0 0
    outer loop
      vertex 25 2.07118 5.48237
      vertex 25 2.07118 6.06764
      vertex 25 2.09278 5.92203
    endloop
  endfacet
  facet normal -1 0 0
    outer loop
      vertex 25 2.03541 5.33957
      vertex 25 2.07118 6.06764
      vertex 25 2.07118 5.48237
    endloop
  endfacet
  facet normal -1 0 0
    outer loop
      vertex 25 2.03541 5.33957
      vertex 25 2.03541 6.21043
      vertex 25 2.07118 6.06764
    endloop
  endfacet
  facet normal -1 0 0
    outer loop
      vertex 25 1.98582 5.20098
      vertex 25 2.03541 6.21043
      vertex 25 2.03541 5.33957
    endloop
  endfacet
  facet normal -1 0 0
    outer loop
      vertex 25 1.98582 5.20098
      vertex 25 1.98582 6.34902
      vertex 25 2.03541 6.21043
    endloop
  endfacet
  facet normal -1 0 0
    outer loop
      vertex 25 1.92288 5.06791
      vertex 25 1.98582 6.34902
      vertex 25 1.98582 5.20098
    endloop
  endfacet
  facet normal -1 0 0
    outer loop
      vertex 25 1.92288 5.06791
      vertex 25 1.92288 6.48209
      vertex 25 1.98582 6.34902
    endloop
  endfacet
  facet normal -1 0 0
    outer loop
      vertex 25 1.8472 4.94165
      vertex 25 1.92288 6.48209
      vertex 25 1.92288 5.06791
    endloop
  endfacet
  facet normal -1 0 0
    outer loop
      vertex 25 1.8472 4.94165
      vertex 25 1.8472 6.60836
      vertex 25 1.92288 6.48209
    endloop
  endfacet
  facet normal -1 0 0
    outer loop
      vertex 25 1.75952 4.82341
      vertex 25 1.8472 6.60836
      vertex 25 1.8472 4.94165
    endloop
  endfacet
  facet normal -1 0 0
    outer loop
      vertex 25 1.75952 4.82341
      vertex 25 1.75952 6.72659
      vertex 25 1.8472 6.60836
    endloop
  endfacet
  facet normal -1 0 0
    outer loop
      vertex 25 1.66066 4.71434
      vertex 25 1.75952 6.72659
      vertex 25 1.75952 4.82341
    endloop
  endfacet
  facet normal -1 0 0
    outer loop
      vertex 25 1.66066 4.71434
      vertex 25 1.66066 6.83566
      vertex 25 1.75952 6.72659
    endloop
  endfacet
  facet normal -1 0 0
    outer loop
      vertex 25 1.55159 4.61548
      vertex 25 1.66066 6.83566
      vertex 25 1.66066 4.71434
    endloop
  endfacet
  facet normal -1 0 0
    outer loop
      vertex 25 1.55159 4.61548
      vertex 25 1.55159 6.93452
      vertex 25 1.66066 6.83566
    endloop
  endfacet
  facet normal -1 0 0
    outer loop
      vertex 25 1.43335 4.5278
      vertex 25 1.55159 6.93452
      vertex 25 1.55159 4.61548
    endloop
  endfacet
  facet normal -1 0 0
    outer loop
      vertex 25 1.43335 4.5278
      vertex 25 1.43335 7.0222
      vertex 25 1.55159 6.93452
    endloop
  endfacet
  facet normal -1 0 0
    outer loop
      vertex 25 1.30709 4.45212
      vertex 25 1.43335 7.0222
      vertex 25 1.43335 4.5278
    endloop
  endfacet
  facet normal -1 0 0
    outer loop
      vertex 25 1.30709 4.45212
      vertex 25 1.30709 7.09788
      vertex 25 1.43335 7.0222
    endloop
  endfacet
  facet normal -1 0 0
    outer loop
      vertex 25 1.17402 4.38918
      vertex 25 1.30709 7.09788
      vertex 25 1.30709 4.45212
    endloop
  endfacet
  facet normal -1 0 0
    outer loop
      vertex 25 1.17402 4.38918
      vertex 25 1.17402 7.16082
      vertex 25 1.30709 7.09788
    endloop
  endfacet
  facet normal -1 0 0
    outer loop
      vertex 25 1.03543 4.33959
      vertex 25 1.17402 7.16082
      vertex 25 1.17402 4.38918
    endloop
  endfacet
  facet normal -1 0 0
    outer loop
      vertex 25 1.03543 4.33959
      vertex 25 1.03543 7.21041
      vertex 25 1.17402 7.16082
    endloop
  endfacet
  facet normal -1 0 0
    outer loop
      vertex 25 0.799999 4.29008
      vertex 25 1.03543 4.33959
      vertex 25 0.892635 4.30382
    endloop
  endfacet
  facet normal -1 -0 0
    outer loop
      vertex 25 1.03543 4.33959
      vertex 25 0.799999 4.29008
      vertex 25 1.03543 7.21041
    endloop
  endfacet
  facet normal -1 0 0
    outer loop
      vertex 25 0.799999 7.25992
      vertex 25 1.03543 7.21041
      vertex 25 0.799999 4.29008
    endloop
  endfacet
  facet normal -1 0 0
    outer loop
      vertex 25 1.03543 7.21041
      vertex 25 0.799999 7.25992
      vertex 25 0.892635 7.24618
    endloop
  endfacet
  facet normal -1 0 0
    outer loop
      vertex 25 -0.871177 5.48237
      vertex 25 -0.799999 5.24061
      vertex 25 -0.83541 5.33957
    endloop
  endfacet
  facet normal -1 0 0
    outer loop
      vertex 25 -0.799999 5.24061
      vertex 25 -0.871177 5.48237
      vertex 25 -0.799999 6.30939
    endloop
  endfacet
  facet normal -1 0 0
    outer loop
      vertex 25 -0.871177 6.06764
      vertex 25 -0.799999 6.30939
      vertex 25 -0.871177 5.48237
    endloop
  endfacet
  facet normal -1 0 0
    outer loop
      vertex 25 -0.799999 6.30939
      vertex 25 -0.871177 6.06764
      vertex 25 -0.83541 6.21043
    endloop
  endfacet
  facet normal -1 0 0
    outer loop
      vertex 25 -0.892777 5.62797
      vertex 25 -0.871177 6.06764
      vertex 25 -0.871177 5.48237
    endloop
  endfacet
  facet normal -1 0 0
    outer loop
      vertex 25 -0.892777 5.62797
      vertex 25 -0.892777 5.92203
      vertex 25 -0.871177 6.06764
    endloop
  endfacet
  facet normal -1 0 -0
    outer loop
      vertex 25 -0.892777 5.92203
      vertex 25 -0.892777 5.62797
      vertex 25 -0.9 5.775
    endloop
  endfacet
  facet normal 0 0.0490482 0.998796
    outer loop
      vertex 30.15 0.747025 7.26778
      vertex 27.7278 0.6 7.275
      vertex 30.15 0.6 7.275
    endloop
  endfacet
  facet normal 1.22458e-05 0.0488469 0.998806
    outer loop
      vertex 30.15 0.747025 7.26778
      vertex 27.7075 0.618408 7.2741
      vertex 27.7278 0.6 7.275
    endloop
  endfacet
  facet normal -2.05472e-06 0.0491178 0.998793
    outer loop
      vertex 30.15 0.747025 7.26778
      vertex 27.6445 0.665175 7.2718
      vertex 27.7075 0.618408 7.2741
    endloop
  endfacet
  facet normal -5.86533e-06 0.0492342 0.998787
    outer loop
      vertex 30.15 0.747025 7.26778
      vertex 27.5771 0.705537 7.26981
      vertex 27.6445 0.665175 7.2718
    endloop
  endfacet
  facet normal 1.1034e-06 0.0488031 0.998808
    outer loop
      vertex 30.15 0.747025 7.26778
      vertex 27.5061 0.739103 7.26817
      vertex 27.5771 0.705537 7.26981
    endloop
  endfacet
  facet normal 0 0.0491704 0.99879
    outer loop
      vertex 27.5061 0.739103 7.26817
      vertex 30.15 0.747025 7.26778
      vertex 27.484 0.747025 7.26778
    endloop
  endfacet
  facet normal 0 -0.941536 0.336911
    outer loop
      vertex 25 -0.799999 6.30939
      vertex 25 -0.83541 6.21043
      vertex 27.2 -0.799999 6.30939
    endloop
  endfacet
  facet normal 2.81889e-06 -0.941518 0.336963
    outer loop
      vertex 30.15 -0.83541 6.21043
      vertex 27.348 -0.785818 6.34902
      vertex 27.2784 -0.796147 6.32016
    endloop
  endfacet
  facet normal -4.34822e-06 -0.941577 0.336796
    outer loop
      vertex 30.15 -0.83541 6.21043
      vertex 27.2784 -0.796147 6.32016
      vertex 27.2 -0.799999 6.30939
    endloop
  endfacet
  facet normal 0 -0.941536 0.336911
    outer loop
      vertex 30.15 -0.83541 6.21043
      vertex 27.2 -0.799999 6.30939
      vertex 25 -0.83541 6.21043
    endloop
  endfacet
  facet normal 0 -0.941536 0.336912
    outer loop
      vertex 27.348 -0.785818 6.34902
      vertex 30.15 -0.83541 6.21043
      vertex 30.15 -0.785818 6.34902
    endloop
  endfacet
  facet normal 0 -0.67158 -0.740932
    outer loop
      vertex 30.15 -0.460659 4.71434
      vertex 27.9176 -0.35159 4.61548
      vertex 30.15 -0.35159 4.61548
    endloop
  endfacet
  facet normal -3.2713e-06 -0.671617 -0.740899
    outer loop
      vertex 30.15 -0.460659 4.71434
      vertex 27.9055 -0.377117 4.63862
      vertex 27.9176 -0.35159 4.61548
    endloop
  endfacet
  facet normal 1.63444e-06 -0.671544 -0.740964
    outer loop
      vertex 30.15 -0.460659 4.71434
      vertex 27.8652 -0.444456 4.69965
      vertex 27.9055 -0.377117 4.63862
    endloop
  endfacet
  facet normal 0 -0.671671 -0.74085
    outer loop
      vertex 27.8652 -0.444456 4.69965
      vertex 30.15 -0.460659 4.71434
      vertex 27.8532 -0.460659 4.71434
    endloop
  endfacet
  facet normal 0 -0.740926 -0.671586
    outer loop
      vertex 27.8184 -0.507514 4.76604
      vertex 30.15 -0.559515 4.82341
      vertex 27.7713 -0.559515 4.82341
    endloop
  endfacet
  facet normal -2.29989e-06 -0.740973 -0.671535
    outer loop
      vertex 27.8532 -0.460659 4.71434
      vertex 30.15 -0.559515 4.82341
      vertex 27.8184 -0.507514 4.76604
    endloop
  endfacet
  facet normal 0 -0.740949 -0.671562
    outer loop
      vertex 30.15 -0.559515 4.82341
      vertex 27.8532 -0.460659 4.71434
      vertex 30.15 -0.460659 4.71434
    endloop
  endfacet
  facet normal 0.933637 -0.265423 0.240568
    outer loop
      vertex 30.15 -0.277363 6.64979
      vertex 30.15 -0.357385 6.5615
      vertex 30.5749 0.501445 5.86004
    endloop
  endfacet
  facet normal 0.933719 -0.240421 -0.265268
    outer loop
      vertex 30.5749 0.501445 5.68996
      vertex 30.15 -0.277363 4.90021
      vertex 30.15 -0.189073 4.82019
    endloop
  endfacet
  facet normal 0.984792 0.143586 -0.0978108
    outer loop
      vertex 30.5945 0.633935 5.72364
      vertex 30.5896 0.667542 5.72364
      vertex 30.5929 0.668199 5.75783
    endloop
  endfacet
  facet normal 0.933648 0.120673 -0.337253
    outer loop
      vertex 30.578 0.6323 5.65709
      vertex 30.15 0.95907 4.58914
      vertex 30.15 1.07142 4.62934
    endloop
  endfacet
  facet normal 0.955763 0.0443853 0.290771
    outer loop
      vertex 30.5895 0.6 5.86004
      vertex 30.578 0.6323 5.89291
      vertex 30.5795 0.6 5.89291
    endloop
  endfacet
  facet normal 0.993858 -0.0497881 0.0988335
    outer loop
      vertex 30.5962 0.6 5.82636
      vertex 30.5945 0.566065 5.82636
      vertex 30.5996 0.6 5.79217
    endloop
  endfacet
  facet normal 0.933656 0.354294 -0.0525604
    outer loop
      vertex 30.573 0.733778 5.75783
      vertex 30.15 1.81544 5.53504
      vertex 30.15 1.83291 5.6528
    endloop
  endfacet
  facet normal 0.93368 0.153086 -0.323737
    outer loop
      vertex 30.5732 0.66429 5.65709
      vertex 30.15 1.0766 4.63152
      vertex 30.15 1.18424 4.68242
    endloop
  endfacet
  facet normal 0.93362 -0.0870441 0.347531
    outer loop
      vertex 30.15 0.356675 6.98985
      vertex 30.15 0.24093 6.96086
      vertex 30.578 0.5677 5.89291
    endloop
  endfacet
  facet normal 0.93368 -0.15309 -0.323735
    outer loop
      vertex 30.5732 0.53571 5.65709
      vertex 30.15 0.0157644 4.68242
      vertex 30.15 0.123401 4.63152
    endloop
  endfacet
  facet normal 0.933839 0.334089 0.127785
    outer loop
      vertex 30.15 1.7439 6.25065
      vertex 30.5699 0.732489 5.82636
      vertex 30.15 1.74473 6.24848
    endloop
  endfacet
  facet normal 0.93387 0.332795 0.130899
    outer loop
      vertex 30.5699 0.732489 5.82636
      vertex 30.15 1.7439 6.25065
      vertex 30.5813 0.700499 5.82636
    endloop
  endfacet
  facet normal 0.937577 -0.333802 0.0975946
    outer loop
      vertex 30.5845 0.498523 5.79217
      vertex 30.5699 0.467511 5.82636
      vertex 30.573 0.466222 5.79217
    endloop
  endfacet
  facet normal 0.942075 -0.335403 0
    outer loop
      vertex 30.573 0.466222 5.79217
      vertex 30.5845 0.498523 5.75783
      vertex 30.5845 0.498523 5.79217
    endloop
  endfacet
  facet normal 0.942075 -0.335403 0
    outer loop
      vertex 30.5845 0.498523 5.75783
      vertex 30.573 0.466222 5.79217
      vertex 30.573 0.466222 5.75783
    endloop
  endfacet
  facet normal 0.933694 -0.0525458 -0.354197
    outer loop
      vertex 30.578 0.5677 5.65709
      vertex 30.15 0.356675 4.56015
      vertex 30.15 0.474705 4.54264
    endloop
  endfacet
  facet normal 0.933694 -0.0525458 0.354197
    outer loop
      vertex 30.15 0.474705 7.00736
      vertex 30.15 0.356675 6.98985
      vertex 30.578 0.5677 5.89291
    endloop
  endfacet
  facet normal 0.93368 -0.15309 0.323735
    outer loop
      vertex 30.15 0.123401 6.91848
      vertex 30.15 0.0157644 6.86758
      vertex 30.5732 0.53571 5.89291
    endloop
  endfacet
  facet normal 0.933656 0.354294 0.0525604
    outer loop
      vertex 30.15 1.83291 5.8972
      vertex 30.15 1.81544 6.01496
      vertex 30.573 0.733778 5.79217
    endloop
  endfacet
  facet normal 0.937505 0.334091 0.097302
    outer loop
      vertex 30.5845 0.701477 5.79217
      vertex 30.5699 0.732489 5.82636
      vertex 30.5813 0.700499 5.82636
    endloop
  endfacet
  facet normal 0.937577 0.333802 0.0975946
    outer loop
      vertex 30.573 0.733778 5.79217
      vertex 30.5699 0.732489 5.82636
      vertex 30.5845 0.701477 5.79217
    endloop
  endfacet
  facet normal 0.933719 0.240421 -0.265268
    outer loop
      vertex 30.5749 0.698555 5.68996
      vertex 30.15 1.38907 4.82019
      vertex 30.15 1.47736 4.90021
    endloop
  endfacet
  facet normal 0.933864 -0.140123 -0.329033
    outer loop
      vertex 30.5732 0.53571 5.65709
      vertex 30.15 0.128584 4.62934
      vertex 30.578 0.5677 5.65709
    endloop
  endfacet
  facet normal 0.933877 -0.138642 -0.329625
    outer loop
      vertex 30.15 0.128584 4.62934
      vertex 30.5732 0.53571 5.65709
      vertex 30.15 0.123401 4.63152
    endloop
  endfacet
  facet normal 0.955763 -0.0443853 -0.290771
    outer loop
      vertex 30.5895 0.6 5.68996
      vertex 30.578 0.5677 5.65709
      vertex 30.5795 0.6 5.65709
    endloop
  endfacet
  facet normal 0.933672 -0.017576 -0.357698
    outer loop
      vertex 30.5795 0.6 5.65709
      vertex 30.15 0.48074 4.54186
      vertex 30.15 0.6 4.536
    endloop
  endfacet
  facet normal 0.950979 -0.239498 -0.19565
    outer loop
      vertex 30.5896 0.532458 5.72364
      vertex 30.5813 0.499501 5.72364
      vertex 30.583 0.533765 5.68996
    endloop
  endfacet
  facet normal 0.933672 0.017576 -0.357698
    outer loop
      vertex 30.5795 0.6 5.65709
      vertex 30.15 0.6 4.536
      vertex 30.15 0.71926 4.54186
    endloop
  endfacet
  facet normal 0.933665 0.287672 -0.213342
    outer loop
      vertex 30.5749 0.698555 5.68996
      vertex 30.15 1.55739 4.9885
      vertex 30.15 1.62837 5.08421
    endloop
  endfacet
  facet normal 0.933856 -0.0433679 -0.355011
    outer loop
      vertex 30.578 0.5677 5.65709
      vertex 30.15 0.48074 4.54186
      vertex 30.5795 0.6 5.65709
    endloop
  endfacet
  facet normal 0.933816 -0.0458567 -0.354802
    outer loop
      vertex 30.15 0.48074 4.54186
      vertex 30.578 0.5677 5.65709
      vertex 30.15 0.474705 4.54264
    endloop
  endfacet
  facet normal 0.933923 0.343881 -0.0976433
    outer loop
      vertex 30.5699 0.732489 5.72364
      vertex 30.15 1.78652 5.41955
      vertex 30.573 0.733778 5.75783
    endloop
  endfacet
  facet normal 0.933923 0.343762 -0.0980568
    outer loop
      vertex 30.15 1.78652 5.41955
      vertex 30.5699 0.732489 5.72364
      vertex 30.15 1.78478 5.41345
    endloop
  endfacet
  facet normal 0.956123 -0.0459716 0.289338
    outer loop
      vertex 30.5895 0.6 5.86004
      vertex 30.578 0.5677 5.89291
      vertex 30.5879 0.566723 5.86004
    endloop
  endfacet
  facet normal 0.933864 0.234165 0.270306
    outer loop
      vertex 30.15 1.38548 6.73292
      vertex 30.5749 0.698555 5.86004
      vertex 30.15 1.38907 6.72981
    endloop
  endfacet
  facet normal 0.933866 0.234044 0.270402
    outer loop
      vertex 30.5749 0.698555 5.86004
      vertex 30.15 1.38548 6.73292
      vertex 30.583 0.666235 5.86004
    endloop
  endfacet
  facet normal 0.933734 0.337042 0.120598
    outer loop
      vertex 30.15 1.78478 6.13655
      vertex 30.15 1.74473 6.24848
      vertex 30.5699 0.732489 5.82636
    endloop
  endfacet
  facet normal 0.933648 -0.120676 0.337252
    outer loop
      vertex 30.15 0.24093 6.96086
      vertex 30.15 0.128584 6.92066
      vertex 30.578 0.5677 5.89291
    endloop
  endfacet
  facet normal 0.964989 0.243582 -0.0972854
    outer loop
      vertex 30.5929 0.668199 5.75783
      vertex 30.5813 0.700499 5.72364
      vertex 30.5845 0.701477 5.75783
    endloop
  endfacet
  facet normal 0.933671 -0.184131 0.307172
    outer loop
      vertex 30.15 0.0157644 6.86758
      vertex 30.15 -0.0863643 6.80636
      vertex 30.5732 0.53571 5.89291
    endloop
  endfacet
  facet normal 0.933719 -0.240421 0.265268
    outer loop
      vertex 30.15 -0.189073 6.72981
      vertex 30.15 -0.277363 6.64979
      vertex 30.5749 0.501445 5.86004
    endloop
  endfacet
  facet normal 0.933694 0.0525458 0.354197
    outer loop
      vertex 30.15 0.843325 6.98985
      vertex 30.15 0.725295 7.00736
      vertex 30.578 0.6323 5.89291
    endloop
  endfacet
  facet normal 0.933837 0.208356 0.290752
    outer loop
      vertex 30.5732 0.66429 5.89291
      vertex 30.15 1.28943 6.80416
      vertex 30.15 1.28636 6.80636
    endloop
  endfacet
  facet normal 0.933837 0.208363 0.290747
    outer loop
      vertex 30.15 1.28943 6.80416
      vertex 30.5732 0.66429 5.89291
      vertex 30.583 0.666235 5.86004
    endloop
  endfacet
  facet normal 0.951464 0.238455 0.194564
    outer loop
      vertex 30.5813 0.700499 5.82636
      vertex 30.5749 0.698555 5.86004
      vertex 30.583 0.666235 5.86004
    endloop
  endfacet
  facet normal 0.933923 0.343762 0.0980568
    outer loop
      vertex 30.5699 0.732489 5.82636
      vertex 30.15 1.78652 6.13045
      vertex 30.15 1.78478 6.13655
    endloop
  endfacet
  facet normal 0.933923 0.343881 0.0976433
    outer loop
      vertex 30.15 1.78652 6.13045
      vertex 30.5699 0.732489 5.82636
      vertex 30.573 0.733778 5.79217
    endloop
  endfacet
  facet normal 0.96507 -0.243046 -0.0978184
    outer loop
      vertex 30.5929 0.531801 5.75783
      vertex 30.5813 0.499501 5.72364
      vertex 30.5896 0.532458 5.72364
    endloop
  endfacet
  facet normal 0.933885 -0.299687 0.195056
    outer loop
      vertex 30.15 -0.431375 6.46117
      vertex 30.5749 0.501445 5.86004
      vertex 30.15 -0.428368 6.46579
    endloop
  endfacet
  facet normal 0.933885 -0.299872 0.194769
    outer loop
      vertex 30.5749 0.501445 5.86004
      vertex 30.15 -0.431375 6.46117
      vertex 30.5813 0.499501 5.82636
    endloop
  endfacet
  facet normal 0.933664 -0.287669 -0.213349
    outer loop
      vertex 30.5749 0.501445 5.68996
      vertex 30.15 -0.428368 5.08421
      vertex 30.15 -0.357385 4.9885
    endloop
  endfacet
  facet normal 0.933671 -0.184131 -0.307172
    outer loop
      vertex 30.5732 0.53571 5.65709
      vertex 30.15 -0.0863643 4.74364
      vertex 30.15 0.0157644 4.68242
    endloop
  endfacet
  facet normal 0.93362 -0.0870441 -0.347531
    outer loop
      vertex 30.578 0.5677 5.65709
      vertex 30.15 0.24093 4.58914
      vertex 30.15 0.356675 4.56015
    endloop
  endfacet
  facet normal 0.933816 0.0458567 -0.354802
    outer loop
      vertex 30.578 0.6323 5.65709
      vertex 30.15 0.71926 4.54186
      vertex 30.15 0.725295 4.54264
    endloop
  endfacet
  facet normal 0.933856 0.0433679 -0.355011
    outer loop
      vertex 30.15 0.71926 4.54186
      vertex 30.578 0.6323 5.65709
      vertex 30.5795 0.6 5.65709
    endloop
  endfacet
  facet normal 0.933719 0.240421 0.265268
    outer loop
      vertex 30.15 1.47736 6.64979
      vertex 30.15 1.38907 6.72981
      vertex 30.5749 0.698555 5.86004
    endloop
  endfacet
  facet normal 0.937577 -0.333802 -0.0975946
    outer loop
      vertex 30.573 0.466222 5.75783
      vertex 30.5699 0.467511 5.72364
      vertex 30.5845 0.498523 5.75783
    endloop
  endfacet
  facet normal 0.937505 -0.334091 0.097302
    outer loop
      vertex 30.5813 0.499501 5.82636
      vertex 30.5699 0.467511 5.82636
      vertex 30.5845 0.498523 5.79217
    endloop
  endfacet
  facet normal 0.956122 0.0459702 0.289339
    outer loop
      vertex 30.5879 0.633278 5.86004
      vertex 30.578 0.6323 5.89291
      vertex 30.5895 0.6 5.86004
    endloop
  endfacet
  facet normal 0.933885 -0.299872 -0.194769
    outer loop
      vertex 30.15 -0.431375 5.08883
      vertex 30.5749 0.501445 5.68996
      vertex 30.5813 0.499501 5.72364
    endloop
  endfacet
  facet normal 0.933885 -0.299687 -0.195056
    outer loop
      vertex 30.5749 0.501445 5.68996
      vertex 30.15 -0.431375 5.08883
      vertex 30.15 -0.428368 5.08421
    endloop
  endfacet
  facet normal 0.950979 0.239498 0.19565
    outer loop
      vertex 30.5896 0.667542 5.82636
      vertex 30.5813 0.700499 5.82636
      vertex 30.583 0.666235 5.86004
    endloop
  endfacet
  facet normal 0.937505 0.334091 -0.097302
    outer loop
      vertex 30.5813 0.700499 5.72364
      vertex 30.5699 0.732489 5.72364
      vertex 30.5845 0.701477 5.75783
    endloop
  endfacet
  facet normal 0.933908 -0.357513 0
    outer loop
      vertex 30.15 -0.638755 5.77828
      vertex 30.573 0.466222 5.75783
      vertex 30.573 0.466222 5.79217
    endloop
  endfacet
  facet normal 0.933908 -0.357513 0
    outer loop
      vertex 30.573 0.466222 5.75783
      vertex 30.15 -0.638755 5.77828
      vertex 30.15 -0.638755 5.77172
    endloop
  endfacet
  facet normal 0.955763 -0.0443853 0.290771
    outer loop
      vertex 30.5795 0.6 5.89291
      vertex 30.578 0.5677 5.89291
      vertex 30.5895 0.6 5.86004
    endloop
  endfacet
  facet normal 0.933672 -0.017576 0.357698
    outer loop
      vertex 30.15 0.6 7.014
      vertex 30.15 0.48074 7.00814
      vertex 30.5795 0.6 5.89291
    endloop
  endfacet
  facet normal 0.96507 0.243046 0.0978184
    outer loop
      vertex 30.5929 0.668199 5.79217
      vertex 30.5813 0.700499 5.82636
      vertex 30.5896 0.667542 5.82636
    endloop
  endfacet
  facet normal 0.93369 0.357649 -0.0175937
    outer loop
      vertex 30.573 0.733778 5.75783
      vertex 30.15 1.83291 5.6528
      vertex 30.15 1.83876 5.77172
    endloop
  endfacet
  facet normal 0.933909 0.357511 0
    outer loop
      vertex 30.573 0.733778 5.79217
      vertex 30.15 1.83876 5.77172
      vertex 30.15 1.83876 5.77828
    endloop
  endfacet
  facet normal 0.933909 0.357511 0
    outer loop
      vertex 30.15 1.83876 5.77172
      vertex 30.573 0.733778 5.79217
      vertex 30.573 0.733778 5.75783
    endloop
  endfacet
  facet normal 0.933736 0.347241 -0.0869532
    outer loop
      vertex 30.573 0.733778 5.75783
      vertex 30.15 1.78652 5.41955
      vertex 30.15 1.81544 5.53504
    endloop
  endfacet
  facet normal 0.951464 0.238455 -0.194564
    outer loop
      vertex 30.583 0.666235 5.68996
      vertex 30.5749 0.698555 5.68996
      vertex 30.5813 0.700499 5.72364
    endloop
  endfacet
  facet normal 0.933637 -0.265423 -0.240568
    outer loop
      vertex 30.5749 0.501445 5.68996
      vertex 30.15 -0.357385 4.9885
      vertex 30.15 -0.277363 4.90021
    endloop
  endfacet
  facet normal 0.933922 -0.343883 -0.0976433
    outer loop
      vertex 30.15 -0.586516 5.41955
      vertex 30.5699 0.467511 5.72364
      vertex 30.573 0.466222 5.75783
    endloop
  endfacet
  facet normal 0.933922 -0.343823 -0.0978488
    outer loop
      vertex 30.5699 0.467511 5.72364
      vertex 30.15 -0.586516 5.41955
      vertex 30.15 -0.58478 5.41345
    endloop
  endfacet
  facet normal 0.937505 -0.334091 -0.097302
    outer loop
      vertex 30.5845 0.498523 5.75783
      vertex 30.5699 0.467511 5.72364
      vertex 30.5813 0.499501 5.72364
    endloop
  endfacet
  facet normal 0.93371 -0.307094 -0.184059
    outer loop
      vertex 30.5813 0.499501 5.72364
      vertex 30.15 -0.492809 5.19133
      vertex 30.15 -0.431375 5.08883
    endloop
  endfacet
  facet normal 0.9796 0.0490738 -0.194873
    outer loop
      vertex 30.5962 0.6 5.72364
      vertex 30.5895 0.6 5.68996
      vertex 30.5945 0.633935 5.72364
    endloop
  endfacet
  facet normal 0.933648 -0.120676 -0.337252
    outer loop
      vertex 30.578 0.5677 5.65709
      vertex 30.15 0.128584 4.62934
      vertex 30.15 0.24093 4.58914
    endloop
  endfacet
  facet normal 0.970412 0.141489 -0.195655
    outer loop
      vertex 30.5945 0.633935 5.72364
      vertex 30.583 0.666235 5.68996
      vertex 30.5896 0.667542 5.72364
    endloop
  endfacet
  facet normal 0.933671 0.184143 -0.307165
    outer loop
      vertex 30.5732 0.66429 5.65709
      vertex 30.15 1.18424 4.68242
      vertex 30.15 1.28636 4.74364
    endloop
  endfacet
  facet normal 0.933637 0.265411 -0.240581
    outer loop
      vertex 30.5749 0.698555 5.68996
      vertex 30.15 1.47736 4.90021
      vertex 30.15 1.55739 4.9885
    endloop
  endfacet
  facet normal 0.946274 -0.141985 -0.290528
    outer loop
      vertex 30.583 0.533765 5.68996
      vertex 30.5732 0.53571 5.65709
      vertex 30.578 0.5677 5.65709
    endloop
  endfacet
  facet normal 0.964989 -0.243582 0.0972854
    outer loop
      vertex 30.5929 0.531801 5.79217
      vertex 30.5813 0.499501 5.82636
      vertex 30.5845 0.498523 5.79217
    endloop
  endfacet
  facet normal 0.933745 -0.213231 -0.287493
    outer loop
      vertex 30.583 0.533765 5.68996
      vertex 30.15 -0.185477 4.81708
      vertex 30.15 -0.089426 4.74584
    endloop
  endfacet
  facet normal 0.933836 -0.208364 -0.290747
    outer loop
      vertex 30.15 -0.089426 4.74584
      vertex 30.5732 0.53571 5.65709
      vertex 30.583 0.533765 5.68996
    endloop
  endfacet
  facet normal 0.933833 -0.208734 -0.290492
    outer loop
      vertex 30.5732 0.53571 5.65709
      vertex 30.15 -0.089426 4.74584
      vertex 30.15 -0.0863643 4.74364
    endloop
  endfacet
  facet normal 0.951464 -0.238455 0.194564
    outer loop
      vertex 30.583 0.533765 5.86004
      vertex 30.5749 0.501445 5.86004
      vertex 30.5813 0.499501 5.82636
    endloop
  endfacet
  facet normal 0.950979 -0.239498 0.19565
    outer loop
      vertex 30.583 0.533765 5.86004
      vertex 30.5813 0.499501 5.82636
      vertex 30.5896 0.532458 5.82636
    endloop
  endfacet
  facet normal 0.93362 0.0870441 0.347531
    outer loop
      vertex 30.15 0.95907 6.96086
      vertex 30.15 0.843325 6.98985
      vertex 30.578 0.6323 5.89291
    endloop
  endfacet
  facet normal 0.933648 0.120673 0.337253
    outer loop
      vertex 30.15 1.07142 6.92066
      vertex 30.15 0.95907 6.96086
      vertex 30.578 0.6323 5.89291
    endloop
  endfacet
  facet normal 0.946274 0.141985 -0.290528
    outer loop
      vertex 30.578 0.6323 5.65709
      vertex 30.5732 0.66429 5.65709
      vertex 30.583 0.666235 5.68996
    endloop
  endfacet
  facet normal 0.933876 0.138711 -0.329597
    outer loop
      vertex 30.5732 0.66429 5.65709
      vertex 30.15 1.07142 4.62934
      vertex 30.15 1.0766 4.63152
    endloop
  endfacet
  facet normal 0.933865 0.140123 -0.329032
    outer loop
      vertex 30.15 1.07142 4.62934
      vertex 30.5732 0.66429 5.65709
      vertex 30.578 0.6323 5.65709
    endloop
  endfacet
  facet normal 0.933885 0.299894 0.194736
    outer loop
      vertex 30.5749 0.698555 5.86004
      vertex 30.15 1.63137 6.46117
      vertex 30.15 1.62837 6.46579
    endloop
  endfacet
  facet normal 0.933885 0.299873 0.194769
    outer loop
      vertex 30.15 1.63137 6.46117
      vertex 30.5749 0.698555 5.86004
      vertex 30.5813 0.700499 5.82636
    endloop
  endfacet
  facet normal 0.993834 0.0493074 0.0993071
    outer loop
      vertex 30.5979 0.634265 5.79217
      vertex 30.5945 0.633935 5.82636
      vertex 30.5996 0.6 5.79217
    endloop
  endfacet
  facet normal 0.933693 0.323695 -0.153098
    outer loop
      vertex 30.5813 0.700499 5.72364
      vertex 30.15 1.69281 5.19133
      vertex 30.15 1.7439 5.29935
    endloop
  endfacet
  facet normal 0.97053 0.144297 0.193002
    outer loop
      vertex 30.5945 0.633935 5.82636
      vertex 30.583 0.666235 5.86004
      vertex 30.5879 0.633278 5.86004
    endloop
  endfacet
  facet normal 0.933734 0.337042 -0.120598
    outer loop
      vertex 30.5699 0.732489 5.72364
      vertex 30.15 1.74473 5.30152
      vertex 30.15 1.78478 5.41345
    endloop
  endfacet
  facet normal 0.933693 -0.323694 0.1531
    outer loop
      vertex 30.15 -0.492809 6.35867
      vertex 30.15 -0.5439 6.25065
      vertex 30.5813 0.499501 5.82636
    endloop
  endfacet
  facet normal 0.933664 -0.287669 0.213349
    outer loop
      vertex 30.15 -0.357385 6.5615
      vertex 30.15 -0.428368 6.46579
      vertex 30.5749 0.501445 5.86004
    endloop
  endfacet
  facet normal 0.933922 -0.343823 0.0978488
    outer loop
      vertex 30.15 -0.586516 6.13045
      vertex 30.5699 0.467511 5.82636
      vertex 30.15 -0.58478 6.13655
    endloop
  endfacet
  facet normal 0.933922 -0.343883 0.0976433
    outer loop
      vertex 30.5699 0.467511 5.82636
      vertex 30.15 -0.586516 6.13045
      vertex 30.573 0.466222 5.79217
    endloop
  endfacet
  facet normal 0.93371 -0.307094 0.184059
    outer loop
      vertex 30.15 -0.431375 6.46117
      vertex 30.15 -0.492809 6.35867
      vertex 30.5813 0.499501 5.82636
    endloop
  endfacet
  facet normal 0.933734 -0.33704 -0.120606
    outer loop
      vertex 30.5699 0.467511 5.72364
      vertex 30.15 -0.58478 5.41345
      vertex 30.15 -0.544727 5.30152
    endloop
  endfacet
  facet normal 0.969588 -0.244742 0
    outer loop
      vertex 30.5845 0.498523 5.79217
      vertex 30.5929 0.531801 5.75783
      vertex 30.5929 0.531801 5.79217
    endloop
  endfacet
  facet normal 0.969588 -0.244742 0
    outer loop
      vertex 30.5929 0.531801 5.75783
      vertex 30.5845 0.498523 5.79217
      vertex 30.5845 0.498523 5.75783
    endloop
  endfacet
  facet normal 0.970412 -0.141489 -0.195655
    outer loop
      vertex 30.5896 0.532458 5.72364
      vertex 30.583 0.533765 5.68996
      vertex 30.5945 0.566065 5.72364
    endloop
  endfacet
  facet normal 0.9796 -0.0490738 -0.194873
    outer loop
      vertex 30.5945 0.566065 5.72364
      vertex 30.5895 0.6 5.68996
      vertex 30.5962 0.6 5.72364
    endloop
  endfacet
  facet normal 0.93387 -0.332795 -0.130899
    outer loop
      vertex 30.5699 0.467511 5.72364
      vertex 30.15 -0.5439 5.29935
      vertex 30.5813 0.499501 5.72364
    endloop
  endfacet
  facet normal 0.933834 -0.334254 -0.127386
    outer loop
      vertex 30.15 -0.5439 5.29935
      vertex 30.5699 0.467511 5.72364
      vertex 30.15 -0.544727 5.30152
    endloop
  endfacet
  facet normal 0.933693 -0.323694 -0.1531
    outer loop
      vertex 30.5813 0.499501 5.72364
      vertex 30.15 -0.5439 5.29935
      vertex 30.15 -0.492809 5.19133
    endloop
  endfacet
  facet normal 0.951464 -0.238455 -0.194564
    outer loop
      vertex 30.5813 0.499501 5.72364
      vertex 30.5749 0.501445 5.68996
      vertex 30.583 0.533765 5.68996
    endloop
  endfacet
  facet normal 0.933866 -0.234044 -0.270403
    outer loop
      vertex 30.5749 0.501445 5.68996
      vertex 30.15 -0.185477 4.81708
      vertex 30.583 0.533765 5.68996
    endloop
  endfacet
  facet normal 0.933868 -0.233934 -0.270491
    outer loop
      vertex 30.15 -0.185477 4.81708
      vertex 30.5749 0.501445 5.68996
      vertex 30.15 -0.189073 4.82019
    endloop
  endfacet
  facet normal 0.984792 -0.143586 0.0978108
    outer loop
      vertex 30.5945 0.566065 5.82636
      vertex 30.5896 0.532458 5.82636
      vertex 30.5929 0.531801 5.79217
    endloop
  endfacet
  facet normal 0.933856 -0.0433679 0.355011
    outer loop
      vertex 30.15 0.48074 7.00814
      vertex 30.578 0.5677 5.89291
      vertex 30.5795 0.6 5.89291
    endloop
  endfacet
  facet normal 0.933816 -0.0458567 0.354802
    outer loop
      vertex 30.578 0.5677 5.89291
      vertex 30.15 0.48074 7.00814
      vertex 30.15 0.474705 7.00736
    endloop
  endfacet
  facet normal 0.933864 -0.140123 0.329033
    outer loop
      vertex 30.15 0.128584 6.92066
      vertex 30.5732 0.53571 5.89291
      vertex 30.578 0.5677 5.89291
    endloop
  endfacet
  facet normal 0.933877 -0.138642 0.329625
    outer loop
      vertex 30.5732 0.53571 5.89291
      vertex 30.15 0.128584 6.92066
      vertex 30.15 0.123401 6.91848
    endloop
  endfacet
  facet normal 0.970412 -0.141489 0.195655
    outer loop
      vertex 30.5945 0.566065 5.82636
      vertex 30.583 0.533765 5.86004
      vertex 30.5896 0.532458 5.82636
    endloop
  endfacet
  facet normal 0.933694 0.0525458 -0.354197
    outer loop
      vertex 30.578 0.6323 5.65709
      vertex 30.15 0.725295 4.54264
      vertex 30.15 0.843325 4.56015
    endloop
  endfacet
  facet normal 0.93362 0.0870441 -0.347531
    outer loop
      vertex 30.578 0.6323 5.65709
      vertex 30.15 0.843325 4.56015
      vertex 30.15 0.95907 4.58914
    endloop
  endfacet
  facet normal 0.933837 0.208363 -0.290747
    outer loop
      vertex 30.5732 0.66429 5.65709
      vertex 30.15 1.28943 4.74584
      vertex 30.583 0.666235 5.68996
    endloop
  endfacet
  facet normal 0.933837 0.208356 -0.290752
    outer loop
      vertex 30.15 1.28943 4.74584
      vertex 30.5732 0.66429 5.65709
      vertex 30.15 1.28636 4.74364
    endloop
  endfacet
  facet normal 0.933745 0.213232 -0.287492
    outer loop
      vertex 30.583 0.666235 5.68996
      vertex 30.15 1.28943 4.74584
      vertex 30.15 1.38548 4.81708
    endloop
  endfacet
  facet normal 0.933665 0.287672 0.213342
    outer loop
      vertex 30.15 1.62837 6.46579
      vertex 30.15 1.55739 6.5615
      vertex 30.5749 0.698555 5.86004
    endloop
  endfacet
  facet normal 0.933637 0.265411 0.240581
    outer loop
      vertex 30.15 1.55739 6.5615
      vertex 30.15 1.47736 6.64979
      vertex 30.5749 0.698555 5.86004
    endloop
  endfacet
  facet normal 0.933745 0.213232 0.287492
    outer loop
      vertex 30.15 1.38548 6.73292
      vertex 30.15 1.28943 6.80416
      vertex 30.583 0.666235 5.86004
    endloop
  endfacet
  facet normal 0.970412 0.141489 0.195655
    outer loop
      vertex 30.5896 0.667542 5.82636
      vertex 30.583 0.666235 5.86004
      vertex 30.5945 0.633935 5.82636
    endloop
  endfacet
  facet normal 0.993858 0.0497881 -0.0988335
    outer loop
      vertex 30.5962 0.6 5.72364
      vertex 30.5945 0.633935 5.72364
      vertex 30.5996 0.6 5.75783
    endloop
  endfacet
  facet normal 0.93369 0.357649 0.0175937
    outer loop
      vertex 30.15 1.83876 5.77828
      vertex 30.15 1.83291 5.8972
      vertex 30.573 0.733778 5.79217
    endloop
  endfacet
  facet normal 0.933885 0.299873 -0.194769
    outer loop
      vertex 30.5749 0.698555 5.68996
      vertex 30.15 1.63137 5.08883
      vertex 30.5813 0.700499 5.72364
    endloop
  endfacet
  facet normal 0.933885 0.299894 -0.194736
    outer loop
      vertex 30.15 1.63137 5.08883
      vertex 30.5749 0.698555 5.68996
      vertex 30.15 1.62837 5.08421
    endloop
  endfacet
  facet normal 0.96507 -0.243046 0.0978184
    outer loop
      vertex 30.5896 0.532458 5.82636
      vertex 30.5813 0.499501 5.82636
      vertex 30.5929 0.531801 5.79217
    endloop
  endfacet
  facet normal 0.980071 -0.047123 0.192977
    outer loop
      vertex 30.5895 0.6 5.86004
      vertex 30.5879 0.566723 5.86004
      vertex 30.5945 0.566065 5.82636
    endloop
  endfacet
  facet normal 0.93369 -0.35765 0.0175697
    outer loop
      vertex 30.15 -0.632913 5.8972
      vertex 30.15 -0.638755 5.77828
      vertex 30.573 0.466222 5.79217
    endloop
  endfacet
  facet normal 0.984429 0.145051 -0.0992959
    outer loop
      vertex 30.5945 0.633935 5.72364
      vertex 30.5929 0.668199 5.75783
      vertex 30.5979 0.634265 5.75783
    endloop
  endfacet
  facet normal 0.998772 -0.0495524 0
    outer loop
      vertex 30.5979 0.565735 5.79217
      vertex 30.5996 0.6 5.75783
      vertex 30.5996 0.6 5.79217
    endloop
  endfacet
  facet normal 0.998772 -0.0495524 0
    outer loop
      vertex 30.5996 0.6 5.75783
      vertex 30.5979 0.565735 5.79217
      vertex 30.5979 0.565735 5.75783
    endloop
  endfacet
  facet normal 0.993834 0.0493074 -0.0993071
    outer loop
      vertex 30.5996 0.6 5.75783
      vertex 30.5945 0.633935 5.72364
      vertex 30.5979 0.634265 5.75783
    endloop
  endfacet
  facet normal 0.989318 -0.145771 0
    outer loop
      vertex 30.5929 0.531801 5.79217
      vertex 30.5979 0.565735 5.75783
      vertex 30.5979 0.565735 5.79217
    endloop
  endfacet
  facet normal 0.989318 -0.145771 0
    outer loop
      vertex 30.5979 0.565735 5.75783
      vertex 30.5929 0.531801 5.79217
      vertex 30.5929 0.531801 5.75783
    endloop
  endfacet
  facet normal 0.933745 -0.213231 0.287493
    outer loop
      vertex 30.15 -0.089426 6.80416
      vertex 30.15 -0.185477 6.73292
      vertex 30.583 0.533765 5.86004
    endloop
  endfacet
  facet normal 0.933866 -0.234044 0.270403
    outer loop
      vertex 30.15 -0.185477 6.73292
      vertex 30.5749 0.501445 5.86004
      vertex 30.583 0.533765 5.86004
    endloop
  endfacet
  facet normal 0.933868 -0.233934 0.270491
    outer loop
      vertex 30.5749 0.501445 5.86004
      vertex 30.15 -0.185477 6.73292
      vertex 30.15 -0.189073 6.72981
    endloop
  endfacet
  facet normal 0.955763 0.0443853 -0.290771
    outer loop
      vertex 30.5795 0.6 5.65709
      vertex 30.578 0.6323 5.65709
      vertex 30.5895 0.6 5.68996
    endloop
  endfacet
  facet normal 0.97053 0.144297 -0.193002
    outer loop
      vertex 30.5879 0.633278 5.68996
      vertex 30.583 0.666235 5.68996
      vertex 30.5945 0.633935 5.72364
    endloop
  endfacet
  facet normal 0.93371 0.307087 -0.184072
    outer loop
      vertex 30.5813 0.700499 5.72364
      vertex 30.15 1.63137 5.08883
      vertex 30.15 1.69281 5.19133
    endloop
  endfacet
  facet normal 0.933864 0.234165 -0.270306
    outer loop
      vertex 30.5749 0.698555 5.68996
      vertex 30.15 1.38548 4.81708
      vertex 30.15 1.38907 4.82019
    endloop
  endfacet
  facet normal 0.933866 0.234044 -0.270402
    outer loop
      vertex 30.15 1.38548 4.81708
      vertex 30.5749 0.698555 5.68996
      vertex 30.583 0.666235 5.68996
    endloop
  endfacet
  facet normal 0.980071 0.0471216 0.192976
    outer loop
      vertex 30.5945 0.633935 5.82636
      vertex 30.5879 0.633278 5.86004
      vertex 30.5895 0.6 5.86004
    endloop
  endfacet
  facet normal 0.980071 -0.047123 -0.192977
    outer loop
      vertex 30.5945 0.566065 5.72364
      vertex 30.5879 0.566723 5.68996
      vertex 30.5895 0.6 5.68996
    endloop
  endfacet
  facet normal 0.933876 0.138711 0.329597
    outer loop
      vertex 30.15 1.07142 6.92066
      vertex 30.5732 0.66429 5.89291
      vertex 30.15 1.0766 6.91848
    endloop
  endfacet
  facet normal 0.933865 0.140123 0.329032
    outer loop
      vertex 30.5732 0.66429 5.89291
      vertex 30.15 1.07142 6.92066
      vertex 30.578 0.6323 5.89291
    endloop
  endfacet
  facet normal 0.946274 0.141985 0.290528
    outer loop
      vertex 30.583 0.666235 5.86004
      vertex 30.5732 0.66429 5.89291
      vertex 30.578 0.6323 5.89291
    endloop
  endfacet
  facet normal 0.933693 0.323695 0.153098
    outer loop
      vertex 30.15 1.7439 6.25065
      vertex 30.15 1.69281 6.35867
      vertex 30.5813 0.700499 5.82636
    endloop
  endfacet
  facet normal 0.93371 0.307087 0.184072
    outer loop
      vertex 30.15 1.69281 6.35867
      vertex 30.15 1.63137 6.46117
      vertex 30.5813 0.700499 5.82636
    endloop
  endfacet
  facet normal 0.933816 0.0458567 0.354802
    outer loop
      vertex 30.15 0.71926 7.00814
      vertex 30.578 0.6323 5.89291
      vertex 30.15 0.725295 7.00736
    endloop
  endfacet
  facet normal 0.933856 0.0433679 0.355011
    outer loop
      vertex 30.578 0.6323 5.89291
      vertex 30.15 0.71926 7.00814
      vertex 30.5795 0.6 5.89291
    endloop
  endfacet
  facet normal 0.933672 0.017576 0.357698
    outer loop
      vertex 30.15 0.71926 7.00814
      vertex 30.15 0.6 7.014
      vertex 30.5795 0.6 5.89291
    endloop
  endfacet
  facet normal 0.9796 0.0490738 0.194873
    outer loop
      vertex 30.5945 0.633935 5.82636
      vertex 30.5895 0.6 5.86004
      vertex 30.5962 0.6 5.82636
    endloop
  endfacet
  facet normal 0.9796 -0.0490738 0.194873
    outer loop
      vertex 30.5962 0.6 5.82636
      vertex 30.5895 0.6 5.86004
      vertex 30.5945 0.566065 5.82636
    endloop
  endfacet
  facet normal 0.964989 0.243582 0.0972854
    outer loop
      vertex 30.5845 0.701477 5.79217
      vertex 30.5813 0.700499 5.82636
      vertex 30.5929 0.668199 5.79217
    endloop
  endfacet
  facet normal 0.937577 0.333802 -0.0975946
    outer loop
      vertex 30.5845 0.701477 5.75783
      vertex 30.5699 0.732489 5.72364
      vertex 30.573 0.733778 5.75783
    endloop
  endfacet
  facet normal 0.933736 0.347241 0.0869532
    outer loop
      vertex 30.15 1.81544 6.01496
      vertex 30.15 1.78652 6.13045
      vertex 30.573 0.733778 5.79217
    endloop
  endfacet
  facet normal 0.93387 -0.332795 0.130899
    outer loop
      vertex 30.15 -0.5439 6.25065
      vertex 30.5699 0.467511 5.82636
      vertex 30.5813 0.499501 5.82636
    endloop
  endfacet
  facet normal 0.933834 -0.334254 0.127386
    outer loop
      vertex 30.5699 0.467511 5.82636
      vertex 30.15 -0.5439 6.25065
      vertex 30.15 -0.544727 6.24848
    endloop
  endfacet
  facet normal 0.933734 -0.33704 0.120606
    outer loop
      vertex 30.15 -0.544727 6.24848
      vertex 30.15 -0.58478 6.13655
      vertex 30.5699 0.467511 5.82636
    endloop
  endfacet
  facet normal 0.93369 -0.35765 -0.0175697
    outer loop
      vertex 30.573 0.466222 5.75783
      vertex 30.15 -0.638755 5.77172
      vertex 30.15 -0.632913 5.6528
    endloop
  endfacet
  facet normal 0.933656 -0.354294 0.0525574
    outer loop
      vertex 30.15 -0.615444 6.01496
      vertex 30.15 -0.632913 5.8972
      vertex 30.573 0.466222 5.79217
    endloop
  endfacet
  facet normal 0.933736 -0.347236 0.0869758
    outer loop
      vertex 30.15 -0.586516 6.13045
      vertex 30.15 -0.615444 6.01496
      vertex 30.573 0.466222 5.79217
    endloop
  endfacet
  facet normal 0.933656 -0.354294 -0.0525574
    outer loop
      vertex 30.573 0.466222 5.75783
      vertex 30.15 -0.632913 5.6528
      vertex 30.15 -0.615444 5.53504
    endloop
  endfacet
  facet normal 0.933736 -0.347236 -0.0869758
    outer loop
      vertex 30.573 0.466222 5.75783
      vertex 30.15 -0.615444 5.53504
      vertex 30.15 -0.586516 5.41955
    endloop
  endfacet
  facet normal 0.946814 0.140771 -0.289356
    outer loop
      vertex 30.5879 0.633278 5.68996
      vertex 30.578 0.6323 5.65709
      vertex 30.583 0.666235 5.68996
    endloop
  endfacet
  facet normal 0.933839 0.334089 -0.127785
    outer loop
      vertex 30.5699 0.732489 5.72364
      vertex 30.15 1.7439 5.29935
      vertex 30.15 1.74473 5.30152
    endloop
  endfacet
  facet normal 0.93387 0.332795 -0.130899
    outer loop
      vertex 30.15 1.7439 5.29935
      vertex 30.5699 0.732489 5.72364
      vertex 30.5813 0.700499 5.72364
    endloop
  endfacet
  facet normal 0.956123 -0.0459716 -0.289338
    outer loop
      vertex 30.5879 0.566723 5.68996
      vertex 30.578 0.5677 5.65709
      vertex 30.5895 0.6 5.68996
    endloop
  endfacet
  facet normal 0.984429 -0.145051 -0.0992959
    outer loop
      vertex 30.5979 0.565735 5.75783
      vertex 30.5929 0.531801 5.75783
      vertex 30.5945 0.566065 5.72364
    endloop
  endfacet
  facet normal 0.984792 -0.143586 -0.0978108
    outer loop
      vertex 30.5929 0.531801 5.75783
      vertex 30.5896 0.532458 5.72364
      vertex 30.5945 0.566065 5.72364
    endloop
  endfacet
  facet normal 0.993834 -0.0493074 -0.0993071
    outer loop
      vertex 30.5979 0.565735 5.75783
      vertex 30.5945 0.566065 5.72364
      vertex 30.5996 0.6 5.75783
    endloop
  endfacet
  facet normal 0.993858 -0.0497881 -0.0988335
    outer loop
      vertex 30.5996 0.6 5.75783
      vertex 30.5945 0.566065 5.72364
      vertex 30.5962 0.6 5.72364
    endloop
  endfacet
  facet normal 0.993834 -0.0493074 0.0993071
    outer loop
      vertex 30.5996 0.6 5.79217
      vertex 30.5945 0.566065 5.82636
      vertex 30.5979 0.565735 5.79217
    endloop
  endfacet
  facet normal 0.984429 -0.145051 0.0992959
    outer loop
      vertex 30.5945 0.566065 5.82636
      vertex 30.5929 0.531801 5.79217
      vertex 30.5979 0.565735 5.79217
    endloop
  endfacet
  facet normal 0.946816 -0.140767 0.289352
    outer loop
      vertex 30.5879 0.566723 5.86004
      vertex 30.578 0.5677 5.89291
      vertex 30.583 0.533765 5.86004
    endloop
  endfacet
  facet normal 0.97053 -0.144293 0.193006
    outer loop
      vertex 30.5879 0.566723 5.86004
      vertex 30.583 0.533765 5.86004
      vertex 30.5945 0.566065 5.82636
    endloop
  endfacet
  facet normal 0.933833 -0.208734 0.290492
    outer loop
      vertex 30.15 -0.089426 6.80416
      vertex 30.5732 0.53571 5.89291
      vertex 30.15 -0.0863643 6.80636
    endloop
  endfacet
  facet normal 0.933836 -0.208364 0.290747
    outer loop
      vertex 30.5732 0.53571 5.89291
      vertex 30.15 -0.089426 6.80416
      vertex 30.583 0.533765 5.86004
    endloop
  endfacet
  facet normal 0.946274 -0.141985 0.290528
    outer loop
      vertex 30.578 0.5677 5.89291
      vertex 30.5732 0.53571 5.89291
      vertex 30.583 0.533765 5.86004
    endloop
  endfacet
  facet normal 0.942075 0.335403 0
    outer loop
      vertex 30.5845 0.701477 5.79217
      vertex 30.573 0.733778 5.75783
      vertex 30.573 0.733778 5.79217
    endloop
  endfacet
  facet normal 0.942075 0.335403 0
    outer loop
      vertex 30.573 0.733778 5.75783
      vertex 30.5845 0.701477 5.79217
      vertex 30.5845 0.701477 5.75783
    endloop
  endfacet
  facet normal 0.993858 0.0497881 0.0988335
    outer loop
      vertex 30.5996 0.6 5.79217
      vertex 30.5945 0.633935 5.82636
      vertex 30.5962 0.6 5.82636
    endloop
  endfacet
  facet normal 0.946814 0.140771 0.289356
    outer loop
      vertex 30.583 0.666235 5.86004
      vertex 30.578 0.6323 5.89291
      vertex 30.5879 0.633278 5.86004
    endloop
  endfacet
  facet normal 0.933671 0.184143 0.307165
    outer loop
      vertex 30.15 1.28636 6.80636
      vertex 30.15 1.18424 6.86758
      vertex 30.5732 0.66429 5.89291
    endloop
  endfacet
  facet normal 0.93368 0.153086 0.323737
    outer loop
      vertex 30.15 1.18424 6.86758
      vertex 30.15 1.0766 6.91848
      vertex 30.5732 0.66429 5.89291
    endloop
  endfacet
  facet normal 0.998772 0.0495524 0
    outer loop
      vertex 30.5996 0.6 5.79217
      vertex 30.5979 0.634265 5.75783
      vertex 30.5979 0.634265 5.79217
    endloop
  endfacet
  facet normal 0.998772 0.0495524 0
    outer loop
      vertex 30.5979 0.634265 5.75783
      vertex 30.5996 0.6 5.79217
      vertex 30.5996 0.6 5.75783
    endloop
  endfacet
  facet normal 0.989318 0.145771 0
    outer loop
      vertex 30.5979 0.634265 5.79217
      vertex 30.5929 0.668199 5.75783
      vertex 30.5929 0.668199 5.79217
    endloop
  endfacet
  facet normal 0.989318 0.145771 0
    outer loop
      vertex 30.5929 0.668199 5.75783
      vertex 30.5979 0.634265 5.79217
      vertex 30.5979 0.634265 5.75783
    endloop
  endfacet
  facet normal 0.969588 0.244742 0
    outer loop
      vertex 30.5929 0.668199 5.79217
      vertex 30.5845 0.701477 5.75783
      vertex 30.5845 0.701477 5.79217
    endloop
  endfacet
  facet normal 0.969588 0.244742 0
    outer loop
      vertex 30.5845 0.701477 5.75783
      vertex 30.5929 0.668199 5.79217
      vertex 30.5929 0.668199 5.75783
    endloop
  endfacet
  facet normal 0.964989 -0.243582 -0.0972854
    outer loop
      vertex 30.5845 0.498523 5.75783
      vertex 30.5813 0.499501 5.72364
      vertex 30.5929 0.531801 5.75783
    endloop
  endfacet
  facet normal 0.980071 0.0471216 -0.192976
    outer loop
      vertex 30.5895 0.6 5.68996
      vertex 30.5879 0.633278 5.68996
      vertex 30.5945 0.633935 5.72364
    endloop
  endfacet
  facet normal 0.956122 0.0459702 -0.289339
    outer loop
      vertex 30.5895 0.6 5.68996
      vertex 30.578 0.6323 5.65709
      vertex 30.5879 0.633278 5.68996
    endloop
  endfacet
  facet normal 0.97053 -0.144293 -0.193006
    outer loop
      vertex 30.5945 0.566065 5.72364
      vertex 30.583 0.533765 5.68996
      vertex 30.5879 0.566723 5.68996
    endloop
  endfacet
  facet normal 0.946816 -0.140767 -0.289352
    outer loop
      vertex 30.583 0.533765 5.68996
      vertex 30.578 0.5677 5.65709
      vertex 30.5879 0.566723 5.68996
    endloop
  endfacet
  facet normal 0.950979 0.239498 -0.19565
    outer loop
      vertex 30.583 0.666235 5.68996
      vertex 30.5813 0.700499 5.72364
      vertex 30.5896 0.667542 5.72364
    endloop
  endfacet
  facet normal 0.96507 0.243046 -0.0978184
    outer loop
      vertex 30.5896 0.667542 5.72364
      vertex 30.5813 0.700499 5.72364
      vertex 30.5929 0.668199 5.75783
    endloop
  endfacet
  facet normal 0.984429 0.145051 0.0992959
    outer loop
      vertex 30.5979 0.634265 5.79217
      vertex 30.5929 0.668199 5.79217
      vertex 30.5945 0.633935 5.82636
    endloop
  endfacet
  facet normal 0.984792 0.143586 0.0978108
    outer loop
      vertex 30.5929 0.668199 5.79217
      vertex 30.5896 0.667542 5.82636
      vertex 30.5945 0.633935 5.82636
    endloop
  endfacet
endsolid OpenSCAD_Model
